frame,timestamp_ms,pose_detected,lm_0_x,lm_0_y,lm_0_z,lm_0_visibility,lm_0_presence,lm_1_x,lm_1_y,lm_1_z,lm_1_visibility,lm_1_presence,lm_2_x,lm_2_y,lm_2_z,lm_2_visibility,lm_2_presence,lm_3_x,lm_3_y,lm_3_z,lm_3_visibility,lm_3_presence,lm_4_x,lm_4_y,lm_4_z,lm_4_visibility,lm_4_presence,lm_5_x,lm_5_y,lm_5_z,lm_5_visibility,lm_5_presence,lm_6_x,lm_6_y,lm_6_z,lm_6_visibility,lm_6_presence,lm_7_x,lm_7_y,lm_7_z,lm_7_visibility,lm_7_presence,lm_8_x,lm_8_y,lm_8_z,lm_8_visibility,lm_8_presence,lm_9_x,lm_9_y,lm_9_z,lm_9_visibility,lm_9_presence,lm_10_x,lm_10_y,lm_10_z,lm_10_visibility,lm_10_presence,lm_11_x,lm_11_y,lm_11_z,lm_11_visibility,lm_11_presence,lm_12_x,lm_12_y,lm_12_z,lm_12_visibility,lm_12_presence,lm_13_x,lm_13_y,lm_13_z,lm_13_visibility,lm_13_presence,lm_14_x,lm_14_y,lm_14_z,lm_14_visibility,lm_14_presence,lm_15_x,lm_15_y,lm_15_z,lm_15_visibility,lm_15_presence,lm_16_x,lm_16_y,lm_16_z,lm_16_visibility,lm_16_presence,lm_17_x,lm_17_y,lm_17_z,lm_17_visibility,lm_17_presence,lm_18_x,lm_18_y,lm_18_z,lm_18_visibility,lm_18_presence,lm_19_x,lm_19_y,lm_19_z,lm_19_visibility,lm_19_presence,lm_20_x,lm_20_y,lm_20_z,lm_20_visibility,lm_20_presence,lm_21_x,lm_21_y,lm_21_z,lm_21_visibility,lm_21_presence,lm_22_x,lm_22_y,lm_22_z,lm_22_visibility,lm_22_presence,lm_23_x,lm_23_y,lm_23_z,lm_23_visibility,lm_23_presence,lm_24_x,lm_24_y,lm_24_z,lm_24_visibility,lm_24_presence,lm_25_x,lm_25_y,lm_25_z,lm_25_visibility,lm_25_presence,lm_26_x,lm_26_y,lm_26_z,lm_26_visibility,lm_26_presence,lm_27_x,lm_27_y,lm_27_z,lm_27_visibility,lm_27_presence,lm_28_x,lm_28_y,lm_28_z,lm_28_visibility,lm_28_presence,lm_29_x,lm_29_y,lm_29_z,lm_29_visibility,lm_29_presence,lm_30_x,lm_30_y,lm_30_z,lm_30_visibility,lm_30_presence,lm_31_x,lm_31_y,lm_31_z,lm_31_visibility,lm_31_presence,lm_32_x,lm_32_y,lm_32_z,lm_32_visibility,lm_32_presence
0,0,True,0.46495404839515686,0.2245839536190033,-0.012665263377130032,0.9992177486419678,0.9989258646965027,0.46621060371398926,0.21936973929405212,0.004832113161683083,0.9991191029548645,0.999171257019043,0.46571457386016846,0.21976825594902039,0.004705043975263834,0.9988681077957153,0.9991527795791626,0.46516355872154236,0.21998682618141174,0.004499976057559252,0.9992489218711853,0.9991276860237122,0.46496158838272095,0.21860861778259277,-0.04306217283010483,0.9995761513710022,0.9991437196731567,0.4634798765182495,0.21841660141944885,-0.043292075395584106,0.9995817542076111,0.9991305470466614,0.4619831442832947,0.21803376078605652,-0.043291836977005005,0.9995373487472534,0.9990509152412415,0.45122066140174866,0.2231944352388382,0.07973963022232056,0.9994534850120544,0.9991662502288818,0.44668540358543396,0.2203521430492401,-0.14017455279827118,0.9994995594024658,0.9990155696868896,0.45708754658699036,0.23204290866851807,0.019524192437529564,0.9979276657104492,0.9956246018409729,0.45606982707977295,0.23041591048240662,-0.04348094016313553,0.9981142282485962,0.9956757426261902,0.41918978095054626,0.25064319372177124,0.18680629134178162,0.9958251714706421,0.9967284202575684,0.41724443435668945,0.23655018210411072,-0.28141650557518005,0.9989227652549744,0.9984487295150757,0.43958014249801636,0.2366156280040741,0.30932798981666565,0.046582166105508804,0.9968277812004089,0.46284592151641846,0.19243650138378143,-0.33291906118392944,0.9626179337501526,0.9990756511688232,0.4580358862876892,0.2374802827835083,0.34937936067581177,0.06422587484121323,0.9879249334335327,0.4631040692329407,0.16878271102905273,-0.20859473943710327,0.7905364632606506,0.9928119778633118,0.46304866671562195,0.23956158757209778,0.36923569440841675,0.07925887405872345,0.9831384420394897,0.4752659797668457,0.16518183052539825,-0.2248961329460144,0.714523434638977,0.9863066673278809,0.4594510793685913,0.24012915790081024,0.3325534462928772,0.08122852444648743,0.9802923798561096,0.4752783477306366,0.16567277908325195,-0.20385703444480896,0.7022830247879028,0.9851585030555725,0.45714762806892395,0.2384597510099411,0.33025282621383667,0.0901479497551918,0.983451247215271,0.45468491315841675,0.17027302086353302,-0.1974988877773285,0.7033092379570007,0.9880942702293396,0.3428897261619568,0.366325706243515,0.13908661901950836,0.9994276165962219,0.9995244741439819,0.334285706281662,0.3588111400604248,-0.1391875147819519,0.9996335506439209,0.9996908903121948,0.26875266432762146,0.40515321493148804,0.20762760937213898,0.32522547245025635,0.9879535436630249,0.23935358226299286,0.40846672654151917,-0.11474969983100891,0.9157736301422119,0.9921234250068665,0.161554753780365,0.33833733201026917,0.3625979423522949,0.30923718214035034,0.988115668296814,0.1505630910396576,0.3414001166820526,0.026220815256237984,0.8867699503898621,0.992746889591217,0.15409493446350098,0.3232291340827942,0.3784485161304474,0.46175429224967957,0.987700343132019,0.15250948071479797,0.3227953314781189,0.043073203414678574,0.8964699506759644,0.9936310648918152,0.11993543058633804,0.3352482318878174,0.3734758496284485,0.44880351424217224,0.9870282411575317,0.09959004819393158,0.3418818712234497,0.02054516039788723,0.8778576254844666,0.9905875325202942
1,34,True,0.4651966392993927,0.23209181427955627,-0.0005275557632558048,0.999239981174469,0.9995850920677185,0.46411949396133423,0.2257479727268219,0.022664256393909454,0.9991161227226257,0.9996155500411987,0.46294060349464417,0.22578755021095276,0.022582359611988068,0.9988906979560852,0.999602735042572,0.4614446759223938,0.22562220692634583,0.022418377920985222,0.9992409944534302,0.9995781779289246,0.4633168578147888,0.22556822001934052,-0.027393950149416924,0.9995855093002319,0.99958735704422,0.4615875780582428,0.2253999263048172,-0.027564091607928276,0.9995987415313721,0.9995644688606262,0.459652841091156,0.22498483955860138,-0.027507100254297256,0.9995468258857727,0.9995089769363403,0.44549331068992615,0.22741921246051788,0.10724080353975296,0.999456524848938,0.99949049949646,0.4435940086841583,0.2259964644908905,-0.12305348366498947,0.9995099902153015,0.9992792010307312,0.4573124349117279,0.23709794878959656,0.033255934715270996,0.997908890247345,0.9976686835289001,0.4565639793872833,0.23652133345603943,-0.032646749168634415,0.9981197714805603,0.9975535273551941,0.4183586537837982,0.25324195623397827,0.19917115569114685,0.9958605766296387,0.9980109333992004,0.4180254340171814,0.24310114979743958,-0.2639138698577881,0.9989223480224609,0.9983698725700378,0.4480375647544861,0.21193376183509827,0.26286765933036804,0.05503075569868088,0.9997279047966003,0.473219096660614,0.1967184990644455,-0.30673858523368835,0.9636207222938538,0.9995829463005066,0.476581871509552,0.18339316546916962,0.24667568504810333,0.08113079518079758,0.9978541731834412,0.49247899651527405,0.16776368021965027,-0.23318412899971008,0.8000471591949463,0.9956396818161011,0.47550904750823975,0.1803601086139679,0.251647025346756,0.09697282314300537,0.9959463477134705,0.4859526753425598,0.16449633240699768,-0.2529168725013733,0.7291823029518127,0.9920112490653992,0.4748147428035736,0.18116828799247742,0.2375219315290451,0.09807545691728592,0.9954581260681152,0.4838598966598511,0.16524063050746918,-0.24469450116157532,0.7176617980003357,0.991572380065918,0.4755568206310272,0.1819165199995041,0.2351328730583191,0.1060863807797432,0.9965403079986572,0.4827137887477875,0.1675342470407486,-0.2268427312374115,0.7174689769744873,0.9932548403739929,0.3478822112083435,0.36447224020957947,0.14105072617530823,0.9994529485702515,0.9995607733726501,0.3438037931919098,0.3585524559020996,-0.14118972420692444,0.9996460676193237,0.9995903372764587,0.2687631845474243,0.40450048446655273,0.175473153591156,0.3436644673347473,0.9966748952865601,0.2460082322359085,0.41316595673561096,-0.17521889507770538,0.9191041588783264,0.9962114095687866,0.16778825223445892,0.3383820354938507,0.3061152696609497,0.3341295123100281,0.9962444305419922,0.1561429798603058,0.3421587646007538,-0.020501138642430305,0.8917976021766663,0.9972957968711853,0.15966609120368958,0.3236611485481262,0.3172568082809448,0.48782235383987427,0.9957869648933411,0.15536294877529144,0.32294410467147827,-0.0032132496125996113,0.9017065167427063,0.997459352016449,0.13047447800636292,0.33681875467300415,0.3008582293987274,0.47296348214149475,0.9954861998558044,0.11571622639894485,0.3420076072216034,-0.03780437633395195,0.8832847476005554,0.9963118433952332
2,68,True,0.466755747795105,0.23826920986175537,-0.004645421169698238,0.9991902709007263,0.9989878535270691,0.4643321931362152,0.2330774962902069,0.017812436446547508,0.9990257620811462,0.9990794658660889,0.46317943930625916,0.23301224410533905,0.017754854634404182,0.998803436756134,0.9990414977073669,0.46169140934944153,0.2327103316783905,0.01761722005903721,0.9991509914398193,0.9989774227142334,0.4634130597114563,0.23295530676841736,-0.029177039861679077,0.999565601348877,0.9990573525428772,0.4616241455078125,0.23271748423576355,-0.029364826157689095,0.9995887279510498,0.9990259408950806,0.45967918634414673,0.23220567405223846,-0.029324548318982124,0.9995246529579163,0.9989233613014221,0.4464993476867676,0.23418478667736053,0.09300190955400467,0.9993994235992432,0.9987457990646362,0.4436222016811371,0.2330354005098343,-0.11423797905445099,0.9994849562644958,0.9985308647155762,0.46136924624443054,0.24232518672943115,0.025215353816747665,0.9976705312728882,0.9938116073608398,0.460061639547348,0.24207468330860138,-0.03328784927725792,0.9979226589202881,0.9937843084335327,0.4239467978477478,0.2577868103981018,0.1590646356344223,0.9952033162117004,0.994807779788971,0.4208994209766388,0.24812424182891846,-0.23936878144741058,0.9988037943840027,0.9961309432983398,0.4572494924068451,0.21108515560626984,0.19057510793209076,0.05915144830942154,0.9993606209754944,0.47886383533477783,0.20130832493305206,-0.2786426246166229,0.9626461863517761,0.9990909099578857,0.48918482661247253,0.18381009995937347,0.17888928949832916,0.08922182023525238,0.9948010444641113,0.49604588747024536,0.17124967277050018,-0.22821731865406036,0.7995193600654602,0.991940975189209,0.4873063862323761,0.18163993954658508,0.18031959235668182,0.10633265972137451,0.9905984997749329,0.4885866045951843,0.16977408528327942,-0.24490006268024445,0.7324221134185791,0.9864656329154968,0.4853493273258209,0.18206021189689636,0.16556201875209808,0.10701661556959152,0.98915696144104,0.48603978753089905,0.17060866951942444,-0.23549045622348785,0.7213220000267029,0.9851415157318115,0.4861880838871002,0.18258926272392273,0.16714762151241302,0.11466134339570999,0.9915255904197693,0.4873301684856415,0.17102716863155365,-0.22411943972110748,0.7200455069541931,0.9873839616775513,0.366965651512146,0.3642881214618683,0.13008823990821838,0.9994713068008423,0.9994439482688904,0.3537505865097046,0.35894086956977844,-0.1303424835205078,0.9996542930603027,0.9994638562202454,0.2722168266773224,0.4107930064201355,0.128698468208313,0.3493053913116455,0.9942046999931335,0.25101688504219055,0.41968220472335815,-0.16669517755508423,0.9210501313209534,0.994279146194458,0.18059378862380981,0.3449137806892395,0.2600994110107422,0.3425869345664978,0.9945119619369507,0.16369260847568512,0.34472593665122986,-0.023427274078130722,0.8942107558250427,0.9959866404533386,0.17487911880016327,0.32917723059654236,0.2718745470046997,0.5019288063049316,0.9938832521438599,0.16439694166183472,0.326816201210022,-0.007337503135204315,0.9055979251861572,0.9962347149848938,0.14489993453025818,0.33918297290802,0.259533166885376,0.48103466629981995,0.9936443567276001,0.12527702748775482,0.3449243903160095,-0.03856811672449112,0.8855248093605042,0.9947605729103088
3,102,True,0.4779384136199951,0.24276097118854523,-0.03444322943687439,0.9991766810417175,0.9993008375167847,0.47290632128715515,0.2390204221010208,-0.011012470349669456,0.9990053176879883,0.9994319081306458,0.4723830223083496,0.23924116790294647,-0.011068596504628658,0.9987956285476685,0.9994180202484131,0.47154533863067627,0.23925964534282684,-0.011186803691089153,0.9991434216499329,0.9993902444839478,0.4702290892601013,0.23860740661621094,-0.04840606451034546,0.9995608925819397,0.9994261264801025,0.46767523884773254,0.2384500801563263,-0.04858611524105072,0.9995914101600647,0.9994188547134399,0.46480366587638855,0.23807570338249207,-0.048531316220760345,0.9995213150978088,0.9993842840194702,0.45877012610435486,0.24235010147094727,0.07698361575603485,0.9993963241577148,0.9993698000907898,0.4484175443649292,0.24001197516918182,-0.10608226805925369,0.9994910955429077,0.9993317723274231,0.4749138355255127,0.2478712499141693,-0.0010465097147971392,0.9976734519004822,0.9975075721740723,0.47136831283569336,0.24724623560905457,-0.049322910606861115,0.9978927969932556,0.9975252747535706,0.44426679611206055,0.26954197883605957,0.15383483469486237,0.9953352808952332,0.9983994364738464,0.4274336099624634,0.2548105716705322,-0.2291235625743866,0.9988524913787842,0.9992372989654541,0.4606840908527374,0.24739059805870056,0.20195020735263824,0.06694773584604263,0.9994677901268005,0.48049718141555786,0.21028146147727966,-0.280450701713562,0.964422881603241,0.9997269511222839,0.47365638613700867,0.23720164597034454,0.19383807480335236,0.09897774457931519,0.9971299767494202,0.49802669882774353,0.1741020381450653,-0.22603191435337067,0.808287501335144,0.9969913959503174,0.4690021872520447,0.23781390488147736,0.19615104794502258,0.11649137735366821,0.9952606558799744,0.4950844347476959,0.1697062849998474,-0.24588479101657867,0.7435766458511353,0.9937782287597656,0.46337974071502686,0.23702964186668396,0.17262797057628632,0.11716894805431366,0.9945255517959595,0.4919547140598297,0.1704629808664322,-0.23122166097164154,0.7328264117240906,0.993094801902771,0.4649510681629181,0.23569440841674805,0.17916999757289886,0.12480609863996506,0.9957020878791809,0.4941110908985138,0.171429842710495,-0.22005563974380493,0.7313367128372192,0.9946926236152649,0.3817164897918701,0.3667023181915283,0.12414377927780151,0.9995093941688538,0.9997367262840271,0.3611769676208496,0.35983431339263916,-0.12441097944974899,0.9996767640113831,0.9997925162315369,0.27727261185646057,0.41636982560157776,0.1349298655986786,0.3529295325279236,0.9946889877319336,0.25649943947792053,0.41987913846969604,-0.162491112947464,0.9219837784767151,0.9954748749732971,0.19264589250087738,0.36320313811302185,0.29204297065734863,0.336618036031723,0.994049072265625,0.17544513940811157,0.35787561535835266,0.012015732005238533,0.890571653842926,0.9956732392311096,0.18570101261138916,0.34547415375709534,0.306135356426239,0.5008839964866638,0.9935437440872192,0.17307740449905396,0.33837491273880005,0.032164230942726135,0.9055433869361877,0.9958719611167908,0.1438695639371872,0.3575112223625183,0.2937971353530884,0.47343337535858154,0.9929094910621643,0.12826962769031525,0.3596845269203186,0.012058430351316929,0.8821249008178711,0.9941957592964172
4,136,True,0.48551318049430847,0.24857278168201447,0.10160664469003677,0.9992008209228516,0.9997983574867249,0.4796607196331024,0.24487490952014923,0.12826691567897797,0.9990365505218506,0.9998040795326233,0.47919079661369324,0.24520306289196014,0.12829828262329102,0.9988452792167664,0.9997953772544861,0.4784579873085022,0.24530315399169922,0.1282760202884674,0.9991844892501831,0.9997846484184265,0.47785940766334534,0.2428360879421234,0.0915568470954895,0.9995768666267395,0.9998385906219482,0.47568371891975403,0.24241586029529572,0.09128417074680328,0.9996132850646973,0.9998544454574585,0.4732118248939514,0.2417144477367401,0.09131410717964172,0.9995447397232056,0.9998596906661987,0.46716171503067017,0.24796798825263977,0.21493473649024963,0.9994252920150757,0.9998266100883484,0.45732539892196655,0.24444036185741425,0.045881204307079315,0.9995238780975342,0.9999003410339355,0.4824710488319397,0.25389987230300903,0.13152572512626648,0.997784435749054,0.9996200799942017,0.4797901511192322,0.25258585810661316,0.08383100479841232,0.997994601726532,0.9996988773345947,0.4548691213130951,0.27739328145980835,0.28602099418640137,0.9957274794578552,0.9997523427009583,0.4414362907409668,0.25936418771743774,-0.10137583315372467,0.9989615678787231,0.9999734163284302,0.45570945739746094,0.2971342206001282,0.34380561113357544,0.06858228147029877,0.9996849298477173,0.48388412594795227,0.21174557507038116,-0.15375536680221558,0.966841459274292,0.9999819993972778,0.4351319968700409,0.31660541892051697,0.35187211632728577,0.0979786291718483,0.9991962313652039,0.495819091796875,0.18316583335399628,-0.001108606462366879,0.8115290403366089,0.999690055847168,0.4300821125507355,0.32340723276138306,0.37025633454322815,0.11519328504800797,0.9989781379699707,0.4948391020298004,0.17915655672550201,-0.010378384031355381,0.7436296343803406,0.9990787506103516,0.42407530546188354,0.324424684047699,0.3379826545715332,0.11599953472614288,0.9987370371818542,0.49132299423217773,0.1829739511013031,0.015614602714776993,0.732375979423523,0.9988841414451599,0.4249539375305176,0.32096001505851746,0.335469514131546,0.12334044277667999,0.9989778995513916,0.49156397581100464,0.1839762032032013,0.009699571877717972,0.7317507863044739,0.999295711517334,0.39422309398651123,0.36930474638938904,0.12564034759998322,0.9995567202568054,0.9999592304229736,0.3691893219947815,0.3612351417541504,-0.12587930262088776,0.999707818031311,0.9999860525131226,0.29016050696372986,0.42208606004714966,0.0926252081990242,0.3667444586753845,0.9983465671539307,0.26785293221473694,0.4220210611820221,-0.1814495027065277,0.9255506992340088,0.9994113445281982,0.1884903609752655,0.37983742356300354,0.14050957560539246,0.35310083627700806,0.9990535378456116,0.16992372274398804,0.3730490505695343,-0.1850040704011917,0.897240161895752,0.9993576407432556,0.18218053877353668,0.36615318059921265,0.14572611451148987,0.521809995174408,0.9990233182907104,0.15216492116451263,0.35200387239456177,-0.18404583632946014,0.9113088250160217,0.9992786049842834,0.13894666731357574,0.38034725189208984,0.12630468606948853,0.49340206384658813,0.9985210299491882,0.11885570734739304,0.3749019503593445,-0.2368340790271759,0.8896264433860779,0.9986151456832886
5,170,True,0.491188645362854,0.24973109364509583,0.05657177045941353,0.9992454051971436,0.999910831451416,0.48567166924476624,0.24603982269763947,0.08250311017036438,0.9990856647491455,0.9999109506607056,0.4852636456489563,0.24647827446460724,0.08254615217447281,0.9989076852798462,0.9999021291732788,0.4846223294734955,0.24680784344673157,0.08250090479850769,0.9992334842681885,0.9998910427093506,0.4839172065258026,0.2448483407497406,0.043198149651288986,0.999599814414978,0.9999306201934814,0.4820868968963623,0.2445949763059616,0.04296647757291794,0.9996378421783447,0.9999364614486694,0.47998401522636414,0.2442135363817215,0.04298745095729828,0.9995728731155396,0.9999392032623291,0.47330242395401,0.25032293796539307,0.17176255583763123,0.9994569420814514,0.9999042749404907,0.4661775231361389,0.24693593382835388,-0.0060518160462379456,0.9995577931404114,0.9999539852142334,0.48839518427848816,0.25618311762809753,0.08807608485221863,0.9979101419448853,0.9998358488082886,0.4860292971134186,0.25463515520095825,0.036741647869348526,0.9981126189231873,0.9998784065246582,0.461553692817688,0.28303515911102295,0.2557806372642517,0.9960906505584717,0.9998624324798584,0.4494536519050598,0.2659568786621094,-0.1565190851688385,0.9990592002868652,0.9999847412109375,0.4552876353263855,0.3028545677661896,0.31351596117019653,0.07103797793388367,0.9997749924659729,0.4847739040851593,0.21667441725730896,-0.15830062329769135,0.9696143269538879,0.9999831914901733,0.4290022552013397,0.3231852948665619,0.30773645639419556,0.10085821151733398,0.9991224408149719,0.4957096576690674,0.1824282556772232,-0.15591491758823395,0.8245416283607483,0.9993606209754944,0.4229046404361725,0.3298957347869873,0.31929296255111694,0.11859257519245148,0.9989352822303772,0.4972493052482605,0.1780758798122406,-0.19916477799415588,0.7577646374702454,0.9983298182487488,0.4173882305622101,0.33016932010650635,0.2801230847835541,0.11971553415060043,0.9987055063247681,0.493489146232605,0.17977792024612427,-0.15764492750167847,0.7465783357620239,0.9980841875076294,0.41899731755256653,0.3267894387245178,0.28717365860939026,0.12706580758094788,0.9989107847213745,0.4928382337093353,0.18210621178150177,-0.14730601012706757,0.7463767528533936,0.9987196922302246,0.3971267640590668,0.3726079761981964,0.13300684094429016,0.9995983839035034,0.9999608993530273,0.37798207998275757,0.36486923694610596,-0.13314901292324066,0.999735414981842,0.9999864101409912,0.3022603690624237,0.4238833487033844,0.1178484782576561,0.38321825861930847,0.999204695224762,0.2848641574382782,0.424851655960083,-0.1758493036031723,0.9302066564559937,0.9997015595436096,0.1861737072467804,0.3978394567966461,0.17359797656536102,0.382466584444046,0.9994655251502991,0.16846570372581482,0.3962671160697937,-0.1744023859500885,0.9057470560073853,0.9996576309204102,0.18200427293777466,0.3849124312400818,0.17723527550697327,0.547453761100769,0.9993993043899536,0.15022943913936615,0.3831198811531067,-0.17548233270645142,0.917976975440979,0.9995880722999573,0.13152366876602173,0.40822339057922363,0.13078822195529938,0.5218790769577026,0.99905925989151,0.11614327132701874,0.4038703441619873,-0.2577173113822937,0.898758053779602,0.9991257786750793
6,204,True,0.4947923421859741,0.2490931749343872,0.08620002865791321,0.9993006587028503,0.999925971031189,0.48979446291923523,0.24504947662353516,0.11241855472326279,0.9991503953933716,0.9999257326126099,0.48914963006973267,0.2457188367843628,0.1125183030962944,0.9989843964576721,0.9999189376831055,0.4883578419685364,0.24612800776958466,0.11253084242343903,0.999290406703949,0.999909520149231,0.4882931113243103,0.24402129650115967,0.07013612240552902,0.9996298551559448,0.9999397993087769,0.486616313457489,0.24379754066467285,0.06989454478025436,0.9996659755706787,0.9999432563781738,0.48469069600105286,0.24345950782299042,0.06993421167135239,0.9996063709259033,0.9999436140060425,0.4766775667667389,0.2496500015258789,0.19886066019535065,0.9994943141937256,0.9999115467071533,0.4720584750175476,0.24601709842681885,0.006411879789084196,0.9995936751365662,0.9999488592147827,0.4918763339519501,0.25573188066482544,0.11642628908157349,0.9980300664901733,0.9996918439865112,0.49033886194229126,0.25383642315864563,0.06130797415971756,0.9982354044914246,0.9997705817222595,0.46244242787361145,0.2817499041557312,0.2792086899280548,0.9963037371635437,0.9994242191314697,0.4536038339138031,0.26665040850639343,-0.14569129049777985,0.999136745929718,0.9999288320541382,0.44890591502189636,0.2843157649040222,0.34664610028266907,0.06910410523414612,0.9995550513267517,0.48680758476257324,0.21862585842609406,-0.21871542930603027,0.9717499017715454,0.9999595880508423,0.43491706252098083,0.29202789068222046,0.37602755427360535,0.0995931550860405,0.9985888600349426,0.49827146530151367,0.18557503819465637,-0.13729673624038696,0.8345060348510742,0.9992820620536804,0.4318442940711975,0.2950790822505951,0.39541974663734436,0.11866786330938339,0.9983479976654053,0.5001140832901001,0.17636412382125854,-0.16297447681427002,0.7690030336380005,0.9983572363853455,0.4275573790073395,0.2965574264526367,0.3613123595714569,0.11979087442159653,0.9978475570678711,0.4970576763153076,0.17919199168682098,-0.13314813375473022,0.7578604817390442,0.9980542659759521,0.4283246695995331,0.29453423619270325,0.3582579791545868,0.12745079398155212,0.9981992840766907,0.4964979290962219,0.18372999131679535,-0.12788334488868713,0.7574312686920166,0.9986544847488403,0.40658968687057495,0.3759237825870514,0.13902592658996582,0.9996342062950134,0.9998940229415894,0.388837993144989,0.3696240782737732,-0.13915103673934937,0.9997596144676208,0.9999712705612183,0.3230518698692322,0.42971405386924744,0.12249336391687393,0.40025636553764343,0.9991174340248108,0.3083244860172272,0.43312183022499084,-0.18716193735599518,0.9350356459617615,0.999690055847168,0.1854388415813446,0.4232465326786041,0.15386030077934265,0.4207775592803955,0.9996474981307983,0.1714344620704651,0.42514029145240784,-0.19669190049171448,0.9137997627258301,0.9997450709342957,0.17409875988960266,0.4181647300720215,0.15455560386180878,0.5788470506668091,0.9996287822723389,0.15080787241458893,0.4147377014160156,-0.19831593334674835,0.9244198799133301,0.9997159838676453,0.13256187736988068,0.44273194670677185,0.10878215730190277,0.5549951791763306,0.9993783235549927,0.12418588250875473,0.44765251874923706,-0.2749483585357666,0.9072611331939697,0.9993884563446045
7,238,True,0.49675899744033813,0.24789416790008545,0.13678908348083496,0.9993552565574646,0.9999817609786987,0.4928321838378906,0.24388137459754944,0.16149845719337463,0.9992175698280334,0.9999773502349854,0.4924129545688629,0.24448323249816895,0.16160368919372559,0.9990631937980652,0.9999746084213257,0.4918079376220703,0.244906947016716,0.16164371371269226,0.9993472099304199,0.999970555305481,0.49111664295196533,0.24273467063903809,0.12388256937265396,0.99965500831604,0.9999827146530151,0.4892770051956177,0.2424006462097168,0.12359844148159027,0.9996893405914307,0.999984622001648,0.4874635338783264,0.24202176928520203,0.12364768236875534,0.9996358752250671,0.9999854564666748,0.48108360171318054,0.24838276207447052,0.24826036393642426,0.9995297789573669,0.9999748468399048,0.4758501350879669,0.2442013919353485,0.07997223734855652,0.9996231198310852,0.9999885559082031,0.4942096769809723,0.2547512650489807,0.16799885034561157,0.9981727004051208,0.9999514818191528,0.49248355627059937,0.25282523036003113,0.11948522925376892,0.9983550906181335,0.999964714050293,0.4642620384693146,0.2813434302806854,0.3341575264930725,0.9966374039649963,0.9998855590820312,0.45707130432128906,0.26366499066352844,-0.06785743683576584,0.9992192387580872,0.9999910593032837,0.4543439745903015,0.3146076500415802,0.45684927701950073,0.07175873965024948,0.9995707869529724,0.48998087644577026,0.21608681976795197,-0.13598263263702393,0.9738752841949463,0.9999802112579346,0.43872779607772827,0.34140831232070923,0.5109127759933472,0.09947121888399124,0.9993274211883545,0.4994763731956482,0.1843392550945282,0.011868715286254883,0.8431830406188965,0.9996223449707031,0.43637698888778687,0.34909170866012573,0.538908839225769,0.11823422461748123,0.9994124174118042,0.4996829926967621,0.1755584329366684,0.0009101360337808728,0.7777324318885803,0.9991348385810852,0.432425856590271,0.3494170606136322,0.5027369856834412,0.11941087990999222,0.9992850422859192,0.49687084555625916,0.17812392115592957,0.026870982721447945,0.7664182782173157,0.9989418387413025,0.43290138244628906,0.3458823561668396,0.4943200349807739,0.12697699666023254,0.9993489384651184,0.49626433849334717,0.1825980544090271,0.021999862045049667,0.7656815052032471,0.9992768168449402,0.42191824316978455,0.3750782608985901,0.13559716939926147,0.9996640682220459,0.9999250173568726,0.399038702249527,0.36950933933258057,-0.13563579320907593,0.9997811317443848,0.9999847412109375,0.3580908179283142,0.4363572597503662,0.08733125776052475,0.4384976625442505,0.999665379524231,0.34045422077178955,0.43144315481185913,-0.19130469858646393,0.940605640411377,0.9999290704727173,0.21869638562202454,0.4596797525882721,0.10494634509086609,0.46786561608314514,0.9998952150344849,0.20441798865795135,0.45974573493003845,-0.23722538352012634,0.9218518733978271,0.9999028444290161,0.1992974430322647,0.45555275678634644,0.10421581566333771,0.613213837146759,0.9998791217803955,0.18118080496788025,0.4551456570625305,-0.24347761273384094,0.9307479858398438,0.9998644590377808,0.2004353255033493,0.48676472902297974,0.04060256853699684,0.5932275056838989,0.9997527003288269,0.18552957475185394,0.4938197731971741,-0.3404465913772583,0.9158124327659607,0.9996482133865356
8,272,True,0.5014222264289856,0.24846681952476501,0.09460680931806564,0.9993274211883545,0.9998927116394043,0.4966110289096832,0.24332404136657715,0.11647070944309235,0.9991750121116638,0.9998724460601807,0.4958418607711792,0.24374012649059296,0.11654993891716003,0.9990164041519165,0.9998584985733032,0.49483609199523926,0.24401672184467316,0.11653516441583633,0.9993017315864563,0.9998331069946289,0.49533140659332275,0.24240629374980927,0.07581702619791031,0.9995734095573425,0.9998996257781982,0.4935574531555176,0.24207213521003723,0.07557510584592819,0.9996306300163269,0.9999071359634399,0.49153319001197815,0.24165622889995575,0.07560713589191437,0.9995699524879456,0.9999135732650757,0.4820840656757355,0.2470722496509552,0.19966506958007812,0.9994440078735352,0.9998337030410767,0.47743529081344604,0.2434263527393341,0.016077350825071335,0.9995698928833008,0.9999179840087891,0.49781692028045654,0.255088210105896,0.1257811039686203,0.9979676008224487,0.9997879862785339,0.49668440222740173,0.2535678744316101,0.07296214997768402,0.9980164170265198,0.9998397827148438,0.4618951082229614,0.2790493369102478,0.299673467874527,0.9968868494033813,0.9998077750205994,0.4563044309616089,0.2627107501029968,-0.12009648978710175,0.9992852807044983,0.9999769926071167,0.454118013381958,0.3169196844100952,0.4089943766593933,0.07056760042905807,0.9993335604667664,0.4890252351760864,0.21634738147258759,-0.257776141166687,0.9760755896568298,0.9999368190765381,0.4408233165740967,0.35077184438705444,0.41392233967781067,0.09876268357038498,0.9986922144889832,0.5002844929695129,0.17869563400745392,-0.1931251734495163,0.8566668629646301,0.9979729056358337,0.43795686960220337,0.3613756000995636,0.43299487233161926,0.11820486932992935,0.9989597797393799,0.49989280104637146,0.16956177353858948,-0.23081715404987335,0.7956598997116089,0.9967064261436462,0.4348093569278717,0.3600962162017822,0.3982226550579071,0.11952921003103256,0.9988333582878113,0.4976217448711395,0.1699046492576599,-0.20478272438049316,0.7850067615509033,0.9961931705474854,0.4353432059288025,0.3557327687740326,0.39643537998199463,0.12675508856773376,0.9988245368003845,0.49801817536354065,0.17173877358436584,-0.1857180893421173,0.7834654450416565,0.9970229268074036,0.42042842507362366,0.3748524487018585,0.14382535219192505,0.99968022108078,0.9998124241828918,0.40133172273635864,0.36908701062202454,-0.1438487470149994,0.9997957944869995,0.9999383687973022,0.3775658905506134,0.43951916694641113,0.12171835452318192,0.48308587074279785,0.9996711015701294,0.3578170835971832,0.43842586874961853,-0.19567716121673584,0.9459705948829651,0.9998772144317627,0.27144119143486023,0.48952919244766235,0.15999460220336914,0.51654452085495,0.9998754262924194,0.2517271339893341,0.4891106188297272,-0.19435136020183563,0.9292659163475037,0.9998717308044434,0.23910050094127655,0.4941156804561615,0.1588573306798935,0.6485438942909241,0.9998438358306885,0.2173410803079605,0.4890381395816803,-0.19688476622104645,0.9369145035743713,0.9998258948326111,0.28265026211738586,0.5185820460319519,0.09081713110208511,0.6301193237304688,0.9997405409812927,0.24639305472373962,0.5179097056388855,-0.2962176501750946,0.9236035943031311,0.9996803998947144
9,306,True,0.5013584494590759,0.24925975501537323,0.07281974703073502,0.9990388751029968,0.9993407130241394,0.49720299243927,0.24350163340568542,0.08909669518470764,0.9989085793495178,0.9991806149482727,0.49643927812576294,0.24376118183135986,0.08922308683395386,0.9985740780830383,0.9991102814674377,0.49550339579582214,0.24390867352485657,0.08917216956615448,0.999047040939331,0.998958945274353,0.49584537744522095,0.2427883893251419,0.04515385255217552,0.999187171459198,0.9993228912353516,0.4940345883369446,0.2424374520778656,0.04498106986284256,0.9991617798805237,0.9993646740913391,0.4919167757034302,0.24196648597717285,0.044932909309864044,0.9992480278015137,0.9993783235549927,0.4827348589897156,0.24635644257068634,0.1689973771572113,0.9989938139915466,0.9988246560096741,0.47709226608276367,0.24298138916492462,-0.028804872184991837,0.9990857243537903,0.9992794394493103,0.4975013732910156,0.2554924488067627,0.1063040941953659,0.9972968101501465,0.9986845850944519,0.49633029103279114,0.25419318675994873,0.04770014062523842,0.9970791935920715,0.998969554901123,0.4600270688533783,0.2780907154083252,0.2977033257484436,0.9968821406364441,0.9981979727745056,0.45372894406318665,0.2623979449272156,-0.15424977242946625,0.9992899894714355,0.9997240900993347,0.45812928676605225,0.31031087040901184,0.40459302067756653,0.07202019542455673,0.9967677593231201,0.48881131410598755,0.2176729142665863,-0.3079558312892914,0.9778047204017639,0.9996784925460815,0.44637376070022583,0.34064558148384094,0.3141130805015564,0.10015598684549332,0.9940453767776489,0.49955838918685913,0.17997169494628906,-0.2307102382183075,0.8676434755325317,0.9952497482299805,0.44122231006622314,0.35034117102622986,0.322940468788147,0.11943364888429642,0.9952671527862549,0.49954524636268616,0.17163532972335815,-0.2697070240974426,0.8094154596328735,0.9918689727783203,0.43997615575790405,0.34944701194763184,0.2884221374988556,0.1211204081773758,0.9947368502616882,0.49746865034103394,0.17131085693836212,-0.24302466213703156,0.7992650270462036,0.9912921786308289,0.4421529471874237,0.34566807746887207,0.2955171465873718,0.12841251492500305,0.9943872690200806,0.49776145815849304,0.17198976874351501,-0.2230048030614853,0.7969775199890137,0.9931702613830566,0.42213061451911926,0.3745570182800293,0.14281393587589264,0.9996002316474915,0.9989493489265442,0.4027390778064728,0.3681239187717438,-0.1427404135465622,0.9997727870941162,0.9994250535964966,0.40550753474235535,0.4438137412071228,0.1468699872493744,0.501811146736145,0.9982041120529175,0.3899673819541931,0.4450119137763977,-0.15963545441627502,0.9497338533401489,0.9989859461784363,0.352370947599411,0.5083423852920532,0.18095043301582336,0.5474914312362671,0.9988250136375427,0.34175199270248413,0.5113796591758728,-0.13015216588974,0.9344075322151184,0.9987558126449585,0.33372291922569275,0.517929196357727,0.18477128446102142,0.6721954941749573,0.9983773231506348,0.3205797076225281,0.5208974480628967,-0.13693058490753174,0.939401388168335,0.9982461929321289,0.3966309428215027,0.5288401246070862,0.11202302575111389,0.6558008193969727,0.9983215928077698,0.38722309470176697,0.5351423621177673,-0.2347419559955597,0.9286401867866516,0.9975966811180115
10,340,True,0.49957653880119324,0.24864527583122253,0.06601917743682861,0.998735785484314,0.9988320469856262,0.4956423342227936,0.24288932979106903,0.08019339293241501,0.9985582828521729,0.998547375202179,0.4948864281177521,0.2431749850511551,0.08021953701972961,0.9980393052101135,0.9984660148620605,0.4939664602279663,0.24333472549915314,0.0801321417093277,0.9987545013427734,0.9983150959014893,0.4942702054977417,0.24217088520526886,0.03293204680085182,0.998805046081543,0.9987176656723022,0.49245375394821167,0.24185185134410858,0.032735928893089294,0.9987128973007202,0.9987757802009583,0.49033835530281067,0.2414156198501587,0.032663699239492416,0.998958945274353,0.9987183809280396,0.48102688789367676,0.2458696812391281,0.16065603494644165,0.9985299706459045,0.9981268048286438,0.4752732217311859,0.24250490963459015,-0.0518803745508194,0.9986437559127808,0.9985201954841614,0.49538615345954895,0.2548982501029968,0.10177402198314667,0.996747612953186,0.9969615340232849,0.49417605996131897,0.2536851763725281,0.035602960735559464,0.9966152310371399,0.9976736903190613,0.4585780203342438,0.27771109342575073,0.29341092705726624,0.9965566992759705,0.9953805208206177,0.45276036858558655,0.2618796229362488,-0.15773186087608337,0.9991446137428284,0.9980795383453369,0.4588389992713928,0.29817408323287964,0.39268434047698975,0.07265924662351608,0.9969084858894348,0.49260061979293823,0.21473217010498047,-0.298645555973053,0.9767510294914246,0.9992582201957703,0.46047794818878174,0.3021777272224426,0.41188159584999084,0.09798926115036011,0.9933915138244629,0.4994502663612366,0.18080905079841614,-0.17809346318244934,0.8593214750289917,0.9962814450263977,0.4600682556629181,0.30436015129089355,0.43328404426574707,0.1165255755186081,0.9931935667991638,0.4981311857700348,0.17312663793563843,-0.20285449922084808,0.795106828212738,0.9933579564094543,0.459009051322937,0.30764493346214294,0.40339216589927673,0.11833900958299637,0.9912473559379578,0.49410319328308105,0.18242453038692474,-0.18412083387374878,0.7843180894851685,0.9920746088027954,0.4590669870376587,0.30672508478164673,0.39680078625679016,0.12625090777873993,0.991762638092041,0.49644580483436584,0.18273892998695374,-0.17335398495197296,0.7817057967185974,0.9943774342536926,0.4193570911884308,0.37535804510116577,0.13630487024784088,0.9995566606521606,0.9990496039390564,0.40407058596611023,0.37005916237831116,-0.13631202280521393,0.9997389316558838,0.999161958694458,0.4456114172935486,0.44550031423568726,0.1601375788450241,0.501766562461853,0.9980962872505188,0.4386017322540283,0.4475274980068207,-0.12378336489200592,0.9493909478187561,0.9980589747428894,0.44390907883644104,0.5112982392311096,0.17663981020450592,0.5677965879440308,0.9983131885528564,0.44173291325569153,0.5144270062446594,-0.0824706107378006,0.9354318380355835,0.9983616471290588,0.4296818673610687,0.5225807428359985,0.17198850214481354,0.6835534572601318,0.9978002905845642,0.4278442859649658,0.5249289274215698,-0.08596544712781906,0.93593430519104,0.9978749752044678,0.4913124442100525,0.5278187394142151,0.0828702449798584,0.6758002638816833,0.9977132081985474,0.49633127450942993,0.5473406314849854,-0.19768263399600983,0.9302543997764587,0.9975246787071228
11,374,True,0.4989534914493561,0.24820776283740997,0.10108240693807602,0.9979963898658752,0.9944207072257996,0.495149701833725,0.2424984723329544,0.12076623737812042,0.997744083404541,0.9927505254745483,0.49440956115722656,0.2428235560655594,0.1207723543047905,0.9968947172164917,0.9923334121704102,0.49348801374435425,0.2430277168750763,0.1206827387213707,0.9980304837226868,0.9914867877960205,0.49410003423690796,0.24175992608070374,0.06845442205667496,0.998248815536499,0.9939606189727783,0.4919031858444214,0.24146004021167755,0.06825993955135345,0.9981715679168701,0.9942951798439026,0.4892943799495697,0.24104264378547668,0.06826870143413544,0.998572587966919,0.9942347407341003,0.4806228280067444,0.24537602066993713,0.21394316852092743,0.997792661190033,0.9891421794891357,0.4722908139228821,0.24237485229969025,-0.025468388572335243,0.9982877969741821,0.993200957775116,0.4949462413787842,0.25455108284950256,0.13993726670742035,0.9951736330986023,0.9807274341583252,0.493207722902298,0.2534518837928772,0.06989846378564835,0.9959622621536255,0.9879172444343567,0.4570627808570862,0.27723172307014465,0.32167553901672363,0.9940849542617798,0.9484751224517822,0.4474520683288574,0.26161909103393555,-0.14187687635421753,0.998688817024231,0.9874746203422546,0.45815831422805786,0.25144845247268677,0.4644739329814911,0.07275912165641785,0.9887528419494629,0.48749464750289917,0.21440863609313965,-0.2561143934726715,0.974354088306427,0.9968435764312744,0.4741336405277252,0.22372634708881378,0.5196768045425415,0.09924512356519699,0.9754813313484192,0.49865278601646423,0.1793505847454071,-0.09451459348201752,0.8526431918144226,0.991138756275177,0.4776083528995514,0.21646252274513245,0.545897364616394,0.11924304813146591,0.9721552133560181,0.49599555134773254,0.17308944463729858,-0.11731749773025513,0.7886497378349304,0.9833582043647766,0.4805401563644409,0.22068066895008087,0.5153769850730896,0.12109774351119995,0.9617672562599182,0.4917270541191101,0.1807546466588974,-0.09688487648963928,0.7781229615211487,0.980305552482605,0.47870537638664246,0.2234227955341339,0.5044330954551697,0.13067644834518433,0.9662799835205078,0.49369099736213684,0.18209296464920044,-0.08651331067085266,0.7744765877723694,0.9866791367530823,0.4217202961444855,0.37982234358787537,0.14253902435302734,0.9989032745361328,0.9574753046035767,0.41581615805625916,0.37517568469047546,-0.14257359504699707,0.9993520975112915,0.9724948406219482,0.49678418040275574,0.4572940766811371,0.138580322265625,0.486865758895874,0.975630521774292,0.5003398060798645,0.4549812376499176,-0.1340140551328659,0.9443131685256958,0.9840314984321594,0.509611964225769,0.5397099852561951,0.1674916297197342,0.5624268651008606,0.9829269051551819,0.5109002590179443,0.5411720871925354,-0.15382784605026245,0.9321527481079102,0.9838003516197205,0.49659380316734314,0.550420343875885,0.16628864407539368,0.6886365413665771,0.982295036315918,0.4977574944496155,0.5515999794006348,-0.1592712551355362,0.9287700653076172,0.9815263152122498,0.5360451340675354,0.5553396940231323,0.10383915156126022,0.6737324595451355,0.9819751381874084,0.5465672016143799,0.5580078959465027,-0.2483556568622589,0.9260631203651428,0.9779499173164368
12,408,True,0.4950689971446991,0.24796545505523682,0.17869415879249573,0.9975506067276001,0.9982984662055969,0.49022623896598816,0.24227914214134216,0.20460179448127747,0.9975355267524719,0.9974876642227173,0.4892809987068176,0.24267978966236115,0.2046027034521103,0.9966093301773071,0.9974043965339661,0.48807984590530396,0.24298569560050964,0.20459039509296417,0.9978475570678711,0.9970752000808716,0.48887088894844055,0.24154797196388245,0.15515780448913574,0.9980736970901489,0.9979092478752136,0.4864282011985779,0.24132701754570007,0.15480975806713104,0.9979673624038696,0.9981485605239868,0.4834568500518799,0.24095448851585388,0.15474586188793182,0.9984670877456665,0.9980986714363098,0.47384926676750183,0.24409838020801544,0.3075276017189026,0.9973974823951721,0.9972105622291565,0.4647631347179413,0.24132370948791504,0.08157327026128769,0.9981228113174438,0.9982044696807861,0.4900478720664978,0.25429514050483704,0.21979263424873352,0.9939634799957275,0.9940647482872009,0.48828867077827454,0.25313103199005127,0.15366587042808533,0.9953196048736572,0.996117115020752,0.4558645486831665,0.27604857087135315,0.4014762043952942,0.9937220811843872,0.9884876608848572,0.4410697817802429,0.2573857605457306,-0.037201691418886185,0.9987378120422363,0.9983957409858704,0.4577048718929291,0.25640836358070374,0.5272539258003235,0.0691378116607666,0.9969623684883118,0.48600801825523376,0.21149185299873352,-0.027420930564403534,0.9669119119644165,0.999269425868988,0.4749899208545685,0.23228609561920166,0.5691717863082886,0.0928581953048706,0.9925230145454407,0.48707178235054016,0.18277212977409363,0.28556951880455017,0.8128476738929749,0.9972578883171082,0.4788115322589874,0.2259518802165985,0.604394257068634,0.11171843856573105,0.9918689727783203,0.48371827602386475,0.17521484196186066,0.305987685918808,0.7481306195259094,0.9947130084037781,0.4816972613334656,0.22918133437633514,0.5756490230560303,0.11348987370729446,0.9890445470809937,0.47555962204933167,0.18539829552173615,0.32260575890541077,0.7375474572181702,0.9935198426246643,0.47912153601646423,0.23131754994392395,0.5552118420600891,0.12283753603696823,0.9904260039329529,0.4783647656440735,0.189062237739563,0.30038928985595703,0.7323569059371948,0.9956360459327698,0.4480184018611908,0.3788807988166809,0.1417122483253479,0.9988811612129211,0.997246503829956,0.4263994097709656,0.37342002987861633,-0.1417371928691864,0.9993430376052856,0.9986186027526855,0.5320389866828918,0.4397549033164978,-0.01784004084765911,0.4668453335762024,0.9958063364028931,0.5115021467208862,0.4283573031425476,-0.29239621758461,0.9395686984062195,0.9976701140403748,0.5741899013519287,0.5017771124839783,-0.131021186709404,0.5620006322860718,0.9976801872253418,0.541366696357727,0.5010144710540771,-0.4365982413291931,0.9284407496452332,0.9975720047950745,0.5668787360191345,0.5130811929702759,-0.1456858068704605,0.6961081027984619,0.9976058006286621,0.532067596912384,0.5108064413070679,-0.45344415307044983,0.9231347441673279,0.997087299823761,0.6260120272636414,0.5163874626159668,-0.23106127977371216,0.6845887899398804,0.9971902966499329,0.6019048690795898,0.5217947959899902,-0.5714082717895508,0.925060510635376,0.9964795708656311
13,442,True,0.49208128452301025,0.24779585003852844,0.13636773824691772,0.9975420832633972,0.9997063279151917,0.48656392097473145,0.2422202080488205,0.16226084530353546,0.9976661205291748,0.9996585845947266,0.4856995940208435,0.24264419078826904,0.16224661469459534,0.9968051910400391,0.9996577501296997,0.4846669137477875,0.24294355511665344,0.162176713347435,0.9979668855667114,0.9996243715286255,0.4846090078353882,0.241459921002388,0.12036541849374771,0.998093843460083,0.9996614456176758,0.4821140766143799,0.24128194153308868,0.12006782740354538,0.9979622960090637,0.999677300453186,0.47905972599983215,0.24090397357940674,0.12001919001340866,0.9984700083732605,0.999659538269043,0.4704129099845886,0.2440027892589569,0.26678019762039185,0.9975323677062988,0.999738872051239,0.46054190397262573,0.2411448061466217,0.078190378844738,0.9981374740600586,0.9997177720069885,0.4873218834400177,0.25402742624282837,0.17591364681720734,0.9941639304161072,0.9996185302734375,0.48519614338874817,0.2528284192085266,0.11972851306200027,0.9953293204307556,0.9996565580368042,0.4563341736793518,0.27760887145996094,0.3516317903995514,0.9942479729652405,0.9996721744537354,0.43599095940589905,0.2562071681022644,-0.032286353409290314,0.9988552331924438,0.9999198913574219,0.45774129033088684,0.29959937930107117,0.45203641057014465,0.07129327207803726,0.999517560005188,0.48255449533462524,0.21035870909690857,-0.03521740064024925,0.9678463935852051,0.9999090433120728,0.45721057057380676,0.32015109062194824,0.4880293607711792,0.0903848260641098,0.998803973197937,0.4869154691696167,0.1826808750629425,0.20818209648132324,0.8089311122894287,0.9985259175300598,0.46230408549308777,0.32812732458114624,0.509473443031311,0.10815084725618362,0.9987398982048035,0.48427340388298035,0.17551957070827484,0.21140193939208984,0.7394061088562012,0.9967828989028931,0.46246829628944397,0.32854610681533813,0.4905967712402344,0.10997255891561508,0.9986215829849243,0.47679901123046875,0.18426164984703064,0.23717056214809418,0.7280571460723877,0.9967067837715149,0.45849305391311646,0.3257226347923279,0.48393669724464417,0.11880277097225189,0.9987282156944275,0.47933757305145264,0.1879940927028656,0.22318704426288605,0.7211307883262634,0.997739315032959,0.47225773334503174,0.3728089928627014,0.12578973174095154,0.9989660382270813,0.9998838901519775,0.4459015727043152,0.3731555938720703,-0.1258178949356079,0.9994006156921387,0.9999287128448486,0.5641931295394897,0.3935932517051697,-0.036654308438301086,0.4786282479763031,0.9988829493522644,0.5148887634277344,0.42656612396240234,-0.30539342761039734,0.9428427219390869,0.9991833567619324,0.6369685530662537,0.455263614654541,-0.15033072233200073,0.5748896598815918,0.9986794590950012,0.5381125807762146,0.5063463449478149,-0.4370787441730499,0.9312509894371033,0.9980981945991516,0.6359630227088928,0.4799134135246277,-0.16282342374324799,0.7105610370635986,0.9985040426254272,0.5287569165229797,0.5174568891525269,-0.4520975351333618,0.923358678817749,0.9971418976783752,0.6969609260559082,0.44580593705177307,-0.2376575917005539,0.7035756707191467,0.9982901215553284,0.5956743955612183,0.5274699330329895,-0.5729836225509644,0.9285465478897095,0.9965169429779053
14,476,True,0.4845776855945587,0.2461884468793869,0.18230760097503662,0.997344970703125,0.9985540509223938,0.47779086232185364,0.24123461544513702,0.20524026453495026,0.9976614713668823,0.9978328347206116,0.47677522897720337,0.24162769317626953,0.20523223280906677,0.9968224763870239,0.9977269768714905,0.47562578320503235,0.24190863966941833,0.20517079532146454,0.9979665875434875,0.9974344372749329,0.47617408633232117,0.24048499763011932,0.16142511367797852,0.9979806542396545,0.9980535507202148,0.4738079607486725,0.24028286337852478,0.16115403175354004,0.9977984428405762,0.9981473684310913,0.4698251485824585,0.23996981978416443,0.16114181280136108,0.9983629584312439,0.9981030225753784,0.462849497795105,0.24387645721435547,0.2926654517650604,0.9974836707115173,0.997430145740509,0.4550478756427765,0.2411094605922699,0.0914398804306984,0.9979413151741028,0.9981820583343506,0.48143696784973145,0.2527097761631012,0.21649286150932312,0.9938849210739136,0.9977228045463562,0.47940805554389954,0.2504006624221802,0.1576051115989685,0.9948281049728394,0.9981662631034851,0.4542213976383209,0.2792012095451355,0.3811649680137634,0.9946035742759705,0.9976463913917542,0.4362230598926544,0.2548498511314392,-0.043636664748191833,0.9989499449729919,0.9996906518936157,0.45666682720184326,0.2933775782585144,0.5118986368179321,0.0702146515250206,0.9987367987632751,0.48276931047439575,0.20603196322917938,-0.10233940184116364,0.9686838388442993,0.9998657703399658,0.4613956809043884,0.2983852028846741,0.5438632369041443,0.09082935005426407,0.9973666071891785,0.4912623465061188,0.16654521226882935,0.06212048605084419,0.8172582387924194,0.9986743927001953,0.4634057879447937,0.29511576890945435,0.5767820477485657,0.10982159525156021,0.9970807433128357,0.4885885417461395,0.15544871985912323,0.051214516162872314,0.7501063346862793,0.9969869256019592,0.46707484126091003,0.2935050129890442,0.5404344797134399,0.11157914251089096,0.9964205026626587,0.4840998351573944,0.1615123599767685,0.07774938642978668,0.7389435172080994,0.9967093467712402,0.4649924039840698,0.2949276864528656,0.5291352272033691,0.12034358829259872,0.9969843029975891,0.48747825622558594,0.16726677119731903,0.07530380040407181,0.7301807403564453,0.9978922009468079,0.4844810366630554,0.3667472004890442,0.125919371843338,0.9989936351776123,0.9985849857330322,0.46804139018058777,0.36552315950393677,-0.1259203553199768,0.999433696269989,0.9993330836296082,0.5987063646316528,0.34216684103012085,-0.016765495762228966,0.48084163665771484,0.9973587393760681,0.5586519837379456,0.38099735975265503,-0.31927138566970825,0.9425369501113892,0.9983097314834595,0.6857077479362488,0.40449580550193787,-0.12760041654109955,0.5868298411369324,0.9971418976783752,0.5983960628509521,0.45866480469703674,-0.4256441295146942,0.9305180907249451,0.9969159364700317,0.6912743449211121,0.42081159353256226,-0.140403613448143,0.7283362746238708,0.9971018433570862,0.5917333960533142,0.4753687381744385,-0.43675756454467773,0.922768771648407,0.9962562322616577,0.737363338470459,0.4049587845802307,-0.20341803133487701,0.7187224626541138,0.9971857666969299,0.65324866771698,0.47386640310287476,-0.5274199843406677,0.9290730953216553,0.996253252029419
15,510,True,0.48464852571487427,0.24284915626049042,0.17309200763702393,0.9974754452705383,0.9997634291648865,0.47753986716270447,0.23847833275794983,0.16455863416194916,0.9977979063987732,0.9996770620346069,0.47652605175971985,0.23871631920337677,0.16443592309951782,0.9970110058784485,0.9996715784072876,0.4753009080886841,0.23881344497203827,0.16422156989574432,0.9980828166007996,0.9996453523635864,0.47585368156433105,0.23795898258686066,0.1283976137638092,0.9980306029319763,0.9996496438980103,0.47344478964805603,0.23779526352882385,0.12830331921577454,0.997790515422821,0.9996377229690552,0.4699036478996277,0.2375200241804123,0.12839487195014954,0.9983552098274231,0.9996020197868347,0.4623889625072479,0.24174590408802032,0.21483339369297028,0.9976100325584412,0.9997346997261047,0.45551833510398865,0.24013766646385193,0.031466368585824966,0.9979382753372192,0.9996297359466553,0.4816184639930725,0.2492636889219284,0.18275101482868195,0.994230329990387,0.999782383441925,0.47960445284843445,0.24790838360786438,0.13564999401569366,0.9949356913566589,0.9997500777244568,0.45398277044296265,0.2775682210922241,0.302386611700058,0.995100200176239,0.9997579455375671,0.4383152425289154,0.25500425696372986,-0.09806168079376221,0.9990453720092773,0.9998804330825806,0.450316458940506,0.30431920289993286,0.4016598165035248,0.06894858926534653,0.9985774755477905,0.4718852639198303,0.20859797298908234,-0.17129378020763397,0.9701478481292725,0.9998032450675964,0.463617205619812,0.33290380239486694,0.37713509798049927,0.08894838392734528,0.996948778629303,0.4911946952342987,0.17204025387763977,-0.04537289962172508,0.8280612826347351,0.9973350167274475,0.46502792835235596,0.34534502029418945,0.3949108123779297,0.10798724740743637,0.9967999458312988,0.4894791841506958,0.16125911474227905,-0.06947755813598633,0.7622131705284119,0.9951451420783997,0.4670321047306061,0.3450619578361511,0.36094361543655396,0.10984573513269424,0.9967466592788696,0.4885883331298828,0.1641460508108139,-0.03531884774565697,0.7509967088699341,0.9952808022499084,0.4674668312072754,0.33377543091773987,0.3617074191570282,0.11803651601076126,0.9969531297683716,0.48900261521339417,0.1692771017551422,-0.030137091875076294,0.7401363253593445,0.9964330196380615,0.5113810896873474,0.35302451252937317,0.12600034475326538,0.9990501403808594,0.9995594620704651,0.49261534214019775,0.3596886694431305,-0.12604683637619019,0.999483048915863,0.9997156262397766,0.6147345900535583,0.32475295662879944,0.0201632808893919,0.5028310418128967,0.9988896250724792,0.5312290787696838,0.41624170541763306,-0.22481174767017365,0.9470086693763733,0.9992928504943848,0.6989975571632385,0.3741914629936218,0.058798663318157196,0.6079645752906799,0.9986264705657959,0.5416615605354309,0.5061969757080078,-0.20282641053199768,0.9362266659736633,0.997557520866394,0.6983819007873535,0.3899000287055969,0.06315898895263672,0.7425746917724609,0.9984851479530334,0.5374020338058472,0.5216398239135742,-0.20400996506214142,0.9269572496414185,0.996042013168335,0.7685154676437378,0.36136916279792786,0.018797125667333603,0.7347272038459778,0.9983617663383484,0.5637709498405457,0.531267523765564,-0.3130623400211334,0.9342809915542603,0.9949329495429993
16,544,True,0.48476964235305786,0.240218847990036,0.14459171891212463,0.9973462820053101,0.9966371059417725,0.4769296944141388,0.23600736260414124,0.1546129584312439,0.9976522922515869,0.9952396154403687,0.47611263394355774,0.23603782057762146,0.15458571910858154,0.9968039393424988,0.9951137900352478,0.47509586811065674,0.2359435111284256,0.15446193516254425,0.9978980422019958,0.9948418736457825,0.4750839173793793,0.23588137328624725,0.11361616104841232,0.9977715611457825,0.9951606392860413,0.47284024953842163,0.23584213852882385,0.11344215273857117,0.9973363280296326,0.9951229691505432,0.4698507487773895,0.2357107400894165,0.11349105089902878,0.9980115294456482,0.994722843170166,0.4626937806606293,0.23951637744903564,0.2028428167104721,0.9972342252731323,0.9959754347801208,0.45558369159698486,0.239675834774971,0.02999509684741497,0.9973812103271484,0.9953629970550537,0.482441782951355,0.24688442051410675,0.1686791330575943,0.9939702749252319,0.9970832467079163,0.4801681935787201,0.24647636711597443,0.11602991819381714,0.9943104386329651,0.997171938419342,0.4588873088359833,0.2706494927406311,0.2881307303905487,0.9954355359077454,0.9981278777122498,0.4420210123062134,0.25705260038375854,-0.09974997490644455,0.999103844165802,0.9991523027420044,0.48396438360214233,0.2992526590824127,0.34879687428474426,0.06369587033987045,0.9913867115974426,0.4781157672405243,0.2581590414047241,-0.17327438294887543,0.9567382335662842,0.9979413151741028,0.5034240484237671,0.31744059920310974,0.32461655139923096,0.08278772234916687,0.9890201687812805,0.5052875876426697,0.24127671122550964,-0.08901660889387131,0.8128746151924133,0.9949420094490051,0.5095626711845398,0.32465118169784546,0.34197568893432617,0.10085420310497284,0.9895317554473877,0.5093801021575928,0.23686127364635468,-0.1080511212348938,0.7488653063774109,0.9932771325111389,0.5104023814201355,0.32428568601608276,0.32035353779792786,0.10255692154169083,0.9897437691688538,0.5057408809661865,0.23571498692035675,-0.08596661686897278,0.7370631098747253,0.9934298396110535,0.5092085599899292,0.31904464960098267,0.3143112063407898,0.1101248636841774,0.9895645380020142,0.5028319954872131,0.2387755662202835,-0.07701563090085983,0.7209917306900024,0.9941129088401794,0.5360462069511414,0.34638774394989014,0.11807963252067566,0.9990273714065552,0.9990905523300171,0.5196641683578491,0.35982435941696167,-0.11806967109441757,0.9995119571685791,0.9995741248130798,0.6368774175643921,0.3091297149658203,0.03453357145190239,0.5240446329116821,0.997515082359314,0.5422853827476501,0.4107469618320465,-0.2233944535255432,0.9505240321159363,0.9986687898635864,0.7264159321784973,0.35138416290283203,0.08982901275157928,0.6265221238136292,0.9972706437110901,0.5753869414329529,0.49625808000564575,-0.20870254933834076,0.9410804510116577,0.995639443397522,0.7265886068344116,0.37564632296562195,0.09327153116464615,0.7479052543640137,0.9970319271087646,0.5785437822341919,0.510231614112854,-0.21016651391983032,0.9295119047164917,0.9934364557266235,0.7859137058258057,0.34470823407173157,0.052248261868953705,0.7450823187828064,0.9961645603179932,0.6080896854400635,0.5154277086257935,-0.3139275312423706,0.9383413195610046,0.9895666837692261
17,578,True,0.4853099286556244,0.23758192360401154,0.20475593209266663,0.9972957372665405,0.9983494281768799,0.4770526587963104,0.2341105192899704,0.21078966557979584,0.9977181553840637,0.99824059009552,0.4761901795864105,0.23429039120674133,0.2107144296169281,0.9969392418861389,0.998345136642456,0.47472551465034485,0.23453442752361298,0.2106199860572815,0.9979681968688965,0.9982648491859436,0.4752064049243927,0.23262393474578857,0.17037871479988098,0.9978241920471191,0.9982638955116272,0.4730919301509857,0.23264984786510468,0.1701487898826599,0.9974184632301331,0.9983641505241394,0.47018542885780334,0.2325756549835205,0.17013989388942719,0.9980741143226624,0.9983304142951965,0.46255823969841003,0.2379603385925293,0.2367389053106308,0.997329592704773,0.9988828301429749,0.4595981538295746,0.23628945648670197,0.05772378295660019,0.997460663318634,0.998883068561554,0.48485124111175537,0.2422480285167694,0.21966341137886047,0.9942872524261475,0.9992560744285583,0.4835999310016632,0.2414419949054718,0.16652512550354004,0.9945610761642456,0.999281108379364,0.4582388699054718,0.27040308713912964,0.32836514711380005,0.9957881569862366,0.9993410706520081,0.45600420236587524,0.2538350820541382,-0.09092214703559875,0.9991827011108398,0.9998100399971008,0.4888233542442322,0.29825669527053833,0.5024749040603638,0.058174677193164825,0.9955014586448669,0.49763208627700806,0.25304585695266724,-0.10220570862293243,0.9390599727630615,0.9987137317657471,0.5117334127426147,0.2959604561328888,0.6469953656196594,0.07543822377920151,0.992565393447876,0.5032705664634705,0.22871795296669006,0.08031660318374634,0.7830508947372437,0.9965561628341675,0.5165150761604309,0.29774367809295654,0.7016369104385376,0.09208425134420395,0.9922083020210266,0.5072472095489502,0.2276633232831955,0.08900735527276993,0.7263460159301758,0.9948504567146301,0.5212933421134949,0.29355454444885254,0.6757286190986633,0.09367019683122635,0.9910882711410522,0.5019952654838562,0.2282244861125946,0.10572434216737747,0.7159678936004639,0.9944832921028137,0.520000159740448,0.29230213165283203,0.6392030119895935,0.10073226690292358,0.992445170879364,0.49873071908950806,0.22893235087394714,0.09408760070800781,0.6970430612564087,0.995354413986206,0.5457412600517273,0.3452303111553192,0.1276242733001709,0.9988099336624146,0.9950732588768005,0.5525258183479309,0.3397068679332733,-0.12773674726486206,0.999452531337738,0.998054027557373,0.6445473432540894,0.28974562883377075,0.12266550213098526,0.4950940012931824,0.994300365447998,0.6417845487594604,0.29040029644966125,-0.15462271869182587,0.9487340450286865,0.9987831711769104,0.744927704334259,0.3123548626899719,0.14713463187217712,0.6003047227859497,0.9954168796539307,0.7569686770439148,0.31599506735801697,-0.152079239487648,0.9400056600570679,0.9981801509857178,0.7565264105796814,0.32259830832481384,0.1486702561378479,0.7308936715126038,0.9960412979125977,0.7769054770469666,0.3279300332069397,-0.14815357327461243,0.9298251867294312,0.9978209733963013,0.7904919981956482,0.30128318071365356,0.1269356608390808,0.7235821485519409,0.9961277842521667,0.8109160661697388,0.2929653525352478,-0.18515165150165558,0.9374765753746033,0.9967284202575684
18,612,True,0.4959990680217743,0.23583349585533142,0.17373818159103394,0.9968029856681824,0.996418833732605,0.48621782660484314,0.23302391171455383,0.18332460522651672,0.997045636177063,0.9948446750640869,0.48505252599716187,0.23329894244670868,0.1832781285047531,0.9962956309318542,0.9946541786193848,0.4838023781776428,0.2335588037967682,0.1831825226545334,0.9973292350769043,0.994168758392334,0.4860577881336212,0.23192279040813446,0.14237159490585327,0.9972999095916748,0.9955044388771057,0.48486942052841187,0.2318742573261261,0.14214052259922028,0.9969316720962524,0.9958178400993347,0.4835580587387085,0.23173968493938446,0.1421123594045639,0.9976942539215088,0.9958077669143677,0.472404807806015,0.23707802593708038,0.20478293299674988,0.9959236979484558,0.9947575330734253,0.476057231426239,0.23463746905326843,0.030439086258411407,0.9968967437744141,0.9968444108963013,0.49647217988967896,0.24139435589313507,0.19455181062221527,0.9941384196281433,0.9986143112182617,0.4960368573665619,0.2402033507823944,0.13976675271987915,0.994524359703064,0.9988883137702942,0.47124600410461426,0.2686224579811096,0.28342968225479126,0.9960952997207642,0.9996106028556824,0.47970208525657654,0.25278618931770325,-0.11405513435602188,0.9992539882659912,0.999900221824646,0.5075188875198364,0.300785094499588,0.37871700525283813,0.05495043843984604,0.9956948757171631,0.5105940699577332,0.28718894720077515,-0.19374725222587585,0.9203701615333557,0.9985097050666809,0.5353544354438782,0.30901291966438293,0.4376642107963562,0.0717289000749588,0.9868969321250916,0.539519727230072,0.3063347041606903,-0.1297835409641266,0.7596443295478821,0.9959561228752136,0.5423098802566528,0.3125630021095276,0.47664642333984375,0.08738107234239578,0.9860485792160034,0.5431849360466003,0.30910855531692505,-0.14823749661445618,0.7050243616104126,0.9950526356697083,0.5477429032325745,0.3086289167404175,0.4574519991874695,0.08891747146844864,0.9852849841117859,0.5431455969810486,0.30836355686187744,-0.1268617808818817,0.6955271363258362,0.9953137636184692,0.5466638207435608,0.30731454491615295,0.42954856157302856,0.09557759761810303,0.9866785407066345,0.541239857673645,0.30745112895965576,-0.11936569958925247,0.673762857913971,0.9956170320510864,0.5825867056846619,0.3367070257663727,0.1360260397195816,0.9983890056610107,0.9930467009544373,0.5861818790435791,0.33004873991012573,-0.13607147336006165,0.9993035197257996,0.9976398944854736,0.6550467610359192,0.27095216512680054,0.12326031923294067,0.4715956151485443,0.996508777141571,0.6564509868621826,0.2652031481266022,-0.1533619612455368,0.949871838092804,0.9992037415504456,0.7643586993217468,0.28231650590896606,0.19111794233322144,0.5746555924415588,0.9962483048439026,0.7738534808158875,0.28094083070755005,-0.10099626332521439,0.9414496421813965,0.9986067414283752,0.7918462157249451,0.2890258729457855,0.19516733288764954,0.7046784162521362,0.9960765242576599,0.7983160018920898,0.2933860719203949,-0.09576529264450073,0.931241512298584,0.9981315732002258,0.8047599792480469,0.25933918356895447,0.1585349291563034,0.6994003653526306,0.9961928129196167,0.812900185585022,0.25369372963905334,-0.15246334671974182,0.9394195675849915,0.9971514344215393
19,646,True,0.5041980743408203,0.22919297218322754,0.02552277036011219,0.9967781901359558,0.9975484013557434,0.49422311782836914,0.2280411422252655,0.03958556428551674,0.9970225691795349,0.9969351291656494,0.49305856227874756,0.22841253876686096,0.03950302302837372,0.9963211417198181,0.9969052672386169,0.4918210804462433,0.22882144153118134,0.039355359971523285,0.9973064661026001,0.9967246651649475,0.49392327666282654,0.22790133953094482,-0.0025846478529274464,0.9972161054611206,0.9971463084220886,0.49258852005004883,0.22828073799610138,-0.0027084429748356342,0.9968406558036804,0.9971524477005005,0.4911596477031708,0.22864703834056854,-0.002749718725681305,0.9976199269294739,0.9969339370727539,0.48195749521255493,0.23483893275260925,0.10929189622402191,0.9956782460212708,0.997292697429657,0.48260417580604553,0.2340271770954132,-0.08000300079584122,0.9967581033706665,0.9970608353614807,0.507641077041626,0.23465099930763245,0.05550428479909897,0.994442880153656,0.9988164901733398,0.5070180892944336,0.23455508053302765,0.00028352634399197996,0.9948500394821167,0.9989627599716187,0.5084832310676575,0.26607030630111694,0.212710440158844,0.9962571263313293,0.9995343685150146,0.5009236931800842,0.254535436630249,-0.18972904980182648,0.999297559261322,0.9997206330299377,0.5383957028388977,0.3024228513240814,0.2767650783061981,0.05174477398395538,0.9953789710998535,0.5159308314323425,0.2930613160133362,-0.22590817511081696,0.9186996221542358,0.998375654220581,0.5677037835121155,0.32751649618148804,0.24515700340270996,0.06750153005123138,0.9815744757652283,0.5539586544036865,0.293803870677948,-0.12094590812921524,0.7545750141143799,0.9940178394317627,0.578639030456543,0.3366176187992096,0.2551138699054718,0.08213169127702713,0.9776226878166199,0.5625002384185791,0.2961283326148987,-0.14143982529640198,0.6989266872406006,0.9911763668060303,0.5791353583335876,0.3348586857318878,0.2323409616947174,0.08357393741607666,0.9787819981575012,0.5636036396026611,0.2930610775947571,-0.12477795034646988,0.6903992891311646,0.9925663471221924,0.5757650136947632,0.33191317319869995,0.23292380571365356,0.08991026133298874,0.9802835583686829,0.5597108602523804,0.2934691309928894,-0.1113773062825203,0.6673594117164612,0.9932817220687866,0.619911253452301,0.32569801807403564,0.13858595490455627,0.9977492094039917,0.9954816102981567,0.6204441785812378,0.32456037402153015,-0.13853134214878082,0.9990596771240234,0.9975242018699646,0.6670201420783997,0.2500821053981781,0.13912539184093475,0.44488000869750977,0.9954714775085449,0.6690378189086914,0.24832041561603546,-0.14663146436214447,0.9516632556915283,0.9988802075386047,0.7833019495010376,0.2508178949356079,0.2309427708387375,0.5395664572715759,0.9945693612098694,0.7920989394187927,0.2506820559501648,-0.05208155885338783,0.9430127143859863,0.9976801872253418,0.8038065433502197,0.25811266899108887,0.23708324134349823,0.6696490049362183,0.9943353533744812,0.8156400918960571,0.2603320777416229,-0.04340089112520218,0.932769775390625,0.9967784285545349,0.8108075261116028,0.22108390927314758,0.20006409287452698,0.664560079574585,0.9941304326057434,0.8219576478004456,0.22215943038463593,-0.10316875576972961,0.9411451816558838,0.9947525262832642
20,680,True,0.5189694166183472,0.22822336852550507,0.006757916882634163,0.9962189793586731,0.9950360655784607,0.5096850991249084,0.2270331084728241,0.01848054677248001,0.9964777231216431,0.994640052318573,0.508722722530365,0.2274857759475708,0.01833222061395645,0.9958084225654602,0.9946488738059998,0.507567822933197,0.22798001766204834,0.018157340586185455,0.99687260389328,0.9945323467254639,0.5092644691467285,0.22706899046897888,-0.023763997480273247,0.9965323805809021,0.994474470615387,0.5080357193946838,0.22758302092552185,-0.023863665759563446,0.9960989952087402,0.9942388534545898,0.506578266620636,0.22811059653759003,-0.02388686127960682,0.9970075488090515,0.9937169551849365,0.4994182288646698,0.23460862040519714,0.09063690155744553,0.9948858618736267,0.9949101805686951,0.49787360429763794,0.2341766059398651,-0.10224676877260208,0.9955533146858215,0.9929482936859131,0.5232240557670593,0.23400941491127014,0.03832663968205452,0.9942814707756042,0.9971411228179932,0.5223464369773865,0.23405179381370544,-0.01764121651649475,0.9946272969245911,0.9970454573631287,0.5228666663169861,0.26335495710372925,0.18336205184459686,0.9962998032569885,0.9993230104446411,0.5151963829994202,0.2545601725578308,-0.20007795095443726,0.9991713762283325,0.9991987347602844,0.5528441667556763,0.27995765209198,0.24024668335914612,0.0513865202665329,0.9961389899253845,0.5472538471221924,0.2889725863933563,-0.25055909156799316,0.9143251776695251,0.9984647035598755,0.5847086906433105,0.32726582884788513,0.1990884393453598,0.06454544514417648,0.9610956311225891,0.5753486156463623,0.26094967126846313,-0.1520584672689438,0.7363594770431519,0.9816436171531677,0.594921886920929,0.32587310671806335,0.20593281090259552,0.07816275209188461,0.9523481130599976,0.5816846489906311,0.2615527808666229,-0.18235626816749573,0.6826469898223877,0.9745901226997375,0.5937294363975525,0.32466548681259155,0.1828031688928604,0.07952947914600372,0.9545960426330566,0.5821310877799988,0.2613673508167267,-0.1669812947511673,0.6755691170692444,0.9774754047393799,0.5913565158843994,0.32161974906921387,0.18724185228347778,0.08557947725057602,0.9545134902000427,0.5803213715553284,0.26205241680145264,-0.14562979340553284,0.6514904499053955,0.9788386225700378,0.646727979183197,0.31537410616874695,0.13794958591461182,0.997647762298584,0.9951829314231873,0.6451543569564819,0.31576845049858093,-0.13794375956058502,0.9989390969276428,0.9969025254249573,0.6731444597244263,0.2349182367324829,0.12536273896694183,0.42433828115463257,0.9970526695251465,0.675195574760437,0.23389394581317902,-0.1420547515153885,0.955942690372467,0.9990856647491455,0.7844362258911133,0.21898964047431946,0.23924264311790466,0.5126850008964539,0.996731162071228,0.7927713394165039,0.21753045916557312,-0.033924080431461334,0.9481105208396912,0.9986364245414734,0.8084883093833923,0.22472111880779266,0.24739736318588257,0.6364194750785828,0.996138870716095,0.820020318031311,0.22155264019966125,-0.024937668815255165,0.9387677907943726,0.9978631138801575,0.8158440589904785,0.19366052746772766,0.19652774930000305,0.6354644298553467,0.9962581396102905,0.809135377407074,0.18965096771717072,-0.09214599430561066,0.9463080763816833,0.9964081645011902
21,714,True,0.5307393670082092,0.22409875690937042,-0.014517703093588352,0.9965110421180725,0.9994332194328308,0.5198206901550293,0.2220943719148636,-0.0007222683634608984,0.9967357516288757,0.9991875290870667,0.5192536115646362,0.22251752018928528,-0.0008132693474180996,0.9961201548576355,0.9991151690483093,0.5182978510856628,0.2230420559644699,-0.0009119216701947153,0.9970820546150208,0.9990243911743164,0.5202419757843018,0.22305326163768768,-0.041716959327459335,0.996798038482666,0.9993587136268616,0.5188660025596619,0.22370508313179016,-0.041829511523246765,0.9964011907577515,0.9994000196456909,0.5158966779708862,0.22390857338905334,-0.04186699166893959,0.9972392916679382,0.9994064569473267,0.5087702870368958,0.23210878670215607,0.07480733841657639,0.9952248334884644,0.9991082549095154,0.506064236164093,0.23302814364433289,-0.11170043051242828,0.9959236979484558,0.9994732737541199,0.533637523651123,0.23120860755443573,0.01690957136452198,0.9947994351387024,0.9996496438980103,0.5320278406143188,0.2313959300518036,-0.03722023963928223,0.9951316118240356,0.9997460246086121,0.5339312553405762,0.2526896595954895,0.1607370227575302,0.996550977230072,0.9998292922973633,0.5213677883148193,0.2546008825302124,-0.20247243344783783,0.9992360472679138,0.9999206066131592,0.5531403422355652,0.275065541267395,0.2205766886472702,0.05518868938088417,0.997979462146759,0.5501035451889038,0.2904658615589142,-0.28293758630752563,0.9202708601951599,0.9992258548736572,0.5765486359596252,0.3221549391746521,0.20976699888706207,0.06506239622831345,0.9810948371887207,0.5782349109649658,0.322921484708786,-0.24029158055782318,0.7466817498207092,0.9913073182106018,0.586452841758728,0.3224857449531555,0.21853792667388916,0.0762520283460617,0.970207929611206,0.5840873718261719,0.3347582519054413,-0.27362489700317383,0.6922270059585571,0.9855425357818604,0.5881015658378601,0.3207874894142151,0.19917568564414978,0.07762786746025085,0.9724925756454468,0.5910935401916504,0.33283233642578125,-0.2693650424480438,0.6866658926010132,0.9878837466239929,0.5859402418136597,0.3177782893180847,0.19957011938095093,0.0836712196469307,0.975273609161377,0.5903181433677673,0.32882386445999146,-0.24006162583827972,0.6627878546714783,0.9894554018974304,0.6717349290847778,0.2978314161300659,0.13828745484352112,0.9976913928985596,0.9963968396186829,0.6708434224128723,0.30296850204467773,-0.13818353414535522,0.9989078640937805,0.9981486797332764,0.6760864853858948,0.21760150790214539,0.1248171478509903,0.41093921661376953,0.9984318614006042,0.6804310083389282,0.21743348240852356,-0.1266404092311859,0.9600409865379333,0.9993212223052979,0.7909640073776245,0.1920592039823532,0.22260932624340057,0.49181151390075684,0.9978262782096863,0.7969085574150085,0.18805330991744995,-0.0166388638317585,0.9528433680534363,0.9987956285476685,0.8143428564071655,0.19607894122600555,0.22750252485275269,0.6063295602798462,0.9970321655273438,0.8219216465950012,0.18965551257133484,-0.008368552662432194,0.9443535804748535,0.998084545135498,0.7928276062011719,0.16513319313526154,0.16932184994220734,0.609912633895874,0.9966187477111816,0.7924267053604126,0.16124014556407928,-0.0802268534898758,0.9511367082595825,0.9971336126327515
22,748,True,0.5482773184776306,0.22632744908332825,0.019362905994057655,0.9965007901191711,0.9978355765342712,0.5360488295555115,0.2233261615037918,0.02708187699317932,0.9967102408409119,0.9974226951599121,0.5356861352920532,0.2236652672290802,0.02697642147541046,0.99608314037323,0.9972579479217529,0.535112202167511,0.22397558391094208,0.0268945824354887,0.9970429539680481,0.9969377517700195,0.5350884795188904,0.22368213534355164,-0.01047539059072733,0.9967910051345825,0.997917115688324,0.5338143110275269,0.22408518195152283,-0.010595171712338924,0.9963991045951843,0.9980858564376831,0.5322326421737671,0.22422297298908234,-0.010640979744493961,0.9972598552703857,0.9981548190116882,0.526777446269989,0.23070557415485382,0.07485458999872208,0.99530029296875,0.9969515800476074,0.5238898396492004,0.2313341349363327,-0.09597370028495789,0.9960286617279053,0.998497724533081,0.5480847954750061,0.2310800999403,0.04239550605416298,0.9950656890869141,0.9980997443199158,0.5464248061180115,0.23103192448616028,-0.007729099132120609,0.9954035878181458,0.9984551668167114,0.5470449924468994,0.2494715452194214,0.1649588942527771,0.9964682459831238,0.998672366142273,0.5409473776817322,0.24599793553352356,-0.1863781362771988,0.9992252588272095,0.9994138479232788,0.5487711429595947,0.24177145957946777,0.2730537950992584,0.05430244654417038,0.9918253421783447,0.5387685894966125,0.23311717808246613,-0.20687465369701385,0.9245217442512512,0.9981542229652405,0.5657498836517334,0.25899484753608704,0.30845603346824646,0.06014707311987877,0.9439903497695923,0.5641621351242065,0.2461157739162445,-0.056225065141916275,0.7386735081672668,0.9817675948143005,0.5703176259994507,0.26518937945365906,0.3395441770553589,0.07014984637498856,0.9277399778366089,0.551010251045227,0.2511419653892517,-0.07695353031158447,0.6811664700508118,0.9716193675994873,0.5744838118553162,0.2662176191806793,0.3231830298900604,0.07143513858318329,0.9269019365310669,0.5649726986885071,0.2555757164955139,-0.06809930503368378,0.6769039630889893,0.9730910062789917,0.5737775564193726,0.2632811367511749,0.30559033155441284,0.07720014452934265,0.9346985220909119,0.5810956954956055,0.2529020309448242,-0.0523076206445694,0.6536559462547302,0.9770925045013428,0.6853926181793213,0.2827511429786682,0.13804443180561066,0.997343122959137,0.9820175766944885,0.6861259341239929,0.2836158573627472,-0.13792146742343903,0.9986176490783691,0.9908871650695801,0.688514232635498,0.2046562135219574,0.13273794949054718,0.38958287239074707,0.9939566850662231,0.6901023387908936,0.20329153537750244,-0.11661011725664139,0.9635857939720154,0.9974935054779053,0.8047155737876892,0.16539591550827026,0.19631260633468628,0.4685719311237335,0.9910093545913696,0.8090363144874573,0.16566166281700134,-0.03854610025882721,0.9565693140029907,0.9954979419708252,0.8283219933509827,0.16551046073436737,0.19901753962039948,0.5813708305358887,0.9888082146644592,0.8310554623603821,0.16641446948051453,-0.03112879768013954,0.9490355253219604,0.9935478568077087,0.7981479167938232,0.1455976665019989,0.14548131823539734,0.5829470157623291,0.988565981388092,0.795836865901947,0.1437898427248001,-0.08144395798444748,0.9549223780632019,0.9917995929718018
23,782,True,0.5525078177452087,0.22710518538951874,0.11808538436889648,0.9958879947662354,0.998375654220581,0.5440499186515808,0.22828368842601776,0.12477516382932663,0.9963781237602234,0.997734546661377,0.543775200843811,0.22893956303596497,0.12468147277832031,0.9957594275474548,0.9977858066558838,0.5434857606887817,0.2295520007610321,0.12458483129739761,0.9968059062957764,0.9977182149887085,0.5440219640731812,0.22792907059192657,0.09731022268533707,0.9961264133453369,0.9975351095199585,0.5435784459114075,0.22829516232013702,0.09719397127628326,0.9954865574836731,0.9974368214607239,0.5430005192756653,0.22874681651592255,0.09722261130809784,0.9965248703956604,0.9971484541893005,0.542509913444519,0.23482434451580048,0.16021159291267395,0.9951065182685852,0.998017430305481,0.5427493453025818,0.23392149806022644,0.036629900336265564,0.9948229193687439,0.9969024062156677,0.557062566280365,0.23231303691864014,0.1356046050786972,0.9951263070106506,0.999437153339386,0.5508027076721191,0.23181772232055664,0.09905683994293213,0.9953756928443909,0.9993101358413696,0.5779397487640381,0.24923864006996155,0.16725634038448334,0.9967454075813293,0.9998660087585449,0.5610958337783813,0.24052739143371582,-0.061127472668886185,0.9992859363555908,0.9998537302017212,0.603128969669342,0.25240659713745117,0.2837277948856354,0.05201840028166771,0.9996739625930786,0.5430028438568115,0.22376418113708496,-0.10530320554971695,0.9265982508659363,0.9998406171798706,0.6543440222740173,0.2694111466407776,0.286183625459671,0.05706445500254631,0.995482325553894,0.5626093149185181,0.20998239517211914,-0.061524663120508194,0.7475436329841614,0.9981439113616943,0.6707481145858765,0.27765098214149475,0.29697856307029724,0.06686437129974365,0.9929746389389038,0.5441606640815735,0.20791247487068176,-0.0901675894856453,0.6928910613059998,0.9957764744758606,0.6691046357154846,0.2785657048225403,0.27273768186569214,0.06798417866230011,0.9931708574295044,0.5489218831062317,0.2079850137233734,-0.07114595919847488,0.6884140372276306,0.9964810609817505,0.6635109186172485,0.2745365798473358,0.2767404317855835,0.07371354848146439,0.9943403005599976,0.5650604963302612,0.20947253704071045,-0.054463740438222885,0.6641948819160461,0.9971729516983032,0.7061076164245605,0.2697913348674774,0.12470493465662003,0.997525155544281,0.9984508752822876,0.708046019077301,0.26969650387763977,-0.12464264035224915,0.9986960291862488,0.9989921450614929,0.7171623110771179,0.1925469934940338,0.1273968368768692,0.36477088928222656,0.9985747337341309,0.7084211707115173,0.1929417997598648,-0.1245090663433075,0.9647367596626282,0.999596893787384,0.8208671808242798,0.14564144611358643,0.13261453807353973,0.4431190490722656,0.9971677660942078,0.8221917152404785,0.14212588965892792,-0.04962944611907005,0.9560153484344482,0.9988228678703308,0.8420035243034363,0.14294099807739258,0.1314202845096588,0.563206136226654,0.9967137575149536,0.8455724716186523,0.14041903614997864,-0.037911199033260345,0.9506275057792664,0.9982726573944092,0.8271783590316772,0.11195655167102814,0.07100605964660645,0.5586535334587097,0.995652437210083,0.8124063014984131,0.10600054264068604,-0.13201487064361572,0.9546222686767578,0.9972149133682251
24,816,True,0.5627338290214539,0.22783827781677246,0.18202796578407288,0.9952102899551392,0.9932075142860413,0.5552852153778076,0.22702522575855255,0.18960325419902802,0.9959772825241089,0.9909181594848633,0.5545333027839661,0.22773459553718567,0.18950922787189484,0.9953252077102661,0.9906755685806274,0.5537880659103394,0.22840146720409393,0.18944580852985382,0.9963728785514832,0.9898749589920044,0.5551851391792297,0.22627472877502441,0.15968596935272217,0.995787501335144,0.9925320744514465,0.5541795492172241,0.22645166516304016,0.15951433777809143,0.9951743483543396,0.9932117462158203,0.5531089305877686,0.22678351402282715,0.1595238596200943,0.9963048100471497,0.9933799505233765,0.5478662848472595,0.23331567645072937,0.215530127286911,0.9948841333389282,0.9897781014442444,0.5477939248085022,0.23112726211547852,0.08019435405731201,0.994748592376709,0.9941404461860657,0.5632882714271545,0.23079517483711243,0.19515813887119293,0.9950538873672485,0.9951440095901489,0.5611780881881714,0.2304362803697586,0.15535704791545868,0.9953760504722595,0.9959982633590698,0.5692204833030701,0.24750666320323944,0.25375908613204956,0.9966697096824646,0.9971394538879395,0.5564992427825928,0.23930737376213074,-0.035059429705142975,0.9993202686309814,0.999092698097229,0.5697983503341675,0.23952428996562958,0.3935837149620056,0.05029682442545891,0.9945834279060364,0.5422588586807251,0.2264246642589569,-0.07064300030469894,0.9252355694770813,0.9980884194374084,0.6088054776191711,0.23113326728343964,0.5001085996627808,0.05343635752797127,0.9701400399208069,0.5582790970802307,0.21860158443450928,0.034081995487213135,0.735398530960083,0.9902731776237488,0.5918830633163452,0.23193490505218506,0.5283730626106262,0.06237870454788208,0.957089364528656,0.5412468314170837,0.21753954887390137,0.02520427666604519,0.6818544864654541,0.9815711379051208,0.5976959466934204,0.229887455701828,0.5103814601898193,0.06335040926933289,0.9526355862617493,0.5479157567024231,0.2184615582227707,0.03768201172351837,0.677861750125885,0.9813098907470703,0.6017097234725952,0.2292807400226593,0.49387216567993164,0.06891751289367676,0.9627695083618164,0.5627647042274475,0.2192409336566925,0.041129231452941895,0.6530528664588928,0.9848653078079224,0.7054437398910522,0.2583494782447815,0.11550296097993851,0.99720698595047,0.9610253572463989,0.7050263285636902,0.25714072585105896,-0.11549999564886093,0.998487651348114,0.9832466244697571,0.7422010898590088,0.18233907222747803,0.07817093282938004,0.3509351313114166,0.971335768699646,0.7278276085853577,0.1774858683347702,-0.11984039843082428,0.9639014601707458,0.9943972826004028,0.8346521854400635,0.13019876182079315,0.07095029950141907,0.42575404047966003,0.9629637002944946,0.8348527550697327,0.1248299852013588,-0.13220128417015076,0.9536954164505005,0.986754834651947,0.8557870388031006,0.128773033618927,0.06855458766222,0.5545780658721924,0.9642722010612488,0.8553500771522522,0.12210829555988312,-0.13234785199165344,0.9505733251571655,0.9822860360145569,0.8481162190437317,0.09971198439598083,0.021818730980157852,0.5377850532531738,0.955221951007843,0.8279979228973389,0.08742018043994904,-0.18622902035713196,0.9497042298316956,0.9730662703514099
25,850,True,0.5699618458747864,0.2302340567111969,0.2694069743156433,0.9916025400161743,0.9969863295555115,0.5624070763587952,0.23185715079307556,0.27858954668045044,0.9930197596549988,0.996404767036438,0.5618404746055603,0.23225533962249756,0.2785119116306305,0.9921067357063293,0.9965376853942871,0.5612801313400269,0.23260588943958282,0.27848342061042786,0.9940119981765747,0.9964661598205566,0.5625027418136597,0.2313341349363327,0.2530660331249237,0.9933313131332397,0.996507465839386,0.5618910789489746,0.2313883751630783,0.25290918350219727,0.9924769997596741,0.9966339468955994,0.5612591505050659,0.23166926205158234,0.25296106934547424,0.9942307472229004,0.9965214729309082,0.5579347014427185,0.2347959727048874,0.3029524087905884,0.9931175112724304,0.9968326687812805,0.558229386806488,0.23309259116649628,0.1885519176721573,0.9928035140037537,0.996823787689209,0.5722048282623291,0.23175938427448273,0.2809031903743744,0.9935994744300842,0.9978445768356323,0.5723049640655518,0.23159439861774445,0.24678722023963928,0.9943353533744812,0.9978824257850647,0.5793465375900269,0.24140730500221252,0.32239463925361633,0.9968177676200867,0.9986609220504761,0.5672852396965027,0.2368256151676178,0.0725298672914505,0.9993637204170227,0.998986542224884,0.5760570764541626,0.2285645455121994,0.42557135224342346,0.05106356739997864,0.9987313151359558,0.5396613478660583,0.21790547668933868,0.058911751955747604,0.9182807207107544,0.9991200566291809,0.5857685804367065,0.22777345776557922,0.5343779921531677,0.05171770974993706,0.9947702288627625,0.546485185623169,0.211105078458786,0.18849201500415802,0.7133812308311462,0.9966880679130554,0.5857994556427002,0.23006585240364075,0.5585082769393921,0.059506822377443314,0.9907813668251038,0.5344005823135376,0.2090405970811844,0.1849270910024643,0.6587594747543335,0.9925622344017029,0.5888870358467102,0.22904905676841736,0.5483672022819519,0.06026322767138481,0.9899294972419739,0.5443653464317322,0.21148231625556946,0.1949392557144165,0.6538477540016174,0.9924336671829224,0.5879719257354736,0.227829247713089,0.5319376587867737,0.06596110016107559,0.9927836656570435,0.5603731870651245,0.2124572992324829,0.19413051009178162,0.6299363374710083,0.9948469400405884,0.7149916887283325,0.23935377597808838,0.10449156165122986,0.9972787499427795,0.9924746155738831,0.7186399698257446,0.24009951949119568,-0.10459037125110626,0.9985096454620361,0.9949086308479309,0.7742273211479187,0.1732344925403595,0.048254139721393585,0.33949488401412964,0.9872801899909973,0.7705730199813843,0.1679472029209137,-0.12889881432056427,0.950842022895813,0.9948034882545471,0.8645597696304321,0.11529465019702911,-0.0025491693522781134,0.4073368012905121,0.9828861355781555,0.8724215030670166,0.11103983968496323,-0.2069503366947174,0.9340775609016418,0.9904775619506836,0.886972188949585,0.11850994825363159,-0.01217488944530487,0.5480124354362488,0.984835684299469,0.894098162651062,0.10993605852127075,-0.2142128348350525,0.9410586357116699,0.9875525236129761,0.8864555954933167,0.08963591605424881,-0.06136423349380493,0.5146973133087158,0.9762114882469177,0.8867942690849304,0.07817642390727997,-0.27111193537712097,0.9276237487792969,0.9817055463790894
26,884,True,0.573921263217926,0.23031644523143768,0.18670302629470825,0.9893084764480591,0.9769015908241272,0.5675498247146606,0.22953703999519348,0.19380450248718262,0.9908847808837891,0.9723208546638489,0.5670936107635498,0.2302347868680954,0.1937294900417328,0.9895479679107666,0.9740939736366272,0.5666326880455017,0.23086753487586975,0.19364310801029205,0.9924235343933105,0.9741631150245667,0.5674229264259338,0.22859342396259308,0.16365686058998108,0.9915109276771545,0.9727129936218262,0.5668234825134277,0.22865848243236542,0.1635022908449173,0.9904669523239136,0.9740162491798401,0.5662426352500916,0.22898253798484802,0.16352079808712006,0.9928133487701416,0.9739607572555542,0.5639365911483765,0.23398283123970032,0.23766934871673584,0.9916284680366516,0.9769896268844604,0.5637114644050598,0.23141154646873474,0.08832491934299469,0.9912765026092529,0.9770520329475403,0.5806325078010559,0.2280614823102951,0.2024746835231781,0.9911876320838928,0.9810669422149658,0.5807420015335083,0.2269553244113922,0.16242647171020508,0.9927068948745728,0.982507050037384,0.5943513512611389,0.23734457790851593,0.3137263357639313,0.9966404438018799,0.9930647015571594,0.5682909488677979,0.23626331984996796,-0.0170602910220623,0.9993225336074829,0.9957500696182251,0.5965995192527771,0.21898046135902405,0.3843784034252167,0.0544905886054039,0.9945873022079468,0.547209620475769,0.21163015067577362,-0.03069833666086197,0.9095693826675415,0.9970769882202148,0.5861240029335022,0.20441322028636932,0.4573962688446045,0.052906785160303116,0.984725296497345,0.5447396039962769,0.2015412598848343,0.1240827739238739,0.6921126842498779,0.9912216663360596,0.578214704990387,0.205015629529953,0.4849804639816284,0.06003816798329353,0.9796890616416931,0.5362619757652283,0.19331686198711395,0.12127625197172165,0.6367782354354858,0.9852111339569092,0.5810757279396057,0.20464782416820526,0.46455320715904236,0.06069110333919525,0.9755266308784485,0.5440353751182556,0.1946595162153244,0.13755430281162262,0.6312413811683655,0.983819305896759,0.5801024436950684,0.20456933975219727,0.45034047961235046,0.06656934320926666,0.9795096516609192,0.5536986589431763,0.20145848393440247,0.13282029330730438,0.6070295572280884,0.9877750873565674,0.7361630797386169,0.2247084677219391,0.10245802253484726,0.9971190690994263,0.9852840900421143,0.7410489320755005,0.22447124123573303,-0.10268725454807281,0.9984112977981567,0.9872293472290039,0.7969749569892883,0.1647404283285141,0.0589868538081646,0.333214670419693,0.9843167066574097,0.8076394200325012,0.15894100069999695,-0.11449237167835236,0.9393008947372437,0.9902672171592712,0.8963460922241211,0.11100824177265167,0.04674345627427101,0.4085715711116791,0.9828577041625977,0.9047321677207947,0.10416386276483536,-0.17001032829284668,0.9279167652130127,0.9857280850410461,0.9198051691055298,0.11237546056509018,0.04274911433458328,0.5544602870941162,0.9819497466087341,0.9264010787010193,0.1028047651052475,-0.1743963360786438,0.9337339401245117,0.9811745882034302,0.9222855567932129,0.0843873918056488,-0.010677790269255638,0.5174864530563354,0.9776731729507446,0.9252176880836487,0.07102155685424805,-0.24499796330928802,0.9201108813285828,0.9747962355613708
27,918,True,0.5674259066581726,0.21843309700489044,0.1373974233865738,0.9890215992927551,0.9888017177581787,0.5583073496818542,0.2213531732559204,0.13834992051124573,0.9906383752822876,0.9893506169319153,0.5575273036956787,0.22241905331611633,0.1382603794336319,0.9891873598098755,0.9895067811012268,0.5566983819007874,0.22343727946281433,0.1381247490644455,0.9921844005584717,0.9889927506446838,0.5589357018470764,0.22034060955047607,0.1064176857471466,0.9914070963859558,0.9901699423789978,0.5584606528282166,0.22068151831626892,0.10631167143583298,0.9904024004936218,0.990562379360199,0.5580132603645325,0.2212354838848114,0.10630181431770325,0.9927575588226318,0.9907423853874207,0.5530337691307068,0.22952039539813995,0.16184067726135254,0.9916389584541321,0.9900182485580444,0.5552330613136292,0.22653408348560333,0.014259612187743187,0.9914172887802124,0.9926047325134277,0.572570264339447,0.2207489311695099,0.1515239030122757,0.9906966090202332,0.9846282005310059,0.5692247152328491,0.22439894080162048,0.10900692641735077,0.9924032092094421,0.9872940182685852,0.585028350353241,0.23501701653003693,0.22714965045452118,0.9964131712913513,0.9907746911048889,0.5708426237106323,0.23132750391960144,-0.072288878262043,0.9992462396621704,0.9961221814155579,0.5819099545478821,0.2100995033979416,0.30099448561668396,0.057972315698862076,0.9915213584899902,0.5589950084686279,0.19835546612739563,-0.07525230944156647,0.9039385914802551,0.9956862926483154,0.5792334079742432,0.19997471570968628,0.3348555862903595,0.052998997271060944,0.9652929306030273,0.5594015121459961,0.18899980187416077,0.07690593600273132,0.6812090277671814,0.9695862531661987,0.5760952830314636,0.19973209500312805,0.35700610280036926,0.05932766944169998,0.9546463489532471,0.5566379427909851,0.18763139843940735,0.06688034534454346,0.6253498196601868,0.9535011053085327,0.5781825184822083,0.19906707108020782,0.3339689075946808,0.059958554804325104,0.9488803744316101,0.563244104385376,0.1895199567079544,0.08093728870153427,0.6193261742591858,0.9513345956802368,0.5781311988830566,0.19823890924453735,0.32573434710502625,0.06586883962154388,0.9526866674423218,0.5664931535720825,0.19053193926811218,0.08510272949934006,0.5933313369750977,0.960233747959137,0.7396215796470642,0.21037253737449646,0.10057108104228973,0.9971398115158081,0.9902263879776001,0.747200608253479,0.20945775508880615,-0.10058213025331497,0.9984447360038757,0.9933653473854065,0.8239604234695435,0.15493179857730865,0.06904267519712448,0.3349568843841553,0.9871618151664734,0.8382773399353027,0.14757734537124634,-0.1059754490852356,0.9357221722602844,0.9912580847740173,0.9218389987945557,0.106414794921875,0.07231080532073975,0.41329464316368103,0.9764559268951416,0.9343615770339966,0.0966954380273819,-0.13803505897521973,0.9281739592552185,0.9808354377746582,0.9447292685508728,0.11014087498188019,0.07381190359592438,0.5544053316116333,0.9702890515327454,0.9589595198631287,0.09710018336772919,-0.14529745280742645,0.930413007736206,0.9721018671989441,0.9408866167068481,0.08231399208307266,0.0006663366220891476,0.5195203423500061,0.9669172763824463,0.9522716999053955,0.0615055076777935,-0.2217078059911728,0.9183955788612366,0.9570011496543884
28,952,True,0.5734188556671143,0.20835933089256287,0.05700467526912689,0.9871369004249573,0.9635213613510132,0.566667914390564,0.2153342217206955,0.06318331509828568,0.9888836145401001,0.9689528942108154,0.5657511949539185,0.2118217498064041,0.06311047077178955,0.9866911768913269,0.9690208435058594,0.5652166604995728,0.21249644458293915,0.06298040598630905,0.9904050230979919,0.967864453792572,0.5663502812385559,0.2110547572374344,0.02926754206418991,0.989914059638977,0.9711549282073975,0.5658456683158875,0.21185724437236786,0.029135724529623985,0.9889050126075745,0.9720458388328552,0.5654312372207642,0.21283745765686035,0.029101282358169556,0.9915962219238281,0.9727694392204285,0.5640239119529724,0.21960437297821045,0.10645335167646408,0.9901562929153442,0.9701390266418457,0.5646646618843079,0.21986980736255646,-0.04532625526189804,0.9904323816299438,0.9751729965209961,0.583708643913269,0.21180419623851776,0.07941967993974686,0.9886779189109802,0.9436960816383362,0.5815892815589905,0.21315188705921173,0.03462158888578415,0.9905113577842712,0.9528659582138062,0.6030705571174622,0.2226051539182663,0.19443157315254211,0.9935416579246521,0.9720587134361267,0.5973381400108337,0.2270665466785431,-0.1353861540555954,0.998655378818512,0.974946141242981,0.578974187374115,0.1964658945798874,0.27943533658981323,0.06275802850723267,0.9841521978378296,0.5717458724975586,0.2029687613248825,-0.16068226099014282,0.9010441303253174,0.9694432616233826,0.5694737434387207,0.19113346934318542,0.2981937825679779,0.054617203772068024,0.9496030211448669,0.5583537817001343,0.19086457788944244,-0.048906177282333374,0.6720539927482605,0.910285234451294,0.5637679696083069,0.190913587808609,0.31165367364883423,0.05994146689772606,0.9347689151763916,0.5557923316955566,0.18862953782081604,-0.06577343493700027,0.6164015531539917,0.8991685509681702,0.5643033385276794,0.1907300502061844,0.29442092776298523,0.06056946888566017,0.929664671421051,0.5593827366828918,0.1890079528093338,-0.055695392191410065,0.6102513670921326,0.8964950442314148,0.5668366551399231,0.19030751287937164,0.28975775837898254,0.06654777377843857,0.9337556958198547,0.5617397427558899,0.19046440720558167,-0.04255077987909317,0.5831729769706726,0.9026351571083069,0.7652836441993713,0.19401106238365173,0.10347825288772583,0.99629807472229,0.9855729937553406,0.7706625461578369,0.19723398983478546,-0.10343904793262482,0.9979885220527649,0.9827380776405334,0.8539515733718872,0.1418769508600235,0.09760089218616486,0.32966184616088867,0.97444748878479,0.8667832016944885,0.13873383402824402,-0.10078158974647522,0.9297156929969788,0.967659592628479,0.9538717269897461,0.09895555675029755,0.09723182022571564,0.4108390510082245,0.9513515830039978,0.9654337763786316,0.09257292747497559,-0.10545322299003601,0.921510636806488,0.9488803744316101,0.9740229845046997,0.1023484617471695,0.09255167841911316,0.5492953062057495,0.9350676536560059,0.9870246648788452,0.09509797394275665,-0.10817702859640121,0.9211222529411316,0.9338082671165466,0.9605258703231812,0.06718189269304276,0.0025438915472477674,0.5152514576911926,0.9331399202346802,0.9869808554649353,0.05411909148097038,-0.17217883467674255,0.9094670414924622,0.9198027849197388
29,986,True,0.5742146968841553,0.1901615411043167,0.01390055287629366,0.9873179793357849,0.9944828748703003,0.5654005408287048,0.19152215123176575,0.024144958704710007,0.9886265397071838,0.9949935078620911,0.5650719404220581,0.19207414984703064,0.0241119172424078,0.986116886138916,0.9946674108505249,0.5651949048042297,0.19414666295051575,0.02407636120915413,0.9900612235069275,0.994002640247345,0.5645300149917603,0.19070352613925934,-0.015434838831424713,0.9899699091911316,0.9958451390266418,0.5643723607063293,0.19276271760463715,-0.015576005913317204,0.9891579151153564,0.9962092638015747,0.5635283589363098,0.1938086748123169,-0.015615422278642654,0.9918002486228943,0.9963376522064209,0.560554563999176,0.2030436098575592,0.07900222390890121,0.9903793931007385,0.9942432045936584,0.5593078136444092,0.20391106605529785,-0.10046542435884476,0.9910094141960144,0.9972236156463623,0.5814783573150635,0.19635894894599915,0.03924368694424629,0.9889241456985474,0.9860804677009583,0.5797930955886841,0.19643355906009674,-0.013705144636332989,0.9907620549201965,0.9904380440711975,0.5984913110733032,0.21677124500274658,0.1701333075761795,0.9924556016921997,0.9772083759307861,0.587013304233551,0.22284650802612305,-0.1782686412334442,0.9984692335128784,0.9864011406898499,0.5498514175415039,0.19846534729003906,0.28025543689727783,0.08059512823820114,0.9781313538551331,0.5638092756271362,0.20962736010551453,-0.19450584053993225,0.9076777696609497,0.9703519344329834,0.5418800115585327,0.2057134211063385,0.3307769000530243,0.055096790194511414,0.9505299925804138,0.5475510358810425,0.19490255415439606,-0.02725449576973915,0.669231653213501,0.943743109703064,0.5440176725387573,0.2139979600906372,0.34889671206474304,0.05803709849715233,0.937004029750824,0.5446075797080994,0.21111230552196503,-0.04364702105522156,0.6039019227027893,0.9209256768226624,0.5468845963478088,0.20964455604553223,0.32685431838035583,0.05866968631744385,0.9283071160316467,0.554983377456665,0.21416835486888885,-0.030221275985240936,0.5983994007110596,0.9116761684417725,0.5479525327682495,0.20814242959022522,0.31306618452072144,0.06500346958637238,0.9352422952651978,0.5564164519309998,0.20495669543743134,-0.020335379987955093,0.5724353790283203,0.9281458258628845,0.7738958597183228,0.18798314034938812,0.10607008635997772,0.9949979186058044,0.9588090777397156,0.7763661742210388,0.19342266023159027,-0.10603201389312744,0.9969622492790222,0.9617911577224731,0.8692656755447388,0.14184750616550446,0.11328516900539398,0.3172008991241455,0.8900684118270874,0.8739798665046692,0.1430947333574295,-0.10308133065700531,0.9248461723327637,0.8746603727340698,0.9735885858535767,0.10901752859354019,0.14023694396018982,0.391308069229126,0.7841221690177917,0.9824692606925964,0.10876238346099854,-0.08215925842523575,0.9007883667945862,0.8105841279029846,0.9967932105064392,0.11016732454299927,0.13946561515331268,0.5264730453491211,0.7495694756507874,1.0098236799240112,0.11267390102148056,-0.07979750633239746,0.8992453813552856,0.7812719345092773,0.9942175149917603,0.08166460692882538,0.08641214668750763,0.49427923560142517,0.7994519472122192,1.0090577602386475,0.07773945480585098,-0.12057498097419739,0.8881109952926636,0.781554639339447
30,1020,True,0.582683265209198,0.18186911940574646,-0.003915168344974518,0.9881396293640137,0.9975257515907288,0.5737220048904419,0.18233008682727814,0.007780726533383131,0.9890986084938049,0.9974566102027893,0.573585569858551,0.1830616444349289,0.007779071573168039,0.9864804148674011,0.9972125887870789,0.5733381509780884,0.1840493381023407,0.007771576754748821,0.9903833866119385,0.9967660903930664,0.5723047256469727,0.18226216733455658,-0.03266149014234543,0.9905619025230408,0.9979647397994995,0.5713688135147095,0.18320658802986145,-0.032784536480903625,0.9898567199707031,0.9981511235237122,0.5701878666877747,0.1841944009065628,-0.03280644863843918,0.99234539270401,0.9982011318206787,0.5679544806480408,0.19240708649158478,0.06744824349880219,0.9909948110580444,0.9967979788780212,0.5651537179946899,0.19413131475448608,-0.11685682088136673,0.9917620420455933,0.9986720085144043,0.5883027911186218,0.18703973293304443,0.022710485383868217,0.9895659685134888,0.9908959269523621,0.58658766746521,0.18739286065101624,-0.031658001244068146,0.9913908243179321,0.9945011138916016,0.6070318222045898,0.21027925610542297,0.15782423317432404,0.991202712059021,0.9682244062423706,0.603434145450592,0.21644476056098938,-0.1915249526500702,0.998406708240509,0.9889709949493408,0.5423340797424316,0.19663187861442566,0.2679678499698639,0.09422748535871506,0.9653464555740356,0.5576457977294922,0.2129114419221878,-0.22935989499092102,0.9152737259864807,0.969231128692627,0.5429139733314514,0.20947220921516418,0.3451308012008667,0.05441739782691002,0.9483963847160339,0.5484716892242432,0.20371875166893005,-0.04694845899939537,0.6705322265625,0.9577630758285522,0.543708860874176,0.21873286366462708,0.36437466740608215,0.055457986891269684,0.9402932524681091,0.5444744229316711,0.21448950469493866,-0.058755092322826385,0.5930254459381104,0.938475489616394,0.5495048761367798,0.2167624533176422,0.35042804479599,0.05605662614107132,0.93306964635849,0.5552414655685425,0.21473607420921326,-0.04568289592862129,0.587537944316864,0.9337544441223145,0.5507501363754272,0.2154277116060257,0.32589513063430786,0.06257065385580063,0.9370959997177124,0.5565398335456848,0.20901651680469513,-0.03949608653783798,0.5628395080566406,0.9474774599075317,0.7883531451225281,0.1824249029159546,0.10751853883266449,0.9933089017868042,0.9480729103088379,0.7923524379730225,0.18752796947956085,-0.10748917609453201,0.99602872133255,0.9623516798019409,0.886487603187561,0.1359199732542038,0.10976937413215637,0.31220459938049316,0.8672590255737305,0.8892778754234314,0.14129798114299774,-0.10773026198148727,0.9249567985534668,0.8732166290283203,1.0035651922225952,0.12091729789972305,0.15090526640415192,0.37881770730018616,0.8080897331237793,1.017416000366211,0.11825276911258698,-0.08954839408397675,0.8931209444999695,0.8031947612762451,1.0228322744369507,0.12569789588451385,0.15323732793331146,0.5111358761787415,0.7753177285194397,1.0377739667892456,0.12314154207706451,-0.08678579330444336,0.8861323595046997,0.7717218995094299,1.0267393589019775,0.09629872441291809,0.11364984512329102,0.48148083686828613,0.8160902261734009,1.0437015295028687,0.08948053419589996,-0.12963777780532837,0.8777489066123962,0.7588515281677246
31,1054,True,0.589304506778717,0.17415055632591248,0.002097261371091008,0.9889201521873474,0.9971266388893127,0.5784260034561157,0.1751977801322937,0.011942380107939243,0.9895563721656799,0.9968484044075012,0.5782932043075562,0.1760779321193695,0.011913204565644264,0.9868794679641724,0.9966272711753845,0.5780447721481323,0.177069753408432,0.011881772428750992,0.9907419681549072,0.9961687922477722,0.5772221088409424,0.1753028780221939,-0.02691110037267208,0.9911062717437744,0.9973641037940979,0.5763559937477112,0.1762845814228058,-0.02704133465886116,0.9904781579971313,0.9976087808609009,0.5754284858703613,0.17743812501430511,-0.027057761326432228,0.9928278923034668,0.9976502060890198,0.5754129886627197,0.1854906678199768,0.06362102925777435,0.9915798306465149,0.9964309930801392,0.5735365748405457,0.18723812699317932,-0.11401194334030151,0.9924300312995911,0.9984112977981567,0.5955246090888977,0.17970731854438782,0.025960057973861694,0.9901707172393799,0.9908112287521362,0.594144344329834,0.18041490018367767,-0.026436254382133484,0.9919703602790833,0.9943428039550781,0.6179690361022949,0.2059928923845291,0.14964476227760315,0.9906439781188965,0.9667783379554749,0.612158477306366,0.2106742560863495,-0.18731757998466492,0.9984011054039001,0.990658164024353,0.5503734350204468,0.19219759106636047,0.27033138275146484,0.10186661779880524,0.9455943703651428,0.5584576725959778,0.2093174159526825,-0.21536657214164734,0.9221214652061462,0.9645900130271912,0.5484536290168762,0.19634568691253662,0.3799585700035095,0.05271840840578079,0.9317376017570496,0.5512793064117432,0.19986943900585175,-0.045442722737789154,0.6691795587539673,0.9649709463119507,0.5447118878364563,0.19892194867134094,0.4078536033630371,0.052513640373945236,0.9248625636100769,0.5457702279090881,0.20285382866859436,-0.036892522126436234,0.5797356963157654,0.9469314217567444,0.5577172040939331,0.19714954495429993,0.402695894241333,0.053092118352651596,0.9144120812416077,0.561008095741272,0.20066504180431366,-0.017454275861382484,0.573849618434906,0.9428333640098572,0.5598836541175842,0.1966104656457901,0.37382709980010986,0.05969272926449776,0.919853925704956,0.5640281438827515,0.19907085597515106,-0.029698345810174942,0.5505421757698059,0.9565867781639099,0.8039147257804871,0.17967315018177032,0.10430908203125,0.9913807511329651,0.9433844089508057,0.8057010173797607,0.1849614679813385,-0.1042352020740509,0.9950703978538513,0.9606509804725647,0.915587306022644,0.14235208928585052,0.09667683392763138,0.31588664650917053,0.8566114902496338,0.9175752997398376,0.14689895510673523,-0.10984229296445847,0.9257715940475464,0.8679561018943787,1.033787727355957,0.13254550099372864,0.15725764632225037,0.3721010684967041,0.7506902813911438,1.0425901412963867,0.12573987245559692,-0.07748931646347046,0.8877519369125366,0.7243306040763855,1.0515997409820557,0.13763344287872314,0.16239064931869507,0.49951767921447754,0.7001157999038696,1.0616798400878906,0.1301867514848709,-0.07352085411548615,0.8741316795349121,0.684252917766571,1.061718225479126,0.10999393463134766,0.12778539955615997,0.47342827916145325,0.7435659766197205,1.07260262966156,0.09961002320051193,-0.11742283403873444,0.8687028884887695,0.6593264937400818
32,1088,True,0.5923014879226685,0.17273464798927307,-0.014957220293581486,0.9889830350875854,0.9889683127403259,0.582286536693573,0.17376913130283356,-0.005007687956094742,0.9887961149215698,0.9882474541664124,0.5823187232017517,0.17458942532539368,-0.005037803668528795,0.9855574369430542,0.9875467419624329,0.58219975233078,0.17554330825805664,-0.005083591211587191,0.9899731874465942,0.9862479567527771,0.5804703235626221,0.17415574193000793,-0.04248444363474846,0.99092036485672,0.9898877739906311,0.5786861777305603,0.1754206120967865,-0.04259980842471123,0.9904468655586243,0.990861177444458,0.5776160955429077,0.17720229923725128,-0.04262777045369148,0.9928249716758728,0.9910361766815186,0.5811992883682251,0.18427224457263947,0.05341470614075661,0.991568922996521,0.986473560333252,0.5780139565467834,0.1872023344039917,-0.11823490262031555,0.9927797913551331,0.9932241439819336,0.5995616316795349,0.1777685433626175,0.011578741483390331,0.9899806380271912,0.9690718650817871,0.5978088974952698,0.1786661297082901,-0.039012521505355835,0.9920536279678345,0.9812377095222473,0.6255046129226685,0.2007567584514618,0.14744573831558228,0.9895824790000916,0.9432584643363953,0.6186646223068237,0.2106354534626007,-0.18674784898757935,0.9982655048370361,0.9801474809646606,0.5511816740036011,0.18598075211048126,0.26365986466407776,0.11786700040102005,0.9613838791847229,0.5560165643692017,0.20757004618644714,-0.2056094855070114,0.9279882311820984,0.9621073007583618,0.5486590266227722,0.1940467357635498,0.3827792704105377,0.05297834798693657,0.955048143863678,0.555404007434845,0.1978444755077362,-0.01326962560415268,0.6645891666412354,0.9626823663711548,0.5471001863479614,0.19771501421928406,0.4076741933822632,0.050667352974414825,0.9455984234809875,0.5497016906738281,0.1998012512922287,-0.009015214629471302,0.5657018423080444,0.9412364363670349,0.5611371397972107,0.19706273078918457,0.4054532051086426,0.05120975896716118,0.9387259483337402,0.5684855580329895,0.19779866933822632,0.005667903460562229,0.559806764125824,0.9363120794296265,0.5634239315986633,0.19594641029834747,0.3792119324207306,0.05813906714320183,0.9443458318710327,0.5721337795257568,0.1965532898902893,-0.0018318798393011093,0.5385220050811768,0.9521005153656006,0.8137729167938232,0.18064622581005096,0.10112106800079346,0.9901602864265442,0.953004002571106,0.8162520527839661,0.18846510350704193,-0.10106736421585083,0.9942396879196167,0.9629361629486084,0.9365270137786865,0.14877444505691528,0.0847717672586441,0.32077455520629883,0.8552952408790588,0.936960756778717,0.15545576810836792,-0.11053289473056793,0.9231243133544922,0.8461248874664307,1.0543546676635742,0.13964766263961792,0.1491825133562088,0.3690752387046814,0.7526592016220093,1.063158631324768,0.13561037182807922,-0.07600143551826477,0.8800661563873291,0.7306313514709473,1.0704476833343506,0.143387109041214,0.1534741222858429,0.4900585412979126,0.7012577056884766,1.0798112154006958,0.13644902408123016,-0.07269927859306335,0.8570168614387512,0.6952077746391296,1.0862374305725098,0.11415541172027588,0.11422431468963623,0.4703981876373291,0.7333225011825562,1.0991617441177368,0.1018388420343399,-0.12453467398881912,0.8583258986473083,0.6699036359786987
33,1122,True,0.5989382863044739,0.17391271889209747,-0.014800772070884705,0.9890736937522888,0.9854831695556641,0.590725302696228,0.17538763582706451,-0.004971685353666544,0.9882000684738159,0.9850137829780579,0.5911132097244263,0.17612265050411224,-0.004995475988835096,0.984490692615509,0.9838300347328186,0.5913898944854736,0.1769406497478485,-0.0050445604138076305,0.9893965721130371,0.9816395044326782,0.5865964889526367,0.17608025670051575,-0.0426325798034668,0.990820586681366,0.9875249862670898,0.5855991244316101,0.1771741807460785,-0.04274493455886841,0.9905371069908142,0.9888423681259155,0.5846573114395142,0.17848974466323853,-0.04276592284440994,0.9929140210151672,0.9891141653060913,0.5912502408027649,0.18646958470344543,0.059061937034130096,0.9917052984237671,0.9803204536437988,0.5872334241867065,0.18956086039543152,-0.1136937215924263,0.993152916431427,0.9908498525619507,0.607048511505127,0.1785755306482315,0.014148125424981117,0.9895235300064087,0.9477108716964722,0.604463517665863,0.17918479442596436,-0.036701079457998276,0.9919628500938416,0.9693393111228943,0.6382395029067993,0.2014855593442917,0.15511438250541687,0.9873226284980774,0.8801556825637817,0.6258313655853271,0.20833894610404968,-0.17674610018730164,0.9979507327079773,0.9606931209564209,0.5532047152519226,0.18037660419940948,0.2720526158809662,0.13433989882469177,0.9524321556091309,0.5641017556190491,0.20434503257274628,-0.19335496425628662,0.9328345060348511,0.9586237668991089,0.5596595406532288,0.19611848890781403,0.40640848875045776,0.052719246596097946,0.9487313628196716,0.5654193162918091,0.19977828860282898,0.016238125041127205,0.6557326912879944,0.9522975087165833,0.55849289894104,0.20144708454608917,0.43097639083862305,0.048579227179288864,0.9412067532539368,0.5582972764968872,0.2032100409269333,0.0164692010730505,0.5494199991226196,0.9264870285987854,0.5754542350769043,0.20126822590827942,0.4328984022140503,0.04907294735312462,0.9342132210731506,0.5712506771087646,0.2023952305316925,0.028912890702486038,0.5438698530197144,0.9197204113006592,0.577253520488739,0.19930218160152435,0.405258446931839,0.056149955838918686,0.9389594197273254,0.5781306624412537,0.20007696747779846,0.024757016450166702,0.5248064398765564,0.9390047192573547,0.833886444568634,0.18269763886928558,0.10021322220563889,0.9886170625686646,0.9404065608978271,0.8351580500602722,0.18851998448371887,-0.10016301274299622,0.9932703971862793,0.9576958417892456,0.9598186016082764,0.1497172862291336,0.077557273209095,0.3264085650444031,0.8264682292938232,0.9653757810592651,0.15373341739177704,-0.11542315036058426,0.9207175970077515,0.8160411715507507,1.0807030200958252,0.1510111689567566,0.14617495238780975,0.37057510018348694,0.7478466629981995,1.0930171012878418,0.15232723951339722,-0.08110643178224564,0.8745681047439575,0.7242264747619629,1.0952645540237427,0.15962401032447815,0.1475730687379837,0.48644310235977173,0.6959462761878967,1.1066159009933472,0.16039712727069855,-0.07731950283050537,0.8432928919792175,0.6914966702461243,1.1173253059387207,0.1324867606163025,0.10531879216432571,0.4714992940425873,0.714296817779541,1.1362965106964111,0.13063880801200867,-0.1281774789094925,0.8500873446464539,0.6551541686058044
34,1156,True,0.6037116050720215,0.1740863025188446,-0.03501873463392258,0.989730954170227,0.9946398138999939,0.5937149524688721,0.17529387772083282,-0.02429480478167534,0.9886751770973206,0.9940645098686218,0.5940396785736084,0.17597733438014984,-0.02430487982928753,0.9850011467933655,0.9935630559921265,0.5942465662956238,0.1767856776714325,-0.024327214807271957,0.9897815585136414,0.9925448298454285,0.5911170244216919,0.17588955163955688,-0.06250657141208649,0.9913052916526794,0.9949729442596436,0.5900259017944336,0.1769915521144867,-0.06262673437595367,0.9910886883735657,0.9954330921173096,0.5874329209327698,0.17845658957958221,-0.06264811754226685,0.9933432936668396,0.9954276084899902,0.5960831642150879,0.1859569400548935,0.04403640329837799,0.9922093152999878,0.9922067523002625,0.5906775593757629,0.18933269381523132,-0.13128238916397095,0.9936842322349548,0.9962083101272583,0.6126565337181091,0.1785227656364441,-0.004627483896911144,0.9899964332580566,0.9794095754623413,0.6102755069732666,0.17908847332000732,-0.05623152107000351,0.9923804402351379,0.9875905513763428,0.6413060426712036,0.20011845231056213,0.14494021236896515,0.9868851900100708,0.9406878352165222,0.6325933933258057,0.2071051150560379,-0.187511146068573,0.9978623390197754,0.9803035259246826,0.5545269846916199,0.17653028666973114,0.26569825410842896,0.1523420363664627,0.9578626751899719,0.5723364353179932,0.20385995507240295,-0.19832569360733032,0.9375696182250977,0.9633236527442932,0.5622844099998474,0.19826814532279968,0.4075271487236023,0.052659399807453156,0.9579899907112122,0.5734007358551025,0.20222675800323486,0.016683319583535194,0.6516174674034119,0.9584254026412964,0.5610789060592651,0.20589105784893036,0.4312346875667572,0.046660907566547394,0.950070321559906,0.5635276436805725,0.20491783320903778,0.015147517435252666,0.5384084582328796,0.9334444999694824,0.5751936435699463,0.20525340735912323,0.43540650606155396,0.04718797281384468,0.9461824893951416,0.5758829116821289,0.20385392010211945,0.025452325120568275,0.5339598655700684,0.9296834468841553,0.5792246460914612,0.20238175988197327,0.4066370129585266,0.054482750594615936,0.9507701396942139,0.5792781114578247,0.20285451412200928,0.0238662026822567,0.5171031951904297,0.9474685788154602,0.8457865118980408,0.18619993329048157,0.09844396263360977,0.9866372346878052,0.9272173047065735,0.846919059753418,0.1906164437532425,-0.0980873629450798,0.9920374155044556,0.9528934955596924,0.9771138429641724,0.15581105649471283,0.07788132131099701,0.32781296968460083,0.7451125979423523,0.977073073387146,0.1593852937221527,-0.1157042607665062,0.9155910611152649,0.7302761673927307,1.0982115268707275,0.1579395830631256,0.15483970940113068,0.36365097761154175,0.5445204377174377,1.110538125038147,0.16373786330223083,-0.05564403161406517,0.8616827726364136,0.5743566751480103,1.113616943359375,0.16539926826953888,0.16055339574813843,0.47164249420166016,0.47774583101272583,1.125916838645935,0.17175069451332092,-0.04927462339401245,0.8211904764175415,0.536899983882904,1.1329846382141113,0.14236022531986237,0.11560991406440735,0.4669326841831207,0.5490037798881531,1.1522586345672607,0.14278289675712585,-0.10488730669021606,0.836601972579956,0.5238490700721741
35,1190,True,0.6053063869476318,0.17819523811340332,-0.0339454710483551,0.9902043342590332,0.9907069206237793,0.5960317254066467,0.17972439527511597,-0.02338230609893799,0.9887654185295105,0.9885737895965576,0.596842348575592,0.18013764917850494,-0.023397037759423256,0.9849926233291626,0.9874854683876038,0.5974512100219727,0.18071094155311584,-0.02343420498073101,0.9897990226745605,0.9857085943222046,0.5941010117530823,0.18068116903305054,-0.05909387767314911,0.9915350675582886,0.9905568361282349,0.5936009883880615,0.18184641003608704,-0.0592014417052269,0.9914151430130005,0.9914767146110535,0.5927003026008606,0.18319733440876007,-0.059218134731054306,0.9935964941978455,0.9914065599441528,0.6051791906356812,0.18813809752464294,0.04923386499285698,0.9925310611724854,0.9834564328193665,0.5982333421707153,0.19352614879608154,-0.1158050149679184,0.9940930604934692,0.9918332099914551,0.6175982356071472,0.18181416392326355,-0.0017120704287663102,0.9901466369628906,0.961463451385498,0.6147398352622986,0.18309302628040314,-0.049973014742136,0.9926503300666809,0.9783680438995361,0.6482765674591064,0.19891104102134705,0.14933158457279205,0.986090362071991,0.8940383195877075,0.645523726940155,0.21081633865833282,-0.1744319051504135,0.9975718259811401,0.962187647819519,0.5563932657241821,0.17171511054039001,0.2602442502975464,0.1764174997806549,0.951407253742218,0.5760107040405273,0.20560796558856964,-0.19586382806301117,0.9411864280700684,0.9607200622558594,0.5673692226409912,0.1945618987083435,0.40227749943733215,0.05453558638691902,0.9582746624946594,0.5744155049324036,0.20313449203968048,0.04837924242019653,0.6383090615272522,0.9641006588935852,0.5660085082054138,0.20188498497009277,0.42845895886421204,0.04594016075134277,0.9486187100410461,0.5707674026489258,0.20597419142723083,0.04955952987074852,0.5189661979675293,0.9370322823524475,0.5823793411254883,0.20283743739128113,0.4218951463699341,0.04647887498140335,0.9455713629722595,0.5810362696647644,0.20545458793640137,0.05971093848347664,0.5152148008346558,0.9341800212860107,0.5853055119514465,0.2001756876707077,0.39803311228752136,0.05419348180294037,0.9509698748588562,0.5881468653678894,0.20436100661754608,0.05490640550851822,0.501491129398346,0.9524721503257751,0.8539184331893921,0.1904645562171936,0.09299563616514206,0.98394376039505,0.8969532251358032,0.8563755750656128,0.19877901673316956,-0.09243481606245041,0.989902913570404,0.9214062690734863,0.9743303060531616,0.16250395774841309,0.06043609604239464,0.32937008142471313,0.6194928288459778,0.9868609309196472,0.1646890938282013,-0.11956330388784409,0.9045600891113281,0.6225636601448059,1.1027765274047852,0.17214670777320862,0.14228354394435883,0.357777863740921,0.44377392530441284,1.114946961402893,0.18031729757785797,-0.06624074280261993,0.8465449810028076,0.4443175196647644,1.1151084899902344,0.17959624528884888,0.15327678620815277,0.4573933780193329,0.38386791944503784,1.1267749071121216,0.1877049058675766,-0.06121838837862015,0.7945296168327332,0.40851902961730957,1.1393119096755981,0.1587185114622116,0.10909208655357361,0.4620363116264343,0.41140422224998474,1.1576244831085205,0.1626202017068863,-0.12047599256038666,0.8196402192115784,0.37954142689704895
36,1224,True,0.6122273802757263,0.1820429116487503,-0.0391940213739872,0.9904581904411316,0.9858600497245789,0.6034716367721558,0.18327918648719788,-0.028499579057097435,0.9886245727539062,0.9816542863845825,0.6087984442710876,0.18374869227409363,-0.028532398864626884,0.9845237731933594,0.9796017408370972,0.6087912321090698,0.18438097834587097,-0.02858218550682068,0.9895734190940857,0.9764966368675232,0.6026715040206909,0.18363985419273376,-0.06292164325714111,0.9915568828582764,0.9852582812309265,0.602600634098053,0.18468618392944336,-0.06301207840442657,0.9914429187774658,0.9865812063217163,0.6021800637245178,0.1859050691127777,-0.06302463263273239,0.9936655163764954,0.9861944913864136,0.6129637956619263,0.19175083935260773,0.04138911888003349,0.9925851821899414,0.9694169163703918,0.6102058291435242,0.19590647518634796,-0.1176179051399231,0.9943134188652039,0.9848277568817139,0.6231525540351868,0.18576517701148987,-0.008735409937798977,0.9900283813476562,0.9366801977157593,0.6215590238571167,0.186874657869339,-0.05532583221793175,0.9927154183387756,0.9636671543121338,0.6623836755752563,0.20423702895641327,0.12629953026771545,0.9832262992858887,0.7920790910720825,0.6460591554641724,0.2129569798707962,-0.16994084417819977,0.9967823028564453,0.9145029783248901,0.5692256689071655,0.18206603825092316,0.2183856964111328,0.1981479674577713,0.9267820119857788,0.575272798538208,0.20653577148914337,-0.19978316128253937,0.9451916813850403,0.957621693611145,0.5674521327018738,0.19760066270828247,0.32445889711380005,0.05888643115758896,0.9274764657020569,0.5710766911506653,0.20364141464233398,0.030990619212388992,0.6381648778915405,0.9594908952713013,0.5657318830490112,0.20290891826152802,0.3353775143623352,0.04742682725191116,0.9053884744644165,0.567785382270813,0.20600542426109314,0.035314854234457016,0.5107016563415527,0.9194821715354919,0.5807024240493774,0.20391491055488586,0.3366272747516632,0.04803772270679474,0.8977844715118408,0.5794339776039124,0.20638291537761688,0.04141848161816597,0.5071895122528076,0.9174616932868958,0.583965539932251,0.20205409824848175,0.3209359645843506,0.05671912059187889,0.9095534682273865,0.5874938368797302,0.20520353317260742,0.033603884279727936,0.4967850148677826,0.9432723522186279,0.859158992767334,0.1961846798658371,0.08395454287528992,0.9802065491676331,0.8130908012390137,0.8618730306625366,0.20285511016845703,-0.08343715220689774,0.987221360206604,0.8476660847663879,0.9809233546257019,0.18293796479701996,0.05560458078980446,0.332414835691452,0.5247419476509094,0.9889662861824036,0.18337276577949524,-0.10770183056592941,0.8949132561683655,0.51096111536026,1.1180262565612793,0.1853708177804947,0.14048321545124054,0.3506077229976654,0.2872791290283203,1.1269199848175049,0.19057360291481018,-0.04359105974435806,0.8283535242080688,0.249174565076828,1.1339573860168457,0.19096621870994568,0.15063819289207458,0.4417775571346283,0.22981227934360504,1.1430619955062866,0.1969747096300125,-0.03868050500750542,0.7649756669998169,0.21987371146678925,1.150003433227539,0.170353502035141,0.1076991856098175,0.4543049931526184,0.28271031379699707,1.1632992029190063,0.17064359784126282,-0.10812690854072571,0.7967482805252075,0.2376912236213684
37,1258,True,0.6079711318016052,0.182254821062088,-0.05365487560629845,0.9903091192245483,0.9858479499816895,0.6027608513832092,0.18342921137809753,-0.041915182024240494,0.9880960583686829,0.9845628142356873,0.6048101186752319,0.1851002275943756,-0.04195807874202728,0.9837164878845215,0.9834331274032593,0.605007529258728,0.1853470802307129,-0.04199771210551262,0.9889612197875977,0.9817681312561035,0.5985139012336731,0.18559423089027405,-0.07680929452180862,0.9912048578262329,0.9859955906867981,0.5985645055770874,0.18786241114139557,-0.07689166814088821,0.9911766052246094,0.9869548678398132,0.5984159708023071,0.1890135258436203,-0.07690676301717758,0.9934242367744446,0.9865808486938477,0.6098332405090332,0.19222696125507355,0.03493444249033928,0.9924905896186829,0.9755335450172424,0.6076736450195312,0.19789008796215057,-0.12570418417453766,0.9942740797996521,0.9836428761482239,0.619904637336731,0.1874309927225113,-0.020429259166121483,0.9892302751541138,0.9324462413787842,0.618557333946228,0.18833786249160767,-0.0676458552479744,0.9920965433120728,0.9554436802864075,0.6619513034820557,0.20491421222686768,0.12183056026697159,0.9807217121124268,0.8283514976501465,0.6454729437828064,0.21336165070533752,-0.18124815821647644,0.9958092570304871,0.904337465763092,0.5701228380203247,0.18670718371868134,0.19375254213809967,0.24001455307006836,0.9471591711044312,0.5725333094596863,0.20199652016162872,-0.23045706748962402,0.9494231939315796,0.9369451999664307,0.5707095265388489,0.20008675754070282,0.2939903140068054,0.06927081197500229,0.961760401725769,0.5695804357528687,0.20685824751853943,-0.03340016305446625,0.648341953754425,0.9502211213111877,0.5655581951141357,0.2053382694721222,0.3144747018814087,0.050337545573711395,0.9524672031402588,0.5664103031158447,0.21179814636707306,-0.031166894361376762,0.5111794471740723,0.9224153757095337,0.5793629288673401,0.20617684721946716,0.32597434520721436,0.05052216351032257,0.9524549841880798,0.5776404142379761,0.21102365851402283,-0.01534187700599432,0.506976842880249,0.9209641218185425,0.584287703037262,0.20379889011383057,0.2964523732662201,0.05999467894434929,0.9571187496185303,0.5840655565261841,0.21004827320575714,-0.024344857782125473,0.49795854091644287,0.9406229257583618,0.8608973026275635,0.20938698947429657,0.08659520000219345,0.977759063243866,0.8591784834861755,0.8634310960769653,0.21353673934936523,-0.08616816252470016,0.9850168228149414,0.8787087202072144,0.9843087792396545,0.19840571284294128,0.07437559962272644,0.33672720193862915,0.6192174553871155,0.9933806657791138,0.1977200210094452,-0.0972910150885582,0.8909915685653687,0.6150055527687073,1.1114767789840698,0.2039920836687088,0.1823788583278656,0.3452757000923157,0.41791194677352905,1.1213873624801636,0.2082553207874298,-0.020966820418834686,0.8207409977912903,0.4117707908153534,1.1243553161621094,0.2109750211238861,0.19357335567474365,0.43352359533309937,0.3720158636569977,1.1350337266921997,0.2151757925748825,-0.013718187808990479,0.7521018981933594,0.38960596919059753,1.1481462717056274,0.18925775587558746,0.18014898896217346,0.4494858980178833,0.45904281735420227,1.1639643907546997,0.19150316715240479,-0.05186697095632553,0.7867304682731628,0.4128624200820923
38,1292,True,0.617443859577179,0.18293389678001404,-0.06525157392024994,0.9898071885108948,0.9778973460197449,0.6077407598495483,0.1857966035604477,-0.05270365625619888,0.9873261451721191,0.977170467376709,0.6082246899604797,0.1875174343585968,-0.05276788771152496,0.9825395941734314,0.9757506251335144,0.6079105138778687,0.18816767632961273,-0.05281471833586693,0.9879928231239319,0.9735237956047058,0.6071992516517639,0.18588271737098694,-0.08966945111751556,0.9905697703361511,0.9791398048400879,0.6069547533988953,0.1894914209842682,-0.08977708965539932,0.9905507564544678,0.9801127910614014,0.6066468954086304,0.19081243872642517,-0.08982057869434357,0.9929149150848389,0.9791911244392395,0.6146994829177856,0.19609235227108002,0.026028407737612724,0.9920506477355957,0.9668694734573364,0.6109896898269653,0.20068471133708954,-0.1440553069114685,0.9940505623817444,0.9745838642120361,0.6275865435600281,0.1880047619342804,-0.03133917972445488,0.9884886145591736,0.9199366569519043,0.6274604797363281,0.18857020139694214,-0.08125676959753036,0.9914438724517822,0.9431062936782837,0.6678757667541504,0.21326366066932678,0.1078055202960968,0.9779955148696899,0.8387399315834045,0.6630584597587585,0.21659962832927704,-0.20253844559192657,0.9945269823074341,0.8758862018585205,0.573532223701477,0.19494882225990295,0.1702090948820114,0.2703453600406647,0.9312538504600525,0.5710341334342957,0.20214387774467468,-0.2769034802913666,0.9531723856925964,0.9198768138885498,0.5758112072944641,0.20395848155021667,0.24631105363368988,0.07753462344408035,0.9266998171806335,0.5804283022880554,0.21014165878295898,-0.10663516819477081,0.6593514680862427,0.9171669483184814,0.5670766830444336,0.2074153870344162,0.2631988823413849,0.05311965569853783,0.9061490893363953,0.5718768239021301,0.21533457934856415,-0.1111767590045929,0.5137428641319275,0.8714584708213806,0.5833892226219177,0.20629540085792542,0.27246615290641785,0.05304676294326782,0.9064825773239136,0.5886242985725403,0.21475617587566376,-0.09460452198982239,0.5090399384498596,0.8741046786308289,0.5875880122184753,0.20588013529777527,0.24693872034549713,0.06346305459737778,0.9136285185813904,0.5912560820579529,0.21387004852294922,-0.09765800088644028,0.5014268159866333,0.901481032371521,0.8718230128288269,0.22092004120349884,0.08694011718034744,0.9757696390151978,0.8303249478340149,0.8753793239593506,0.22318223118782043,-0.08644205331802368,0.9830690622329712,0.8584944009780884,0.999267041683197,0.21282008290290833,0.09217661619186401,0.3372514545917511,0.49357783794403076,1.003657579421997,0.21491941809654236,-0.08231360465288162,0.8833420872688293,0.4567042589187622,1.130062222480774,0.21406607329845428,0.2075832635164261,0.3339771330356598,0.22440160810947418,1.132656216621399,0.2189083844423294,0.012880874797701836,0.8045478463172913,0.26566269993782043,1.1449065208435059,0.21945254504680634,0.21917824447155,0.4172479212284088,0.18720431625843048,1.1479339599609375,0.22429533302783966,0.021572547033429146,0.7345566153526306,0.24836017191410065,1.1662520170211792,0.20005841553211212,0.20297467708587646,0.4391322433948517,0.2850586175918579,1.1751481294631958,0.20127511024475098,-0.014585460536181927,0.7700843214988708,0.29265096783638
39,1326,True,0.6171591281890869,0.19666621088981628,-0.06199122965335846,0.9905322194099426,0.9961560368537903,0.6075169444084167,0.19856145977973938,-0.05578278377652168,0.9882690906524658,0.9957225322723389,0.6073440313339233,0.2014990746974945,-0.05589806288480759,0.9837921857833862,0.9955443739891052,0.6070839762687683,0.20196065306663513,-0.055950820446014404,0.9888578057289124,0.9951984286308289,0.6072811484336853,0.19841475784778595,-0.08990868180990219,0.9912354946136475,0.9955463409423828,0.6071748733520508,0.19959169626235962,-0.08999069035053253,0.9911640286445618,0.9955092668533325,0.6068594455718994,0.20000529289245605,-0.09000357240438461,0.9933674931526184,0.9950029253959656,0.6157891154289246,0.20906130969524384,-0.001068294164724648,0.9926444292068481,0.9942141175270081,0.6151822209358215,0.20659537613391876,-0.15692651271820068,0.9944257736206055,0.9937021732330322,0.6273959875106812,0.19768497347831726,-0.034517284482717514,0.989249050617218,0.9835630655288696,0.6282276511192322,0.20009414851665497,-0.08066388219594955,0.9918925762176514,0.9858411550521851,0.6573947072029114,0.23124906420707703,0.07342685014009476,0.9792153239250183,0.9630545973777771,0.6561018824577332,0.21925750374794006,-0.2216642200946808,0.9945362210273743,0.9571040272712708,0.5754075646400452,0.21600297093391418,0.1479436606168747,0.2986941635608673,0.9790070056915283,0.5700374841690063,0.18808946013450623,-0.27875691652297974,0.9570168852806091,0.9723950624465942,0.5746684670448303,0.20548996329307556,0.20838578045368195,0.09206296503543854,0.9828190207481384,0.576934814453125,0.20571264624595642,-0.1335827261209488,0.68133544921875,0.9737582802772522,0.5667945742607117,0.20782330632209778,0.22296731173992157,0.060480259358882904,0.9733557105064392,0.5708141922950745,0.21472296118736267,-0.14404508471488953,0.5353335738182068,0.9532215595245361,0.5828503370285034,0.20789790153503418,0.2239381968975067,0.06011686101555824,0.9750960469245911,0.5854402184486389,0.2156321108341217,-0.1297486126422882,0.5301281809806824,0.9551212191581726,0.5871444940567017,0.20656685531139374,0.20664013922214508,0.0723147764801979,0.9792799353599548,0.5881919860839844,0.21489457786083221,-0.12557056546211243,0.5226100087165833,0.9678387641906738,0.8665500283241272,0.2400234490633011,0.08347760140895844,0.9772045612335205,0.9604740142822266,0.8713347315788269,0.23814721405506134,-0.08293665945529938,0.9839645624160767,0.9594645500183105,0.9767723679542542,0.23804715275764465,0.16384738683700562,0.33878394961357117,0.7727547883987427,0.9914149641990662,0.23609180748462677,0.019329439848661423,0.8759493231773376,0.7207798957824707,1.0936814546585083,0.23930509388446808,0.32699137926101685,0.3230186700820923,0.42024466395378113,1.1034032106399536,0.24108214676380157,0.16148073971271515,0.7911752462387085,0.400492787361145,1.1083804368972778,0.2437911480665207,0.3455169200897217,0.40250125527381897,0.3530016541481018,1.1177245378494263,0.24588985741138458,0.1762666404247284,0.717011570930481,0.37174034118652344,1.1274940967559814,0.22685635089874268,0.3512965738773346,0.4307986795902252,0.47712454199790955,1.142881989479065,0.22618766129016876,0.16170211136341095,0.7573837637901306,0.43523842096328735
40,1360,True,0.6152771711349487,0.20140933990478516,-0.08009421825408936,0.9908349514007568,0.9915586709976196,0.6046448349952698,0.2086164504289627,-0.07122918963432312,0.9884815216064453,0.9901093244552612,0.6045783758163452,0.20941798388957977,-0.07133515924215317,0.9840559363365173,0.9895833730697632,0.6043090224266052,0.20962181687355042,-0.07137245684862137,0.9890328645706177,0.9888063669204712,0.60484379529953,0.2065640240907669,-0.10293317586183548,0.9913471937179565,0.990395724773407,0.6047426462173462,0.20706048607826233,-0.1030333936214447,0.9912312626838684,0.9907288551330566,0.6042073369026184,0.20942553877830505,-0.10307155549526215,0.9933982491493225,0.9900668859481812,0.610514760017395,0.21630486845970154,-0.006008032243698835,0.9927749037742615,0.985790491104126,0.612984299659729,0.21567583084106445,-0.15311385691165924,0.9944933652877808,0.9880071878433228,0.6251165866851807,0.2054772824048996,-0.05036326125264168,0.9895179867744446,0.9696493148803711,0.6255282759666443,0.20985034108161926,-0.09328775107860565,0.9919416308403015,0.9762826561927795,0.6573888659477234,0.23370948433876038,0.06953514367341995,0.9797896146774292,0.9334580898284912,0.6561679244041443,0.2274201214313507,-0.21425002813339233,0.9943971633911133,0.946401834487915,0.575560450553894,0.2139868438243866,0.12270204722881317,0.3361716568470001,0.9589738249778748,0.5728780031204224,0.19323650002479553,-0.2904837727546692,0.9606161713600159,0.9610498547554016,0.5805277228355408,0.20643146336078644,0.19573542475700378,0.10545013844966888,0.9751959443092346,0.5757466554641724,0.2060316503047943,-0.1401566118001938,0.6966134905815125,0.9790985584259033,0.5751848220825195,0.20817454159259796,0.21301566064357758,0.06494414061307907,0.9652660489082336,0.5692054033279419,0.21448977291584015,-0.14751657843589783,0.5423026084899902,0.9630045294761658,0.5939854979515076,0.20843660831451416,0.221196711063385,0.06411642581224442,0.9675016403198242,0.5875500440597534,0.21590128540992737,-0.1259443759918213,0.535879373550415,0.9644631147384644,0.5973960757255554,0.20846199989318848,0.19684496521949768,0.07739381492137909,0.9720674753189087,0.5926792025566101,0.2146546095609665,-0.12923112511634827,0.5291662812232971,0.9744682908058167,0.858780562877655,0.2507100999355316,0.07837943732738495,0.9778385758399963,0.933372437953949,0.8587430119514465,0.2551353871822357,-0.07794614136219025,0.9842504858970642,0.9431350231170654,0.9769108891487122,0.2585720419883728,0.13990125060081482,0.34791985154151917,0.7225641012191772,0.9815758466720581,0.26482754945755005,-0.013344582170248032,0.8727623820304871,0.7159507870674133,1.0859366655349731,0.2691432237625122,0.2807028293609619,0.3204118013381958,0.41096633672714233,1.0960246324539185,0.27313467860221863,0.09887269139289856,0.7851433753967285,0.43611621856689453,1.099888563156128,0.27465730905532837,0.29588571190834045,0.3935479521751404,0.34670349955558777,1.1101570129394531,0.27712830901145935,0.1094716265797615,0.7052209973335266,0.39887967705726624,1.1226388216018677,0.2597503364086151,0.28702324628829956,0.43007734417915344,0.4505307078361511,1.1393316984176636,0.26210227608680725,0.07670280337333679,0.7511856555938721,0.43942734599113464
41,1394,True,0.6142105460166931,0.20853662490844727,-0.06711596995592117,0.9912688732147217,0.9938986301422119,0.6034100651741028,0.21185937523841858,-0.056929852813482285,0.9889187216758728,0.9922164678573608,0.6034621596336365,0.21215753257274628,-0.05700775608420372,0.9845693707466125,0.9916865229606628,0.6032244563102722,0.2123430073261261,-0.057043176144361496,0.9893878698348999,0.9908287525177002,0.6033454537391663,0.2121964395046234,-0.0880519449710846,0.9916773438453674,0.9926379919052124,0.6032339930534363,0.21292945742607117,-0.08816838264465332,0.9915326237678528,0.9929822683334351,0.6027310490608215,0.2140686810016632,-0.08821031451225281,0.993635356426239,0.9925277233123779,0.6109409928321838,0.22016127407550812,0.01139547023922205,0.9930133819580078,0.9886621832847595,0.6116420030593872,0.22143718600273132,-0.15064737200737,0.9947174191474915,0.9912253022193909,0.6249463558197021,0.2139049470424652,-0.03668009117245674,0.9898552894592285,0.9732092022895813,0.6247202754020691,0.2158772051334381,-0.07892084866762161,0.9920603632926941,0.979371190071106,0.653590202331543,0.2347789704799652,0.08961339294910431,0.9795493483543396,0.9078157544136047,0.6542888879776001,0.2410760372877121,-0.20510241389274597,0.9940095543861389,0.9328149557113647,0.5730993747711182,0.2121802568435669,0.15409882366657257,0.3615758717060089,0.9515811800956726,0.5735104084014893,0.20077469944953918,-0.2637946307659149,0.9633857011795044,0.9455727338790894,0.58040851354599,0.20624499022960663,0.24742236733436584,0.11141996830701828,0.9682291746139526,0.5722582340240479,0.2111080437898636,-0.104762502014637,0.7039243578910828,0.9713659882545471,0.5743105411529541,0.20596584677696228,0.26509150862693787,0.0663842111825943,0.9563915729522705,0.5614131689071655,0.21837811172008514,-0.11002793908119202,0.5429208278656006,0.952103853225708,0.5910452008247375,0.20871949195861816,0.26583001017570496,0.06546297669410706,0.9589623212814331,0.5843688249588013,0.22157900035381317,-0.09171827882528305,0.5361445546150208,0.9532086849212646,0.5943734645843506,0.20903798937797546,0.24654610455036163,0.0794941782951355,0.9649349451065063,0.5925085544586182,0.21907396614551544,-0.09506311267614365,0.5307736396789551,0.9654527902603149,0.8569557070732117,0.2602444589138031,0.07624506205320358,0.9775747656822205,0.9293627738952637,0.8529059290885925,0.271955281496048,-0.07575994729995728,0.98398357629776,0.9495968818664551,0.9770230650901794,0.27261584997177124,0.10344159603118896,0.35931429266929626,0.673898458480835,0.9760437607765198,0.29957276582717896,-0.0383901447057724,0.870080292224884,0.689396858215332,1.0795786380767822,0.29745176434516907,0.24466510117053986,0.31987622380256653,0.4100719690322876,1.0900954008102417,0.3127307891845703,0.05068512633442879,0.7807436585426331,0.4474940896034241,1.0932018756866455,0.30558091402053833,0.25422295928001404,0.3868834972381592,0.3485928475856781,1.1034626960754395,0.3164677321910858,0.0593874491751194,0.6921650171279907,0.41167163848876953,1.1175481081008911,0.2898329794406891,0.23385578393936157,0.4306323528289795,0.42126914858818054,1.136988878250122,0.3057628273963928,0.017958758398890495,0.7461145520210266,0.4189319610595703
42,1428,True,0.6140812635421753,0.2086510956287384,0.0001772466639522463,0.9920672178268433,0.9992159605026245,0.6025893688201904,0.21015934646129608,-0.0013360391603782773,0.9899173378944397,0.9987383484840393,0.6025266647338867,0.21047571301460266,-0.0014564181910827756,0.9859392046928406,0.9987144470214844,0.6021468639373779,0.2107940912246704,-0.0015279725193977356,0.9903283715248108,0.9986217021942139,0.6024573445320129,0.2106601893901825,-0.034642066806554794,0.992425262928009,0.998695433139801,0.6021687388420105,0.21141020953655243,-0.03482110798358917,0.9922822713851929,0.998748779296875,0.6014847159385681,0.21234457194805145,-0.03480643779039383,0.9941927194595337,0.9986849427223206,0.6100268959999084,0.2186489850282669,0.01569037139415741,0.9936637878417969,0.9988730549812317,0.6114159226417542,0.21956650912761688,-0.13998982310295105,0.9952036142349243,0.9988846182823181,0.6232860088348389,0.21422743797302246,0.016836194321513176,0.9908019304275513,0.998469889163971,0.6227945685386658,0.2152344286441803,-0.027412695810198784,0.9927907586097717,0.9987558126449585,0.6414852142333984,0.24516506493091583,0.09916724264621735,0.9814178347587585,0.9961231350898743,0.6402480006217957,0.23805108666419983,-0.2003849297761917,0.9945694804191589,0.9973500967025757,0.5731736421585083,0.2234404981136322,0.22010140120983124,0.3424747586250305,0.9900701642036438,0.5681766867637634,0.2006416618824005,-0.19897817075252533,0.9659644365310669,0.989854633808136,0.5875358581542969,0.2114136517047882,0.3699954152107239,0.1054876297712326,0.9945471286773682,0.5716445446014404,0.21102078258991241,0.03386292979121208,0.7067016959190369,0.996095597743988,0.5854781270027161,0.207607239484787,0.40797126293182373,0.06343277543783188,0.9925740957260132,0.5635634660720825,0.21208107471466064,0.047271840274333954,0.5448649525642395,0.992607593536377,0.6037324070930481,0.20996299386024475,0.408234566450119,0.06248379126191139,0.992363452911377,0.584689736366272,0.21625716984272003,0.06517088413238525,0.536819577217102,0.9923865795135498,0.6052237749099731,0.21264493465423584,0.3708105683326721,0.07610984146595001,0.9938206076622009,0.590296745300293,0.2179383486509323,0.047285690903663635,0.5323981046676636,0.9951222538948059,0.846027135848999,0.27855733036994934,0.07823571562767029,0.979724645614624,0.9982226490974426,0.8419649600982666,0.2850034832954407,-0.07764790952205658,0.9855206608772278,0.9980547428131104,0.9707159399986267,0.2837039530277252,0.11856821179389954,0.40507739782333374,0.9787510633468628,0.9532933831214905,0.32160496711730957,-0.04902539402246475,0.8810803890228271,0.9695408344268799,1.0655256509780884,0.31806090474128723,0.24260815978050232,0.3707520663738251,0.8599861264228821,1.020662784576416,0.3682413399219513,0.03506672754883766,0.7986281514167786,0.8016156554222107,1.0739197731018066,0.3298092186450958,0.2527722418308258,0.43286463618278503,0.791281521320343,1.0412737131118774,0.3778381645679474,0.04367336258292198,0.7163971662521362,0.770082950592041,1.1126097440719604,0.30553120374679565,0.22370292246341705,0.47059792280197144,0.7385426163673401,1.0935581922531128,0.3688412606716156,0.01671300269663334,0.7626901268959045,0.669640064239502
43,1462,True,0.6150246262550354,0.21488776803016663,0.015702703967690468,0.9927716255187988,0.9992029070854187,0.6026632785797119,0.21372255682945251,0.016498567536473274,0.9907815456390381,0.9987603425979614,0.6024920344352722,0.21400675177574158,0.01639672741293907,0.9871323704719543,0.9986931681632996,0.6016149520874023,0.21612831950187683,0.016278769820928574,0.9911673069000244,0.9985504746437073,0.602541983127594,0.21469524502754211,-0.015917526558041573,0.9930784702301025,0.9988459348678589,0.6021567583084106,0.21561412513256073,-0.016081657260656357,0.9929443597793579,0.9989233613014221,0.6013833284378052,0.21644942462444305,-0.016051344573497772,0.9946840405464172,0.998877227306366,0.6097405552864075,0.2243812531232834,0.03434719517827034,0.9942362308502197,0.9986376166343689,0.610159158706665,0.2254992425441742,-0.10990852862596512,0.9956263899803162,0.9989863038063049,0.623348593711853,0.22020447254180908,0.03143736720085144,0.9916183352470398,0.9981081485748291,0.6215102076530457,0.22022099792957306,-0.011185706593096256,0.9934260249137878,0.9985941052436829,0.6350777745246887,0.25200146436691284,0.10994115471839905,0.9829099178314209,0.9964622855186462,0.6388304829597473,0.24636511504650116,-0.17352041602134705,0.9950371384620667,0.9979472756385803,0.5934040546417236,0.22423474490642548,0.23289725184440613,0.3224717080593109,0.99570232629776,0.5681977868080139,0.2184121161699295,-0.18575167655944824,0.9674078822135925,0.9974138140678406,0.6124816536903381,0.2215110957622528,0.3496106266975403,0.10028542578220367,0.9965007305145264,0.5733809471130371,0.21414709091186523,0.021481527015566826,0.7008598446846008,0.9977540373802185,0.6142591834068298,0.2213614284992218,0.37479421496391296,0.061978939920663834,0.995262622833252,0.5666792392730713,0.21468940377235413,0.024264611303806305,0.5405175685882568,0.9951961636543274,0.6282268762588501,0.22488634288311005,0.371501088142395,0.061165835708379745,0.9947475790977478,0.5876791477203369,0.21863654255867004,0.037687692791223526,0.5319122076034546,0.9947222471237183,0.6290578842163086,0.22675755620002747,0.34728294610977173,0.0744069442152977,0.9957674741744995,0.5924493074417114,0.21963739395141602,0.029825668781995773,0.5287908911705017,0.9967862367630005,0.8270602822303772,0.2947130799293518,0.07926606386899948,0.9817012548446655,0.9996542930603027,0.8305955529212952,0.2970934510231018,-0.07888869941234589,0.9869377613067627,0.9996135830879211,0.9217334985733032,0.32372012734413147,0.12775686383247375,0.44156795740127563,0.9926885962486267,0.943543553352356,0.3138463795185089,-0.053865861147642136,0.8905304074287415,0.9885661005973816,0.9630323648452759,0.3943893313407898,0.2050326019525528,0.41780051589012146,0.9691588878631592,1.015425205230713,0.36024707555770874,0.030679957941174507,0.8145443797111511,0.9330337643623352,0.9867016077041626,0.4033386707305908,0.20977246761322021,0.4775795042514801,0.9548259377479553,1.0180058479309082,0.37173542380332947,0.03824395686388016,0.7390891909599304,0.9253213405609131,1.007544755935669,0.4021911025047302,0.19299937784671783,0.5099418759346008,0.9337541460990906,1.0705839395523071,0.3588400185108185,0.004525476135313511,0.7787171006202698,0.8805007338523865
44,1496,True,0.6140868067741394,0.2223353087902069,0.009033319540321827,0.9934161305427551,0.9995908141136169,0.6023786664009094,0.21953530609607697,0.012427709996700287,0.9916220903396606,0.9993415474891663,0.6024219393730164,0.21959097683429718,0.012340071611106396,0.9882891774177551,0.9993152618408203,0.6006313562393188,0.22216303646564484,0.01224193349480629,0.9919754862785339,0.9992407560348511,0.6021368503570557,0.22049467265605927,-0.019376244395971298,0.9937105774879456,0.9994056224822998,0.6018688678741455,0.22118587791919708,-0.019541626796126366,0.9935798048973083,0.9994688630104065,0.6011777520179749,0.2217361181974411,-0.01952395774424076,0.9951627254486084,0.9994382262229919,0.6015006303787231,0.23310717940330505,0.04349776357412338,0.9947680234909058,0.9993320107460022,0.6050949692726135,0.22845013439655304,-0.09846408665180206,0.9960174560546875,0.9995272159576416,0.6212332844734192,0.22566302120685577,0.02846187725663185,0.9923606514930725,0.9991214871406555,0.6199971437454224,0.22643175721168518,-0.013893958181142807,0.993998110294342,0.9993684887886047,0.6296791434288025,0.25953927636146545,0.11179151386022568,0.9843135476112366,0.9977173805236816,0.6297096014022827,0.25080063939094543,-0.16280147433280945,0.9954883456230164,0.9985892176628113,0.5920186042785645,0.23782412707805634,0.23149268329143524,0.31730934977531433,0.9969943761825562,0.5609074831008911,0.21649527549743652,-0.18750739097595215,0.9696827530860901,0.9975426197052002,0.6024022102355957,0.22396881878376007,0.3032782971858978,0.1027507483959198,0.9957036375999451,0.5589584708213806,0.21407155692577362,-0.0132499560713768,0.7108613848686218,0.9976141452789307,0.6019507646560669,0.22012396156787872,0.32383278012275696,0.06523065268993378,0.9928691983222961,0.5558542609214783,0.21464510262012482,7.181773253250867e-05,0.546180784702301,0.9945430755615234,0.6162936091423035,0.2241404801607132,0.3137854337692261,0.06429039686918259,0.9925537705421448,0.5653254985809326,0.21825039386749268,0.019565550610423088,0.5360180735588074,0.9942491054534912,0.6179406642913818,0.22706779837608337,0.2997818887233734,0.07794150710105896,0.9943538904190063,0.5760679841041565,0.21950992941856384,-0.0015459167771041393,0.5339879989624023,0.9965183734893799,0.8057879209518433,0.31415560841560364,0.07743430137634277,0.9834417104721069,0.9995379447937012,0.8106955885887146,0.31354981660842896,-0.077396459877491,0.9882017970085144,0.9994786381721497,0.8810700178146362,0.3581705093383789,0.14257557690143585,0.4660758376121521,0.9914246797561646,0.9398753046989441,0.3230069577693939,-0.03839609771966934,0.8986567258834839,0.9880924224853516,0.8934305906295776,0.42432212829589844,0.21600912511348724,0.4459828734397888,0.9611834287643433,1.0130351781845093,0.36712580919265747,0.03849409520626068,0.8276475667953491,0.9005253314971924,0.9204414486885071,0.43648776412010193,0.22350651025772095,0.5078174471855164,0.9466238021850586,1.0159633159637451,0.38041532039642334,0.04787765070796013,0.7572131156921387,0.8887668251991272,0.9299759864807129,0.4347411096096039,0.2400415986776352,0.5334615111351013,0.9459075331687927,1.064113736152649,0.36142563819885254,0.04374765604734421,0.7911133766174316,0.8838241100311279
45,1530,True,0.6087825894355774,0.23011381924152374,-0.034201908856630325,0.9940571188926697,0.9999195337295532,0.6006246209144592,0.22897803783416748,-0.021542057394981384,0.9924333095550537,0.999873161315918,0.6003223061561584,0.22899572551250458,-0.021620117127895355,0.9894153475761414,0.99986732006073,0.5988239049911499,0.22931404411792755,-0.021731849759817123,0.9927560687065125,0.9998533725738525,0.5999113321304321,0.23020437359809875,-0.05142379179596901,0.9943254590034485,0.9998842477798462,0.5989721417427063,0.2310676872730255,-0.051585547626018524,0.9942054748535156,0.9998892545700073,0.5976073741912842,0.23169176280498505,-0.05154752358794212,0.9956347942352295,0.9998762607574463,0.5959219932556152,0.23522870242595673,0.0414971262216568,0.9952762722969055,0.9998741149902344,0.5933436751365662,0.23967969417572021,-0.10060827434062958,0.996405303478241,0.9999010562896729,0.6166696548461914,0.23484961688518524,-0.005702665075659752,0.9930969476699829,0.9997683167457581,0.614844799041748,0.23603162169456482,-0.04573900252580643,0.994580864906311,0.9998337030410767,0.6241045594215393,0.258431613445282,0.11177685111761093,0.9857792854309082,0.999178946018219,0.6073765158653259,0.2607787847518921,-0.1574922502040863,0.995914876461029,0.999559223651886,0.5850064754486084,0.2303326427936554,0.2287367433309555,0.3253951072692871,0.9992812275886536,0.5426924228668213,0.22918565571308136,-0.19431741535663605,0.971724808216095,0.9995352029800415,0.5760045647621155,0.21690413355827332,0.2854901850223541,0.11528211086988449,0.9983993172645569,0.5445644855499268,0.2114635407924652,-0.026361528784036636,0.7179656028747559,0.9995356798171997,0.5700902342796326,0.20993857085704803,0.2908894717693329,0.07645439356565475,0.9969057440757751,0.5460456013679504,0.20769628882408142,-0.027640080079436302,0.5496594905853271,0.9986826777458191,0.5702086091041565,0.2170567810535431,0.27993184328079224,0.07569746673107147,0.9965198040008545,0.5545886754989624,0.21216778457164764,-0.0031080374028533697,0.538442850112915,0.9986070990562439,0.5713316202163696,0.22004516422748566,0.2779299318790436,0.09122475981712341,0.9975394010543823,0.5582847595214844,0.21477587521076202,-0.016840528696775436,0.5383478403091431,0.9992154836654663,0.7853841185569763,0.3206682503223419,0.07639708369970322,0.9850742220878601,0.9998937845230103,0.7747043967247009,0.3267793357372284,-0.07645826041698456,0.9893629550933838,0.9998737573623657,0.8695405125617981,0.36533063650131226,0.10820596665143967,0.47969597578048706,0.9981132745742798,0.8920673131942749,0.3584391176700592,-0.03999456763267517,0.9038232564926147,0.9980089068412781,0.89472496509552,0.4216021001338959,0.2069566547870636,0.4647367298603058,0.9945411086082458,0.9669750928878784,0.3965986669063568,0.046428851783275604,0.8396109342575073,0.989655613899231,0.8949060440063477,0.43197011947631836,0.2142345905303955,0.5244461297988892,0.9919473528862,0.9419165849685669,0.4064900279045105,0.05502098798751831,0.7715715169906616,0.9875689148902893,0.9243565201759338,0.4305735230445862,0.18750512599945068,0.5552999973297119,0.988271176815033,0.986446738243103,0.40270981192588806,0.026795564219355583,0.8051098585128784,0.9810606241226196
46,1564,True,0.5979686379432678,0.23165586590766907,-0.01464009191840887,0.9946020245552063,0.9998037219047546,0.589974582195282,0.23159638047218323,-0.0042147147469222546,0.9931151866912842,0.9996978044509888,0.5897766351699829,0.2315833568572998,-0.004328067880123854,0.9903734922409058,0.9997038245201111,0.5891017913818359,0.23155298829078674,-0.0045059965923428535,0.9934244155883789,0.9996881484985352,0.5850784182548523,0.23186182975769043,-0.034586962312459946,0.9948359131813049,0.9997072815895081,0.5834802389144897,0.2327173948287964,-0.03482309356331825,0.994726300239563,0.9997273087501526,0.5816396474838257,0.23338773846626282,-0.034805119037628174,0.9960216283798218,0.9997177720069885,0.5834342241287231,0.23703508079051971,0.05293652042746544,0.995713472366333,0.999805748462677,0.5754615068435669,0.24002480506896973,-0.08876708149909973,0.9967333078384399,0.9998337030410767,0.6034228205680847,0.23820026218891144,0.010743270628154278,0.9937573671340942,0.9998871088027954,0.5999312400817871,0.2396560162305832,-0.029358966276049614,0.9950968027114868,0.9999111890792847,0.6089862585067749,0.26100924611091614,0.13522259891033173,0.9871854782104492,0.9998838901519775,0.5753614902496338,0.26716089248657227,-0.15191981196403503,0.9963202476501465,0.9999643564224243,0.6303346157073975,0.2536492645740509,0.2602049708366394,0.3054344654083252,0.9991303086280823,0.5236466526985168,0.23782522976398468,-0.20043815672397614,0.9737396240234375,0.9998242259025574,0.6601756811141968,0.2581368684768677,0.34268543124198914,0.10989364981651306,0.9990772008895874,0.5458574295043945,0.21005061268806458,-0.02038281038403511,0.7249050140380859,0.9998156428337097,0.6668325066566467,0.2586808204650879,0.36090752482414246,0.07442192733287811,0.9987667798995972,0.544492244720459,0.20444591343402863,-0.022982027381658554,0.5553115606307983,0.9994818568229675,0.6729300618171692,0.261436402797699,0.3439227044582367,0.07381889969110489,0.9985834360122681,0.5508665442466736,0.20673517882823944,0.010060355067253113,0.5424478054046631,0.9994503855705261,0.6689704656600952,0.2627870440483093,0.33536627888679504,0.08864579349756241,0.9989247918128967,0.5614553093910217,0.2098081409931183,-0.006084255408495665,0.5430938601493835,0.9997010231018066,0.750383734703064,0.3341909348964691,0.07250625640153885,0.9865570068359375,0.9999575614929199,0.7367403507232666,0.3405338525772095,-0.07270196825265884,0.9904188513755798,0.9999561309814453,0.8106048703193665,0.3845718502998352,0.0813567042350769,0.5154435634613037,0.9991967082023621,0.8281217217445374,0.38051122426986694,0.019660944119095802,0.9106040000915527,0.9991195797920227,0.8479664921760559,0.4433334469795227,0.17326068878173828,0.5042113065719604,0.9937983155250549,0.8683505654335022,0.4271479547023773,0.14908070862293243,0.8523371815681458,0.9904578924179077,0.8486856818199158,0.4532245099544525,0.18103323876857758,0.5578430891036987,0.9895675778388977,0.8645706176757812,0.4342734217643738,0.162960946559906,0.7893564105033875,0.9883890151977539,0.8788471817970276,0.4569981098175049,0.1322081834077835,0.588788628578186,0.9829807281494141,0.9074170589447021,0.437849760055542,0.1159186065196991,0.8195149302482605,0.9795677661895752
47,1598,True,0.5829007625579834,0.23239929974079132,-0.010228095576167107,0.9950748682022095,0.9991538524627686,0.576203465461731,0.22996683418750763,0.0012348578311502934,0.9937045574188232,0.9989878535270691,0.5789107084274292,0.2310102880001068,0.0011018639197573066,0.9912174344062805,0.9990742206573486,0.5789619088172913,0.23108772933483124,0.0008873602491803467,0.9939655661582947,0.9991152882575989,0.5727134943008423,0.23052242398262024,-0.030436968430876732,0.9952927827835083,0.9988248944282532,0.57110196352005,0.23108258843421936,-0.030722569674253464,0.9951986074447632,0.9988117218017578,0.5691536664962769,0.23154234886169434,-0.030760979279875755,0.9963470697402954,0.9987789988517761,0.574266791343689,0.23620982468128204,0.06510291993618011,0.9960705041885376,0.9994946718215942,0.5617777109146118,0.2376219481229782,-0.08146681636571884,0.9970214366912842,0.9992546439170837,0.5883498191833496,0.23932620882987976,0.018420223146677017,0.994337260723114,0.9995896220207214,0.5843484401702881,0.23981280624866486,-0.023474397137761116,0.9955499768257141,0.9995947480201721,0.606401801109314,0.26257041096687317,0.14591622352600098,0.9884527325630188,0.9999533891677856,0.549730658531189,0.26860684156417847,-0.1375604271888733,0.9966841340065002,0.9999610185623169,0.6226073503494263,0.28395459055900574,0.24589452147483826,0.28075340390205383,0.9994495511054993,0.5246236324310303,0.2923380434513092,-0.17548078298568726,0.9733200073242188,0.9993880987167358,0.6476619839668274,0.29778096079826355,0.2755036950111389,0.10681544244289398,0.9979863166809082,0.5481404066085815,0.30658674240112305,-0.13980169594287872,0.7352179288864136,0.9978906512260437,0.6560860872268677,0.3032952845096588,0.29004886746406555,0.07674746215343475,0.9970242381095886,0.5453259944915771,0.312744140625,-0.1549537479877472,0.5796525478363037,0.9966071844100952,0.6595180034637451,0.301472008228302,0.26598745584487915,0.0763232484459877,0.996819019317627,0.5529465079307556,0.3100050687789917,-0.14203302562236786,0.5673903226852417,0.996736466884613,0.6542202234268188,0.30076026916503906,0.2641119360923767,0.09024698287248611,0.9973137974739075,0.5630334615707397,0.30814749002456665,-0.1321409046649933,0.5661905407905579,0.9973810315132141,0.7228211164474487,0.34423157572746277,0.07190341502428055,0.9879009127616882,0.9999821186065674,0.689727783203125,0.3531869053840637,-0.07213425636291504,0.9913756251335144,0.9999685287475586,0.8014546036720276,0.4033896327018738,0.03139220178127289,0.560108482837677,0.9997190833091736,0.7303812503814697,0.423421710729599,-0.0005651195533573627,0.9174925684928894,0.9991843104362488,0.8664109706878662,0.4526858329772949,0.10410618036985397,0.551179826259613,0.9905106425285339,0.6766071915626526,0.4646175801753998,0.1766364574432373,0.8635715246200562,0.9880951642990112,0.8676139116287231,0.46543389558792114,0.10959123820066452,0.59671550989151,0.9798945784568787,0.6662337779998779,0.4664604663848877,0.19600187242031097,0.8065083026885986,0.9870750308036804,0.8954915404319763,0.47397932410240173,0.032320961356163025,0.6258845329284668,0.9453076124191284,0.6840152740478516,0.4836399555206299,0.15584976971149445,0.8315218687057495,0.9617695808410645
48,1632,True,0.5764426589012146,0.23722770810127258,0.06348328292369843,0.9954319596290588,0.999646782875061,0.5710412263870239,0.23224148154258728,0.08603454381227493,0.9941991567611694,0.9996427297592163,0.5725004076957703,0.23252364993095398,0.08591803908348083,0.991948127746582,0.9996837377548218,0.5731288194656372,0.23254522681236267,0.08570626378059387,0.9944382309913635,0.9997120499610901,0.5669562220573425,0.23266088962554932,0.05428865924477577,0.9956684112548828,0.9995344877243042,0.5640581846237183,0.2325958013534546,0.053980566561222076,0.9955917000770569,0.999506950378418,0.5612755417823792,0.23320797085762024,0.05392377823591232,0.9965932369232178,0.9994686245918274,0.5693889856338501,0.23739676177501678,0.18650013208389282,0.9963325262069702,0.9998400211334229,0.5542031526565552,0.2389150857925415,0.04067379981279373,0.9972473382949829,0.9996222257614136,0.5803316235542297,0.24317499995231628,0.10421574115753174,0.9948287606239319,0.9998816251754761,0.5745627284049988,0.2439795285463333,0.061816729605197906,0.9959068894386292,0.9998458623886108,0.5996453762054443,0.267788290977478,0.2449391931295395,0.9896030426025391,0.9999852180480957,0.5304659008979797,0.2732677757740021,-0.038628824055194855,0.9970112442970276,0.9999728202819824,0.6262125372886658,0.31461673974990845,0.31887608766555786,0.25880324840545654,0.9998101592063904,0.5308143496513367,0.2764483094215393,-0.08290399610996246,0.9712772369384766,0.9997888207435608,0.6348239183425903,0.3444306254386902,0.28204047679901123,0.10688481479883194,0.9993693232536316,0.548240065574646,0.2837143540382385,-0.04993980750441551,0.737766683101654,0.9986918568611145,0.6403723955154419,0.35485225915908813,0.30133378505706787,0.08444324880838394,0.9991015195846558,0.5501711368560791,0.28824537992477417,-0.09823078662157059,0.5941880941390991,0.9977378845214844,0.6431910991668701,0.35296693444252014,0.28039517998695374,0.08431660383939743,0.9990190267562866,0.5553163886070251,0.28799793124198914,-0.09237538278102875,0.5815908312797546,0.9976271986961365,0.6400654911994934,0.3500397801399231,0.27449414134025574,0.09719710052013397,0.9991927742958069,0.5643150806427002,0.286416232585907,-0.04413191229104996,0.577771782875061,0.9981185793876648,0.688250720500946,0.35238921642303467,0.06950198113918304,0.9891107082366943,0.999988317489624,0.6431427597999573,0.36251622438430786,-0.06969060003757477,0.992236852645874,0.9999597072601318,0.7537159323692322,0.4156038761138916,-0.08793345838785172,0.6014672517776489,0.9999129772186279,0.646218478679657,0.4427383840084076,-0.004331145901232958,0.9219918847084045,0.9996141195297241,0.8052308559417725,0.4769206941127777,-0.01300107128918171,0.5935986638069153,0.998301088809967,0.6119824051856995,0.47465863823890686,0.2538265585899353,0.8675850629806519,0.997722327709198,0.803073525428772,0.4958624243736267,-0.005785617046058178,0.6300980448722839,0.9968615770339966,0.6025307774543762,0.4749177098274231,0.2822623550891876,0.81369948387146,0.9977235198020935,0.8408570289611816,0.5114349722862244,-0.10822592675685883,0.6597815155982971,0.9876903295516968,0.6207981705665588,0.5009545683860779,0.2543080151081085,0.8375272750854492,0.9939112663269043
49,1666,True,0.5656453967094421,0.2388020008802414,0.1295301467180252,0.9958281517028809,0.9998859167098999,0.5606628656387329,0.2341165989637375,0.15347187221050262,0.9947132468223572,0.9998376369476318,0.5612462162971497,0.2343757450580597,0.1533862054347992,0.9926726818084717,0.9998282194137573,0.5617066025733948,0.2345525473356247,0.153303861618042,0.9949341416358948,0.9998181462287903,0.5565857291221619,0.2347099781036377,0.11274658888578415,0.996062159538269,0.9998654127120972,0.5543251037597656,0.2350139170885086,0.11243521422147751,0.9959992170333862,0.9998799562454224,0.5520035028457642,0.2355327308177948,0.11237023770809174,0.9968981146812439,0.9998788833618164,0.5571919679641724,0.24066543579101562,0.25765129923820496,0.996640145778656,0.9998836517333984,0.5431022047996521,0.24190647900104523,0.07203973829746246,0.997495174407959,0.9999340772628784,0.5692098140716553,0.245889350771904,0.17082461714744568,0.9952694773674011,0.9999223947525024,0.5629993677139282,0.24582388997077942,0.11704938858747482,0.9962481260299683,0.9999485015869141,0.5769585371017456,0.2754635512828827,0.3480391800403595,0.9906275272369385,0.9998810291290283,0.5317010283470154,0.26859599351882935,-0.05509715527296066,0.9973071217536926,0.9999814033508301,0.6202651262283325,0.31553179025650024,0.49155393242836,0.23574821650981903,0.9993994235992432,0.5271438360214233,0.27015405893325806,-0.13021302223205566,0.9717113375663757,0.9999063014984131,0.621434211730957,0.33978748321533203,0.5560770630836487,0.10011239349842072,0.9979143738746643,0.5444859862327576,0.25985997915267944,-0.01658996380865574,0.7279926538467407,0.9994910955429077,0.6295441389083862,0.3484973907470703,0.5821621417999268,0.08126801252365112,0.9976049661636353,0.5459374189376831,0.2648589015007019,-0.04251537844538689,0.587343692779541,0.998719334602356,0.6220085620880127,0.34812894463539124,0.550983726978302,0.08121982961893082,0.9973467588424683,0.5522034764289856,0.2626608610153198,-0.02175150066614151,0.5737720131874084,0.9985044002532959,0.6175616979598999,0.34502020478248596,0.5428337454795837,0.09366840869188309,0.9976160526275635,0.5557370781898499,0.26207447052001953,-0.006292552221566439,0.5702304244041443,0.998953104019165,0.6547983884811401,0.36656638979911804,0.10726408660411835,0.9901968836784363,0.9999209642410278,0.6092773675918579,0.368094801902771,-0.10732637345790863,0.9930081367492676,0.9999494552612305,0.69535231590271,0.433572381734848,0.07654637098312378,0.6259751319885254,0.9990691542625427,0.5666178464889526,0.4520045220851898,-0.1249466985464096,0.9281808137893677,0.9996941089630127,0.7249926328659058,0.4982065260410309,0.036333464086055756,0.6256782412528992,0.997210681438446,0.5202713012695312,0.5321232080459595,-0.14217202365398407,0.8800119161605835,0.9985185265541077,0.7150254845619202,0.5130968689918518,0.07674489915370941,0.6557980179786682,0.9967201352119446,0.512752890586853,0.5385644435882568,-0.14597353339195251,0.8289608955383301,0.9980138540267944,0.7587810158729553,0.5243898630142212,0.03238895907998085,0.6863012313842773,0.9919877052307129,0.5260831117630005,0.5559967160224915,-0.25943100452423096,0.8524138331413269,0.9937653541564941
50,1700,True,0.5552305579185486,0.24317558109760284,-0.07778286188840866,0.9962303042411804,0.9999405145645142,0.5518004298210144,0.2374643087387085,-0.05510282889008522,0.9952110648155212,0.9999175071716309,0.5524534583091736,0.2374838888645172,-0.05508672818541527,0.9933630228042603,0.9999076128005981,0.5531339049339294,0.2373940646648407,-0.0550844669342041,0.9954037070274353,0.9998944997787476,0.546970009803772,0.23816058039665222,-0.09380293637514114,0.9964407086372375,0.9999444484710693,0.5446838140487671,0.23841381072998047,-0.09397639334201813,0.9963867664337158,0.9999516010284424,0.5423609614372253,0.23860163986682892,-0.09402761608362198,0.9971944689750671,0.999953031539917,0.5478405356407166,0.24159348011016846,0.07439300417900085,0.9969384670257568,0.999922513961792,0.5315473079681396,0.24365265667438507,-0.10544722527265549,0.9977326989173889,0.9999743700027466,0.5568172335624695,0.25050467252731323,-0.0290121641010046,0.9957212209701538,0.9999533891677856,0.5514600276947021,0.25078171491622925,-0.08001385629177094,0.9966071248054504,0.9999767541885376,0.5606383085250854,0.27739301323890686,0.2599613666534424,0.9915198683738708,0.9996825456619263,0.5130252838134766,0.2717133164405823,-0.21066704392433167,0.9975703954696655,0.9999699592590332,0.6152336001396179,0.30080312490463257,0.37789562344551086,0.22071769833564758,0.9983856678009033,0.4876914918422699,0.27005285024642944,-0.5007002353668213,0.9741972088813782,0.999762237071991,0.6191954016685486,0.3180932104587555,0.5072059035301208,0.10050562024116516,0.9974749684333801,0.5071336030960083,0.2528868317604065,-0.6380448937416077,0.7502762079238892,0.9996939897537231,0.6259772777557373,0.32440099120140076,0.5328632593154907,0.08303003013134003,0.9973672032356262,0.5068626403808594,0.25431814789772034,-0.6883533596992493,0.6185062527656555,0.9993892908096313,0.6220313310623169,0.3250817358493805,0.5051512122154236,0.08324094861745834,0.9972409009933472,0.5161210298538208,0.25469985604286194,-0.6642735004425049,0.6057491898536682,0.999373733997345,0.6179563999176025,0.3228805363178253,0.49636441469192505,0.09591659903526306,0.9972993731498718,0.5178226232528687,0.2563713788986206,-0.6338596343994141,0.6014694571495056,0.999495267868042,0.6177752017974854,0.3752535879611969,0.11173245310783386,0.9911694526672363,0.9999239444732666,0.5774962902069092,0.3768729567527771,-0.11192236840724945,0.993699848651886,0.9999676942825317,0.6283383369445801,0.44211345911026,0.09932403266429901,0.6539961695671082,0.9994181394577026,0.5433335900306702,0.4495859742164612,-0.11836188286542892,0.9331178665161133,0.9998297691345215,0.6327213048934937,0.5126798152923584,0.2052949219942093,0.6569927930831909,0.999230146408081,0.5134450793266296,0.5278174877166748,-0.053318366408348083,0.8913130164146423,0.9995279312133789,0.6234436631202698,0.523820161819458,0.21467861533164978,0.6793177127838135,0.9989012479782104,0.5081748366355896,0.5367147922515869,-0.050111159682273865,0.8420434594154358,0.9993718266487122,0.6582285165786743,0.5308303833007812,0.11190655827522278,0.7125152945518494,0.9980683922767639,0.5176326036453247,0.5535985231399536,-0.17231690883636475,0.866185188293457,0.9984521865844727
51,1734,True,0.522576093673706,0.24393892288208008,-0.03648964688181877,0.9958259463310242,0.9939982891082764,0.5174794793128967,0.23727352917194366,-0.01940455660223961,0.9943625926971436,0.9936167001724243,0.5176848769187927,0.23706546425819397,-0.01945917308330536,0.9927070736885071,0.9932944178581238,0.5180355310440063,0.23679547011852264,-0.019519498571753502,0.9946573376655579,0.9928097724914551,0.5126162171363831,0.23763899505138397,-0.05518596991896629,0.9959391951560974,0.9946093559265137,0.5093823671340942,0.23760902881622314,-0.055384449660778046,0.9960894584655762,0.9951576590538025,0.5059105157852173,0.2376018464565277,-0.05541763827204704,0.9967964887619019,0.9956361651420593,0.505090057849884,0.23948884010314941,0.0764695405960083,0.9954306483268738,0.993656575679779,0.48840034008026123,0.24139657616615295,-0.08821983635425568,0.9974034428596497,0.9970666766166687,0.5193600058555603,0.24946486949920654,-0.0005211796960793436,0.9953916072845459,0.9959402084350586,0.5137849450111389,0.24969331920146942,-0.04692161828279495,0.9962599873542786,0.9972714781761169,0.512234091758728,0.27240580320358276,0.23130622506141663,0.9923088550567627,0.999090313911438,0.4671419858932495,0.2687578797340393,-0.20798709988594055,0.9978010654449463,0.9998569488525391,0.537451446056366,0.3057786822319031,0.3576684594154358,0.20349319279193878,0.9968804121017456,0.47280198335647583,0.30495133996009827,-0.2664225995540619,0.9714215993881226,0.9986935257911682,0.5327767729759216,0.34098556637763977,0.2757711112499237,0.09630078822374344,0.9917114973068237,0.498846173286438,0.3381667733192444,-0.2820611596107483,0.7549181580543518,0.9963002800941467,0.5345292687416077,0.3529810309410095,0.27804869413375854,0.08113934099674225,0.9917226433753967,0.49846920371055603,0.3492422103881836,-0.3179806172847748,0.6325089931488037,0.9952438473701477,0.52164226770401,0.3534671366214752,0.2436198741197586,0.08158048242330551,0.9916467070579529,0.5053021907806396,0.34334057569503784,-0.3087245225906372,0.6209930777549744,0.9952865242958069,0.5197208523750305,0.3493342399597168,0.2595326602458954,0.09309034049510956,0.9916083216667175,0.5055779218673706,0.34293755888938904,-0.2767525315284729,0.6123893857002258,0.9955152869224548,0.5539795756340027,0.36837175488471985,0.10834096372127533,0.9920193552970886,0.999438464641571,0.5140827894210815,0.3678724765777588,-0.10846173763275146,0.9942969679832458,0.9997058510780334,0.55466628074646,0.4497792720794678,0.10855142772197723,0.669716477394104,0.9988823533058167,0.4888295531272888,0.44327226281166077,-0.12492801994085312,0.935810923576355,0.9991320967674255,0.5291537046432495,0.530020534992218,0.20949408411979675,0.6799296736717224,0.9979044198989868,0.4372989535331726,0.5023728609085083,-0.010606810450553894,0.8993193507194519,0.999232292175293,0.5164300799369812,0.5407443642616272,0.21312128007411957,0.6928131580352783,0.9969659447669983,0.4322386085987091,0.5130239129066467,-0.0032479313667863607,0.850405752658844,0.9991459846496582,0.5502364635467529,0.5560245513916016,0.10831085592508316,0.7315610647201538,0.9947808384895325,0.4520924389362335,0.5319306254386902,-0.09851279854774475,0.8766264915466309,0.9980290532112122
52,1768,True,0.5088552236557007,0.24571457505226135,0.020073939114809036,0.9959217309951782,0.9994065761566162,0.504011332988739,0.2405017614364624,0.0333002507686615,0.9942598938941956,0.9991487264633179,0.5038256049156189,0.2404468059539795,0.033303599804639816,0.9927142262458801,0.9991983771324158,0.5035681128501892,0.2401825487613678,0.033209726214408875,0.9947543740272522,0.9992496371269226,0.5023948550224304,0.24042800068855286,-0.0064920699223876,0.995792806148529,0.9989976286888123,0.5011003613471985,0.24028189480304718,-0.006706709507852793,0.995998203754425,0.9989558458328247,0.49966150522232056,0.23997879028320312,-0.006664730608463287,0.9965927600860596,0.998908519744873,0.49269020557403564,0.24125175178050995,0.10422754287719727,0.9952180981636047,0.9994767308235168,0.48624229431152344,0.2408493459224701,-0.0826430395245552,0.9972412586212158,0.999096155166626,0.5022250413894653,0.24990758299827576,0.04904401674866676,0.9952954053878784,0.9996515512466431,0.5005985498428345,0.2497522383928299,-0.0027342592366039753,0.9959437251091003,0.9996002316474915,0.4728510081768036,0.2733524739742279,0.21903760731220245,0.9930464625358582,0.9998886585235596,0.46186816692352295,0.2660568058490753,-0.18571090698242188,0.9979848265647888,0.9998471736907959,0.4849984049797058,0.293410986661911,0.2954464256763458,0.19644910097122192,0.9995095729827881,0.482862651348114,0.21820619702339172,-0.29448777437210083,0.9728448390960693,0.9996100068092346,0.5072463154792786,0.31448987126350403,0.2480362504720688,0.10274588316679001,0.9983311295509338,0.48967352509498596,0.1865556836128235,-0.2209828644990921,0.7670202255249023,0.9977130889892578,0.5156081914901733,0.32140806317329407,0.25118547677993774,0.0913643166422844,0.9980860948562622,0.49268409609794617,0.17739015817642212,-0.2532392144203186,0.6484450697898865,0.9962748289108276,0.5138934254646301,0.3225588798522949,0.22300435602664948,0.09212902933359146,0.9978702068328857,0.49598976969718933,0.17949767410755157,-0.2303696721792221,0.6365733742713928,0.9960132837295532,0.5097421407699585,0.32030758261680603,0.232108473777771,0.10292968899011612,0.9980596899986267,0.4928363263607025,0.1838010549545288,-0.2130158692598343,0.6260634660720825,0.9968090653419495,0.49364137649536133,0.3700285255908966,0.11228666454553604,0.9928005933761597,0.9998076558113098,0.4727112948894501,0.3668532967567444,-0.11253412067890167,0.9948239326477051,0.99953293800354,0.5034259557723999,0.44858217239379883,0.10158388316631317,0.6885784864425659,0.999735414981842,0.4287817180156708,0.43935251235961914,-0.148847296833992,0.9385968446731567,0.9992783665657043,0.4633725881576538,0.5252789258956909,0.12937821447849274,0.707450270652771,0.9993306398391724,0.3665391206741333,0.4958626329898834,-0.0331571139395237,0.9069262146949768,0.9994754195213318,0.4439397156238556,0.5343154668807983,0.12506501376628876,0.7162384986877441,0.9989526271820068,0.35686755180358887,0.5031339526176453,-0.025195913389325142,0.8600515723228455,0.9994229078292847,0.4839280843734741,0.5533818006515503,0.020775295794010162,0.7534151077270508,0.9976945519447327,0.35547319054603577,0.5245125889778137,-0.1062568873167038,0.8857771158218384,0.9988946318626404
53,1802,True,0.502244234085083,0.24923202395439148,0.11623435467481613,0.9963212013244629,0.9999889135360718,0.4977162182331085,0.24396507441997528,0.13204117119312286,0.9948199391365051,0.9999864101409912,0.49742117524147034,0.24404923617839813,0.13204452395439148,0.993428647518158,0.9999874830245972,0.4970775544643402,0.24399487674236298,0.13199807703495026,0.9952693581581116,0.9999876022338867,0.4954013526439667,0.24300186336040497,0.08911793678998947,0.9962051510810852,0.999985933303833,0.49337032437324524,0.24282856285572052,0.08884882181882858,0.9963923692703247,0.9999868869781494,0.4912461042404175,0.2424100637435913,0.08888281881809235,0.9969263076782227,0.9999868869781494,0.48455336689949036,0.24527385830879211,0.2131999284029007,0.9956892728805542,0.9999940395355225,0.47489094734191895,0.2428935319185257,0.015260736458003521,0.9975135922431946,0.999993085861206,0.49826890230178833,0.2539880871772766,0.14994558691978455,0.9957496523857117,0.9999904632568359,0.4960425794124603,0.2532179653644562,0.09297330677509308,0.9963348507881165,0.9999918937683105,0.4670574963092804,0.27741461992263794,0.32491058111190796,0.9937392473220825,0.9999915361404419,0.4419751465320587,0.26060181856155396,-0.0964539498090744,0.998185396194458,0.9999966621398926,0.4924636781215668,0.29809337854385376,0.49454429745674133,0.18358533084392548,0.9998944997787476,0.480040580034256,0.21456687152385712,-0.06971582025289536,0.9739158153533936,0.9999692440032959,0.496830016374588,0.31672435998916626,0.582222580909729,0.09710786491632462,0.9997721314430237,0.48119062185287476,0.20034721493721008,0.23131872713565826,0.7584065794944763,0.9998670816421509,0.4995708465576172,0.32253187894821167,0.6207531690597534,0.08769601583480835,0.9997584223747253,0.48023203015327454,0.19435447454452515,0.2422691136598587,0.6388915181159973,0.999742329120636,0.4980631172657013,0.3245455324649811,0.5905999541282654,0.08849793672561646,0.9997026324272156,0.47976213693618774,0.20225223898887634,0.2630126178264618,0.6262683272361755,0.9996675252914429,0.49544668197631836,0.3221729099750519,0.5698902010917664,0.09896187484264374,0.9997422099113464,0.47908273339271545,0.20581090450286865,0.24491992592811584,0.6163921356201172,0.9997751116752625,0.46721088886260986,0.37479087710380554,0.11782751232385635,0.9935197830200195,0.99998939037323,0.43606895208358765,0.36667400598526,-0.11807921528816223,0.9953398704528809,0.9999808073043823,0.450924813747406,0.44788283109664917,0.059512753039598465,0.713051438331604,0.9999715089797974,0.3873477876186371,0.4357267916202545,-0.13930170238018036,0.9433029890060425,0.9999598264694214,0.3785664141178131,0.5131515860557556,0.051561444997787476,0.7347919344902039,0.9999537467956543,0.2957531809806824,0.4852805733680725,-0.03408358618617058,0.9153767824172974,0.9999632835388184,0.3622150123119354,0.5188505053520203,0.048370759934186935,0.7420644164085388,0.99993896484375,0.2758020758628845,0.48689642548561096,-0.0232644472271204,0.8723897337913513,0.9999605417251587,0.39710715413093567,0.5378433465957642,-0.029251551255583763,0.7766022682189941,0.9998063445091248,0.2750526964664459,0.5166090130805969,-0.07906517386436462,0.8963625431060791,0.9998959302902222
54,1836,True,0.48734787106513977,0.24967360496520996,0.2015932947397232,0.9966837763786316,0.999997615814209,0.4838842749595642,0.24428100883960724,0.22461776435375214,0.9953324794769287,0.9999969005584717,0.4838124215602875,0.24446909129619598,0.224617138504982,0.9940797686576843,0.9999967813491821,0.48369449377059937,0.24455013871192932,0.22465626895427704,0.99573814868927,0.999996542930603,0.48100602626800537,0.24357172846794128,0.1827649027109146,0.9965810775756836,0.9999972581863403,0.4784795939922333,0.24332761764526367,0.18242225050926208,0.9967503547668457,0.9999974966049194,0.4759906232357025,0.24203979969024658,0.18246187269687653,0.9972304701805115,0.9999974966049194,0.47212088108062744,0.24644358456134796,0.3198714852333069,0.996116578578949,0.9999978542327881,0.45996567606925964,0.24331064522266388,0.12928646802902222,0.9977598190307617,0.9999985694885254,0.4832712411880493,0.2549878656864166,0.23786719143390656,0.9961678981781006,0.9999970197677612,0.4803219735622406,0.2533414959907532,0.18263612687587738,0.9966940879821777,0.9999978542327881,0.4524357318878174,0.27932026982307434,0.41572660207748413,0.9943631291389465,0.9999932050704956,0.4306275248527527,0.255155473947525,-0.00353254284709692,0.9983665347099304,0.9999990463256836,0.46775710582733154,0.31255650520324707,0.6259464025497437,0.17002445459365845,0.9999649524688721,0.4731273651123047,0.2124846875667572,-0.033728502690792084,0.9759503602981567,0.9999963045120239,0.46848103404045105,0.3292791545391083,0.7502672076225281,0.09270275384187698,0.9999188184738159,0.4778395891189575,0.20766833424568176,0.17360064387321472,0.7653104066848755,0.9999761581420898,0.46813374757766724,0.3349790871143341,0.7917976975440979,0.08592549711465836,0.9999121427536011,0.47804883122444153,0.20383992791175842,0.17762640118598938,0.6480939388275146,0.9999332427978516,0.46690821647644043,0.3361149728298187,0.7592092752456665,0.0865020826458931,0.9998914003372192,0.4775393605232239,0.21278420090675354,0.19718782603740692,0.6349721550941467,0.9999128580093384,0.46568116545677185,0.33345961570739746,0.7387670874595642,0.09683709591627121,0.9999082088470459,0.47616034746170044,0.21583262085914612,0.18510973453521729,0.6257326602935791,0.9999455213546753,0.42708396911621094,0.3713403642177582,0.1196882352232933,0.9941676259040833,0.9999960660934448,0.4030579924583435,0.3616942763328552,-0.1197657659649849,0.995805561542511,0.999997615814209,0.39823997020721436,0.4468974471092224,0.025121476501226425,0.7319402098655701,0.9999812841415405,0.34623774886131287,0.42721614241600037,-0.1566588133573532,0.9479691982269287,0.9999903440475464,0.3084043860435486,0.4990118145942688,-0.019789228215813637,0.7583001255989075,0.9999781847000122,0.2289031594991684,0.47348347306251526,-0.12535865604877472,0.9231758713722229,0.9999796152114868,0.2878182828426361,0.503111720085144,-0.026308882981538773,0.7651990652084351,0.9999732971191406,0.20780664682388306,0.47753745317459106,-0.11972680687904358,0.8840003609657288,0.9999755620956421,0.31086465716362,0.526015043258667,-0.09782304614782333,0.7972816228866577,0.9999116659164429,0.21822291612625122,0.5105070471763611,-0.16680897772312164,0.9061174988746643,0.9999297857284546
55,1870,True,0.468001127243042,0.24705734848976135,0.14860355854034424,0.9970066547393799,0.9999885559082031,0.46616843342781067,0.2421412169933319,0.16972686350345612,0.9957870244979858,0.9999850988388062,0.4660406708717346,0.242350772023201,0.16976183652877808,0.9946573376655579,0.9999841451644897,0.4643872082233429,0.242499440908432,0.16982513666152954,0.9961546063423157,0.9999831914901733,0.4619694650173187,0.241689532995224,0.1270378977060318,0.9969174265861511,0.9999878406524658,0.4598119854927063,0.24227246642112732,0.1267409473657608,0.997071385383606,0.9999891519546509,0.4571208655834198,0.24121470749378204,0.12677069008350372,0.9975031018257141,0.9999895095825195,0.4520663917064667,0.24544183909893036,0.2589452266693115,0.9964973330497742,0.9999874830245972,0.442519873380661,0.2431764155626297,0.06699827313423157,0.9979799389839172,0.9999932050704956,0.4628170430660248,0.25231584906578064,0.18257588148117065,0.9965194463729858,0.9999629259109497,0.4598320722579956,0.2512628734111786,0.1269620954990387,0.997002124786377,0.9999769926071167,0.42896413803100586,0.2768522799015045,0.3687892556190491,0.9949038624763489,0.9999016523361206,0.41666731238365173,0.2545170783996582,-0.06003760173916817,0.9985270500183105,0.9999876022338867,0.4522673785686493,0.2949483096599579,0.5531980991363525,0.15960565209388733,0.9998761415481567,0.4612330198287964,0.21564626693725586,-0.10530657321214676,0.9764490127563477,0.9999768733978271,0.446377694606781,0.2908961772918701,0.6907302737236023,0.08861181139945984,0.9997243285179138,0.46817833185195923,0.2047073096036911,0.09295593202114105,0.7588858008384705,0.9999109506607056,0.44461554288864136,0.2913496196269989,0.7339150905609131,0.08312195539474487,0.9996734857559204,0.4672764539718628,0.1983363777399063,0.0962601974606514,0.643513023853302,0.9997915625572205,0.4415668845176697,0.29394641518592834,0.708555281162262,0.08345301449298859,0.9995915293693542,0.4622623324394226,0.20844118297100067,0.11360186338424683,0.629962682723999,0.9997251629829407,0.44179466366767883,0.29292064905166626,0.6810716986656189,0.09368909895420074,0.9996631145477295,0.46108266711235046,0.21232962608337402,0.10353170335292816,0.6208609938621521,0.9998241066932678,0.38160327076911926,0.3663497269153595,0.13696889579296112,0.9947497844696045,0.9999808073043823,0.3613877296447754,0.35826340317726135,-0.1370738297700882,0.9962236285209656,0.9999936819076538,0.36066681146621704,0.44032445549964905,0.07440228760242462,0.7396693229675293,0.999897837638855,0.3173935115337372,0.4212082326412201,-0.20644035935401917,0.9517310261726379,0.9999575614929199,0.25538429617881775,0.4943692684173584,0.025501353666186333,0.7778016924858093,0.999964714050293,0.16899831593036652,0.4458521902561188,-0.26678746938705444,0.930332601070404,0.9999644756317139,0.2284700572490692,0.48569875955581665,0.01715703494846821,0.7846493721008301,0.9999643564224243,0.1473340392112732,0.4459386467933655,-0.27207282185554504,0.8946084380149841,0.9999603033065796,0.24361510574817657,0.5121625065803528,-0.03552336245775223,0.8144763708114624,0.9998990297317505,0.14902035892009735,0.48668766021728516,-0.33675727248191833,0.9149492979049683,0.9998911619186401
56,1904,True,0.45017701387405396,0.2446652203798294,0.07903070747852325,0.997225821018219,0.9995878338813782,0.4509445130825043,0.23922893404960632,0.09003137052059174,0.9960572719573975,0.9996473789215088,0.45046699047088623,0.23944775760173798,0.09007669985294342,0.995042085647583,0.9996718168258667,0.44880321621894836,0.23958754539489746,0.09007665514945984,0.9964396357536316,0.999697208404541,0.4485345184803009,0.2383226603269577,0.04213786497712135,0.9971464276313782,0.9996063113212585,0.4466705620288849,0.23795971274375916,0.041992973536252975,0.9973152875900269,0.9996026158332825,0.443456768989563,0.23688705265522003,0.042081937193870544,0.9976846575737,0.9995954632759094,0.43437647819519043,0.23962771892547607,0.1609577238559723,0.9967788457870483,0.9997645020484924,0.42814895510673523,0.23588255047798157,-0.04837895929813385,0.9981251358985901,0.999667763710022,0.4424555003643036,0.2502483129501343,0.10904976725578308,0.9966040849685669,0.9991292357444763,0.44087138772010803,0.2476012408733368,0.047060951590538025,0.9970605373382568,0.9991826415061951,0.400506854057312,0.26731956005096436,0.3320538401603699,0.9952844381332397,0.9994150400161743,0.39588838815689087,0.24597665667533875,-0.17070886492729187,0.9986203908920288,0.9995930790901184,0.42586806416511536,0.2742624878883362,0.5147546529769897,0.1526133418083191,0.9995781779289246,0.4587398171424866,0.21814148128032684,-0.25245168805122375,0.974465548992157,0.9997608065605164,0.42689552903175354,0.2702423930168152,0.6045628190040588,0.08966726064682007,0.9992749094963074,0.4794870615005493,0.19116994738578796,-0.12270071357488632,0.757625162601471,0.9994401335716248,0.4270751178264618,0.2703278362751007,0.6175349950790405,0.08643779158592224,0.9991655349731445,0.4800795316696167,0.1840154230594635,-0.14278101921081543,0.6493588089942932,0.9991045594215393,0.42447832226753235,0.2713952660560608,0.5959411263465881,0.08676587045192719,0.9989719390869141,0.4786889851093292,0.1850697100162506,-0.12078157812356949,0.6364486217498779,0.998884379863739,0.4245683550834656,0.27065202593803406,0.5970870852470398,0.09694754332304001,0.9991098046302795,0.4770742654800415,0.18973559141159058,-0.11289825290441513,0.625216543674469,0.9991395473480225,0.3341735303401947,0.36436551809310913,0.14598631858825684,0.9952685236930847,0.999915599822998,0.3212193250656128,0.3541657328605652,-0.14617463946342468,0.9965915679931641,0.999944806098938,0.3160301744937897,0.4317391812801361,0.14965282380580902,0.7224974632263184,0.9992517828941345,0.2836381494998932,0.4209369122982025,-0.18064448237419128,0.9526010751724243,0.9994284510612488,0.18438608944416046,0.44696107506752014,0.15928418934345245,0.7830315828323364,0.9996950626373291,0.12244194000959396,0.40797868371009827,-0.15489688515663147,0.9357044100761414,0.999782383441925,0.17245279252529144,0.43651777505874634,0.15848271548748016,0.7930285334587097,0.9997004270553589,0.10148675739765167,0.409508615732193,-0.15124474465847015,0.9030669331550598,0.9997900128364563,0.1617879420518875,0.46807342767715454,0.1427704244852066,0.8207235336303711,0.9994542002677917,0.08600886911153793,0.44239121675491333,-0.19416537880897522,0.9218041896820068,0.9995597004890442
57,1938,True,0.42374008893966675,0.2323136329650879,0.10672564059495926,0.9974640011787415,0.9998782873153687,0.4189242124557495,0.2276187390089035,0.12169581651687622,0.9963913559913635,0.9998675584793091,0.4179665744304657,0.2279062569141388,0.12173446267843246,0.9954707026481628,0.9998729228973389,0.4166223406791687,0.22803933918476105,0.12170543521642685,0.9967564940452576,0.9998760223388672,0.4203702211380005,0.22654536366462708,0.07934002578258514,0.9973946809768677,0.9998593330383301,0.4166092276573181,0.2255866974592209,0.07917734980583191,0.9975556135177612,0.9998612403869629,0.4145761728286743,0.2248576581478119,0.07925532013177872,0.997882604598999,0.9998607635498047,0.4015466868877411,0.2281697541475296,0.18381139636039734,0.9970698356628418,0.9998989105224609,0.4003363251686096,0.22546041011810303,-0.008221345022320747,0.998284101486206,0.9998852014541626,0.4171607196331024,0.23888099193572998,0.13241638243198395,0.9967832565307617,0.9997567534446716,0.41625162959098816,0.23675909638404846,0.07753757387399673,0.9972051382064819,0.9997623562812805,0.36658456921577454,0.2594449818134308,0.30995818972587585,0.995735228061676,0.9998904466629028,0.3805485665798187,0.23650765419006348,-0.1486893594264984,0.998749315738678,0.9999502897262573,0.3923802971839905,0.27203965187072754,0.4199887216091156,0.14916661381721497,0.9998781681060791,0.4577156901359558,0.2053525149822235,-0.22366496920585632,0.9743618965148926,0.9999550580978394,0.3976695239543915,0.2798195481300354,0.4180856943130493,0.09374858438968658,0.9995729327201843,0.48245397210121155,0.1850554645061493,-0.053611043840646744,0.765027642250061,0.9995967745780945,0.39900076389312744,0.28234395384788513,0.43990546464920044,0.09244394302368164,0.9994934797286987,0.48525500297546387,0.17925706505775452,-0.08469580113887787,0.6598495244979858,0.9992784857749939,0.3955916166305542,0.28353944420814514,0.40846380591392517,0.0928555428981781,0.9993674159049988,0.4834875762462616,0.17965219914913177,-0.04496860131621361,0.64667147397995,0.9990909099578857,0.3949677348136902,0.28214165568351746,0.403031587600708,0.10282346606254578,0.9994713664054871,0.4798884987831116,0.18382367491722107,-0.039340727031230927,0.633991539478302,0.9993519186973572,0.2947597801685333,0.3444714844226837,0.1442347913980484,0.9957402944564819,0.9999665021896362,0.28717178106307983,0.33589693903923035,-0.1444128453731537,0.9969297051429749,0.9999681711196899,0.2751850485801697,0.4149813652038574,0.14778807759284973,0.7240674495697021,0.9997288584709167,0.2699640095233917,0.3980449140071869,-0.1782158762216568,0.9550567269325256,0.9997417330741882,0.17574962973594666,0.43952298164367676,0.13758563995361328,0.797134280204773,0.9998096823692322,0.10180525481700897,0.37334805727005005,-0.154836043715477,0.9406992197036743,0.9998346567153931,0.15560592710971832,0.42359504103660583,0.13818152248859406,0.8058153986930847,0.9997894167900085,0.07922496646642685,0.361583948135376,-0.1521332710981369,0.9105671644210815,0.9998364448547363,0.14890258014202118,0.4544575810432434,0.09245666861534119,0.8321414589881897,0.9995782971382141,0.047865767031908035,0.3947262763977051,-0.18985672295093536,0.9280970692634583,0.9996687173843384
58,1972,True,0.4077873229980469,0.21906177699565887,0.06982395797967911,0.9977141618728638,0.9999825954437256,0.4024312198162079,0.21404841542243958,0.087872214615345,0.9967467188835144,0.9999809265136719,0.40104976296424866,0.21406324207782745,0.08790680766105652,0.9959158897399902,0.9999812841415405,0.3995918333530426,0.21401920914649963,0.08787143230438232,0.9970763921737671,0.9999814033508301,0.40247276425361633,0.21333996951580048,0.041514988988637924,0.9976528286933899,0.9999771118164062,0.40085384249687195,0.21285168826580048,0.04140542820096016,0.9977976679801941,0.9999749660491943,0.39940932393074036,0.21241314709186554,0.04151749238371849,0.9980916976928711,0.9999716281890869,0.3862124979496002,0.21455509960651398,0.1584792137145996,0.9973595142364502,0.9999829530715942,0.3877842426300049,0.21344904601573944,-0.0474240742623806,0.9984527826309204,0.999969482421875,0.4004460573196411,0.22411338984966278,0.0980309396982193,0.9970868825912476,0.9999278783798218,0.40097498893737793,0.22319193184375763,0.038006190210580826,0.9974677562713623,0.9999189376831055,0.35478538274765015,0.2394292801618576,0.275547057390213,0.9961370229721069,0.9999157190322876,0.3704809844493866,0.22886276245117188,-0.181884765625,0.998862624168396,0.9999085664749146,0.41135507822036743,0.22359582781791687,0.35982632637023926,0.15284010767936707,0.9999630451202393,0.44559532403945923,0.20677080750465393,-0.27591782808303833,0.9758736491203308,0.9999227523803711,0.447748064994812,0.19486242532730103,0.3688604533672333,0.11722414940595627,0.9998070597648621,0.48393452167510986,0.18147505819797516,-0.2079930156469345,0.7833362221717834,0.9995827078819275,0.44190558791160583,0.18947990238666534,0.3844662010669708,0.11663462221622467,0.9996815919876099,0.4880332946777344,0.1751646101474762,-0.24161529541015625,0.6857514381408691,0.999349057674408,0.4436878263950348,0.18813997507095337,0.36154794692993164,0.11647719889879227,0.9996316432952881,0.4864034950733185,0.17488768696784973,-0.21305085718631744,0.6732501983642578,0.999286949634552,0.4399419128894806,0.18909822404384613,0.35550305247306824,0.12711931765079498,0.9997128844261169,0.48342716693878174,0.17857789993286133,-0.19696831703186035,0.6600098013877869,0.9994296431541443,0.2668215334415436,0.32362788915634155,0.14230872690677643,0.9961646199226379,0.9999825954437256,0.26562485098838806,0.3194591701030731,-0.14229196310043335,0.9972334504127502,0.9999713897705078,0.23593686521053314,0.38882479071617126,0.17394007742404938,0.7288718819618225,0.9999092817306519,0.23630158603191376,0.37774819135665894,-0.16532988846302032,0.9584982395172119,0.9998408555984497,0.15544584393501282,0.41314250230789185,0.16752079129219055,0.8124908804893494,0.9998477697372437,0.09115011245012283,0.3456459641456604,-0.13742636144161224,0.946025550365448,0.9998993873596191,0.1332104504108429,0.4139617383480072,0.1627972275018692,0.8200063109397888,0.9997994303703308,0.08146140724420547,0.33642831444740295,-0.13777638971805573,0.9184879660606384,0.9999030828475952,0.13086335361003876,0.4267463684082031,0.11098377406597137,0.8448533415794373,0.9996050000190735,0.05079535022377968,0.3621583580970764,-0.146878182888031,0.9345104098320007,0.999795138835907
59,2006,True,0.3942869007587433,0.20283377170562744,0.008938129991292953,0.9979387521743774,0.9999755620956421,0.3886129558086395,0.19768139719963074,0.025797314941883087,0.9970664381980896,0.999974250793457,0.3875996172428131,0.197774738073349,0.025790434330701828,0.9963161945343018,0.9999750852584839,0.3866328001022339,0.19792181253433228,0.02572467364370823,0.9973639845848083,0.9999748468399048,0.3879595398902893,0.1971326470375061,-0.017160825431346893,0.9978848695755005,0.9999685287475586,0.38654911518096924,0.19691042602062225,-0.017274847254157066,0.9980149865150452,0.9999649524688721,0.385225385427475,0.19677871465682983,-0.017186643555760384,0.9982794523239136,0.99996018409729,0.37489038705825806,0.1995556652545929,0.10280097275972366,0.9976198673248291,0.9999769926071167,0.373860627412796,0.19900208711624146,-0.0900970995426178,0.9986039996147156,0.9999558925628662,0.3884825110435486,0.20851309597492218,0.04033325985074043,0.9973583221435547,0.9999034404754639,0.38815227150917053,0.20791976153850555,-0.015666905790567398,0.9977014064788818,0.9998866319656372,0.34742775559425354,0.22199848294258118,0.2170819342136383,0.9964867830276489,0.9998787641525269,0.35509976744651794,0.21710458397865295,-0.21270284056663513,0.9989568591117859,0.9998500347137451,0.4208493232727051,0.20818892121315002,0.2764933109283447,0.1636020988225937,0.9999438524246216,0.43736669421195984,0.20349326729774475,-0.3163067400455475,0.977256715297699,0.9998243451118469,0.4611964225769043,0.18299256265163422,0.24018272757530212,0.15114206075668335,0.9996885061264038,0.4860396087169647,0.17768020927906036,-0.2935580313205719,0.801411509513855,0.9991268515586853,0.4468250572681427,0.17773599922657013,0.2429693639278412,0.15047010779380798,0.9994897842407227,0.488386869430542,0.1724214106798172,-0.3362480700016022,0.7117859125137329,0.9987723231315613,0.45131686329841614,0.1772565096616745,0.22231432795524597,0.14961962401866913,0.9994637370109558,0.48881351947784424,0.17150923609733582,-0.3101230263710022,0.7001442909240723,0.9987420439720154,0.44845038652420044,0.1781831830739975,0.2263384759426117,0.16060268878936768,0.9995598196983337,0.4863840639591217,0.17280441522598267,-0.28413906693458557,0.6866704225540161,0.9989120960235596,0.24406714737415314,0.30405884981155396,0.13949638605117798,0.9965448379516602,0.9999741315841675,0.23821553587913513,0.3013436198234558,-0.1394049972295761,0.9975044131278992,0.9999548196792603,0.21949295699596405,0.3626778721809387,0.19530411064624786,0.7277848124504089,0.9998573064804077,0.21559348702430725,0.36059069633483887,-0.14507900178432465,0.9614839553833008,0.9997504353523254,0.1334531456232071,0.38419532775878906,0.23204241693019867,0.8234567046165466,0.9998031258583069,0.08514602482318878,0.3314190208911896,-0.04936596006155014,0.9506394267082214,0.9998289346694946,0.10578182339668274,0.3730641007423401,0.2316347062587738,0.8309791684150696,0.9997432827949524,0.0688232034444809,0.31923314929008484,-0.03979979455471039,0.9253845810890198,0.999832272529602,0.10541893541812897,0.3957971930503845,0.18712516129016876,0.8539029359817505,0.9995076656341553,0.04476933553814888,0.3534313142299652,-0.06687726080417633,0.9400101900100708,0.9996589422225952
60,2040,True,0.38135284185409546,0.18962660431861877,-0.019868653267621994,0.998140811920166,0.9999561309814453,0.3774048984050751,0.18424716591835022,-0.004138344898819923,0.9973542094230652,0.9999575614929199,0.3766487240791321,0.18428876996040344,-0.004184346180409193,0.9966768622398376,0.9999595880508423,0.3749312162399292,0.18391814827919006,-0.004271666053682566,0.9976231455802917,0.99996018409729,0.37638938426971436,0.18370360136032104,-0.04410441219806671,0.9980934858322144,0.9999439716339111,0.37500110268592834,0.18344746530056,-0.044203195720911026,0.9982102513313293,0.9999362230300903,0.37308433651924133,0.1830379068851471,-0.04411721229553223,0.9984481334686279,0.9999258518218994,0.36542120575904846,0.18563838303089142,0.07245044410228729,0.9978547096252441,0.9999637603759766,0.36296916007995605,0.18528521060943604,-0.10665394365787506,0.9987396597862244,0.9999125003814697,0.37619999051094055,0.19594594836235046,0.011403798125684261,0.9976032972335815,0.9998124241828918,0.3742983043193817,0.19515018165111542,-0.040626004338264465,0.9979115724563599,0.9997596144676208,0.33766263723373413,0.20552191138267517,0.184882253408432,0.9967792630195618,0.9997648596763611,0.33868536353111267,0.2026945799589157,-0.22336840629577637,0.9990204572677612,0.999592125415802,0.41667747497558594,0.2022773027420044,0.2230786383152008,0.18434354662895203,0.9999023675918579,0.4220954477787018,0.19962123036384583,-0.3270053565502167,0.9783419966697693,0.9995453953742981,0.4664134681224823,0.17925843596458435,0.15924033522605896,0.1918216198682785,0.9994720816612244,0.48527005314826965,0.176322802901268,-0.316304475069046,0.8177716732025146,0.9982998967170715,0.45476359128952026,0.17442937195301056,0.15599751472473145,0.1895424723625183,0.9991400241851807,0.4899122416973114,0.17126843333244324,-0.36037173867225647,0.735540509223938,0.9977803826332092,0.4566951394081116,0.17401693761348724,0.13746653497219086,0.18797653913497925,0.9991208910942078,0.4898669719696045,0.17080853879451752,-0.335903137922287,0.7247761487960815,0.9977378845214844,0.45380836725234985,0.17494544386863708,0.14555859565734863,0.19941243529319763,0.9992638230323792,0.4878745973110199,0.17205609381198883,-0.3075639605522156,0.7111954689025879,0.9980025887489319,0.21509452164173126,0.2831684648990631,0.13696986436843872,0.9968818426132202,0.9999465942382812,0.2078799158334732,0.28024056553840637,-0.13692058622837067,0.9977394938468933,0.999897837638855,0.19131845235824585,0.33841076493263245,0.2007329761981964,0.7103226780891418,0.9996167421340942,0.19866307079792023,0.3434206247329712,-0.12791624665260315,0.9630823731422424,0.9993046522140503,0.08497697860002518,0.33932602405548096,0.26823726296424866,0.8220630884170532,0.99955815076828,0.0826510563492775,0.3279058039188385,-0.0069521027617156506,0.9536176323890686,0.9994893074035645,0.06837272644042969,0.3315545320510864,0.27217066287994385,0.8338111042976379,0.9994640946388245,0.0646539032459259,0.31314077973365784,0.006584500428289175,0.930147647857666,0.999508261680603,0.05785016342997551,0.3480205237865448,0.2471422255039215,0.8542776107788086,0.9990620017051697,0.03706296905875206,0.34160396456718445,-0.011648199521005154,0.9437316060066223,0.9991580247879028
61,2074,True,0.3784598410129547,0.17741408944129944,0.0030733859166502953,0.998324453830719,0.9999548196792603,0.37505027651786804,0.17156891524791718,0.017775580286979675,0.9976156949996948,0.9999536275863647,0.3740047812461853,0.1714644730091095,0.017733490094542503,0.9970048666000366,0.9999548196792603,0.37280935049057007,0.17137086391448975,0.017663266509771347,0.9978582859039307,0.999954104423523,0.3742930591106415,0.17112132906913757,-0.020886611193418503,0.998282253742218,0.9999419450759888,0.3728092610836029,0.17075374722480774,-0.020973531529307365,0.9983871579170227,0.9999357461929321,0.371242493391037,0.1704319566488266,-0.020878707990050316,0.9986012578010559,0.9999257326126099,0.3603079915046692,0.1723993867635727,0.090485580265522,0.9980678558349609,0.9999547004699707,0.3590162396430969,0.17172707617282867,-0.08255831152200699,0.9988634586334229,0.9999090433120728,0.3724667429924011,0.18344417214393616,0.03305680304765701,0.9978312253952026,0.9997460246086121,0.37158265709877014,0.18261703848838806,-0.017380157485604286,0.9981091022491455,0.9996988773345947,0.33207789063453674,0.19464024901390076,0.19789646565914154,0.997014582157135,0.9992227554321289,0.33531856536865234,0.18916776776313782,-0.19546866416931152,0.9990611672401428,0.9990696310997009,0.4051796793937683,0.1938389241695404,0.25197458267211914,0.20372143387794495,0.9995393753051758,0.4268570840358734,0.18979398906230927,-0.2849005460739136,0.9793679118156433,0.999101996421814,0.4694627523422241,0.1738443672657013,0.20814061164855957,0.22226575016975403,0.998127281665802,0.4863263964653015,0.16992761194705963,-0.22384582459926605,0.8320048451423645,0.9972801208496094,0.4660229980945587,0.17160794138908386,0.21027198433876038,0.21917954087257385,0.997267484664917,0.4940741956233978,0.16365283727645874,-0.259468674659729,0.7559422254562378,0.9959418177604675,0.46839314699172974,0.16956178843975067,0.18992701172828674,0.21735826134681702,0.9970889687538147,0.4908812344074249,0.16260617971420288,-0.23529398441314697,0.7459613084793091,0.9956644177436829,0.4663063585758209,0.17246171832084656,0.19481854140758514,0.23040293157100677,0.9974861145019531,0.4888463318347931,0.16625626385211945,-0.21465140581130981,0.7325202226638794,0.9965439438819885,0.1941702663898468,0.262153297662735,0.13326714932918549,0.9971619844436646,0.9995751976966858,0.19338667392730713,0.26143646240234375,-0.13302825391292572,0.9979161620140076,0.999292254447937,0.1918480098247528,0.31772488355636597,0.18532487750053406,0.6840007305145264,0.9982501864433289,0.20636452734470367,0.32757455110549927,-0.1247008666396141,0.9638489484786987,0.9971831440925598,0.07939928770065308,0.31586283445358276,0.2457856982946396,0.8090887069702148,0.9979058504104614,0.08648183941841125,0.3167670667171478,-0.012282171286642551,0.9544463157653809,0.9968684315681458,0.05906345695257187,0.3084351420402527,0.25019407272338867,0.827133059501648,0.9974809288978577,0.06635395437479019,0.30553191900253296,0.0015262578381225467,0.9320549368858337,0.9969602227210999,0.05204007774591446,0.33757978677749634,0.2454274445772171,0.8444842100143433,0.9958756566047668,0.05900726467370987,0.33758461475372314,0.004790730774402618,0.9448175430297852,0.995434582233429
62,2108,True,0.37570714950561523,0.16482850909233093,-0.016930896788835526,0.9984906911849976,0.9999812841415405,0.3749360740184784,0.15993943810462952,0.0011402728268876672,0.9978527426719666,0.9999775886535645,0.3746095299720764,0.16025465726852417,0.001087489421479404,0.9973019957542419,0.999977707862854,0.3742401599884033,0.16059251129627228,0.0010185970459133387,0.9980712532997131,0.999976396560669,0.3724372088909149,0.15826159715652466,-0.03395155817270279,0.9984530210494995,0.999972939491272,0.37012341618537903,0.1572217494249344,-0.034021396189928055,0.9985471963882446,0.9999703168869019,0.3682093322277069,0.15649506449699402,-0.033903904259204865,0.9987401366233826,0.9999650716781616,0.3620922863483429,0.1609579622745514,0.09026944637298584,0.9982604384422302,0.9999792575836182,0.3547590374946594,0.15638142824172974,-0.07151974737644196,0.9989759922027588,0.9999605417251587,0.3694338798522949,0.171084463596344,0.01790122129023075,0.9980437755584717,0.9999164342880249,0.36678212881088257,0.1686297059059143,-0.02806929126381874,0.9982945919036865,0.9999078512191772,0.33691373467445374,0.1872890144586563,0.19528433680534363,0.9972692728042603,0.9995465874671936,0.31793078780174255,0.16967159509658813,-0.1694599688053131,0.9991180300712585,0.9993746876716614,0.4085208773612976,0.19036071002483368,0.24923767149448395,0.24067135155200958,0.9994767308235168,0.40795108675956726,0.17028915882110596,-0.27218323945999146,0.9805441498756409,0.9989929795265198,0.4695679545402527,0.17509479820728302,0.20097219944000244,0.2576350271701813,0.9987884163856506,0.48693224787712097,0.1642152965068817,-0.19476990401744843,0.8436042070388794,0.997952938079834,0.47314590215682983,0.17160390317440033,0.20052629709243774,0.25002554059028625,0.9981020092964172,0.49435093998908997,0.16031727194786072,-0.22723278403282166,0.7711109519004822,0.9963693618774414,0.47303733229637146,0.17198947072029114,0.18790708482265472,0.24789811670780182,0.9980469942092896,0.4916123151779175,0.16135862469673157,-0.21052028238773346,0.7614982724189758,0.9964003562927246,0.4698220491409302,0.17383931577205658,0.19097132980823517,0.2619177997112274,0.9983886480331421,0.4890297055244446,0.16413618624210358,-0.18647493422031403,0.7482249140739441,0.9974141120910645,0.1937868297100067,0.2529086768627167,0.11728184670209885,0.9974092841148376,0.9996156692504883,0.18080556392669678,0.2420804500579834,-0.1171085387468338,0.9980696439743042,0.9992293119430542,0.2083093374967575,0.3067900836467743,0.13124582171440125,0.6663545966148376,0.9981396198272705,0.21091797947883606,0.3075099587440491,-0.12736807763576508,0.9646391272544861,0.9967519044876099,0.08470970392227173,0.31618204712867737,0.21778152883052826,0.7930009365081787,0.9967716336250305,0.0940319299697876,0.316156804561615,-0.026504842564463615,0.9545182585716248,0.9910350441932678,0.0680115818977356,0.313045471906662,0.215962752699852,0.8170449733734131,0.9958111047744751,0.07976463437080383,0.30710139870643616,-0.01729314960539341,0.9317968487739563,0.990603506565094,0.07429714500904083,0.34298619627952576,0.19454233348369598,0.8350244164466858,0.9931871891021729,0.07732726633548737,0.3401489853858948,-0.035342175513505936,0.9452992081642151,0.9859603643417358
63,2142,True,0.3771362006664276,0.15248581767082214,-0.0008646202040836215,0.9986411929130554,0.9999974966049194,0.37756630778312683,0.14780071377754211,0.019046392291784286,0.9980670809745789,0.9999959468841553,0.3775334656238556,0.1483418345451355,0.01901511289179325,0.9975711703300476,0.9999957084655762,0.37772315740585327,0.14913854002952576,0.018964678049087524,0.9982637763023376,0.9999949932098389,0.37471216917037964,0.14559173583984375,-0.018602006137371063,0.9986074566841125,0.9999963045120239,0.37262293696403503,0.14451800286769867,-0.018711043521761894,0.9986921548843384,0.9999964237213135,0.37016335129737854,0.14321288466453552,-0.018621809780597687,0.9988659024238586,0.9999960660934448,0.3648463785648346,0.14926216006278992,0.11198578774929047,0.9984341859817505,0.9999955892562866,0.3559304475784302,0.14221543073654175,-0.016694236546754837,0.9990781545639038,0.9999966621398926,0.3707033395767212,0.15858331322669983,0.03526563569903374,0.9982383251190186,0.9999918937683105,0.3677084743976593,0.15464714169502258,-0.015888435766100883,0.9984643459320068,0.9999934434890747,0.33791443705558777,0.17945988476276398,0.21243463456630707,0.9975335001945496,0.9999294281005859,0.31027650833129883,0.1522839516401291,-0.10868705064058304,0.9992033839225769,0.999966025352478,0.4028339087963104,0.1923685073852539,0.27911025285720825,0.2861764430999756,0.9998180270195007,0.39337390661239624,0.1540619134902954,-0.22373975813388824,0.9818369746208191,0.9998457431793213,0.4697626829147339,0.17987968027591705,0.2301032841205597,0.30121177434921265,0.9997939467430115,0.4860371947288513,0.15576763451099396,-0.1256852000951767,0.8550757765769958,0.9996905326843262,0.4766467213630676,0.17504402995109558,0.23036617040634155,0.2871272563934326,0.9996111989021301,0.4945962131023407,0.1533670872449875,-0.14606215059757233,0.7850152254104614,0.9992392063140869,0.4757051169872284,0.17410025000572205,0.22106537222862244,0.2848575711250305,0.9995996356010437,0.49192461371421814,0.15674014389514923,-0.11720097064971924,0.775395393371582,0.9992352724075317,0.472892165184021,0.1753218173980713,0.22160695493221283,0.29977110028266907,0.9997220635414124,0.48955315351486206,0.15775103867053986,-0.11270836740732193,0.7625182271003723,0.9995532631874084,0.1971932351589203,0.2395809441804886,0.11038298159837723,0.9976626634597778,0.999947190284729,0.17973539233207703,0.225474551320076,-0.11041294783353806,0.998258650302887,0.999958872795105,0.2027796357870102,0.290632963180542,0.09231404960155487,0.6799482107162476,0.9994673132896423,0.2149362564086914,0.2957491874694824,-0.1275220513343811,0.9670713543891907,0.9995243549346924,0.07124131917953491,0.2600436508655548,0.18405592441558838,0.792052149772644,0.9991100430488586,0.11444687098264694,0.3262619376182556,-0.0999402329325676,0.9571137428283691,0.9957938194274902,0.05320330336689949,0.252840518951416,0.19479900598526,0.8178133964538574,0.9987800717353821,0.08692436665296555,0.3222960829734802,-0.09539254754781723,0.9341513514518738,0.9943140745162964,0.0505952425301075,0.28890520334243774,0.1795312613248825,0.8341050148010254,0.9974512457847595,0.09967099130153656,0.35476407408714294,-0.12056900560855865,0.9479667544364929,0.9892075061798096
64,2176,True,0.38038113713264465,0.14345110952854156,-0.03978484869003296,0.9987741112709045,0.9999418258666992,0.3815152943134308,0.13893088698387146,-0.018903078511357307,0.9982579350471497,0.9999287128448486,0.3814889192581177,0.13934127986431122,-0.018964290618896484,0.9978100657463074,0.9999324083328247,0.38147956132888794,0.1397692859172821,-0.019069712609052658,0.9984350204467773,0.9999285936355591,0.37820854783058167,0.13677434623241425,-0.04938213527202606,0.9987446069717407,0.9999164342880249,0.3761914074420929,0.13593384623527527,-0.049425262957811356,0.9988202452659607,0.9999140501022339,0.3739500343799591,0.13499489426612854,-0.049357593059539795,0.9989770650863647,0.9999004602432251,0.368436723947525,0.13908006250858307,0.07942729443311691,0.9985890984535217,0.9999420642852783,0.35813915729522705,0.1330789476633072,-0.04361040145158768,0.9991679191589355,0.9999057054519653,0.37311065196990967,0.1487358957529068,-0.0014858468202874064,0.9984077215194702,0.9998953342437744,0.3698577582836151,0.14623871445655823,-0.04147379845380783,0.9986113905906677,0.9998832941055298,0.3390336036682129,0.16574054956436157,0.1858176589012146,0.9977368116378784,0.9996761083602905,0.31547412276268005,0.1406983882188797,-0.11432017385959625,0.9992688894271851,0.9995861649513245,0.4103468954563141,0.18811067938804626,0.19680732488632202,0.3305506706237793,0.9996485710144043,0.3900962471961975,0.14541199803352356,-0.26637589931488037,0.9830425381660461,0.9987163543701172,0.47877851128578186,0.17788857221603394,0.10384456068277359,0.34927624464035034,0.99893718957901,0.47815370559692383,0.1540936976671219,-0.23772455751895905,0.8674781322479248,0.9974963068962097,0.4910154640674591,0.17481687664985657,0.09578344225883484,0.3292445242404938,0.997840404510498,0.49342650175094604,0.15366990864276886,-0.2723190188407898,0.8022041320800781,0.9954527616500854,0.48814523220062256,0.17152240872383118,0.0843987762928009,0.32685399055480957,0.9979596138000488,0.4922156035900116,0.15582039952278137,-0.241094172000885,0.7931238412857056,0.9957925081253052,0.4848473370075226,0.17264577746391296,0.09378784149885178,0.3418632447719574,0.9984610080718994,0.48980796337127686,0.15534533560276031,-0.22464042901992798,0.7804954051971436,0.996853768825531,0.19113871455192566,0.22587630152702332,0.10497500002384186,0.9978575110435486,0.9998002648353577,0.17810024321079254,0.21323318779468536,-0.10507665574550629,0.9983952641487122,0.9996365308761597,0.18618710339069366,0.26840823888778687,0.09693968296051025,0.6863067746162415,0.9956228137016296,0.23169857263565063,0.27919816970825195,-0.12757985293865204,0.9688175916671753,0.9938077330589294,0.08252450823783875,0.2603469491004944,0.1971234381198883,0.7870179414749146,0.9884867668151855,0.14112165570259094,0.3236488699913025,-0.0522853285074234,0.9573327302932739,0.9689818024635315,0.06542202830314636,0.254220575094223,0.20916548371315002,0.8152915835380554,0.9861148595809937,0.11993169039487839,0.31847885251045227,-0.04079728201031685,0.9330103397369385,0.9670997858047485,0.06226060166954994,0.2771227955818176,0.20481841266155243,0.8241786360740662,0.9803491830825806,0.13006125390529633,0.35297346115112305,-0.053413037210702896,0.9461625218391418,0.9507666230201721
65,2210,True,0.3837023973464966,0.13416428864002228,-0.033837802708148956,0.9988813400268555,0.9995181560516357,0.38437891006469727,0.12975141406059265,-0.007232130039483309,0.9984219670295715,0.9995208978652954,0.38402795791625977,0.13022708892822266,-0.007035071961581707,0.9980114698410034,0.9995585083961487,0.38365060091018677,0.13066548109054565,-0.006908600218594074,0.9985827207565308,0.9995662569999695,0.3819681406021118,0.12727592885494232,-0.028218651190400124,0.9988611340522766,0.9994136095046997,0.3801362216472626,0.12617623805999756,-0.028190286830067635,0.9989262819290161,0.9993739724159241,0.3781112730503082,0.12498538196086884,-0.02811489813029766,0.9990694522857666,0.9993153810501099,0.3695942461490631,0.12914510071277618,0.09407699108123779,0.9987257719039917,0.9997045397758484,0.3623020052909851,0.12246783822774887,-0.021837498992681503,0.9992430210113525,0.9994791150093079,0.3756776452064514,0.13930688798427582,0.013306871056556702,0.9985436201095581,0.9995744824409485,0.373607337474823,0.1357899010181427,-0.02025226689875126,0.9987248778343201,0.9994788765907288,0.33544713258743286,0.15735259652137756,0.19437791407108307,0.9979454278945923,0.9996719360351562,0.3210611939430237,0.1290823519229889,-0.10248846560716629,0.9993350505828857,0.9995686411857605,0.3978947103023529,0.18692755699157715,0.22842247784137726,0.3585129678249359,0.9996108412742615,0.39383378624916077,0.1390170454978943,-0.20143964886665344,0.9840099811553955,0.9994385838508606,0.47707560658454895,0.17938920855522156,0.16333436965942383,0.3822280466556549,0.9990861415863037,0.479295939207077,0.15227600932121277,-0.2137773334980011,0.8776957988739014,0.9971117973327637,0.49094539880752563,0.17728909850120544,0.16238312423229218,0.35868754982948303,0.9980587363243103,0.4936027228832245,0.1534453183412552,-0.25202152132987976,0.8160909414291382,0.993263304233551,0.4883909523487091,0.17517739534378052,0.14740560948848724,0.3569478392601013,0.9981576800346375,0.49263694882392883,0.15390075743198395,-0.19913873076438904,0.8074948191642761,0.9942924976348877,0.48484283685684204,0.1738395243883133,0.15381106734275818,0.3699698746204376,0.9987278580665588,0.49065878987312317,0.15387703478336334,-0.19219167530536652,0.7948190569877625,0.9960722923278809,0.19767099618911743,0.21565453708171844,0.0918426439166069,0.9980590343475342,0.9997201561927795,0.18186131119728088,0.20063069462776184,-0.09195741266012192,0.9985332489013672,0.9992803931236267,0.23094810545444489,0.27355557680130005,0.09539712965488434,0.6832090020179749,0.9889588356018066,0.17177577316761017,0.2626163959503174,-0.12854474782943726,0.9679074883460999,0.9680835008621216,0.13086026906967163,0.2925425171852112,0.14312726259231567,0.7676650285720825,0.9152150750160217,0.09248573333024979,0.22384998202323914,-0.05260103568434715,0.9522873759269714,0.7998068928718567,0.1092381700873375,0.28830045461654663,0.1490483582019806,0.7972777485847473,0.889488697052002,0.08197925984859467,0.21223711967468262,-0.042817410081624985,0.9284871816635132,0.8118095993995667,0.11293061822652817,0.3113696873188019,0.1620524674654007,0.8010926842689514,0.8685095310211182,0.06426019221544266,0.23020844161510468,-0.03141012042760849,0.9380003809928894,0.7995927333831787
66,2244,True,0.3861450254917145,0.1255352646112442,0.06795903295278549,0.9989883303642273,0.9999622106552124,0.38655000925064087,0.12111631780862808,0.0934961661696434,0.9985767006874084,0.9999512434005737,0.3858747184276581,0.12127281725406647,0.09342113882303238,0.9982046484947205,0.999955415725708,0.38523292541503906,0.12137866020202637,0.09340371936559677,0.9987213611602783,0.999958872795105,0.38541650772094727,0.11945866048336029,0.06865794956684113,0.9989719390869141,0.9999372959136963,0.3839886486530304,0.11844946444034576,0.0685081034898758,0.9990291595458984,0.9999327659606934,0.38240301609039307,0.11734326928853989,0.068594790995121,0.9991585612297058,0.9999258518218994,0.37184062600135803,0.11933247745037079,0.1915065348148346,0.99885094165802,0.9999752044677734,0.3674963712692261,0.11416784673929214,0.07454508543014526,0.9993150234222412,0.9999456405639648,0.3772173225879669,0.1300273984670639,0.10358382016420364,0.9986818432807922,0.9999707937240601,0.37689149379730225,0.1275658905506134,0.07000898569822311,0.998842179775238,0.9999587535858154,0.32863685488700867,0.1479349434375763,0.2670869827270508,0.9981467723846436,0.9999699592590332,0.32941141724586487,0.12007319927215576,-0.024976147338747978,0.9994004368782043,0.9999634027481079,0.3806951344013214,0.1849018782377243,0.27384287118911743,0.3846011161804199,0.9999182224273682,0.39824503660202026,0.13448466360569,-0.11290562152862549,0.9852800369262695,0.9999017715454102,0.46027132868766785,0.1836908459663391,0.20851977169513702,0.4182702898979187,0.9998592138290405,0.4748660624027252,0.15606406331062317,-0.10790407657623291,0.8874391317367554,0.9995555281639099,0.4780904948711395,0.18340696394443512,0.21053865551948547,0.3917142450809479,0.9997206330299377,0.491123229265213,0.15781676769256592,-0.13584664463996887,0.829387903213501,0.9988414645195007,0.4816696047782898,0.18000496923923492,0.1945183426141739,0.38970932364463806,0.9997376799583435,0.4903959035873413,0.158172145485878,-0.10151755809783936,0.8212080001831055,0.9990013241767883,0.47554296255111694,0.180118590593338,0.19814203679561615,0.3996772766113281,0.9998177886009216,0.4863743185997009,0.1585429459810257,-0.09343226999044418,0.8082138895988464,0.9992926120758057,0.20873618125915527,0.20491895079612732,0.08578193187713623,0.9982515573501587,0.9999560117721558,0.1950915902853012,0.1900986284017563,-0.0857614278793335,0.9986751079559326,0.9998975992202759,0.24291624128818512,0.27505308389663696,0.06202015280723572,0.7065570950508118,0.9985952973365784,0.13802236318588257,0.22386357188224792,-0.1545952707529068,0.9703975319862366,0.9968401193618774,0.1443614959716797,0.3103232979774475,0.042126644402742386,0.7849686741828918,0.9905081987380981,0.0429873950779438,0.17184418439865112,-0.13432078063488007,0.9552400708198547,0.9767284393310547,0.12881402671337128,0.3080563545227051,0.03869447112083435,0.8099557757377625,0.986213207244873,0.030911514535546303,0.160690575838089,-0.12825308740139008,0.9323877692222595,0.9754128456115723,0.14379718899726868,0.33449608087539673,-0.0010345953051000834,0.8134299516677856,0.9734076261520386,0.005417197942733765,0.17626050114631653,-0.14205703139305115,0.9403326511383057,0.9619375467300415
67,2278,True,0.3854835629463196,0.11525487899780273,0.16781122982501984,0.9990851879119873,0.999984860420227,0.38569870591163635,0.11036940664052963,0.1906818151473999,0.9987152218818665,0.99997878074646,0.38491567969322205,0.11047334969043732,0.19062525033950806,0.9983780980110168,0.9999804496765137,0.3841765224933624,0.11061938852071762,0.1906643956899643,0.9988458752632141,0.9999815225601196,0.38552114367485046,0.10918983072042465,0.1640739142894745,0.9990707635879517,0.9999721050262451,0.3845863342285156,0.10844060033559799,0.16388043761253357,0.9991208910942078,0.9999698400497437,0.3835592567920685,0.10773080587387085,0.16397663950920105,0.9992380142211914,0.9999663829803467,0.3719245195388794,0.10909099876880646,0.269656777381897,0.9989615678787231,0.9999878406524658,0.37044426798820496,0.10585419833660126,0.15093673765659332,0.9993767142295837,0.9999716281890869,0.3770959675312042,0.1198372095823288,0.19497475028038025,0.9988059401512146,0.9999901056289673,0.3778090476989746,0.11814256757497787,0.16039003431797028,0.998944103717804,0.9999842643737793,0.3229040205478668,0.13017770648002625,0.3280951976776123,0.9983304738998413,0.9999933242797852,0.3330688774585724,0.11380203813314438,0.022456414997577667,0.999459981918335,0.9999923706054688,0.3562791645526886,0.17372620105743408,0.33431392908096313,0.40262705087661743,0.9999803304672241,0.4026642143726349,0.13593672215938568,-0.0787794291973114,0.9863945245742798,0.9999774694442749,0.41178855299949646,0.18880125880241394,0.2676561772823334,0.44895657896995544,0.9999669790267944,0.4672499895095825,0.15672197937965393,-0.08115837723016739,0.8967195749282837,0.9998878240585327,0.42425209283828735,0.18623602390289307,0.26562437415122986,0.4195670485496521,0.9999372959136963,0.4859800934791565,0.1583806872367859,-0.1104183942079544,0.8425703644752502,0.999715268611908,0.4312756359577179,0.1835988163948059,0.2446896880865097,0.41712486743927,0.9999417066574097,0.4880467355251312,0.15790565311908722,-0.07680343091487885,0.8347972631454468,0.9997487664222717,0.42499443888664246,0.1841149628162384,0.2544296681880951,0.4245463013648987,0.9999597072601318,0.48097437620162964,0.15821214020252228,-0.06762600690126419,0.821570098400116,0.9998205304145813,0.2199854701757431,0.1923588216304779,0.08536115288734436,0.9984254837036133,0.9999871253967285,0.21139049530029297,0.18090344965457916,-0.0852557122707367,0.9988059401512146,0.9999852180480957,0.23462894558906555,0.2653181254863739,0.053635455667972565,0.7311885952949524,0.9996919631958008,0.1523662507534027,0.21233606338500977,-0.15374475717544556,0.9730625152587891,0.9996786117553711,0.15144141018390656,0.30934053659439087,0.05346868932247162,0.8036406636238098,0.9986423850059509,0.032496046274900436,0.18339455127716064,-0.14088746905326843,0.9591400623321533,0.99834144115448,0.12299283593893051,0.308151513338089,0.05031159147620201,0.8245887160301208,0.9980972409248352,0.028412478044629097,0.18469184637069702,-0.13766136765480042,0.9377647638320923,0.9979705214500427,0.1477426141500473,0.3376472294330597,-0.0059570674784481525,0.8284788727760315,0.9965468049049377,0.003522890852764249,0.20230937004089355,-0.17722773551940918,0.9449289441108704,0.996526300907135
68,2312,True,0.3837767243385315,0.10703971236944199,0.36224502325057983,0.9984365701675415,0.9987829327583313,0.3836013376712799,0.10001116991043091,0.3640817105770111,0.9984166026115417,0.998481810092926,0.3823900818824768,0.09982240200042725,0.3639887869358063,0.998015284538269,0.9985490441322327,0.38046005368232727,0.10044416040182114,0.3639717996120453,0.9985871911048889,0.998467743396759,0.3857390582561493,0.1008942723274231,0.3405303955078125,0.998812198638916,0.9983161687850952,0.38550299406051636,0.1008186787366867,0.3403278887271881,0.9988291263580322,0.9984636306762695,0.38507652282714844,0.10072679817676544,0.3403480648994446,0.9989752173423767,0.998370349407196,0.3700476288795471,0.0987534373998642,0.3501747250556946,0.9986242055892944,0.9986246824264526,0.3717663288116455,0.10012488067150116,0.24355261027812958,0.9989537596702576,0.9984873533248901,0.3726682960987091,0.11042894423007965,0.35973218083381653,0.9979110956192017,0.9990013241767883,0.37753376364707947,0.11143753677606583,0.3286210596561432,0.9975854754447937,0.9988922476768494,0.3132282793521881,0.1111556738615036,0.3541514277458191,0.9984260201454163,0.9992673993110657,0.3600667417049408,0.11145424842834473,0.08353288471698761,0.9995108842849731,0.9998124241828918,0.3112224340438843,0.15503081679344177,0.34391531348228455,0.3712010383605957,0.9986500144004822,0.3989408314228058,0.1467195749282837,0.005747169256210327,0.9855867624282837,0.9992444515228271,0.36156150698661804,0.19103749096393585,0.30456432700157166,0.4170646071434021,0.9981011748313904,0.44157782196998596,0.17340804636478424,0.031205497682094574,0.8983323574066162,0.9969985485076904,0.3726741075515747,0.1910906434059143,0.31177592277526855,0.3904493451118469,0.997116208076477,0.45503613352775574,0.18254698812961578,0.023607339709997177,0.846363365650177,0.9938115477561951,0.3787404000759125,0.19331082701683044,0.29732391238212585,0.3881613314151764,0.997454822063446,0.45614320039749146,0.18271847069263458,0.04503887519240379,0.8384333252906799,0.9945705533027649,0.37252122163772583,0.19101038575172424,0.2960418462753296,0.39614492654800415,0.9979709982872009,0.4507242739200592,0.1792169064283371,0.04404257982969284,0.823664128780365,0.995824933052063,0.21482914686203003,0.17435051500797272,0.07565657049417496,0.9985309839248657,0.9996145963668823,0.24461905658245087,0.183424174785614,-0.0757860615849495,0.9989098310470581,0.9998658895492554,0.1000869870185852,0.20509874820709229,0.06713374704122543,0.7507363557815552,0.9863631129264832,0.17621654272079468,0.2510776221752167,-0.0833282619714737,0.9750171899795532,0.9931736588478088,-0.004652669653296471,0.20636563003063202,0.05750485137104988,0.816879391670227,0.9718148708343506,0.11223936080932617,0.28617212176322937,-0.12908188998699188,0.9610125422477722,0.9504437446594238,-0.022903528064489365,0.20667549967765808,0.0562124140560627,0.8378831148147583,0.9668241143226624,0.0815279558300972,0.2911483347415924,-0.12977878749370575,0.9407917261123657,0.9344397783279419,-0.027230732142925262,0.21463851630687714,0.03687601536512375,0.8290966153144836,0.9706063270568848,0.1292002946138382,0.3117135167121887,-0.16106857359409332,0.9413303732872009,0.9368017315864563
69,2346,True,0.3798488974571228,0.09395883232355118,0.43602779507637024,0.9956403970718384,0.9967214465141296,0.382263720035553,0.08946757018566132,0.42659687995910645,0.995231568813324,0.9960391521453857,0.38160914182662964,0.0892217606306076,0.4263804852962494,0.9944232702255249,0.9963332414627075,0.38057681918144226,0.08893700689077377,0.4263286888599396,0.9956548810005188,0.9964810609817505,0.38505855202674866,0.09080344438552856,0.42283326387405396,0.9950904846191406,0.9944921731948853,0.3854771852493286,0.09101974964141846,0.4226960837841034,0.994038462638855,0.9939004182815552,0.38562506437301636,0.09118787944316864,0.42271092534065247,0.9945343732833862,0.9931232333183289,0.3725684583187103,0.09044308215379715,0.3676118552684784,0.9937359094619751,0.9959231615066528,0.3742820620536804,0.09292474389076233,0.35014262795448303,0.9935268759727478,0.9912897348403931,0.3705380856990814,0.09727693349123001,0.41717931628227234,0.994605302810669,0.9958804845809937,0.3749687969684601,0.09855428338050842,0.4122154712677002,0.9927606582641602,0.9938691258430481,0.32390183210372925,0.10146348178386688,0.30825987458229065,0.9985557794570923,0.9976823329925537,0.3741835355758667,0.11710043251514435,0.22261716425418854,0.9994598031044006,0.9944741129875183,0.3062095046043396,0.13935765624046326,0.2521577477455139,0.37264329195022583,0.9944714307785034,0.3732058107852936,0.15012869238853455,0.16290181875228882,0.9464138746261597,0.991144061088562,0.32862532138824463,0.1838659942150116,0.20519667863845825,0.4103115200996399,0.9877163767814636,0.3723670542240143,0.19474510848522186,0.185090571641922,0.8596251010894775,0.9893187880516052,0.33627748489379883,0.1922043263912201,0.20308317244052887,0.38461947441101074,0.9800693988800049,0.3754287362098694,0.20733758807182312,0.17909832298755646,0.8092862367630005,0.9841039180755615,0.3350237011909485,0.1935066282749176,0.19186250865459442,0.3827904164791107,0.9809560179710388,0.3747493326663971,0.20634722709655762,0.18912258744239807,0.8006482720375061,0.9849686622619629,0.33154600858688354,0.1915084421634674,0.2000688910484314,0.392529159784317,0.9857621192932129,0.37284451723098755,0.2024521380662918,0.19062459468841553,0.7853691577911377,0.9873000979423523,0.22176000475883484,0.17159876227378845,0.009802943095564842,0.9985848665237427,0.9970619082450867,0.2568932771682739,0.17811240255832672,-0.010160362347960472,0.9988510608673096,0.9966433048248291,0.15295542776584625,0.2247530221939087,-0.019106650725007057,0.7662939429283142,0.9582750201225281,0.15703488886356354,0.21500226855278015,-0.047385137528181076,0.9676571488380432,0.9600522518157959,0.07115401327610016,0.2537776529788971,-0.07253021001815796,0.8127122521400452,0.8870458602905273,0.09659949690103531,0.25745534896850586,-0.11813563108444214,0.9460916519165039,0.8443992733955383,0.05742122232913971,0.2574455142021179,-0.0806204304099083,0.8126332759857178,0.8502985239028931,0.0838550254702568,0.26794302463531494,-0.11454813927412033,0.9151502251625061,0.8110881447792053,0.04546720162034035,0.2648807168006897,-0.13246361911296844,0.794282078742981,0.8391819000244141,0.07463690638542175,0.26628655195236206,-0.15820293128490448,0.9052236676216125,0.8307070732116699
70,2380,True,0.37027880549430847,0.08822445571422577,0.5155165195465088,0.9960501194000244,0.9999985694885254,0.37457364797592163,0.08348716795444489,0.48607927560806274,0.9956889152526855,0.9999977350234985,0.373410165309906,0.082272469997406,0.4860287010669708,0.9949624538421631,0.9999977350234985,0.3721897006034851,0.08094266802072525,0.4861295819282532,0.9960671663284302,0.999997615814209,0.38012221455574036,0.08694969862699509,0.49757272005081177,0.9955607652664185,0.9999973773956299,0.3823288679122925,0.08797767758369446,0.49741417169570923,0.9946146607398987,0.9999971389770508,0.3845764100551605,0.08908557146787643,0.49740612506866455,0.9950576424598694,0.9999969005584717,0.3693617880344391,0.08147666603326797,0.34957584738731384,0.9943390488624573,0.9999978542327881,0.379901260137558,0.09233276546001434,0.39670097827911377,0.994154691696167,0.9999974966049194,0.3631826639175415,0.09007715433835983,0.46533021330833435,0.9951188564300537,0.9999984502792358,0.3704259693622589,0.09417552500963211,0.48047253489494324,0.9934589862823486,0.9999984502792358,0.31190311908721924,0.0905948057770729,0.21741285920143127,0.9986991286277771,0.999982476234436,0.3963959217071533,0.12782886624336243,0.2723555266857147,0.9995116591453552,0.9999872446060181,0.2629772126674652,0.12475540488958359,0.2657509744167328,0.40656378865242004,0.9997847676277161,0.3696129322052002,0.17015478014945984,0.28391215205192566,0.9307940006256104,0.99983811378479,0.2796609401702881,0.1518530398607254,0.438954621553421,0.38757988810539246,0.9997223019599915,0.32367220520973206,0.1880231648683548,0.3735336661338806,0.7982363104820251,0.9997550845146179,0.2848206162452698,0.15463829040527344,0.4670715034008026,0.361451119184494,0.9996509552001953,0.3209110498428345,0.1964046210050583,0.39652219414711,0.7498946189880371,0.9996581077575684,0.2927863299846649,0.15832528471946716,0.4598091244697571,0.3591495454311371,0.9997043013572693,0.31193992495536804,0.1945294737815857,0.38528352975845337,0.7407605648040771,0.9997255206108093,0.29218366742134094,0.15829595923423767,0.4446044862270355,0.3679126501083374,0.999739944934845,0.3111179769039154,0.19172610342502594,0.37098023295402527,0.727217972278595,0.9997453093528748,0.22376802563667297,0.15846247971057892,-0.02954707480967045,0.9987227320671082,0.9999793767929077,0.27391472458839417,0.1826210916042328,0.02927105873823166,0.9989615678787231,0.999977707862854,0.11704347282648087,0.1833663433790207,-0.02690357156097889,0.7893514037132263,0.9998281002044678,0.16707640886306763,0.23044678568840027,0.06608022749423981,0.970575749874115,0.9998002648353577,0.04374415799975395,0.23113863170146942,-0.16553311049938202,0.8308820724487305,0.9995208978652954,0.12201951444149017,0.27126961946487427,-0.05503113940358162,0.9509413242340088,0.9993645548820496,0.04119303449988365,0.2440986931324005,-0.18002194166183472,0.8306007385253906,0.9993802309036255,0.10859736055135727,0.2846941351890564,-0.0662783533334732,0.9230314493179321,0.9991439580917358,0.01930157281458378,0.23248107731342316,-0.18958479166030884,0.802024245262146,0.99925297498703,0.10377106070518494,0.2736760675907135,-0.06398902833461761,0.9033576846122742,0.9991022348403931
71,2414,True,0.3652903139591217,0.08143629133701324,0.3419596552848816,0.996415376663208,0.9999721050262451,0.3744457960128784,0.07781250774860382,0.320162296295166,0.9960901737213135,0.9999552965164185,0.3741511404514313,0.07739895582199097,0.3200984001159668,0.9954391121864319,0.9999568462371826,0.3737882077693939,0.07693662494421005,0.32011812925338745,0.9964327812194824,0.9999548196792603,0.3777022063732147,0.07972665131092072,0.3292751610279083,0.9959704279899597,0.9999525547027588,0.37952038645744324,0.08053012937307358,0.3291040360927582,0.995116651058197,0.9999527931213379,0.3815147876739502,0.08125651627779007,0.32913273572921753,0.9955152869224548,0.9999485015869141,0.3707195222377777,0.07926911115646362,0.18057237565517426,0.994870126247406,0.9999599456787109,0.3818511962890625,0.08693858981132507,0.2672020494937897,0.9947075843811035,0.9999630451202393,0.3607766926288605,0.0842273086309433,0.3141261637210846,0.995564877986908,0.9999806880950928,0.363586962223053,0.08765749633312225,0.32345443964004517,0.9940662384033203,0.9999793767929077,0.31864243745803833,0.08666317164897919,0.0636606365442276,0.9988273978233337,0.999948263168335,0.39003726840019226,0.13131378591060638,0.23051847517490387,0.9995532035827637,0.9999527931213379,0.26615196466445923,0.11090721935033798,0.1189626082777977,0.4577808678150177,0.9992721676826477,0.3428218364715576,0.17373576760292053,0.26192232966423035,0.8768836855888367,0.9995410442352295,0.2708972692489624,0.12446234375238419,0.40112805366516113,0.4100622832775116,0.9975047707557678,0.30310148000717163,0.1900223195552826,0.28602999448776245,0.7416040301322937,0.9989562034606934,0.263295978307724,0.12559238076210022,0.411069393157959,0.37858501076698303,0.9963672161102295,0.295471727848053,0.19634616374969482,0.295795738697052,0.6973363757133484,0.998379111289978,0.27551037073135376,0.12465862929821014,0.36562156677246094,0.3749487102031708,0.99631667137146,0.29283368587493896,0.19344663619995117,0.2853256165981293,0.6883366107940674,0.9984419941902161,0.2757358253002167,0.12518082559108734,0.36335742473602295,0.37873023748397827,0.997108519077301,0.294181764125824,0.19087491929531097,0.28129518032073975,0.6753234267234802,0.99864262342453,0.2280479371547699,0.15794336795806885,-0.07465658336877823,0.9988366961479187,0.9999262094497681,0.2753711938858032,0.1824682056903839,0.07426755875349045,0.9990466833114624,0.9999302625656128,0.12401539832353592,0.18045832216739655,-0.04541409760713577,0.8077472448348999,0.9995170831680298,0.18235613405704498,0.22718150913715363,0.11799126863479614,0.9615681171417236,0.9995286464691162,0.05656236410140991,0.23387007415294647,-0.09566931426525116,0.8447693586349487,0.9978051781654358,0.1257631480693817,0.2783021926879883,0.0841524675488472,0.9498640298843384,0.9979335069656372,0.0526074580848217,0.24683654308319092,-0.0998905599117279,0.8436413407325745,0.9963849782943726,0.11678121238946915,0.29132726788520813,0.07964256405830383,0.9263662099838257,0.9967766404151917,0.01777717098593712,0.2252068817615509,-0.13156646490097046,0.810120701789856,0.9936178922653198,0.10318108648061752,0.27992624044418335,0.06159716844558716,0.8960142135620117,0.9949365854263306
72,2448,True,0.36865344643592834,0.08284710347652435,0.26970210671424866,0.9967688918113708,0.999995231628418,0.38097259402275085,0.08038341253995895,0.22729867696762085,0.9964775443077087,0.9999936819076538,0.3818272352218628,0.08020972460508347,0.2273223102092743,0.9958921074867249,0.9999936819076538,0.38258621096611023,0.08008415997028351,0.2274075597524643,0.9967862963676453,0.9999932050704956,0.3825102150440216,0.08164955675601959,0.3059532940387726,0.9963685274124146,0.999992847442627,0.3843857944011688,0.08232438564300537,0.30573177337646484,0.9955998659133911,0.9999924898147583,0.38701722025871277,0.08338309824466705,0.3059218227863312,0.9959591627120972,0.9999912977218628,0.3867701292037964,0.08327927440404892,0.11644474416971207,0.9953801035881042,0.9999947547912598,0.39387109875679016,0.08898565173149109,0.24468588829040527,0.9952337145805359,0.9999929666519165,0.36181962490081787,0.08642458915710449,0.221648171544075,0.995998740196228,0.9999936819076538,0.36651572585105896,0.08858966082334518,0.28737759590148926,0.9946463704109192,0.9999918937683105,0.3539872467517853,0.09492569416761398,-0.0032197032123804092,0.9989442229270935,0.9999933242797852,0.39053887128829956,0.12777136266231537,0.28332069516181946,0.9995916485786438,0.9999728202819824,0.2918529808521271,0.0977533832192421,-0.004328015260398388,0.5115789771080017,0.999904990196228,0.3335628807544708,0.1696634143590927,0.3470883369445801,0.8094964623451233,0.9997614026069641,0.24135133624076843,0.0856509879231453,0.10663499683141708,0.4654339849948883,0.9991262555122375,0.2875390350818634,0.17230746150016785,0.35001340508461,0.683514416217804,0.9990501999855042,0.23326006531715393,0.08040298521518707,0.09991651028394699,0.4342232644557953,0.9983240962028503,0.2828412353992462,0.17279689013957977,0.3616795539855957,0.6449277997016907,0.9985187649726868,0.23777101933956146,0.07764546573162079,0.11340111494064331,0.43023213744163513,0.9983980059623718,0.2810650169849396,0.1674305647611618,0.3435758352279663,0.6366312503814697,0.998566210269928,0.24029281735420227,0.08028461039066315,0.11743949353694916,0.43100306391716003,0.9988034963607788,0.28199589252471924,0.1665004938840866,0.34208399057388306,0.6248919367790222,0.9987905621528625,0.25184109807014465,0.16271468997001648,-0.0993088111281395,0.9989423751831055,0.9999366998672485,0.28241559863090515,0.18321093916893005,0.09915976971387863,0.9991235733032227,0.9999281167984009,0.13964931666851044,0.18199646472930908,-0.09464602172374725,0.8244924545288086,0.99960857629776,0.18728050589561462,0.22608673572540283,0.11464843899011612,0.9384394288063049,0.9994950294494629,0.07530886679887772,0.24390053749084473,-0.10834721475839615,0.8576633930206299,0.997905969619751,0.12960539758205414,0.28179118037223816,0.0993611142039299,0.9421829581260681,0.9973610043525696,0.06656850874423981,0.25742536783218384,-0.10734615474939346,0.856713593006134,0.9967052340507507,0.12848787009716034,0.29446160793304443,0.09676878899335861,0.92632657289505,0.995763897895813,0.02398565784096718,0.23850253224372864,-0.133381187915802,0.8223470449447632,0.9936844706535339,0.09246904402971268,0.2825459837913513,0.06811318546533585,0.8859009146690369,0.9922292828559875
73,2482,True,0.3865486979484558,0.09135402739048004,0.08056674152612686,0.997090756893158,0.999994158744812,0.3997367024421692,0.08934237062931061,0.07685554027557373,0.996829092502594,0.9999929666519165,0.40303221344947815,0.08984951674938202,0.07693032175302505,0.9963022470474243,0.9999927282333374,0.4060823321342468,0.09038655459880829,0.07695814222097397,0.9971070289611816,0.9999915361404419,0.3941505551338196,0.08824984729290009,0.10426195710897446,0.9967305660247803,0.9999901056289673,0.39334747195243835,0.08799172192811966,0.10412479192018509,0.9960382580757141,0.9999876022338867,0.3930259644985199,0.08788417279720306,0.10410868376493454,0.9963616728782654,0.9999833106994629,0.4124661386013031,0.09341000020503998,0.09843495488166809,0.9958413243293762,0.9999910593032837,0.39652350544929504,0.0916479229927063,0.22437141835689545,0.9957088828086853,0.9999794960021973,0.386502742767334,0.09656959027051926,0.09275779873132706,0.9963893294334412,0.9999476671218872,0.37986817955970764,0.09560048580169678,0.12689660489559174,0.9951659440994263,0.9999116659164429,0.3997289538383484,0.10681644827127457,0.022020652890205383,0.999045193195343,0.999946117401123,0.3762345612049103,0.11633087694644928,0.29542645812034607,0.999589204788208,0.9997268319129944,0.33882784843444824,0.11688777059316635,-0.08713534474372864,0.558953046798706,0.9997797608375549,0.3151701092720032,0.1532815545797348,0.3722755014896393,0.7349639534950256,0.9993439316749573,0.30002766847610474,0.07027505338191986,-0.11936391144990921,0.5131328105926514,0.9995136260986328,0.2842385768890381,0.15832671523094177,0.35398998856544495,0.6265538334846497,0.9976795315742493,0.29350578784942627,0.06419047713279724,-0.14070233702659607,0.4820944666862488,0.9990242719650269,0.27239152789115906,0.1591598093509674,0.35331016778945923,0.59430992603302,0.9963448643684387,0.29505014419555664,0.059635359793901443,-0.1193196102976799,0.4777449667453766,0.9991127848625183,0.2743754982948303,0.1578638106584549,0.34174296259880066,0.586961030960083,0.9966723918914795,0.2959800362586975,0.06423254311084747,-0.10787118971347809,0.4763543903827667,0.9992840886116028,0.27972856163978577,0.15825536847114563,0.34795811772346497,0.5766417384147644,0.9971621036529541,0.28342515230178833,0.1718016266822815,-0.08684613555669785,0.9990367889404297,0.9998213648796082,0.2761419415473938,0.17433637380599976,0.0867195650935173,0.999190628528595,0.9997596144676208,0.15377521514892578,0.1884123533964157,-0.12005476653575897,0.8364291787147522,0.9993680119514465,0.1850557178258896,0.22172009944915771,0.038553085178136826,0.9016237854957581,0.9985987544059753,0.09920606762170792,0.2516297698020935,-0.16380120813846588,0.8631038069725037,0.9906021356582642,0.12933848798274994,0.2848494052886963,0.07829438149929047,0.9119194746017456,0.992145836353302,0.1036950871348381,0.26399296522140503,-0.1672593057155609,0.8574384450912476,0.982575535774231,0.12900525331497192,0.29923754930496216,0.05660969018936157,0.9019394516944885,0.9855242371559143,0.03992750123143196,0.24594099819660187,-0.20139183104038239,0.8317083716392517,0.9568082690238953,0.08953948318958282,0.2874225974082947,-0.01441488042473793,0.8671504259109497,0.9591002464294434
74,2516,True,0.4051901400089264,0.09703202545642853,0.0953441932797432,0.9973810315132141,0.9999939203262329,0.41556331515312195,0.09489637613296509,0.10669814050197601,0.9971455931663513,0.9999896287918091,0.41830745339393616,0.09526308625936508,0.106737419962883,0.9966713190078735,0.9999876022338867,0.4210990369319916,0.09535951912403107,0.1068277657032013,0.9973955154418945,0.9999840259552002,0.4088146984577179,0.09381000697612762,0.12509700655937195,0.9970569014549255,0.9999915361404419,0.407031387090683,0.09358895570039749,0.12492929399013519,0.9964336156845093,0.9999911785125732,0.4051465392112732,0.09340877085924149,0.12493757903575897,0.9967247247695923,0.9999895095825195,0.42278990149497986,0.09697985649108887,0.1514633744955063,0.9962562918663025,0.9999744892120361,0.40186983346939087,0.09688141942024231,0.24812567234039307,0.9961373209953308,0.9999865293502808,0.40407681465148926,0.10258672386407852,0.11505604535341263,0.9967473745346069,0.9999712705612183,0.3947020173072815,0.1013108640909195,0.1390598714351654,0.9956463575363159,0.9999732971191406,0.4187164604663849,0.1320386826992035,0.07309000194072723,0.9991340637207031,0.9998100399971008,0.35326087474823,0.11798682063817978,0.28711432218551636,0.9996138215065002,0.9997742772102356,0.39272767305374146,0.11948993057012558,-0.08601633459329605,0.6021989583969116,0.9996002316474915,0.2713564336299896,0.12922994792461395,0.28848621249198914,0.7475718855857849,0.9997530579566956,0.3801739513874054,0.06828626245260239,-0.12469208985567093,0.5589737296104431,0.9995203018188477,0.28592804074287415,0.10291707515716553,-0.06038346886634827,0.6565061807632446,0.9997087121009827,0.37556979060173035,0.05811099335551262,-0.1508556455373764,0.5277916193008423,0.9991412162780762,0.28299379348754883,0.09552548080682755,-0.0997462347149849,0.6234502792358398,0.9995020627975464,0.37288153171539307,0.0564478263258934,-0.12869906425476074,0.5232071280479431,0.9991125464439392,0.291046679019928,0.09330080449581146,-0.0924825444817543,0.6161525845527649,0.9995205402374268,0.3728417754173279,0.059709154069423676,-0.11480208486318588,0.5210489630699158,0.9993341565132141,0.2923129200935364,0.0950075313448906,-0.06618928164243698,0.6054636836051941,0.9996079802513123,0.2985129654407501,0.17428068816661835,-0.08274627476930618,0.999129593372345,0.999869704246521,0.2753782570362091,0.177954763174057,0.08258996903896332,0.9992673397064209,0.9999022483825684,0.1570710688829422,0.20030860602855682,-0.18462733924388885,0.85100257396698,0.9992885589599609,0.17083588242530823,0.21858099102973938,0.01824250817298889,0.8961856365203857,0.9991083741188049,0.13156086206436157,0.2702213525772095,-0.18764837086200714,0.871666431427002,0.9934391379356384,0.1329076886177063,0.2887338101863861,0.030020305886864662,0.9030190706253052,0.995293915271759,0.13843415677547455,0.286965936422348,-0.18856747448444366,0.859455406665802,0.9875441789627075,0.13288207352161407,0.30020788311958313,0.03939858078956604,0.8882340788841248,0.9918999671936035,0.07151991873979568,0.2863507568836212,-0.26221343874931335,0.8416398763656616,0.9676263332366943,0.08659671992063522,0.30010175704956055,-0.09355399012565613,0.8617245554924011,0.9728795289993286
75,2550,True,0.41005709767341614,0.10833992063999176,0.07624354958534241,0.9976423382759094,0.9999966621398926,0.42017677426338196,0.10829122364521027,0.10279539972543716,0.997430145740509,0.9999927282333374,0.42258772253990173,0.11001254618167877,0.10286244004964828,0.9970030188560486,0.9999911785125732,0.42488157749176025,0.11148221790790558,0.1029757484793663,0.997654914855957,0.999988317489624,0.41247299313545227,0.10327984392642975,0.1109032854437828,0.9973504543304443,0.9999943971633911,0.40980517864227295,0.10177485644817352,0.11074072867631912,0.9967893362045288,0.9999943971633911,0.4068419635295868,0.09996255487203598,0.11080609261989594,0.9970514178276062,0.9999933242797852,0.4226166605949402,0.11434774100780487,0.19483517110347748,0.9966294169425964,0.999980092048645,0.39962509274482727,0.10041985660791397,0.24258066713809967,0.9965229630470276,0.9999912977218628,0.40794917941093445,0.11619756370782852,0.11130638420581818,0.9970700144767761,0.9999756813049316,0.3979884684085846,0.1090816855430603,0.12150724977254868,0.9960799813270569,0.9999831914901733,0.41219672560691833,0.1474687159061432,0.12074490636587143,0.9992119669914246,0.999477207660675,0.34147027134895325,0.11968304216861725,0.2674902081489563,0.9996432065963745,0.9997279047966003,0.43415769934654236,0.13322237133979797,0.030069369822740555,0.6412739157676697,0.999651312828064,0.275788277387619,0.10307274758815765,0.18063195049762726,0.7718632221221924,0.9998751878738403,0.46252018213272095,0.0992710068821907,-0.0028028427623212337,0.5998738408088684,0.9996033310890198,0.31393736600875854,0.0904904454946518,-0.015380197204649448,0.6883968114852905,0.9999486207962036,0.47016245126724243,0.09004735946655273,-0.026821959763765335,0.5658050179481506,0.9991874098777771,0.330099880695343,0.0868372693657875,-0.04634112864732742,0.6537131071090698,0.9998689889907837,0.4681691527366638,0.08830031752586365,-0.011743787676095963,0.5606688261032104,0.9991683959960938,0.33968299627304077,0.0882548838853836,-0.028240498155355453,0.6463642120361328,0.9998775720596313,0.4642002582550049,0.09170255064964294,0.002518488559871912,0.5583500862121582,0.9994331002235413,0.3239627480506897,0.09104473143815994,-0.014882913790643215,0.6359049081802368,0.9999161958694458,0.3056166470050812,0.19094929099082947,-0.06321696192026138,0.9992023706436157,0.9996640682220459,0.27500098943710327,0.18226322531700134,0.0629541203379631,0.9993281960487366,0.9996997117996216,0.1938035488128662,0.20826983451843262,-0.21877533197402954,0.8620654344558716,0.9988456964492798,0.17560666799545288,0.22324557602405548,-0.032688263803720474,0.8930225372314453,0.9989601373672485,0.14129410684108734,0.2766174077987671,-0.2560393512248993,0.8748071193695068,0.9923619031906128,0.131930410861969,0.2909562885761261,-0.07131364941596985,0.8973745703697205,0.9926740527153015,0.14389704167842865,0.2884337306022644,-0.26180461049079895,0.8506247997283936,0.9858340620994568,0.1297701895236969,0.30185091495513916,-0.08059532195329666,0.8734695911407471,0.9875866174697876,0.09935946017503738,0.2933485209941864,-0.369111031293869,0.843350350856781,0.9603195190429688,0.08664824813604355,0.308044970035553,-0.19943830370903015,0.8555567860603333,0.9601466059684753
76,2584,True,0.41694730520248413,0.12034247815608978,0.06118040531873703,0.9978761672973633,0.9999786615371704,0.42345869541168213,0.11871148645877838,0.08932869881391525,0.9976817965507507,0.9999451637268066,0.42478498816490173,0.11993101984262466,0.08932633697986603,0.9972964525222778,0.9999346733093262,0.42623135447502136,0.12105641514062881,0.08936378359794617,0.9978845119476318,0.9999148845672607,0.41791442036628723,0.11496807634830475,0.08484602719545364,0.997612714767456,0.9999622106552124,0.41510099172592163,0.11337591707706451,0.08465907722711563,0.9971076846122742,0.9999659061431885,0.41195014119148254,0.11137384176254272,0.08468753844499588,0.997343897819519,0.9999617338180542,0.4217521548271179,0.12435275316238403,0.19477960467338562,0.9969625473022461,0.9998977184295654,0.40115344524383545,0.1095055565237999,0.17895376682281494,0.996869683265686,0.9999707937240601,0.4120115041732788,0.12649527192115784,0.09741891920566559,0.9973591566085815,0.9999420642852783,0.4048156440258026,0.12148531526327133,0.0904993787407875,0.9964703917503357,0.9999715089797974,0.41154661774635315,0.15946942567825317,0.1739230751991272,0.9992814064025879,0.9985408782958984,0.34419795870780945,0.12224604189395905,0.20125555992126465,0.999674916267395,0.9997901320457458,0.4580523669719696,0.16063004732131958,0.17799393832683563,0.6761999726295471,0.9989500641822815,0.2949397563934326,0.09745725989341736,0.14972101151943207,0.7945413589477539,0.9998503923416138,0.4974505603313446,0.12530627846717834,0.2372269332408905,0.6325801014900208,0.9989301562309265,0.3987288177013397,0.09563787281513214,0.22319245338439941,0.7163686156272888,0.999946117401123,0.49819356203079224,0.09928103536367416,0.23929385840892792,0.5882533192634583,0.9976625442504883,0.42129096388816833,0.09493428468704224,0.22882622480392456,0.6736259460449219,0.9997805953025818,0.4939831495285034,0.09665220230817795,0.2499554455280304,0.5814822912216187,0.9977368116378784,0.4256041347980499,0.09658639878034592,0.2580260634422302,0.6645246744155884,0.9997884631156921,0.4914449453353882,0.10796739161014557,0.24202729761600494,0.580635130405426,0.9984900951385498,0.41679391264915466,0.09818479418754578,0.23541991412639618,0.6535481214523315,0.9998904466629028,0.30599191784858704,0.2074878215789795,-0.05524379014968872,0.9991154074668884,0.9960700273513794,0.27334481477737427,0.18563935160636902,0.05528470128774643,0.9992067813873291,0.9962563514709473,0.22600212693214417,0.2207936942577362,-0.26920220255851746,0.8711602091789246,0.9923920035362244,0.17912326753139496,0.22802849113941193,-0.06214647367596626,0.8877677321434021,0.9935097098350525,0.1348201185464859,0.279482901096344,-0.29806244373321533,0.8771482110023499,0.9103907346725464,0.11524942517280579,0.2891526222229004,-0.07606017589569092,0.8855302333831787,0.8714287281036377,0.13119737803936005,0.2870084345340729,-0.30168628692626953,0.8415068984031677,0.851397693157196,0.1116085797548294,0.2986428141593933,-0.08183812350034714,0.8425540924072266,0.7958380579948425,0.09141327440738678,0.29338520765304565,-0.4025232493877411,0.8457168936729431,0.6647136807441711,0.06907514482736588,0.30397894978523254,-0.1896398514509201,0.84454345703125,0.6295425891876221
77,2618,True,0.41609933972358704,0.13085798919200897,0.0708436593413353,0.998048722743988,0.9997698664665222,0.42182379961013794,0.12981265783309937,0.09978128969669342,0.9978271126747131,0.9993869066238403,0.42331743240356445,0.13109584152698517,0.09978070855140686,0.9974538087844849,0.9992789626121521,0.4246240258216858,0.132267028093338,0.09976738691329956,0.9980143308639526,0.9990904331207275,0.41633573174476624,0.12620601058006287,0.08449806272983551,0.9978044033050537,0.9995436072349548,0.4132395088672638,0.12460394948720932,0.08430488407611847,0.9973466396331787,0.9995810389518738,0.4102150797843933,0.12296159565448761,0.08431468158960342,0.9975664019584656,0.9995354413986206,0.4184969961643219,0.13587471842765808,0.20802928507328033,0.9971716403961182,0.9987871050834656,0.4001632332801819,0.12100265175104141,0.14011017978191376,0.9971467852592468,0.999563992023468,0.41135022044181824,0.13583526015281677,0.11031880974769592,0.9975366592407227,0.9993730187416077,0.404756635427475,0.13094401359558105,0.0893612951040268,0.9967710971832275,0.9996562004089355,0.4065995216369629,0.16623960435390472,0.2262783646583557,0.9993128776550293,0.995125949382782,0.3477094769477844,0.1229187473654747,0.09733481705188751,0.9996919631958008,0.9995197057723999,0.45877277851104736,0.17711882293224335,0.23393067717552185,0.6967954039573669,0.998714804649353,0.39060914516448975,0.10950537025928497,0.013232368975877762,0.8147696256637573,0.9998387098312378,0.4920541048049927,0.14701774716377258,0.24509571492671967,0.6453314423561096,0.9988319277763367,0.48562583327293396,0.10671589523553848,0.14809323847293854,0.7404016852378845,0.9998594522476196,0.4933406710624695,0.13669952750205994,0.2436513900756836,0.5882342457771301,0.9983318448066711,0.4991692304611206,0.10255797952413559,0.15764279663562775,0.6914438009262085,0.9996145963668823,0.49111276865005493,0.13480588793754578,0.248982235789299,0.580211877822876,0.9981592297554016,0.49603042006492615,0.10594701766967773,0.19654220342636108,0.6809728741645813,0.9995747208595276,0.49486243724823,0.13592424988746643,0.24511457979679108,0.5810298323631287,0.9986003041267395,0.49181121587753296,0.10887086391448975,0.1859884411096573,0.6693010330200195,0.9997486472129822,0.30554139614105225,0.2235318422317505,0.008647382259368896,0.9991627931594849,0.9986881613731384,0.2721872329711914,0.19859495759010315,-0.008759853430092335,0.9992548823356628,0.9992040991783142,0.2326904982328415,0.24808244407176971,-0.20230203866958618,0.875187337398529,0.9970353841781616,0.17486964166164398,0.2423083782196045,-0.1369628757238388,0.8896954655647278,0.9986067414283752,0.15746533870697021,0.289872944355011,-0.19406017661094666,0.8739091157913208,0.9917962551116943,0.09359395503997803,0.29216957092285156,-0.1492210328578949,0.887511670589447,0.9902323484420776,0.1435912847518921,0.2945794463157654,-0.19566726684570312,0.8282648921012878,0.9883406162261963,0.08739445358514786,0.2999982237815857,-0.1553734987974167,0.8267619013786316,0.983768880367279,0.11801711469888687,0.30695709586143494,-0.29363876581192017,0.8475702404975891,0.9718514680862427,0.05827365070581436,0.30986475944519043,-0.2948991358280182,0.8500493168830872,0.9633089303970337
78,2652,True,0.4148872494697571,0.14646638929843903,0.19633403420448303,0.9982302188873291,0.9999750852584839,0.41877275705337524,0.14536087214946747,0.2250383347272873,0.9980202317237854,0.9999474287033081,0.41941383481025696,0.14727060496807098,0.22502662241458893,0.997668445110321,0.999943733215332,0.4204999804496765,0.14830853044986725,0.22506463527679443,0.9981912970542908,0.9999386072158813,0.4146476686000824,0.13978348672389984,0.20047041773796082,0.9980109333992004,0.9999524354934692,0.41285401582717896,0.13848739862442017,0.2001984864473343,0.9975952506065369,0.9999558925628662,0.41146689653396606,0.13714565336704254,0.20026157796382904,0.9977984428405762,0.999953031539917,0.4151960015296936,0.14984817802906036,0.3156031370162964,0.9974329471588135,0.9999395608901978,0.40173307061195374,0.13507825136184692,0.20694883167743683,0.9974184036254883,0.9999582767486572,0.4100593030452728,0.15032562613487244,0.22957856953144073,0.9977375268936157,0.9999220371246338,0.4048117399215698,0.14455126225948334,0.19587069749832153,0.9970560669898987,0.9999415874481201,0.40006405115127563,0.1738378256559372,0.3371008336544037,0.9993603825569153,0.9995189905166626,0.361705482006073,0.13932543992996216,0.12873129546642303,0.9997170567512512,0.9998893737792969,0.454114705324173,0.19077536463737488,0.4152475893497467,0.6865636706352234,0.999553382396698,0.4506765604019165,0.11355801671743393,0.05218986049294472,0.8315581679344177,0.9997958540916443,0.5054008364677429,0.17344430088996887,0.49571019411087036,0.6345016360282898,0.9991251826286316,0.5080123543739319,0.11757519096136093,0.27432769536972046,0.7496152520179749,0.9995183944702148,0.5166054368019104,0.16935336589813232,0.509992241859436,0.5729979872703552,0.9986264705657959,0.5230204463005066,0.11359454691410065,0.2861352562904358,0.6912900805473328,0.9988824725151062,0.5097293853759766,0.17035436630249023,0.506388247013092,0.5646623969078064,0.9985182881355286,0.5190346240997314,0.1248932033777237,0.30120792984962463,0.6794034838676453,0.9986944794654846,0.5048660039901733,0.1710730791091919,0.491990327835083,0.5687271952629089,0.9989330172538757,0.5149978995323181,0.12992706894874573,0.28434309363365173,0.6677564382553101,0.9992241859436035,0.3022751212120056,0.23013129830360413,0.052922554314136505,0.9992143511772156,0.9995418787002563,0.27404680848121643,0.21046856045722961,-0.05295991897583008,0.9993049502372742,0.9997342228889465,0.2982414662837982,0.2669983506202698,-0.14059509336948395,0.8809943199157715,0.9992399215698242,0.20170985162258148,0.25388410687446594,-0.22569213807582855,0.8989938497543335,0.9994596838951111,0.18080054223537445,0.30034345388412476,-0.1671435832977295,0.8794059753417969,0.9991461038589478,0.09655051678419113,0.2943679690361023,-0.31992343068122864,0.8964416980743408,0.9969890713691711,0.14638367295265198,0.299186110496521,-0.1703130006790161,0.8384650349617004,0.9987943172454834,0.0844646468758583,0.2991519570350647,-0.3327959179878235,0.8380369544029236,0.995140552520752,0.14800642430782318,0.32520419359207153,-0.24605709314346313,0.8572598695755005,0.9949068427085876,0.05634143203496933,0.31351789832115173,-0.44150876998901367,0.862086832523346,0.9859429597854614
79,2686,True,0.4215490520000458,0.1543973684310913,0.1878577172756195,0.9983665943145752,0.9998021721839905,0.42223435640335083,0.15022119879722595,0.20345330238342285,0.9981708526611328,0.9997077584266663,0.42203089594841003,0.15048867464065552,0.20343001186847687,0.9978277683258057,0.9997043013572693,0.422079473733902,0.1507413238286972,0.20342200994491577,0.9983290433883667,0.9996875524520874,0.4211393892765045,0.14897143840789795,0.19491787254810333,0.9981851577758789,0.9997199177742004,0.4202406704425812,0.14842377603054047,0.19477032124996185,0.9978078603744507,0.9997501969337463,0.41950222849845886,0.14786581695079803,0.19486591219902039,0.9979987144470215,0.9997425675392151,0.41394978761672974,0.1516222506761551,0.26189514994621277,0.9976498484611511,0.9997515082359314,0.4093070924282074,0.14684513211250305,0.11155854165554047,0.9976521730422974,0.9997718930244446,0.4154745638370514,0.15871864557266235,0.2102404236793518,0.9978123307228088,0.9993485808372498,0.4152357280254364,0.1565280556678772,0.1865932196378708,0.9972279071807861,0.9994619488716125,0.3940296471118927,0.17602169513702393,0.2900168299674988,0.9993621110916138,0.9988954067230225,0.3744266927242279,0.16047656536102295,0.01807420700788498,0.9997195601463318,0.9992770552635193,0.43415623903274536,0.19105640053749084,0.390519380569458,0.6426026821136475,0.9989013671875,0.4549359977245331,0.15338581800460815,0.06637302786111832,0.832135021686554,0.9986534118652344,0.46386176347732544,0.17395363748073578,0.455233633518219,0.5894081592559814,0.9987879395484924,0.4569850564002991,0.15447856485843658,0.32889384031295776,0.7155126333236694,0.9981995820999146,0.4710564911365509,0.17092183232307434,0.4781232476234436,0.5319743752479553,0.9982278943061829,0.4632136821746826,0.14889197051525116,0.3539454936981201,0.6562213897705078,0.9971030354499817,0.4708113372325897,0.16900426149368286,0.47245895862579346,0.5241706371307373,0.9979694485664368,0.459585577249527,0.1518934667110443,0.3541795313358307,0.6440742611885071,0.9964179992675781,0.46690428256988525,0.17007063329219818,0.45227140188217163,0.5294949412345886,0.9984477758407593,0.45613518357276917,0.15505042672157288,0.33687087893486023,0.632896900177002,0.9975354671478271,0.2965034246444702,0.2403678447008133,0.0817985087633133,0.9992615580558777,0.9995920062065125,0.27716654539108276,0.23063965141773224,-0.08207560330629349,0.9993499517440796,0.999575674533844,0.2547825574874878,0.28043362498283386,0.056489262729883194,0.8780182003974915,0.9985474944114685,0.23227640986442566,0.2786141037940979,-0.13289768993854523,0.9052771329879761,0.9978467226028442,0.1465941071510315,0.30218666791915894,0.04048730432987213,0.883941650390625,0.9986856579780579,0.13058480620384216,0.31421399116516113,-0.18028730154037476,0.9024414420127869,0.9968937635421753,0.11211779713630676,0.30101853609085083,0.03770821914076805,0.8473054766654968,0.9984256029129028,0.10987769067287445,0.3156299889087677,-0.1903723180294037,0.8443436026573181,0.9963976740837097,0.1249072477221489,0.32414326071739197,-0.0044949837028980255,0.8645575046539307,0.9964070916175842,0.12278634309768677,0.33966463804244995,-0.3677048087120056,0.8701663017272949,0.9929919242858887
80,2720,True,0.4233148694038391,0.16820350289344788,0.20661157369613647,0.9985281825065613,0.9999969005584717,0.4221416115760803,0.1636558473110199,0.2286367416381836,0.9983508586883545,0.9999942779541016,0.42173758149147034,0.1638559103012085,0.2285948246717453,0.9980402588844299,0.9999942779541016,0.4215328097343445,0.1641721874475479,0.2286136895418167,0.9984931349754333,0.9999942779541016,0.42115750908851624,0.16250567138195038,0.1980329304933548,0.998365044593811,0.9999940395355225,0.42016172409057617,0.16196903586387634,0.19778618216514587,0.9980252385139465,0.9999942779541016,0.41924554109573364,0.1614125818014145,0.19785486161708832,0.9981972575187683,0.9999936819076538,0.41299477219581604,0.16591958701610565,0.30261263251304626,0.9978824853897095,0.9999961853027344,0.40924063324928284,0.16085895895957947,0.1445767879486084,0.9978853464126587,0.9999954700469971,0.41817334294319153,0.17288479208946228,0.23430246114730835,0.99802565574646,0.9999924898147583,0.4181308448314667,0.17058956623077393,0.19168467819690704,0.9974997043609619,0.9999924898147583,0.39214658737182617,0.19206944108009338,0.35797372460365295,0.9994238018989563,0.9999786615371704,0.3783131539821625,0.17222294211387634,0.04408533126115799,0.9997466206550598,0.9999810457229614,0.43089401721954346,0.2075454741716385,0.4645613729953766,0.6061549782752991,0.999910831451416,0.4472101032733917,0.16727741062641144,0.042830292135477066,0.8422095775604248,0.9999160766601562,0.4522607922554016,0.18663963675498962,0.5395719408988953,0.5562229156494141,0.9998792409896851,0.45623165369033813,0.16946566104888916,0.25245386362075806,0.6934865713119507,0.9998295307159424,0.4563952684402466,0.18101951479911804,0.5646024346351624,0.5005312561988831,0.9998094439506531,0.4609171152114868,0.16758501529693604,0.2629704773426056,0.6284691095352173,0.9996658563613892,0.455059677362442,0.17974935472011566,0.5580194592475891,0.4922628402709961,0.9997909665107727,0.4508010149002075,0.17204993963241577,0.2754770517349243,0.6148584485054016,0.9996088147163391,0.45302775502204895,0.18155375123023987,0.5355556011199951,0.4978312849998474,0.999847412109375,0.4478098452091217,0.17403700947761536,0.2619481086730957,0.6030732989311218,0.999735414981842,0.29655489325523376,0.25953978300094604,0.09667883068323135,0.9993348121643066,0.9999781847000122,0.27839991450309753,0.24590158462524414,-0.09673111140727997,0.9994137287139893,0.9999687671661377,0.31733983755111694,0.3258956968784332,0.027921319007873535,0.8874689340591431,0.9998984336853027,0.18388642370700836,0.27305519580841064,-0.19671690464019775,0.914496898651123,0.9998834133148193,0.25279441475868225,0.37649840116500854,0.012917757034301758,0.894110918045044,0.9997921586036682,0.07351107895374298,0.2741379141807556,-0.19913171231746674,0.9117773771286011,0.9997788071632385,0.2274078130722046,0.37987595796585083,0.00683401245623827,0.859890878200531,0.999738872051239,0.06101403757929802,0.26643306016921997,-0.2005227655172348,0.8586277365684509,0.9997281432151794,0.2879202365875244,0.40556401014328003,-0.05550561472773552,0.8763099312782288,0.9990598559379578,0.03490576520562172,0.28938743472099304,-0.2709968388080597,0.882302463054657,0.9991055130958557
81,2754,True,0.42195942997932434,0.18088112771511078,0.19928306341171265,0.9986749887466431,0.9999994039535522,0.4209749400615692,0.1770547777414322,0.22678852081298828,0.9985151886940002,0.999998927116394,0.42098796367645264,0.17748108506202698,0.2267550528049469,0.9982352256774902,0.999998927116394,0.42129600048065186,0.17793849110603333,0.22680354118347168,0.9986432790756226,0.999998927116394,0.41922852396965027,0.17559243738651276,0.19242507219314575,0.998528242111206,0.9999988079071045,0.41813457012176514,0.17501294612884521,0.19217507541179657,0.9982223510742188,0.9999988079071045,0.41729265451431274,0.17416740953922272,0.19225822389125824,0.9983772039413452,0.9999986886978149,0.4101077914237976,0.1807226985692978,0.31597840785980225,0.9980937838554382,0.9999992847442627,0.4076884686946869,0.17502862215042114,0.15018512308597565,0.9980964660644531,0.9999990463256836,0.415150910615921,0.1860378533601761,0.2295290231704712,0.9982216954231262,0.9999985694885254,0.41443461179733276,0.1834324151277542,0.185971200466156,0.9977482557296753,0.9999984502792358,0.3913375437259674,0.20954585075378418,0.371275931596756,0.999480664730072,0.999995231628418,0.3823215365409851,0.1904270499944687,0.03787870705127716,0.9997716546058655,0.9999963045120239,0.44440779089927673,0.21505562961101532,0.46527090668678284,0.5807672142982483,0.999988317489624,0.4565356373786926,0.1818287968635559,0.021705619990825653,0.8564624190330505,0.9999920129776001,0.46904072165489197,0.19515828788280487,0.5188575983047485,0.543857753276825,0.999971866607666,0.49118220806121826,0.1725383996963501,0.22454814612865448,0.7099090218544006,0.9999672174453735,0.48225995898246765,0.18426527082920074,0.5369001030921936,0.48833972215652466,0.9999456405639648,0.4961501359939575,0.168697327375412,0.21285077929496765,0.6415239572525024,0.9999140501022339,0.4806416928768158,0.18351617455482483,0.5226510763168335,0.4798314869403839,0.9999402761459351,0.48906075954437256,0.17211085557937622,0.2516671419143677,0.6269856691360474,0.9999042749404907,0.4789673686027527,0.1844487488269806,0.5101063847541809,0.4859335720539093,0.9999606609344482,0.4848977029323578,0.1744976043701172,0.25311312079429626,0.6138383150100708,0.9999427795410156,0.2997237741947174,0.28252896666526794,0.10172289609909058,0.9994012117385864,0.9999938011169434,0.2849277853965759,0.26862427592277527,-0.10151626914739609,0.9994720816612244,0.9999926090240479,0.32156985998153687,0.3496021628379822,0.057450417429208755,0.8968368172645569,0.9999568462371826,0.18868091702461243,0.28489547967910767,-0.1761963665485382,0.922950029373169,0.999954342842102,0.2801817059516907,0.40835681557655334,0.03949277475476265,0.9036768078804016,0.9998204112052917,0.07777523994445801,0.26654574275016785,-0.1863660365343094,0.9204095602035522,0.999829888343811,0.2605787515640259,0.41278448700904846,0.03192226216197014,0.8719005584716797,0.9997672438621521,0.06333594769239426,0.2607637643814087,-0.18868039548397064,0.8721956014633179,0.9997969269752502,0.31655609607696533,0.43343138694763184,-0.04302030801773071,0.8874046802520752,0.9992109537124634,0.02873203158378601,0.28235435485839844,-0.25520437955856323,0.8936411142349243,0.9993243217468262
82,2788,True,0.41994476318359375,0.19147321581840515,0.11903993785381317,0.9987927079200745,0.9999204874038696,0.4208904206752777,0.18901327252388,0.14226460456848145,0.9986358880996704,0.9998817443847656,0.4207037687301636,0.18930098414421082,0.14218398928642273,0.9983814358711243,0.9998940229415894,0.42077308893203735,0.18948623538017273,0.14212562143802643,0.9987564086914062,0.9998965263366699,0.4186020791530609,0.1878078728914261,0.10463584214448929,0.9986627697944641,0.999872088432312,0.4174007773399353,0.18727067112922668,0.10444362461566925,0.9983922243118286,0.9998748302459717,0.4163494110107422,0.1866481751203537,0.10450653731822968,0.9985272288322449,0.9998691082000732,0.40878593921661377,0.1925373524427414,0.22837138175964355,0.9982770681381226,0.9999290704727173,0.40755701065063477,0.18782709538936615,0.0560433529317379,0.9982832670211792,0.999909520149231,0.41402024030685425,0.1966656893491745,0.15042367577552795,0.9983497262001038,0.9998899698257446,0.4129162132740021,0.19423635303974152,0.10105020552873611,0.9979386329650879,0.9998822212219238,0.3909832835197449,0.22085034847259521,0.30736908316612244,0.999530017375946,0.9999735355377197,0.379669725894928,0.20422668755054474,-0.04239998757839203,0.9997926950454712,0.9999653100967407,0.4532061219215393,0.2218998223543167,0.3882461190223694,0.5575717091560364,0.999963641166687,0.4471428394317627,0.1877600997686386,-0.03630957752466202,0.8694878816604614,0.9999610185623169,0.4660473167896271,0.19942627847194672,0.41428810358047485,0.5155811905860901,0.9998887777328491,0.47862863540649414,0.178449347615242,0.1739058643579483,0.7218732237815857,0.9998630285263062,0.47588586807250977,0.18767189979553223,0.42912521958351135,0.4600636661052704,0.9998123049736023,0.49083951115608215,0.1740112453699112,0.16395914554595947,0.6482343673706055,0.9997288584709167,0.4747738242149353,0.18757477402687073,0.4188607931137085,0.4515053629875183,0.9997838139533997,0.47971004247665405,0.17599061131477356,0.18910814821720123,0.6327986121177673,0.9996665716171265,0.46940580010414124,0.1908295452594757,0.40820515155792236,0.4582473635673523,0.9998468160629272,0.4732246398925781,0.17969128489494324,0.19029681384563446,0.6171932816505432,0.9997990727424622,0.3055177330970764,0.29973188042640686,0.11532889306545258,0.9994609951972961,0.9999784231185913,0.2919512093067169,0.28884440660476685,-0.11555834859609604,0.9995241761207581,0.999937891960144,0.3250473141670227,0.3713461756706238,0.12155324220657349,0.9060463905334473,0.9998449087142944,0.23242799937725067,0.3163558542728424,-0.14924751222133636,0.9304323792457581,0.9996483325958252,0.2972995638847351,0.43506020307540894,0.10412333905696869,0.9126731753349304,0.9990940093994141,0.10880839824676514,0.27157992124557495,-0.134402334690094,0.9279465675354004,0.9988563060760498,0.27974018454551697,0.4427977204322815,0.09793908894062042,0.8836904764175415,0.9989709854125977,0.09421047568321228,0.2643573582172394,-0.12724396586418152,0.8843568563461304,0.9989902377128601,0.33523809909820557,0.4585639536380768,0.040511779487133026,0.8974318504333496,0.9970080256462097,0.07606097310781479,0.274757981300354,-0.16125106811523438,0.9033836126327515,0.998065173625946
83,2822,True,0.41983383893966675,0.20347218215465546,0.13753172755241394,0.9989129304885864,0.9999996423721313,0.4199194610118866,0.20184838771820068,0.1919049322605133,0.998771607875824,0.9999995231628418,0.41991525888442993,0.20238395035266876,0.19182683527469635,0.9985424280166626,0.9999995231628418,0.4201088845729828,0.20280253887176514,0.19186080992221832,0.99888014793396,0.9999995231628418,0.4174923002719879,0.19983631372451782,0.1369393914937973,0.9987962245941162,0.9999995231628418,0.41639670729637146,0.19919124245643616,0.13651104271411896,0.9985527992248535,0.9999996423721313,0.41558021306991577,0.19845204055309296,0.13659419119358063,0.9986742734909058,0.9999996423721313,0.40934112668037415,0.2057039439678192,0.3264620900154114,0.9984491467475891,0.9999997615814209,0.40631240606307983,0.19966372847557068,0.10962589085102081,0.9984548687934875,0.9999997615814209,0.4157771170139313,0.20876188576221466,0.19562318921089172,0.9985131621360779,0.9999995231628418,0.4132358431816101,0.20575089752674103,0.10650848597288132,0.9981438517570496,0.9999995231628418,0.4001682698726654,0.2356204092502594,0.39537397027015686,0.9995766282081604,0.9999988079071045,0.3753066658973694,0.2146715670824051,0.030702712014317513,0.9998133182525635,0.9999995231628418,0.4535728394985199,0.23723021149635315,0.49518588185310364,0.5342880487442017,0.9999960660934448,0.4384891390800476,0.19169224798679352,-0.02574029751121998,0.8819606900215149,0.9999977350234985,0.47259795665740967,0.20233722031116486,0.548076331615448,0.4929835796356201,0.9999817609786987,0.48089590668678284,0.18187980353832245,0.29829761385917664,0.7341848015785217,0.9999827146530151,0.47981590032577515,0.19622652232646942,0.5661048293113708,0.4368067979812622,0.999964714050293,0.4923885762691498,0.17708243429660797,0.3020404875278473,0.6529828906059265,0.9999500513076782,0.47734248638153076,0.1955258846282959,0.5513005256652832,0.42816638946533203,0.9999594688415527,0.4858804941177368,0.1802455186843872,0.3253215253353119,0.6358756422996521,0.9999390840530396,0.4752928912639618,0.19652441143989563,0.5381980538368225,0.43651455640792847,0.9999741315841675,0.48000356554985046,0.18442679941654205,0.3120717704296112,0.6194276809692383,0.9999668598175049,0.32880109548568726,0.3200831115245819,0.11666092276573181,0.9995148777961731,0.999998927116394,0.30278444290161133,0.30242881178855896,-0.11661511659622192,0.999571681022644,0.9999983310699463,0.34112995862960815,0.3923688530921936,0.11067363619804382,0.9149158000946045,0.9999884366989136,0.23918858170509338,0.3249030113220215,-0.19029560685157776,0.9373143315315247,0.9999878406524658,0.29717645049095154,0.44851595163345337,0.07514198869466782,0.9210966229438782,0.999950647354126,0.118059903383255,0.2748030126094818,-0.22562021017074585,0.9350104331970215,0.9999465942382812,0.2754654288291931,0.4548516273498535,0.06483873724937439,0.8949032425880432,0.9999381303787231,0.10409428179264069,0.2675999402999878,-0.2296188771724701,0.895703911781311,0.9999411106109619,0.3244776129722595,0.47646564245224,-0.010540878400206566,0.9072431921958923,0.999652624130249,0.07646013796329498,0.28313785791397095,-0.29855605959892273,0.9127657413482666,0.9997709393501282
84,2856,True,0.4210735857486725,0.2189328670501709,0.10939013957977295,0.9989619851112366,0.9996733665466309,0.4205174446105957,0.21611544489860535,0.13181239366531372,0.9988196492195129,0.9995717406272888,0.4203472435474396,0.21640226244926453,0.13173213601112366,0.9985849261283875,0.9996080994606018,0.42027074098587036,0.2164871245622635,0.13164086639881134,0.998923122882843,0.999617338180542,0.4183405637741089,0.21484461426734924,0.09356699138879776,0.9988811016082764,0.999548614025116,0.4160516858100891,0.21370191872119904,0.09330805391073227,0.9986685514450073,0.9995540976524353,0.41497695446014404,0.21294350922107697,0.0933261439204216,0.9987729787826538,0.9995417594909668,0.4092779755592346,0.21904289722442627,0.21037448942661285,0.9985671639442444,0.999716579914093,0.4055273234844208,0.21376439929008484,0.03962484374642372,0.9985920786857605,0.9996403455734253,0.41799819469451904,0.224051833152771,0.14174382388591766,0.9984530210494995,0.9993784427642822,0.4155755043029785,0.22157931327819824,0.08906450122594833,0.9981827139854431,0.9993699193000793,0.3997231423854828,0.24727170169353485,0.3019724488258362,0.999597430229187,0.9997634291648865,0.3751956820487976,0.23013122379779816,-0.0546066090464592,0.9998141527175903,0.9997406601905823,0.4452018439769745,0.23168687522411346,0.41240695118904114,0.4950118362903595,0.9997475743293762,0.45173180103302,0.20438078045845032,-0.05070187896490097,0.8875707983970642,0.9997559189796448,0.465229332447052,0.2035772055387497,0.48495593667030334,0.45878538489341736,0.9990641474723816,0.4876175820827484,0.1840997040271759,0.179483562707901,0.725352942943573,0.9992231130599976,0.47409588098526,0.193925678730011,0.5318387746810913,0.40915587544441223,0.9985643029212952,0.4956466257572174,0.17676708102226257,0.17726542055606842,0.6432065367698669,0.9986264705657959,0.47324061393737793,0.19437967240810394,0.4512949585914612,0.40117761492729187,0.9982377290725708,0.49034908413887024,0.180282324552536,0.19679361581802368,0.6257810592651367,0.9983581900596619,0.47254088521003723,0.19485607743263245,0.4450424313545227,0.41028472781181335,0.9986922144889832,0.486051470041275,0.18404224514961243,0.191823810338974,0.6090640425682068,0.9988961219787598,0.3408741354942322,0.33458465337753296,0.10854989290237427,0.9995627999305725,0.999901294708252,0.3212607502937317,0.3223254084587097,-0.10885841399431229,0.9996105432510376,0.9997676014900208,0.35501953959465027,0.40638431906700134,0.10260747373104095,0.9200404286384583,0.9996519088745117,0.2672384977340698,0.34493744373321533,-0.168940007686615,0.942478358745575,0.9990977048873901,0.3020205497741699,0.4641106128692627,0.07717721909284592,0.9273931384086609,0.9985834360122681,0.1623513102531433,0.3256967067718506,-0.11118610948324203,0.9399147629737854,0.9982578158378601,0.2797738313674927,0.47038307785987854,0.07109232991933823,0.9032495617866516,0.9981200098991394,0.15168419480323792,0.31444311141967773,-0.10417552292346954,0.90427565574646,0.9985398054122925,0.31646278500556946,0.48548373579978943,0.00976681150496006,0.9140565991401672,0.9949429631233215,0.13849252462387085,0.322200208902359,-0.13317927718162537,0.9190389513969421,0.9971042275428772
85,2890,True,0.4303904175758362,0.23669734597206116,0.10930139571428299,0.9990541338920593,0.9998890161514282,0.42934006452560425,0.23169860243797302,0.12936319410800934,0.9989198446273804,0.9998388290405273,0.42894476652145386,0.23174133896827698,0.12932847440242767,0.9987011551856995,0.9998427629470825,0.4284442961215973,0.2315601408481598,0.12926766276359558,0.9990155696868896,0.9998377561569214,0.4275432229042053,0.2310965359210968,0.08705407381057739,0.9989851713180542,0.9998382329940796,0.4257644712924957,0.23065054416656494,0.0868280678987503,0.9987945556640625,0.9998372793197632,0.4243071675300598,0.2300306260585785,0.08687753975391388,0.9988884925842285,0.9998263716697693,0.412165105342865,0.2323898822069168,0.20666487514972687,0.9987009763717651,0.9998581409454346,0.4106096029281616,0.2291780263185501,0.012160727754235268,0.9987278580665588,0.9998378753662109,0.42695876955986023,0.2419188916683197,0.14001862704753876,0.9985629916191101,0.9996638298034668,0.42546892166137695,0.2404998540878296,0.08372499793767929,0.9983333349227905,0.9996856451034546,0.3986320495605469,0.25846776366233826,0.2973584830760956,0.9996198415756226,0.9997687935829163,0.38592004776000977,0.2484244853258133,-0.0981365516781807,0.9998222589492798,0.9998243451118469,0.4423251152038574,0.23683695495128632,0.37897130846977234,0.46089649200439453,0.9997578263282776,0.4635482728481293,0.2253362387418747,-0.14113759994506836,0.8966609835624695,0.9998548030853271,0.46192091703414917,0.20737726986408234,0.48264050483703613,0.4341481626033783,0.9992102384567261,0.4859490692615509,0.1971709281206131,0.02937631867825985,0.739100456237793,0.9994840621948242,0.4751304090023041,0.1984839141368866,0.4841901659965515,0.39086678624153137,0.9988850951194763,0.49269768595695496,0.19000975787639618,0.020662911236286163,0.6585308313369751,0.9990571141242981,0.47511589527130127,0.19871971011161804,0.4321824312210083,0.3831234276294708,0.9985731840133667,0.486068993806839,0.19216273725032806,0.04270876944065094,0.6416349411010742,0.998871386051178,0.47426968812942505,0.19998860359191895,0.41687440872192383,0.39314454793930054,0.9988688826560974,0.4838784635066986,0.19402280449867249,0.041070371866226196,0.6246007680892944,0.9992280006408691,0.35841822624206543,0.34651824831962585,0.11560989171266556,0.9996055364608765,0.9998899698257446,0.3464195132255554,0.33788222074508667,-0.11581307649612427,0.9996462464332581,0.9997982382774353,0.37462425231933594,0.4163634181022644,0.07591138035058975,0.9207943081855774,0.9997982382774353,0.33181509375572205,0.3911309540271759,-0.20774883031845093,0.9472205638885498,0.9994757771492004,0.3070385456085205,0.47590523958206177,0.04727625474333763,0.9321675300598145,0.9993252754211426,0.22211997210979462,0.3771987557411194,-0.11472368240356445,0.9446206092834473,0.9993537068367004,0.2848968505859375,0.48186540603637695,0.04094887152314186,0.9100213050842285,0.9989734888076782,0.20104534924030304,0.37051352858543396,-0.1180589497089386,0.912223756313324,0.9993745684623718,0.3014366626739502,0.4992620050907135,-0.012544381432235241,0.9201765656471252,0.9975016713142395,0.18842332065105438,0.4002094268798828,-0.1432405412197113,0.9255915284156799,0.9986652135848999
86,2924,True,0.4553315043449402,0.24295631051063538,0.1036151573061943,0.9991358518600464,0.9999339580535889,0.45466887950897217,0.23753520846366882,0.12130716443061829,0.9990087747573853,0.9999028444290161,0.45420968532562256,0.23766064643859863,0.12132196128368378,0.9988011717796326,0.9998975992202759,0.4533293545246124,0.23776113986968994,0.12127808481454849,0.9990968704223633,0.9998878240585327,0.45263904333114624,0.2371130734682083,0.07643119990825653,0.9990774393081665,0.9999125003814697,0.4506584703922272,0.23686246573925018,0.07620465755462646,0.9989059567451477,0.9999139308929443,0.4479791820049286,0.23648163676261902,0.0762529969215393,0.9989917278289795,0.9999109506607056,0.44144511222839355,0.23837295174598694,0.1917147934436798,0.9988165497779846,0.9998805522918701,0.43422746658325195,0.23547884821891785,-0.013378340750932693,0.9988468289375305,0.9999138116836548,0.4501631557941437,0.24726729094982147,0.1324509084224701,0.9986441135406494,0.9996002316474915,0.44829967617988586,0.24629446864128113,0.07301097363233566,0.9984609484672546,0.9997001886367798,0.4167610704898834,0.2605794072151184,0.2886875569820404,0.9995927214622498,0.9991523027420044,0.4071771800518036,0.2512724697589874,-0.1257643848657608,0.9998153448104858,0.9997596144676208,0.44337183237075806,0.23908603191375732,0.38097479939460754,0.42200812697410583,0.999238133430481,0.4696294665336609,0.21931786835193634,-0.18977883458137512,0.903847336769104,0.9997360110282898,0.460673063993454,0.21781925857067108,0.43032896518707275,0.399496465921402,0.9978649020195007,0.48699823021888733,0.1957491785287857,-0.02332143858075142,0.7444010972976685,0.9990183115005493,0.4726494550704956,0.2120935469865799,0.4456784129142761,0.3619872033596039,0.9976612329483032,0.49189305305480957,0.18957765400409698,-0.03313906863331795,0.6639047265052795,0.9984466433525085,0.47252553701400757,0.21449430286884308,0.4220908284187317,0.35487475991249084,0.9969749450683594,0.48652520775794983,0.19442060589790344,-0.009165002033114433,0.647302508354187,0.998129665851593,0.47103622555732727,0.2158368080854416,0.40903180837631226,0.3649907112121582,0.9973441958427429,0.48565903306007385,0.19509033858776093,-0.010904987342655659,0.6293132305145264,0.9986191987991333,0.38501688838005066,0.3522671163082123,0.12403389811515808,0.9996374845504761,0.9996703863143921,0.3721778988838196,0.345535010099411,-0.12414781004190445,0.9996693134307861,0.9996930360794067,0.3919067084789276,0.42601996660232544,0.12008514255285263,0.9120724201202393,0.9997223019599915,0.39123106002807617,0.40183234214782715,-0.1869833618402481,0.9512997269630432,0.9996224641799927,0.3240068554878235,0.4857710003852844,0.09433179348707199,0.9347922801971436,0.9995773434638977,0.2775004804134369,0.41614556312561035,-0.1155281811952591,0.9492706060409546,0.9996310472488403,0.3019149899482727,0.49288707971572876,0.08620742708444595,0.9141794443130493,0.999403715133667,0.2576097249984741,0.41250985860824585,-0.1145244687795639,0.9192119836807251,0.999634861946106,0.344700425863266,0.5104657411575317,0.022756827995181084,0.9246944785118103,0.998802900314331,0.2596662938594818,0.44021743535995483,-0.14977200329303741,0.9319652915000916,0.999211311340332
87,2958,True,0.4709712564945221,0.2505626678466797,0.06839250773191452,0.9991791844367981,0.9996931552886963,0.46766769886016846,0.24486811459064484,0.08658923208713531,0.9990499019622803,0.9996331930160522,0.46678394079208374,0.24498555064201355,0.08664616197347641,0.9988332986831665,0.9996101260185242,0.4656766355037689,0.2450372874736786,0.0866178348660469,0.9991341829299927,0.9995675683021545,0.4664303660392761,0.24433963000774384,0.04073040559887886,0.9991371035575867,0.9996660947799683,0.4644955098628998,0.24399812519550323,0.04053888097405434,0.9989827275276184,0.9996601343154907,0.4621974229812622,0.24353913962841034,0.04056656360626221,0.9990637302398682,0.9996463060379028,0.452489972114563,0.2463255226612091,0.16248559951782227,0.9988757967948914,0.9994291663169861,0.44764938950538635,0.2435722053050995,-0.04505865275859833,0.9989275932312012,0.9995555281639099,0.46539294719696045,0.2547943592071533,0.09905042499303818,0.9985643029212952,0.9978291392326355,0.46420496702194214,0.25383079051971436,0.0385856069624424,0.9984530210494995,0.9982845187187195,0.4306783378124237,0.27064672112464905,0.26070094108581543,0.999151885509491,0.9945876598358154,0.4251340627670288,0.26071587204933167,-0.1606028825044632,0.9996820688247681,0.9983641505241394,0.44498199224472046,0.2414303719997406,0.3561001718044281,0.3871358335018158,0.9984986782073975,0.4707545042037964,0.22793488204479218,-0.2522377669811249,0.9113183617591858,0.9993720650672913,0.463018536567688,0.21774952113628387,0.36672329902648926,0.3730199337005615,0.9964744448661804,0.49224168062210083,0.1946188360452652,-0.1534033715724945,0.7603886127471924,0.9975753426551819,0.4703516662120819,0.21129901707172394,0.3791736662387848,0.3426057696342468,0.9963148236274719,0.4939221739768982,0.18762454390525818,-0.17790783941745758,0.6837812662124634,0.9966236352920532,0.47043174505233765,0.2137850522994995,0.35521167516708374,0.3360179364681244,0.9952930808067322,0.4898257255554199,0.19213829934597015,-0.1534976065158844,0.6680842041969299,0.9961485862731934,0.4693167805671692,0.21566946804523468,0.350953072309494,0.34644559025764465,0.9957270622253418,0.4894847869873047,0.1935109943151474,-0.14242655038833618,0.6493486762046814,0.9968541264533997,0.41429972648620605,0.36399826407432556,0.12988056242465973,0.9996470212936401,0.9991443157196045,0.40375468134880066,0.3601931929588318,-0.12990538775920868,0.9996740221977234,0.9994552731513977,0.41823849081993103,0.4309278428554535,0.14013126492500305,0.8933603167533875,0.9990434050559998,0.42558398842811584,0.4236552119255066,-0.17198066413402557,0.9548085927963257,0.9991002082824707,0.34258225560188293,0.489989697933197,0.1555725783109665,0.9328323006629944,0.9991798996925354,0.32445186376571655,0.4516712725162506,-0.09686063230037689,0.9531038403511047,0.9994134902954102,0.3290218114852905,0.49208706617355347,0.15209749341011047,0.9158381819725037,0.9989858269691467,0.29960986971855164,0.453824907541275,-0.09215069562196732,0.925101101398468,0.9994385838508606,0.3595035672187805,0.5107315182685852,0.09727493673563004,0.925911009311676,0.9984530210494995,0.31280484795570374,0.48201876878738403,-0.12921994924545288,0.9372212886810303,0.9989759922027588
88,2992,True,0.48321712017059326,0.2582605183124542,0.07268150895833969,0.9989719390869141,0.9983641505241394,0.47816237807273865,0.253606915473938,0.08753905445337296,0.9987987279891968,0.9983813762664795,0.4772131145000458,0.25364530086517334,0.08759042620658875,0.9984627962112427,0.9983785152435303,0.4760834574699402,0.2535325884819031,0.08753743022680283,0.9989317655563354,0.9983170032501221,0.4771927297115326,0.25331181287765503,0.043776735663414,0.998915433883667,0.9983540773391724,0.47544601559638977,0.25259679555892944,0.043617766350507736,0.9987816214561462,0.9983065128326416,0.4733926057815552,0.2521701455116272,0.04363901540637016,0.9988741278648376,0.9982591271400452,0.46342960000038147,0.25517380237579346,0.15915077924728394,0.9986497759819031,0.9982321858406067,0.4596850872039795,0.25323811173439026,-0.03931060805916786,0.9986573457717896,0.9978621602058411,0.47814643383026123,0.2639167308807373,0.10296274721622467,0.997665524482727,0.995301365852356,0.47788357734680176,0.26312997937202454,0.045622412115335464,0.9974129796028137,0.9953752160072327,0.4450584948062897,0.28455430269241333,0.26451078057289124,0.9986907243728638,0.9954239726066589,0.4406118094921112,0.2736614942550659,-0.16598989069461823,0.9994736909866333,0.9974477291107178,0.4507704973220825,0.3012508451938629,0.37065979838371277,0.35382699966430664,0.9962312579154968,0.4782728850841522,0.236822247505188,-0.2748168706893921,0.9176413416862488,0.9988018274307251,0.461777001619339,0.31167346239089966,0.36842218041419983,0.3449733257293701,0.9960195422172546,0.49486902356147766,0.2015262395143509,-0.20108669996261597,0.7737055420875549,0.9939110279083252,0.46721428632736206,0.3157210052013397,0.3821316063404083,0.32049405574798584,0.9967310428619385,0.49750006198883057,0.18986020982265472,-0.23219260573387146,0.7005969285964966,0.9921594858169556,0.46814557909965515,0.3152126967906952,0.3629721403121948,0.3148195147514343,0.9962653517723083,0.49510324001312256,0.1906973123550415,-0.20429490506649017,0.6856211423873901,0.9916936755180359,0.46857479214668274,0.31347259879112244,0.3575913608074188,0.3245404362678528,0.9962217807769775,0.4941585958003998,0.19477012753486633,-0.18997447192668915,0.6658622622489929,0.9927454590797424,0.4476414918899536,0.37607961893081665,0.13575907051563263,0.9996013045310974,0.9988052845001221,0.43650615215301514,0.3744064271450043,-0.1358553171157837,0.9996429681777954,0.9991580247879028,0.46824324131011963,0.4430277943611145,0.14054468274116516,0.8648406267166138,0.9968606233596802,0.4588126242160797,0.44321876764297485,-0.17917713522911072,0.9562240242958069,0.9974802136421204,0.3757777214050293,0.4926758408546448,0.1534709930419922,0.9240931272506714,0.9981446266174316,0.3652516305446625,0.48936954140663147,-0.12937477231025696,0.9556411504745483,0.998316764831543,0.37010180950164795,0.5090484023094177,0.151581272482872,0.9128134846687317,0.9978079199790955,0.33857545256614685,0.49431103467941284,-0.12538281083106995,0.928674578666687,0.9981729984283447,0.4021857678890228,0.5180222988128662,0.1049015074968338,0.9214068651199341,0.9971942901611328,0.37573787569999695,0.5163739323616028,-0.17354978621006012,0.9405677318572998,0.9971646666526794
89,3026,True,0.49528253078460693,0.2595066428184509,0.07204020023345947,0.9990094304084778,0.9996998310089111,0.4881838858127594,0.25483381748199463,0.08060749620199203,0.998845100402832,0.9997401833534241,0.48734092712402344,0.25472718477249146,0.08065178990364075,0.9985172152519226,0.9997356534004211,0.48649758100509644,0.25438445806503296,0.0806208923459053,0.9989712834358215,0.9997166991233826,0.48780813813209534,0.2549040913581848,0.0375983864068985,0.9989731311798096,0.9997686743736267,0.486734002828598,0.2547633945941925,0.03742097318172455,0.9988570213317871,0.9997779726982117,0.485620379447937,0.2544102668762207,0.03742409124970436,0.9989420771598816,0.9997811913490295,0.4724302887916565,0.25655266642570496,0.13418973982334137,0.9987190365791321,0.9997767806053162,0.4751671552658081,0.25574442744255066,-0.06078854575753212,0.9987351298332214,0.9998236298561096,0.49088701605796814,0.2645699381828308,0.09706255793571472,0.997717022895813,0.9993901252746582,0.49252691864967346,0.2626730799674988,0.0405728742480278,0.9974796175956726,0.999524712562561,0.45141059160232544,0.2886737585067749,0.2518046200275421,0.9984623789787292,0.9978601336479187,0.464423805475235,0.27410537004470825,-0.18856006860733032,0.9994666576385498,0.9995118379592896,0.4535427987575531,0.3088226020336151,0.4413699209690094,0.3199143409729004,0.9963917136192322,0.48656803369522095,0.24841812252998352,-0.3269578218460083,0.9233724474906921,0.9990273714065552,0.46367979049682617,0.3151262104511261,0.5964154005050659,0.3126348555088043,0.9963285326957703,0.4962362051010132,0.21834810078144073,-0.29482302069664,0.7822015285491943,0.9972537159919739,0.4664802849292755,0.31826668977737427,0.6400156021118164,0.2915532886981964,0.9970396161079407,0.4975086748600006,0.20903833210468292,-0.32186079025268555,0.7129313349723816,0.9964763522148132,0.46877923607826233,0.3180544376373291,0.6087074875831604,0.28653472661972046,0.9965928196907043,0.4978255033493042,0.2103351652622223,-0.2960374653339386,0.6984736919403076,0.996220052242279,0.469873309135437,0.31652599573135376,0.5861316323280334,0.29570648074150085,0.9964442849159241,0.49617117643356323,0.21499641239643097,-0.28491491079330444,0.6773003935813904,0.9965471625328064,0.46640968322753906,0.3801160454750061,0.13259141147136688,0.999596118927002,0.9995993971824646,0.4669780433177948,0.3799448609352112,-0.1326959729194641,0.9996547698974609,0.9997910857200623,0.47741207480430603,0.4499132037162781,0.16447322070598602,0.8384499549865723,0.9988076686859131,0.47989675402641296,0.4528788924217224,-0.14393752813339233,0.9578113555908203,0.9993608593940735,0.42490196228027344,0.5067237019538879,0.17505337297916412,0.9198029041290283,0.9993755221366882,0.40467995405197144,0.509231686592102,-0.11211404949426651,0.9586910009384155,0.9995806813240051,0.4082074761390686,0.5146681070327759,0.1722646802663803,0.9116491079330444,0.9992412328720093,0.37802261114120483,0.5151630640029907,-0.10975521802902222,0.9330950379371643,0.9995241165161133,0.4639483690261841,0.5272829532623291,0.11406554281711578,0.9202203154563904,0.9991335272789001,0.42272084951400757,0.5342608690261841,-0.17096777260303497,0.9445400834083557,0.9992827773094177
90,3060,True,0.5083696842193604,0.30465906858444214,0.014304383657872677,0.9966540336608887,0.975239098072052,0.5021375417709351,0.30012375116348267,0.02711889147758484,0.9956015348434448,0.9743656516075134,0.50267493724823,0.29999861121177673,0.027198927477002144,0.9946432709693909,0.9701278209686279,0.5033453702926636,0.29988953471183777,0.02716977149248123,0.9951475858688354,0.9637661576271057,0.49952906370162964,0.30035313963890076,-0.0026516313664615154,0.997175395488739,0.9851813316345215,0.49773022532463074,0.3005125820636749,-0.0028382798191159964,0.9973089694976807,0.9879911541938782,0.4956154227256775,0.3006686568260193,-0.0030096329282969236,0.9975867867469788,0.989905059337616,0.4992799460887909,0.30143800377845764,0.09452967345714569,0.9932618141174316,0.9594551920890808,0.48963117599487305,0.30280154943466187,-0.04058072715997696,0.997352123260498,0.993128776550293,0.5118805170059204,0.3085099160671234,0.04427593946456909,0.9943512082099915,0.9698904752731323,0.5080971121788025,0.30906084179878235,0.005586246494203806,0.9951074123382568,0.9864732027053833,0.5186794400215149,0.3272581994533539,0.1905641406774521,0.9971136450767517,0.9603263139724731,0.48904842138290405,0.3175787031650543,-0.14042331278324127,0.9994695782661438,0.9991231560707092,0.5222093462944031,0.3592107594013214,0.3015294373035431,0.2904112637042999,0.9507946372032166,0.4777412414550781,0.3362399935722351,-0.24981066584587097,0.9277855157852173,0.9963461756706238,0.5023397207260132,0.36920687556266785,0.3638940155506134,0.2860201895236969,0.9550771713256836,0.4946267306804657,0.3550454378128052,-0.2986072897911072,0.789652407169342,0.9920328259468079,0.5090249180793762,0.37630993127822876,0.37950587272644043,0.26774948835372925,0.9625390768051147,0.49539726972579956,0.3645625114440918,-0.33080992102622986,0.7220128178596497,0.9872047901153564,0.5103535056114197,0.37268203496932983,0.35571327805519104,0.2633766829967499,0.9594519138336182,0.4937223196029663,0.36179035902023315,-0.31960564851760864,0.7083262205123901,0.986928403377533,0.5130956172943115,0.37085989117622375,0.3544379472732544,0.27225276827812195,0.955544114112854,0.49188295006752014,0.3607380986213684,-0.2950434982776642,0.6873350739479065,0.9881232380867004,0.5271532535552979,0.4053031802177429,0.10850327461957932,0.9993041157722473,0.99118572473526,0.5008858442306519,0.4007992744445801,-0.10853522270917892,0.9995827078819275,0.9986795783042908,0.4924060106277466,0.4654413163661957,0.13790012896060944,0.7965074777603149,0.9791408181190491,0.5031149387359619,0.4636925756931305,-0.08440790325403214,0.9523415565490723,0.9960975050926208,0.4318182170391083,0.512588620185852,0.19471842050552368,0.8767526745796204,0.9823947548866272,0.4905920624732971,0.5301907062530518,-0.08103016018867493,0.9552931189537048,0.9882290363311768,0.41544610261917114,0.5210488438606262,0.19764098525047302,0.8772847056388855,0.9768879413604736,0.48086726665496826,0.5388154983520508,-0.08142207562923431,0.9262524843215942,0.9841944575309753,0.4604613780975342,0.531747579574585,0.14135611057281494,0.8888235688209534,0.9705953598022461,0.5060067176818848,0.5462450981140137,-0.16312231123447418,0.9414205551147461,0.9721112847328186
91,3094,True,0.5556224584579468,0.27003759145736694,-0.1007300391793251,0.9968021512031555,0.9988430738449097,0.5529679656028748,0.2653689980506897,-0.08145187795162201,0.9957726001739502,0.9985911250114441,0.5535529851913452,0.26532548666000366,-0.08140122890472412,0.9948486685752869,0.9983515739440918,0.55414217710495,0.26521751284599304,-0.08142228424549103,0.9952818751335144,0.9979625940322876,0.5488340258598328,0.2652665972709656,-0.11175497621297836,0.997272253036499,0.999110758304596,0.5469927191734314,0.2651582360267639,-0.11188595741987228,0.9974284172058105,0.9992142915725708,0.5435386896133423,0.26498550176620483,-0.1119590550661087,0.9976820945739746,0.999292254447937,0.5490416288375854,0.26725247502326965,0.02946830354630947,0.9934058785438538,0.9977446794509888,0.5341023802757263,0.2664189636707306,-0.10579491406679153,0.9974751472473145,0.9994327425956726,0.5568667054176331,0.27500489354133606,-0.05482291057705879,0.9946413040161133,0.9975537657737732,0.5513573288917542,0.27479609847068787,-0.09419681876897812,0.9954095482826233,0.9989550113677979,0.553970217704773,0.3027551770210266,0.1561264842748642,0.9968469738960266,0.9938573241233826,0.5089341402053833,0.2956770062446594,-0.15598028898239136,0.9994613528251648,0.9992427825927734,0.5666385889053345,0.3347734808921814,0.2684990167617798,0.2685817778110504,0.9948544502258301,0.506901741027832,0.3232249915599823,-0.307555615901947,0.9304136037826538,0.9975687861442566,0.56465744972229,0.3570699095726013,0.2626486122608185,0.26993638277053833,0.9905479550361633,0.5396983027458191,0.33349618315696716,-0.4292190968990326,0.7924330830574036,0.9957332015037537,0.5661559104919434,0.36605018377304077,0.26235345005989075,0.2555118799209595,0.9902454614639282,0.544058084487915,0.3393194079399109,-0.47746899724006653,0.7282845377922058,0.9936679005622864,0.5548267960548401,0.36301928758621216,0.23466536402702332,0.2521238923072815,0.9901126027107239,0.551410436630249,0.33616015315055847,-0.4701240658760071,0.7161062955856323,0.9941151142120361,0.5531607270240784,0.36186882853507996,0.2503525912761688,0.2611675560474396,0.990166425704956,0.5488421320915222,0.33511245250701904,-0.42828822135925293,0.6946210861206055,0.9947184324264526,0.5541887283325195,0.3917476534843445,0.10162265598773956,0.9993072152137756,0.9992362260818481,0.5359735488891602,0.38875940442085266,-0.10172832012176514,0.9995911717414856,0.9998096823692322,0.5384711623191833,0.4608178734779358,0.12682175636291504,0.780839204788208,0.9968589544296265,0.5481597185134888,0.4558895230293274,-0.08306289464235306,0.9504795074462891,0.9990622401237488,0.48021283745765686,0.5185083150863647,0.2261275202035904,0.8620981574058533,0.9970951080322266,0.5430017113685608,0.524175763130188,-0.03488043323159218,0.9580485224723816,0.9977495074272156,0.44953086972236633,0.5200625658035278,0.2312484085559845,0.8651346564292908,0.995672345161438,0.5367584824562073,0.5340741872787476,-0.03377112001180649,0.9284796118736267,0.9965408444404602,0.4959825277328491,0.5376946926116943,0.1665043830871582,0.8797433972358704,0.9944933652877808,0.56991046667099,0.5436092615127563,-0.13059617578983307,0.944849967956543,0.993669331073761
92,3128,True,0.5873057842254639,0.26900365948677063,-0.045757267624139786,0.993789792060852,0.9930256605148315,0.5806703567504883,0.2631261646747589,-0.03040863201022148,0.9918608069419861,0.9926672577857971,0.5804611444473267,0.26314812898635864,-0.030416788533329964,0.9898316860198975,0.9921976923942566,0.580181360244751,0.2631849944591522,-0.030533568933606148,0.9916654229164124,0.9915139079093933,0.5788430571556091,0.262781023979187,-0.0652889683842659,0.993267297744751,0.9941484928131104,0.5770382881164551,0.26189514994621277,-0.06548789888620377,0.9938469529151917,0.9946558475494385,0.5752542614936829,0.2616475820541382,-0.06555209308862686,0.9944703578948975,0.9950072765350342,0.573114275932312,0.26455992460250854,0.0505283921957016,0.9889572858810425,0.9929088354110718,0.5660929083824158,0.26379159092903137,-0.10714685916900635,0.9949028491973877,0.9957991242408752,0.5852526426315308,0.2736043930053711,-0.012305108830332756,0.9909994602203369,0.994091808795929,0.5834959149360657,0.2722994089126587,-0.05774662643671036,0.9919751286506653,0.995758593082428,0.5682549476623535,0.3007104694843292,0.15406037867069244,0.9964707493782043,0.9945604205131531,0.5488160252571106,0.29021626710891724,-0.1996450573205948,0.9993236064910889,0.9986145496368408,0.5874547958374023,0.3322128355503082,0.2502606213092804,0.24771475791931152,0.9860856533050537,0.5361894965171814,0.275499165058136,-0.34209340810775757,0.9343780279159546,0.9976235032081604,0.5935487747192383,0.3625478446483612,0.24819011986255646,0.24914515018463135,0.9630979299545288,0.5495635271072388,0.3001338243484497,-0.3147890567779541,0.7943426370620728,0.9776087999343872,0.5963371992111206,0.3730352818965912,0.25282222032546997,0.23717254400253296,0.9728389978408813,0.5450479388237,0.29673847556114197,-0.35169580578804016,0.7263709902763367,0.9685707092285156,0.5934088826179504,0.37303343415260315,0.22544176876544952,0.23448777198791504,0.9685834646224976,0.5488443374633789,0.30453920364379883,-0.3306400179862976,0.7141738533973694,0.9667754173278809,0.592187762260437,0.36919358372688293,0.23357921838760376,0.24355046451091766,0.9643192291259766,0.54654461145401,0.293143630027771,-0.30958154797554016,0.692838728427887,0.9697192907333374,0.5850537419319153,0.3895959258079529,0.10260085761547089,0.9992275238037109,0.9977166652679443,0.5711109042167664,0.3880681097507477,-0.10271432995796204,0.99954754114151,0.9987106323242188,0.6087356209754944,0.4550098478794098,0.1454450786113739,0.754231333732605,0.9953902959823608,0.5900239944458008,0.4557151198387146,-0.09485911577939987,0.9477968811988831,0.9975478053092957,0.5878181457519531,0.5170397758483887,0.22811312973499298,0.848927915096283,0.9973222613334656,0.5517098307609558,0.5176571607589722,-0.024925706908106804,0.9564651846885681,0.9978054165840149,0.5758730173110962,0.5252777934074402,0.23094482719898224,0.8556575775146484,0.9965687990188599,0.5380427837371826,0.5258787870407104,-0.022216372191905975,0.924853503704071,0.9971441626548767,0.6103746294975281,0.5297019481658936,0.15880492329597473,0.8703775405883789,0.9962150454521179,0.5787268877029419,0.5376566052436829,-0.11165399849414825,0.9433077573776245,0.9959040284156799
93,3162,True,0.5994706153869629,0.26592400670051575,-0.02296428754925728,0.9927355051040649,0.9906311631202698,0.5946226119995117,0.2602580189704895,-0.007640750613063574,0.9906712770462036,0.9908979535102844,0.5942766070365906,0.2602861225605011,-0.007636138238012791,0.988396167755127,0.9905036091804504,0.5929312109947205,0.26041147112846375,-0.007741779554635286,0.9906507730484009,0.9896624088287354,0.5933569669723511,0.26026684045791626,-0.046221282333135605,0.9922214150428772,0.9928406476974487,0.5910072922706604,0.2602568566799164,-0.04642117768526077,0.9930152297019958,0.9934436082839966,0.5895333886146545,0.26025623083114624,-0.04648415371775627,0.9936501383781433,0.9939490556716919,0.5852435827255249,0.2623423933982849,0.0708286464214325,0.9877224564552307,0.9906829595565796,0.5811415910720825,0.26220399141311646,-0.10291072726249695,0.9942035675048828,0.9947768449783325,0.5985193848609924,0.2698594927787781,0.009662299416959286,0.9895035028457642,0.9910359382629395,0.5972173810005188,0.2695431411266327,-0.040365543216466904,0.990452229976654,0.9936594367027283,0.5852012038230896,0.2968578040599823,0.17492718994617462,0.9958845973014832,0.9918848276138306,0.5678375959396362,0.28586870431900024,-0.21352487802505493,0.9992243647575378,0.9984369874000549,0.5870954990386963,0.320335328578949,0.2641713321208954,0.2276463508605957,0.9888935685157776,0.5575034618377686,0.26488667726516724,-0.38142144680023193,0.9388670921325684,0.9982432126998901,0.5859988927841187,0.3393045663833618,0.26227742433547974,0.2322704941034317,0.9775261878967285,0.5554694533348083,0.27763453125953674,-0.3972056806087494,0.8071805834770203,0.9847026467323303,0.5858678817749023,0.3467540144920349,0.26770180463790894,0.22353671491146088,0.9814769625663757,0.55107182264328,0.2606580853462219,-0.44286781549453735,0.7422773241996765,0.9763887524604797,0.5848744511604309,0.3464817702770233,0.24021980166435242,0.22150038182735443,0.9790431261062622,0.5515689253807068,0.2603553533554077,-0.42018094658851624,0.7307907342910767,0.975640058517456,0.5851163864135742,0.3435901999473572,0.247713103890419,0.23052118718624115,0.9775936603546143,0.5539481043815613,0.2666507959365845,-0.39180314540863037,0.7096241116523743,0.9788551926612854,0.6083528995513916,0.386662095785141,0.1140262633562088,0.9992064833641052,0.9974403381347656,0.5956183671951294,0.38411620259284973,-0.11418160051107407,0.9995434284210205,0.99919193983078,0.6292276382446289,0.4508478045463562,0.16868771612644196,0.7375664710998535,0.9927341938018799,0.6249225735664368,0.45022401213645935,-0.09798634052276611,0.9492437839508057,0.9966211318969727,0.5886221528053284,0.5079906582832336,0.2631308138370514,0.8360083699226379,0.9952040910720825,0.5931441187858582,0.5104435086250305,-0.02008427493274212,0.9576684832572937,0.9963148236274719,0.5752129554748535,0.5159712433815002,0.26882827281951904,0.8469216823577881,0.9941704273223877,0.5793024301528931,0.517140805721283,-0.014710510149598122,0.9262742400169373,0.99543297290802,0.6078886389732361,0.5243905186653137,0.21538232266902924,0.8593139052391052,0.9938403367996216,0.6213943958282471,0.5330175161361694,-0.09167748689651489,0.944101095199585,0.9936561584472656
94,3196,True,0.6109281182289124,0.26323580741882324,0.032964352518320084,0.9934161305427551,0.9998332262039185,0.6042925715446472,0.2588680684566498,0.049738332629203796,0.9915578961372375,0.9998074173927307,0.6035193800926208,0.2590045630931854,0.049868032336235046,0.9894899129867554,0.9997881054878235,0.6017394065856934,0.2592436671257019,0.04992428794503212,0.9915359020233154,0.9997450709342957,0.6040513515472412,0.25896698236465454,0.0007833116687834263,0.9929733872413635,0.9998506307601929,0.6030043363571167,0.2591554522514343,0.0005790343857370317,0.9936886429786682,0.9998626708984375,0.6009960174560547,0.25942057371139526,0.00052520731696859,0.9942630529403687,0.9998620748519897,0.5923024415969849,0.2623193562030792,0.11361248046159744,0.9888750910758972,0.9996891021728516,0.5910533666610718,0.2627032399177551,-0.07007694989442825,0.9947582483291626,0.9998533725738525,0.6089862585067749,0.2674620747566223,0.060621898621320724,0.9903735518455505,0.998775064945221,0.6078786849975586,0.2675320506095886,-0.005931843537837267,0.9912598133087158,0.9991508722305298,0.5879199504852295,0.29190316796302795,0.22044453024864197,0.9947304129600525,0.9906668066978455,0.584648609161377,0.2853962779045105,-0.17821432650089264,0.9991792440414429,0.9980497360229492,0.5799318552017212,0.2784319519996643,0.306831419467926,0.21050146222114563,0.9962574243545532,0.5840254426002502,0.25994741916656494,-0.3583965599536896,0.9425826668739319,0.9980315566062927,0.573974609375,0.24153339862823486,0.30983322858810425,0.22231586277484894,0.9953685998916626,0.5619621872901917,0.24743977189064026,-0.20866234600543976,0.8174340128898621,0.9952752590179443,0.5604673027992249,0.2284223735332489,0.3275564908981323,0.21768617630004883,0.9946449995040894,0.5530719757080078,0.22862732410430908,-0.22786638140678406,0.7553016543388367,0.9935938715934753,0.5601784586906433,0.23208923637866974,0.3165539503097534,0.21582642197608948,0.9933788776397705,0.5517762303352356,0.2278299331665039,-0.21805325150489807,0.7442637085914612,0.9928635954856873,0.5610749125480652,0.23342064023017883,0.29816216230392456,0.22557327151298523,0.994286835193634,0.5539523363113403,0.2347000539302826,-0.20079180598258972,0.7227917313575745,0.9939563870429993,0.6373040676116943,0.38137492537498474,0.12899433076381683,0.9991868138313293,0.9985194802284241,0.6343733668327332,0.3803153336048126,-0.12905915081501007,0.9995576739311218,0.9995399713516235,0.6386650800704956,0.4463346600532532,0.1600864678621292,0.7119054198265076,0.9969479441642761,0.6834880113601685,0.444131076335907,-0.13354672491550446,0.9529669880867004,0.9986458420753479,0.579784631729126,0.5053099393844604,0.20658117532730103,0.8330137133598328,0.9982970356941223,0.6866089105606079,0.5093275308609009,-0.11510767042636871,0.9604706764221191,0.9986774325370789,0.5580174922943115,0.5118939876556396,0.20762178301811218,0.850683867931366,0.998050332069397,0.6758626103401184,0.5214541554450989,-0.11421959847211838,0.9310291409492493,0.998428225517273,0.6059021949768066,0.5219278335571289,0.1580369770526886,0.8576735854148865,0.9979483485221863,0.720849335193634,0.5286873579025269,-0.17024338245391846,0.9471323490142822,0.9976656436920166
95,3230,True,0.6145961880683899,0.25989988446235657,0.16494214534759521,0.9939596652984619,0.999685525894165,0.6076507568359375,0.25532084703445435,0.17742672562599182,0.9922705888748169,0.9995787739753723,0.6069832444190979,0.25544679164886475,0.17754772305488586,0.9903674125671387,0.9995470643043518,0.605958878993988,0.255534291267395,0.17755572497844696,0.992256224155426,0.9994632601737976,0.6073752045631409,0.2551981508731842,0.13827066123485565,0.9936007857322693,0.9996863603591919,0.60570228099823,0.2549004852771759,0.13806912302970886,0.9942489266395569,0.9997183680534363,0.6044451594352722,0.2549183964729309,0.13810278475284576,0.9947760105133057,0.9997281432151794,0.5936639308929443,0.2581612467765808,0.2210174947977066,0.9898101091384888,0.9993032217025757,0.5921363234519958,0.2573534846305847,0.04568023234605789,0.995219349861145,0.9997056126594543,0.610850989818573,0.26393476128578186,0.18433751165866852,0.9909198880195618,0.9983299374580383,0.6106199622154236,0.2635282576084137,0.13246563076972961,0.9918118715286255,0.99897301197052,0.5883843898773193,0.2878972291946411,0.28448888659477234,0.9940329790115356,0.9932432770729065,0.5879234075546265,0.2794618308544159,-0.07562048733234406,0.9991910457611084,0.9990401864051819,0.5670933723449707,0.2665930986404419,0.3506935238838196,0.19779887795448303,0.9978501796722412,0.5853150486946106,0.24597878754138947,-0.11254007369279861,0.9430196285247803,0.9993022680282593,0.5615430474281311,0.24036934971809387,0.3733312785625458,0.22265197336673737,0.996813952922821,0.5585085153579712,0.22312840819358826,0.008214326575398445,0.820527195930481,0.998227059841156,0.5550919771194458,0.23442991077899933,0.39033254981040955,0.22739283740520477,0.9961515069007874,0.5489833950996399,0.21243861317634583,-0.004508429206907749,0.7616036534309387,0.9969764947891235,0.5600423812866211,0.2357112616300583,0.37208035588264465,0.22473061084747314,0.994765043258667,0.5473917126655579,0.21308374404907227,0.007187784183770418,0.7508559226989746,0.9964392781257629,0.5619742274284363,0.23743586242198944,0.3620949983596802,0.23591332137584686,0.9959432482719421,0.5499498844146729,0.2184761017560959,0.01569841429591179,0.7309712767601013,0.9975343942642212,0.6582264304161072,0.37648963928222656,0.1258430778980255,0.9991569519042969,0.9980706572532654,0.6633026003837585,0.3739064633846283,-0.12592358887195587,0.999573290348053,0.9994509816169739,0.6631123423576355,0.4409486651420593,0.15257716178894043,0.7210421562194824,0.9972811937332153,0.724527895450592,0.4361036717891693,-0.1467890590429306,0.9562866687774658,0.9989792108535767,0.6221681237220764,0.5016325116157532,0.15626224875450134,0.8421078324317932,0.9986925721168518,0.737503707408905,0.4994902014732361,-0.16002753376960754,0.9630894064903259,0.9990131855010986,0.6051025390625,0.5093551278114319,0.15281501412391663,0.8633641600608826,0.9985888600349426,0.7283744812011719,0.5117484331130981,-0.1631934940814972,0.936136782169342,0.9988712668418884,0.6448756456375122,0.5181520581245422,0.1087857335805893,0.8653922080993652,0.998325526714325,0.7739695310592651,0.5171364545822144,-0.2259962558746338,0.9499881863594055,0.9982516169548035
96,3264,True,0.6255236864089966,0.2579444348812103,0.17816342413425446,0.9944931864738464,0.9997650980949402,0.616831362247467,0.2534201145172119,0.18253889679908752,0.9929755926132202,0.9996747970581055,0.615986168384552,0.2535303235054016,0.18262788653373718,0.9912370443344116,0.999656081199646,0.6146654486656189,0.25360679626464844,0.1825847029685974,0.9929586052894592,0.9995946288108826,0.6183054447174072,0.25329017639160156,0.14497436583042145,0.9942030310630798,0.9997522234916687,0.6171748042106628,0.2528750002384186,0.14474837481975555,0.9947846531867981,0.9997770190238953,0.6159737706184387,0.25281745195388794,0.1447492241859436,0.9952641725540161,0.9997877478599548,0.600125253200531,0.2560289800167084,0.19970785081386566,0.9907404780387878,0.999583899974823,0.6044316291809082,0.254885196685791,0.02815261110663414,0.9956649541854858,0.9998257756233215,0.6205950379371643,0.2622643709182739,0.1882912963628769,0.9915981888771057,0.9991031885147095,0.6203671097755432,0.2616119086742401,0.1383926123380661,0.9924556612968445,0.9994338154792786,0.5839440822601318,0.28658124804496765,0.2629145383834839,0.9939625859260559,0.9965212345123291,0.6011176109313965,0.2762972414493561,-0.09472251683473587,0.9992401003837585,0.999630331993103,0.556573212146759,0.2649596333503723,0.34877678751945496,0.18334360420703888,0.9969785213470459,0.5885472893714905,0.2370642125606537,-0.10909967124462128,0.9438604712486267,0.9991214871406555,0.564453661441803,0.23926925659179688,0.39437928795814514,0.21462148427963257,0.9927323460578918,0.5599138140678406,0.21476002037525177,0.030558522790670395,0.8230406641960144,0.9968711733818054,0.5537167191505432,0.23316863179206848,0.4193873107433319,0.22662809491157532,0.9917694330215454,0.551120400428772,0.20807579159736633,0.02440597675740719,0.7665428519248962,0.9951576590538025,0.5595656633377075,0.2327246367931366,0.3914216458797455,0.22371873259544373,0.9892650842666626,0.5498648285865784,0.21011312305927277,0.03808451071381569,0.7558834552764893,0.9946148991584778,0.5725645422935486,0.23558589816093445,0.3818851113319397,0.23580965399742126,0.9911405444145203,0.5517149567604065,0.2139376848936081,0.04034849628806114,0.7365054488182068,0.9958285689353943,0.6785251498222351,0.3721250891685486,0.12437345832586288,0.9991547465324402,0.9985615611076355,0.6931875348091125,0.3682595193386078,-0.12447834759950638,0.9995947480201721,0.9995629191398621,0.7001299262046814,0.43494415283203125,0.14838990569114685,0.732631504535675,0.997855007648468,0.7656939029693604,0.4297138750553131,-0.14548946917057037,0.959784746170044,0.9991663694381714,0.6650346517562866,0.4983285963535309,0.16164349019527435,0.852497398853302,0.9988692402839661,0.7799888849258423,0.491642564535141,-0.13569514453411102,0.9659268260002136,0.9990686774253845,0.6556432247161865,0.5070945620536804,0.15981963276863098,0.8749629855155945,0.9987439513206482,0.7695258855819702,0.5063796639442444,-0.13602319359779358,0.9412015080451965,0.9989699125289917,0.6890823841094971,0.515140175819397,0.12064261734485626,0.8729972839355469,0.9985411167144775,0.825366735458374,0.5078192949295044,-0.19763174653053284,0.9530702233314514,0.998502254486084
97,3298,True,0.6272240281105042,0.25508540868759155,0.15744732320308685,0.995023250579834,0.9999254941940308,0.6173486709594727,0.2521924376487732,0.16110418736934662,0.9936572909355164,0.99988853931427,0.6162983179092407,0.2524995505809784,0.16117645800113678,0.9920834302902222,0.999882698059082,0.6147662401199341,0.2525675892829895,0.1611318439245224,0.9936406016349792,0.9998631477355957,0.6174914836883545,0.25212886929512024,0.12458761781454086,0.9947714805603027,0.9999010562896729,0.6165189743041992,0.25222522020339966,0.12438894063234329,0.9952936768531799,0.9999043941497803,0.6152843832969666,0.25220170617103577,0.12441728264093399,0.9957261085510254,0.9998999834060669,0.5969165563583374,0.25487369298934937,0.18036261200904846,0.991643488407135,0.9998551607131958,0.6048150658607483,0.25392380356788635,0.011155432090163231,0.9960858225822449,0.9999047517776489,0.6241452693939209,0.2614029347896576,0.1672426015138626,0.9923688769340515,0.999677300453186,0.6243568062782288,0.261150985956192,0.11850356310606003,0.9931496977806091,0.9997585415840149,0.5877217650413513,0.285191148519516,0.23784716427326202,0.9942756295204163,0.9987187385559082,0.6149305105209351,0.27371662855148315,-0.10445287823677063,0.9992925524711609,0.9997223019599915,0.5604948401451111,0.25799423456192017,0.30358827114105225,0.17976224422454834,0.9989035129547119,0.5944962501525879,0.2344379723072052,-0.12362417578697205,0.94669109582901,0.9993900060653687,0.5571040511131287,0.22285935282707214,0.32688120007514954,0.22624842822551727,0.9973689317703247,0.5567476153373718,0.20746548473834991,-0.00762807484716177,0.8321592211723328,0.9980130195617676,0.54936683177948,0.2149718552827835,0.3424914479255676,0.24386517703533173,0.9964415431022644,0.5502554774284363,0.20218238234519958,-0.019951295107603073,0.7782849073410034,0.9967405200004578,0.5536457300186157,0.21563228964805603,0.31926387548446655,0.24013307690620422,0.9957435727119446,0.5470941066741943,0.20417234301567078,-0.006739361211657524,0.7680503726005554,0.9966468214988708,0.5587868094444275,0.2166742980480194,0.3154457211494446,0.25302043557167053,0.9966005682945251,0.5503898859024048,0.2086598426103592,0.0008382403757423162,0.749376654624939,0.9974299073219299,0.6939840316772461,0.3675382435321808,0.12307954579591751,0.999180793762207,0.999256432056427,0.7214076519012451,0.360062837600708,-0.12319938838481903,0.999616801738739,0.9996693134307861,0.7358723282814026,0.425123929977417,0.14853185415267944,0.7429726719856262,0.9988365769386292,0.7996558547019958,0.41495394706726074,-0.13164661824703217,0.9630658626556396,0.9992988109588623,0.7167436480522156,0.4952827990055084,0.1743503361940384,0.8613099455833435,0.9987484216690063,0.8226960301399231,0.4885781407356262,-0.10674303770065308,0.9683805704116821,0.998944103717804,0.7086320519447327,0.5059242844581604,0.17514418065547943,0.8848040103912354,0.9984270334243774,0.8082672357559204,0.498042494058609,-0.10337477922439575,0.9456334114074707,0.9988081455230713,0.7461835145950317,0.5061582922935486,0.13796143233776093,0.8791834115982056,0.998123824596405,0.8577090501785278,0.4960828423500061,-0.14808747172355652,0.9555864930152893,0.9981556534767151
98,3332,True,0.6225637793540955,0.24696084856987,0.155031219124794,0.9953452944755554,0.999261200428009,0.6140214800834656,0.24418632686138153,0.1494220793247223,0.9941363334655762,0.9989854693412781,0.6093388199806213,0.24559354782104492,0.14944131672382355,0.9926310181617737,0.9989125728607178,0.6071668267250061,0.24576830863952637,0.14935104548931122,0.9940828680992126,0.9987232089042664,0.6150434613227844,0.24369756877422333,0.11836156994104385,0.9951912760734558,0.9991224408149719,0.61434006690979,0.24374285340309143,0.11816170811653137,0.9956378936767578,0.9991463422775269,0.61314857006073,0.24348905682563782,0.11815204471349716,0.9960395097732544,0.9991121888160706,0.5930684208869934,0.24973559379577637,0.1363239586353302,0.992289125919342,0.99859219789505,0.604205846786499,0.24562592804431915,0.01043728832155466,0.9963411688804626,0.9991604089736938,0.6190354228019714,0.25223463773727417,0.15547634661197662,0.9927486181259155,0.9970351457595825,0.6207438111305237,0.25152722001075745,0.11361870169639587,0.9934577345848083,0.9978733062744141,0.5821482539176941,0.2813403904438019,0.16562466323375702,0.9932292103767395,0.98972487449646,0.6205444931983948,0.262076199054718,-0.10630388557910919,0.9991678595542908,0.9972820281982422,0.5511098504066467,0.2563707232475281,0.26100340485572815,0.16822174191474915,0.992412269115448,0.5810757875442505,0.21881088614463806,-0.13801071047782898,0.9442688226699829,0.996512234210968,0.5548899173736572,0.23141567409038544,0.31618285179138184,0.2154855579137802,0.9754267930984497,0.5528209805488586,0.20686733722686768,-0.03333895280957222,0.8231039643287659,0.9851736426353455,0.552286684513092,0.22693923115730286,0.33198192715644836,0.23642146587371826,0.968645453453064,0.5444294214248657,0.2040816843509674,-0.044565338641405106,0.7702020406723022,0.9765048027038574,0.5604185461997986,0.22767987847328186,0.30440956354141235,0.23296895623207092,0.9639217257499695,0.5426816940307617,0.2071705311536789,-0.038647592067718506,0.7600741386413574,0.9762427806854248,0.5632785558700562,0.2286617010831833,0.30462002754211426,0.2462274134159088,0.9692033529281616,0.5452848076820374,0.21029095351696014,-0.028664179146289825,0.7421895265579224,0.9805706143379211,0.7132034301757812,0.35885292291641235,0.10801061242818832,0.9990907311439514,0.9974959492683411,0.7391905188560486,0.3506721258163452,-0.10806284844875336,0.9996001124382019,0.9989294409751892,0.7643565535545349,0.411919504404068,0.14511634409427643,0.7364777326583862,0.9938090443611145,0.8198971152305603,0.4018559455871582,-0.08893866837024689,0.9648904204368591,0.9968550205230713,0.7696821689605713,0.4843805432319641,0.184189110994339,0.8564741611480713,0.9910881519317627,0.8550723791122437,0.46940430998802185,-0.05676828324794769,0.9691844582557678,0.992191731929779,0.7777137160301208,0.4905397295951843,0.1876971572637558,0.8849211931228638,0.9881507158279419,0.8482059836387634,0.48355570435523987,-0.05243867263197899,0.947439432144165,0.9908464550971985,0.8169940710067749,0.48558324575424194,0.1559533178806305,0.8704749345779419,0.9889904260635376,0.89544278383255,0.4743410646915436,-0.0971108227968216,0.9540214538574219,0.9889196753501892
99,3366,True,0.6120001673698425,0.23549839854240417,0.08714219927787781,0.9957035183906555,0.9994351267814636,0.5997775793075562,0.23388150334358215,0.09207964688539505,0.9945845603942871,0.9992307424545288,0.5979450345039368,0.23436793684959412,0.0920514240860939,0.9931402206420898,0.9991414546966553,0.5950456261634827,0.2339891642332077,0.09196874499320984,0.994541347026825,0.9989748001098633,0.599858820438385,0.2341802418231964,0.05448171868920326,0.9955780506134033,0.9993835687637329,0.5989667177200317,0.23462609946727753,0.05426611378788948,0.9959694743156433,0.9994250535964966,0.5973058938980103,0.23149247467517853,0.05426182225346565,0.9963563084602356,0.9993973970413208,0.5862906575202942,0.23928725719451904,0.1253361850976944,0.9929343461990356,0.9987659454345703,0.5889052748680115,0.23857274651527405,-0.039761483669281006,0.9966108202934265,0.999357283115387,0.6072679162025452,0.2401365339756012,0.104435496032238,0.9931550621986389,0.9967020153999329,0.6075493097305298,0.2403525859117508,0.05455830320715904,0.9938893914222717,0.9979294538497925,0.5989746451377869,0.2735341489315033,0.18732257187366486,0.9925182461738586,0.9859963059425354,0.5987182855606079,0.2580201327800751,-0.13557475805282593,0.9990329742431641,0.997347354888916,0.5849205255508423,0.25274598598480225,0.2826429307460785,0.15719909965991974,0.9907546639442444,0.5681559443473816,0.20894809067249298,-0.18592151999473572,0.9465516209602356,0.9985835552215576,0.5935397148132324,0.2414909154176712,0.3291001617908478,0.1983812153339386,0.9866173267364502,0.5559574365615845,0.20523671805858612,-0.025160890072584152,0.8084944486618042,0.996880292892456,0.5947788953781128,0.23868271708488464,0.3443993330001831,0.21788334846496582,0.9862694144248962,0.5472761988639832,0.2025332748889923,-0.03041486255824566,0.7465842366218567,0.994155764579773,0.603874146938324,0.24063070118427277,0.32167404890060425,0.2147965431213379,0.983579695224762,0.552611231803894,0.20880189538002014,-0.01386457309126854,0.7356148958206177,0.993453860282898,0.603911817073822,0.24144645035266876,0.31815797090530396,0.2274913340806961,0.9848623275756836,0.5585674047470093,0.2115144282579422,-0.016786722466349602,0.7194951772689819,0.9954333901405334,0.7405248880386353,0.34761229157447815,0.10750462114810944,0.9990559220314026,0.9986977577209473,0.7466979026794434,0.34374991059303284,-0.10755281150341034,0.9995933771133423,0.9993888139724731,0.8253426551818848,0.38758307695388794,0.12690290808677673,0.7173331379890442,0.9948983788490295,0.8434016704559326,0.3850587010383606,-0.0957375094294548,0.9652361273765564,0.9975934624671936,0.865724503993988,0.4544413983821869,0.18245667219161987,0.8398557901382446,0.994835376739502,0.8811863660812378,0.45219939947128296,-0.06897661089897156,0.9685705304145813,0.9933117628097534,0.8614290952682495,0.470098078250885,0.18354108929634094,0.8731675148010254,0.9931909441947937,0.8864039778709412,0.4723219871520996,-0.06579498946666718,0.946313202381134,0.9918580651283264,0.9046043157577515,0.46157607436180115,0.14550332725048065,0.8604047298431396,0.9924917817115784,0.9436432719230652,0.4552498459815979,-0.11690191924571991,0.9527114033699036,0.9888777136802673
100,3400,True,0.6113675236701965,0.23046593368053436,0.043014634400606155,0.9960494041442871,0.9993951320648193,0.6029882431030273,0.23083052039146423,0.05782037228345871,0.9950025677680969,0.9990953207015991,0.6023039221763611,0.2310040295124054,0.057783085852861404,0.9936160445213318,0.9989708662033081,0.6008539199829102,0.2308351695537567,0.05771227926015854,0.9949688911437988,0.9987568855285645,0.5962556004524231,0.2297947108745575,0.016515377908945084,0.9959529638290405,0.9993160963058472,0.5947123169898987,0.23052966594696045,0.016288530081510544,0.9962986707687378,0.9993771910667419,0.5927107334136963,0.23007147014141083,0.016283513978123665,0.9966686367988586,0.9993519186973572,0.5928055644035339,0.2361125499010086,0.12659898400306702,0.9935492873191833,0.9985411167144775,0.5856860280036926,0.2368282526731491,-0.05718764662742615,0.9969040751457214,0.9993494153022766,0.6128718256950378,0.23636093735694885,0.07345033437013626,0.993649959564209,0.9968329071998596,0.6105360984802246,0.23727235198020935,0.01862165331840515,0.9943963289260864,0.9982627034187317,0.6126251816749573,0.2621059715747833,0.19694368541240692,0.9926290512084961,0.9891141653060913,0.5985366702079773,0.25868624448776245,-0.14152607321739197,0.9990232586860657,0.9977967739105225,0.5939356684684753,0.23094090819358826,0.29186075925827026,0.15474610030651093,0.9944064617156982,0.5658347010612488,0.2190365344285965,-0.20816151797771454,0.9504900574684143,0.998569130897522,0.5852132439613342,0.22454030811786652,0.3314307928085327,0.1864594966173172,0.989773690700531,0.5582044124603271,0.20877771079540253,-0.026956940069794655,0.8025435209274292,0.9975033402442932,0.5827309489250183,0.2227400839328766,0.3508383333683014,0.20306392014026642,0.9877589344978333,0.55274498462677,0.20507332682609558,-0.029203852638602257,0.7284356951713562,0.9947876930236816,0.5894908905029297,0.22752657532691956,0.3429088890552521,0.2000715136528015,0.9856387972831726,0.5662285089492798,0.2104552537202835,-0.008239238522946835,0.7166387438774109,0.9943057894706726,0.5909447073936462,0.2288946807384491,0.32689791917800903,0.2127024531364441,0.9872903227806091,0.5694470405578613,0.21321868896484375,-0.01636030152440071,0.7025554776191711,0.9962713718414307,0.7624465227127075,0.33504360914230347,0.10556147992610931,0.9990439414978027,0.9985331296920776,0.7580289840698242,0.3374554216861725,-0.10566709190607071,0.9995774030685425,0.9991525411605835,0.8513627648353577,0.3753563463687897,0.11245954036712646,0.7080020904541016,0.9946510195732117,0.8654488325119019,0.37486153841018677,-0.09729615598917007,0.9648870229721069,0.9959348440170288,0.8766257166862488,0.44554194808006287,0.18019606173038483,0.8273451924324036,0.9915524125099182,0.9037061333656311,0.43861889839172363,-0.05901218578219414,0.9672057628631592,0.9870755076408386,0.8825966119766235,0.4605620801448822,0.18066033720970154,0.8647534847259521,0.9884655475616455,0.9000663161277771,0.45650067925453186,-0.05385792627930641,0.9434871673583984,0.9848745465278625,0.9280367493629456,0.4475554823875427,0.141582652926445,0.8548699617385864,0.9847053289413452,0.9614465236663818,0.4417335093021393,-0.10918355733156204,0.9511919617652893,0.9774163961410522
101,3434,True,0.6078595519065857,0.22526755928993225,0.011796903796494007,0.9963970184326172,0.999664306640625,0.5959806442260742,0.22391366958618164,0.02314145304262638,0.9954306483268738,0.9995138645172119,0.595366895198822,0.22410424053668976,0.023092491552233696,0.9941394329071045,0.9994526505470276,0.5943754315376282,0.22419433295726776,0.023008767515420914,0.9954025149345398,0.9993345141410828,0.591917872428894,0.2243357002735138,-0.015137794427573681,0.9963136911392212,0.9996192455291748,0.5891501903533936,0.22387096285820007,-0.015348455868661404,0.9966229200363159,0.999653697013855,0.5885248184204102,0.22354206442832947,-0.015328844077885151,0.9969667196273804,0.9996418952941895,0.5885549187660217,0.22984285652637482,0.08787944167852402,0.9941525459289551,0.9992548823356628,0.5795851349830627,0.232656329870224,-0.08507934957742691,0.9971851706504822,0.9996501207351685,0.607916533946991,0.23007354140281677,0.039699308574199677,0.9942049384117126,0.9985488057136536,0.6055938601493835,0.23101195693016052,-0.010752483271062374,0.994906485080719,0.9991657733917236,0.616746723651886,0.25282707810401917,0.17241117358207703,0.9926846623420715,0.9942994117736816,0.5912756323814392,0.256357342004776,-0.15444977581501007,0.9990571141242981,0.998856782913208,0.5974566340446472,0.22903485596179962,0.26674985885620117,0.15139973163604736,0.9948592185974121,0.5502594709396362,0.21572649478912354,-0.21528424322605133,0.9541416764259338,0.9985890984535217,0.5902036428451538,0.22851088643074036,0.3370882272720337,0.17390041053295135,0.9933199882507324,0.5547752976417542,0.21138718724250793,-0.03008287213742733,0.7958939075469971,0.9979281425476074,0.5871062874794006,0.2285502701997757,0.3555215001106262,0.18835100531578064,0.9923049807548523,0.5493411421775818,0.21089012920856476,-0.02732856571674347,0.7127403020858765,0.9957606196403503,0.5945340394973755,0.2326447069644928,0.34944120049476624,0.1854940503835678,0.9909949898719788,0.5638236403465271,0.2175048142671585,-0.005703819915652275,0.7000622749328613,0.9953336119651794,0.5957650542259216,0.2337956726551056,0.3308165371417999,0.1976570338010788,0.9920177459716797,0.5673450231552124,0.2192348688840866,-0.01880490966141224,0.6881397366523743,0.9970034956932068,0.7727096676826477,0.32419154047966003,0.10037874430418015,0.9990335702896118,0.9992122650146484,0.7670352458953857,0.3290976881980896,-0.1004948616027832,0.9995835423469543,0.9995415210723877,0.8588877320289612,0.3650544285774231,0.1065584048628807,0.7045175433158875,0.9946799874305725,0.8784589767456055,0.3630991578102112,-0.10152867436408997,0.9668925404548645,0.9965974688529968,0.9017356634140015,0.4282069206237793,0.17952948808670044,0.8204793334007263,0.9867562055587769,0.9327334761619568,0.42198553681373596,-0.05758490040898323,0.968364417552948,0.9782283306121826,0.9005799293518066,0.441650390625,0.18278667330741882,0.8636798858642578,0.9811275005340576,0.9258832335472107,0.439251184463501,-0.05298028886318207,0.9459030628204346,0.9730849266052246,0.9492149949073792,0.43054866790771484,0.1530602127313614,0.8530851006507874,0.9771270155906677,0.9953764081001282,0.4256662428379059,-0.10792837291955948,0.9522285461425781,0.955470621585846
102,3468,True,0.6127656102180481,0.22704598307609558,-0.006777455564588308,0.9967313408851624,0.9998223185539246,0.5982377529144287,0.22641828656196594,0.006758104544132948,0.9958400130271912,0.9997575879096985,0.5979251265525818,0.22661304473876953,0.006755231413990259,0.9946475028991699,0.9997307658195496,0.59710693359375,0.22672148048877716,0.006729112006723881,0.9958176612854004,0.9996799230575562,0.5956811308860779,0.22698207199573517,-0.028810514137148857,0.9966573119163513,0.9997933506965637,0.5936099290847778,0.2271234691143036,-0.028989320620894432,0.9969359040260315,0.9998050332069397,0.5925945043563843,0.22638776898384094,-0.028955576941370964,0.9972509145736694,0.9997918009757996,0.5931938886642456,0.23224911093711853,0.0833500474691391,0.9947130680084229,0.9996585845947266,0.5844166874885559,0.23453879356384277,-0.0795120969414711,0.9974526762962341,0.999803364276886,0.6165511608123779,0.23206253349781036,0.02498987317085266,0.994721531867981,0.9990171194076538,0.6141800284385681,0.23287495970726013,-0.02216009609401226,0.9953814148902893,0.9993746876716614,0.6305104494094849,0.25357621908187866,0.176963672041893,0.993142306804657,0.9970001578330994,0.597753643989563,0.2563934326171875,-0.14965568482875824,0.9991167783737183,0.9992039799690247,0.6028501987457275,0.21576018631458282,0.2639258801937103,0.1607740819454193,0.9974550604820251,0.550102174282074,0.22976353764533997,-0.21025021374225616,0.9577305912971497,0.9990792274475098,0.5903037786483765,0.22619283199310303,0.3528095781803131,0.16518156230449677,0.9976109266281128,0.5634535551071167,0.22532062232494354,-0.012690980918705463,0.7900648713111877,0.9989491105079651,0.5858665704727173,0.22772610187530518,0.37257787585258484,0.1754080355167389,0.9970434308052063,0.5528254508972168,0.2223924696445465,-0.00927711557596922,0.6953939199447632,0.9978698492050171,0.5945398807525635,0.2330339252948761,0.38053444027900696,0.1726432889699936,0.9966412782669067,0.5765472650527954,0.22702768445014954,0.013882661238312721,0.6822350025177002,0.9977008700370789,0.5965613722801208,0.23369434475898743,0.3533612787723541,0.1844843178987503,0.9971529245376587,0.5826064944267273,0.23275482654571533,-0.0008611856028437614,0.6720587611198425,0.9984980821609497,0.7910887002944946,0.3155018389225006,0.09852354228496552,0.999066948890686,0.9994115829467773,0.7785813808441162,0.3235330879688263,-0.09864458441734314,0.9995921850204468,0.9996498823165894,0.8877471089363098,0.34980636835098267,0.09319955855607986,0.6990602016448975,0.9966596364974976,0.8949917554855347,0.3540976047515869,-0.10749189555644989,0.9670675992965698,0.9972033500671387,0.9334327578544617,0.40634188055992126,0.15178945660591125,0.8164169192314148,0.9941794872283936,0.9293572902679443,0.41519346833229065,-0.06364652514457703,0.968143880367279,0.9914165139198303,0.9392346739768982,0.42123088240623474,0.15414153039455414,0.8600088953971863,0.991521954536438,0.9190947413444519,0.4250730872154236,-0.05966772511601448,0.9456679821014404,0.9898529648780823,0.9910784363746643,0.41392627358436584,0.11641727387905121,0.8528826832771301,0.9873803853988647,0.9835814833641052,0.42105889320373535,-0.11486498266458511,0.9523555040359497,0.9813506603240967
103,3502,True,0.6106175184249878,0.2245042622089386,-0.04063216224312782,0.9970284104347229,0.9997636675834656,0.596511960029602,0.2233716994524002,-0.029413970187306404,0.9961995482444763,0.9996821880340576,0.5962191820144653,0.22368888556957245,-0.029428141191601753,0.9950928688049316,0.9996486902236938,0.595583438873291,0.2239530086517334,-0.029450904577970505,0.9961811304092407,0.9995792508125305,0.5941680669784546,0.22450654208660126,-0.06514768302440643,0.9969577789306641,0.9997298121452332,0.5931834578514099,0.2245274782180786,-0.06531825661659241,0.9972096681594849,0.9997475743293762,0.5913211107254028,0.22506411373615265,-0.06529894471168518,0.997500479221344,0.9997336268424988,0.591556966304779,0.23102149367332458,0.04450168088078499,0.9952163100242615,0.9995598196983337,0.5841726064682007,0.23409442603588104,-0.11750724911689758,0.9976928234100342,0.9997527003288269,0.616784930229187,0.22923704981803894,-0.009463761001825333,0.9951983094215393,0.9988707900047302,0.6142690777778625,0.23047736287117004,-0.056587185710668564,0.9958142042160034,0.9992994070053101,0.6298334002494812,0.24917387962341309,0.14999566972255707,0.9934868216514587,0.9958425164222717,0.6003512740135193,0.25649452209472656,-0.17397494614124298,0.9991639256477356,0.9990255832672119,0.5959835648536682,0.2118602693080902,0.2401266247034073,0.1694147139787674,0.9960624575614929,0.5416005253791809,0.2387647181749344,-0.23299993574619293,0.9612687230110168,0.9987552165985107,0.588459849357605,0.2266331911087036,0.35224291682243347,0.15541034936904907,0.9969072937965393,0.5597972273826599,0.23154416680335999,-0.03157198056578636,0.7874993085861206,0.9989545345306396,0.5846379399299622,0.22929945588111877,0.372469425201416,0.1622847318649292,0.9964744448661804,0.551201581954956,0.23030336201190948,-0.03488899767398834,0.6825676560401917,0.9978469610214233,0.5953501462936401,0.23445573449134827,0.3784383535385132,0.15969231724739075,0.9959932565689087,0.5724244713783264,0.23510757088661194,-0.012653958983719349,0.6691778302192688,0.9976786971092224,0.5973331928253174,0.2348238229751587,0.3523300290107727,0.17118865251541138,0.9965072274208069,0.5769696831703186,0.2373548001050949,-0.021595651283860207,0.6609393954277039,0.9985150694847107,0.8002790808677673,0.31224966049194336,0.096488356590271,0.999073326587677,0.9993231296539307,0.7897366285324097,0.31966763734817505,-0.09657580405473709,0.9995894432067871,0.9996424913406372,0.9009205102920532,0.34172481298446655,0.10010096430778503,0.6926457285881042,0.9936068058013916,0.9103535413742065,0.34502026438713074,-0.1012118011713028,0.9673242568969727,0.9949807524681091,0.9545546770095825,0.39300537109375,0.18345782160758972,0.807938814163208,0.9870533347129822,0.9590601325035095,0.3969103991985321,-0.022802283987402916,0.9670143127441406,0.9824878573417664,0.9565565586090088,0.40758395195007324,0.18959733843803406,0.8549937605857849,0.9812238216400146,0.9449755549430847,0.41180500388145447,-0.014944145455956459,0.9450159668922424,0.9796186685562134,0.9877715110778809,0.3969537317752838,0.15978583693504333,0.848859965801239,0.9754335880279541,1.006523609161377,0.40187621116638184,-0.06144890934228897,0.9507837891578674,0.9649216532707214
104,3536,True,0.6121610403060913,0.22211842238903046,-0.0638609528541565,0.9973114132881165,0.9999134540557861,0.5980993509292603,0.2216065376996994,-0.05462445318698883,0.9965569376945496,0.99988853931427,0.5976380109786987,0.2219393253326416,-0.05462484806776047,0.9955425262451172,0.9998745918273926,0.5968096852302551,0.22226354479789734,-0.05462939292192459,0.996537983417511,0.9998461008071899,0.5970116853713989,0.22237369418144226,-0.09045148640871048,0.9972481727600098,0.9999058246612549,0.5959402918815613,0.22296719253063202,-0.09061148017644882,0.9974730014801025,0.9999107122421265,0.5941232442855835,0.22375480830669403,-0.09060300886631012,0.9977391958236694,0.9999035596847534,0.5929268598556519,0.22886697947978973,0.014155379496514797,0.9956812858581543,0.9998401403427124,0.5861628651618958,0.23286795616149902,-0.14836086332798004,0.9979158043861389,0.9999080896377563,0.6182418465614319,0.22713550925254822,-0.03394778072834015,0.99565190076828,0.9994856119155884,0.6170610189437866,0.22806672751903534,-0.08133537322282791,0.9962164759635925,0.9996776580810547,0.6286293268203735,0.24656271934509277,0.12096044421195984,0.993838906288147,0.9973880648612976,0.605143129825592,0.2542835772037506,-0.20305860042572021,0.9992135167121887,0.999390721321106,0.5913510918617249,0.21198448538780212,0.2206280529499054,0.16887454688549042,0.9967156648635864,0.5429689884185791,0.23790745437145233,-0.2598056495189667,0.9645029306411743,0.9989407658576965,0.5873824954032898,0.2238122522830963,0.3397373855113983,0.1450154036283493,0.9966649413108826,0.5624968409538269,0.23130087554454803,-0.07277962565422058,0.7891578078269958,0.9988502264022827,0.5833353400230408,0.22600194811820984,0.3581940531730652,0.149881511926651,0.9960024952888489,0.5521402955055237,0.23020131886005402,-0.07224547117948532,0.6778526902198792,0.9975814819335938,0.5892653465270996,0.23145334422588348,0.3678942024707794,0.14754007756710052,0.9954959154129028,0.577633261680603,0.23609864711761475,-0.051954660564661026,0.6645498275756836,0.9974343180656433,0.591211199760437,0.23178799450397491,0.33880677819252014,0.15883588790893555,0.996107280254364,0.5818840861320496,0.23704111576080322,-0.06257656961679459,0.6583150625228882,0.9983317255973816,0.8044842481613159,0.30501294136047363,0.09465143084526062,0.9990923404693604,0.9995193481445312,0.7981455326080322,0.31194600462913513,-0.09466858953237534,0.999600887298584,0.9997743964195251,0.9080085754394531,0.32927221059799194,0.12058912962675095,0.6872381567955017,0.9964737296104431,0.9149666428565979,0.3366415798664093,-0.07773555815219879,0.9679666757583618,0.9972531199455261,0.9606233239173889,0.38007789850234985,0.2239496409893036,0.8005528450012207,0.9924290776252747,0.9700062870979309,0.3843819797039032,0.02013133093714714,0.9667505025863647,0.988950788974762,0.9690630435943604,0.3954918682575226,0.23123431205749512,0.8507691621780396,0.9885289072990417,0.9681875705718994,0.3989868462085724,0.029374172911047935,0.9452020525932312,0.987190842628479,0.9894744753837585,0.37915951013565063,0.20270976424217224,0.8471683263778687,0.9861170649528503,1.0252987146377563,0.38525134325027466,-0.014434140175580978,0.9506264925003052,0.9792146682739258
105,3570,True,0.6196584105491638,0.2230500876903534,-0.05750490352511406,0.9975486993789673,0.9998143315315247,0.6065821647644043,0.2224045991897583,-0.04851185530424118,0.9968482255935669,0.9997605681419373,0.6058362126350403,0.2226860523223877,-0.04852279648184776,0.9958979487419128,0.9997339844703674,0.6045939326286316,0.22298042476177216,-0.04854927211999893,0.9968299269676208,0.9996824264526367,0.6062316298484802,0.22318243980407715,-0.081849105656147,0.9974915385246277,0.9997918009757996,0.6050081253051758,0.22390906512737274,-0.08199868351221085,0.9976916909217834,0.9998024106025696,0.6021994948387146,0.22500446438789368,-0.08197509497404099,0.9979401230812073,0.9997883439064026,0.6002770066261292,0.22955381870269775,0.018110785633325577,0.9960871338844299,0.9996697902679443,0.5943936109542847,0.23363478481769562,-0.13377319276332855,0.9981070756912231,0.9997933506965637,0.6258430480957031,0.2272302210330963,-0.028349975124001503,0.9960248470306396,0.9989379048347473,0.6223407983779907,0.22772249579429626,-0.07255109399557114,0.996557354927063,0.9993091821670532,0.6326378583908081,0.24653299152851105,0.11471272259950638,0.9940701127052307,0.9960009455680847,0.6165417432785034,0.25470954179763794,-0.18598969280719757,0.9992358088493347,0.998730480670929,0.5863637328147888,0.21241283416748047,0.21294617652893066,0.17365674674510956,0.9958979487419128,0.546593964099884,0.23998919129371643,-0.2454606592655182,0.9670587778091431,0.9982278943061829,0.5834487676620483,0.227390855550766,0.33320939540863037,0.13653092086315155,0.9958518743515015,0.5623016953468323,0.23518475890159607,-0.049552299082279205,0.7816138863563538,0.9980682730674744,0.5794524550437927,0.22909781336784363,0.3515370190143585,0.1391168236732483,0.9950709342956543,0.5539231896400452,0.23572568595409393,-0.04535341262817383,0.6624029278755188,0.9962028861045837,0.5876628756523132,0.23366396129131317,0.36261942982673645,0.13693369925022125,0.9944396018981934,0.5765047073364258,0.24066022038459778,-0.027285348623991013,0.6490979194641113,0.9958802461624146,0.5897274017333984,0.2342039793729782,0.3332328498363495,0.1480027735233307,0.9951469302177429,0.5808982849121094,0.24096813797950745,-0.040053591132164,0.6450455784797668,0.9972711205482483,0.8073627948760986,0.3010280728340149,0.09021171927452087,0.9990845918655396,0.999305009841919,0.8053539991378784,0.30955249071121216,-0.09024056047201157,0.9995919466018677,0.9995618462562561,0.9230222702026367,0.3217066824436188,0.11713166534900665,0.6830920577049255,0.9948278069496155,0.9267435073852539,0.331290066242218,-0.07856354862451553,0.9682505130767822,0.9950616955757141,0.9682900905609131,0.37398838996887207,0.20841191709041595,0.7958611249923706,0.9904550909996033,0.9756252765655518,0.37811750173568726,0.009039100259542465,0.9661726951599121,0.9844940304756165,0.9773991703987122,0.38829460740089417,0.21387988328933716,0.8476154804229736,0.9861051440238953,0.9791492223739624,0.3880014419555664,0.017369603738188744,0.9448242783546448,0.9824218153953552,1.0201414823532104,0.37716951966285706,0.18121136724948883,0.8458256125450134,0.9805598258972168,1.0331387519836426,0.3790915012359619,-0.02852126955986023,0.94990473985672,0.9691511392593384
106,3604,True,0.6306111812591553,0.22260689735412598,-0.04963149502873421,0.9977725744247437,0.9998869895935059,0.6193934679031372,0.22186541557312012,-0.03907952085137367,0.9971275925636292,0.9998493194580078,0.6186656355857849,0.22219708561897278,-0.03908223286271095,0.9962456226348877,0.9998340606689453,0.617329478263855,0.22254586219787598,-0.03910154104232788,0.9971110224723816,0.9998058676719666,0.6186654567718506,0.22243663668632507,-0.0734238475561142,0.9977215528488159,0.9998676776885986,0.6166966557502747,0.2235790193080902,-0.07357285916805267,0.9979001879692078,0.9998737573623657,0.6141758561134338,0.22457580268383026,-0.07353462278842926,0.9981297254562378,0.9998646974563599,0.6104100942611694,0.22958314418792725,0.03082316741347313,0.9964614510536194,0.9998101592063904,0.604638397693634,0.2333873212337494,-0.1259290724992752,0.9982860088348389,0.9998764991760254,0.6355234980583191,0.2270764857530594,-0.019658111035823822,0.9963770508766174,0.9993802309036255,0.6320818662643433,0.22741129994392395,-0.06534729897975922,0.9968767762184143,0.999606192111969,0.6364359259605408,0.24655070900917053,0.12326661497354507,0.9943875670433044,0.997234046459198,0.619622528553009,0.2548138201236725,-0.17869122326374054,0.9992721676826477,0.9990792274475098,0.5874462127685547,0.2133917361497879,0.21394488215446472,0.17911779880523682,0.9962879419326782,0.5496561527252197,0.2424631118774414,-0.2365664839744568,0.9694833159446716,0.9980692267417908,0.5849148035049438,0.22770383954048157,0.3174274265766144,0.12977704405784607,0.9959055185317993,0.5633997917175293,0.2343711405992508,-0.044734444469213486,0.7762980461120605,0.9979850053787231,0.5788809061050415,0.22757568955421448,0.3337227404117584,0.13006044924259186,0.9949944019317627,0.5559696555137634,0.23394367098808289,-0.04055290296673775,0.6488404273986816,0.996033251285553,0.5890503525733948,0.23261436820030212,0.34300681948661804,0.12799209356307983,0.9943195581436157,0.5772526264190674,0.23835675418376923,-0.021193742752075195,0.6354336142539978,0.9957459568977356,0.5911077857017517,0.23306801915168762,0.3175317347049713,0.13893377780914307,0.9950656294822693,0.5816851854324341,0.23913149535655975,-0.03464363515377045,0.6329047083854675,0.9971586465835571,0.8108120560646057,0.29731810092926025,0.09072015434503555,0.9990764856338501,0.9993256330490112,0.8034312129020691,0.3074086010456085,-0.09077208489179611,0.9995740056037903,0.9994611144065857,0.9153504371643066,0.31644657254219055,0.10852427035570145,0.6795487999916077,0.9952862858772278,0.9256262183189392,0.3267151415348053,-0.08380205184221268,0.9688345193862915,0.994848906993866,0.9714313745498657,0.36724451184272766,0.19303752481937408,0.7934572100639343,0.9924762845039368,0.9724617004394531,0.37630051374435425,-0.00826862920075655,0.9660972952842712,0.986461341381073,0.973952054977417,0.3828202188014984,0.1987108588218689,0.8461529016494751,0.9891358613967896,0.9677679538726807,0.38497668504714966,-0.0005909298197366297,0.945005476474762,0.9850018620491028,1.0221754312515259,0.371141254901886,0.17465731501579285,0.8457789421081543,0.9835647344589233,1.0241471529006958,0.3780137598514557,-0.04398144781589508,0.9500136971473694,0.9725733995437622
107,3638,True,0.6338487267494202,0.22174330055713654,-0.04850087687373161,0.9979631900787354,0.9998049139976501,0.6227980852127075,0.2210400551557541,-0.036489252001047134,0.9973642826080322,0.9997455477714539,0.6218935251235962,0.22144262492656708,-0.03648962080478668,0.9965299367904663,0.9997195601463318,0.6203787922859192,0.22193244099617004,-0.03651052713394165,0.997348964214325,0.9996727705001831,0.6220613718032837,0.22141051292419434,-0.07138345390558243,0.9979201555252075,0.9997794032096863,0.620354950428009,0.2223082333803177,-0.07152747362852097,0.9980783462524414,0.9997901320457458,0.6163958311080933,0.2229476273059845,-0.07149221003055573,0.9982938170433044,0.9997739195823669,0.6127808094024658,0.2290109097957611,0.037916090339422226,0.9967889189720154,0.9996625185012817,0.605248749256134,0.23253977298736572,-0.12165523320436478,0.9984415769577026,0.9997797608375549,0.6370114088058472,0.22628596425056458,-0.01715955324470997,0.9966642260551453,0.9988007545471191,0.6352590322494507,0.22664394974708557,-0.06372396647930145,0.9971469640731812,0.9992471933364868,0.6398416757583618,0.24611127376556396,0.13084112107753754,0.9943205118179321,0.9933920502662659,0.6234896183013916,0.2544865608215332,-0.17518971860408783,0.9992546439170837,0.9976602792739868,0.5898001790046692,0.21374905109405518,0.21927039325237274,0.18309348821640015,0.993643045425415,0.5518024563789368,0.2414414882659912,-0.2325180321931839,0.9715654850006104,0.9966580867767334,0.5838955044746399,0.22102820873260498,0.3128000795841217,0.12425564229488373,0.9933267831802368,0.5597898960113525,0.23417524993419647,-0.04485154524445534,0.7708378434181213,0.9965459704399109,0.5761831402778625,0.22107736766338348,0.32816341519355774,0.1225399598479271,0.9918347597122192,0.549268364906311,0.23350565135478973,-0.04154755920171738,0.6359817981719971,0.993303120136261,0.5886797308921814,0.22595420479774475,0.3340429663658142,0.12059618532657623,0.990665078163147,0.5713561773300171,0.23787252604961395,-0.02234135940670967,0.6223838329315186,0.9928430318832397,0.5903323292732239,0.22686734795570374,0.31148457527160645,0.1315869241952896,0.9919108748435974,0.5781041383743286,0.23884113132953644,-0.03491983190178871,0.6215990781784058,0.9951884746551514,0.8132055401802063,0.2955242991447449,0.09151087701320648,0.9989618062973022,0.998365581035614,0.8050163984298706,0.30501171946525574,-0.09156839549541473,0.9995014071464539,0.998677670955658,0.9139306545257568,0.31513017416000366,0.09383395314216614,0.6714354753494263,0.9918066263198853,0.9259811639785767,0.3242485821247101,-0.09913425147533417,0.969028890132904,0.9915229082107544,0.9794384241104126,0.36639171838760376,0.16288743913173676,0.786874532699585,0.9879224896430969,0.978782057762146,0.3760761022567749,-0.03425843268632889,0.9657454490661621,0.9779161810874939,0.9730748534202576,0.3781582713127136,0.16707785427570343,0.8417976498603821,0.9828898310661316,0.9755862951278687,0.3877013921737671,-0.028255168348550797,0.944258987903595,0.9749864339828491,1.0307294130325317,0.36619752645492554,0.1367092728614807,0.8426088690757751,0.9762625098228455,1.0346144437789917,0.3764895796775818,-0.07573211193084717,0.9494181275367737,0.9582515954971313
108,3672,True,0.6354278326034546,0.22105494141578674,-0.04109187424182892,0.9981048107147217,0.9996091723442078,0.6245545744895935,0.22011128067970276,-0.02900940552353859,0.9975322484970093,0.9995273351669312,0.6237335205078125,0.2205812633037567,-0.029006801545619965,0.9967091083526611,0.9994754195213318,0.6223436594009399,0.2211357057094574,-0.029027525335550308,0.9975175857543945,0.9993858337402344,0.6239076256752014,0.22029173374176025,-0.06488943845033646,0.9980733394622803,0.9996033310890198,0.6224278211593628,0.22106654942035675,-0.06503374129533768,0.9982121586799622,0.9996292591094971,0.6174314022064209,0.222020223736763,-0.0650119036436081,0.9984221458435059,0.9996107220649719,0.6145418882369995,0.22859473526477814,0.04306236281991005,0.9970550537109375,0.9993436932563782,0.6069175004959106,0.23145146667957306,-0.12100794166326523,0.9985681772232056,0.9996412992477417,0.6382378339767456,0.2256586104631424,-0.010746652260422707,0.9968461394309998,0.9974494576454163,0.6369405388832092,0.22599446773529053,-0.058742497116327286,0.9973438382148743,0.9984706044197083,0.6391106247901917,0.24763143062591553,0.136483833193779,0.9936438202857971,0.9860959649085999,0.6247626543045044,0.25423628091812134,-0.18033017218112946,0.9991949796676636,0.9961383938789368,0.5903323292732239,0.21699003875255585,0.22678862512111664,0.1793370544910431,0.986716628074646,0.5561967492103577,0.2408355474472046,-0.2352764755487442,0.9732532501220703,0.9930819869041443,0.5822317004203796,0.22295407950878143,0.31762203574180603,0.11651027947664261,0.9859423041343689,0.5593001246452332,0.233175590634346,-0.046184297651052475,0.763734757900238,0.9928756952285767,0.5754368901252747,0.2229568213224411,0.33250364661216736,0.11384450644254684,0.9836875200271606,0.549226701259613,0.23195548355579376,-0.04182124510407448,0.6227899789810181,0.9875773191452026,0.5877839922904968,0.22738954424858093,0.33525121212005615,0.11207979172468185,0.9814152717590332,0.5696980953216553,0.23687735199928284,-0.022935442626476288,0.6092361211776733,0.9866899251937866,0.5897434949874878,0.22822685539722443,0.31518983840942383,0.12282594293355942,0.98350590467453,0.5764694809913635,0.23796586692333221,-0.03623943403363228,0.6093376874923706,0.9905407428741455,0.8103873133659363,0.2967990040779114,0.09368090331554413,0.9986216425895691,0.9956589937210083,0.8053833842277527,0.3034941256046295,-0.09371504187583923,0.9993336200714111,0.9968985319137573,0.9133055210113525,0.3173913359642029,0.09515643864870071,0.6561601161956787,0.9847763776779175,0.9273951053619385,0.32466161251068115,-0.10715436190366745,0.9686586856842041,0.9860966801643372,0.9812121987342834,0.368831068277359,0.16345979273319244,0.7736981511116028,0.980597198009491,0.9873055219650269,0.37522655725479126,-0.04699157178401947,0.9645618200302124,0.9696793556213379,0.9770879745483398,0.38086628913879395,0.16752104461193085,0.831834077835083,0.9735110998153687,0.9823458194732666,0.3910289406776428,-0.04158243164420128,0.941778302192688,0.9656291604042053,1.038020372390747,0.36717453598976135,0.13408377766609192,0.8342781066894531,0.9680470824241638,1.0491966009140015,0.3746506869792938,-0.09197375923395157,0.9478099942207336,0.9485633969306946
109,3706,True,0.6371329426765442,0.22045858204364777,-0.04267429932951927,0.9981996417045593,0.9992768168449402,0.6262232661247253,0.219208762049675,-0.029856432229280472,0.997632622718811,0.999157190322876,0.6252996921539307,0.2197140008211136,-0.029856927692890167,0.9967868328094482,0.9990670084953308,0.6237994432449341,0.22033186256885529,-0.02987881563603878,0.9976228475570679,0.9989122152328491,0.6258475184440613,0.21933409571647644,-0.06586276739835739,0.9981842041015625,0.9993067979812622,0.62455153465271,0.22005638480186462,-0.0660020262002945,0.9983073472976685,0.9993588328361511,0.6213833689689636,0.22143132984638214,-0.06598952412605286,0.9985193610191345,0.9993343949317932,0.6153891086578369,0.2281779944896698,0.043380748480558395,0.997268557548523,0.9988521337509155,0.6091495752334595,0.23062720894813538,-0.12187644094228745,0.9986716508865356,0.9994149208068848,0.6398847103118896,0.2254454791545868,-0.012202950194478035,0.9969430565834045,0.9957354068756104,0.6389085650444031,0.22575929760932922,-0.06056174635887146,0.9974879026412964,0.9975026249885559,0.6384229063987732,0.2484355866909027,0.1358489841222763,0.9923176169395447,0.9742530584335327,0.6252937912940979,0.25419503450393677,-0.1810605823993683,0.9990822672843933,0.9932548403739929,0.5927584171295166,0.21874657273292542,0.2236752212047577,0.17695389688014984,0.9754812121391296,0.55842524766922,0.24073107540607452,-0.23701255023479462,0.9748018980026245,0.988582968711853,0.5811306834220886,0.2235839068889618,0.31891340017318726,0.10975103825330734,0.9758702516555786,0.5590125918388367,0.2316579818725586,-0.04960089176893234,0.7571860551834106,0.9890726208686829,0.5751172304153442,0.2230924665927887,0.3350960612297058,0.10612379014492035,0.972577691078186,0.5491724610328674,0.22956034541130066,-0.04628570377826691,0.609879732131958,0.9808363914489746,0.5868670344352722,0.22710831463336945,0.33681991696357727,0.10453495383262634,0.9685108065605164,0.5688073635101318,0.23418362438678741,-0.02715308964252472,0.5964502692222595,0.9796167612075806,0.5888293981552124,0.22812779247760773,0.31615155935287476,0.11509548127651215,0.971738874912262,0.5723477005958557,0.2339370995759964,-0.039745453745126724,0.597578227519989,0.9854472875595093,0.8106927871704102,0.2974497675895691,0.09413749724626541,0.9978777170181274,0.9900333285331726,0.8057038187980652,0.30312007665634155,-0.09415876865386963,0.998954176902771,0.9929554462432861,0.914555549621582,0.3177437484264374,0.08908232301473618,0.6352677941322327,0.9664514064788818,0.92632657289505,0.3246004581451416,-0.11205193400382996,0.9672031402587891,0.9699090123176575,0.9827812314033508,0.37124645709991455,0.15720215439796448,0.7519969940185547,0.9570150375366211,0.9888237714767456,0.3758162558078766,-0.056022632867097855,0.9613814949989319,0.9378604292869568,0.9807382225990295,0.38259655237197876,0.1614370495080948,0.8147183656692505,0.9417611956596375,0.997937798500061,0.387142539024353,-0.0508643314242363,0.9365045428276062,0.929387092590332,1.0400002002716064,0.37108665704727173,0.12692376971244812,0.8184850811958313,0.9356353282928467,1.0526690483093262,0.37395790219306946,-0.10102428495883942,0.9436575770378113,0.9031574726104736
110,3740,True,0.6402052044868469,0.22039344906806946,-0.03715842217206955,0.9983466863632202,0.9998462200164795,0.6295600533485413,0.21881496906280518,-0.025491902604699135,0.9978110790252686,0.9998006224632263,0.6287345886230469,0.21929261088371277,-0.025503039360046387,0.9970075488090515,0.9997747540473938,0.6269767880439758,0.22008788585662842,-0.025548331439495087,0.9978044033050537,0.9997324347496033,0.6286609768867493,0.21891558170318604,-0.060850005596876144,0.9983361959457397,0.9998438358306885,0.6268169283866882,0.21982510387897491,-0.06099763885140419,0.9984453320503235,0.9998581409454346,0.6242393255233765,0.22089321911334991,-0.06098317727446556,0.998646080493927,0.9998542070388794,0.6177288293838501,0.22746141254901886,0.04471622034907341,0.997504711151123,0.9997308850288391,0.6111727356910706,0.22940877079963684,-0.12163658440113068,0.9987902045249939,0.9998892545700073,0.6436251997947693,0.2254985123872757,-0.007352088578045368,0.997166097164154,0.9991469383239746,0.6412900686264038,0.22565042972564697,-0.05590007081627846,0.9976978898048401,0.9995377063751221,0.6352052688598633,0.24899700284004211,0.13818839192390442,0.9925779104232788,0.9946395754814148,0.6243524551391602,0.2541889250278473,-0.18700025975704193,0.9991306662559509,0.9989686012268066,0.5920816659927368,0.21942219138145447,0.22894762456417084,0.17548011243343353,0.9914118051528931,0.5629023909568787,0.24115002155303955,-0.24155548214912415,0.9765986800193787,0.9960775971412659,0.5837582349777222,0.22422084212303162,0.33514636754989624,0.10342589020729065,0.9850055575370789,0.5751181244850159,0.231419637799263,-0.05017524212598801,0.755957841873169,0.994985818862915,0.5795353055000305,0.22323212027549744,0.35388195514678955,0.0988510400056839,0.9818273186683655,0.5730370283126831,0.22977426648139954,-0.047341447323560715,0.6012263894081116,0.9908177852630615,0.5930057764053345,0.2272099256515503,0.35220250487327576,0.09741061180830002,0.9793120622634888,0.5928961038589478,0.23477785289287567,-0.028336016461253166,0.5879690647125244,0.9901766180992126,0.5944882035255432,0.22823676466941833,0.331073522567749,0.10779941082000732,0.9814993739128113,0.5961534976959229,0.23433935642242432,-0.04035975784063339,0.5892796516418457,0.9930557608604431,0.8058677911758423,0.297767698764801,0.10003159940242767,0.9977317452430725,0.9968776702880859,0.8011713624000549,0.30381616950035095,-0.10000968724489212,0.9988745450973511,0.9979135394096375,0.9114876389503479,0.3118806481361389,0.08870642632246017,0.6240231990814209,0.9899775981903076,0.9217551350593567,0.3237660527229309,-0.12188843637704849,0.9670469164848328,0.9915785789489746,0.9798784852027893,0.3681064546108246,0.1594533622264862,0.7410054206848145,0.9889147877693176,0.9870125651359558,0.3725471794605255,-0.05986364558339119,0.9608332514762878,0.9841872453689575,0.9752257466316223,0.38281363248825073,0.1635446697473526,0.8047413229942322,0.9850260615348816,0.9866796731948853,0.3848928213119507,-0.054144371300935745,0.9341512322425842,0.9816663861274719,1.0337560176849365,0.36783382296562195,0.12824563682079315,0.8129067420959473,0.9815682768821716,1.049715280532837,0.37021809816360474,-0.1023232564330101,0.9438608884811401,0.9725185036659241
111,3774,True,0.641238808631897,0.22087010741233826,-0.03515440225601196,0.9984772801399231,0.9997969269752502,0.6313937306404114,0.2191050946712494,-0.022904928773641586,0.9979715347290039,0.9997448325157166,0.6299015283584595,0.21948662400245667,-0.02290789596736431,0.997208833694458,0.9997146725654602,0.6282955408096313,0.22018197178840637,-0.02293805032968521,0.997968316078186,0.9996644258499146,0.6297080516815186,0.21920645236968994,-0.0590648278594017,0.9984733462333679,0.9997937083244324,0.6279308795928955,0.21999268233776093,-0.05921091511845589,0.9985712170600891,0.999810516834259,0.6254900097846985,0.22094833850860596,-0.059195343405008316,0.9987601041793823,0.9998041987419128,0.618281364440918,0.22749614715576172,0.046813853085041046,0.997721791267395,0.9996711015701294,0.6129490733146667,0.2294694483280182,-0.12211867421865463,0.9988970756530762,0.999850869178772,0.64476478099823,0.22599098086357117,-0.005882261786609888,0.9973667860031128,0.998855471611023,0.6428910493850708,0.2261638194322586,-0.05534174665808678,0.9978837966918945,0.9993391633033752,0.6360747218132019,0.24905307590961456,0.1367206871509552,0.9925477504730225,0.9916411638259888,0.6242609620094299,0.2542586922645569,-0.18744824826717377,0.9991507530212402,0.9981476068496704,0.5909152626991272,0.2219463586807251,0.2288254350423813,0.175401508808136,0.9874364137649536,0.5648341774940491,0.2415810376405716,-0.24346311390399933,0.9780724048614502,0.993590235710144,0.5830203294754028,0.22477081418037415,0.3290991187095642,0.09869282692670822,0.9811825156211853,0.5719276666641235,0.23170128464698792,-0.0642896369099617,0.756184458732605,0.9919683337211609,0.5771214962005615,0.22360745072364807,0.3474480211734772,0.09311524033546448,0.9774096012115479,0.5683892965316772,0.23171675205230713,-0.06624351441860199,0.5972868204116821,0.9857844710350037,0.5907062292098999,0.22736652195453644,0.34462565183639526,0.09183750301599503,0.9740158319473267,0.5868935585021973,0.23636046051979065,-0.048617396503686905,0.5843403339385986,0.9846723675727844,0.592395544052124,0.22840817272663116,0.3245946764945984,0.10221482068300247,0.9767413139343262,0.5899946689605713,0.23660287261009216,-0.055246416479349136,0.5857366323471069,0.9890047907829285,0.8045429587364197,0.2997820973396301,0.10076941549777985,0.9974233508110046,0.9947695136070251,0.7997755408287048,0.3055923879146576,-0.10073096305131912,0.9987097382545471,0.9963173866271973,0.9112681746482849,0.3187893331050873,0.0877685621380806,0.6086493134498596,0.9824333190917969,0.9203452467918396,0.32771429419517517,-0.11971689015626907,0.9667798280715942,0.9847598671913147,0.975659191608429,0.3712703585624695,0.1614864468574524,0.7225913405418396,0.9772917032241821,0.9814547300338745,0.37574654817581177,-0.057642437517642975,0.959376335144043,0.9708579778671265,0.9707440137863159,0.38551992177963257,0.1656673550605774,0.7879970073699951,0.9689553380012512,0.9759505987167358,0.38920140266418457,-0.05182548984885216,0.9307031631469727,0.9657109975814819,1.0264300107955933,0.37288418412208557,0.13048438727855682,0.800123929977417,0.9650872945785522,1.0421546697616577,0.37577658891677856,-0.09971854090690613,0.9425963163375854,0.9511327147483826
112,3808,True,0.6400260925292969,0.22122426331043243,-0.032490603625774384,0.9985684752464294,0.9997159838676453,0.6302372217178345,0.2192220687866211,-0.01888534426689148,0.9980764985084534,0.9996166229248047,0.6291043162345886,0.21959197521209717,-0.018882589414715767,0.9973202347755432,0.9995711445808411,0.6275522708892822,0.22025933861732483,-0.018905293196439743,0.9980788826942444,0.999496579170227,0.629056990146637,0.21933002769947052,-0.05663454160094261,0.9985709190368652,0.9996894598007202,0.6262875199317932,0.22026756405830383,-0.056789107620716095,0.998655378818512,0.9997155070304871,0.6239616870880127,0.22121040523052216,-0.05678565055131912,0.99884432554245,0.9997039437294006,0.6162644624710083,0.22774071991443634,0.05197816342115402,0.9978842735290527,0.9994837045669556,0.6114855408668518,0.22960138320922852,-0.12046989798545837,0.9989771246910095,0.9997546076774597,0.642302393913269,0.22605566680431366,-0.0032189686316996813,0.997482419013977,0.9984096884727478,0.6406784653663635,0.22633621096611023,-0.054980989545583725,0.9980118870735168,0.9990856647491455,0.6355839967727661,0.24921360611915588,0.1390346884727478,0.9923008680343628,0.9892367720603943,0.6232163310050964,0.25476664304733276,-0.1851828396320343,0.9991248846054077,0.9973701238632202,0.5908397436141968,0.223934605717659,0.23477445542812347,0.17233873903751373,0.986024022102356,0.5636082887649536,0.2415051907300949,-0.2414093166589737,0.9790123701095581,0.9928146600723267,0.5824386477470398,0.2251565158367157,0.3305138349533081,0.09346171468496323,0.9839304089546204,0.5707734823226929,0.2302151620388031,-0.0515386164188385,0.7488815784454346,0.9929982423782349,0.5769068598747253,0.22399577498435974,0.3488426208496094,0.08739487826824188,0.9816816449165344,0.5640529990196228,0.2307225465774536,-0.05193038657307625,0.5851851105690002,0.9879447221755981,0.5901979207992554,0.22770853340625763,0.34585389494895935,0.08626314252614975,0.9788258671760559,0.5828105211257935,0.2360285520553589,-0.03493258357048035,0.5722634792327881,0.9868634939193726,0.5919053554534912,0.22876210510730743,0.32583144307136536,0.09648733586072922,0.9809713959693909,0.5870689749717712,0.23642337322235107,-0.042475007474422455,0.5737981796264648,0.9907149076461792,0.803072452545166,0.3011220097541809,0.10102269798517227,0.9971391558647156,0.9955735206604004,0.7970348000526428,0.3066335618495941,-0.10098416358232498,0.9985648989677429,0.9967007040977478,0.9054126143455505,0.3221842646598816,0.08850003033876419,0.5988602638244629,0.9875956773757935,0.9152970314025879,0.330148309469223,-0.11831539124250412,0.9665778875350952,0.9887242913246155,0.9752432703971863,0.37322571873664856,0.16101518273353577,0.7124426364898682,0.9861702919006348,0.9810267090797424,0.37788572907447815,-0.05645272880792618,0.9581800699234009,0.9792439341545105,0.9726177453994751,0.3871501088142395,0.1649937778711319,0.777571439743042,0.9811104536056519,0.992378294467926,0.3895804286003113,-0.05096292123198509,0.9270020723342896,0.9753338098526001,1.0260612964630127,0.3723527789115906,0.1265285313129425,0.7944622039794922,0.9780060052871704,1.0459535121917725,0.37546008825302124,-0.10254178941249847,0.9416131377220154,0.9655939340591431
113,3842,True,0.6395118832588196,0.22152113914489746,-0.0314144603908062,0.9986310601234436,0.9995377063751221,0.628204882144928,0.21936854720115662,-0.018282026052474976,0.9981416463851929,0.9993970394134521,0.6267892122268677,0.219741553068161,-0.018284102901816368,0.9973822832107544,0.9993415474891663,0.6247164011001587,0.22031910717487335,-0.0183100588619709,0.9981534481048584,0.9992419481277466,0.6279560327529907,0.21948039531707764,-0.055889617651700974,0.9986338019371033,0.9994922876358032,0.6250747442245483,0.22073614597320557,-0.05604555830359459,0.9987057447433472,0.9995321035385132,0.6227898597717285,0.22158360481262207,-0.05604087933897972,0.9988996386528015,0.999514102935791,0.6128485202789307,0.22776809334754944,0.04850222170352936,0.9980153441429138,0.9992707371711731,0.6099539995193481,0.22968563437461853,-0.12424198538064957,0.9990350604057312,0.9996001124382019,0.6414490342140198,0.2265324592590332,-0.002558341482654214,0.9975817203521729,0.9980204105377197,0.6392405033111572,0.22687062621116638,-0.05361708998680115,0.9981183409690857,0.9987982511520386,0.6345857977867126,0.252663254737854,0.13644737005233765,0.9920470118522644,0.9895387291908264,0.6220940351486206,0.25488346815109253,-0.18820154666900635,0.9990947842597961,0.9970974922180176,0.5958355069160461,0.23203572630882263,0.23503132164478302,0.16657082736492157,0.9840079545974731,0.5633702278137207,0.24175289273262024,-0.2401202768087387,0.9798044562339783,0.992232084274292,0.5879858732223511,0.2283443659543991,0.3300256133079529,0.08817031234502792,0.9829850792884827,0.5691705942153931,0.230211541056633,-0.04495491459965706,0.7420154213905334,0.9930900931358337,0.5823606848716736,0.22615881264209747,0.34886839985847473,0.0820300504565239,0.9814609885215759,0.5619379878044128,0.23049648106098175,-0.04356995224952698,0.574664294719696,0.9882864356040955,0.5950225591659546,0.22876060009002686,0.34553661942481995,0.08101688325405121,0.978318452835083,0.5801252722740173,0.23557929694652557,-0.025621917098760605,0.561454176902771,0.987253725528717,0.5967302322387695,0.23037013411521912,0.32539331912994385,0.0909467339515686,0.9803361296653748,0.5844773650169373,0.2360209971666336,-0.035228513181209564,0.5630994439125061,0.9911165237426758,0.800654411315918,0.30414265394210815,0.1005282923579216,0.9968203902244568,0.9959795475006104,0.7951744794845581,0.30862957239151,-0.1004895344376564,0.9983986020088196,0.9966856837272644,0.9031162858009338,0.32861655950546265,0.09353914111852646,0.5885297060012817,0.9844175577163696,0.9120730757713318,0.33376312255859375,-0.11088284105062485,0.9659929275512695,0.9833161234855652,0.9712198972702026,0.37642189860343933,0.16233037412166595,0.70168137550354,0.9747264385223389,0.9785943031311035,0.37831783294677734,-0.04154696688055992,0.955318808555603,0.9600669741630554,0.9692844152450562,0.38855329155921936,0.16606850922107697,0.7687045931816101,0.9641916155815125,0.9785953164100647,0.3929409384727478,-0.035384662449359894,0.9229828119277954,0.9542196393013,1.0248396396636963,0.3756787180900574,0.1273791491985321,0.7865622043609619,0.9607649445533752,1.042046070098877,0.3788277506828308,-0.08432608842849731,0.9378172755241394,0.9406511783599854
114,3876,True,0.6379590630531311,0.2255808562040329,-0.031063467264175415,0.9987518787384033,0.9999294281005859,0.6266359090805054,0.22376354038715363,-0.01866786926984787,0.9983019232749939,0.9998987913131714,0.6253406405448914,0.22403645515441895,-0.018682021647691727,0.9976006746292114,0.9998891353607178,0.623424232006073,0.2244124412536621,-0.018716536462306976,0.9983134269714355,0.999873161315918,0.626238226890564,0.22408294677734375,-0.05706235021352768,0.998754620552063,0.9999098777770996,0.6235518455505371,0.22495946288108826,-0.05722632259130478,0.9988170266151428,0.9999138116836548,0.6224033832550049,0.22548851370811462,-0.057207442820072174,0.9989961385726929,0.9999076128005981,0.6122644543647766,0.23104509711265564,0.04602329060435295,0.998198390007019,0.9998815059661865,0.6093745827674866,0.23288793861865997,-0.1312578022480011,0.9991210699081421,0.9999185800552368,0.6408283710479736,0.2300552874803543,-0.002783879404887557,0.9977917671203613,0.9996272325515747,0.638481080532074,0.2306062877178192,-0.054366301745176315,0.9982860684394836,0.999754011631012,0.6343787908554077,0.2546817362308502,0.13391533493995667,0.9924931526184082,0.9975751042366028,0.6219901442527771,0.2574698328971863,-0.19424262642860413,0.9991312623023987,0.9991094470024109,0.6002918481826782,0.2355841100215912,0.23577240109443665,0.16145174205303192,0.9944143295288086,0.5627943873405457,0.24164052307605743,-0.24451445043087006,0.9806992411613464,0.9965639710426331,0.589507520198822,0.22977392375469208,0.3201855719089508,0.08500010520219803,0.9931984543800354,0.5682952404022217,0.23006275296211243,-0.046676136553287506,0.7401856780052185,0.9968178272247314,0.583766758441925,0.22750823199748993,0.34015676379203796,0.07895920425653458,0.992183268070221,0.5607089400291443,0.2296191155910492,-0.04453952610492706,0.5709187388420105,0.9945563077926636,0.5944748520851135,0.22977538406848907,0.33490189909935,0.07797922194004059,0.9908774495124817,0.5786024928092957,0.23460587859153748,-0.026789117604494095,0.5569398403167725,0.9940505623817444,0.5961552262306213,0.2316519320011139,0.3157643973827362,0.08780141919851303,0.9918724894523621,0.5831267237663269,0.2352505922317505,-0.03619290888309479,0.5584701299667358,0.9959267973899841,0.7994743585586548,0.3090856671333313,0.10052534937858582,0.9969527125358582,0.9991455078125,0.7946256995201111,0.31589382886886597,-0.10049068927764893,0.9984499216079712,0.999110758304596,0.8953745365142822,0.33422720432281494,0.11781514436006546,0.5918214321136475,0.9960038065910339,0.9021742939949036,0.3413877487182617,-0.1009935513138771,0.9674503803253174,0.994772732257843,0.9623709917068481,0.3849526345729828,0.18786580860614777,0.7074985504150391,0.9926629066467285,0.9676846861839294,0.39152663946151733,-0.018033670261502266,0.9562439918518066,0.9848869442939758,0.9606439471244812,0.39755064249038696,0.1920129954814911,0.7740813493728638,0.9892906546592712,0.9653844237327576,0.4054430425167084,-0.010129858739674091,0.9249151945114136,0.9830054640769958,1.0078248977661133,0.38327866792678833,0.15956322848796844,0.7912006378173828,0.9845573902130127,1.026415228843689,0.38791948556900024,-0.053779806941747665,0.9386991262435913,0.9729340076446533
115,3910,True,0.636871874332428,0.23027053475379944,-0.0119889872148633,0.9988620281219482,0.9999445676803589,0.6260566115379333,0.2277817279100418,-0.001586592523381114,0.9984455704689026,0.9999111890792847,0.6249186992645264,0.2279418706893921,-0.0016189004527404904,0.9978047013282776,0.9999047517776489,0.6231411695480347,0.22828903794288635,-0.001660505891777575,0.9984603524208069,0.999891996383667,0.6254095435142517,0.2282448559999466,-0.04081732779741287,0.9988583922386169,0.9999175071716309,0.6225841641426086,0.22826699912548065,-0.04100155085325241,0.9989156126976013,0.9999209642410278,0.6209286451339722,0.2287990152835846,-0.04093875735998154,0.9990789294242859,0.9999160766601562,0.6117464900016785,0.23315441608428955,0.05422523245215416,0.9983667135238647,0.9999004602432251,0.6083040237426758,0.23526020348072052,-0.12741579115390778,0.9991978406906128,0.9999271631240845,0.6395567059516907,0.23469285666942596,0.012465797364711761,0.9979872703552246,0.9997667670249939,0.637449324131012,0.23507173359394073,-0.0396537184715271,0.9984367489814758,0.9998319149017334,0.6342225670814514,0.25841963291168213,0.1459299772977829,0.9930009841918945,0.9983943104743958,0.6148467659950256,0.2607555389404297,-0.19322244822978973,0.9991821646690369,0.9994951486587524,0.6410351991653442,0.25076285004615784,0.2578898072242737,0.1543778032064438,0.992283284664154,0.5591535568237305,0.24154964089393616,-0.23979413509368896,0.9817250370979309,0.997495174407959,0.6403197050094604,0.24883043766021729,0.3281949460506439,0.08076872676610947,0.9964962601661682,0.554419219493866,0.22619791328907013,-0.02318352833390236,0.7400989532470703,0.9985387325286865,0.6371377110481262,0.24799767136573792,0.3564257323741913,0.07516494393348694,0.9967668056488037,0.5435911417007446,0.2223154604434967,-0.016408532857894897,0.5695374011993408,0.9975841045379639,0.6450464725494385,0.24929210543632507,0.3491712510585785,0.0742264986038208,0.9960901141166687,0.5626763105392456,0.22842974960803986,0.0063516972586512566,0.5544582009315491,0.9971753358840942,0.644055962562561,0.25107303261756897,0.3247791826725006,0.08355236798524857,0.9964309930801392,0.5646666884422302,0.2296651154756546,-0.010609399527311325,0.5551137924194336,0.9981959462165833,0.7972783446311951,0.31457141041755676,0.10130134969949722,0.9971069097518921,0.999279797077179,0.7872580885887146,0.3243371248245239,-0.10131115466356277,0.998526930809021,0.9992770552635193,0.8862898349761963,0.3435297906398773,0.12440910190343857,0.6050930619239807,0.9959885478019714,0.8932555317878723,0.3547370731830597,-0.1033344492316246,0.9699018597602844,0.996397078037262,0.9498170614242554,0.4002794623374939,0.18729832768440247,0.7209632992744446,0.9922170639038086,0.9542053937911987,0.4080851972103119,-0.043233472853899,0.9587939381599426,0.9840590953826904,0.9420782327651978,0.41428861021995544,0.19085924327373505,0.7861627340316772,0.9886636137962341,0.9465492963790894,0.4226453900337219,-0.03734828531742096,0.9295132756233215,0.9797914624214172,0.9967542290687561,0.3979385197162628,0.1600589156150818,0.800190806388855,0.983371913433075,1.0079628229141235,0.4059433341026306,-0.08427906781435013,0.9413900971412659,0.9657666683197021
116,3944,True,0.6364763975143433,0.23632696270942688,-0.008623193018138409,0.9989598989486694,0.999942421913147,0.6254066228866577,0.23397712409496307,0.0027814460918307304,0.9985730648040771,0.9999163150787354,0.6242848038673401,0.23407545685768127,0.0027744502294808626,0.9979808330535889,0.9999082088470459,0.6225464940071106,0.23416665196418762,0.0027556174900382757,0.9985910654067993,0.9998944997787476,0.624670147895813,0.2342437207698822,-0.03758697584271431,0.9989569783210754,0.9999270439147949,0.621993899345398,0.23441044986248016,-0.037748709321022034,0.9990074038505554,0.9999312162399292,0.6201252937316895,0.23465101420879364,-0.03769390285015106,0.9991583228111267,0.999925971031189,0.6115082502365112,0.23824957013130188,0.06321157515048981,0.9985107779502869,0.9998944997787476,0.6081058979034424,0.238639235496521,-0.12678052484989166,0.9992655515670776,0.9999371767044067,0.6384829878807068,0.2402750551700592,0.01749163679778576,0.9981395602226257,0.9996604919433594,0.6367930769920349,0.24041227996349335,-0.036380842328071594,0.9985601305961609,0.9997808337211609,0.6217726469039917,0.26912182569503784,0.15891417860984802,0.9933452010154724,0.9978311657905579,0.6128678321838379,0.26289206743240356,-0.1944558024406433,0.9992235898971558,0.9994215965270996,0.6195415258407593,0.2549781799316406,0.2904306948184967,0.14928773045539856,0.9965423941612244,0.561162531375885,0.2380933314561844,-0.23934701085090637,0.9825438857078552,0.9984744191169739,0.6374437808990479,0.2451050728559494,0.38482436537742615,0.07801047712564468,0.9937923550605774,0.5540157556533813,0.22308555245399475,-0.029939869418740273,0.7432255744934082,0.9981716871261597,0.6293019652366638,0.2428550273180008,0.40991804003715515,0.07256284356117249,0.992336094379425,0.5440472364425659,0.22011736035346985,-0.017455698922276497,0.5726502537727356,0.996656060218811,0.6346074938774109,0.2450142800807953,0.3917582333087921,0.07177529484033585,0.9909095168113708,0.5571813583374023,0.22313649952411652,0.005669121164828539,0.557590901851654,0.9962072372436523,0.6363751888275146,0.2466079741716385,0.37556731700897217,0.08128198981285095,0.9921872615814209,0.5614676475524902,0.22617480158805847,-0.01793023943901062,0.5578985810279846,0.997452437877655,0.7734206318855286,0.3284372389316559,0.10770915448665619,0.997177243232727,0.9988125562667847,0.7716506719589233,0.3307074308395386,-0.10766170173883438,0.9985730051994324,0.9990000128746033,0.8581948280334473,0.36023715138435364,0.12809017300605774,0.5939244031906128,0.9973729848861694,0.8784145712852478,0.3624468445777893,-0.10380827635526657,0.9699405431747437,0.99781334400177,0.9154899716377258,0.4178284704685211,0.19345398247241974,0.7173534035682678,0.996189534664154,0.9310271143913269,0.4206444323062897,-0.04322592541575432,0.9596439003944397,0.99503493309021,0.9151930809020996,0.4295951724052429,0.19677039980888367,0.7825270891189575,0.9947754144668579,0.9267498254776001,0.43482184410095215,-0.0373663492500782,0.9298346042633057,0.9939720034599304,0.9702383875846863,0.4176943898200989,0.16273434460163116,0.8004788160324097,0.9935492873191833,0.9867539405822754,0.4210332930088043,-0.08522073179483414,0.9430898427963257,0.9911803603172302
117,3978,True,0.625860869884491,0.23965807259082794,-0.00556474644690752,0.9990336298942566,0.9998782873153687,0.6143806576728821,0.23684194684028625,0.004000288434326649,0.9986689686775208,0.9998053908348083,0.6134005784988403,0.23698754608631134,0.003991473000496626,0.998100221157074,0.9997803568840027,0.6108121871948242,0.23752889037132263,0.003978152759373188,0.9986856579780579,0.9997417330741882,0.6145414710044861,0.23692157864570618,-0.03594689071178436,0.9990353584289551,0.9998394250869751,0.6133495569229126,0.23708291351795197,-0.03611208498477936,0.9990755915641785,0.9998506307601929,0.612272322177887,0.2371072769165039,-0.036084555089473724,0.9992216229438782,0.9998403787612915,0.6016209721565247,0.2415262758731842,0.06261929124593735,0.998619556427002,0.9997221827507019,0.6017481684684753,0.24161286652088165,-0.12571941316127777,0.9993187785148621,0.9998468160629272,0.6281414031982422,0.24530549347400665,0.0204720851033926,0.9982520937919617,0.9992347955703735,0.6284344792366028,0.24443760514259338,-0.03286435082554817,0.9986565709114075,0.9995400905609131,0.608685314655304,0.2733493447303772,0.15661166608333588,0.9934161901473999,0.9948983788490295,0.6088013648986816,0.26309734582901,-0.193113774061203,0.9992105960845947,0.9981493949890137,0.5728495717048645,0.2519547641277313,0.2992667853832245,0.14709851145744324,0.9959151148796082,0.5612981915473938,0.23028811812400818,-0.22646035254001617,0.9829334616661072,0.9970205426216125,0.5636067986488342,0.24412167072296143,0.408587783575058,0.07706154137849808,0.992314875125885,0.5533350706100464,0.22098632156848907,-0.025149641558527946,0.7420228123664856,0.9972208738327026,0.5622514486312866,0.24181599915027618,0.4302409589290619,0.0716051310300827,0.9893758296966553,0.5445502400398254,0.21706673502922058,-0.024490438401699066,0.5716503262519836,0.9948413968086243,0.568171501159668,0.23939314484596252,0.4130009412765503,0.07094476372003555,0.9876528978347778,0.5525383949279785,0.22009027004241943,-0.005268934182822704,0.5566015839576721,0.9943282008171082,0.5696772336959839,0.24261824786663055,0.3995875418186188,0.08122305572032928,0.9896625280380249,0.5573804974555969,0.22403576970100403,-0.015985023230314255,0.5573330521583557,0.9962174296379089,0.7561637759208679,0.3389851152896881,0.1071050837635994,0.9972092509269714,0.9982518553733826,0.7577028274536133,0.3405739367008209,-0.10707154870033264,0.9985876083374023,0.9985608458518982,0.8411688804626465,0.3780963122844696,0.1322222501039505,0.5881497859954834,0.9961767196655273,0.8571773171424866,0.38015860319137573,-0.08683141320943832,0.9685116410255432,0.9962527751922607,0.8999848365783691,0.4330035150051117,0.20306432247161865,0.7149651050567627,0.9932246804237366,0.9119888544082642,0.43716534972190857,-0.019754432141780853,0.9586341977119446,0.9887821078300476,0.8986729383468628,0.44483470916748047,0.20752133429050446,0.7789293527603149,0.9900529980659485,0.9130395650863647,0.45309576392173767,-0.014952229335904121,0.9257698059082031,0.9855847954750061,0.9435006976127625,0.43106722831726074,0.17003098130226135,0.800000011920929,0.9873297214508057,0.9679335951805115,0.43677225708961487,-0.07744433730840683,0.9418742656707764,0.9807538986206055
118,4012,True,0.6249991059303284,0.24419927597045898,0.010161236859858036,0.999116063117981,0.9999450445175171,0.6141626834869385,0.2410167008638382,0.02071932889521122,0.9987809658050537,0.999915599822998,0.613225519657135,0.2411455661058426,0.020732320845127106,0.9982542991638184,0.9999063014984131,0.6110808849334717,0.24123413860797882,0.020735332742333412,0.9987977743148804,0.9998917579650879,0.6141484379768372,0.24120311439037323,-0.0207215528935194,0.999120831489563,0.9999254941940308,0.6130146384239197,0.24143914878368378,-0.02086552046239376,0.9991546869277954,0.9999282360076904,0.6119439601898193,0.24146978557109833,-0.020821070298552513,0.9992900490760803,0.9999213218688965,0.6013196706771851,0.24610264599323273,0.07913364470005035,0.9987385272979736,0.9998818635940552,0.6017333269119263,0.24572107195854187,-0.11322350054979324,0.9993754625320435,0.9999195337295532,0.6264459490776062,0.25063031911849976,0.036253925412893295,0.9983780384063721,0.9996169805526733,0.6272136569023132,0.24992749094963074,-0.019085686653852463,0.9987558722496033,0.9997374415397644,0.6030720472335815,0.2766081690788269,0.17038385570049286,0.9936816692352295,0.9972865581512451,0.6075679063796997,0.26750966906547546,-0.19214463233947754,0.9992322325706482,0.9989616870880127,0.5737814903259277,0.25534647703170776,0.30980876088142395,0.14834775030612946,0.9977188110351562,0.570938766002655,0.2301577776670456,-0.2191377580165863,0.9835989475250244,0.998274564743042,0.5611187815666199,0.23696832358837128,0.39023739099502563,0.08251150697469711,0.9951406717300415,0.5535838603973389,0.21732059121131897,-0.028886394575238228,0.7521688342094421,0.9973894953727722,0.5555399656295776,0.22908683121204376,0.4103895425796509,0.07712703943252563,0.993055522441864,0.5450366735458374,0.2133624106645584,-0.028204653412103653,0.5868706703186035,0.9952928423881531,0.5584216117858887,0.23009760677814484,0.39408355951309204,0.07660218328237534,0.991982638835907,0.5506954193115234,0.21664349734783173,-0.009875651448965073,0.5721529722213745,0.9948527216911316,0.5647770166397095,0.23236659169197083,0.38070499897003174,0.08828774839639664,0.9933454990386963,0.5531705617904663,0.2188456803560257,-0.019668947905302048,0.5720099806785583,0.9964603781700134,0.7384054660797119,0.3469405174255371,0.11299736052751541,0.9972391724586487,0.998242974281311,0.7428950667381287,0.3472776412963867,-0.1129106730222702,0.9986147880554199,0.9984728693962097,0.8182722926139832,0.3840852379798889,0.1318202018737793,0.5778319239616394,0.9973216652870178,0.8358317613601685,0.3888280689716339,-0.09801442921161652,0.9686155915260315,0.9976333379745483,0.8711153864860535,0.4432331621646881,0.20072636008262634,0.7112066745758057,0.9962418079376221,0.8845576047897339,0.4533024728298187,-0.05033371224999428,0.9597766399383545,0.9940902590751648,0.8704373836517334,0.4582168459892273,0.20481467247009277,0.776879072189331,0.9947829842567444,0.8812240362167358,0.4685477614402771,-0.04781224951148033,0.9258880615234375,0.9923075437545776,0.9115596413612366,0.4444645047187805,0.17003318667411804,0.7998180985450745,0.9936321377754211,0.946905791759491,0.4555273950099945,-0.11253605037927628,0.9435470700263977,0.9897170066833496
