frame,timestamp_ms,pose_detected,lm_0_x,lm_0_y,lm_0_z,lm_0_visibility,lm_0_presence,lm_1_x,lm_1_y,lm_1_z,lm_1_visibility,lm_1_presence,lm_2_x,lm_2_y,lm_2_z,lm_2_visibility,lm_2_presence,lm_3_x,lm_3_y,lm_3_z,lm_3_visibility,lm_3_presence,lm_4_x,lm_4_y,lm_4_z,lm_4_visibility,lm_4_presence,lm_5_x,lm_5_y,lm_5_z,lm_5_visibility,lm_5_presence,lm_6_x,lm_6_y,lm_6_z,lm_6_visibility,lm_6_presence,lm_7_x,lm_7_y,lm_7_z,lm_7_visibility,lm_7_presence,lm_8_x,lm_8_y,lm_8_z,lm_8_visibility,lm_8_presence,lm_9_x,lm_9_y,lm_9_z,lm_9_visibility,lm_9_presence,lm_10_x,lm_10_y,lm_10_z,lm_10_visibility,lm_10_presence,lm_11_x,lm_11_y,lm_11_z,lm_11_visibility,lm_11_presence,lm_12_x,lm_12_y,lm_12_z,lm_12_visibility,lm_12_presence,lm_13_x,lm_13_y,lm_13_z,lm_13_visibility,lm_13_presence,lm_14_x,lm_14_y,lm_14_z,lm_14_visibility,lm_14_presence,lm_15_x,lm_15_y,lm_15_z,lm_15_visibility,lm_15_presence,lm_16_x,lm_16_y,lm_16_z,lm_16_visibility,lm_16_presence,lm_17_x,lm_17_y,lm_17_z,lm_17_visibility,lm_17_presence,lm_18_x,lm_18_y,lm_18_z,lm_18_visibility,lm_18_presence,lm_19_x,lm_19_y,lm_19_z,lm_19_visibility,lm_19_presence,lm_20_x,lm_20_y,lm_20_z,lm_20_visibility,lm_20_presence,lm_21_x,lm_21_y,lm_21_z,lm_21_visibility,lm_21_presence,lm_22_x,lm_22_y,lm_22_z,lm_22_visibility,lm_22_presence,lm_23_x,lm_23_y,lm_23_z,lm_23_visibility,lm_23_presence,lm_24_x,lm_24_y,lm_24_z,lm_24_visibility,lm_24_presence,lm_25_x,lm_25_y,lm_25_z,lm_25_visibility,lm_25_presence,lm_26_x,lm_26_y,lm_26_z,lm_26_visibility,lm_26_presence,lm_27_x,lm_27_y,lm_27_z,lm_27_visibility,lm_27_presence,lm_28_x,lm_28_y,lm_28_z,lm_28_visibility,lm_28_presence,lm_29_x,lm_29_y,lm_29_z,lm_29_visibility,lm_29_presence,lm_30_x,lm_30_y,lm_30_z,lm_30_visibility,lm_30_presence,lm_31_x,lm_31_y,lm_31_z,lm_31_visibility,lm_31_presence,lm_32_x,lm_32_y,lm_32_z,lm_32_visibility,lm_32_presence
0,0,True,0.6449419856071472,0.46465182304382324,-0.15384714305400848,0.9978436231613159,0.9985729455947876,0.6573331952095032,0.46113482117652893,-0.1386481076478958,0.9977732300758362,0.9983950257301331,0.6561198830604553,0.46017783880233765,-0.13872455060482025,0.9974512457847595,0.9983673691749573,0.6566438674926758,0.4592939019203186,-0.13880817592144012,0.9980652928352356,0.9982457160949707,0.6571518778800964,0.46050605177879333,-0.1763010174036026,0.9980952143669128,0.9986069798469543,0.6557292342185974,0.4590495228767395,-0.1763724535703659,0.9978988170623779,0.9986056685447693,0.6560283899307251,0.45770183205604553,-0.17642071843147278,0.9982486963272095,0.998506486415863,0.6550732254981995,0.44788694381713867,-0.053327951580286026,0.997515082359314,0.9980207681655884,0.6534211039543152,0.445807546377182,-0.22247110307216644,0.9977261424064636,0.9981794357299805,0.6335963010787964,0.4616871774196625,-0.1176680251955986,0.998134195804596,0.998829185962677,0.6340728998184204,0.460904598236084,-0.16715626418590546,0.9983707070350647,0.9989827275276184,0.598318874835968,0.43652018904685974,0.07628524303436279,0.9979780316352844,0.9984264373779297,0.5969703793525696,0.43718481063842773,-0.29826897382736206,0.9987354874610901,0.9986488223075867,0.5717006325721741,0.4859209656715393,0.10906185209751129,0.2605053186416626,0.9995349645614624,0.5702395439147949,0.4874722957611084,-0.37098953127861023,0.9793744087219238,0.9994290471076965,0.5633112788200378,0.5228267312049866,0.029768941923975945,0.2964179515838623,0.9961540102958679,0.5764440894126892,0.5366106033325195,-0.33922624588012695,0.9697414636611938,0.9965080618858337,0.570742666721344,0.5284053683280945,0.028485029935836792,0.2838245928287506,0.9939223527908325,0.5841039419174194,0.5482615232467651,-0.38840532302856445,0.9490088224411011,0.9932228326797485,0.5726627111434937,0.5307192802429199,-0.01045714970678091,0.28992214798927307,0.9933598637580872,0.5933501124382019,0.54620361328125,-0.3624741733074188,0.9461484551429749,0.9941089153289795,0.5733111500740051,0.5300899147987366,0.009552729316055775,0.30725768208503723,0.9941701889038086,0.5883798003196716,0.5416780710220337,-0.3315993547439575,0.9223746061325073,0.9948940277099609,0.469373494386673,0.41337403655052185,0.11623504757881165,0.9983102083206177,0.9981069564819336,0.46417999267578125,0.4079155921936035,-0.11579874157905579,0.9985439777374268,0.998008668422699,0.4361315071582794,0.4709360599517822,0.13035452365875244,0.1922086775302887,0.9974237680435181,0.42820408940315247,0.4680139422416687,-0.11604145169258118,0.867789089679718,0.9984320998191833,0.3643319010734558,0.5163755416870117,0.19936537742614746,0.27303624153137207,0.9938263297080994,0.3457213044166565,0.5107922554016113,-0.048318035900592804,0.8118622899055481,0.9948922395706177,0.3491082489490509,0.5183356404304504,0.2047054022550583,0.3729914426803589,0.991605281829834,0.32878315448760986,0.5129709839820862,-0.04321254789829254,0.7831450700759888,0.9923606514930725,0.37668392062187195,0.5394163131713867,0.14801007509231567,0.38119927048683167,0.9921619296073914,0.36331677436828613,0.5380847454071045,-0.10738487541675568,0.7881914377212524,0.9913555979728699
1,34,True,0.6445477604866028,0.4649323523044586,-0.19438393414020538,0.9979917407035828,0.9997900128364563,0.6560070514678955,0.46110033988952637,-0.1818026602268219,0.9978957176208496,0.9997058510780334,0.6555969715118408,0.4601772725582123,-0.18187126517295837,0.9975928068161011,0.9996929168701172,0.6560198068618774,0.4592958092689514,-0.18193058669567108,0.9981710314750671,0.9996638298034668,0.6548764109611511,0.46058350801467896,-0.22200073301792145,0.9982048273086548,0.9997507929801941,0.6548337340354919,0.459063857793808,-0.22210152447223663,0.998019814491272,0.9997519850730896,0.6549737453460693,0.4577590525150299,-0.22215668857097626,0.9983487725257874,0.9997376799583435,0.6533992886543274,0.4481862485408783,-0.09934761375188828,0.9976120591163635,0.9996587038040161,0.6504482626914978,0.44721660017967224,-0.27948135137557983,0.9978272914886475,0.9997484087944031,0.6331406235694885,0.4617052674293518,-0.15787313878536224,0.9982519745826721,0.9998884201049805,0.6331475377082825,0.461172878742218,-0.21059323847293854,0.9984867572784424,0.9999099969863892,0.601283073425293,0.43652015924453735,0.043401286005973816,0.998141884803772,0.9998334646224976,0.5961443781852722,0.4381868243217468,-0.3493386507034302,0.9988418221473694,0.9998747110366821,0.5730770826339722,0.48635634779930115,0.07230421900749207,0.2669837772846222,0.999907374382019,0.5667130351066589,0.4952528476715088,-0.42533382773399353,0.9801029562950134,0.9998862743377686,0.5666884779930115,0.525912344455719,-0.03566136583685875,0.31748637557029724,0.999386191368103,0.5765687823295593,0.5372045636177063,-0.43047434091567993,0.9715501666069031,0.9989469647407532,0.5723268985748291,0.534034788608551,-0.04145874083042145,0.3071698248386383,0.9990090131759644,0.5878914594650269,0.5468824505805969,-0.4941425025463104,0.9519864916801453,0.9977821707725525,0.5799927711486816,0.5344560742378235,-0.08959000557661057,0.3136163651943207,0.9989540576934814,0.5937139391899109,0.5445612668991089,-0.4697350859642029,0.949268102645874,0.9981854557991028,0.573399007320404,0.5329420566558838,-0.06020207330584526,0.32861724495887756,0.999118983745575,0.5899080634117126,0.5416814684867859,-0.4257557690143585,0.9262569546699524,0.9985259175300598,0.46785658597946167,0.41337427496910095,0.12561877071857452,0.9983989596366882,0.9993487000465393,0.461944580078125,0.4087398946285248,-0.12509450316429138,0.9986494779586792,0.9994538426399231,0.4404260814189911,0.4697120785713196,0.20140361785888672,0.1886933594942093,0.9996463060379028,0.44204893708229065,0.47106558084487915,-0.15396331250667572,0.8731932640075684,0.999798595905304,0.3639233410358429,0.510906994342804,0.34416282176971436,0.278146356344223,0.9991195797920227,0.34462541341781616,0.5108283758163452,-0.04948613420128822,0.8228681087493896,0.9995442032814026,0.3503575623035431,0.5063201189041138,0.357247918844223,0.38109856843948364,0.9988784193992615,0.32586073875427246,0.5128677487373352,-0.0432090200483799,0.7935286164283752,0.9992583394050598,0.37734726071357727,0.5374782681465149,0.30802732706069946,0.39258670806884766,0.998967170715332,0.3578319549560547,0.5381202697753906,-0.1082567423582077,0.8005976676940918,0.9990358352661133
2,68,True,0.6417665481567383,0.46493154764175415,-0.2374105304479599,0.9981655478477478,0.9999066591262817,0.6527584791183472,0.4611530303955078,-0.22414855659008026,0.9980644583702087,0.9998549222946167,0.6538479924201965,0.46015310287475586,-0.2242308259010315,0.9977861046791077,0.9998493194580078,0.6541956067085266,0.4592939019203186,-0.22429519891738892,0.9983187317848206,0.9998345375061035,0.6518266797065735,0.46060043573379517,-0.2639787793159485,0.9983500838279724,0.9998737573623657,0.6520508527755737,0.45920100808143616,-0.26407188177108765,0.9981794357299805,0.9998723268508911,0.6514427661895752,0.4577292799949646,-0.26410388946533203,0.998482346534729,0.9998606443405151,0.6506392359733582,0.4487650990486145,-0.13539785146713257,0.9977908730506897,0.9998182654380798,0.6472330093383789,0.4474947452545166,-0.31337085366249084,0.9979893565177917,0.9998492002487183,0.631973922252655,0.4617827534675598,-0.1985764354467392,0.9983969330787659,0.9999396800994873,0.6318978667259216,0.4611777365207672,-0.2506870627403259,0.9986160397529602,0.9999480247497559,0.6023899912834167,0.436295747756958,0.017455222085118294,0.9983047246932983,0.9999039173126221,0.5951608419418335,0.4387756884098053,-0.3793599307537079,0.9989439249038696,0.9998928308486938,0.5742099285125732,0.4861376881599426,0.04857372120022774,0.292018324136734,0.9999439716339111,0.5687136650085449,0.4932836592197418,-0.4589536786079407,0.9813770055770874,0.999908447265625,0.566538393497467,0.5271142721176147,-0.06870108842849731,0.35375547409057617,0.9996672868728638,0.5759351849555969,0.5375458598136902,-0.4648514688014984,0.9736684560775757,0.999404788017273,0.5737517476081848,0.5345281362533569,-0.07685372978448868,0.3430350124835968,0.9994194507598877,0.5933431386947632,0.5448013544082642,-0.5272197127342224,0.9553923010826111,0.998731791973114,0.579470694065094,0.5356133580207825,-0.12347090244293213,0.3495495021343231,0.9993979930877686,0.6006790399551392,0.5426026582717896,-0.5049001574516296,0.9528460502624512,0.9989404082298279,0.5756824016571045,0.5332036018371582,-0.09285587817430496,0.3620622158050537,0.9995208978652954,0.5936422348022461,0.5411783456802368,-0.46030136942863464,0.9309991598129272,0.9991649389266968,0.46893754601478577,0.41312894225120544,0.13024766743183136,0.9985052347183228,0.9996108412742615,0.4605008065700531,0.4090942442417145,-0.12969030439853668,0.998754620552063,0.9995793700218201,0.4401852488517761,0.4691925048828125,0.18583880364894867,0.19737699627876282,0.9996882677078247,0.43598899245262146,0.4743098318576813,-0.17487041652202606,0.8829672932624817,0.9998434782028198,0.3618747293949127,0.5063198804855347,0.3194204866886139,0.2978311777114868,0.9991815686225891,0.32786378264427185,0.5110702514648438,-0.07385963946580887,0.8373942375183105,0.9994713664054871,0.3529771864414215,0.4998195171356201,0.33137062191963196,0.4006711542606354,0.9989151954650879,0.3077174425125122,0.5121079683303833,-0.06561034917831421,0.8079355955123901,0.9990432858467102,0.36352401971817017,0.5334600806236267,0.2810673415660858,0.4153349995613098,0.9987632036209106,0.3363948166370392,0.5391875505447388,-0.13685011863708496,0.8161694407463074,0.998576283454895
3,102,True,0.6405393481254578,0.4650539457798004,-0.25868991017341614,0.9983358383178711,0.9999526739120483,0.6510133743286133,0.4613237977027893,-0.24709928035736084,0.998235821723938,0.9999167919158936,0.6519148349761963,0.46049466729164124,-0.24719685316085815,0.9979820251464844,0.9999135732650757,0.6531551480293274,0.45929041504859924,-0.24726873636245728,0.9984682202339172,0.9999052286148071,0.6483326554298401,0.4606553912162781,-0.28682801127433777,0.998496413230896,0.9999270439147949,0.6485381722450256,0.45939120650291443,-0.2869282066822052,0.9983394742012024,0.9999262094497681,0.6482750177383423,0.458051860332489,-0.28695932030677795,0.9986163377761841,0.9999194145202637,0.6488232016563416,0.44899982213974,-0.1616426706314087,0.9979804158210754,0.9998983144760132,0.6449587345123291,0.44757309556007385,-0.3394257128238678,0.9981585144996643,0.9999176263809204,0.6313535571098328,0.4621831774711609,-0.2203541398048401,0.9985418915748596,0.9999681711196899,0.6297743320465088,0.4612707197666168,-0.2724114656448364,0.9987432360649109,0.9999719858169556,0.602238655090332,0.4375264048576355,-0.006184615660458803,0.9984603524208069,0.9999374151229858,0.5912870764732361,0.4390508532524109,-0.39833420515060425,0.9990403056144714,0.9999278783798218,0.5757312178611755,0.48613715171813965,0.024078594520688057,0.31867459416389465,0.9999525547027588,0.5696083903312683,0.4925481379032135,-0.47682812809944153,0.9825132489204407,0.9999281167984009,0.5672280192375183,0.5296235680580139,-0.09874517470598221,0.39065322279930115,0.9998025298118591,0.5755768418312073,0.5386024117469788,-0.49265000224113464,0.9756790399551392,0.9995638728141785,0.5863916277885437,0.5355172753334045,-0.10775968432426453,0.3793793320655823,0.9996623992919922,0.5970379114151001,0.5443875193595886,-0.5588951110839844,0.9586507081985474,0.9990525841712952,0.5881500244140625,0.535957932472229,-0.15570048987865448,0.3858940303325653,0.9996575117111206,0.6054167747497559,0.5421239137649536,-0.5358378887176514,0.9562678337097168,0.9992426633834839,0.5771922469139099,0.5340994596481323,-0.12329141050577164,0.39554136991500854,0.9997302889823914,0.596817135810852,0.5411226749420166,-0.48848485946655273,0.9355422258377075,0.9994168281555176,0.469486266374588,0.41311296820640564,0.13305050134658813,0.9986048936843872,0.9996685981750488,0.45864227414131165,0.40948015451431274,-0.13249190151691437,0.9988538026809692,0.9996659755706787,0.4417891502380371,0.46934381127357483,0.19980445504188538,0.20762290060520172,0.9998133778572083,0.42378345131874084,0.4782026708126068,-0.17603658139705658,0.892170250415802,0.9998893737792969,0.3709830939769745,0.507775604724884,0.349234402179718,0.32017412781715393,0.9994799494743347,0.32700031995773315,0.5164309740066528,-0.06759745627641678,0.8511486649513245,0.9996260404586792,0.35832637548446655,0.5040269494056702,0.36303168535232544,0.4215826988220215,0.9992947578430176,0.30463653802871704,0.5132837891578674,-0.06110341101884842,0.8218055367469788,0.9993069171905518,0.3860413730144501,0.5340828895568848,0.31347888708114624,0.4403206706047058,0.9991672039031982,0.33645132184028625,0.5409161448478699,-0.12943841516971588,0.831009030342102,0.9990050196647644
4,136,True,0.6363205909729004,0.46505627036094666,-0.3337274193763733,0.9984869956970215,0.9999439716339111,0.6470654010772705,0.46088147163391113,-0.32245635986328125,0.9983859062194824,0.9999045133590698,0.6477255821228027,0.4601394236087799,-0.32257363200187683,0.9981537461280823,0.9998984336853027,0.6484126448631287,0.45898500084877014,-0.32265594601631165,0.9985987544059753,0.9998859167098999,0.6439974308013916,0.4600582718849182,-0.3607352077960968,0.9986268281936646,0.9999202489852905,0.644035279750824,0.458941787481308,-0.36086001992225647,0.9984824657440186,0.9999197721481323,0.6437944769859314,0.4576248526573181,-0.36088815331459045,0.9987355470657349,0.9999126195907593,0.6442021131515503,0.44876813888549805,-0.23144249618053436,0.9981445670127869,0.9998786449432373,0.6395138502120972,0.4473276734352112,-0.40225130319595337,0.9983070492744446,0.9999138116836548,0.6279062628746033,0.4622670114040375,-0.29287129640579224,0.9986699223518372,0.9999681711196899,0.6273107528686523,0.4613376557826996,-0.3429334759712219,0.9988564848899841,0.999972939491272,0.6018120646476746,0.4389071464538574,-0.06871601194143295,0.9986003637313843,0.999941349029541,0.5843315720558167,0.43902716040611267,-0.4486672282218933,0.9991275668144226,0.9999288320541382,0.5759506821632385,0.4867869019508362,-0.04191495478153229,0.3455708622932434,0.9999548196792603,0.5696163773536682,0.4929273724555969,-0.5338638424873352,0.9835817813873291,0.9999299049377441,0.5674792528152466,0.5302654504776001,-0.16800141334533691,0.4269331991672516,0.9997643828392029,0.5738252997398376,0.5393882989883423,-0.5619383454322815,0.9775415062904358,0.9995083808898926,0.5841077566146851,0.5364935994148254,-0.17952285706996918,0.4159349203109741,0.9996063113212585,0.5968077778816223,0.5445156693458557,-0.6310484409332275,0.961669385433197,0.998979389667511,0.5862284898757935,0.5374314188957214,-0.22917672991752625,0.4223644733428955,0.999593198299408,0.6059656143188477,0.5421825647354126,-0.6099272966384888,0.9594234228134155,0.9991536140441895,0.5773764252662659,0.5350033044815063,-0.19295988976955414,0.42886024713516235,0.999677300453186,0.5936679244041443,0.5423304438591003,-0.5587539076805115,0.9396558403968811,0.9993299245834351,0.4695451855659485,0.4132317900657654,0.13217781484127045,0.9986890554428101,0.9995452761650085,0.4562574625015259,0.4097767472267151,-0.13160227239131927,0.9989412426948547,0.9995061159133911,0.44148916006088257,0.46937379240989685,0.19954627752304077,0.21896305680274963,0.9997714161872864,0.4245087802410126,0.47973546385765076,-0.19152069091796875,0.9010533690452576,0.9998756647109985,0.3704967796802521,0.5060445070266724,0.37040457129478455,0.3401353061199188,0.9993368983268738,0.3253849446773529,0.5157455801963806,-0.068446084856987,0.8638298511505127,0.999618649482727,0.357563853263855,0.504994809627533,0.38669925928115845,0.4386698007583618,0.999137282371521,0.30644097924232483,0.5144602656364441,-0.059130892157554626,0.834892988204956,0.9992861151695251,0.3788299858570099,0.531395435333252,0.33582550287246704,0.4612569510936737,0.9989474415779114,0.33479753136634827,0.5416310429573059,-0.1322011500597,0.8447006344795227,0.9989058971405029
5,170,True,0.6330772638320923,0.4649500250816345,-0.26478204131126404,0.9986042380332947,0.9998378753662109,0.6420644521713257,0.4608904719352722,-0.2507260739803314,0.998495876789093,0.9997424483299255,0.6426008939743042,0.4601598381996155,-0.2508200407028198,0.9982790946960449,0.9997379183769226,0.6430535316467285,0.4590078890323639,-0.2508971095085144,0.9986963272094727,0.9997192025184631,0.6407301425933838,0.4601108431816101,-0.28850603103637695,0.9987199902534485,0.9997574687004089,0.640813410282135,0.45905008912086487,-0.28861403465270996,0.9985826015472412,0.9997474551200867,0.6407948136329651,0.4577392637729645,-0.28866082429885864,0.9988197684288025,0.9997195601463318,0.6419086456298828,0.4483546316623688,-0.1621417999267578,0.9982598423957825,0.9996947050094604,0.6378505825996399,0.44729501008987427,-0.3331665098667145,0.9983980655670166,0.999675989151001,0.624214231967926,0.4621301293373108,-0.2262841761112213,0.9987664818763733,0.9998999834060669,0.6228914260864258,0.4610646665096283,-0.27556270360946655,0.9989396333694458,0.9999020099639893,0.5971416234970093,0.43855270743370056,-0.015927793458104134,0.9987102150917053,0.9998518228530884,0.5848619341850281,0.4397408366203308,-0.3945191204547882,0.9991868734359741,0.9997777342796326,0.5763969421386719,0.48618873953819275,0.014451146125793457,0.3605683743953705,0.9999079704284668,0.563899040222168,0.49631819128990173,-0.4735932946205139,0.9841899871826172,0.999858021736145,0.5715383291244507,0.5296388268470764,-0.09325587004423141,0.45147842168807983,0.9995357990264893,0.5740951895713806,0.5399054288864136,-0.47645044326782227,0.9787776470184326,0.9990261793136597,0.5837599039077759,0.5360621213912964,-0.10139844566583633,0.44069069623947144,0.9992185831069946,0.5974265336990356,0.544487476348877,-0.538001537322998,0.9636853933334351,0.9980048537254333,0.585991382598877,0.5372697114944458,-0.1471768021583557,0.44729694724082947,0.9992011189460754,0.6045653820037842,0.5440688729286194,-0.5152872800827026,0.961548388004303,0.9983600974082947,0.5782118439674377,0.5347536206245422,-0.11674518883228302,0.45205196738243103,0.9993458390235901,0.5935638546943665,0.5426080226898193,-0.47167128324508667,0.9424039721488953,0.9986923336982727,0.4676474630832672,0.4144435524940491,0.13175369799137115,0.9987349510192871,0.9992260932922363,0.45096656680107117,0.4100976586341858,-0.1311999261379242,0.9989900588989258,0.9991577863693237,0.4415411949157715,0.4715557098388672,0.18608640134334564,0.22754427790641785,0.9996121525764465,0.42588192224502563,0.4804297089576721,-0.17563894391059875,0.9076724648475647,0.9997465014457703,0.3704254925251007,0.5081987977027893,0.32207632064819336,0.355991393327713,0.9989487528800964,0.3277052044868469,0.5176994204521179,-0.06676582992076874,0.873954176902771,0.9992684721946716,0.3560523986816406,0.5084313154220581,0.3345660865306854,0.4524424076080322,0.9986202716827393,0.307094007730484,0.5170695185661316,-0.05881528928875923,0.844410240650177,0.9987873435020447,0.3771587312221527,0.5329321622848511,0.2833364009857178,0.47941598296165466,0.99834144115448,0.33724135160446167,0.5425176620483398,-0.1314670443534851,0.8555951118469238,0.9982072114944458
6,204,True,0.6298879384994507,0.464973121881485,-0.2437802255153656,0.9986135959625244,0.9994134902954102,0.6394361853599548,0.461007684469223,-0.22990041971206665,0.9984573125839233,0.9992089867591858,0.6412292718887329,0.4600025713443756,-0.2299966663122177,0.9982388019561768,0.9992040991783142,0.6415673494338989,0.45891398191452026,-0.23007652163505554,0.9986712336540222,0.9991579055786133,0.6387978792190552,0.46030718088150024,-0.2681393325328827,0.998693585395813,0.9992671608924866,0.6388557553291321,0.45934194326400757,-0.2682332992553711,0.9985496997833252,0.9992545247077942,0.6386938691139221,0.45770463347435,-0.26827380061149597,0.9987938404083252,0.9992032647132874,0.6394831538200378,0.4483540654182434,-0.14248239994049072,0.9981682896614075,0.9991164803504944,0.6355729103088379,0.44728294014930725,-0.31508558988571167,0.9983208775520325,0.9991324543952942,0.6208751201629639,0.4624269902706146,-0.205630362033844,0.998741865158081,0.9996366500854492,0.6208716630935669,0.46137934923171997,-0.2556751072406769,0.9989248514175415,0.9996635913848877,0.5916050672531128,0.4387602210044861,-0.00031062299967743456,0.998752772808075,0.9996569156646729,0.5834846496582031,0.4397224485874176,-0.37974345684051514,0.999215304851532,0.9996193647384644,0.5766633152961731,0.487423837184906,0.03258358687162399,0.3577945828437805,0.9998574256896973,0.5694170594215393,0.4956018030643463,-0.46142295002937317,0.9840099215507507,0.9997406601905823,0.5750159621238708,0.5303232073783875,-0.0780334398150444,0.4564855098724365,0.9989129304885864,0.5741381645202637,0.5404666662216187,-0.46606844663619995,0.9791290760040283,0.9980987906455994,0.5839292407035828,0.5388057231903076,-0.08485367894172668,0.44785964488983154,0.9983285069465637,0.5967210531234741,0.5445830821990967,-0.5286377668380737,0.9644904136657715,0.9966027736663818,0.5924094915390015,0.5380297899246216,-0.1315271407365799,0.45484212040901184,0.9982105493545532,0.6048135161399841,0.543669581413269,-0.5047181844711304,0.962386429309845,0.997123658657074,0.5816061496734619,0.5363256931304932,-0.10212095081806183,0.4590010941028595,0.9984176158905029,0.5941077470779419,0.5425592660903931,-0.4611683189868927,0.943215012550354,0.9975157976150513,0.45893099904060364,0.4144423007965088,0.13137824833393097,0.998741865158081,0.9990412592887878,0.44763052463531494,0.41031545400619507,-0.13084405660629272,0.9990050792694092,0.9989328980445862,0.44044190645217896,0.4744454324245453,0.15911301970481873,0.22425337135791779,0.9994350075721741,0.42739084362983704,0.47989392280578613,-0.168341726064682,0.908708393573761,0.9995750784873962,0.35850033164024353,0.5134990811347961,0.2616797089576721,0.35941222310066223,0.9989582300186157,0.3292158246040344,0.5175908803939819,-0.0711929127573967,0.877689003944397,0.9992144107818604,0.3414604663848877,0.5146501660346985,0.2700352072715759,0.4575720727443695,0.9986898303031921,0.30949485301971436,0.5180479288101196,-0.06429973244667053,0.8481296300888062,0.9988429546356201,0.3744015097618103,0.5375950932502747,0.2113671451807022,0.4866383671760559,0.9986464381217957,0.33804604411125183,0.5423542857170105,-0.13637420535087585,0.8603651523590088,0.9986149072647095
7,238,True,0.6306847333908081,0.46473366022109985,-0.1345720887184143,0.9985907673835754,0.9991533756256104,0.6406227350234985,0.46095362305641174,-0.12177382409572601,0.9983844757080078,0.9990293979644775,0.6416320204734802,0.45997580885887146,-0.12183279544115067,0.9981623291969299,0.9990670084953308,0.6418914198875427,0.45886921882629395,-0.12190042436122894,0.9986223578453064,0.999042809009552,0.6400675773620605,0.4603128433227539,-0.16354280710220337,0.9986127614974976,0.999015212059021,0.6400298476219177,0.45936137437820435,-0.1635996401309967,0.9984646439552307,0.9989834427833557,0.6392162442207336,0.45776596665382385,-0.1636449247598648,0.9987239837646484,0.9989067316055298,0.6395648717880249,0.4482504427433014,-0.041054870933294296,0.9980904459953308,0.9989506006240845,0.6369240880012512,0.447255939245224,-0.22713500261306763,0.9982011914253235,0.9987201690673828,0.6210317611694336,0.46178382635116577,-0.0989019051194191,0.9986740350723267,0.9993934631347656,0.6212767362594604,0.46109738945961,-0.1534528285264969,0.9988747835159302,0.999411940574646,0.5909079313278198,0.43780216574668884,0.10444535315036774,0.998773455619812,0.9995343685150146,0.5881341099739075,0.43967509269714355,-0.3207836449146271,0.9992292523384094,0.9996029734611511,0.5766427516937256,0.48785096406936646,0.12342686206102371,0.3511432111263275,0.9998630285263062,0.5794018507003784,0.4960958957672119,-0.4017752707004547,0.9840757250785828,0.9997977614402771,0.5743643641471863,0.5299977660179138,0.00677862111479044,0.45261725783348083,0.9984911680221558,0.5758897066116333,0.5404161810874939,-0.38382863998413086,0.9795548915863037,0.9977153539657593,0.583591878414154,0.5384877324104309,0.002144676400348544,0.44505539536476135,0.9975368976593018,0.5857915878295898,0.5504268407821655,-0.44414710998535156,0.9653641581535339,0.9953839182853699,0.5873860120773315,0.538183331489563,-0.042957644909620285,0.45209234952926636,0.9973766803741455,0.5917031764984131,0.5488166213035583,-0.4150145351886749,0.9633351564407349,0.9960760474205017,0.5763524770736694,0.536373496055603,-0.017874309793114662,0.45717868208885193,0.9976903200149536,0.5847651958465576,0.5458486080169678,-0.3766968250274658,0.9445227980613708,0.9966788291931152,0.45850831270217896,0.41442376375198364,0.13722266256809235,0.9987775683403015,0.9990536570549011,0.44705259799957275,0.41040459275245667,-0.1367608606815338,0.9990408420562744,0.9992257356643677,0.43289315700531006,0.48084989190101624,0.15920846164226532,0.22009634971618652,0.9993587136268616,0.42601677775382996,0.48405566811561584,-0.1499563455581665,0.9104652404785156,0.9996817111968994,0.3316143751144409,0.5125011801719666,0.2614706754684448,0.3622177243232727,0.999057948589325,0.31738394498825073,0.5168823003768921,-0.06107528507709503,0.8832679986953735,0.9992458820343018,0.3128795027732849,0.5108045339584351,0.26985037326812744,0.46677926182746887,0.998889148235321,0.2955758571624756,0.5144025683403015,-0.05478178709745407,0.8544862270355225,0.9989672899246216,0.33662545680999756,0.5375932455062866,0.2178015410900116,0.4940408170223236,0.9988709092140198,0.32344362139701843,0.5412999391555786,-0.11112570017576218,0.866606593132019,0.9986562728881836
8,272,True,0.630674421787262,0.4646949768066406,-0.1088632345199585,0.9986246228218079,0.999606192111969,0.6407503485679626,0.4609551429748535,-0.0966838076710701,0.9983916878700256,0.9995101690292358,0.6413266658782959,0.4600255489349365,-0.09671685844659805,0.9981725811958313,0.9995207786560059,0.6415625810623169,0.4589828848838806,-0.0967550054192543,0.9986322522163391,0.9994984865188599,0.6399491429328918,0.4608542323112488,-0.13872508704662323,0.9986105561256409,0.9995319843292236,0.6405507326126099,0.45947566628456116,-0.1387978494167328,0.9984731078147888,0.9995269775390625,0.640082061290741,0.4581450819969177,-0.1388574242591858,0.998735785484314,0.9995059967041016,0.6402667760848999,0.4489920735359192,-0.018487008288502693,0.9980827569961548,0.9994722008705139,0.6377125382423401,0.44911330938339233,-0.20549388229846954,0.9982181787490845,0.9994889497756958,0.6213895678520203,0.46158367395401,-0.07373879849910736,0.9986876845359802,0.9997163414955139,0.6217979192733765,0.4609953761100769,-0.12860924005508423,0.9989075660705566,0.9997451901435852,0.5914713144302368,0.43689101934432983,0.12935908138751984,0.998842716217041,0.999772846698761,0.5935842394828796,0.43907707929611206,-0.29917171597480774,0.9992810487747192,0.9998661279678345,0.5766357183456421,0.4874590337276459,0.15696164965629578,0.35138216614723206,0.9999229907989502,0.5820138454437256,0.49565744400024414,-0.37943610548973083,0.9846398830413818,0.999907374382019,0.5735528469085693,0.5298405289649963,0.04443410038948059,0.4555593729019165,0.9992355108261108,0.5790635943412781,0.5404019355773926,-0.3645429313182831,0.9804611206054688,0.9987438321113586,0.5822853446006775,0.537895917892456,0.040189411491155624,0.44822946190834045,0.9986777901649475,0.589875340461731,0.5484341382980347,-0.42442435026168823,0.966928243637085,0.9970883727073669,0.5867478847503662,0.5380641222000122,-0.004937194753438234,0.4552052915096283,0.9986103773117065,0.5983221530914307,0.547318160533905,-0.3932064175605774,0.9650105834007263,0.9976230263710022,0.5748242139816284,0.5362011194229126,0.019728263840079308,0.46060287952423096,0.9988027811050415,0.5886092185974121,0.5452901721000671,-0.35626283288002014,0.9469180703163147,0.9980753660202026,0.4546471834182739,0.4145866334438324,0.14050625264644623,0.9988426566123962,0.999505877494812,0.44471386075019836,0.4107099175453186,-0.14010314643383026,0.9990951418876648,0.9996756315231323,0.4101991057395935,0.47941040992736816,0.1629485934972763,0.21241764724254608,0.9995617270469666,0.4084009528160095,0.4833773672580719,-0.13393954932689667,0.9077774882316589,0.9997901320457458,0.3062352240085602,0.5115049481391907,0.2645471394062042,0.35849595069885254,0.9992761015892029,0.3010485768318176,0.5161672234535217,-0.05841686949133873,0.8859903216362,0.9993913173675537,0.2895296812057495,0.5089723467826843,0.2728014588356018,0.47175055742263794,0.9990637898445129,0.2811591923236847,0.5133209228515625,-0.053612612187862396,0.857673704624176,0.9991137385368347,0.3225172162055969,0.5364063382148743,0.22155918180942535,0.4946616291999817,0.9991340041160583,0.31207719445228577,0.5403558611869812,-0.10705716907978058,0.8703203797340393,0.9989473223686218
9,306,True,0.6307917237281799,0.4653094410896301,-0.15247340500354767,0.9986627697944641,0.9993932247161865,0.6412779688835144,0.4616312086582184,-0.13973067700862885,0.9983939528465271,0.9991508722305298,0.6418575048446655,0.4607771039009094,-0.13979560136795044,0.9981635212898254,0.9991450309753418,0.642173707485199,0.4597286581993103,-0.13985943794250488,0.9986394047737122,0.999104917049408,0.6405017971992493,0.46154356002807617,-0.18038083612918854,0.998594343662262,0.9992238283157349,0.6409493088722229,0.4604501724243164,-0.18045800924301147,0.9984428882598877,0.9992293119430542,0.6403060555458069,0.4593477249145508,-0.18050257861614227,0.9987329244613647,0.999213457107544,0.6407947540283203,0.4503176808357239,-0.05596606060862541,0.9980430006980896,0.9990455508232117,0.6384586095809937,0.4499155879020691,-0.23197489976882935,0.9982221126556396,0.9992142915725708,0.6215813159942627,0.4615781903266907,-0.11544016003608704,0.9986846446990967,0.9994856119155884,0.6224895715713501,0.46100592613220215,-0.16913019120693207,0.9989192485809326,0.9995622038841248,0.5934328436851501,0.4366871416568756,0.09257439523935318,0.9988908767700195,0.9994136095046997,0.5947204232215881,0.43630868196487427,-0.30461400747299194,0.9993155002593994,0.9996976852416992,0.5767888426780701,0.4867507815361023,0.1254214346408844,0.3544251322746277,0.9998031258583069,0.5847103595733643,0.4950953423976898,-0.4150182902812958,0.9854244589805603,0.9998576641082764,0.57350093126297,0.5296991467475891,0.01488984003663063,0.4612337052822113,0.9988492727279663,0.5798158645629883,0.5396742820739746,-0.412855863571167,0.9814991354942322,0.9988202452659607,0.5858259201049805,0.5376946330070496,0.009211220778524876,0.4527508020401001,0.9981433153152466,0.5961782932281494,0.5463653802871704,-0.48284128308296204,0.9685084223747253,0.9972803592681885,0.5872129797935486,0.5378308296203613,-0.037457168102264404,0.45981940627098083,0.9981446266174316,0.6041045188903809,0.5456189513206482,-0.4468654990196228,0.9666745662689209,0.9978607296943665,0.574901282787323,0.5360773801803589,-0.01014794409275055,0.4650704860687256,0.9983783960342407,0.5948478579521179,0.5442471504211426,-0.40313780307769775,0.9492034316062927,0.9983192086219788,0.4510250985622406,0.4198894500732422,0.139836847782135,0.9988899827003479,0.9995378255844116,0.43886634707450867,0.4124278426170349,-0.13941404223442078,0.999146044254303,0.9997110962867737,0.4008696973323822,0.4816107153892517,0.18103373050689697,0.22386731207370758,0.9996334314346313,0.36165690422058105,0.47499188780784607,-0.12589430809020996,0.909431517124176,0.999701201915741,0.29530444741249084,0.506813645362854,0.30199357867240906,0.38213419914245605,0.9995121955871582,0.25337597727775574,0.5026019811630249,-0.003320577321574092,0.8921582102775574,0.9994314312934875,0.2774640917778015,0.5038583874702454,0.3114970028400421,0.49296826124191284,0.9993274211883545,0.23573021590709686,0.5018905997276306,0.0051953960210084915,0.8619504570960999,0.9991588592529297,0.3033733069896698,0.5337356925010681,0.2552659213542938,0.5188031792640686,0.9992087483406067,0.24573065340518951,0.528361976146698,-0.06255226582288742,0.8775116205215454,0.998982846736908
10,340,True,0.6313395500183105,0.4664943218231201,-0.18158818781375885,0.9986314177513123,0.9990099668502808,0.6417879462242126,0.4636116027832031,-0.16930657625198364,0.9983145594596863,0.9986538887023926,0.6422727108001709,0.4628663659095764,-0.16940125823020935,0.9980337023735046,0.9986622333526611,0.6422979235649109,0.4612424969673157,-0.16952554881572723,0.9985880255699158,0.9986506104469299,0.6408512592315674,0.46340852975845337,-0.2136695235967636,0.9984695315361023,0.9986434578895569,0.6411628723144531,0.462477445602417,-0.21379032731056213,0.9982282519340515,0.9985930323600769,0.6408727765083313,0.4608405530452728,-0.2139035165309906,0.9986194968223572,0.9985055923461914,0.6412086486816406,0.4524041712284088,-0.08080585300922394,0.9978440403938293,0.9986439347267151,0.6397861242294312,0.4517797827720642,-0.2784954011440277,0.9980324506759644,0.998444139957428,0.6216846108436584,0.4625132083892822,-0.14178645610809326,0.9985963106155396,0.999262273311615,0.6226263046264648,0.4619392454624176,-0.20081092417240143,0.9988154768943787,0.9992899894714355,0.5984042882919312,0.4366892874240875,0.07159076631069183,0.9989461302757263,0.999427855014801,0.5955913066864014,0.43640977144241333,-0.3456222414970398,0.9993356466293335,0.9994613528251648,0.5798004865646362,0.48671191930770874,0.1210380420088768,0.3580857813358307,0.9998034834861755,0.5854683518409729,0.4944099485874176,-0.4343368411064148,0.9857091903686523,0.9997809529304504,0.5731562376022339,0.5292699933052063,0.008199963718652725,0.4724036157131195,0.9990572333335876,0.5797877311706543,0.5392033457756042,-0.42937371134757996,0.9821740388870239,0.9983611702919006,0.5850527882575989,0.5375560522079468,0.00038394570583477616,0.4638226330280304,0.9984412789344788,0.5952641367912292,0.5448204278945923,-0.4950428307056427,0.9695718288421631,0.9966094493865967,0.5868722796440125,0.5376449227333069,-0.049939416348934174,0.4711799919605255,0.9984593391418457,0.6037341356277466,0.5439236164093018,-0.4661961495876312,0.9678178429603577,0.9973198771476746,0.5760266780853271,0.535950779914856,-0.019349224865436554,0.4760622978210449,0.9986423850059509,0.5930830836296082,0.5430719256401062,-0.4218830466270447,0.950637936592102,0.9977952241897583,0.4516139030456543,0.4257025718688965,0.1366475224494934,0.9989681839942932,0.9998615980148315,0.43826407194137573,0.4134235978126526,-0.1362404078245163,0.9992139339447021,0.9998769760131836,0.4054180979728699,0.4863310754299164,0.1752321720123291,0.2507476806640625,0.9996259212493896,0.3341595232486725,0.4537680745124817,-0.13142885267734528,0.9148526787757874,0.9995757937431335,0.3067195415496826,0.5121837854385376,0.29482537508010864,0.4141547679901123,0.999437153339386,0.22245576977729797,0.46621179580688477,-0.011738679371774197,0.8998551964759827,0.999057948589325,0.28614193201065063,0.5085518956184387,0.3042595684528351,0.5146076083183289,0.9992496371269226,0.21054713428020477,0.4624897539615631,-0.00356680853292346,0.8657944798469543,0.9985414743423462,0.3109576404094696,0.533795177936554,0.25242552161216736,0.5470938086509705,0.9991505146026611,0.205445796251297,0.4867296814918518,-0.07902700453996658,0.885633647441864,0.9983023405075073
11,374,True,0.6323735117912292,0.4686254858970642,-0.23468096554279327,0.998600423336029,0.9992722868919373,0.6433048844337463,0.4661921560764313,-0.22161239385604858,0.998223602771759,0.9988734126091003,0.643936812877655,0.4654656946659088,-0.22170652449131012,0.997881293296814,0.9988700747489929,0.6457197666168213,0.46423110365867615,-0.22182945907115936,0.998518705368042,0.9988493919372559,0.642661988735199,0.46599841117858887,-0.26583847403526306,0.9983553886413574,0.9988629817962646,0.6430637240409851,0.4651571810245514,-0.2659822106361389,0.9980232119560242,0.9988260865211487,0.6431170701980591,0.4639914035797119,-0.2660946249961853,0.9985061287879944,0.998734176158905,0.6439208388328552,0.45438870787620544,-0.12546254694461823,0.9976105690002441,0.998903751373291,0.6422122120857239,0.45387059450149536,-0.32454872131347656,0.997857928276062,0.9987071752548218,0.6239018440246582,0.4646790027618408,-0.1916743665933609,0.9985297322273254,0.9994890689849854,0.6241896748542786,0.4641553461551666,-0.25012481212615967,0.9987120032310486,0.9994969367980957,0.6027458906173706,0.4375750422477722,0.03464725986123085,0.9990019202232361,0.9995484948158264,0.5965591073036194,0.4365914762020111,-0.3869659900665283,0.999364972114563,0.9994834661483765,0.5800243616104126,0.48670896887779236,0.0769525021314621,0.3640056252479553,0.9997946619987488,0.5843294858932495,0.4941743314266205,-0.47789934277534485,0.9857616424560547,0.9996980428695679,0.575205385684967,0.5291632413864136,-0.0423165038228035,0.4844300448894501,0.9991681575775146,0.5809873938560486,0.5392647981643677,-0.4864771068096161,0.9822056293487549,0.9982050657272339,0.5888345837593079,0.5373458862304688,-0.05212058871984482,0.475982666015625,0.9986294507980347,0.5963872075080872,0.5448471307754517,-0.5532543063163757,0.9696578979492188,0.996570348739624,0.5900033116340637,0.537466287612915,-0.09975027292966843,0.48347896337509155,0.9986869692802429,0.6051508188247681,0.5438000559806824,-0.5278758406639099,0.9679189324378967,0.9972726702690125,0.5773558020591736,0.535654604434967,-0.068268321454525,0.4877205491065979,0.9988505840301514,0.5940960049629211,0.5430143475532532,-0.48052269220352173,0.9505480527877808,0.9976984858512878,0.4508567452430725,0.42799901962280273,0.13638342916965485,0.9990437626838684,0.9998786449432373,0.4372260272502899,0.4131702780723572,-0.1359718292951584,0.9992817640304565,0.9998912811279297,0.4047186076641083,0.4864778518676758,0.17035380005836487,0.2880108654499054,0.9996615648269653,0.3166339099407196,0.432279109954834,-0.1326242834329605,0.9214702844619751,0.9996757507324219,0.3015345335006714,0.5135635733604431,0.30916011333465576,0.4487873315811157,0.9994803071022034,0.19639411568641663,0.4214199185371399,-0.017543749883770943,0.908366322517395,0.9990382194519043,0.2796279191970825,0.5096532702445984,0.3212205171585083,0.5371517539024353,0.9993335604667664,0.1772652566432953,0.41473954916000366,-0.010373509488999844,0.8718607425689697,0.9983510971069336,0.3009634017944336,0.5339404344558716,0.2591453492641449,0.5752355456352234,0.9992324113845825,0.166958287358284,0.4450684189796448,-0.09760171175003052,0.8944442868232727,0.9979714751243591
12,408,True,0.6324917674064636,0.4706905782222748,-0.25736409425735474,0.998629629611969,0.9996711015701294,0.6439881920814514,0.46840858459472656,-0.24385493993759155,0.9982376098632812,0.9994903802871704,0.6447248458862305,0.4677772521972656,-0.24396473169326782,0.9978820085525513,0.999514102935791,0.6462422609329224,0.4668869078159332,-0.2440936267375946,0.9985281825065613,0.9995298385620117,0.6435800790786743,0.4680154323577881,-0.28744348883628845,0.9983301758766174,0.9994112253189087,0.6441035866737366,0.46713313460350037,-0.2875900864601135,0.997951328754425,0.9993783235549927,0.6447227597236633,0.4656596779823303,-0.2876780927181244,0.9984623789787292,0.9993165731430054,0.6457218527793884,0.45704394578933716,-0.14292986690998077,0.9974983334541321,0.9996030926704407,0.6437222957611084,0.4556003510951996,-0.33945432305336,0.9977611303329468,0.9992706179618835,0.6245599985122681,0.4671570658683777,-0.21252396702766418,0.9985362887382507,0.9998050332069397,0.6246036887168884,0.46637433767318726,-0.26992180943489075,0.9986453652381897,0.9997645020484924,0.6048197150230408,0.4384165406227112,0.019649971276521683,0.9990820288658142,0.999840259552002,0.5975874066352844,0.4352271556854248,-0.3964540362358093,0.9994072318077087,0.9996265172958374,0.5798799991607666,0.48522472381591797,0.06389405578374863,0.37770554423332214,0.9998949766159058,0.5836362838745117,0.49103355407714844,-0.4952135384082794,0.9854826927185059,0.9996808767318726,0.5748924612998962,0.5285352468490601,-0.07500095665454865,0.502889096736908,0.9997105002403259,0.5824198126792908,0.5383211374282837,-0.5201019644737244,0.981695830821991,0.9991939663887024,0.5873299241065979,0.5360440611839294,-0.09198101609945297,0.49349525570869446,0.9995447993278503,0.5976165533065796,0.5442789793014526,-0.5886285901069641,0.9689915180206299,0.9987611770629883,0.5894080400466919,0.5365117788314819,-0.1352587640285492,0.5011576414108276,0.9995779395103455,0.6073046922683716,0.542954683303833,-0.565252959728241,0.9672033786773682,0.9989830851554871,0.5794357061386108,0.5349274277687073,-0.0998728945851326,0.5041092038154602,0.9996395111083984,0.5993280410766602,0.5421750545501709,-0.5145613551139832,0.9489389061927795,0.9991196990013123,0.45122507214546204,0.4256609380245209,0.13103017210960388,0.9991204142570496,0.9999281167984009,0.43824175000190735,0.40386533737182617,-0.13057254254817963,0.9993430376052856,0.9998946189880371,0.4023188352584839,0.483426034450531,0.16602270305156708,0.337690532207489,0.9998568296432495,0.31404411792755127,0.4040158689022064,-0.06924092769622803,0.9278100728988647,0.9997598528862,0.30084463953971863,0.5139903426170349,0.3129763901233673,0.49249646067619324,0.9997134804725647,0.2143561840057373,0.3713220953941345,0.10847827047109604,0.9160964488983154,0.9993409514427185,0.2786586880683899,0.509897768497467,0.3253629505634308,0.5679834485054016,0.9996356964111328,0.20266787707805634,0.3632984459400177,0.12060260027647018,0.8771731853485107,0.999005138874054,0.30685099959373474,0.5346096754074097,0.2574300467967987,0.6089539527893066,0.9995706677436829,0.17650744318962097,0.3857722878456116,0.02472599595785141,0.902505099773407,0.9989997744560242
13,442,True,0.6326037645339966,0.47244444489479065,-0.2516673505306244,0.9987115263938904,0.9997701048851013,0.6441202163696289,0.470407098531723,-0.23866090178489685,0.998318076133728,0.99967360496521,0.6448174715042114,0.469775527715683,-0.23878002166748047,0.9979938864707947,0.9996914863586426,0.6462783217430115,0.46896106004714966,-0.2389250248670578,0.9985920190811157,0.9997079968452454,0.6436908841133118,0.4699210226535797,-0.28235799074172974,0.9984017014503479,0.9996230602264404,0.6441715955734253,0.46895962953567505,-0.28248220682144165,0.998043417930603,0.9996036887168884,0.6447545886039734,0.4676946699619293,-0.28254997730255127,0.9985033273696899,0.9995701909065247,0.6458425521850586,0.4587521553039551,-0.14139005541801453,0.9976018667221069,0.9997667670249939,0.6439231634140015,0.4568231999874115,-0.3399718701839447,0.9978715777397156,0.9995908141136169,0.624643087387085,0.4688095152378082,-0.20840924978256226,0.9986080527305603,0.9998806715011597,0.6246509552001953,0.46780890226364136,-0.2661935091018677,0.9986698627471924,0.9998492002487183,0.6090252995491028,0.4384605288505554,0.016123227775096893,0.9991615414619446,0.9998877048492432,0.5991048216819763,0.4343695640563965,-0.399263471364975,0.9994562864303589,0.999725878238678,0.5832940340042114,0.4847821295261383,0.05938192456960678,0.3784920573234558,0.9998772144317627,0.5773459672927856,0.49105238914489746,-0.4861634075641632,0.9855968356132507,0.9997044205665588,0.5765511989593506,0.5284955501556396,-0.06631708890199661,0.507247269153595,0.9995817542076111,0.5822046399116516,0.5379980206489563,-0.5000678300857544,0.9807250499725342,0.9990096092224121,0.5868090391159058,0.5359564423561096,-0.08038728684186935,0.4983954429626465,0.9993084669113159,0.5962399244308472,0.5443222522735596,-0.5674181580543518,0.9675551652908325,0.9984075427055359,0.5890433192253113,0.5367101430892944,-0.12451614439487457,0.5061090588569641,0.9993582367897034,0.6031095385551453,0.5427647829055786,-0.5435253381729126,0.9656893610954285,0.9986851811408997,0.5797221660614014,0.5350137948989868,-0.0907941684126854,0.5076582431793213,0.9994620680809021,0.5988990068435669,0.5420175790786743,-0.4943917989730835,0.9462722539901733,0.9988456964492798,0.4518880546092987,0.4149867594242096,0.12888725101947784,0.999199390411377,0.99989914894104,0.4392907917499542,0.3930237293243408,-0.1284264475107193,0.9994017481803894,0.9997761845588684,0.39586058259010315,0.47024989128112793,0.16123102605342865,0.3944554924964905,0.999845027923584,0.322677880525589,0.3747000992298126,-0.05805649608373642,0.9343242645263672,0.9995443224906921,0.3046618103981018,0.5140589475631714,0.3098718225955963,0.5385769009590149,0.9994015693664551,0.2256370484828949,0.32460570335388184,0.1828593760728836,0.9235154390335083,0.9991724491119385,0.2844600975513458,0.5108524560928345,0.32296404242515564,0.6027023196220398,0.9992247819900513,0.2573298215866089,0.3158626854419708,0.20400327444076538,0.884959876537323,0.998920202255249,0.3145195543766022,0.5353914499282837,0.2602461576461792,0.6428988575935364,0.9989511966705322,0.2248467355966568,0.32250189781188965,0.14171385765075684,0.9102070927619934,0.9989182949066162
14,476,True,0.6275442242622375,0.47257891297340393,-0.2834698259830475,0.9988238215446472,0.9999277591705322,0.6383159756660461,0.47160211205482483,-0.27184516191482544,0.9984525442123413,0.9999063014984131,0.6399312615394592,0.47051897644996643,-0.2720012962818146,0.998165488243103,0.9999163150787354,0.6408042311668396,0.4699903428554535,-0.27215442061424255,0.9987011551856995,0.9999247789382935,0.6388518810272217,0.47065407037734985,-0.3150751292705536,0.9985306859016418,0.9998821020126343,0.6404433250427246,0.46909722685813904,-0.3152253329753876,0.9982060790061951,0.9998742341995239,0.6402833461761475,0.46769365668296814,-0.31529033184051514,0.9986110925674438,0.9998635053634644,0.6422416567802429,0.46098652482032776,-0.17257238924503326,0.9977956414222717,0.9999521970748901,0.6420985460281372,0.4574330449104309,-0.3684554100036621,0.9980566501617432,0.9998883008956909,0.6188499927520752,0.4689529836177826,-0.2390555441379547,0.9987270832061768,0.9999760389328003,0.6171166896820068,0.46735867857933044,-0.2959165573120117,0.9987730979919434,0.9999654293060303,0.6081055402755737,0.43910589814186096,-0.0018358672969043255,0.9992424845695496,0.9999862909317017,0.5992693305015564,0.43243831396102905,-0.43312495946884155,0.9995084404945374,0.9999537467956543,0.5808680653572083,0.4842516779899597,0.03891632333397865,0.38415536284446716,0.999984622001648,0.5800567865371704,0.4872172772884369,-0.5364894866943359,0.9860288500785828,0.9999449253082275,0.5762106776237488,0.5283085703849792,-0.10379570722579956,0.5179109573364258,0.9999154806137085,0.5821560621261597,0.5359256863594055,-0.5785565972328186,0.9806854128837585,0.9997925162315369,0.5848308205604553,0.5359200835227966,-0.12374725192785263,0.5093904137611389,0.9998376369476318,0.5888401865959167,0.5427367091178894,-0.6543360948562622,0.9674278497695923,0.9996541738510132,0.5865716934204102,0.5359827876091003,-0.16951195895671844,0.5168287754058838,0.9998558759689331,0.590128481388092,0.5458382368087769,-0.6262243390083313,0.965442419052124,0.9997130036354065,0.5777055621147156,0.5338444709777832,-0.12987765669822693,0.5164068341255188,0.9998860359191895,0.588442325592041,0.5422297120094299,-0.5717101097106934,0.9455156922340393,0.9997488856315613,0.4515664875507355,0.40664252638816833,0.1288176327943802,0.9992784261703491,0.9999902248382568,0.4397241473197937,0.38175469636917114,-0.12837260961532593,0.9994606375694275,0.9999721050262451,0.3865164518356323,0.4610997140407562,0.15729835629463196,0.4491313099861145,0.999971866607666,0.3401340842247009,0.345115602016449,-0.03852039575576782,0.9403760433197021,0.9998780488967896,0.3094945251941681,0.5138318538665771,0.3127530515193939,0.5821383595466614,0.9998310804367065,0.32868486642837524,0.28905996680259705,0.2553415596485138,0.9300974011421204,0.9997510313987732,0.29005399346351624,0.5138696432113647,0.32714518904685974,0.638355016708374,0.9997707009315491,0.34007665514945984,0.28134652972221375,0.2830452024936676,0.8931077718734741,0.999685525894165,0.31584975123405457,0.539641797542572,0.2736532986164093,0.675550103187561,0.9996510744094849,0.2959866225719452,0.2760929465293884,0.2421378195285797,0.9171793460845947,0.9996885061264038
15,510,True,0.6235984563827515,0.473674476146698,-0.2597194015979767,0.998928427696228,0.9999457597732544,0.6346341371536255,0.4725021421909332,-0.25998473167419434,0.9985882043838501,0.9999332427978516,0.6353930830955505,0.4717848300933838,-0.2598094046115875,0.998331606388092,0.9999405145645142,0.6358718276023865,0.47127074003219604,-0.25972867012023926,0.9988133311271667,0.9999473094940186,0.6355291604995728,0.4716884195804596,-0.29648539423942566,0.9986600279808044,0.9999101161956787,0.6367738246917725,0.4704587459564209,-0.29653167724609375,0.9983668327331543,0.9999008178710938,0.63731449842453,0.46927395462989807,-0.2966516315937042,0.9987254738807678,0.9998888969421387,0.6387043595314026,0.4625888466835022,-0.12953098118305206,0.9979928135871887,0.9999638795852661,0.6398851275444031,0.4586160182952881,-0.3483524024486542,0.998233437538147,0.9998966455459595,0.6145753264427185,0.4693695902824402,-0.22665953636169434,0.9988388419151306,0.9999727010726929,0.61509108543396,0.46783432364463806,-0.27599626779556274,0.9988693594932556,0.9999570846557617,0.5994693636894226,0.44115257263183594,0.030274484306573868,0.9993138909339905,0.9999767541885376,0.6004894971847534,0.43280139565467834,-0.4090026915073395,0.9995527267456055,0.9999040365219116,0.5759692788124084,0.4843403697013855,0.05453027784824371,0.38915130496025085,0.9999779462814331,0.5766424536705017,0.4874204993247986,-0.5086974501609802,0.9858739972114563,0.9999141693115234,0.5760291814804077,0.528917133808136,-0.08054102957248688,0.5262173414230347,0.9998970031738281,0.5827668905258179,0.5360747575759888,-0.5435651540756226,0.9785347580909729,0.9997488856315613,0.5846784114837646,0.5359205007553101,-0.09911121428012848,0.5180510878562927,0.9997907280921936,0.5898813605308533,0.542834997177124,-0.6170238852500916,0.9647698402404785,0.9995742440223694,0.5815229415893555,0.5391841530799866,-0.14134837687015533,0.5253363847732544,0.9998157620429993,0.5978485345840454,0.5450567603111267,-0.589513897895813,0.9626193642616272,0.999640703201294,0.5770078897476196,0.5335379838943481,-0.10565130412578583,0.5240886807441711,0.9998598098754883,0.588828980922699,0.5453958511352539,-0.5368177890777588,0.941503643989563,0.9996961355209351,0.4501519203186035,0.3944293260574341,0.12859304249286652,0.9993499517440796,0.9999899864196777,0.44842562079429626,0.37010785937309265,-0.1281493902206421,0.9995136260986328,0.9999650716781616,0.37922126054763794,0.4483451843261719,0.14925533533096313,0.49747249484062195,0.9999490976333618,0.3435376286506653,0.32251259684562683,-0.06369108706712723,0.9456184506416321,0.9997910857200623,0.3090645968914032,0.4973236620426178,0.31083542108535767,0.6189245581626892,0.9996862411499023,0.39690160751342773,0.2664662003517151,0.2154066264629364,0.9354642629623413,0.9996057152748108,0.29042595624923706,0.49583882093429565,0.32213684916496277,0.668067216873169,0.9996324777603149,0.40798109769821167,0.26062512397766113,0.2425607293844223,0.8997197151184082,0.9995582699775696,0.31424349546432495,0.52569580078125,0.27605995535850525,0.7020966410636902,0.9994502663612366,0.3738154172897339,0.2510717809200287,0.2153652012348175,0.9223801493644714,0.9995790123939514
16,544,True,0.621098518371582,0.4759994149208069,-0.1758427768945694,0.9990228414535522,0.9999295473098755,0.631933331489563,0.47544193267822266,-0.16195106506347656,0.9987130165100098,0.9999122619628906,0.6326403617858887,0.47480326890945435,-0.1620863974094391,0.9984825849533081,0.999919056892395,0.633683979511261,0.47390156984329224,-0.16224007308483124,0.99891597032547,0.9999270439147949,0.6324971318244934,0.47482672333717346,-0.20449140667915344,0.9987799525260925,0.9998818635940552,0.6335214376449585,0.47380247712135315,-0.2046181559562683,0.998514711856842,0.9998682737350464,0.6342768669128418,0.4727656841278076,-0.204648956656456,0.998833179473877,0.9998520612716675,0.6366165280342102,0.464622437953949,-0.0666365697979927,0.9981768727302551,0.9999445676803589,0.6371756196022034,0.46184492111206055,-0.26851561665534973,0.9983932971954346,0.9998520612716675,0.6118230223655701,0.4712764322757721,-0.13994981348514557,0.998934805393219,0.9999516010284424,0.6125364899635315,0.47001877427101135,-0.1965312510728836,0.9989504814147949,0.9999297857284546,0.5963715314865112,0.44276079535484314,0.06479186564683914,0.9993756413459778,0.9999619722366333,0.6002094149589539,0.4363395571708679,-0.35551202297210693,0.9995890259742737,0.9998754262924194,0.5754956007003784,0.4892733097076416,0.07325123995542526,0.39187294244766235,0.999976396560669,0.5783476233482361,0.4961419701576233,-0.4765491783618927,0.98507159948349,0.9999091625213623,0.579311728477478,0.5294840335845947,-0.07786906510591507,0.5289708375930786,0.9998835325241089,0.5867859125137329,0.5366559028625488,-0.5107916593551636,0.9753729104995728,0.9996848106384277,0.5895220041275024,0.5358832478523254,-0.08984069526195526,0.519935667514801,0.9997768998146057,0.6045424342155457,0.5430777072906494,-0.5758715867996216,0.9609441161155701,0.9994664788246155,0.5983244180679321,0.5388215780258179,-0.11645472049713135,0.5264755487442017,0.9997944235801697,0.6100988984107971,0.5447651147842407,-0.5518823266029358,0.9585973620414734,0.9995303153991699,0.5889090895652771,0.5335416197776794,-0.0929391011595726,0.5252134203910828,0.9998388290405273,0.6078377962112427,0.5444411635398865,-0.5044388175010681,0.9364591836929321,0.9996070265769958,0.4538581371307373,0.3819083571434021,0.1233694925904274,0.9994139075279236,0.9999861717224121,0.46246176958084106,0.3662711977958679,-0.1229034811258316,0.9995604157447815,0.9999567270278931,0.38532987236976624,0.43718618154525757,0.14980873465538025,0.5413565039634705,0.9999336004257202,0.3876691162586212,0.31095564365386963,-0.07743179053068161,0.950498104095459,0.999717652797699,0.2904909551143646,0.47573035955429077,0.23114030063152313,0.6536922454833984,0.9994427561759949,0.4499078094959259,0.2572554647922516,0.13897156715393066,0.9409061670303345,0.999448835849762,0.27008429169654846,0.47228631377220154,0.2367323338985443,0.6960467100143433,0.9993470311164856,0.45939186215400696,0.25538626313209534,0.15907776355743408,0.9070316553115845,0.99941086769104,0.2918238043785095,0.5039451718330383,0.19604121148586273,0.7274978756904602,0.9991443157196045,0.44434550404548645,0.24732068181037903,0.12366262823343277,0.9279958009719849,0.9994662404060364
17,578,True,0.6221277117729187,0.4764561653137207,-0.2762961685657501,0.9991093277931213,0.9999473094940186,0.6330878734588623,0.4752368927001953,-0.2554114758968353,0.9988268613815308,0.9999420642852783,0.6336943507194519,0.47473859786987305,-0.25562649965286255,0.9986186027526855,0.9999488592147827,0.6345807909965515,0.47411155700683594,-0.25584378838539124,0.9990097284317017,0.9999552965164185,0.633345901966095,0.4745907187461853,-0.2955165207386017,0.9988906383514404,0.9999151229858398,0.634103000164032,0.4736355245113373,-0.29565444588661194,0.9986504912376404,0.9999020099639893,0.6345257759094238,0.4724508225917816,-0.29564207792282104,0.9989325404167175,0.9998884201049805,0.6367847919464111,0.4652515947818756,-0.13799403607845306,0.9983453154563904,0.9999713897705078,0.6370934247970581,0.46125420928001404,-0.32080644369125366,0.9985402822494507,0.9998871088027954,0.612787127494812,0.4719478487968445,-0.23044024407863617,0.9990237355232239,0.9999657869338989,0.612467348575592,0.47020548582077026,-0.28326231241226196,0.9990260601043701,0.9999374151229858,0.5927776098251343,0.4495024085044861,0.00535845011472702,0.9994317889213562,0.9999735355377197,0.600033164024353,0.4365813136100769,-0.39963629841804504,0.9996151328086853,0.9997550845146179,0.5653386116027832,0.4975765645503998,0.010027194395661354,0.40173476934432983,0.9999655485153198,0.5771176815032959,0.4952642023563385,-0.5292636752128601,0.9838707447052002,0.9997819066047668,0.5795532464981079,0.529778003692627,-0.151043102145195,0.5377379655838013,0.999764621257782,0.5890872478485107,0.5360450744628906,-0.5772705674171448,0.9700096845626831,0.9991461038589478,0.5885493159294128,0.5364950895309448,-0.17810802161693573,0.5291215181350708,0.9995635151863098,0.6054103970527649,0.5431512594223022,-0.6520992517471313,0.954716145992279,0.9988204836845398,0.5961156487464905,0.5383782982826233,-0.21099857985973358,0.5353769063949585,0.9995973706245422,0.6108935475349426,0.5441818237304688,-0.6321961879730225,0.9520069360733032,0.9989230036735535,0.5874712467193604,0.5333386659622192,-0.17354193329811096,0.533609926700592,0.9996790885925293,0.6102880835533142,0.5433733463287354,-0.5745851397514343,0.9284465909004211,0.9990272521972656,0.46359482407569885,0.38139575719833374,0.12318656593561172,0.99947190284729,0.9999814033508301,0.47670310735702515,0.36047905683517456,-0.12267296016216278,0.9996025562286377,0.9998987913131714,0.3848012387752533,0.4323291778564453,0.06842456012964249,0.5838517546653748,0.9999140501022339,0.42236506938934326,0.29689186811447144,-0.09354892373085022,0.9550775289535522,0.9995266199111938,0.26835373044013977,0.44832009077072144,0.16338935494422913,0.686007022857666,0.9994254112243652,0.4971342384815216,0.24728834629058838,0.13055108487606049,0.9459232687950134,0.9990267753601074,0.25528350472450256,0.4409785866737366,0.17204898595809937,0.7219904065132141,0.9993383288383484,0.5131999850273132,0.24307028949260712,0.1540575623512268,0.913716733455658,0.999016523361206,0.2395860254764557,0.4724501669406891,0.11510347574949265,0.7510201334953308,0.998713493347168,0.48448801040649414,0.2218145877122879,0.11599551141262054,0.933153510093689,0.998873770236969
18,612,True,0.6205653548240662,0.4758123457431793,-0.26672542095184326,0.9991954565048218,0.999980092048645,0.6308337450027466,0.47432032227516174,-0.24618534743785858,0.9989398121833801,0.999976634979248,0.6309141516685486,0.47372347116470337,-0.24638129770755768,0.9987513422966003,0.9999788999557495,0.6311060786247253,0.47304767370224,-0.24656933546066284,0.9991041421890259,0.9999808073043823,0.6313644647598267,0.473752498626709,-0.2856895923614502,0.9989984035491943,0.9999655485153198,0.6318660378456116,0.47273892164230347,-0.28581503033638,0.998781681060791,0.9999597072601318,0.6323010325431824,0.47149109840393066,-0.2857929766178131,0.999034583568573,0.9999526739120483,0.6302893161773682,0.46434980630874634,-0.1332937479019165,0.9985074400901794,0.9999876022338867,0.6334010362625122,0.46040430665016174,-0.3204180896282196,0.9986832737922668,0.9999500513076782,0.6104423999786377,0.47143420577049255,-0.2221754640340805,0.9991140961647034,0.9999821186065674,0.6111395359039307,0.469769150018692,-0.2740189731121063,0.9991116523742676,0.9999682903289795,0.5881400108337402,0.4500899910926819,0.0022691909689456224,0.9994834661483765,0.9999810457229614,0.5999478101730347,0.4376862049102783,-0.39555779099464417,0.9996449947357178,0.9998698234558105,0.569149374961853,0.49581605195999146,0.01501437183469534,0.4167298972606659,0.9999644756317139,0.5801242589950562,0.49462276697158813,-0.5362780094146729,0.9846011400222778,0.9997774958610535,0.5794424414634705,0.5291304588317871,-0.13294512033462524,0.5538039803504944,0.999627947807312,0.5951017141342163,0.5350466966629028,-0.5824832320213318,0.9700599312782288,0.9989814162254333,0.5826361179351807,0.5363508462905884,-0.15780894458293915,0.5439779758453369,0.9992895126342773,0.6052752137184143,0.54213947057724,-0.6523913145065308,0.954303503036499,0.9986024498939514,0.5947641730308533,0.5381474494934082,-0.18850380182266235,0.5497250556945801,0.9993433356285095,0.6103602647781372,0.5426051616668701,-0.6309760808944702,0.9513929486274719,0.9986605644226074,0.5865001082420349,0.5332757234573364,-0.15490803122520447,0.5488128662109375,0.9994786381721497,0.6111767888069153,0.5410553216934204,-0.5784450769424438,0.9282101988792419,0.9988428354263306,0.47450950741767883,0.3755973279476166,0.12077328562736511,0.9995236992835999,0.9999760389328003,0.49733972549438477,0.3560979664325714,-0.12023677676916122,0.9996391534805298,0.999895453453064,0.37859252095222473,0.41879287362098694,0.061050932854413986,0.6243925094604492,0.9998499155044556,0.46248432993888855,0.288972407579422,-0.13680775463581085,0.9594985842704773,0.9995582699775696,0.26754030585289,0.39326849579811096,0.18582496047019958,0.7164368033409119,0.9993221759796143,0.5259711146354675,0.23797264695167542,0.09073662012815475,0.9511330127716064,0.998647153377533,0.25877147912979126,0.3811666965484619,0.19603203237056732,0.7477067708969116,0.9992631077766418,0.5362908840179443,0.23026414215564728,0.11787030845880508,0.9216359257698059,0.9986552000045776,0.22220461070537567,0.41177302598953247,0.14105096459388733,0.7738831639289856,0.9983389377593994,0.49863502383232117,0.21159127354621887,0.06842737644910812,0.939161479473114,0.9982051849365234
19,646,True,0.6189567446708679,0.47542229294776917,-0.2468481957912445,0.999273955821991,0.9999911785125732,0.6278471946716309,0.4737436771392822,-0.21950967609882355,0.9990424513816833,0.9999898672103882,0.6275983452796936,0.4731047749519348,-0.21967321634292603,0.9988729953765869,0.9999904632568359,0.6274070739746094,0.4724060595035553,-0.2198134958744049,0.999190092086792,0.9999908208847046,0.628951370716095,0.47319141030311584,-0.25993484258651733,0.9990960955619812,0.9999871253967285,0.6295236945152283,0.4721432626247406,-0.2600477635860443,0.9989014267921448,0.9999856948852539,0.6317073106765747,0.4711737632751465,-0.2599906623363495,0.9991276264190674,0.9999837875366211,0.6284435987472534,0.4636130928993225,-0.09901375323534012,0.9986549019813538,0.9999940395355225,0.6310150623321533,0.4600028991699219,-0.28423061966896057,0.9988138675689697,0.9999837875366211,0.608773410320282,0.47129684686660767,-0.20034052431583405,0.9991968870162964,0.999990701675415,0.6102022528648376,0.46953853964805603,-0.25262540578842163,0.9991907477378845,0.9999853372573853,0.5855109095573425,0.450064092874527,0.02622174471616745,0.9995288252830505,0.999984860420227,0.5996840596199036,0.4376664161682129,-0.3930744528770447,0.999674379825592,0.999930739402771,0.5693074464797974,0.4954841732978821,0.07037411630153656,0.41859978437423706,0.9999648332595825,0.5804672837257385,0.49426811933517456,-0.5336458086967468,0.9858018159866333,0.999810516834259,0.5780134201049805,0.5291149616241455,-0.03462190926074982,0.5550541281700134,0.9995232820510864,0.5941712856292725,0.5304194092750549,-0.5645163655281067,0.9712942838668823,0.9985237717628479,0.5707144141197205,0.5356335639953613,-0.051790498197078705,0.5439808964729309,0.9991525411605835,0.5995162725448608,0.5382543802261353,-0.6304199695587158,0.955302357673645,0.9981061220169067,0.5879921913146973,0.5375753045082092,-0.08240154385566711,0.549429714679718,0.999176561832428,0.6082852482795715,0.540267825126648,-0.6137449741363525,0.9522878527641296,0.9979252815246582,0.5808905959129333,0.5327122807502747,-0.05603581666946411,0.5511521697044373,0.9993231296539307,0.609135091304779,0.5359768271446228,-0.562299370765686,0.9298038482666016,0.9982467889785767,0.4795907437801361,0.3683513402938843,0.12323610484600067,0.9995706677436829,0.9999812841415405,0.5082013607025146,0.3516169786453247,-0.12273115664720535,0.99967360496521,0.9999361038208008,0.3749500811100006,0.3970433175563812,0.12330945581197739,0.6614751815795898,0.9998997449874878,0.47888296842575073,0.2863292396068573,-0.14564906060695648,0.9635266661643982,0.999796450138092,0.27536633610725403,0.35726577043533325,0.2735027074813843,0.7444238066673279,0.9997612833976746,0.5370012521743774,0.2307763546705246,0.07195686548948288,0.9559543132781982,0.9995450377464294,0.2633448541164398,0.34433212876319885,0.28267934918403625,0.772215723991394,0.9997666478157043,0.551841676235199,0.224259614944458,0.09610602259635925,0.9292586445808411,0.9995297193527222,0.22497820854187012,0.37667974829673767,0.23518887162208557,0.7956436276435852,0.9993990659713745,0.5056333541870117,0.20411929488182068,0.03328429535031319,0.9449933767318726,0.9993826150894165
20,680,True,0.6196194887161255,0.47399359941482544,-0.24331073462963104,0.999345600605011,0.9999969005584717,0.6277490854263306,0.4734920561313629,-0.21026496589183807,0.999136745929718,0.9999964237213135,0.6271532773971558,0.4727238118648529,-0.21037478744983673,0.9989839196205139,0.9999964237213135,0.6265303492546082,0.47200092673301697,-0.21048037707805634,0.9992690682411194,0.9999964237213135,0.6297598481178284,0.4720682203769684,-0.2507440447807312,0.9991856217384338,0.9999957084655762,0.6303049921989441,0.47108474373817444,-0.2508658170700073,0.999010443687439,0.999995231628418,0.6319621801376343,0.47029680013656616,-0.25080496072769165,0.9992135167121887,0.9999943971633911,0.6251545548439026,0.4640190601348877,-0.07682765275239944,0.9987884163856506,0.999997615814209,0.6313113570213318,0.45992064476013184,-0.25803807377815247,0.9989320635795593,0.9999939203262329,0.607197642326355,0.4704267978668213,-0.18988226354122162,0.9992748498916626,0.9999959468841553,0.6100128293037415,0.4685210585594177,-0.2416587471961975,0.999268114566803,0.9999935626983643,0.5767274498939514,0.4521382749080658,0.047390006482601166,0.999569833278656,0.999985933303833,0.59996098279953,0.43667611479759216,-0.38649630546569824,0.9997003674507141,0.9999390840530396,0.5695956945419312,0.5045245885848999,0.07744454592466354,0.418651819229126,0.999958872795105,0.5821510553359985,0.4931994080543518,-0.5385482907295227,0.9870056509971619,0.9998206496238708,0.5791803002357483,0.5316051244735718,-0.020690632984042168,0.5546096563339233,0.9993101358413696,0.5942426323890686,0.5294536352157593,-0.5509911775588989,0.9728286266326904,0.9981169700622559,0.5719507336616516,0.5364672541618347,-0.03939904272556305,0.5418842434883118,0.9987921118736267,0.5991193056106567,0.5372059345245361,-0.6140631437301636,0.9566892981529236,0.9976492524147034,0.5858277082443237,0.5397343039512634,-0.06527865678071976,0.546593189239502,0.9987584352493286,0.6053003668785095,0.5378627181053162,-0.5964961647987366,0.953517496585846,0.9972425699234009,0.5817063450813293,0.5335612893104553,-0.04048397019505501,0.5514799952507019,0.9989620447158813,0.6078314185142517,0.5348201394081116,-0.5482808351516724,0.9317911863327026,0.9976097345352173,0.47670236229896545,0.36257198452949524,0.12382332235574722,0.9996132850646973,0.9999855756759644,0.5106114149093628,0.34530386328697205,-0.12331812083721161,0.9997050762176514,0.9999595880508423,0.36886951327323914,0.3785715401172638,0.027315868064761162,0.695074737071991,0.9999527931213379,0.4874816834926605,0.27863413095474243,-0.1421867460012436,0.9671512842178345,0.9999135732650757,0.2897755801677704,0.32190126180648804,0.19860443472862244,0.7697702050209045,0.999923586845398,0.5491364002227783,0.22186248004436493,0.1062081977725029,0.9602963924407959,0.9997965693473816,0.3015514612197876,0.3087810277938843,0.2096700668334961,0.7944521903991699,0.9999157190322876,0.5610100626945496,0.21594858169555664,0.13231807947158813,0.936102569103241,0.9997867941856384,0.24571655690670013,0.3222145438194275,0.13814595341682434,0.8155668377876282,0.9996968507766724,0.5165663361549377,0.19751416146755219,0.056240472942590714,0.9502753019332886,0.9996365308761597
21,714,True,0.6180970668792725,0.4735191762447357,-0.21021467447280884,0.9994106888771057,0.9999985694885254,0.6241816282272339,0.4731956422328949,-0.17960427701473236,0.9992225170135498,0.9999979734420776,0.6230302453041077,0.4726037085056305,-0.17968660593032837,0.9990846514701843,0.9999979734420776,0.6218404769897461,0.4721168875694275,-0.17975781857967377,0.9993414282798767,0.9999978542327881,0.6270878314971924,0.4718569815158844,-0.21953275799751282,0.9992667436599731,0.999997615814209,0.6288207769393921,0.470878928899765,-0.21966759860515594,0.9991089701652527,0.9999973773956299,0.6300186514854431,0.4699629247188568,-0.21962057054042816,0.999291718006134,0.9999969005584717,0.6191765666007996,0.4652593731880188,-0.04865708202123642,0.998909056186676,0.9999983310699463,0.6290580034255981,0.45987242460250854,-0.22678431868553162,0.999038577079773,0.9999964237213135,0.6037859916687012,0.4700065553188324,-0.15967777371406555,0.9993460774421692,0.999996542930603,0.6096057295799255,0.46771150827407837,-0.21118228137493134,0.9993395805358887,0.9999951124191284,0.5730923414230347,0.45106378197669983,0.0698172003030777,0.9996068477630615,0.999981164932251,0.6010036468505859,0.4366762042045593,-0.3499043881893158,0.9997245073318481,0.999942421913147,0.569909393787384,0.5031535029411316,0.08947945386171341,0.4311680197715759,0.9999412298202515,0.5851439833641052,0.49045997858047485,-0.5309439897537231,0.9880459308624268,0.9997535347938538,0.5763673186302185,0.5315561294555664,-0.012783452868461609,0.5680830478668213,0.9994292855262756,0.5934116840362549,0.5296581983566284,-0.5213340520858765,0.974236786365509,0.9985176920890808,0.572123646736145,0.5367134809494019,-0.031304243952035904,0.5524362325668335,0.9989312291145325,0.6003329157829285,0.5377010107040405,-0.575499415397644,0.9578577280044556,0.9979268312454224,0.5831790566444397,0.5403300523757935,-0.05286099761724472,0.5561143159866333,0.9989523887634277,0.6054240465164185,0.538055956363678,-0.5534083247184753,0.9544921517372131,0.9978476762771606,0.5817010998725891,0.5340869426727295,-0.031114492565393448,0.5630771517753601,0.9991676807403564,0.6064068078994751,0.5350573062896729,-0.5148988962173462,0.933734655380249,0.9981592297554016,0.476168692111969,0.35950905084609985,0.12397347390651703,0.9996505975723267,0.9999758005142212,0.5156903266906738,0.3427364230155945,-0.12347181886434555,0.9997313618659973,0.9999457597732544,0.36927440762519836,0.3601335883140564,0.0641210600733757,0.7248457074165344,0.9998905658721924,0.5028144121170044,0.2737666070461273,-0.14530232548713684,0.9703987836837769,0.9998421669006348,0.3161870837211609,0.3022260069847107,0.20755963027477264,0.7922790050506592,0.9998125433921814,0.5540685653686523,0.21679015457630157,0.08205010741949081,0.964181661605835,0.999607264995575,0.33006855845451355,0.2891298830509186,0.2158474624156952,0.8136721849441528,0.9997783303260803,0.5661965608596802,0.20931708812713623,0.10420182347297668,0.9421026110649109,0.999561607837677,0.255440890789032,0.2989674210548401,0.16516603529453278,0.8329336047172546,0.9993277788162231,0.5261051654815674,0.19074134528636932,0.01018226332962513,0.9549539089202881,0.9991692304611206
22,748,True,0.616832435131073,0.4733952581882477,-0.19401107728481293,0.9994660019874573,0.9999759197235107,0.6238739490509033,0.47323235869407654,-0.16781097650527954,0.9992952942848206,0.9999721050262451,0.6229321360588074,0.47277045249938965,-0.16789641976356506,0.9991669654846191,0.9999719858169556,0.6219531297683716,0.47238874435424805,-0.16799557209014893,0.9994015693664551,0.9999716281890869,0.6273565292358398,0.4717528820037842,-0.207792267203331,0.9993371963500977,0.9999669790267944,0.6286328434944153,0.4707830846309662,-0.2079390436410904,0.9991936087608337,0.9999635219573975,0.6293563842773438,0.46972304582595825,-0.20792526006698608,0.9993587136268616,0.9999579191207886,0.6207093000411987,0.4653022289276123,-0.048060789704322815,0.999012291431427,0.9999755620956421,0.628966212272644,0.4599473476409912,-0.2273213118314743,0.9991304278373718,0.999947190284729,0.6021142601966858,0.4698513448238373,-0.14747008681297302,0.999399721622467,0.999930739402771,0.6080389022827148,0.46751004457473755,-0.19936391711235046,0.9993894696235657,0.9999042749404907,0.5751374959945679,0.4504675269126892,0.0664447546005249,0.9995967745780945,0.9997362494468689,0.6009722948074341,0.43757039308547974,-0.3378295600414276,0.9996926784515381,0.9992602467536926,0.5710022449493408,0.5018585324287415,0.08762853592634201,0.4313783347606659,0.9996541738510132,0.5848216414451599,0.4921737611293793,-0.4976150393486023,0.9879736304283142,0.9986740350723267,0.5763465166091919,0.5314462780952454,-0.007297222036868334,0.5701513290405273,0.9973211884498596,0.5931789875030518,0.5299690961837769,-0.5033694505691528,0.971713125705719,0.9934450387954712,0.5723139643669128,0.5366065502166748,-0.025949133560061455,0.5541002154350281,0.9956058859825134,0.5995475649833679,0.5380220413208008,-0.5602157711982727,0.9530799388885498,0.9915981292724609,0.5824117064476013,0.5401433706283569,-0.04908867925405502,0.5574982166290283,0.9955348968505859,0.603458046913147,0.5382141470909119,-0.5388023853302002,0.9491844177246094,0.9916343688964844,0.5833490490913391,0.5340600609779358,-0.025769561529159546,0.5660065412521362,0.9962325692176819,0.6010492444038391,0.5351285338401794,-0.4979146718978882,0.9285904169082642,0.992295503616333,0.481797993183136,0.35374701023101807,0.12408741563558578,0.9996760487556458,0.9998495578765869,0.5196326375007629,0.3415406346321106,-0.12358487397432327,0.9997423887252808,0.9997325539588928,0.37026655673980713,0.3386915326118469,0.10525067895650864,0.746688187122345,0.9993038177490234,0.5060563683509827,0.2733232378959656,-0.14297625422477722,0.9731407165527344,0.9989122152328491,0.361309677362442,0.2834934890270233,0.2969464063644409,0.8088036179542542,0.999091625213623,0.5540434122085571,0.21692581474781036,0.0829230546951294,0.9672794342041016,0.9985028505325317,0.3736032247543335,0.27266615629196167,0.3119116723537445,0.8248618245124817,0.9989870190620422,0.556397020816803,0.20642228424549103,0.10471022129058838,0.9460219144821167,0.99849534034729,0.30521586537361145,0.27412527799606323,0.24206258356571198,0.8438146114349365,0.9977791905403137,0.5359109044075012,0.18725734949111938,0.01941906288266182,0.9582134485244751,0.9972968697547913
23,782,True,0.6171749830245972,0.4737362265586853,-0.17731326818466187,0.9995177388191223,0.9999915361404419,0.6239681243896484,0.4735291004180908,-0.15109783411026,0.9993634819984436,0.9999899864196777,0.62298583984375,0.47316431999206543,-0.15113912522792816,0.9992459416389465,0.9999898672103882,0.6219629645347595,0.47284144163131714,-0.1512061059474945,0.9994587302207947,0.99998939037323,0.6277934908866882,0.47188496589660645,-0.19119763374328613,0.9994022846221924,0.9999889135360718,0.628885805606842,0.47094646096229553,-0.19136375188827515,0.9992724657058716,0.9999879598617554,0.6295751929283142,0.4699264168739319,-0.19135722517967224,0.999421238899231,0.9999861717224121,0.6209524273872375,0.46559810638427734,-0.030448272824287415,0.9991077780723572,0.999990701675415,0.6293646097183228,0.4603698253631592,-0.20942527055740356,0.9992154240608215,0.9999834299087524,0.6017583012580872,0.4699788987636566,-0.1309131234884262,0.9994538426399231,0.9999732971191406,0.6083770990371704,0.46773236989974976,-0.1827823370695114,0.9994430541992188,0.9999654293060303,0.5739429593086243,0.4501604437828064,0.08618482202291489,0.9996060729026794,0.9998619556427002,0.6025403141975403,0.43820637464523315,-0.3214542865753174,0.999689519405365,0.999731719493866,0.5585872530937195,0.5004532933235168,0.11009146273136139,0.4311985969543457,0.999758780002594,0.5855677127838135,0.4921644628047943,-0.4713943600654602,0.9882920980453491,0.9992460012435913,0.5746304988861084,0.5312603712081909,0.038299594074487686,0.5711533427238464,0.9984152317047119,0.5905962586402893,0.5303676724433899,-0.4730784595012665,0.9701685905456543,0.996168315410614,0.5715863704681396,0.5362581610679626,0.023488489910960197,0.5536803603172302,0.9975695013999939,0.5947033762931824,0.537906289100647,-0.5268594622612,0.9493402242660522,0.9951948523521423,0.5770858526229858,0.5381119847297668,0.0025221032556146383,0.5564746856689453,0.9974974989891052,0.5976000428199768,0.5380226373672485,-0.5017575025558472,0.9448647499084473,0.9952566027641296,0.5783166885375977,0.5340614914894104,0.02142142690718174,0.5658146142959595,0.9978564381599426,0.5935978293418884,0.5347388386726379,-0.4658462405204773,0.9243800044059753,0.9955612421035767,0.4827966094017029,0.35021835565567017,0.12424849718809128,0.9997018575668335,0.9999128580093384,0.5230816006660461,0.3415413498878479,-0.12376551330089569,0.9997561573982239,0.9998699426651001,0.38569915294647217,0.3149414360523224,0.113353431224823,0.7670553922653198,0.9997475743293762,0.5143629908561707,0.27172109484672546,-0.11936518549919128,0.9755933284759521,0.9996022582054138,0.38685354590415955,0.252999484539032,0.2912220358848572,0.8252549171447754,0.9996485710144043,0.5629605650901794,0.21047289669513702,0.0980953648686409,0.9701244235038757,0.9994916915893555,0.39449018239974976,0.24228134751319885,0.3042071759700775,0.8370306491851807,0.9995511174201965,0.5715742111206055,0.2025899887084961,0.11818596720695496,0.9497223496437073,0.9994845390319824,0.33799001574516296,0.24131707847118378,0.23245137929916382,0.8557674884796143,0.9989216327667236,0.549308717250824,0.18301931023597717,0.022636156529188156,0.9614103436470032,0.9989463686943054
24,816,True,0.6163744330406189,0.4740573465824127,-0.16427980363368988,0.9995629787445068,0.9999853372573853,0.6220799088478088,0.47398290038108826,-0.13855712115764618,0.9994229674339294,0.999983549118042,0.6210444569587708,0.4736742079257965,-0.13860175013542175,0.9993140697479248,0.9999831914901733,0.62000972032547,0.47336849570274353,-0.13866761326789856,0.999508261680603,0.999982476234436,0.6252343058586121,0.47267112135887146,-0.17988041043281555,0.999459981918335,0.9999821186065674,0.6277543902397156,0.4713555872440338,-0.1800558865070343,0.9993423223495483,0.9999809265136719,0.6283583045005798,0.4704257845878601,-0.18006941676139832,0.9994763731956482,0.9999784231185913,0.6179239749908447,0.4662218689918518,-0.021059008315205574,0.9991915225982666,0.9999852180480957,0.627621054649353,0.4615076184272766,-0.20577718317508698,0.9992906451225281,0.9999768733978271,0.6002962589263916,0.4700952172279358,-0.119129978120327,0.9994987845420837,0.9999595880508423,0.60603928565979,0.4683338701725006,-0.17256823182106018,0.9994869828224182,0.9999511241912842,0.5735002756118774,0.4499179422855377,0.09921611100435257,0.9996058940887451,0.9998550415039062,0.601577639579773,0.4401303827762604,-0.3210165798664093,0.9996829628944397,0.9997633099555969,0.5533075332641602,0.49844783544540405,0.14158469438552856,0.42833787202835083,0.9997993111610413,0.5855351686477661,0.4921533167362213,-0.4641447365283966,0.9886622428894043,0.9994008541107178,0.5720721483230591,0.5306445360183716,0.08496826887130737,0.5711891651153564,0.9986311793327332,0.5889277458190918,0.5306295156478882,-0.4688035845756531,0.9691164493560791,0.9967135190963745,0.5702500939369202,0.5358871221542358,0.0717945247888565,0.5524745583534241,0.9978241920471191,0.593052864074707,0.5380187630653381,-0.5248845219612122,0.9465509057044983,0.9955775737762451,0.5732496976852417,0.5367645621299744,0.048766955733299255,0.5548516511917114,0.9977821707725525,0.5954679846763611,0.5380701422691345,-0.5006197690963745,0.9416825175285339,0.9956870675086975,0.5719738602638245,0.5328674912452698,0.0676550567150116,0.5650644898414612,0.9981118440628052,0.5926017165184021,0.5347986817359924,-0.46216991543769836,0.9215256571769714,0.9960301518440247,0.4838862121105194,0.3442266583442688,0.126326322555542,0.9997252225875854,0.9999333620071411,0.5202596783638,0.3389355540275574,-0.12591172754764557,0.9997701644897461,0.9999101161956787,0.4107462167739868,0.2971509099006653,0.20085589587688446,0.7790232300758362,0.9996479749679565,0.5194243788719177,0.27026039361953735,-0.0907469317317009,0.9775524139404297,0.9995100498199463,0.4066906273365021,0.24145826697349548,0.37815096974372864,0.8366366624832153,0.999461829662323,0.5720511674880981,0.20890673995018005,0.09997965395450592,0.9723795652389526,0.9993908405303955,0.4238497316837311,0.2270393669605255,0.3911278545856476,0.8442785143852234,0.9993324875831604,0.5781763195991516,0.20179200172424316,0.11794225126504898,0.9524427056312561,0.9993733763694763,0.37402665615081787,0.22760765254497528,0.3051767349243164,0.8632269501686096,0.9987204074859619,0.5585522651672363,0.1808796226978302,0.022780293598771095,0.9638129472732544,0.9988202452659607
25,850,True,0.6124456524848938,0.4747018814086914,-0.11149881035089493,0.9995985627174377,0.9999405145645142,0.6212711334228516,0.4747838079929352,-0.09111203253269196,0.9994720816612244,0.9999430179595947,0.620178759098053,0.4742737412452698,-0.091155506670475,0.9993686676025391,0.9999427795410156,0.6193019151687622,0.47394150495529175,-0.09123411029577255,0.9995479583740234,0.9999396800994873,0.6236526966094971,0.4738122522830963,-0.13331401348114014,0.9995092153549194,0.9999374151229858,0.6249579191207886,0.4724995493888855,-0.13347218930721283,0.9994022846221924,0.9999336004257202,0.6255719661712646,0.4716154634952545,-0.13349349796772003,0.9995229244232178,0.9999264478683472,0.6185023784637451,0.4662312865257263,0.0025659436360001564,0.9992626309394836,0.9999431371688843,0.6261297464370728,0.4622413218021393,-0.18652233481407166,0.9993536472320557,0.9999136924743652,0.5988399386405945,0.4700866639614105,-0.07411149889230728,0.9995223879814148,0.9997729659080505,0.6036988496780396,0.4686243534088135,-0.1292179375886917,0.9995038509368896,0.9997406601905823,0.5740446448326111,0.4485415816307068,0.11778450757265091,0.9994495511054993,0.9994439482688904,0.5979633331298828,0.4435763359069824,-0.30035704374313354,0.9996252059936523,0.9993300437927246,0.5536608695983887,0.4942432940006256,0.15267159044742584,0.414202481508255,0.9995740056037903,0.584296464920044,0.497429221868515,-0.421828031539917,0.98884516954422,0.9987691044807434,0.572093665599823,0.528183102607727,0.07166687399148941,0.5618475079536438,0.9968818426132202,0.5889452695846558,0.5311525464057922,-0.42206791043281555,0.9686089158058167,0.992659866809845,0.5705788731575012,0.5342532396316528,0.060721561312675476,0.5451189279556274,0.9952439665794373,0.5930124521255493,0.5380632877349854,-0.4779919981956482,0.9456033706665039,0.9901920557022095,0.5740774273872375,0.5343230962753296,0.03436612710356712,0.5475249886512756,0.9951990246772766,0.5951484441757202,0.5381344556808472,-0.45328080654144287,0.9406594634056091,0.9905675053596497,0.5725725889205933,0.5322235226631165,0.05322800576686859,0.5588424205780029,0.9957166314125061,0.5928087830543518,0.5353189706802368,-0.4148879945278168,0.9211105704307556,0.9914891719818115,0.496751070022583,0.3417220711708069,0.12929624319076538,0.9997286796569824,0.9998201727867126,0.5173503160476685,0.3401448726654053,-0.12887044250965118,0.9997655749320984,0.9997789263725281,0.4347120523452759,0.28770095109939575,0.22548145055770874,0.7669776082038879,0.9990853071212769,0.5084910988807678,0.2793462574481964,-0.0795307606458664,0.9786888957023621,0.9987251162528992,0.43400320410728455,0.22791893780231476,0.3720095753669739,0.8302739262580872,0.9986250400543213,0.5390338897705078,0.21695594489574432,0.08749178051948547,0.9727993011474609,0.9983637928962708,0.44684478640556335,0.21455223858356476,0.382291704416275,0.8389102816581726,0.9982209801673889,0.5445660948753357,0.20948484539985657,0.10124175995588303,0.9525272846221924,0.9983524084091187,0.39285972714424133,0.21738645434379578,0.3261106014251709,0.8548616170883179,0.9973740577697754,0.5284261107444763,0.19053862988948822,0.024690402671694756,0.9629976749420166,0.9974502921104431
26,884,True,0.6131048202514648,0.4747888445854187,-0.10918454080820084,0.9996262192726135,0.9999127388000488,0.6216689348220825,0.47476688027381897,-0.0894554853439331,0.9995120763778687,0.999914288520813,0.6206841468811035,0.4743310511112213,-0.08948231488466263,0.9994111657142639,0.9999135732650757,0.6199973821640015,0.47387927770614624,-0.08955653756856918,0.9995789527893066,0.9999079704284668,0.623821496963501,0.4738108217716217,-0.12976065278053284,0.9995514154434204,0.9999109506607056,0.6253290176391602,0.472481906414032,-0.12993329763412476,0.9994538426399231,0.9999086856842041,0.6258295178413391,0.4716011583805084,-0.12997405230998993,0.9995625615119934,0.9999022483825684,0.618488073348999,0.4663718342781067,-0.0006394811207428575,0.9993212223052979,0.999915599822998,0.6248461604118347,0.4626772999763489,-0.18159119784832,0.999407172203064,0.9998923540115356,0.5987228155136108,0.4702824652194977,-0.07381120324134827,0.9995356202125549,0.9997350573539734,0.6032987833023071,0.46907153725624084,-0.12647663056850433,0.9995094537734985,0.9997132420539856,0.574100911617279,0.4484948217868805,0.10976918786764145,0.9992687106132507,0.9994261264801025,0.5941585302352905,0.4476136267185211,-0.2932041883468628,0.9995802044868469,0.999500036239624,0.5588245987892151,0.4920937120914459,0.1382848471403122,0.4016958475112915,0.9994820952415466,0.5842345952987671,0.49975499510765076,-0.4147312641143799,0.9891719222068787,0.9988196492195129,0.5724635720252991,0.5279043316841125,0.05998218432068825,0.5547869205474854,0.995596706867218,0.5954850316047668,0.5326138734817505,-0.42810502648353577,0.968978226184845,0.9909351468086243,0.5714027881622314,0.5338703989982605,0.04963701218366623,0.5399084091186523,0.9935445785522461,0.6035327315330505,0.5384751558303833,-0.48473820090293884,0.9460135698318481,0.9876712560653687,0.5746104717254639,0.5339003801345825,0.021702779456973076,0.5423793196678162,0.9933387637138367,0.6039568781852722,0.5383785367012024,-0.46076732873916626,0.9410872459411621,0.9879918694496155,0.5727647542953491,0.5322219729423523,0.04092322289943695,0.5546532273292542,0.993914783000946,0.6017065048217773,0.5364090204238892,-0.421816885471344,0.9224264025688171,0.9892003536224365,0.503481388092041,0.3429500460624695,0.12923254072666168,0.999721109867096,0.999739944934845,0.5189485549926758,0.3432251811027527,-0.12880824506282806,0.9997541904449463,0.9997287392616272,0.46736687421798706,0.28587836027145386,0.2109433114528656,0.7541056275367737,0.9990260601043701,0.507629930973053,0.28079983592033386,-0.07676700502634048,0.97962886095047,0.9987637996673584,0.4516953229904175,0.22075161337852478,0.3507426381111145,0.8216543793678284,0.9985266923904419,0.5263936519622803,0.2179708033800125,0.06971993297338486,0.972752034664154,0.9981929659843445,0.46852144598960876,0.20673923194408417,0.36030060052871704,0.8328685760498047,0.9980352520942688,0.5338854193687439,0.20963959395885468,0.08095694333314896,0.9520407319068909,0.9981080293655396,0.4141845405101776,0.20805637538433075,0.30075201392173767,0.8450862169265747,0.9971633553504944,0.524597704410553,0.19765228033065796,0.010623914189636707,0.9614967703819275,0.9971298575401306
27,918,True,0.606421172618866,0.47601956129074097,-0.11350573599338531,0.9996485710144043,0.9999210834503174,0.6174103021621704,0.4754776358604431,-0.09367949515581131,0.9995471835136414,0.9999268054962158,0.6168477535247803,0.47506770491600037,-0.0936979204416275,0.9994504451751709,0.9999237060546875,0.6162792444229126,0.4746479094028473,-0.09375501424074173,0.9996054172515869,0.999915599822998,0.6191590428352356,0.47482484579086304,-0.13527552783489227,0.9995883107185364,0.9999301433563232,0.6202012896537781,0.4738742411136627,-0.13546112179756165,0.9995000958442688,0.9999303817749023,0.620874285697937,0.4731568396091461,-0.13551762700080872,0.9995973110198975,0.9999270439147949,0.6159728765487671,0.46688804030418396,-0.00502036465331912,0.9993711709976196,0.9999135732650757,0.6209529638290405,0.46416664123535156,-0.19078987836837769,0.9994538426399231,0.9999154806137085,0.5941401720046997,0.4710661470890045,-0.07777321338653564,0.9995399713516235,0.99969482421875,0.5978409051895142,0.4704655110836029,-0.13208119571208954,0.9995031356811523,0.9997019171714783,0.5740296840667725,0.44843021035194397,0.10943502932786942,0.9989596605300903,0.9991511106491089,0.5895364284515381,0.4492954611778259,-0.30314767360687256,0.9995226263999939,0.9995083808898926,0.5589960217475891,0.48889535665512085,0.15578418970108032,0.38576072454452515,0.999419093132019,0.5842005610466003,0.5056601762771606,-0.4292840361595154,0.9896261096000671,0.9990233182907104,0.5720306634902954,0.5262407660484314,0.09051483124494553,0.542836606502533,0.9953887462615967,0.5957563519477844,0.5349434614181519,-0.43842965364456177,0.969899594783783,0.9909210205078125,0.5705947279930115,0.5320258140563965,0.08430705964565277,0.5305913686752319,0.9936984777450562,0.6048340797424316,0.5399346947669983,-0.49537193775177,0.9472603797912598,0.9877763986587524,0.5744626522064209,0.5334017872810364,0.05347002297639847,0.5334568023681641,0.9933306574821472,0.6057847142219543,0.5394920110702515,-0.4731593728065491,0.9424266815185547,0.9875839352607727,0.5726521611213684,0.5310541391372681,0.07085318863391876,0.5469042062759399,0.9937465190887451,0.6019018888473511,0.5366529226303101,-0.4329661428928375,0.924595057964325,0.988814651966095,0.5077086091041565,0.3437425196170807,0.13069215416908264,0.9997105598449707,0.9997623562812805,0.5185686945915222,0.3439463675022125,-0.13026213645935059,0.9997537732124329,0.9998070597648621,0.4922523498535156,0.2821594178676605,0.24631790816783905,0.7259296178817749,0.9992473125457764,0.4997623860836029,0.2828288674354553,-0.053587716072797775,0.9799258708953857,0.9992265701293945,0.48196420073509216,0.2175157070159912,0.39793142676353455,0.7988289594650269,0.9992963075637817,0.4939865171909332,0.21536484360694885,0.07955469191074371,0.9713606834411621,0.9990691542625427,0.498521089553833,0.2030927687883377,0.4075509309768677,0.818745493888855,0.9990804195404053,0.5096222162246704,0.20256760716438293,0.08419463038444519,0.9496732354164124,0.9989709854125977,0.437924861907959,0.20669019222259521,0.3589174151420593,0.8263651728630066,0.998760461807251,0.44272178411483765,0.2024904042482376,0.02244332619011402,0.9585599899291992,0.9985305070877075
28,952,True,0.6075292825698853,0.4774537980556488,-0.17052611708641052,0.999656617641449,0.9997937083244324,0.6169720888137817,0.47687220573425293,-0.15368463099002838,0.9995657205581665,0.9998177886009216,0.6164078116416931,0.47657084465026855,-0.15378426015377045,0.9994642734527588,0.9998090863227844,0.6157122850418091,0.4762752056121826,-0.1539028137922287,0.9996142387390137,0.9997854828834534,0.6196252703666687,0.4758181571960449,-0.1952781081199646,0.9996134638786316,0.9998331069946289,0.6204313039779663,0.47501540184020996,-0.19550243020057678,0.9995312094688416,0.9998378753662109,0.6209752559661865,0.4743219316005707,-0.19562609493732452,0.9996193051338196,0.9998325109481812,0.6147017478942871,0.4683513641357422,-0.06260095536708832,0.9993967413902283,0.9997604489326477,0.6195460557937622,0.4651641845703125,-0.24790692329406738,0.999484658241272,0.9998047947883606,0.5930006504058838,0.47310495376586914,-0.13143260776996613,0.9994989037513733,0.9988676309585571,0.5963477492332458,0.4725682735443115,-0.1857014298439026,0.9994370341300964,0.9989652633666992,0.5726073980331421,0.4488234519958496,0.06066814064979553,0.9980143308639526,0.9959742426872253,0.5875973701477051,0.4497556686401367,-0.34691402316093445,0.9992390275001526,0.9981921315193176,0.560039758682251,0.49300259351730347,0.12247273325920105,0.3659105896949768,0.9975027441978455,0.5829964280128479,0.5085381269454956,-0.4300987124443054,0.9894729256629944,0.9970921277999878,0.5704120397567749,0.5259037017822266,0.0854165330529213,0.5221741795539856,0.9849408268928528,0.5952479243278503,0.5351534485816956,-0.4451655149459839,0.9689263701438904,0.9856184124946594,0.5678799748420715,0.5316414833068848,0.06477849185466766,0.5118852257728577,0.9821633696556091,0.6061903834342957,0.5398119688034058,-0.505907416343689,0.9456223249435425,0.983132541179657,0.5747548937797546,0.5314743518829346,0.02650598995387554,0.515393078327179,0.9816721081733704,0.6067209839820862,0.5393590927124023,-0.48460274934768677,0.940788984298706,0.9824734926223755,0.5727855563163757,0.5303871035575867,0.06944386661052704,0.529822587966919,0.9819290637969971,0.6039759516716003,0.5367988348007202,-0.44107550382614136,0.9231735467910767,0.9835214614868164,0.5095095634460449,0.34295085072517395,0.13065384328365326,0.999643087387085,0.99895179271698,0.5207812786102295,0.3435956835746765,-0.1302163153886795,0.999715268611908,0.9992117881774902,0.499510794878006,0.2808106243610382,0.35921913385391235,0.6973177790641785,0.9978978633880615,0.5025579929351807,0.27814239263534546,0.07692562788724899,0.9799455404281616,0.9980545043945312,0.49659237265586853,0.2167796641588211,0.6177653670310974,0.7747750282287598,0.9984172582626343,0.4940991699695587,0.21124911308288574,0.31013059616088867,0.9693286418914795,0.9980043768882751,0.5108986496925354,0.20249803364276886,0.6391995549201965,0.8055076599121094,0.9980145692825317,0.5086902379989624,0.1983460634946823,0.33002087473869324,0.9460114240646362,0.9978406429290771,0.4516947865486145,0.2056964635848999,0.5744280219078064,0.8084104061126709,0.9976140260696411,0.4489353895187378,0.20116093754768372,0.24191726744174957,0.9552831649780273,0.9971911311149597
29,986,True,0.6076300144195557,0.4785718321800232,-0.147255077958107,0.9996399879455566,0.9995113611221313,0.6164553165435791,0.47776150703430176,-0.12884864211082458,0.9995465874671936,0.9995092153549194,0.615776538848877,0.47746211290359497,-0.12888111174106598,0.9994204044342041,0.9994981288909912,0.614949643611908,0.4771201014518738,-0.12896041572093964,0.9995879530906677,0.9994631409645081,0.6187229752540588,0.47682493925094604,-0.17024844884872437,0.9996165633201599,0.9995120763778687,0.6193347573280334,0.47600722312927246,-0.17044129967689514,0.9995338916778564,0.9995115995407104,0.6197937726974487,0.4752061367034912,-0.17053164541721344,0.9996190667152405,0.9994907379150391,0.6115373969078064,0.46923118829727173,-0.0398935005068779,0.9993740320205688,0.9994200468063354,0.6170638203620911,0.46635979413986206,-0.2246020883321762,0.9994853138923645,0.9993622899055481,0.5937155485153198,0.47389736771583557,-0.11005520075559616,0.9994246959686279,0.9984090924263,0.5972386002540588,0.4733336865901947,-0.16393589973449707,0.9993386268615723,0.9984124898910522,0.5708160400390625,0.44880661368370056,0.07842561602592468,0.9972699284553528,0.995837926864624,0.5849145650863647,0.4500647187232971,-0.3371039628982544,0.9989737272262573,0.9973741769790649,0.5603860020637512,0.4927263855934143,0.12203535437583923,0.3587372899055481,0.9982004165649414,0.579936146736145,0.5063276886940002,-0.4364956021308899,0.9897282123565674,0.9965702295303345,0.5639488697052002,0.5266456604003906,0.06113819032907486,0.5181978344917297,0.9899015426635742,0.5893310308456421,0.5365216732025146,-0.47618964314460754,0.9692203402519226,0.9834809899330139,0.5593533515930176,0.5322223901748657,0.04439979046583176,0.5088878870010376,0.9871249794960022,0.5988864302635193,0.5433465838432312,-0.5387479066848755,0.9461440443992615,0.9799560308456421,0.5694080591201782,0.5316525101661682,0.011072427965700626,0.5125896334648132,0.98651123046875,0.5961951017379761,0.5404107570648193,-0.517681360244751,0.9413723349571228,0.9798526763916016,0.5691708326339722,0.5307680368423462,0.04334624856710434,0.5275850892066956,0.9870668053627014,0.5943712592124939,0.5388196706771851,-0.47206148505210876,0.9243794679641724,0.9812273979187012,0.5175751447677612,0.34384986758232117,0.1306072175502777,0.9995023012161255,0.9979173541069031,0.528051495552063,0.34356021881103516,-0.13016705214977264,0.9995990991592407,0.9981840252876282,0.5191817283630371,0.2776827812194824,0.2758196294307709,0.679617166519165,0.9960801005363464,0.5210268497467041,0.2778090834617615,0.034318745136260986,0.980049192905426,0.9959932565689087,0.5215899348258972,0.21189875900745392,0.49045529961586,0.7610529661178589,0.9961685538291931,0.5107403993606567,0.20854005217552185,0.12691760063171387,0.9681000709533691,0.9948499798774719,0.5340107679367065,0.199393168091774,0.5081964731216431,0.7974511981010437,0.9952245950698853,0.5239826440811157,0.19681039452552795,0.13465549051761627,0.9429752826690674,0.9942613840103149,0.48254698514938354,0.2007158249616623,0.545207142829895,0.7974867820739746,0.9944268465042114,0.44944238662719727,0.19813470542430878,0.02165362611413002,0.9525550007820129,0.9931157231330872
30,1020,True,0.6070717573165894,0.48090648651123047,-0.148137629032135,0.9994661808013916,0.9987207055091858,0.6155315637588501,0.47922810912132263,-0.12991490960121155,0.9993190169334412,0.9987564086914062,0.6147484183311462,0.4789602756500244,-0.1299184113740921,0.9990834593772888,0.9987000226974487,0.6138547658920288,0.47865086793899536,-0.1299864798784256,0.9993277788162231,0.9985707998275757,0.6176987290382385,0.478370726108551,-0.1680920422077179,0.9994973540306091,0.9988688826560974,0.6182594895362854,0.4775901734828949,-0.16826583445072174,0.9994094371795654,0.998917818069458,0.6187654137611389,0.47681957483291626,-0.1683536171913147,0.9994964599609375,0.9989219903945923,0.6090596914291382,0.4711093306541443,-0.040141407400369644,0.9989829063415527,0.9981039762496948,0.6156684756278992,0.4686586856842041,-0.20879603922367096,0.9993104934692383,0.9985151886940002,0.5939695835113525,0.4765089154243469,-0.1111849769949913,0.9987695217132568,0.9928433299064636,0.5974892973899841,0.4759851396083832,-0.16084466874599457,0.9985460042953491,0.9936281442642212,0.5676929354667664,0.451008141040802,0.07333674281835556,0.9935249090194702,0.9831938743591309,0.5848173499107361,0.453147828578949,-0.30228883028030396,0.9979674220085144,0.9930921792984009,0.5605728030204773,0.5005494356155396,0.1044398695230484,0.3468697667121887,0.9954387545585632,0.5903854966163635,0.5082507133483887,-0.36950546503067017,0.988588809967041,0.994515597820282,0.5656524896621704,0.5258527994155884,0.05664467439055443,0.5000429153442383,0.9777696132659912,0.6098019480705261,0.5362810492515564,-0.3449230194091797,0.964112401008606,0.9763988852500916,0.5647262334823608,0.531379222869873,0.044279035180807114,0.4918056130409241,0.9758297204971313,0.6187773942947388,0.5415776371955872,-0.39459964632987976,0.9386097192764282,0.9744755625724792,0.5695676803588867,0.5307692289352417,0.015448873862624168,0.49567127227783203,0.9721643924713135,0.6236744523048401,0.5378673076629639,-0.3846312165260315,0.9336544275283813,0.9714193344116211,0.5697855353355408,0.527506411075592,0.03822708502411842,0.5115023255348206,0.9726438522338867,0.6146204471588135,0.5373463034629822,-0.3438638150691986,0.9166697263717651,0.9730527400970459,0.5171154737472534,0.3441316485404968,0.12558338046073914,0.9991998076438904,0.9956868290901184,0.5310515761375427,0.3440178334712982,-0.12516765296459198,0.9993985295295715,0.99750155210495,0.5330252647399902,0.2783937156200409,0.24491479992866516,0.6661950945854187,0.9959625601768494,0.5306510925292969,0.27983930706977844,-0.013083253055810928,0.9797177910804749,0.9968593120574951,0.5424485802650452,0.20699310302734375,0.4292128384113312,0.7574036717414856,0.9980886578559875,0.5315354466438293,0.20769646763801575,0.12601564824581146,0.9662759304046631,0.9978615641593933,0.556000292301178,0.19464416801929474,0.4444766640663147,0.7987439036369324,0.9978121519088745,0.5460237860679626,0.19554045796394348,0.13309511542320251,0.9392918944358826,0.9978801012039185,0.5035740733146667,0.19592472910881042,0.47798609733581543,0.7942129373550415,0.9971216320991516,0.4797775149345398,0.19662295281887054,0.023818930611014366,0.9492017030715942,0.9969785213470459
31,1054,True,0.6072345972061157,0.4806995391845703,-0.15028688311576843,0.9994987845420837,0.9998472929000854,0.6149420142173767,0.47949832677841187,-0.13125477731227875,0.9993594884872437,0.9998302459716797,0.6140667796134949,0.47921037673950195,-0.1312594711780548,0.999133288860321,0.9998242259025574,0.6130638718605042,0.47885242104530334,-0.1313210278749466,0.9993654489517212,0.9998082518577576,0.6172078251838684,0.47865620255470276,-0.17004121840000153,0.9995339512825012,0.9998359680175781,0.6177807450294495,0.47784653306007385,-0.1702137589454651,0.9994523525238037,0.9998377561569214,0.6190605759620667,0.4767865538597107,-0.170286163687706,0.999531626701355,0.9998304843902588,0.6080058217048645,0.4711205065250397,-0.038062237203121185,0.9990474581718445,0.9997962117195129,0.6158822178840637,0.46854037046432495,-0.21008361876010895,0.9993594884872437,0.9997929930686951,0.5942234992980957,0.4768761992454529,-0.11256174743175507,0.9988351464271545,0.9994291663169861,0.5977872610092163,0.4758221209049225,-0.1630183309316635,0.9986209869384766,0.9994387030601501,0.5669453740119934,0.45093387365341187,0.07447317987680435,0.9936308264732361,0.9982923865318298,0.5848093032836914,0.4524849057197571,-0.3084825277328491,0.9980006217956543,0.9989891648292542,0.5562894940376282,0.5000649094581604,0.1020503044128418,0.34943678975105286,0.9989763498306274,0.5850280523300171,0.5069993734359741,-0.3982105255126953,0.9891235828399658,0.9981853365898132,0.5611402988433838,0.5259738564491272,0.045218564569950104,0.5053732395172119,0.9936578869819641,0.6064411997795105,0.5364002585411072,-0.41167861223220825,0.9653489589691162,0.9891981482505798,0.5591453909873962,0.5314079523086548,0.03036576136946678,0.4955371618270874,0.9915655851364136,0.6157839298248291,0.5415922403335571,-0.46942198276519775,0.9403273463249207,0.9861254096031189,0.561820924282074,0.5308091640472412,0.0023441961966454983,0.4994529187679291,0.9910842180252075,0.6213514804840088,0.5390373468399048,-0.46228158473968506,0.9355343580245972,0.9858862161636353,0.5628001093864441,0.5287269353866577,0.02570047602057457,0.5157606601715088,0.9915639162063599,0.6128447651863098,0.5373589396476746,-0.41449660062789917,0.919360876083374,0.9871633052825928,0.523449182510376,0.34371429681777954,0.12566328048706055,0.9991781115531921,0.9988654851913452,0.5371292233467102,0.3442722260951996,-0.12524625658988953,0.9993801712989807,0.9991256594657898,0.547464907169342,0.2774087190628052,0.23843860626220703,0.6563416123390198,0.9985721111297607,0.5479936599731445,0.2778571546077728,-0.03688244894146919,0.9802570939064026,0.9985998272895813,0.5577515959739685,0.20624729990959167,0.4023997485637665,0.7533438205718994,0.9985881447792053,0.5525562763214111,0.20382431149482727,0.07990076392889023,0.9668267965316772,0.9982568621635437,0.5682954788208008,0.19427074491977692,0.4133760333061218,0.7968522310256958,0.9981303811073303,0.5636435151100159,0.19215089082717896,0.08803626894950867,0.9392897486686707,0.9979616403579712,0.51866614818573,0.19402605295181274,0.35277891159057617,0.7914607524871826,0.9973081350326538,0.5029187798500061,0.1931033730506897,-0.023549916222691536,0.9493769407272339,0.9969084858894348
32,1088,True,0.6076361536979675,0.48239749670028687,-0.15200726687908173,0.998915433883667,0.9934684038162231,0.6151898503303528,0.4803134500980377,-0.1335470825433731,0.9984409213066101,0.9936747550964355,0.6143102049827576,0.48003941774368286,-0.13350270688533783,0.9976895451545715,0.9933528900146484,0.61336350440979,0.4797138273715973,-0.13354192674160004,0.9983976483345032,0.9927650094032288,0.6174246072769165,0.4794027805328369,-0.17113307118415833,0.9990619421005249,0.9942650198936462,0.6179893612861633,0.47858157753944397,-0.1713068187236786,0.9988728761672974,0.9945694804191589,0.6190804243087769,0.4776746332645416,-0.17136217653751373,0.9990677237510681,0.9945985078811646,0.6082103252410889,0.47175168991088867,-0.04213802143931389,0.9976162910461426,0.9900938868522644,0.6157780289649963,0.46886691451072693,-0.20718826353549957,0.998772144317627,0.9922588467597961,0.594080924987793,0.4783472418785095,-0.11543997377157211,0.9971404671669006,0.9683611989021301,0.5977845191955566,0.4776152968406677,-0.16425451636314392,0.9967143535614014,0.9721082448959351,0.5672224164009094,0.4510515332221985,0.061081524938344955,0.9850085377693176,0.931166410446167,0.5854224562644958,0.45339012145996094,-0.2972657084465027,0.9954648017883301,0.9701421856880188,0.5549052953720093,0.501873791217804,0.07062996923923492,0.34115079045295715,0.988275408744812,0.5858670473098755,0.5074758529663086,-0.37409117817878723,0.9881515502929688,0.9867456555366516,0.5616041421890259,0.5265811085700989,0.031471073627471924,0.48724982142448425,0.9499484300613403,0.6299258470535278,0.5281798839569092,-0.36392292380332947,0.959760844707489,0.9478347897529602,0.570788562297821,0.531474232673645,0.014994109980762005,0.47646424174308777,0.9449635744094849,0.6443666219711304,0.5339221358299255,-0.41343075037002563,0.9317831993103027,0.9428912401199341,0.5697373151779175,0.5302000045776367,-0.008866324089467525,0.4806424081325531,0.9371140003204346,0.6366028785705566,0.5369908213615417,-0.40790116786956787,0.9268928170204163,0.9370418190956116,0.5701442360877991,0.5287975072860718,0.013391674496233463,0.49747177958488464,0.9376583099365234,0.6239282488822937,0.5335496664047241,-0.36526140570640564,0.9107565879821777,0.9391682744026184,0.5256835222244263,0.3430517911911011,0.11827857792377472,0.9982958436012268,0.9767449498176575,0.5395408868789673,0.3445388674736023,-0.11793286353349686,0.9987506866455078,0.9876384735107422,0.5514795780181885,0.2787540555000305,0.20545940101146698,0.6353725790977478,0.9787322878837585,0.557796835899353,0.27734190225601196,-0.041655831038951874,0.9793288111686707,0.9847158193588257,0.572783887386322,0.20742733776569366,0.37716564536094666,0.7401936650276184,0.9879330992698669,0.5697349905967712,0.20459453761577606,0.08639518916606903,0.9639123678207397,0.9884101152420044,0.5799990892410278,0.1898457109928131,0.3893415629863739,0.7877320647239685,0.9867550730705261,0.5691002607345581,0.19047890603542328,0.09564720839262009,0.9338626265525818,0.9881982207298279,0.5544413924217224,0.18995730578899384,0.2924904525279999,0.7813176512718201,0.9852948188781738,0.538484513759613,0.18870791792869568,-0.024348072707653046,0.9444913864135742,0.9851332902908325
33,1122,True,0.6021978259086609,0.4821062982082367,-0.12351387739181519,0.9987802505493164,0.9978105425834656,0.611980140209198,0.4801764488220215,-0.10272648185491562,0.9982143640518188,0.9978312849998474,0.6113213896751404,0.47987812757492065,-0.10264743864536285,0.9973284006118774,0.9977163076400757,0.6105586886405945,0.4795261323451996,-0.10267292708158493,0.9981685876846313,0.9975195527076721,0.6141029596328735,0.4792930483818054,-0.1416957676410675,0.9989776611328125,0.9980425834655762,0.6148304343223572,0.47845396399497986,-0.14184577763080597,0.9987767338752747,0.99811851978302,0.6157314777374268,0.47756290435791016,-0.14189565181732178,0.9989815354347229,0.99812251329422,0.605929434299469,0.47164908051490784,-0.009406253695487976,0.997313380241394,0.9967353940010071,0.6145802140235901,0.4685673117637634,-0.1832178384065628,0.9986692070960999,0.9973019361495972,0.5912454128265381,0.4779129922389984,-0.08677534013986588,0.9966791272163391,0.9893472194671631,0.5944600105285645,0.47712039947509766,-0.13739316165447235,0.996248722076416,0.9907825589179993,0.5674777626991272,0.4507928490638733,0.09115298837423325,0.980561375617981,0.9737147688865662,0.5840359926223755,0.45343613624572754,-0.2860238552093506,0.9945582747459412,0.9891700148582458,0.5554426908493042,0.5010303258895874,0.0948823094367981,0.3325919508934021,0.9954169988632202,0.5858468413352966,0.5070121884346008,-0.3692619800567627,0.9878855347633362,0.9943607449531555,0.5621980428695679,0.5265900492668152,0.047302864491939545,0.4795008599758148,0.9760622382164001,0.6225394010543823,0.5284733772277832,-0.36053594946861267,0.9578121304512024,0.9706904888153076,0.5696251392364502,0.5314825177192688,0.03343822434544563,0.47111019492149353,0.9719142317771912,0.6336988806724548,0.5345579981803894,-0.41116416454315186,0.9290010929107666,0.9655710458755493,0.5688955783843994,0.5303443074226379,0.005619875155389309,0.4752737879753113,0.9665126800537109,0.6345905065536499,0.5371350049972534,-0.40247052907943726,0.9239988923072815,0.9616562128067017,0.5695450901985168,0.5292792320251465,0.027541261166334152,0.49273157119750977,0.9678658843040466,0.6234373450279236,0.5339919924736023,-0.360727995634079,0.9085486531257629,0.9644096493721008,0.5280396938323975,0.3422512710094452,0.11853183060884476,0.9979014992713928,0.9902623891830444,0.5394813418388367,0.3448778986930847,-0.11819042265415192,0.9985098242759705,0.994187593460083,0.5550907254219055,0.2782358229160309,0.18071414530277252,0.6227092146873474,0.9891080856323242,0.5599240064620972,0.27577584981918335,-0.08006889373064041,0.9793731570243835,0.992347002029419,0.5857377648353577,0.20695917308330536,0.3176862895488739,0.735748827457428,0.9941856265068054,0.5780581831932068,0.2022639960050583,0.008631891570985317,0.963668704032898,0.9943405389785767,0.5966071486473083,0.18993829190731049,0.32641249895095825,0.7902829647064209,0.9936915636062622,0.5829960107803345,0.18554243445396423,0.013139118440449238,0.9337817430496216,0.9941504597663879,0.5630069971084595,0.18815971910953522,0.23016412556171417,0.7787134051322937,0.9928807020187378,0.5600423812866211,0.1807333379983902,-0.1113453358411789,0.9433627724647522,0.9924731254577637
34,1156,True,0.6015135049819946,0.48251333832740784,-0.13114970922470093,0.9976037740707397,0.9849199056625366,0.611143171787262,0.48038560152053833,-0.11104486137628555,0.9961876273155212,0.986880898475647,0.6105188131332397,0.4800514280796051,-0.1109970211982727,0.9944252967834473,0.9860913157463074,0.6097977757453918,0.4796489179134369,-0.11102929711341858,0.9960768222808838,0.9849022030830383,0.613129198551178,0.47949615120887756,-0.1495213657617569,0.9979451894760132,0.9883987307548523,0.613806426525116,0.47861742973327637,-0.14967557787895203,0.9976464509963989,0.989159882068634,0.6158825159072876,0.4775441586971283,-0.14974714815616608,0.9980051517486572,0.9894130825996399,0.6049563884735107,0.4715525507926941,-0.01696629822254181,0.9944359064102173,0.97809237241745,0.6141322255134583,0.4688046872615814,-0.18905062973499298,0.9975970387458801,0.9846685528755188,0.5912114977836609,0.47786182165145874,-0.09362281858921051,0.9932190775871277,0.9209631681442261,0.594236433506012,0.4771028161048889,-0.1435421258211136,0.9925181865692139,0.9347871541976929,0.5677225589752197,0.4505869448184967,0.08926187455654144,0.9656558632850647,0.8558701276779175,0.5832949876785278,0.45435696840286255,-0.28836217522621155,0.9912059903144836,0.9458340406417847,0.5557469129562378,0.5022551417350769,0.10350257903337479,0.3209243416786194,0.9852784872055054,0.5953574180603027,0.506674587726593,-0.3514367341995239,0.987064778804779,0.9857483506202698,0.5671408176422119,0.5255522727966309,0.0873183012008667,0.4553404450416565,0.9388096928596497,0.6329987645149231,0.5243013501167297,-0.31533703207969666,0.9515537619590759,0.9455062747001648,0.5728219747543335,0.5307786464691162,0.07811758667230606,0.4463098347187042,0.9326983690261841,0.6476131677627563,0.5301339626312256,-0.3621330261230469,0.9196799397468567,0.939186692237854,0.5709076523780823,0.5278292894363403,0.05204553157091141,0.4506383240222931,0.9211981296539307,0.6463208794593811,0.5274467468261719,-0.3563597798347473,0.9145657420158386,0.9309539198875427,0.5713008642196655,0.5273793935775757,0.06888813525438309,0.4685119390487671,0.9223790168762207,0.639022946357727,0.5246133208274841,-0.31568649411201477,0.8991541862487793,0.9330940842628479,0.5304450988769531,0.3414865732192993,0.1190347895026207,0.9966857433319092,0.9659308195114136,0.5401502847671509,0.344788521528244,-0.11868160218000412,0.9977822303771973,0.9841131567955017,0.5495494604110718,0.26995810866355896,0.1761334240436554,0.5941811203956604,0.9571512937545776,0.5614020228385925,0.2725840210914612,-0.08181634545326233,0.977218508720398,0.9746719002723694,0.5885632634162903,0.20414812862873077,0.31342393159866333,0.7148095369338989,0.9785903096199036,0.5860521793365479,0.19919948279857635,0.01604446955025196,0.9596915245056152,0.9848712086677551,0.598548948764801,0.188114196062088,0.3226397931575775,0.7751699090003967,0.9778775572776794,0.5881395936012268,0.18293260037899017,0.021603455767035484,0.928196907043457,0.9845326542854309,0.574982225894928,0.18105851113796234,0.22877874970436096,0.7617641091346741,0.9774053692817688,0.565994381904602,0.17712712287902832,-0.10100799053907394,0.9372036457061768,0.9806017875671387
35,1190,True,0.6015914678573608,0.48381558060646057,-0.10597442090511322,0.9947524070739746,0.9606369137763977,0.610765278339386,0.4807243347167969,-0.0862676277756691,0.9916751384735107,0.9678221344947815,0.6102237105369568,0.4803845286369324,-0.08620737493038177,0.9883742928504944,0.966144323348999,0.6096023321151733,0.479966402053833,-0.0862158015370369,0.9914155006408691,0.9634709358215332,0.6127545833587646,0.4804171025753021,-0.12521973252296448,0.9954829812049866,0.9716567397117615,0.6133237481117249,0.4789474606513977,-0.12537766993045807,0.9950686693191528,0.9736316800117493,0.6160193681716919,0.47773870825767517,-0.12547902762889862,0.9956835508346558,0.974410891532898,0.6054204106330872,0.47151821851730347,0.006220059935003519,0.988538920879364,0.9468880295753479,0.6142082810401917,0.46923255920410156,-0.16845956444740295,0.9954522252082825,0.9636178016662598,0.5914979577064514,0.47871869802474976,-0.06844435632228851,0.9864808917045593,0.8296319842338562,0.5945069789886475,0.478022038936615,-0.11915352195501328,0.9855068922042847,0.862873375415802,0.5679017305374146,0.45046281814575195,0.11308752000331879,0.9460645318031311,0.7458110451698303,0.5841759443283081,0.4549255967140198,-0.2690710723400116,0.986957311630249,0.9086482524871826,0.5571016669273376,0.5025601387023926,0.13979895412921906,0.30786949396133423,0.9804152250289917,0.6074813008308411,0.5065416693687439,-0.31866610050201416,0.9863812923431396,0.9821296334266663,0.5721619725227356,0.5255802869796753,0.1349242478609085,0.42881810665130615,0.8967940807342529,0.6424286365509033,0.5237585306167603,-0.26840367913246155,0.9456889033317566,0.9258201122283936,0.5755933523178101,0.5300537347793579,0.12989181280136108,0.4195271134376526,0.8838732838630676,0.6565547585487366,0.5293245911598206,-0.31287917494773865,0.9109048843383789,0.9129415154457092,0.5829301476478577,0.5278187990188599,0.10336940735578537,0.42388489842414856,0.8641642928123474,0.6540729999542236,0.5257428288459778,-0.3069906234741211,0.9056772589683533,0.902098536491394,0.5747622847557068,0.5275816917419434,0.11683212965726852,0.4423171877861023,0.8656284809112549,0.648330807685852,0.5230075716972351,-0.2681197226047516,0.8902890682220459,0.9051082730293274,0.5338956117630005,0.34033864736557007,0.11907780170440674,0.9950951933860779,0.9382107257843018,0.5423462986946106,0.3448585867881775,-0.11872562766075134,0.9967998266220093,0.9725332856178284,0.5611560344696045,0.2687090039253235,0.15139038860797882,0.5606080293655396,0.9099301695823669,0.5700138211250305,0.26936474442481995,-0.11063763499259949,0.9731757044792175,0.9504055380821228,0.5906227827072144,0.19285690784454346,0.25782132148742676,0.6844506859779358,0.9496914148330688,0.5891306400299072,0.187784343957901,-0.04519779235124588,0.952009916305542,0.9699513912200928,0.6035770177841187,0.18288028240203857,0.2644708752632141,0.7534918189048767,0.9502678513526917,0.5968934297561646,0.17820331454277039,-0.04253073036670685,0.9203241467475891,0.9697690606117249,0.5822222828865051,0.17369213700294495,0.17281591892242432,0.7347050905227661,0.9529479146003723,0.5749761462211609,0.16480135917663574,-0.16329129040241241,0.9259287714958191,0.9624873995780945
36,1224,True,0.6031917333602905,0.4836080074310303,-0.11011625081300735,0.9926446676254272,0.959918737411499,0.6109308004379272,0.48063063621520996,-0.08716216683387756,0.9882902503013611,0.9659472107887268,0.610325813293457,0.48030367493629456,-0.08711163699626923,0.9838233590126038,0.9649090766906738,0.6096575856208801,0.47991418838500977,-0.08713746815919876,0.9881505966186523,0.9633781909942627,0.6130123734474182,0.48025426268577576,-0.1256514936685562,0.9938932657241821,0.9693212509155273,0.6137568950653076,0.4788290858268738,-0.12581191956996918,0.9933767914772034,0.9712206721305847,0.6161013245582581,0.4776632785797119,-0.12590648233890533,0.9941370487213135,0.9721387028694153,0.6052634119987488,0.4716525077819824,0.016257109120488167,0.9845718145370483,0.953603982925415,0.6143491268157959,0.4693070948123932,-0.1564166098833084,0.9941821098327637,0.9626141786575317,0.591641366481781,0.4785304069519043,-0.06995273381471634,0.982353925704956,0.8856733441352844,0.5945702791213989,0.4777781069278717,-0.12008491903543472,0.981299102306366,0.9037385582923889,0.5664470195770264,0.45039859414100647,0.1175067350268364,0.9362245202064514,0.8571357727050781,0.5884445309638977,0.4546126425266266,-0.25662174820899963,0.984244704246521,0.93112713098526,0.5568937659263611,0.5021344423294067,0.13434429466724396,0.3073074221611023,0.9843277931213379,0.612421989440918,0.5057279467582703,-0.33009839057922363,0.9863952398300171,0.9787623286247253,0.5719605088233948,0.5271206498146057,0.11097707599401474,0.4227302074432373,0.9055357575416565,0.6361541748046875,0.5270923972129822,-0.3135511875152588,0.9441782236099243,0.899074137210846,0.5773544907569885,0.5311095118522644,0.11851097643375397,0.41142237186431885,0.8880540132522583,0.6529905200004578,0.5310150384902954,-0.36302417516708374,0.9080118536949158,0.8814279437065125,0.5820317268371582,0.5283033847808838,0.07491477578878403,0.41576433181762695,0.8723385334014893,0.6516358256340027,0.5270645022392273,-0.3539297878742218,0.9028487801551819,0.87372887134552,0.5763868689537048,0.528328537940979,0.08982745558023453,0.43482664227485657,0.8735921382904053,0.6408061385154724,0.5298895239830017,-0.31301793456077576,0.887887179851532,0.8769366145133972,0.5341469049453735,0.339794784784317,0.11832313239574432,0.993923544883728,0.9374682307243347,0.5502978563308716,0.3446233868598938,-0.11800823360681534,0.9957345128059387,0.9618539214134216,0.574516236782074,0.26702865958213806,0.14425106346607208,0.5371071696281433,0.9285928606987,0.5840026140213013,0.26666027307510376,-0.1129031628370285,0.96986985206604,0.9397614002227783,0.6251523494720459,0.19465890526771545,0.2571369707584381,0.6641688346862793,0.9407724142074585,0.6245597004890442,0.19150960445404053,-0.035889606922864914,0.9457723498344421,0.9511500597000122,0.6347904801368713,0.17863617837429047,0.26431167125701904,0.7399493455886841,0.9361729621887207,0.6300742030143738,0.17723119258880615,-0.03218847140669823,0.9128511548042297,0.9498965740203857,0.6129497289657593,0.16750553250312805,0.16814647614955902,0.7164599299430847,0.9311795234680176,0.6137987971305847,0.16368789970874786,-0.1592596024274826,0.9166029095649719,0.9376641511917114
37,1258,True,0.5998936295509338,0.48358410596847534,-0.1179901733994484,0.9892260432243347,0.9320011734962463,0.6098888516426086,0.48055553436279297,-0.09612143039703369,0.9832265377044678,0.9434632062911987,0.6092475056648254,0.4802266061306,-0.0960857942700386,0.9769363403320312,0.9401405453681946,0.6085870862007141,0.4798385202884674,-0.09611988067626953,0.982863187789917,0.9360467791557312,0.6119645237922668,0.4801374077796936,-0.13469749689102173,0.9913093447685242,0.9520647525787354,0.6126317381858826,0.47879162430763245,-0.13485881686210632,0.9905948042869568,0.9558092355728149,0.6142054796218872,0.4777679443359375,-0.13494841754436493,0.9916728734970093,0.9578026533126831,0.6040208339691162,0.47170692682266235,0.004089337773621082,0.9779871702194214,0.9106694459915161,0.6125012040138245,0.4697348177433014,-0.16891732811927795,0.9919524788856506,0.9426135420799255,0.5902153849601746,0.4784413278102875,-0.07843129336833954,0.9753463268280029,0.7687994837760925,0.5924580693244934,0.47791847586631775,-0.12864255905151367,0.9744410514831543,0.8183977603912354,0.566530704498291,0.4502619802951813,0.1127794086933136,0.9178705811500549,0.6921573281288147,0.5880944132804871,0.4555510878562927,-0.2687373757362366,0.9799943566322327,0.8862445950508118,0.5581172108650208,0.5024645924568176,0.12197689712047577,0.2984620928764343,0.9736077189445496,0.6113735437393188,0.5056238770484924,-0.33732739090919495,0.9858643412590027,0.9751220941543579,0.5736138820648193,0.52719646692276,0.0938786119222641,0.40505024790763855,0.8508521914482117,0.6351373791694641,0.5257330536842346,-0.30933433771133423,0.9396989345550537,0.8940780758857727,0.5776064395904541,0.5315403938293457,0.09792900830507278,0.39335545897483826,0.8261833190917969,0.6485500931739807,0.530750036239624,-0.3573811948299408,0.9011872410774231,0.8715632557868958,0.585330069065094,0.5285137295722961,0.05654831975698471,0.3976041078567505,0.8014057874679565,0.6470310091972351,0.5273295640945435,-0.3510062098503113,0.8959947228431702,0.860039472579956,0.5768051743507385,0.5283746123313904,0.07284708321094513,0.41717883944511414,0.8029196858406067,0.6393698453903198,0.5267251133918762,-0.3093201220035553,0.8812767267227173,0.8644160628318787,0.5366678237915039,0.3379470407962799,0.11714686453342438,0.992389440536499,0.912052571773529,0.5502605438232422,0.34409698843955994,-0.11686147749423981,0.9946169853210449,0.9543225765228271,0.5726842880249023,0.2662847638130188,0.14882123470306396,0.5085728168487549,0.8767830729484558,0.5864705443382263,0.266381174325943,-0.1043214499950409,0.9644007682800293,0.9191798567771912,0.6210057735443115,0.1934223473072052,0.27149564027786255,0.6342523097991943,0.9144925475120544,0.6212441325187683,0.1888064295053482,-0.020027529448270798,0.9357043504714966,0.9371609091758728,0.6354092359542847,0.18266747891902924,0.28011152148246765,0.7181463241577148,0.9136865139007568,0.6318976879119873,0.17905943095684052,-0.015372809022665024,0.90176922082901,0.9378669857978821,0.6149893999099731,0.172494575381279,0.19111467897891998,0.6892112493515015,0.9186652302742004,0.6107614040374756,0.1646248996257782,-0.13560469448566437,0.90267014503479,0.9292573928833008
38,1292,True,0.6002972722053528,0.48345956206321716,-0.17143423855304718,0.989004909992218,0.982477605342865,0.6100829243659973,0.48049432039260864,-0.14936257898807526,0.9827709794044495,0.9847188591957092,0.6094409823417664,0.48016825318336487,-0.14934562146663666,0.9761951565742493,0.983588695526123,0.6087764501571655,0.47978800535202026,-0.14937955141067505,0.9823364615440369,0.9820337891578674,0.6121659874916077,0.4800483286380768,-0.18870866298675537,0.991207480430603,0.9873955845832825,0.6128865480422974,0.47874706983566284,-0.18888509273529053,0.9904879331588745,0.9884068369865417,0.6142851710319519,0.47777819633483887,-0.18899646401405334,0.9915780425071716,0.9888707995414734,0.6043123006820679,0.4716690480709076,-0.04330461472272873,0.9772037267684937,0.9753334522247314,0.61286860704422,0.46963539719581604,-0.22015944123268127,0.9918656349182129,0.9856066107749939,0.5899633765220642,0.47837576270103455,-0.12915360927581787,0.9745038151741028,0.927861750125885,0.5921153426170349,0.47778254747390747,-0.1803913563489914,0.9738938212394714,0.9465637803077698,0.5668594837188721,0.44987407326698303,0.07278891652822495,0.9132457375526428,0.885089635848999,0.590253472328186,0.455172598361969,-0.3151549994945526,0.9796199798583984,0.966168224811554,0.5585389733314514,0.5023963451385498,0.08688019216060638,0.29170429706573486,0.9882147312164307,0.6138473749160767,0.5056048035621643,-0.37795737385749817,0.9860367774963379,0.9900215268135071,0.5737173557281494,0.5272082090377808,0.057375796139240265,0.39196333289146423,0.9264143705368042,0.637031614780426,0.525696873664856,-0.3462006449699402,0.9380539655685425,0.9490146636962891,0.5812547206878662,0.5304640531539917,0.043596215546131134,0.3789721429347992,0.9108424782752991,0.648687481880188,0.5311740636825562,-0.3970900774002075,0.8978850841522217,0.9359566569328308,0.5855579972267151,0.5286285877227783,0.014554942958056927,0.3829934298992157,0.8992120623588562,0.6466599106788635,0.528018593788147,-0.3939323425292969,0.8927347660064697,0.9310203790664673,0.5805936455726624,0.5284425020217896,0.03756381571292877,0.4030359983444214,0.9013916254043579,0.6412842273712158,0.5262628197669983,-0.34748902916908264,0.8783053159713745,0.9338952898979187,0.5397582054138184,0.33621111512184143,0.12022221833467484,0.9922828078269958,0.9699309468269348,0.5555921196937561,0.3421644866466522,-0.1199546828866005,0.9945756793022156,0.9863147735595703,0.5855549573898315,0.26854896545410156,0.18340127170085907,0.4916932284832001,0.9636150002479553,0.5876914262771606,0.26748523116111755,-0.08496490865945816,0.9628287553787231,0.9796654582023621,0.6425001621246338,0.19519895315170288,0.3503057062625885,0.6223066449165344,0.9773346781730652,0.6405389308929443,0.19154062867164612,0.0327884815633297,0.934755802154541,0.9849727153778076,0.6561552882194519,0.18242278695106506,0.3627307116985321,0.7119201421737671,0.9758840799331665,0.6497868895530701,0.18045765161514282,0.04065485671162605,0.9000137448310852,0.984470009803772,0.6314975619316101,0.17033293843269348,0.2712761461734772,0.680779755115509,0.9738404154777527,0.6262399554252625,0.16364572942256927,-0.09141114354133606,0.9012972116470337,0.9789270758628845
39,1326,True,0.6006709337234497,0.4834100306034088,-0.16525733470916748,0.9896807074546814,0.9974180459976196,0.6102398037910461,0.4804515242576599,-0.14528033137321472,0.9838060736656189,0.9975907802581787,0.6095913052558899,0.48012447357177734,-0.1451938897371292,0.9775583148002625,0.9974138736724854,0.6089091897010803,0.4797455668449402,-0.14513185620307922,0.9833911657333374,0.9971446394920349,0.6122353672981262,0.47999244928359985,-0.18592995405197144,0.991778552532196,0.997963547706604,0.6129856705665588,0.47870588302612305,-0.18617425858974457,0.9910913109779358,0.998084306716919,0.6144459843635559,0.477772057056427,-0.18628010153770447,0.9921185374259949,0.9981071949005127,0.6045464277267456,0.4716671407222748,-0.022818980738520622,0.9784068465232849,0.9962827563285828,0.6142305731773376,0.46959787607192993,-0.20101666450500488,0.9923558235168457,0.9975149631500244,0.5901302099227905,0.4783104360103607,-0.12811745703220367,0.9758943915367126,0.9887270927429199,0.5923818945884705,0.4778115153312683,-0.1791568547487259,0.9754014015197754,0.9913896918296814,0.5674779415130615,0.44974809885025024,0.0836489275097847,0.9165524244308472,0.9749122262001038,0.5937936305999756,0.45462217926979065,-0.2988068759441376,0.9805744886398315,0.9915669560432434,0.561017632484436,0.5023608207702637,0.09107471257448196,0.2896243929862976,0.9969040751457214,0.6171677708625793,0.505760908126831,-0.37794527411460876,0.986449122428894,0.9964689016342163,0.5750194787979126,0.527596652507782,0.042654018849134445,0.38952285051345825,0.9750846028327942,0.6350702047348022,0.5299670100212097,-0.36587050557136536,0.9386479258537292,0.9759240746498108,0.5806995630264282,0.531460165977478,0.021748097613453865,0.37559470534324646,0.9674612879753113,0.6414105892181396,0.5347676873207092,-0.42053091526031494,0.8979858160018921,0.9685096740722656,0.5884348154067993,0.5304168462753296,-0.0039443885907530785,0.37928521633148193,0.9638221859931946,0.6399475336074829,0.5336828827857971,-0.4126068949699402,0.8927713632583618,0.9668936729431152,0.5804519057273865,0.5307036638259888,0.022745294496417046,0.3996739983558655,0.9655249118804932,0.6397333145141602,0.530562162399292,-0.36638006567955017,0.8787102103233337,0.9691277742385864,0.5422763228416443,0.33585086464881897,0.1218167394399643,0.9927228093147278,0.993438184261322,0.5615302324295044,0.3415107727050781,-0.12151352316141129,0.994886040687561,0.9966937303543091,0.5915494561195374,0.26927947998046875,0.17515866458415985,0.48462870717048645,0.9914228320121765,0.5943154692649841,0.26638340950012207,-0.09712016582489014,0.9629870653152466,0.9947047829627991,0.6469959616661072,0.1979128122329712,0.3267659842967987,0.6195287704467773,0.9942290782928467,0.6468786597251892,0.19309411942958832,0.0054556443355977535,0.935778021812439,0.9953131675720215,0.6639932990074158,0.18681900203227997,0.3353983163833618,0.7135364413261414,0.9934999346733093,0.6642246842384338,0.18146149814128876,0.010203098878264427,0.9015302658081055,0.994953453540802,0.6346614360809326,0.17100390791893005,0.2327090948820114,0.6813995242118835,0.9916658997535706,0.6243903040885925,0.16635234653949738,-0.12346559017896652,0.9029858708381653,0.9924045205116272
40,1360,True,0.6036396026611328,0.4823123514652252,-0.16196314990520477,0.9904870986938477,0.998934805393219,0.6120770573616028,0.479771226644516,-0.1428150236606598,0.9850478172302246,0.998832643032074,0.6112078428268433,0.4794394075870514,-0.14283764362335205,0.9792537093162537,0.9987682700157166,0.6103345155715942,0.47902703285217285,-0.14285442233085632,0.9846696853637695,0.9986498951911926,0.6145026087760925,0.4792373776435852,-0.18324542045593262,0.9924414753913879,0.9989872574806213,0.6152146458625793,0.47810497879981995,-0.18358276784420013,0.9918062686920166,0.999047577381134,0.6186090707778931,0.4768572449684143,-0.18368837237358093,0.9927509427070618,0.9990637898445129,0.6053534746170044,0.47119706869125366,-0.022386839613318443,0.9799797534942627,0.9983583092689514,0.6165401339530945,0.4689592719078064,-0.19177375733852386,0.9929566383361816,0.9988372921943665,0.5944332480430603,0.4781873822212219,-0.12486297637224197,0.9776039123535156,0.9959707856178284,0.5978266596794128,0.4776972234249115,-0.17521551251411438,0.9772031307220459,0.9965324401855469,0.5675480365753174,0.44964805245399475,0.08398192375898361,0.9228551387786865,0.9928048253059387,0.5961102247238159,0.45449525117874146,-0.29098060727119446,0.9819898009300232,0.997448742389679,0.5610045790672302,0.5036585330963135,0.08549707382917404,0.2886161208152771,0.9980436563491821,0.6115077137947083,0.5076425075531006,-0.37774360179901123,0.9862309098243713,0.997860848903656,0.5727536678314209,0.5274317264556885,0.04143843054771423,0.3845575451850891,0.98544842004776,0.6354272365570068,0.5315502285957336,-0.37387895584106445,0.9366967082023621,0.9854741096496582,0.5741074085235596,0.5314632654190063,0.022578567266464233,0.3687776029109955,0.983086109161377,0.6437780261039734,0.5386360287666321,-0.4282051920890808,0.8947604298591614,0.9830369353294373,0.5771981477737427,0.530571460723877,-0.002312435768544674,0.3724963665008545,0.9805161952972412,0.6346108913421631,0.5346459746360779,-0.41776347160339355,0.8896212577819824,0.9814779758453369,0.574298620223999,0.5299025177955627,0.021707769483327866,0.3931914269924164,0.9807748198509216,0.63813716173172,0.5333035588264465,-0.3740485608577728,0.8756928443908691,0.9819583296775818,0.5455144643783569,0.3358451724052429,0.12250719964504242,0.9933313727378845,0.9976117610931396,0.5604763627052307,0.33945274353027344,-0.12222190201282501,0.9952926635742188,0.9988491535186768,0.5879879593849182,0.2677847743034363,0.18905271589756012,0.4900384843349457,0.9979567527770996,0.5901795625686646,0.2673661410808563,-0.07420194149017334,0.9637700319290161,0.9986874461174011,0.6435905694961548,0.20048117637634277,0.34083834290504456,0.6361032724380493,0.9988744854927063,0.6394800543785095,0.20105615258216858,0.04078451916575432,0.9391043186187744,0.9991434812545776,0.6596561670303345,0.1885165125131607,0.3490276336669922,0.7262330055236816,0.9986051917076111,0.655648946762085,0.19978904724121094,0.04610816761851311,0.90594881772995,0.9990193843841553,0.6369048357009888,0.17352910339832306,0.2344537079334259,0.6964744329452515,0.9979015588760376,0.628878653049469,0.18944764137268066,-0.11578407138586044,0.9082725644111633,0.998264729976654
41,1394,True,0.6036593317985535,0.4822525084018707,-0.16184517741203308,0.9910950064659119,0.9982590079307556,0.612110435962677,0.47973817586898804,-0.13961546123027802,0.9860060811042786,0.9982994198799133,0.6112363338470459,0.47942906618118286,-0.13959726691246033,0.9805284738540649,0.9982267022132874,0.6103259921073914,0.479015588760376,-0.13961085677146912,0.9856637716293335,0.998071014881134,0.6147101521492004,0.4791842997074127,-0.17779842019081116,0.9929494261741638,0.9984619617462158,0.6155185103416443,0.47809624671936035,-0.17805644869804382,0.9923410415649414,0.9985301494598389,0.6186306476593018,0.4768790602684021,-0.17815329134464264,0.9932350516319275,0.9985343217849731,0.6054102182388306,0.47108325362205505,-0.023980461061000824,0.9811553359031677,0.9977728724479675,0.617599606513977,0.4690282344818115,-0.190206840634346,0.9934021234512329,0.9982163310050964,0.5941436886787415,0.47766000032424927,-0.12133962661027908,0.9789494276046753,0.9942565560340881,0.5975340008735657,0.4772849977016449,-0.17008763551712036,0.9785800576210022,0.9950523972511292,0.5672857761383057,0.44946879148483276,0.0832822173833847,0.9279723763465881,0.9905067086219788,0.5984845161437988,0.453881174325943,-0.28554055094718933,0.9830749034881592,0.9957436919212341,0.5605087280273438,0.503842294216156,0.07642026245594025,0.29347163438796997,0.9979634284973145,0.6071358323097229,0.5081177949905396,-0.37792298197746277,0.9863031506538391,0.9968388080596924,0.570923924446106,0.5284185409545898,0.02575472928583622,0.38605996966362,0.9865879416465759,0.6242817640304565,0.5335091948509216,-0.3855854570865631,0.9361839890480042,0.9816628098487854,0.5744513869285583,0.5323240160942078,0.0038208630867302418,0.3671782314777374,0.9832534193992615,0.6370673179626465,0.5393721461296082,-0.4410843849182129,0.8935034275054932,0.9782310128211975,0.5770700573921204,0.5307959318161011,-0.016089124605059624,0.37065497040748596,0.9818522930145264,0.6324516534805298,0.5372847318649292,-0.42851802706718445,0.888362467288971,0.9774182438850403,0.5745115280151367,0.5303122997283936,0.0075854347087442875,0.39165377616882324,0.9825383424758911,0.627453088760376,0.534744918346405,-0.3849242329597473,0.8745589852333069,0.9782376289367676,0.5453863739967346,0.33514177799224854,0.12196417152881622,0.9938212037086487,0.997260570526123,0.565725564956665,0.33919861912727356,-0.12167365103960037,0.9956213235855103,0.9985207915306091,0.5883038640022278,0.26859408617019653,0.1887301504611969,0.49161598086357117,0.9966195821762085,0.5964904427528381,0.2677666246891022,-0.07408002763986588,0.9639840126037598,0.9976015686988831,0.6474359035491943,0.20001666247844696,0.3419007956981659,0.6419937014579773,0.9975722432136536,0.6465058326721191,0.19961456954479218,0.0439395047724247,0.940697193145752,0.9977797865867615,0.6635456681251526,0.18989311158657074,0.35112088918685913,0.7321766018867493,0.9971036314964294,0.6628220677375793,0.19671963155269623,0.04981981962919235,0.9075793623924255,0.9975212216377258,0.6280733346939087,0.17451182007789612,0.23640011250972748,0.7035172581672668,0.9959784746170044,0.6258413791656494,0.18076469004154205,-0.10718697309494019,0.9109672904014587,0.9960022568702698
42,1428,True,0.600985586643219,0.4817127287387848,-0.17931422591209412,0.9917051196098328,0.9981712102890015,0.6121362447738647,0.4796578288078308,-0.1571333259344101,0.9870167374610901,0.9981212019920349,0.6112654209136963,0.4793686270713806,-0.1571289449930191,0.9818739295005798,0.9979813694953918,0.6103529334068298,0.47898736596107483,-0.15717452764511108,0.9866734147071838,0.9977229237556458,0.6148322820663452,0.4791165292263031,-0.19418606162071228,0.993478536605835,0.9984270334243774,0.61569744348526,0.4780874252319336,-0.1944172978401184,0.9928991794586182,0.9985272884368896,0.6186391711235046,0.4768913686275482,-0.1945255696773529,0.9937370419502258,0.9985402822494507,0.605499267578125,0.47112560272216797,-0.04585379362106323,0.9824315309524536,0.9972840547561646,0.6175769567489624,0.4691919684410095,-0.2104022353887558,0.9938769340515137,0.9982931017875671,0.5926505923271179,0.4763268530368805,-0.13633596897125244,0.9802882671356201,0.9930105805397034,0.596222996711731,0.47586026787757874,-0.18430449068546295,0.9800220727920532,0.994536280632019,0.5673239231109619,0.44806212186813354,0.06074465811252594,0.9325158596038818,0.9865615963935852,0.6001952290534973,0.4528551697731018,-0.2958737313747406,0.984097421169281,0.9956609606742859,0.5575899481773376,0.5036372542381287,0.07114075869321823,0.2922574281692505,0.9967800974845886,0.6054074764251709,0.5049260854721069,-0.37924546003341675,0.9862633347511292,0.9968484044075012,0.5730095505714417,0.5286116003990173,0.025909921154379845,0.38301199674606323,0.9746297597885132,0.631747841835022,0.5332435369491577,-0.38216641545295715,0.9357358813285828,0.9799486994743347,0.5750564932823181,0.5327292084693909,0.003310302970930934,0.3627937138080597,0.9678530693054199,0.6331583857536316,0.5388800501823425,-0.43669864535331726,0.8924990296363831,0.9739476442337036,0.5835005044937134,0.5308004021644592,-0.018458258360624313,0.36610421538352966,0.9650638103485107,0.6308871507644653,0.537093997001648,-0.4252970516681671,0.8874919414520264,0.9729437232017517,0.5819882154464722,0.5303308963775635,0.007508627139031887,0.38774749636650085,0.9661566615104675,0.6274599432945251,0.5350903868675232,-0.3815097510814667,0.8739396333694458,0.974440336227417,0.5456095337867737,0.3321932256221771,0.12098473310470581,0.9942687153816223,0.9960368275642395,0.5691288709640503,0.3345911502838135,-0.1207045465707779,0.9959325790405273,0.998136043548584,0.5944302082061768,0.26809006929397583,0.23015746474266052,0.48953449726104736,0.9950836896896362,0.5964959263801575,0.26535525918006897,-0.012870757840573788,0.963809072971344,0.9970546960830688,0.6497010588645935,0.20110085606575012,0.4487387239933014,0.6420777440071106,0.9963535070419312,0.6507045030593872,0.19963383674621582,0.15508697926998138,0.9418556094169617,0.9969985485076904,0.6671640872955322,0.19011913239955902,0.4659096300601959,0.7341824173927307,0.9957172274589539,0.6679837107658386,0.19601520895957947,0.16722658276557922,0.9085110425949097,0.9966657757759094,0.634844183921814,0.17711596190929413,0.36871078610420227,0.7058459520339966,0.9946020841598511,0.6247453689575195,0.1798929125070572,0.03521029278635979,0.9131148457527161,0.9948055148124695
43,1462,True,0.6012754440307617,0.48175182938575745,-0.21063780784606934,0.9924318194389343,0.999359667301178,0.6121959090232849,0.4797225594520569,-0.1881878525018692,0.9881752729415894,0.9993528723716736,0.6103633642196655,0.47965550422668457,-0.18819521367549896,0.9834687113761902,0.9992896318435669,0.6093679666519165,0.4793190062046051,-0.18823592364788055,0.9878455400466919,0.9991723299026489,0.614870548248291,0.4791777729988098,-0.2282661646604538,0.9940677881240845,0.999474823474884,0.6157131195068359,0.4782257080078125,-0.22848732769489288,0.9935384392738342,0.9995099306106567,0.6185986399650574,0.4771634042263031,-0.2285914570093155,0.9942994713783264,0.9995108842849731,0.6055465340614319,0.47124919295310974,-0.07205326110124588,0.9839687943458557,0.9989548921585083,0.6175000071525574,0.4693635106086731,-0.2512480914592743,0.9944213628768921,0.9994188547134399,0.5912852883338928,0.4762236177921295,-0.1637641191482544,0.9819207787513733,0.9964983463287354,0.5949861407279968,0.47566622495651245,-0.21579909324645996,0.9817057847976685,0.9973824620246887,0.5673661828041077,0.4473997950553894,0.052166834473609924,0.9370290637016296,0.990738570690155,0.6002970337867737,0.45156988501548767,-0.3370521664619446,0.9852792620658875,0.9974058270454407,0.5589631199836731,0.5035153031349182,0.07456200569868088,0.2899631857872009,0.9973629117012024,0.6041962504386902,0.5053765773773193,-0.42004281282424927,0.9867433309555054,0.9979076385498047,0.5734052658081055,0.5286041498184204,0.02502257563173771,0.3820796012878418,0.9828643798828125,0.6350059509277344,0.5330981016159058,-0.41870468854904175,0.9375109672546387,0.9873063564300537,0.5750778317451477,0.5317997932434082,0.002785736694931984,0.3607981503009796,0.9782243967056274,0.6300895810127258,0.5382698774337769,-0.4783984422683716,0.8946089148521423,0.9831477403640747,0.5817058682441711,0.5306237936019897,-0.021778011694550514,0.364054799079895,0.9770739674568176,0.6292188763618469,0.5369771718978882,-0.46643227338790894,0.889735996723175,0.9827871322631836,0.5811878442764282,0.5302397012710571,0.005661998875439167,0.3859911561012268,0.9780089855194092,0.6272971034049988,0.535089373588562,-0.4176216125488281,0.8763483166694641,0.9839301705360413,0.548949122428894,0.330059677362442,0.1283232420682907,0.9946926236152649,0.9970405697822571,0.5675464272499084,0.3342931270599365,-0.12797872722148895,0.9962584972381592,0.9988085031509399,0.5984483957290649,0.268716961145401,0.2813325822353363,0.48239654302597046,0.9961954355239868,0.6001062393188477,0.2629398703575134,0.007571217603981495,0.964702308177948,0.9982503056526184,0.6539024114608765,0.20162124931812286,0.5398690104484558,0.637972354888916,0.9977600574493408,0.6548637747764587,0.19615104794502258,0.19335828721523285,0.9444303512573242,0.9980825185775757,0.6716181635856628,0.1906035989522934,0.5611894726753235,0.7355020046234131,0.9974378347396851,0.6726343631744385,0.18987447023391724,0.2073192000389099,0.911361575126648,0.9977917671203613,0.6284077763557434,0.17848296463489532,0.4774479269981384,0.7057770490646362,0.9967408776283264,0.625174343585968,0.1727863848209381,0.08055707067251205,0.9168543815612793,0.9963510036468506
44,1496,True,0.6006139516830444,0.4801595211029053,-0.23314431309700012,0.993028998374939,0.9989914298057556,0.6122621297836304,0.4795646071434021,-0.21076038479804993,0.9891340136528015,0.9989211559295654,0.6105721592903137,0.47948580980300903,-0.2107672095298767,0.9847728610038757,0.9988411068916321,0.6095682978630066,0.4785398840904236,-0.21080423891544342,0.9888166785240173,0.9986774325370789,0.6152324080467224,0.47895097732543945,-0.24710239470005035,0.9945544004440308,0.999075174331665,0.6162818074226379,0.47805270552635193,-0.24732428789138794,0.9940577149391174,0.9991216063499451,0.6190093159675598,0.4763619303703308,-0.24742884933948517,0.9947643280029297,0.9991130232810974,0.6057820916175842,0.47124138474464417,-0.09141860902309418,0.9852115511894226,0.9984153509140015,0.6198327541351318,0.4691565930843353,-0.2546387016773224,0.9948747158050537,0.9989474415779114,0.5911754369735718,0.4740813374519348,-0.1852312684059143,0.9832578301429749,0.9958215951919556,0.5950101017951965,0.4733315408229828,-0.23235924541950226,0.9831024408340454,0.9965768456459045,0.5673814415931702,0.44605445861816406,0.031375981867313385,0.9414000511169434,0.9907481074333191,0.6073029041290283,0.44907742738723755,-0.33252960443496704,0.9862310886383057,0.996493399143219,0.5538082718849182,0.5037866830825806,0.040841374546289444,0.300415962934494,0.9974066615104675,0.6064233779907227,0.5014138221740723,-0.42024263739585876,0.9870008826255798,0.9973471164703369,0.5736740827560425,0.5289363265037537,-0.013117147609591484,0.3880479037761688,0.9842713475227356,0.6444817781448364,0.5330050587654114,-0.43123653531074524,0.9381272792816162,0.9855058193206787,0.5750954747200012,0.5326608419418335,-0.04038151726126671,0.3629254996776581,0.9799423217773438,0.6482325196266174,0.5391806364059448,-0.49090051651000977,0.8949076533317566,0.9813753366470337,0.5838277339935303,0.5307807922363281,-0.06081930920481682,0.3660951256752014,0.9792471528053284,0.630973756313324,0.5369035601615906,-0.4786665141582489,0.8902398347854614,0.9814187288284302,0.5804383754730225,0.5305763483047485,-0.03165309876203537,0.3882898986339569,0.9801111817359924,0.6441592574119568,0.5353384017944336,-0.43048977851867676,0.8769639730453491,0.9822826981544495,0.5476922988891602,0.3267115652561188,0.12681995332241058,0.9950721859931946,0.9967511892318726,0.5723515152931213,0.3292258679866791,-0.1265099197626114,0.9965283274650574,0.9985650181770325,0.5985494256019592,0.2647417187690735,0.26461318135261536,0.4818209111690521,0.9959372282028198,0.6065318584442139,0.255598247051239,0.015517947264015675,0.9646386504173279,0.9977783560752869,0.6552008390426636,0.20149719715118408,0.5261446833610535,0.6393451690673828,0.997316300868988,0.6575760841369629,0.19586744904518127,0.20808470249176025,0.9461293816566467,0.9974837303161621,0.6723858118057251,0.19119593501091003,0.5476108193397522,0.7386266589164734,0.9968360662460327,0.674163281917572,0.18952028453350067,0.22207236289978027,0.9127112627029419,0.9970349073410034,0.633201003074646,0.17864245176315308,0.4513815939426422,0.7090892195701599,0.9958778619766235,0.6389176845550537,0.1729622781276703,0.08242710679769516,0.9195801019668579,0.9951395988464355
45,1530,True,0.6034821271896362,0.47979360818862915,-0.1908189356327057,0.9935374855995178,0.9988366961479187,0.6122798323631287,0.47949591279029846,-0.16547571122646332,0.9899417757987976,0.9986880421638489,0.6105974912643433,0.4794330596923828,-0.16543962061405182,0.9858659505844116,0.9986164569854736,0.6096048355102539,0.4785517752170563,-0.1655135601758957,0.9896461367607117,0.9984921216964722,0.6165666580200195,0.4787379205226898,-0.20382684469223022,0.9949758648872375,0.9988150596618652,0.6176813840866089,0.47794705629348755,-0.20404435694217682,0.9945078492164612,0.998847246170044,0.6199968457221985,0.47636690735816956,-0.20409585535526276,0.995164155960083,0.9988250136375427,0.607164740562439,0.47126826643943787,-0.04656609892845154,0.986244261264801,0.9982091188430786,0.6202353835105896,0.46916013956069946,-0.21846777200698853,0.9952296614646912,0.9984596967697144,0.591512143611908,0.4740074574947357,-0.1442715972661972,0.9843955636024475,0.9956543445587158,0.5996413826942444,0.4732007384300232,-0.19389188289642334,0.9842725992202759,0.9960965514183044,0.5678377151489258,0.4453432559967041,0.05654875561594963,0.9451303482055664,0.9912590384483337,0.6070741415023804,0.4485939145088196,-0.30910196900367737,0.9868221282958984,0.9955119490623474,0.5539929866790771,0.5025745630264282,0.05856740102171898,0.3078001141548157,0.9979244470596313,0.6024442911148071,0.5015671849250793,-0.411923348903656,0.9867043495178223,0.996907651424408,0.5718178749084473,0.5298550724983215,0.0035574857611209154,0.3983817994594574,0.9815872311592102,0.615964949131012,0.5350075960159302,-0.42415618896484375,0.9378297328948975,0.979478120803833,0.5712379813194275,0.5340877771377563,-0.019592849537730217,0.3725072145462036,0.9756868481636047,0.632706880569458,0.5414256453514099,-0.4809885323047638,0.8947696089744568,0.9745336174964905,0.5740878582000732,0.5319629907608032,-0.04265584051609039,0.37564384937286377,0.9734514355659485,0.6258717179298401,0.5398521423339844,-0.4687280058860779,0.8901144862174988,0.9738249778747559,0.5742236971855164,0.5316243767738342,-0.015353137627243996,0.3978533446788788,0.974478006362915,0.6299992799758911,0.5364546179771423,-0.4234549105167389,0.8769859075546265,0.975054144859314,0.5477584600448608,0.3277224004268646,0.12568208575248718,0.9953895807266235,0.9971458315849304,0.5729874968528748,0.33030810952186584,-0.12542694807052612,0.9967212677001953,0.9982671737670898,0.5965453386306763,0.2608461380004883,0.1847039759159088,0.48863422870635986,0.9965510368347168,0.6030325293540955,0.2579457461833954,-0.05315721780061722,0.9647799134254456,0.9974760413169861,0.6557701826095581,0.20139345526695251,0.36801427602767944,0.6445959806442261,0.9972469806671143,0.6598107218742371,0.19887971878051758,0.07090910524129868,0.9476715326309204,0.9973426461219788,0.6725376844406128,0.19367045164108276,0.38075315952301025,0.7413856983184814,0.9965656399726868,0.6754318475723267,0.19295401871204376,0.07698093354701996,0.9137710928916931,0.9969249367713928,0.6356515884399414,0.18070445954799652,0.27729421854019165,0.7131516933441162,0.9954236149787903,0.6391522288322449,0.17932389676570892,-0.06753556430339813,0.9216417074203491,0.9952091574668884
46,1564,True,0.6063036322593689,0.47976356744766235,-0.1893261820077896,0.994055449962616,0.9993764758110046,0.613909125328064,0.4793774485588074,-0.1639990657567978,0.9907618165016174,0.9993240833282471,0.6106270551681519,0.47942137718200684,-0.16396363079547882,0.9869942665100098,0.9992891550064087,0.609607458114624,0.4783251881599426,-0.16401360929012299,0.9904940128326416,0.9992249011993408,0.6178559064865112,0.47869887948036194,-0.20241419970989227,0.9953969717025757,0.9993917942047119,0.6189261674880981,0.47793808579444885,-0.20263400673866272,0.994961142539978,0.9994093179702759,0.6208310723304749,0.4762514531612396,-0.20270246267318726,0.9955664277076721,0.9994029998779297,0.6080365180969238,0.4713895916938782,-0.046166807413101196,0.9873169660568237,0.9991475343704224,0.6203612685203552,0.4693891108036041,-0.2176828533411026,0.9956093430519104,0.9992848038673401,0.5919511318206787,0.47391754388809204,-0.1428942084312439,0.9856089353561401,0.9979355335235596,0.599522054195404,0.4731523096561432,-0.1925625205039978,0.9855215549468994,0.9981655478477478,0.568023145198822,0.44538164138793945,0.057735808193683624,0.9495996236801147,0.996396005153656,0.6085526943206787,0.44866567850112915,-0.30924585461616516,0.9877487421035767,0.9982269406318665,0.5586691498756409,0.499144971370697,0.061263810843229294,0.3184690773487091,0.9990506768226624,0.6009218692779541,0.5031774044036865,-0.4145439863204956,0.9868080019950867,0.9985692501068115,0.5710768103599548,0.5316645503044128,0.009280852042138577,0.4110127389431,0.9914071559906006,0.6063064932823181,0.5358686447143555,-0.4268856346607208,0.938337504863739,0.9883221983909607,0.570238471031189,0.5347304940223694,-0.014283104799687862,0.38332340121269226,0.9883514046669006,0.6164994835853577,0.542232871055603,-0.4848187267780304,0.8952429294586182,0.9852323532104492,0.5746951699256897,0.5338940620422363,-0.038365211337804794,0.386094868183136,0.9873446822166443,0.6157100200653076,0.5412598848342896,-0.4709004759788513,0.8904633522033691,0.984818160533905,0.5731257200241089,0.5334702730178833,-0.0101388581097126,0.40782371163368225,0.988008975982666,0.6162853837013245,0.5394443869590759,-0.42563027143478394,0.8773672580718994,0.9855610728263855,0.5474679470062256,0.32847028970718384,0.12557709217071533,0.9957746267318726,0.9988932013511658,0.5743425488471985,0.33118507266044617,-0.12532156705856323,0.9969804286956787,0.9993222951889038,0.5957908630371094,0.2616947293281555,0.18622753024101257,0.4938287138938904,0.998449444770813,0.6006866693496704,0.2592158913612366,-0.06486652046442032,0.9649450182914734,0.9988595247268677,0.6550377607345581,0.2015993297100067,0.36950355768203735,0.6515586376190186,0.9989162683486938,0.6596522927284241,0.1989646852016449,0.06100540608167648,0.949327826499939,0.998883068561554,0.6759519577026367,0.1937544047832489,0.3821658194065094,0.7468156814575195,0.9987072944641113,0.6744870543479919,0.19300270080566406,0.0676489919424057,0.9154898524284363,0.9987305998802185,0.6349232792854309,0.18091563880443573,0.2757109999656677,0.7201358675956726,0.9980814456939697,0.6364524960517883,0.17743748426437378,-0.07725631445646286,0.9243811964988708,0.997857391834259
47,1598,True,0.6075674891471863,0.47977250814437866,-0.16829334199428558,0.9944484233856201,0.9990445971488953,0.6145051717758179,0.479541540145874,-0.14192013442516327,0.9914019703865051,0.9989413619041443,0.6118575930595398,0.47934824228286743,-0.1418483853340149,0.9878413677215576,0.9988694787025452,0.6107909083366394,0.47832340002059937,-0.14186084270477295,0.991146981716156,0.9987425208091736,0.6183595657348633,0.47889065742492676,-0.17946413159370422,0.995730459690094,0.9990785121917725,0.6194738745689392,0.4779328405857086,-0.17968381941318512,0.9953104257583618,0.9991194605827332,0.6212291717529297,0.47630468010902405,-0.17976483702659607,0.9958850145339966,0.9991193413734436,0.6083307266235352,0.4713868200778961,-0.024716416373848915,0.9880893230438232,0.9985204339027405,0.6204259395599365,0.46938085556030273,-0.19215258955955505,0.9958952069282532,0.9988921284675598,0.5962821245193481,0.4748985767364502,-0.12281395494937897,0.9864673614501953,0.9963515996932983,0.6024818420410156,0.4744202494621277,-0.1712874174118042,0.9864435195922852,0.9969363212585449,0.5682206749916077,0.44635382294654846,0.07952778786420822,0.9527548551559448,0.9927339553833008,0.6083596348762512,0.4497222900390625,-0.2896718382835388,0.9884100556373596,0.9969534873962402,0.5622644424438477,0.5022856593132019,0.08060101419687271,0.3219020664691925,0.9983674883842468,0.5982975959777832,0.5075027942657471,-0.3961104452610016,0.9868600368499756,0.9975630044937134,0.5711016654968262,0.5339676141738892,0.013919350691139698,0.41635650396347046,0.9847752451896667,0.6102398037910461,0.5377451181411743,-0.40546053647994995,0.9382475018501282,0.9795857071876526,0.5751384496688843,0.5356603860855103,-0.01098871324211359,0.3883424401283264,0.9800997376441956,0.6185433864593506,0.543148398399353,-0.4599733054637909,0.894700288772583,0.9751743674278259,0.577229917049408,0.5354740619659424,-0.036017414182424545,0.39080166816711426,0.9781209826469421,0.6173656582832336,0.5421384572982788,-0.4447496235370636,0.8896987438201904,0.9741995334625244,0.5767103433609009,0.5351530313491821,-0.0061483667232096195,0.4124942421913147,0.9789113998413086,0.6175863742828369,0.5413967370986938,-0.4033973813056946,0.8766095042228699,0.9751625061035156,0.5475204586982727,0.32930752635002136,0.12547428905963898,0.9960588216781616,0.9975751042366028,0.5742166042327881,0.33371099829673767,-0.1252129077911377,0.9971767067909241,0.9986007809638977,0.5952462553977966,0.26702961325645447,0.15964306890964508,0.4962240159511566,0.9973670840263367,0.5998238325119019,0.26053303480148315,-0.0924011766910553,0.9656428694725037,0.998241662979126,0.6542395949363708,0.2016068696975708,0.3204912543296814,0.6572727560997009,0.9983661770820618,0.6582265496253967,0.1975947916507721,0.0046966299414634705,0.9508862495422363,0.9979857206344604,0.6763731837272644,0.19357812404632568,0.33095434308052063,0.7518867254257202,0.9980985522270203,0.6728636622428894,0.1897609382867813,0.00844818726181984,0.9166824221611023,0.9976980090141296,0.6318339109420776,0.1768806278705597,0.2237388640642166,0.725612223148346,0.9972346425056458,0.6334063410758972,0.17222939431667328,-0.13925862312316895,0.9264944791793823,0.996295154094696
48,1632,True,0.6130707859992981,0.4797760844230652,-0.1775749772787094,0.9949410557746887,0.9996507167816162,0.6158323884010315,0.4795812666416168,-0.14796675741672516,0.9921655654907227,0.9995877146720886,0.6136513352394104,0.47940754890441895,-0.14787054061889648,0.9889070391654968,0.9995566010475159,0.6124265193939209,0.4785829484462738,-0.14784102141857147,0.9919294714927673,0.9994969367980957,0.6201856732368469,0.4789227545261383,-0.18434809148311615,0.9961170554161072,0.9996503591537476,0.623727560043335,0.47793108224868774,-0.18455520272254944,0.9957308173179626,0.9996672868728638,0.6254787445068359,0.4764483869075775,-0.18461725115776062,0.9962566494941711,0.9996627569198608,0.6095938086509705,0.4717075228691101,-0.02523202635347843,0.9891262054443359,0.9994290471076965,0.623845636844635,0.46945300698280334,-0.1898256540298462,0.9962630867958069,0.9995958209037781,0.5993624329566956,0.47502022981643677,-0.1281096488237381,0.9876384139060974,0.9987150430679321,0.606048047542572,0.4745790958404541,-0.17510709166526794,0.9876471757888794,0.9989584684371948,0.5684362053871155,0.4463672637939453,0.08126617223024368,0.9567598104476929,0.9964631199836731,0.6127319931983948,0.4497296214103699,-0.28054314851760864,0.9893510341644287,0.9987238049507141,0.5635501146316528,0.5023133754730225,0.09337374567985535,0.3446906805038452,0.9989833235740662,0.6439579129219055,0.5046713948249817,-0.3927663266658783,0.9876353740692139,0.9988158941268921,0.5711085200309753,0.5337538719177246,0.054443493485450745,0.43570825457572937,0.9895122647285461,0.6573305726051331,0.5348778963088989,-0.4202055335044861,0.9413423538208008,0.989661693572998,0.5765597224235535,0.535588264465332,0.03245479613542557,0.40258222818374634,0.9851751923561096,0.6655318140983582,0.5423903465270996,-0.4752803444862366,0.8988921046257019,0.985385537147522,0.5774694681167603,0.5354535579681396,0.008533203043043613,0.4046418368816376,0.9839994311332703,0.6621415615081787,0.5415436029434204,-0.46299171447753906,0.8941202163696289,0.9852210879325867,0.5775423049926758,0.5350678563117981,0.03528658673167229,0.4266715943813324,0.9847651720046997,0.6588510870933533,0.5389291048049927,-0.4200246036052704,0.8816138505935669,0.9862642884254456,0.547304630279541,0.3309079706668854,0.12398135662078857,0.9963806867599487,0.9983214735984802,0.5739152431488037,0.33607736229896545,-0.12376037985086441,0.9974021315574646,0.9992009997367859,0.5947278141975403,0.2671166956424713,0.15846127271652222,0.5068325996398926,0.9980314373970032,0.6001693606376648,0.26103001832962036,-0.08278317749500275,0.966675341129303,0.9989058971405029,0.6541053056716919,0.20161359012126923,0.3448437452316284,0.6674251556396484,0.9986569881439209,0.6600680351257324,0.19699271023273468,0.03207224979996681,0.9533077478408813,0.9985033273696899,0.6758248805999756,0.19356609880924225,0.35702651739120483,0.7592486143112183,0.9983780384063721,0.6728928685188293,0.18994659185409546,0.03793361037969589,0.9190056920051575,0.9981666803359985,0.6303077340126038,0.17598900198936462,0.25092750787734985,0.7352959513664246,0.997405469417572,0.6320729851722717,0.1724376529455185,-0.1145034059882164,0.9301276803016663,0.9964019060134888
49,1666,True,0.6140264868736267,0.4798003137111664,-0.17228734493255615,0.9954094290733337,0.9998526573181152,0.6179227828979492,0.480060338973999,-0.1437218189239502,0.9928666949272156,0.9997988343238831,0.6160861849784851,0.4800587296485901,-0.14360353350639343,0.989913284778595,0.9997782111167908,0.6124275922775269,0.48041754961013794,-0.14353510737419128,0.9926513433456421,0.9997461438179016,0.622470498085022,0.47924843430519104,-0.1785784810781479,0.996472954750061,0.9998356103897095,0.6251760125160217,0.4784269332885742,-0.1787947714328766,0.9961236715316772,0.9998455047607422,0.6268720030784607,0.4773615002632141,-0.1788298785686493,0.996598482131958,0.9998427629470825,0.6093485951423645,0.47408485412597656,-0.017388973385095596,0.9900950789451599,0.999659538269043,0.6275619268417358,0.47007879614830017,-0.172886922955513,0.9966115355491638,0.999795138835907,0.6031882166862488,0.4761474132537842,-0.1220678985118866,0.9887025356292725,0.998955488204956,0.610022783279419,0.4754639267921448,-0.16671524941921234,0.9887574315071106,0.9991770386695862,0.568462073802948,0.448297917842865,0.09090109914541245,0.9605890512466431,0.9961069226264954,0.6185755133628845,0.45046526193618774,-0.2522437572479248,0.9902282953262329,0.9988600015640259,0.5591046214103699,0.5075787305831909,0.11534377187490463,0.3679012656211853,0.9990133047103882,0.6517723202705383,0.5039323568344116,-0.32027584314346313,0.9877361059188843,0.9991641044616699,0.5746424198150635,0.5336233973503113,0.10173054039478302,0.44114556908607483,0.9933318495750427,0.6614852547645569,0.5298742651939392,-0.27936071157455444,0.9387113451957703,0.9961869120597839,0.5764536261558533,0.5352752804756165,0.08374817669391632,0.401462197303772,0.9907704591751099,0.6677737832069397,0.5374115109443665,-0.3215177357196808,0.8924660682678223,0.994403600692749,0.577858030796051,0.5329912900924683,0.06394787132740021,0.40307801961898804,0.9894640445709229,0.664665699005127,0.5342055559158325,-0.3111048936843872,0.8876607418060303,0.9938170313835144,0.5775956511497498,0.5323466658592224,0.08520472049713135,0.4254966080188751,0.9904336929321289,0.6616916656494141,0.5308784246444702,-0.2778403162956238,0.8757011890411377,0.9946824908256531,0.5417987108230591,0.33148616552352905,0.11867442727088928,0.9967021346092224,0.9986814856529236,0.5741351842880249,0.33755430579185486,-0.11861612647771835,0.9976251125335693,0.9993913173675537,0.5941827893257141,0.264594167470932,0.16756105422973633,0.5223139524459839,0.9990082383155823,0.5944552421569824,0.26203057169914246,-0.06826898455619812,0.9666146039962769,0.9993244409561157,0.651986837387085,0.21178357303142548,0.35179802775382996,0.6869004368782043,0.9993311166763306,0.6576123237609863,0.20509271323680878,0.05283065885305405,0.9545712471008301,0.9993639588356018,0.6723673343658447,0.20972664654254913,0.3629462420940399,0.7715122699737549,0.999030351638794,0.6719774603843689,0.20348580181598663,0.058191537857055664,0.9203514456748962,0.9991462230682373,0.6445823311805725,0.201340913772583,0.2478262186050415,0.7511005997657776,0.9980894923210144,0.6405513882637024,0.1885034441947937,-0.11241141706705093,0.9331780672073364,0.9979829788208008
50,1700,True,0.6170161366462708,0.48188871145248413,-0.14357003569602966,0.9958248138427734,0.9997674822807312,0.6220654249191284,0.48078569769859314,-0.11601190268993378,0.993493378162384,0.9996765851974487,0.6207854747772217,0.4807797372341156,-0.11586809158325195,0.9907975792884827,0.9996353387832642,0.6188470721244812,0.4810604453086853,-0.11574916541576385,0.9932959079742432,0.9995679259300232,0.6256526708602905,0.4800851345062256,-0.1520998179912567,0.9967926740646362,0.9997468590736389,0.6274755001068115,0.4794692397117615,-0.1523434817790985,0.9964770674705505,0.9997678399085999,0.6314848065376282,0.47828835248947144,-0.1523836851119995,0.9969093799591064,0.9997689127922058,0.6137889623641968,0.4747897982597351,0.00816544983536005,0.9909670948982239,0.9994106292724609,0.6303333044052124,0.4729774594306946,-0.15345600247383118,0.9969268441200256,0.9997288584709167,0.6085106730461121,0.4797172546386719,-0.0954957976937294,0.9896649718284607,0.9987009763717651,0.6136802434921265,0.47929292917251587,-0.1419847309589386,0.9897658228874207,0.9990703463554382,0.5692557096481323,0.45299142599105835,0.12440948188304901,0.9641140699386597,0.9962635636329651,0.6169953942298889,0.4562412202358246,-0.24243028461933136,0.9911338686943054,0.9993205070495605,0.5667927861213684,0.51603764295578,0.14340931177139282,0.38528957962989807,0.9989044666290283,0.6786320209503174,0.504874587059021,-0.3116413652896881,0.9884202480316162,0.9993188381195068,0.581047534942627,0.5335883498191833,0.15695324540138245,0.44045135378837585,0.9944731593132019,0.6924810409545898,0.5252642035484314,-0.28275835514068604,0.9395490288734436,0.9968888163566589,0.5834131836891174,0.5351505875587463,0.1471179574728012,0.393059641122818,0.9921901822090149,0.7007996439933777,0.531725287437439,-0.32466578483581543,0.8917930722236633,0.9949740171432495,0.5894275903701782,0.5312709808349609,0.1311185657978058,0.3942122161388397,0.9912779331207275,0.6955037713050842,0.5273786783218384,-0.31106406450271606,0.8871274590492249,0.9947429895401001,0.5822189450263977,0.5279371738433838,0.14205700159072876,0.4170875549316406,0.9922091960906982,0.6916550993919373,0.5240018367767334,-0.27968132495880127,0.875095546245575,0.9955174326896667,0.538628876209259,0.3387630581855774,0.1207784041762352,0.9969791769981384,0.9972594976425171,0.5740281939506531,0.3452940881252289,-0.12073368579149246,0.9978180527687073,0.9991099238395691,0.5862126350402832,0.2683373689651489,0.15699982643127441,0.5259677767753601,0.9980971217155457,0.5809692740440369,0.27609866857528687,-0.09496203809976578,0.9661309719085693,0.9992049336433411,0.6516546607017517,0.20941920578479767,0.30470073223114014,0.699908435344696,0.9989007711410522,0.6488014459609985,0.22626762092113495,-0.0048175896517932415,0.9559797644615173,0.9991651773452759,0.6714586615562439,0.20681670308113098,0.31238478422164917,0.7793903946876526,0.9985882639884949,0.6637782454490662,0.22327005863189697,-0.0010148059809580445,0.9222772121429443,0.998938262462616,0.6410250067710876,0.19572511315345764,0.19580215215682983,0.7622965574264526,0.9973974227905273,0.638332724571228,0.20804306864738464,-0.15087591111660004,0.9360081553459167,0.9975429773330688
51,1734,True,0.6223632097244263,0.48231443762779236,-0.14989566802978516,0.996159553527832,0.99947589635849,0.6277866959571838,0.4807654321193695,-0.12344608455896378,0.9940083026885986,0.9993966817855835,0.6248443126678467,0.48077210783958435,-0.12333598732948303,0.9915199875831604,0.999351441860199,0.6238002181053162,0.48099929094314575,-0.12326721847057343,0.9938308000564575,0.9992790818214417,0.6301475167274475,0.4800710678100586,-0.15986034274101257,0.9970607757568359,0.9994999170303345,0.6312378644943237,0.479449987411499,-0.1600930541753769,0.9967702031135559,0.9995332956314087,0.63350510597229,0.47836512327194214,-0.16014517843723297,0.9971654415130615,0.9995400905609131,0.6187423467636108,0.47475019097328186,-0.0006091292016208172,0.9916731119155884,0.9991692304611206,0.6310866475105286,0.4728640019893646,-0.16118000447750092,0.9971812963485718,0.9994555115699768,0.6100479364395142,0.47965365648269653,-0.10292785614728928,0.9904552102088928,0.9982438087463379,0.6144376993179321,0.47932520508766174,-0.14839023351669312,0.9905683398246765,0.998581051826477,0.5713374018669128,0.45252901315689087,0.11436311900615692,0.9663363099098206,0.995637834072113,0.6169017553329468,0.45586109161376953,-0.2734464406967163,0.9917675852775574,0.9985760450363159,0.5705729722976685,0.5137295722961426,0.13299725949764252,0.3850986659526825,0.9987325072288513,0.6578987836837769,0.5070799589157104,-0.3876095712184906,0.9889745116233826,0.9985074400901794,0.5804011225700378,0.5337969064712524,0.0752968117594719,0.4483442008495331,0.9872056245803833,0.6760091185569763,0.5382789969444275,-0.4203856885433197,0.9421105980873108,0.9885905385017395,0.5828291177749634,0.5367410182952881,0.05773410201072693,0.4017426669597626,0.9830058217048645,0.6832484602928162,0.5479241013526917,-0.48131412267684937,0.895783543586731,0.9849943518638611,0.5885998010635376,0.5351495146751404,0.023244323208928108,0.40297049283981323,0.9809886813163757,0.6780728101730347,0.5466965436935425,-0.46216410398483276,0.8911886811256409,0.9845116138458252,0.5820802450180054,0.5313562154769897,0.05148419365286827,0.42554929852485657,0.9817113876342773,0.6756537556648254,0.5423368215560913,-0.4177280366420746,0.8795769214630127,0.9853169322013855,0.5387316942214966,0.3386487364768982,0.12969157099723816,0.9971454739570618,0.9975385665893555,0.5732372999191284,0.34436801075935364,-0.1294703334569931,0.9979318976402283,0.9986677169799805,0.5858075618743896,0.26660892367362976,0.16869451105594635,0.5232172608375549,0.9973658919334412,0.5870128273963928,0.27164191007614136,-0.09206024557352066,0.9672173857688904,0.9984083771705627,0.6542472839355469,0.20935086905956268,0.31039735674858093,0.7020508646965027,0.998206377029419,0.6486619114875793,0.2238408774137497,0.015263491310179234,0.9578346610069275,0.9984898567199707,0.6770218014717102,0.20541968941688538,0.31677883863449097,0.7825053334236145,0.9978095889091492,0.6719341278076172,0.21990296244621277,0.020730284973978996,0.9251097440719604,0.9981802701950073,0.6418381929397583,0.19394388794898987,0.21167176961898804,0.7655014395713806,0.9967273473739624,0.6401011943817139,0.20233681797981262,-0.12918436527252197,0.9386436939239502,0.9967898726463318
52,1768,True,0.6211262345314026,0.48290663957595825,-0.14631736278533936,0.9965150952339172,0.9998912811279297,0.6268550157546997,0.4812641739845276,-0.11799222230911255,0.9945606589317322,0.9998722076416016,0.6243753433227539,0.4812386631965637,-0.11788149178028107,0.992298424243927,0.9998626708984375,0.6233974695205688,0.4814228415489197,-0.11782995611429214,0.9943988919258118,0.9998464584350586,0.6294408440589905,0.48063603043556213,-0.1581278294324875,0.9973370432853699,0.9998888969421387,0.6306025981903076,0.4801132082939148,-0.15834656357765198,0.9970739483833313,0.9998922348022461,0.6333135962486267,0.47903481125831604,-0.1583823263645172,0.9974310398101807,0.9998899698257446,0.6187342405319214,0.4750872552394867,0.007562463171780109,0.9924393892288208,0.9998219609260559,0.6309601664543152,0.47298750281333923,-0.1692289561033249,0.9974439144134521,0.999863862991333,0.6098584532737732,0.4795915484428406,-0.09878211468458176,0.9913051128387451,0.9994887113571167,0.6141989231109619,0.4792972505092621,-0.14977897703647614,0.9914252758026123,0.9995622038841248,0.5724142789840698,0.45262059569358826,0.12415564060211182,0.9692743420600891,0.9983661770820618,0.6158613562583923,0.4560566842556,-0.2755610942840576,0.9924382567405701,0.9993771910667419,0.5707215666770935,0.5129511952400208,0.16210918128490448,0.3888022303581238,0.9994170665740967,0.6494914293289185,0.5081743001937866,-0.3938312232494354,0.9893298149108887,0.9992406368255615,0.5799392461776733,0.5331081748008728,0.1395633965730667,0.4525591731071472,0.9944784641265869,0.6673702597618103,0.5377755165100098,-0.4106249511241913,0.9433742761611938,0.9934471249580383,0.582248330116272,0.5367196798324585,0.1261853724718094,0.40449222922325134,0.9924461245536804,0.6751168966293335,0.5465253591537476,-0.46537551283836365,0.8977475762367249,0.9911683797836304,0.588593065738678,0.5350306630134583,0.10006652772426605,0.40545138716697693,0.9915355443954468,0.6713677048683167,0.5448440313339233,-0.45162543654441833,0.893232524394989,0.9906861186027527,0.5842454433441162,0.5319180488586426,0.12016690522432327,0.42835378646850586,0.9919571876525879,0.6685085892677307,0.5410846471786499,-0.40943634510040283,0.8816894292831421,0.9912893772125244,0.5395268201828003,0.33858585357666016,0.13401421904563904,0.9974015355110168,0.9992614388465881,0.5728026032447815,0.3451034426689148,-0.1338014006614685,0.998105525970459,0.9995928406715393,0.585934042930603,0.26890748739242554,0.17275692522525787,0.5324455499649048,0.9992221593856812,0.5795868039131165,0.27395012974739075,-0.09395459294319153,0.968195378780365,0.9995136260986328,0.6533269286155701,0.20854517817497253,0.32787421345710754,0.7158623337745667,0.9995777010917664,0.6489753723144531,0.21795961260795593,0.008918431587517262,0.9600648283958435,0.9996097683906555,0.674471914768219,0.2044154852628708,0.3363170623779297,0.7919970750808716,0.9994634985923767,0.6709253787994385,0.21426968276500702,0.013919535093009472,0.9286190867424011,0.999535322189331,0.6410022974014282,0.19279013574123383,0.22544696927070618,0.7767004370689392,0.9990410208702087,0.6384983658790588,0.20890608429908752,-0.1311415731906891,0.9420530796051025,0.999006450176239
53,1802,True,0.621023416519165,0.4831351637840271,-0.14941184222698212,0.9968159198760986,0.9998043179512024,0.6271909475326538,0.48126688599586487,-0.12158394604921341,0.9950261116027832,0.9997729659080505,0.6256842017173767,0.48121553659439087,-0.12148237973451614,0.9929511547088623,0.9997579455375671,0.6252254843711853,0.4813857972621918,-0.12144549936056137,0.9948794841766357,0.9997290968894958,0.6292946338653564,0.4807475507259369,-0.16139234602451324,0.9975728988647461,0.9997979998588562,0.6303282976150513,0.4802701473236084,-0.16160599887371063,0.9973328113555908,0.9998037219047546,0.6328327655792236,0.47943854331970215,-0.161649689078331,0.997657299041748,0.9997988343238831,0.6208376288414001,0.47499632835388184,0.0018078333232551813,0.9930804967880249,0.9996933937072754,0.6306232810020447,0.47324904799461365,-0.1715099811553955,0.9976651072502136,0.9997544884681702,0.6091981530189514,0.47956615686416626,-0.1024143248796463,0.9920142889022827,0.9992269277572632,0.6151202917098999,0.4793442189693451,-0.15302065014839172,0.9921385645866394,0.9993215799331665,0.5745261311531067,0.4524449408054352,0.11847633868455887,0.9716106653213501,0.9980652928352356,0.6164554953575134,0.4568655490875244,-0.2861628532409668,0.9930016994476318,0.9991680383682251,0.5704732537269592,0.5126157999038696,0.144590362906456,0.386694997549057,0.9992817044258118,0.641511082649231,0.508949875831604,-0.40743136405944824,0.9896811842918396,0.9988715052604675,0.5801929235458374,0.5332042574882507,0.12595497071743011,0.4547569155693054,0.9932326078414917,0.6291491389274597,0.5388790369033813,-0.4264843463897705,0.9447324872016907,0.9899379014968872,0.5827453136444092,0.5372771620750427,0.11985722929239273,0.4072345495223999,0.9909923076629639,0.6510304808616638,0.5457658767700195,-0.48217424750328064,0.9000158309936523,0.9872615337371826,0.58841872215271,0.535269558429718,0.08497989177703857,0.40810754895210266,0.9900959730148315,0.6505164504051208,0.5444926023483276,-0.4664234519004822,0.895502507686615,0.9868127703666687,0.5839360952377319,0.5331684350967407,0.10097537934780121,0.4311921000480652,0.9905779361724854,0.6483414173126221,0.540446400642395,-0.42463913559913635,0.8841680884361267,0.9874745607376099,0.5473803281784058,0.3394792675971985,0.13620245456695557,0.9975964426994324,0.9988872408866882,0.5730701684951782,0.3481214940547943,-0.135950967669487,0.998241662979126,0.9993757605552673,0.5908426642417908,0.26964837312698364,0.1625780165195465,0.5393587350845337,0.9989149570465088,0.592882513999939,0.2742561399936676,-0.11679144203662872,0.9696779251098633,0.9993374943733215,0.6536712646484375,0.20733603835105896,0.3150712847709656,0.7250710129737854,0.9992656111717224,0.6527193188667297,0.20944197475910187,-0.02433507703244686,0.9625148773193359,0.9993380904197693,0.6748880743980408,0.200260192155838,0.3239624500274658,0.7990853190422058,0.9990760087966919,0.6728233098983765,0.20730993151664734,-0.020582357421517372,0.9323136210441589,0.9991950392723083,0.6400328874588013,0.18489056825637817,0.21343368291854858,0.7846927642822266,0.9984903335571289,0.6375716328620911,0.19468411803245544,-0.16851772367954254,0.945414662361145,0.9983841180801392
54,1836,True,0.6263644695281982,0.4831342101097107,-0.1511264443397522,0.9970967173576355,0.9998133778572083,0.6290334463119507,0.48208776116371155,-0.1236024871468544,0.9954535365104675,0.9997599720954895,0.6280660033226013,0.48206037282943726,-0.12350671738386154,0.9935547113418579,0.9997406601905823,0.6276622414588928,0.4813663959503174,-0.12347352504730225,0.9953213930130005,0.9997113347053528,0.630767285823822,0.48154416680336,-0.16327475011348724,0.9977880120277405,0.9997956156730652,0.6339361667633057,0.48078837990760803,-0.16348783671855927,0.99756920337677,0.9998055100440979,0.6354767084121704,0.4794157147407532,-0.16353574395179749,0.9978644847869873,0.9998053908348083,0.6227291226387024,0.4749263823032379,-0.0009252156596630812,0.9936692118644714,0.9996581077575684,0.6322021484375,0.47371119260787964,-0.17333729565143585,0.9978704452514648,0.9997654557228088,0.6143901944160461,0.48086827993392944,-0.10417170077562332,0.9926820397377014,0.9992635846138,0.6183432936668396,0.48052090406417847,-0.154905304312706,0.9928110837936401,0.9993745684623718,0.5746839046478271,0.4529396593570709,0.11543945968151093,0.9739620089530945,0.9981726408004761,0.6167428493499756,0.4576086401939392,-0.2792966365814209,0.9935506582260132,0.9993590712547302,0.5701366066932678,0.5123323798179626,0.12109744548797607,0.4030255675315857,0.9993689656257629,0.6459333896636963,0.5100504755973816,-0.4011954963207245,0.9899430274963379,0.9992963075637817,0.579946756362915,0.5329211354255676,0.08590999245643616,0.46880728006362915,0.9947745203971863,0.6543504595756531,0.5403254628181458,-0.4142082631587982,0.9459986686706543,0.9946607947349548,0.5824825763702393,0.5372087359428406,0.07054680585861206,0.4179016351699829,0.9930821061134338,0.6667630672454834,0.5483163595199585,-0.4685177803039551,0.901676595211029,0.9930223822593689,0.58869868516922,0.5352851152420044,0.04495442658662796,0.4184364676475525,0.9922838807106018,0.6649901866912842,0.5467506647109985,-0.45448532700538635,0.8972002267837524,0.992664098739624,0.5850873589515686,0.5336390137672424,0.06557799130678177,0.44068431854248047,0.992671012878418,0.6619675755500793,0.5429257750511169,-0.41257423162460327,0.8859156966209412,0.993134617805481,0.5478572249412537,0.3404136598110199,0.13311003148555756,0.9977957010269165,0.9991660118103027,0.5737844109535217,0.34911543130874634,-0.13288795948028564,0.9983764886856079,0.9995751976966858,0.5917432904243469,0.26998811960220337,0.16553643345832825,0.5528932809829712,0.9992746710777283,0.598696768283844,0.27378830313682556,-0.11531820148229599,0.9705842137336731,0.999548614025116,0.6543001532554626,0.207057923078537,0.32551905512809753,0.7388478517532349,0.9995498061180115,0.6552639603614807,0.20906683802604675,0.0021666439715772867,0.9645545482635498,0.9996199607849121,0.6762251257896423,0.20021431148052216,0.3351120948791504,0.8072905540466309,0.9994008541107178,0.6736298203468323,0.20622143149375916,0.006218418944627047,0.935187041759491,0.9995133876800537,0.6382202506065369,0.1855543553829193,0.21819375455379486,0.7956218123435974,0.9988952875137329,0.641426682472229,0.1990622878074646,-0.15699581801891327,0.948505699634552,0.998955488204956
55,1870,True,0.6280762553215027,0.4831106662750244,-0.14467555284500122,0.997359573841095,0.9998636245727539,0.6295498609542847,0.48206695914268494,-0.11835239082574844,0.9958508014678955,0.9998273253440857,0.6287252902984619,0.48203611373901367,-0.11822881549596786,0.9941193461418152,0.9998143315315247,0.6282860040664673,0.48134931921958923,-0.11820138245820999,0.9957281947135925,0.9997991919517517,0.6312881708145142,0.481529176235199,-0.15665140748023987,0.9979879856109619,0.9998472929000854,0.6352269649505615,0.48066896200180054,-0.1568545401096344,0.9977903366088867,0.999852180480957,0.6364122033119202,0.47939935326576233,-0.15688656270503998,0.9980558753013611,0.9998507499694824,0.6231536269187927,0.474865198135376,0.0010808170773088932,0.9942309260368347,0.999761164188385,0.632755696773529,0.47362440824508667,-0.16867272555828094,0.9980595707893372,0.9998071789741516,0.6158967018127441,0.4814523160457611,-0.09895842522382736,0.993312418460846,0.9993934631347656,0.6193114519119263,0.48102182149887085,-0.14815643429756165,0.9934394359588623,0.9994398951530457,0.574799120426178,0.4532290995121002,0.1143232062458992,0.9760581851005554,0.9983885288238525,0.617305338382721,0.45759257674217224,-0.2689487338066101,0.9939849376678467,0.9992243051528931,0.5698613524436951,0.5117766857147217,0.12392935156822205,0.4140087366104126,0.9994401335716248,0.6446232795715332,0.51007479429245,-0.37436342239379883,0.9895997047424316,0.9992668032646179,0.5797469019889832,0.5328060984611511,0.08401338756084442,0.47929686307907104,0.99625563621521,0.655429482460022,0.5400397181510925,-0.3882710337638855,0.9456392526626587,0.9953593611717224,0.5822533965110779,0.5371178388595581,0.0679164007306099,0.4264408349990845,0.9951016306877136,0.6669104099273682,0.5480301976203918,-0.4381631314754486,0.901421070098877,0.9940779209136963,0.5891112685203552,0.5353571176528931,0.04259204491972923,0.42681238055229187,0.9944649338722229,0.6658322811126709,0.5461989641189575,-0.4275951683521271,0.8969323635101318,0.9937013387680054,0.5860173106193542,0.5340653657913208,0.06429463624954224,0.4483809173107147,0.9947280287742615,0.662022590637207,0.5426207184791565,-0.38783276081085205,0.8854684233665466,0.9940142035484314,0.5480865240097046,0.34038418531417847,0.13081876933574677,0.997983992099762,0.9994303584098816,0.5745459794998169,0.3496111333370209,-0.13061241805553436,0.9985036253929138,0.9996602535247803,0.592676043510437,0.2682403326034546,0.17115792632102966,0.5785521268844604,0.9995068311691284,0.5993722677230835,0.2794317901134491,-0.07505905628204346,0.9714210033416748,0.9996285438537598,0.6558328866958618,0.20635370910167694,0.33031803369522095,0.7559308409690857,0.9996906518936157,0.6513466238975525,0.2505011260509491,0.04444272071123123,0.966149628162384,0.999705970287323,0.6758739948272705,0.20019932091236115,0.3403162360191345,0.8185651898384094,0.9995643496513367,0.6649216413497925,0.24930015206336975,0.04911022260785103,0.9377974271774292,0.9996160268783569,0.6403666734695435,0.18547774851322174,0.2251722812652588,0.8088364601135254,0.9992002844810486,0.6447531580924988,0.23967568576335907,-0.0963817909359932,0.951239824295044,0.9992799162864685
56,1904,True,0.6278992891311646,0.48300305008888245,-0.1467280238866806,0.9975941181182861,0.9998493194580078,0.6292722225189209,0.4822717308998108,-0.12022168934345245,0.9961943626403809,0.9998070597648621,0.6284244656562805,0.4819510579109192,-0.12011805921792984,0.9946156144142151,0.9997870326042175,0.6279026865959167,0.48133760690689087,-0.12009896337985992,0.9960801601409912,0.9997636675834656,0.6311005353927612,0.4816952347755432,-0.15866988897323608,0.9981634616851807,0.9998409748077393,0.6353793740272522,0.48074039816856384,-0.15887585282325745,0.9979858994483948,0.999849796295166,0.6364741921424866,0.47932061553001404,-0.15891708433628082,0.9982237219810486,0.9998503923416138,0.622850775718689,0.47482186555862427,-0.0007523176609538496,0.9947168827056885,0.9996962547302246,0.6327853202819824,0.47371309995651245,-0.1705225110054016,0.9982289671897888,0.9998039603233337,0.6153943538665771,0.48138338327407837,-0.10097192972898483,0.993857204914093,0.9992265701293945,0.6188569068908691,0.4809343218803406,-0.15020053088665009,0.9939889311790466,0.9993483424186707,0.5747393369674683,0.4533517360687256,0.11282818764448166,0.97771817445755,0.997340977191925,0.6176976561546326,0.4577416479587555,-0.27019786834716797,0.9943983554840088,0.9990907907485962,0.5697826147079468,0.5096584558486938,0.12348146736621857,0.4226723313331604,0.9992101192474365,0.6428569555282593,0.5101392269134521,-0.374958336353302,0.9896041750907898,0.9992126226425171,0.5796072483062744,0.5318373441696167,0.0847250372171402,0.48521244525909424,0.9952924251556396,0.6552457213401794,0.5397957563400269,-0.38828045129776,0.945434033870697,0.9956432580947876,0.5804644823074341,0.5344172716140747,0.068646639585495,0.4300594627857208,0.993925154209137,0.6651491522789001,0.5475882291793823,-0.4383074939250946,0.9006809592247009,0.9943233728408813,0.5889571905136108,0.5335756540298462,0.0433034747838974,0.43021491169929504,0.9930197596549988,0.6640864014625549,0.5458945035934448,-0.4271428883075714,0.8961158394813538,0.9938560128211975,0.5816723704338074,0.5329958200454712,0.06572086364030838,0.4509531855583191,0.9933638572692871,0.6602168679237366,0.5424107909202576,-0.38779139518737793,0.8846166133880615,0.9942033886909485,0.5478906631469727,0.3404921293258667,0.13077621161937714,0.998136043548584,0.9990123510360718,0.5744799375534058,0.34941333532333374,-0.1305418312549591,0.9986155033111572,0.9995012283325195,0.5929540991783142,0.26750364899635315,0.17767579853534698,0.5976017713546753,0.9993096590042114,0.6026617884635925,0.2774696350097656,-0.06942407041788101,0.972346305847168,0.9995660185813904,0.6577953100204468,0.20702719688415527,0.3354704976081848,0.7710601091384888,0.9996352195739746,0.650999128818512,0.2395973652601242,0.04664364457130432,0.967904269695282,0.9997010231018066,0.6763309240341187,0.20045463740825653,0.3438938558101654,0.8287851214408875,0.9994645714759827,0.662996232509613,0.23784980177879333,0.051109325140714645,0.9406482577323914,0.9995735287666321,0.6484310626983643,0.1937662661075592,0.2280275821685791,0.820873498916626,0.9990419745445251,0.6476150155067444,0.22570542991161346,-0.09756643325090408,0.9540966153144836,0.9991546869277954
57,1938,True,0.6273068189620972,0.48271408677101135,-0.1469150334596634,0.9977961778640747,0.9998465776443481,0.6290062069892883,0.48229557275772095,-0.12111059576272964,0.9964941740036011,0.9997876286506653,0.6281009316444397,0.4818551540374756,-0.12102476507425308,0.9950386881828308,0.9997633099555969,0.6275091171264648,0.4813196659088135,-0.12103936821222305,0.9963922500610352,0.9997250437736511,0.6309301257133484,0.481699138879776,-0.1599637120962143,0.9983158111572266,0.9998314380645752,0.6352699398994446,0.48072299361228943,-0.16017042100429535,0.9981545805931091,0.999843955039978,0.6363933682441711,0.479503870010376,-0.16021235287189484,0.9983730316162109,0.9998437166213989,0.622567892074585,0.474781334400177,-0.0011369140120223165,0.9951300621032715,0.9996445178985596,0.6330492496490479,0.47367700934410095,-0.1642228066921234,0.9983814358711243,0.9998131394386292,0.6147664785385132,0.48131710290908813,-0.10187399387359619,0.9943376779556274,0.999305248260498,0.618424117565155,0.4808637499809265,-0.15131010115146637,0.994488537311554,0.9994838237762451,0.5743522047996521,0.4534863531589508,0.11371296644210815,0.9794217944145203,0.9973031282424927,0.6175294518470764,0.45764732360839844,-0.25648194551467896,0.9948509335517883,0.9992879033088684,0.5658942461013794,0.5108671188354492,0.126601904630661,0.43893933296203613,0.9991670846939087,0.6601219177246094,0.5100796818733215,-0.3613332211971283,0.9902303218841553,0.9993191957473755,0.5795269012451172,0.531345546245575,0.12484374642372131,0.4895428717136383,0.9958547949790955,0.6639044880867004,0.5380436778068542,-0.3607467710971832,0.9463338255882263,0.9969416260719299,0.5844298005104065,0.5341182351112366,0.11264603585004807,0.428989440202713,0.99442058801651,0.6700795292854309,0.5463677644729614,-0.4081963896751404,0.9002937078475952,0.9954036474227905,0.5890339016914368,0.5334456562995911,0.09439817816019058,0.428873211145401,0.99368816614151,0.6666404604911804,0.5431526899337769,-0.3912775218486786,0.8957210779190063,0.9951765537261963,0.5834188461303711,0.5317467451095581,0.10898758471012115,0.4499135911464691,0.9942435622215271,0.6635725498199463,0.5393269062042236,-0.3581750690937042,0.8844532370567322,0.9957956075668335,0.547834038734436,0.3410145938396454,0.1293928474187851,0.9982616901397705,0.9983308911323547,0.5744612216949463,0.34914225339889526,-0.12920087575912476,0.9987059831619263,0.9993277788162231,0.5928733944892883,0.26892563700675964,0.148665189743042,0.5993748903274536,0.9986775517463684,0.6023179292678833,0.27450498938560486,-0.09704607725143433,0.9726974368095398,0.9994014501571655,0.6606830358505249,0.2065260112285614,0.303196519613266,0.7783104181289673,0.9993014335632324,0.6573299765586853,0.21210980415344238,-0.007464413996785879,0.9693854451179504,0.9994180202484131,0.6783008575439453,0.1996644139289856,0.3116024136543274,0.8332343697547913,0.9990973472595215,0.6718237996101379,0.2103671133518219,-0.004861435852944851,0.9423649907112122,0.999218225479126,0.6461162567138672,0.18530155718326569,0.1907956302165985,0.8277289271354675,0.998346209526062,0.6469362378120422,0.19390203058719635,-0.16445878148078918,0.956339955329895,0.9982404708862305
58,1972,True,0.6266230344772339,0.4827679693698883,-0.14409828186035156,0.9979801774024963,0.9998394250869751,0.6290656328201294,0.4823954105377197,-0.11855649948120117,0.9967635273933411,0.9997778534889221,0.6281904578208923,0.48209649324417114,-0.11844584345817566,0.9954211115837097,0.9997523427009583,0.6275999546051025,0.4813012182712555,-0.11840076744556427,0.9966733455657959,0.999715268611908,0.6310434937477112,0.4817817807197571,-0.15696565806865692,0.9984543919563293,0.9998242259025574,0.6351320743560791,0.48095065355300903,-0.1571824848651886,0.9983093738555908,0.9998378753662109,0.6368229985237122,0.47970718145370483,-0.15721824765205383,0.9985085725784302,0.9998375177383423,0.6228358149528503,0.4751060903072357,0.0001986144488910213,0.9955083131790161,0.9996263980865479,0.6333678960800171,0.4736552834510803,-0.16617441177368164,0.9985193610191345,0.9998069405555725,0.6145292520523071,0.48130616545677185,-0.09913553297519684,0.9947651624679565,0.9992231130599976,0.618228554725647,0.48086437582969666,-0.14846548438072205,0.9949370622634888,0.9994314312934875,0.5743762254714966,0.4535430371761322,0.11932255327701569,0.980763852596283,0.9972534775733948,0.6173046231269836,0.45952948927879333,-0.26040977239608765,0.9952598810195923,0.9993670582771301,0.5673249959945679,0.5110141038894653,0.1263832151889801,0.43988901376724243,0.999103307723999,0.6602340936660767,0.5113211274147034,-0.3636462688446045,0.9906448721885681,0.9993901252746582,0.5794467926025391,0.530249297618866,0.11592742800712585,0.4829832911491394,0.9958969354629517,0.6644801497459412,0.5374827980995178,-0.35572928190231323,0.9455016851425171,0.9975723624229431,0.5835003852844238,0.5338126420974731,0.103901207447052,0.42001479864120483,0.9947109222412109,0.6705437898635864,0.5458099246025085,-0.40107738971710205,0.8972119092941284,0.9963963627815247,0.5889679789543152,0.5315600633621216,0.08562494814395905,0.4196382462978363,0.9938871264457703,0.6669623255729675,0.5411390066146851,-0.3828986585140228,0.8925294280052185,0.9961166381835938,0.583755373954773,0.5305822491645813,0.09959685057401657,0.4406304955482483,0.9943333864212036,0.6642879247665405,0.5371350646018982,-0.35223785042762756,0.8813937902450562,0.9965993762016296,0.5477834343910217,0.3402188718318939,0.1311885416507721,0.9983737468719482,0.9987218976020813,0.5761779546737671,0.3492918312549591,-0.13101661205291748,0.998788595199585,0.9994826316833496,0.5942580103874207,0.26763468980789185,0.14984188973903656,0.5955404043197632,0.9989327788352966,0.6023015975952148,0.27190062403678894,-0.0971962958574295,0.9730618596076965,0.9995519518852234,0.6628273725509644,0.20639796555042267,0.312378853559494,0.7847135663032532,0.9994895458221436,0.666668713092804,0.20846089720726013,-0.006563811097294092,0.9709887504577637,0.9996597766876221,0.6805304288864136,0.2011139690876007,0.3202126622200012,0.8378372192382812,0.9993219375610352,0.6832430362701416,0.20706598460674286,-0.0037143200170248747,0.9450045228004456,0.999537467956543,0.6457945108413696,0.18699684739112854,0.2028784602880478,0.8341196775436401,0.9988435506820679,0.6496169567108154,0.1947557032108307,-0.15693673491477966,0.9587585926055908,0.9989948868751526
59,2006,True,0.6265758872032166,0.48368731141090393,-0.1437927931547165,0.9981516003608704,0.9998490810394287,0.6294541954994202,0.48245134949684143,-0.11744039505720139,0.9970232248306274,0.9998047947883606,0.6287201642990112,0.482229083776474,-0.11732357740402222,0.995785117149353,0.9997820258140564,0.6282574534416199,0.4812832772731781,-0.11725729703903198,0.9969435334205627,0.9997465014457703,0.6312523484230042,0.48184093832969666,-0.15486912429332733,0.9985857605934143,0.9998433589935303,0.6349474191665649,0.48110833764076233,-0.15507975220680237,0.9984543323516846,0.9998544454574585,0.6372533440589905,0.47986412048339844,-0.15511299669742584,0.9986366033554077,0.9998533725738525,0.6238492131233215,0.4750140607357025,0.0026383581571280956,0.995872974395752,0.9996806383132935,0.6339095830917358,0.4736328125,-0.1622314602136612,0.9986477494239807,0.9998291730880737,0.6137702465057373,0.48127293586730957,-0.09861353039741516,0.9951750040054321,0.9993197917938232,0.61810302734375,0.4808216989040375,-0.1469944566488266,0.9953576922416687,0.9994993209838867,0.5752956867218018,0.45350050926208496,0.11928267776966095,0.9819888472557068,0.9977413415908813,0.6171154379844666,0.4593205451965332,-0.2564903497695923,0.9956369400024414,0.9993938207626343,0.5684354305267334,0.510809063911438,0.12405001372098923,0.4476208984851837,0.9992642998695374,0.6625014543533325,0.511135995388031,-0.35910937190055847,0.9911674857139587,0.999355137348175,0.5819274187088013,0.5298439264297485,0.1088300570845604,0.48549261689186096,0.9965512752532959,0.6692526340484619,0.5356962084770203,-0.35320764780044556,0.9465746879577637,0.9968894124031067,0.5835273861885071,0.5332393646240234,0.0957268476486206,0.4191370904445648,0.9952842593193054,0.6758522987365723,0.5444393754005432,-0.39888107776641846,0.8975878357887268,0.9954060316085815,0.5888327956199646,0.5298241972923279,0.07767751812934875,0.41834020614624023,0.994723916053772,0.671970784664154,0.5395227670669556,-0.37965041399002075,0.8928059935569763,0.9952517747879028,0.5839108228683472,0.5285205245018005,0.09230659157037735,0.4390396475791931,0.9952316880226135,0.6690242290496826,0.5354076623916626,-0.3493022322654724,0.8818976283073425,0.9958437085151672,0.5476962924003601,0.3401225209236145,0.1310381442308426,0.9984654188156128,0.9986746311187744,0.5760736465454102,0.3491356074810028,-0.13085950911045074,0.9988642334938049,0.9994670748710632,0.5942465662956238,0.2684939205646515,0.1501387357711792,0.5936567187309265,0.9985987544059753,0.6033957600593567,0.26983797550201416,-0.10533933341503143,0.9740349054336548,0.9994136095046997,0.6624675393104553,0.20664186775684357,0.3123393654823303,0.7881895303726196,0.9991866946220398,0.6679236888885498,0.20190660655498505,-0.015804218128323555,0.9725943803787231,0.9993730187416077,0.6824960708618164,0.20076458156108856,0.3213548958301544,0.8403579592704773,0.9989639520645142,0.6887761950492859,0.19788311421871185,-0.012531296350061893,0.9473639130592346,0.9991602897644043,0.6456316113471985,0.1847027838230133,0.20788951218128204,0.8383477926254272,0.9982708692550659,0.6492280960083008,0.18042466044425964,-0.16472089290618896,0.9609678983688354,0.998190701007843
60,2040,True,0.6289908289909363,0.4840269982814789,-0.1348196566104889,0.9983039498329163,0.9998446702957153,0.6304624676704407,0.4825281500816345,-0.10795623809099197,0.9972442388534546,0.9997771382331848,0.629796028137207,0.4823617935180664,-0.10782499611377716,0.9960992932319641,0.9997485280036926,0.6292986869812012,0.481780469417572,-0.1077263280749321,0.9971752762794495,0.9997031092643738,0.6321612596511841,0.4819621443748474,-0.14489202201366425,0.998701274394989,0.9998264908790588,0.6371137499809265,0.48111826181411743,-0.14511851966381073,0.9985837936401367,0.9998410940170288,0.6384730935096741,0.48010849952697754,-0.1451425999403,0.9987505674362183,0.9998407363891602,0.624992311000824,0.4754362106323242,0.014326286502182484,0.9961912631988525,0.9996071457862854,0.6353789567947388,0.47380661964416504,-0.150756374001503,0.9987642168998718,0.9998167157173157,0.6161394119262695,0.48139381408691406,-0.08862660825252533,0.9955283999443054,0.9992488026618958,0.6196891069412231,0.4810379445552826,-0.1364750862121582,0.9957349896430969,0.9994750618934631,0.575705885887146,0.45361098647117615,0.1308959573507309,0.983296275138855,0.9977341890335083,0.623375654220581,0.4600751996040344,-0.24308912456035614,0.9960102438926697,0.9995309114456177,0.570716381072998,0.5142552256584167,0.1301969438791275,0.4582466781139374,0.9992864727973938,0.6734141707420349,0.5110910534858704,-0.34008553624153137,0.9916165471076965,0.9995280504226685,0.585015594959259,0.5304128527641296,0.12599238753318787,0.4858264923095703,0.9969766139984131,0.6804930567741394,0.5345190763473511,-0.3227020502090454,0.9466550946235657,0.9980217218399048,0.5871180891990662,0.5332540273666382,0.11508920788764954,0.41452890634536743,0.9958771467208862,0.6868610978126526,0.5431810021400452,-0.36563795804977417,0.8960555791854858,0.9968904852867126,0.5955905318260193,0.5303415060043335,0.10144711285829544,0.41316285729408264,0.9953532218933105,0.6829630732536316,0.5377906560897827,-0.34595006704330444,0.8912121653556824,0.9967261552810669,0.5918962359428406,0.5286872982978821,0.11152432858943939,0.43383875489234924,0.9958226680755615,0.6801908612251282,0.5335996150970459,-0.31817203760147095,0.8803884983062744,0.9972124695777893,0.5477275252342224,0.340572714805603,0.13112279772758484,0.9985648989677429,0.9984172582626343,0.5764351487159729,0.3489232063293457,-0.1309533268213272,0.9989433288574219,0.9994654059410095,0.5940066576004028,0.2697715759277344,0.1450798213481903,0.593103289604187,0.9987940788269043,0.6033759713172913,0.2706274390220642,-0.11263957619667053,0.9745835661888123,0.999588668346405,0.6650595664978027,0.2065448760986328,0.30204659700393677,0.7935715317726135,0.9993788003921509,0.6706429123878479,0.20189538598060608,-0.035663116723299026,0.9741427898406982,0.9995986819267273,0.6842160820960999,0.2012263983488083,0.3107527792453766,0.8442573547363281,0.999200165271759,0.6899873614311218,0.19879864156246185,-0.033762890845537186,0.9497504830360413,0.9994326233863831,0.6469206213951111,0.18179528415203094,0.1971227079629898,0.8437845706939697,0.9985271692276001,0.6514870524406433,0.1829012781381607,-0.18981091678142548,0.9632059931755066,0.9985889792442322
61,2074,True,0.6282123327255249,0.48401516675949097,-0.1373458206653595,0.9984402656555176,0.99982088804245,0.6303367614746094,0.4822881817817688,-0.11060041934251785,0.997451901435852,0.9997642636299133,0.62965989112854,0.4821169972419739,-0.11047665029764175,0.9963911175727844,0.9997419714927673,0.6291577816009521,0.4816671311855316,-0.11039365082979202,0.997390866279602,0.9997101426124573,0.6320798993110657,0.48184633255004883,-0.14777939021587372,0.9988057613372803,0.9998000264167786,0.6363821029663086,0.4810943007469177,-0.14800146222114563,0.9986987709999084,0.9998078942298889,0.6370223760604858,0.48012104630470276,-0.148030087351799,0.9988507032394409,0.9998026490211487,0.625019907951355,0.47498416900634766,0.011434067972004414,0.9964727759361267,0.9996278285980225,0.6353311538696289,0.473660409450531,-0.15305697917938232,0.9988617897033691,0.9997462630271912,0.614704966545105,0.48085322976112366,-0.09128043055534363,0.9958512783050537,0.999119222164154,0.6194961667060852,0.4806590974330902,-0.13913790881633759,0.996053159236908,0.9992823004722595,0.576663613319397,0.4526662826538086,0.12768766283988953,0.9839251041412354,0.9969704151153564,0.6226280927658081,0.45795273780822754,-0.2497139871120453,0.99617999792099,0.9986732006072998,0.5718637704849243,0.5093811750411987,0.1317140907049179,0.4582536518573761,0.9992951154708862,0.6543082594871521,0.5090919733047485,-0.3534545600414276,0.991876482963562,0.9990710020065308,0.5848734974861145,0.5303943157196045,0.11833208054304123,0.49005505442619324,0.9957396984100342,0.6604085564613342,0.5343083143234253,-0.3483644127845764,0.9473393559455872,0.9958335161209106,0.582695722579956,0.5342916250228882,0.10566432029008865,0.419942170381546,0.9939058423042297,0.6662671566009521,0.5429257154464722,-0.39491331577301025,0.8972100019454956,0.9942165613174438,0.5933942198753357,0.5326278209686279,0.09241002053022385,0.4186691343784332,0.9931839108467102,0.6637322306632996,0.5378939509391785,-0.37818875908851624,0.8923958539962769,0.9939879179000854,0.5905592441558838,0.5298022031784058,0.10372722148895264,0.43922340869903564,0.9939006567001343,0.6612935066223145,0.5337933301925659,-0.3450471758842468,0.881721019744873,0.9946274161338806,0.5487023591995239,0.3395472466945648,0.13104890286922455,0.9986339211463928,0.9988279938697815,0.5787274837493896,0.3481593728065491,-0.1308756023645401,0.9989866018295288,0.9993715882301331,0.5987679362297058,0.26776236295700073,0.14867085218429565,0.5939205884933472,0.9988371729850769,0.6068437099456787,0.2668338418006897,-0.11250847578048706,0.9750807285308838,0.9992905855178833,0.6693760752677917,0.20580069720745087,0.2947242259979248,0.7980445623397827,0.9991710186004639,0.6723160743713379,0.2013089954853058,-0.02503502555191517,0.9754095673561096,0.999356210231781,0.6869345903396606,0.2000308483839035,0.30218249559402466,0.8470475077629089,0.9988855719566345,0.6895653605461121,0.19868727028369904,-0.022298086434602737,0.9516250491142273,0.9991607666015625,0.6521023511886597,0.18290936946868896,0.19052492082118988,0.8480144143104553,0.9981216788291931,0.6551612615585327,0.1826041042804718,-0.1731262505054474,0.9649507999420166,0.9982821941375732
62,2108,True,0.6183456182479858,0.4839864671230316,-0.1348470002412796,0.9985145926475525,0.9994091987609863,0.6258671283721924,0.48226481676101685,-0.10934475809335709,0.9975764751434326,0.9993928670883179,0.6255782246589661,0.48209938406944275,-0.1092546358704567,0.9965522885322571,0.9993513226509094,0.6253858208656311,0.4816466271877289,-0.10922341048717499,0.997521698474884,0.9992939233779907,0.6274951696395874,0.48184093832969666,-0.14834165573120117,0.9988738894462585,0.9994495511054993,0.6297404766082764,0.4811142086982727,-0.1485462784767151,0.998772144317627,0.999459445476532,0.6336215734481812,0.4801217019557953,-0.1485767960548401,0.9989129900932312,0.9994456171989441,0.6226301193237305,0.47496461868286133,0.01001784298568964,0.9966502785682678,0.9991474151611328,0.633419930934906,0.47364068031311035,-0.16811750829219818,0.9989157319068909,0.9992710947990417,0.6101506352424622,0.4801461696624756,-0.09072130173444748,0.9959884285926819,0.9971822500228882,0.6137011647224426,0.4802693724632263,-0.14065270125865936,0.9961831569671631,0.9975723624229431,0.5777437686920166,0.45185917615890503,0.12723316252231598,0.9827104210853577,0.9931255578994751,0.6169790625572205,0.45720523595809937,-0.2779283821582794,0.9960052371025085,0.9962190985679626,0.5726945400238037,0.5011743307113647,0.128511443734169,0.43897104263305664,0.9985925555229187,0.6045929193496704,0.5100806355476379,-0.38509929180145264,0.9917280673980713,0.9973969459533691,0.5847572088241577,0.5304158329963684,0.0678638368844986,0.4823768734931946,0.9902504682540894,0.6135169267654419,0.5353922843933105,-0.39149925112724304,0.9469871520996094,0.9840959310531616,0.582947313785553,0.5347561240196228,0.0522712878882885,0.41889387369155884,0.9863216280937195,0.6299352645874023,0.5429203510284424,-0.4436784088611603,0.8978769183158875,0.9800552129745483,0.5919071435928345,0.5338711142539978,0.02661873959004879,0.4179053008556366,0.9848040342330933,0.6297501921653748,0.5391002297401428,-0.4265403747558594,0.8928858637809753,0.9794536232948303,0.5897160172462463,0.5306544303894043,0.048216380178928375,0.43818917870521545,0.9860827326774597,0.6274084448814392,0.5347834229469299,-0.38801366090774536,0.8822232484817505,0.9805473685264587,0.5510245561599731,0.3386603593826294,0.13308624923229218,0.998589277267456,0.997831404209137,0.5786808729171753,0.3459722399711609,-0.13285653293132782,0.9989593625068665,0.9985468983650208,0.5995200872421265,0.26758089661598206,0.15088994801044464,0.5811008810997009,0.996653139591217,0.6085421442985535,0.26535648107528687,-0.11605130136013031,0.975517988204956,0.9976696372032166,0.67548006772995,0.20500710606575012,0.29881325364112854,0.7894124984741211,0.9976334571838379,0.6763468980789185,0.2000672072172165,-0.03187848627567291,0.9759486317634583,0.9979514479637146,0.6917895674705505,0.20002727210521698,0.3069564700126648,0.842814564704895,0.9971101880073547,0.6913188695907593,0.19488434493541718,-0.028611011803150177,0.9526704549789429,0.9976133108139038,0.6567957401275635,0.1807374656200409,0.1928737908601761,0.8417658805847168,0.995868444442749,0.6544932723045349,0.17150428891181946,-0.16708442568778992,0.9652090668678284,0.9958513975143433
63,2142,True,0.6180875897407532,0.4823543131351471,-0.1361064612865448,0.9986429810523987,0.9998900890350342,0.6257343292236328,0.48178428411483765,-0.11033941060304642,0.9977585077285767,0.9998365640640259,0.6253876686096191,0.4817081391811371,-0.11020076274871826,0.996821939945221,0.9998140931129456,0.6251542568206787,0.4814653992652893,-0.11016010493040085,0.9977021217346191,0.9997913241386414,0.6274802088737488,0.4814082980155945,-0.14907516539096832,0.998964786529541,0.9998706579208374,0.6294150352478027,0.48084813356399536,-0.14928168058395386,0.9988740682601929,0.9998788833618164,0.6322896480560303,0.4800635278224945,-0.14932163059711456,0.9989989399909973,0.9998795986175537,0.6223293542861938,0.47493427991867065,0.004154694266617298,0.9969075918197632,0.999705970287323,0.633402407169342,0.4734164774417877,-0.16770103573799133,0.9990041255950928,0.9998332262039185,0.606716513633728,0.4773107171058655,-0.09140346199274063,0.9962939023971558,0.9993085861206055,0.6137328743934631,0.4793713092803955,-0.14169511198997498,0.996485710144043,0.9994450211524963,0.5766022801399231,0.45083457231521606,0.11830252408981323,0.9836642146110535,0.9968921542167664,0.6167989373207092,0.4552633762359619,-0.2685016989707947,0.9962036609649658,0.9990273714065552,0.5715259909629822,0.5013230443000793,0.12282902747392654,0.44983524084091187,0.9992974996566772,0.6180176734924316,0.510066568851471,-0.3701520562171936,0.991480827331543,0.9994219541549683,0.5839605331420898,0.5316605567932129,0.067499078810215,0.4915447235107422,0.9970652461051941,0.6273916363716125,0.5371649861335754,-0.36820846796035767,0.9468268156051636,0.9977783560752869,0.5822754502296448,0.5348782539367676,0.04960484057664871,0.42659956216812134,0.9961750507354736,0.6297289729118347,0.5424618124961853,-0.41556787490844727,0.8976236581802368,0.996932864189148,0.5916149020195007,0.5342096090316772,0.024856185540556908,0.42547670006752014,0.9956360459327698,0.6298990845680237,0.5392780900001526,-0.40364325046539307,0.8925643563270569,0.9966831803321838,0.5866718292236328,0.532367467880249,0.04900694265961647,0.4449063241481781,0.9959689378738403,0.6282362937927246,0.534958004951477,-0.36632969975471497,0.8818252682685852,0.9969690442085266,0.5494964122772217,0.3367331624031067,0.1253310739994049,0.9986855983734131,0.9993188381195068,0.5787062644958496,0.344766229391098,-0.12521147727966309,0.9990338087081909,0.9996554851531982,0.6002853512763977,0.2627929151058197,0.16210226714611053,0.6087862253189087,0.9994612336158752,0.6084550023078918,0.2656860947608948,-0.07002066820859909,0.9760084748268127,0.9996356964111328,0.6761156916618347,0.20641306042671204,0.30476999282836914,0.8038884997367859,0.999687910079956,0.6759942173957825,0.23513349890708923,0.0372420959174633,0.9766988158226013,0.9997133612632751,0.6926892995834351,0.20411622524261475,0.31164345145225525,0.8524570465087891,0.9994946718215942,0.6866163611412048,0.23454377055168152,0.040197525173425674,0.9538928866386414,0.9995469450950623,0.6672077775001526,0.19732554256916046,0.2039034068584442,0.8523131608963013,0.9991275668144226,0.6656690239906311,0.2229066789150238,-0.10709170252084732,0.9667224287986755,0.9992449283599854
64,2176,True,0.618100643157959,0.48157358169555664,-0.1682986617088318,0.9987374544143677,0.9996978044509888,0.6225956678390503,0.481472909450531,-0.1396186500787735,0.9978923797607422,0.9996119141578674,0.6219839453697205,0.48142701387405396,-0.13952946662902832,0.9970196485519409,0.9995896220207214,0.621525764465332,0.48127976059913635,-0.13950829207897186,0.9978415966033936,0.9995620846748352,0.6273545026779175,0.4807251989841461,-0.17934419214725494,0.9990332722663879,0.9996435642242432,0.6290282011032104,0.4802834987640381,-0.17951849102973938,0.9989492893218994,0.9996465444564819,0.6312894821166992,0.4797009825706482,-0.17952601611614227,0.9990619421005249,0.9996293783187866,0.6190890669822693,0.474925696849823,-0.00845255609601736,0.9970861673355103,0.9994515776634216,0.6320518255233765,0.4731472134590149,-0.1863355040550232,0.9990657567977905,0.9994833469390869,0.6062430739402771,0.47655969858169556,-0.11760763823986053,0.9965119957923889,0.9984934329986572,0.613874077796936,0.47740721702575684,-0.16904295980930328,0.9967060685157776,0.9986366629600525,0.5764978528022766,0.4493177533149719,0.10739822685718536,0.9845191240310669,0.9955387711524963,0.6172667741775513,0.4547848701477051,-0.28017696738243103,0.9962530732154846,0.9974232912063599,0.5714276432991028,0.5010219812393188,0.12447469681501389,0.466825395822525,0.9991347193717957,0.6293318271636963,0.5009099245071411,-0.3981282413005829,0.9916247725486755,0.9986203908920288,0.5767544507980347,0.5312873721122742,0.07168968766927719,0.5113888382911682,0.9944007992744446,0.6356198191642761,0.5309034585952759,-0.4340611696243286,0.948406994342804,0.9945148229598999,0.5665611028671265,0.5350377559661865,0.056737061589956284,0.4455571174621582,0.9915837049484253,0.6380611062049866,0.5380680561065674,-0.489571750164032,0.9007089138031006,0.9923660159111023,0.5749748945236206,0.5342180728912354,0.03302505984902382,0.44445037841796875,0.990766167640686,0.6351155638694763,0.5365132093429565,-0.47789981961250305,0.8958898782730103,0.9921729564666748,0.5729178786277771,0.5324304699897766,0.05447576195001602,0.4632357358932495,0.9916462302207947,0.6336635947227478,0.5327385663986206,-0.43348070979118347,0.8851842880249023,0.9927882552146912,0.5479691624641418,0.3335255980491638,0.1251688152551651,0.9987365007400513,0.9983955025672913,0.5786755681037903,0.3388156294822693,-0.1250658631324768,0.9990472793579102,0.9989981055259705,0.6000867486000061,0.26277926564216614,0.16343195736408234,0.6066978573799133,0.9978050589561462,0.6082846522331238,0.25730574131011963,-0.07607654482126236,0.9748592376708984,0.9984121322631836,0.6725597977638245,0.21371391415596008,0.33725470304489136,0.8017936944961548,0.9986506104469299,0.6794630289077759,0.22285079956054688,0.03278762102127075,0.9763201475143433,0.998796820640564,0.6889092922210693,0.21077533066272736,0.3484237790107727,0.8495503664016724,0.9982622265815735,0.688822865486145,0.2279680222272873,0.037214163690805435,0.9524354338645935,0.9984850287437439,0.6693903803825378,0.20130494236946106,0.23720470070838928,0.8502826690673828,0.9971266388893127,0.6725038886070251,0.2143913060426712,-0.11582758277654648,0.966296911239624,0.9970009922981262
65,2210,True,0.6183029413223267,0.48154759407043457,-0.15949508547782898,0.9987605810165405,0.9992175102233887,0.6239001154899597,0.48113900423049927,-0.135503888130188,0.9979045987129211,0.9990473389625549,0.6234226822853088,0.4810989499092102,-0.13546739518642426,0.9970341324806213,0.9989707469940186,0.6230791211128235,0.4810261130332947,-0.13551010191440582,0.9978593587875366,0.9988886713981628,0.6277052760124207,0.4805106222629547,-0.17714786529541016,0.9990519881248474,0.999178946018219,0.629080057144165,0.4801104664802551,-0.1773291975259781,0.9989688396453857,0.9992105960845947,0.6313103437423706,0.47961339354515076,-0.17735694348812103,0.9990745782852173,0.9992071986198425,0.6203024983406067,0.4744950830936432,-0.009692655876278877,0.9970698952674866,0.9985021352767944,0.6316246390342712,0.4728926718235016,-0.1880795806646347,0.9990630149841309,0.9989151954650879,0.6085637807846069,0.47660136222839355,-0.11445840448141098,0.9964908361434937,0.9960529804229736,0.6140692830085754,0.47719985246658325,-0.1686616837978363,0.9966813325881958,0.9966815114021301,0.5764845013618469,0.44895410537719727,0.10076819360256195,0.9836317300796509,0.9902434945106506,0.6116912961006165,0.4537816047668457,-0.28391003608703613,0.9959521293640137,0.9956499934196472,0.5743853449821472,0.5010985136032104,0.11267125606536865,0.45345500111579895,0.9982848763465881,0.6188250780105591,0.5019730925559998,-0.3949311077594757,0.991028904914856,0.9979495406150818,0.5769158601760864,0.5321585536003113,0.05822788178920746,0.5049425363540649,0.9901130199432373,0.6107279658317566,0.5331096053123474,-0.4178410470485687,0.9462220072746277,0.9924821257591248,0.5693201422691345,0.5353318452835083,0.039217665791511536,0.443034291267395,0.986666738986969,0.6298208236694336,0.5418154001235962,-0.4887988567352295,0.8985171318054199,0.9904057383537292,0.5766916275024414,0.534896194934845,0.012511014007031918,0.4421655237674713,0.9849326014518738,0.6241346001625061,0.5366319417953491,-0.46594691276550293,0.8936970233917236,0.98995041847229,0.5730001926422119,0.5333787202835083,0.03896148502826691,0.46041497588157654,0.9861293435096741,0.6271130442619324,0.536594569683075,-0.4184274971485138,0.8826149702072144,0.9906456470489502,0.5479441285133362,0.3332445025444031,0.12528780102729797,0.9987074136734009,0.9974415302276611,0.5769761204719543,0.33642321825027466,-0.12518374621868134,0.9990004301071167,0.998537540435791,0.6000843048095703,0.2625207304954529,0.18268230557441711,0.5987212657928467,0.9975889921188354,0.6040250062942505,0.2586285173892975,-0.07637070119380951,0.97359699010849,0.9982302784919739,0.674985408782959,0.212666317820549,0.33572661876678467,0.7987552285194397,0.998380184173584,0.6733677387237549,0.22047023475170135,0.039646830409765244,0.9758244156837463,0.9988378882408142,0.693815290927887,0.20944646000862122,0.34536030888557434,0.846234917640686,0.9979026317596436,0.681993842124939,0.2223293036222458,0.045590274035930634,0.9519026875495911,0.9986361861228943,0.6731994152069092,0.19955286383628845,0.23769427835941315,0.8475390672683716,0.9968262910842896,0.671644926071167,0.20857425034046173,-0.09230422973632812,0.9656565189361572,0.9976848363876343
66,2244,True,0.6183865070343018,0.4824364185333252,-0.14445802569389343,0.9988336563110352,0.9995105266571045,0.6241899132728577,0.4813788831233978,-0.1216895654797554,0.9979888200759888,0.9993740916252136,0.6237127780914307,0.4813825190067291,-0.12163328379392624,0.9971672892570496,0.9993287324905396,0.6233950853347778,0.48144108057022095,-0.12170035392045975,0.9979324340820312,0.9992916584014893,0.6277408599853516,0.48081526160240173,-0.16353429853916168,0.9991017580032349,0.9994658827781677,0.6291288137435913,0.48049941658973694,-0.16371649503707886,0.9990285038948059,0.9994887113571167,0.6311696171760559,0.48020467162132263,-0.16374099254608154,0.9991186261177063,0.9994939565658569,0.6204893589019775,0.47486764192581177,-0.005951530300080776,0.997231125831604,0.9990702271461487,0.6318999528884888,0.47306162118911743,-0.18574540317058563,0.9991105198860168,0.9993370175361633,0.6068316698074341,0.4769662916660309,-0.10117184370756149,0.9966569542884827,0.9978235960006714,0.6103529930114746,0.47721511125564575,-0.15577636659145355,0.9968739151954651,0.9981774091720581,0.5764061212539673,0.44933897256851196,0.10145338624715805,0.9844294786453247,0.9950858950614929,0.6121116280555725,0.45424705743789673,-0.2825774550437927,0.9958734512329102,0.9980592131614685,0.5741751194000244,0.5054414868354797,0.13388599455356598,0.4506791830062866,0.9986560344696045,0.6262137293815613,0.5036001205444336,-0.3717525899410248,0.9903277158737183,0.9990952014923096,0.5789787769317627,0.5321706533432007,0.09455618262290955,0.5010179281234741,0.9904896020889282,0.6291363835334778,0.5332679748535156,-0.3588135540485382,0.9454715251922607,0.9956037998199463,0.5749018788337708,0.5351824164390564,0.08065938204526901,0.4394964873790741,0.9881883263587952,0.640914797782898,0.5413071513175964,-0.40838149189949036,0.8978956937789917,0.993894636631012,0.5781713128089905,0.5348707437515259,0.046432070434093475,0.4385814070701599,0.9866527915000916,0.6369823217391968,0.5367608666419983,-0.3967588245868683,0.893136203289032,0.993657648563385,0.5772035717964172,0.5333794355392456,0.07390230149030685,0.45694535970687866,0.9869627356529236,0.6366371512413025,0.5361789464950562,-0.357280433177948,0.8816773891448975,0.9940840601921082,0.5471553206443787,0.3329702913761139,0.12215466052293777,0.9987871646881104,0.9984601736068726,0.5766311287879944,0.3374033570289612,-0.12202613800764084,0.9990290999412537,0.9990962743759155,0.5978972315788269,0.26241129636764526,0.18061934411525726,0.6298593878746033,0.9987747073173523,0.5766403675079346,0.2967253625392914,-0.04714972525835037,0.9739543199539185,0.9989650249481201,0.676137387752533,0.21201756596565247,0.3233306407928467,0.8128145933151245,0.9989086389541626,0.65640789270401,0.2948805093765259,0.07655827701091766,0.975480854511261,0.9989801049232483,0.6930309534072876,0.20904818177223206,0.33288079500198364,0.8555884957313538,0.9983023405075073,0.666595458984375,0.29588794708251953,0.08298961073160172,0.9521708488464355,0.9986823201179504,0.6714606881141663,0.19659221172332764,0.2357347458600998,0.8569313883781433,0.9971008896827698,0.6693831086158752,0.2957400977611542,-0.04106837511062622,0.9658586978912354,0.9978528022766113
67,2278,True,0.6184778809547424,0.4833490252494812,-0.140281543135643,0.9988617897033691,0.9994643330574036,0.6246589422225952,0.4816540777683258,-0.1164114847779274,0.9980046153068542,0.999315619468689,0.6241658329963684,0.4816798269748688,-0.11633706837892532,0.9971904158592224,0.9992444515228271,0.6238769888877869,0.48181620240211487,-0.11637838184833527,0.9979228973388672,0.9991826415061951,0.6279850602149963,0.4811033308506012,-0.1568719446659088,0.9991204738616943,0.999460756778717,0.6292271018028259,0.4808128774166107,-0.15707646310329437,0.9990537762641907,0.9994996786117554,0.6311926245689392,0.48061078786849976,-0.1571187973022461,0.9991334676742554,0.9995201826095581,0.6209701299667358,0.4751253128051758,-0.002237609587609768,0.9972900748252869,0.9988443851470947,0.6325836777687073,0.4732033610343933,-0.18058213591575623,0.9991273283958435,0.9993492960929871,0.6069643497467041,0.47807446122169495,-0.09706626832485199,0.9967243671417236,0.9973326921463013,0.6128296256065369,0.4779968857765198,-0.14993225038051605,0.9969862103462219,0.9979653358459473,0.5763850808143616,0.4498574137687683,0.10245295614004135,0.984943151473999,0.9931612014770508,0.6182630062103271,0.45385876297950745,-0.26782795786857605,0.9953866600990295,0.9975197911262512,0.5739225745201111,0.5097161531448364,0.13747376203536987,0.45012474060058594,0.9985139966011047,0.6356573104858398,0.5057395100593567,-0.3366304039955139,0.9888736605644226,0.9990923404693604,0.581009566783905,0.5323472023010254,0.09806131571531296,0.49093860387802124,0.9917587637901306,0.6429726481437683,0.5343189835548401,-0.29267528653144836,0.9408801794052124,0.9963317513465881,0.5805203914642334,0.5350974798202515,0.0830683708190918,0.429680734872818,0.9897643327713013,0.6515004634857178,0.5417556166648865,-0.3334970474243164,0.8909205198287964,0.9946117401123047,0.5811749696731567,0.5348507165908813,0.05021343380212784,0.42894643545150757,0.9881026148796082,0.6490890979766846,0.537375807762146,-0.32592257857322693,0.8860219120979309,0.9943453073501587,0.5809904932975769,0.5334871411323547,0.07808161526918411,0.4479025900363922,0.9886775612831116,0.6464552283287048,0.5363683104515076,-0.2909933626651764,0.8742886185646057,0.9950479865074158,0.5464815497398376,0.332642138004303,0.110875204205513,0.9988645315170288,0.9985339641571045,0.5765963792800903,0.33762019872665405,-0.1107071116566658,0.99904865026474,0.9991351962089539,0.5823087692260742,0.25614139437675476,0.16957691311836243,0.6603173017501831,0.9989091157913208,0.5760805606842041,0.32411137223243713,-0.018491461873054504,0.9731499552726746,0.9988214373588562,0.6635556817054749,0.2054433524608612,0.2824394106864929,0.8254273533821106,0.9988116025924683,0.6525458097457886,0.32045453786849976,0.09462055563926697,0.97092604637146,0.9985761642456055,0.6771710515022278,0.20040670037269592,0.28973913192749023,0.8638398051261902,0.9980460405349731,0.6648806929588318,0.3181355893611908,0.10033532232046127,0.9477308392524719,0.9982535243034363,0.6701223850250244,0.18516400456428528,0.19601722061634064,0.8654744625091553,0.9969321489334106,0.6667990684509277,0.32822009921073914,-0.00946379266679287,0.9626095294952393,0.9976550340652466
68,2312,True,0.6195927262306213,0.4822448790073395,-0.15451054275035858,0.9989548325538635,0.9998906850814819,0.6254807114601135,0.4816519618034363,-0.127825528383255,0.9981531500816345,0.9998226761817932,0.6237376928329468,0.48140329122543335,-0.12772412598133087,0.997403085231781,0.9998000264167786,0.6235243678092957,0.48153042793273926,-0.12769635021686554,0.9980695247650146,0.999775230884552,0.6284281611442566,0.48111090064048767,-0.16506442427635193,0.9991905689239502,0.9998623132705688,0.6294814348220825,0.4803861975669861,-0.16528920829296112,0.9991298913955688,0.9998729228973389,0.631324052810669,0.48025044798851013,-0.16531284153461456,0.9992021322250366,0.9998729228973389,0.6208543181419373,0.4755187928676605,-0.00282239424996078,0.9975044131278992,0.9997360110282898,0.6344305872917175,0.4732416570186615,-0.17445313930511475,0.999201238155365,0.9998544454574585,0.6073364615440369,0.47769054770469666,-0.10589390993118286,0.996985137462616,0.9995195865631104,0.6168975234031677,0.47667330503463745,-0.15461395680904388,0.997246265411377,0.9996483325958252,0.5761669874191284,0.44988566637039185,0.10295458137989044,0.9862687587738037,0.9983755350112915,0.6346262693405151,0.4509453773498535,-0.24864965677261353,0.9957718849182129,0.9995094537734985,0.5738913416862488,0.5085757970809937,0.15241385996341705,0.47802937030792236,0.9995088577270508,0.6831945180892944,0.4942809045314789,-0.337883859872818,0.9893797039985657,0.9996578693389893,0.5809617638587952,0.5327262878417969,0.13363592326641083,0.5094088315963745,0.9970863461494446,0.690639078617096,0.5213831663131714,-0.32052552700042725,0.9432976841926575,0.9987983703613281,0.5841326117515564,0.5350968241691589,0.11807634681463242,0.4425261616706848,0.995465874671936,0.6956573724746704,0.528255820274353,-0.36609455943107605,0.8938450217247009,0.9977397918701172,0.5842734575271606,0.5348591804504395,0.09338501840829849,0.4412710964679718,0.9950580596923828,0.6919402480125427,0.5267494916915894,-0.3554718792438507,0.8890998363494873,0.9976949095726013,0.5841714143753052,0.5336002111434937,0.11677410453557968,0.46057844161987305,0.9956369996070862,0.6892430782318115,0.5239565968513489,-0.3182518780231476,0.8777005076408386,0.9981222748756409,0.5463797450065613,0.3326319754123688,0.10687797516584396,0.9989573359489441,0.9994093179702759,0.5839261412620544,0.3377463221549988,-0.10683612525463104,0.9991207122802734,0.9996737241744995,0.5802653431892395,0.25659698247909546,0.15101346373558044,0.6811445951461792,0.9992400407791138,0.5777233839035034,0.30643388628959656,-0.038595810532569885,0.9704425930976868,0.9993570446968079,0.6717849969863892,0.20671483874320984,0.29020458459854126,0.8329823017120361,0.9991951584815979,0.6592991352081299,0.27885663509368896,0.07141869515180588,0.9674435257911682,0.9986293315887451,0.6745796799659729,0.20325306057929993,0.2987092435359955,0.8687918782234192,0.9986756443977356,0.6734068989753723,0.2763133645057678,0.07663467526435852,0.9424998164176941,0.9979773163795471,0.6692951917648315,0.19179996848106384,0.20102466642856598,0.8709436058998108,0.9975851774215698,0.6680313348770142,0.27627137303352356,-0.04993295297026634,0.9604133367538452,0.9966877102851868
69,2346,True,0.6247493028640747,0.4808100163936615,-0.15352503955364227,0.9990074038505554,0.9995905756950378,0.6269053816795349,0.4814949929714203,-0.12705126404762268,0.9981966614723206,0.999437153339386,0.62565678358078,0.4813278615474701,-0.12694907188415527,0.9974980354309082,0.9993921518325806,0.6252890825271606,0.4814987778663635,-0.1269208937883377,0.9981184005737305,0.9993522763252258,0.6333872675895691,0.48063501715660095,-0.16498057544231415,0.9992237687110901,0.9995207786560059,0.6342005133628845,0.48012566566467285,-0.16521283984184265,0.9991738200187683,0.9995449185371399,0.6354461908340454,0.4800570011138916,-0.16525083780288696,0.9992328882217407,0.9995393753051758,0.6272437572479248,0.4749528765678406,-0.002698434516787529,0.99763023853302,0.9992103576660156,0.6398971080780029,0.47271236777305603,-0.16757263243198395,0.9992464184761047,0.9994451403617859,0.6171287894248962,0.47733670473098755,-0.10561799257993698,0.9971024394035339,0.9981285929679871,0.6225426197052002,0.47548794746398926,-0.1532532423734665,0.9973958730697632,0.9984410405158997,0.5804728865623474,0.44999560713768005,0.10315079987049103,0.9871676564216614,0.9964158535003662,0.6393924355506897,0.4494117200374603,-0.24080593883991241,0.9959786534309387,0.9982452392578125,0.5737298727035522,0.5084784626960754,0.1482904702425003,0.4946743845939636,0.9991852641105652,0.672313928604126,0.49570727348327637,-0.2943291962146759,0.9891559481620789,0.9992732405662537,0.5815190672874451,0.5309842824935913,0.1253616064786911,0.5159984230995178,0.9946164488792419,0.6781637668609619,0.5195168256759644,-0.23899303376674652,0.940779447555542,0.9973128437995911,0.5849376320838928,0.5346728563308716,0.11026550084352493,0.44501975178718567,0.9915025234222412,0.6856566071510315,0.5253045558929443,-0.27608564496040344,0.8884679079055786,0.9954349398612976,0.5892819762229919,0.5340563058853149,0.08479906618595123,0.4435204863548279,0.9905707836151123,0.6821650266647339,0.5225400924682617,-0.2667383551597595,0.8835507035255432,0.9951795339584351,0.5881530046463013,0.5312658548355103,0.10805051773786545,0.4628574550151825,0.9918083548545837,0.6796442270278931,0.5198816061019897,-0.23670552670955658,0.8722653985023499,0.9960132837295532,0.5485180616378784,0.3320729732513428,0.10738379508256912,0.9990224242210388,0.9988839030265808,0.5879809260368347,0.33604496717453003,-0.10736668109893799,0.9991609454154968,0.999169111251831,0.581224799156189,0.2487393319606781,0.15334095060825348,0.6973961591720581,0.9986096620559692,0.5852647423744202,0.28716427087783813,-0.03983910754323006,0.9682391881942749,0.9984846711158752,0.6812235713005066,0.2072993963956833,0.29513490200042725,0.8396943807601929,0.9982813596725464,0.6666738986968994,0.26902130246162415,0.06963393837213516,0.9656990766525269,0.9981036186218262,0.6753291487693787,0.2036677896976471,0.30374032258987427,0.8727648258209229,0.9971500039100647,0.6785584688186646,0.26884400844573975,0.0742608904838562,0.9404715895652771,0.9972902536392212,0.6746259331703186,0.1916748285293579,0.20393547415733337,0.8753693699836731,0.9945645332336426,0.6789873242378235,0.26402223110198975,-0.057688452303409576,0.9593382477760315,0.9950075149536133
70,2380,True,0.6233775019645691,0.47907567024230957,-0.15955068171024323,0.9990844130516052,0.9997660517692566,0.6249068379402161,0.4798057973384857,-0.13493864238262177,0.9983092546463013,0.9996857643127441,0.6242780685424805,0.47965389490127563,-0.13487745821475983,0.9976740479469299,0.9996650218963623,0.6240906715393066,0.47968563437461853,-0.13491468131542206,0.9982335567474365,0.9996514320373535,0.6330443620681763,0.4788398742675781,-0.17496199905872345,0.9992782473564148,0.9997149109840393,0.6338229775428772,0.47855478525161743,-0.17514315247535706,0.9992356300354004,0.999718964099884,0.6349894404411316,0.478455126285553,-0.17513982951641083,0.9992827773094177,0.999707043170929,0.6275057792663574,0.47408875823020935,-0.01263322401791811,0.9978101849555969,0.9995912909507751,0.6395527124404907,0.4721035361289978,-0.19311904907226562,0.9993042945861816,0.9996393918991089,0.6165836453437805,0.47404488921165466,-0.11132082343101501,0.9973052144050598,0.9989780187606812,0.6217014193534851,0.47362905740737915,-0.16263768076896667,0.9975913166999817,0.9990768432617188,0.5862783789634705,0.44901078939437866,0.10338945686817169,0.9880368113517761,0.9977849125862122,0.6381609439849854,0.4464285969734192,-0.2832944095134735,0.9962025880813599,0.9986658096313477,0.5752667784690857,0.5003761053085327,0.15660186111927032,0.4990461468696594,0.9993452429771423,0.671720027923584,0.493791401386261,-0.3544691205024719,0.9894310235977173,0.9993471503257751,0.580909788608551,0.5299773812294006,0.1232295036315918,0.5236774682998657,0.996414303779602,0.6706374883651733,0.519710898399353,-0.3190705478191376,0.9427852630615234,0.9976052045822144,0.5775439143180847,0.534042477607727,0.10911569744348526,0.452428936958313,0.9944993257522583,0.672942042350769,0.5254380702972412,-0.3602723479270935,0.8918240070343018,0.9961392283439636,0.586756706237793,0.5340132117271423,0.08025136590003967,0.4510604739189148,0.9940839409828186,0.6424837112426758,0.524702250957489,-0.3486611545085907,0.8870561122894287,0.9960566759109497,0.5814184546470642,0.5309734344482422,0.10426988452672958,0.47017166018486023,0.9948084950447083,0.6690715551376343,0.5210550427436829,-0.3150213658809662,0.8759621381759644,0.9965823292732239,0.5530000925064087,0.3264155089855194,0.11409129947423935,0.9990878105163574,0.9993869066238403,0.5904086232185364,0.3313661813735962,-0.11414648592472076,0.9992122054100037,0.9995092153549194,0.5863596796989441,0.2408509999513626,0.21782387793064117,0.717326283454895,0.9990653395652771,0.5913183689117432,0.26503801345825195,-0.015107584185898304,0.9688917398452759,0.9988420605659485,0.6846960783004761,0.20838463306427002,0.4035106599330902,0.849355161190033,0.998687207698822,0.677001416683197,0.26445314288139343,0.1419975757598877,0.9668436646461487,0.9986811280250549,0.6933786273002625,0.2060920000076294,0.4164520800113678,0.879386842250824,0.9976226687431335,0.6873555779457092,0.26645535230636597,0.15093182027339935,0.9421536922454834,0.9979974627494812,0.6868646144866943,0.1982935667037964,0.3294304609298706,0.882373571395874,0.9956627488136292,0.6942865252494812,0.2587330937385559,0.021473534405231476,0.9609153866767883,0.9963456988334656
71,2414,True,0.6203457117080688,0.4789169430732727,-0.16292746365070343,0.9990630745887756,0.998552143573761,0.6213352084159851,0.47937217354774475,-0.13861402869224548,0.9983052015304565,0.9984409213066101,0.6207480430603027,0.4792744219303131,-0.13859878480434418,0.997647225856781,0.9983516931533813,0.620347261428833,0.4793051779270172,-0.1386561244726181,0.9982399344444275,0.9982524514198303,0.6264912486076355,0.47851258516311646,-0.18003293871879578,0.9992759823799133,0.998556911945343,0.631618082523346,0.47778311371803284,-0.18021434545516968,0.9992265701293945,0.9985769987106323,0.6327009797096252,0.47754400968551636,-0.18024268746376038,0.9992765188217163,0.9985413551330566,0.6209408044815063,0.4733940660953522,-0.020424608141183853,0.9978235363960266,0.9979988932609558,0.635358452796936,0.4706227779388428,-0.2082458883523941,0.9992945194244385,0.9982099533081055,0.6075980067253113,0.47407665848731995,-0.11626959592103958,0.9973136782646179,0.9951808452606201,0.6113215088844299,0.4736579954624176,-0.17016896605491638,0.9975622296333313,0.9957733750343323,0.5858577489852905,0.4474576413631439,0.09840188920497894,0.9868114590644836,0.9899024963378906,0.6279228925704956,0.44634824991226196,-0.3091990053653717,0.9960282444953918,0.9935588240623474,0.5754246115684509,0.49414223432540894,0.12229089438915253,0.48412129282951355,0.9980465173721313,0.606372594833374,0.49273625016212463,-0.4174826741218567,0.9895849227905273,0.9963434338569641,0.5803060531616211,0.529984712600708,0.04716635122895241,0.5234254598617554,0.9911953210830688,0.6057552099227905,0.5274196267127991,-0.4395219683647156,0.9442140460014343,0.9875713586807251,0.5776510238647461,0.5341467261314392,0.024661265313625336,0.45781877636909485,0.9863479137420654,0.6126276850700378,0.5354559421539307,-0.5010751485824585,0.8954364061355591,0.982505202293396,0.5852102041244507,0.5341471433639526,-0.0029654314275830984,0.4570362865924835,0.9856089949607849,0.609737753868103,0.5353440046310425,-0.4832495450973511,0.8907507658004761,0.9829702377319336,0.5813308954238892,0.5319018959999084,0.026569098234176636,0.47583967447280884,0.9875192642211914,0.6101822257041931,0.5316675305366516,-0.43588680028915405,0.8797109723091125,0.9847936034202576,0.5575768947601318,0.32305437326431274,0.12388297915458679,0.9989397525787354,0.9963729381561279,0.5898903608322144,0.32442140579223633,-0.12373124063014984,0.9991154074668884,0.9972400665283203,0.6012179255485535,0.2433130443096161,0.21835432946681976,0.6839937567710876,0.9924113750457764,0.6144758462905884,0.24737851321697235,-0.033284224569797516,0.9676862359046936,0.9931000471115112,0.6840842962265015,0.20585830509662628,0.4088349938392639,0.8180373907089233,0.9909186363220215,0.6768001317977905,0.18315908312797546,0.10773385316133499,0.965717613697052,0.9913837909698486,0.6948238015174866,0.20018529891967773,0.42374828457832336,0.8580577969551086,0.988836407661438,0.6884047389030457,0.17815393209457397,0.11222968995571136,0.9398831129074097,0.989956796169281,0.6831492781639099,0.1784873753786087,0.3431665897369385,0.8587401509284973,0.9864705204963684,0.6881130933761597,0.16236475110054016,-0.02181032858788967,0.9580733180046082,0.9859763383865356
72,2448,True,0.6203948855400085,0.4789896011352539,-0.16157643496990204,0.9989055395126343,0.9974319338798523,0.6215741634368896,0.4797045588493347,-0.1403154581785202,0.9979537129402161,0.9966974258422852,0.6209716200828552,0.4796159267425537,-0.1402835249900818,0.9971505999565125,0.9962455630302429,0.6205475330352783,0.479668527841568,-0.1403128057718277,0.9978803396224976,0.9956957101821899,0.624982476234436,0.4790871739387512,-0.18048302829265594,0.9991375803947449,0.9976481795310974,0.627658486366272,0.478573739528656,-0.18069417774677277,0.9990989565849304,0.9979528188705444,0.6315898895263672,0.4779442250728607,-0.18076704442501068,0.9991699457168579,0.9980816841125488,0.6223752498626709,0.4732966423034668,-0.038701098412275314,0.9974517226219177,0.9938206076622009,0.631589949131012,0.47063571214675903,-0.21863631904125214,0.9992260932922363,0.9979084730148315,0.6026575565338135,0.47415295243263245,-0.11801784485578537,0.9968916773796082,0.9889035820960999,0.6040431261062622,0.4736461043357849,-0.1704016625881195,0.9973133206367493,0.993065357208252,0.5852726697921753,0.4498775005340576,0.07784587889909744,0.9858179688453674,0.9726970195770264,0.6141557097434998,0.44832363724708557,-0.3089590072631836,0.9960736632347107,0.9964311122894287,0.5780581831932068,0.4985441267490387,0.11158870905637741,0.4598177969455719,0.9909092783927917,0.6182082891464233,0.5009829998016357,-0.3943229615688324,0.9892697930335999,0.99776291847229,0.5957262516021729,0.5211406350135803,0.11497329920530319,0.48791196942329407,0.9727824926376343,0.6413295269012451,0.5204623341560364,-0.32624155282974243,0.9353345632553101,0.9935078620910645,0.5982829332351685,0.5168784856796265,0.10638013482093811,0.42528995871543884,0.9689110517501831,0.6538187861442566,0.5250061750411987,-0.3701074421405792,0.8801735639572144,0.9895764589309692,0.6016536951065063,0.5100254416465759,0.08695623278617859,0.424784392118454,0.9640712738037109,0.6517629027366638,0.5177571177482605,-0.3567270040512085,0.8755888342857361,0.988664448261261,0.597739577293396,0.5095170736312866,0.09940759837627411,0.4433933198451996,0.9658786654472351,0.6459938883781433,0.5151594281196594,-0.32321998476982117,0.8647894263267517,0.9906423687934875,0.5572029948234558,0.32399454712867737,0.12451377511024475,0.9988573789596558,0.9917205572128296,0.5865656733512878,0.32686522603034973,-0.12436024099588394,0.9990396499633789,0.9973636269569397,0.6035627126693726,0.24452349543571472,0.22235634922981262,0.6691864132881165,0.9915978908538818,0.6026974320411682,0.25621166825294495,-0.03349675238132477,0.9658451080322266,0.996142566204071,0.6833814978599548,0.20631642639636993,0.40480947494506836,0.81048583984375,0.9942784309387207,0.6766758561134338,0.2143310308456421,0.12310001254081726,0.9647082686424255,0.9966943264007568,0.7013229131698608,0.20150050520896912,0.41791677474975586,0.8497360944747925,0.9926113486289978,0.6876601576805115,0.21177132427692413,0.13392691314220428,0.9379133582115173,0.9961444139480591,0.6803959012031555,0.18079176545143127,0.3264358341693878,0.8528836965560913,0.9893125891685486,0.6842851042747498,0.20119807124137878,0.01527856569737196,0.9566413760185242,0.9932597279548645
73,2482,True,0.62005615234375,0.47905200719833374,-0.16585326194763184,0.9988970160484314,0.9991346001625061,0.622312068939209,0.4797348380088806,-0.14307422935962677,0.9979215264320374,0.9989234805107117,0.6218999624252319,0.4796893000602722,-0.14303922653198242,0.9971374869346619,0.9988725781440735,0.621580183506012,0.4797859787940979,-0.14307914674282074,0.9978593587875366,0.9988147020339966,0.6250524520874023,0.47912517189979553,-0.18250757455825806,0.9991167187690735,0.9989846348762512,0.6277651190757751,0.4786756634712219,-0.18271932005882263,0.9990684986114502,0.9989956021308899,0.6312586665153503,0.4781534671783447,-0.18276725709438324,0.9991353750228882,0.9989559650421143,0.6223882436752319,0.4733050763607025,-0.03208240494132042,0.9973397850990295,0.9984756112098694,0.6316474676132202,0.47068628668785095,-0.20934255421161652,0.9991735219955444,0.9984670281410217,0.6055329442024231,0.4743882715702057,-0.12002157419919968,0.9966968894004822,0.9953174591064453,0.6065027713775635,0.4739910960197449,-0.17128102481365204,0.9970768094062805,0.9953975081443787,0.5863284468650818,0.44900545477867126,0.08144764602184296,0.9854312539100647,0.9898181557655334,0.620034396648407,0.44823017716407776,-0.2999759316444397,0.9953114986419678,0.9920544624328613,0.5725939273834229,0.49912747740745544,0.11008918285369873,0.4560234248638153,0.9976279139518738,0.6193290948867798,0.5007935166358948,-0.3875410854816437,0.9876843690872192,0.9959599375724792,0.5907078385353088,0.52652907371521,0.0685553252696991,0.4861724078655243,0.9888407588005066,0.6116902828216553,0.5308225750923157,-0.33875197172164917,0.9312245845794678,0.9891113638877869,0.5870257616043091,0.5249101519584656,0.04725051298737526,0.425792396068573,0.9851523637771606,0.6349896192550659,0.538054347038269,-0.3893202543258667,0.8757287263870239,0.9868689179420471,0.594139575958252,0.5215142965316772,0.023203836753964424,0.4255545139312744,0.9836599826812744,0.6362442970275879,0.5352338552474976,-0.3792775869369507,0.871181845664978,0.9861477613449097,0.5929558873176575,0.5221482515335083,0.05034743994474411,0.4435234069824219,0.9849742650985718,0.6329916715621948,0.5321901440620422,-0.33706533908843994,0.8598921298980713,0.9872546792030334,0.5574579834938049,0.3220953643321991,0.12307172268629074,0.9988173246383667,0.9974283576011658,0.5886768698692322,0.3238975405693054,-0.1229623481631279,0.9989620447158813,0.9980587363243103,0.6026450395584106,0.24489884078502655,0.22709520161151886,0.669650137424469,0.9977160692214966,0.6200733184814453,0.25265491008758545,-0.02798551507294178,0.9652765393257141,0.996863842010498,0.6828343868255615,0.2093437910079956,0.40990617871284485,0.8141651153564453,0.9978232383728027,0.6844636797904968,0.21154458820819855,0.1489114612340927,0.9633283615112305,0.9977430105209351,0.6998857259750366,0.2065182477235794,0.42162758111953735,0.849422812461853,0.9967457056045532,0.6916586756706238,0.2055576592683792,0.16098812222480774,0.934871256351471,0.9972739815711975,0.6810455918312073,0.2018577605485916,0.31290000677108765,0.8542084693908691,0.9946784973144531,0.6821461915969849,0.20022225379943848,0.02639705315232277,0.9548563957214355,0.9954364895820618
74,2516,True,0.6181178689002991,0.48006901144981384,-0.20306409895420074,0.9988996982574463,0.9986351132392883,0.6224761009216309,0.47999390959739685,-0.18240812420845032,0.9979402422904968,0.9984261989593506,0.6219866275787354,0.47998785972595215,-0.1824188381433487,0.9971376061439514,0.9982796907424927,0.621625542640686,0.48009663820266724,-0.18247343599796295,0.9978723526000977,0.9980595707893372,0.6250631809234619,0.4794529378414154,-0.22311674058437347,0.9991185665130615,0.9986622333526611,0.6272035837173462,0.47908681631088257,-0.22332993149757385,0.999062716960907,0.9987348914146423,0.6296953558921814,0.4786601960659027,-0.22342827916145325,0.9991395473480225,0.9987140893936157,0.622035801410675,0.47499045729637146,-0.07052568346261978,0.9973416924476624,0.9975590705871582,0.6313785314559937,0.4707491397857666,-0.2536645531654358,0.9991701245307922,0.9984997510910034,0.6037224531173706,0.47450461983680725,-0.1571633517742157,0.9967076182365417,0.9941218495368958,0.6072937846183777,0.47470083832740784,-0.21023455262184143,0.9970939755439758,0.9954885840415955,0.5862179398536682,0.44934266805648804,0.05457359924912453,0.9851463437080383,0.9858531951904297,0.6202347874641418,0.448662668466568,-0.3393971621990204,0.9954240918159485,0.9961082339286804,0.5750687718391418,0.49929994344711304,0.08725257962942123,0.4415801465511322,0.9955300688743591,0.6338645815849304,0.5002108812332153,-0.4191038906574249,0.987928569316864,0.997097373008728,0.5922718644142151,0.5266451835632324,0.05991024896502495,0.47118037939071655,0.9830447435379028,0.6477766633033752,0.5234655141830444,-0.3900131583213806,0.9317162036895752,0.9900848865509033,0.6027897000312805,0.5250598788261414,0.040656644850969315,0.4119535982608795,0.9776642918586731,0.6616392135620117,0.5295374393463135,-0.44173571467399597,0.8765136003494263,0.985248327255249,0.6081435680389404,0.5216585397720337,0.018954282626509666,0.4118455946445465,0.9766455888748169,0.6600804924964905,0.5256147980690002,-0.43006205558776855,0.8720406293869019,0.9852786064147949,0.6045070886611938,0.5212568044662476,0.04213336482644081,0.4302113950252533,0.9783250689506531,0.6553246378898621,0.5226796865463257,-0.3873862326145172,0.8605262637138367,0.9870655536651611,0.5602245926856995,0.3227657377719879,0.12565021216869354,0.9986839294433594,0.9948593378067017,0.5887022018432617,0.3254818916320801,-0.12545529007911682,0.9988942742347717,0.9979193806648254,0.6047922968864441,0.2502349019050598,0.23454436659812927,0.652718722820282,0.9914763569831848,0.6206480860710144,0.2540881037712097,-0.029563989490270615,0.9653710126876831,0.9955829977989197,0.6834089756011963,0.2084341049194336,0.47786399722099304,0.796460747718811,0.9933153986930847,0.6861082315444946,0.20191898941993713,0.16185113787651062,0.9630079865455627,0.9950959086418152,0.6998155117034912,0.2034108191728592,0.49826779961586,0.83592689037323,0.992159366607666,0.6974059343338013,0.19790510833263397,0.17702126502990723,0.9329420328140259,0.9945154786109924,0.6780340671539307,0.18169978260993958,0.41472768783569336,0.8409543037414551,0.9898245930671692,0.6812146306037903,0.17373868823051453,0.05267415940761566,0.9535103440284729,0.9911120533943176
75,2550,True,0.6183833479881287,0.4765133857727051,-0.19060707092285156,0.9989277720451355,0.999416708946228,0.6217260360717773,0.47890543937683105,-0.1687593162059784,0.9979679584503174,0.9992079138755798,0.6211110949516296,0.47886428236961365,-0.16875015199184418,0.9972026348114014,0.999160885810852,0.620621383190155,0.47894516587257385,-0.16879239678382874,0.9978923797607422,0.999091386795044,0.62451171875,0.4786028265953064,-0.2087724506855011,0.9991310834884644,0.9993048906326294,0.627437174320221,0.477924108505249,-0.2089841365814209,0.9990708231925964,0.9993277788162231,0.629740834236145,0.47764936089515686,-0.20906057953834534,0.9991427063941956,0.9993104934692383,0.6194424629211426,0.47377413511276245,-0.065123051404953,0.9973143339157104,0.9988941550254822,0.6309343576431274,0.4701719880104065,-0.23833677172660828,0.9991772174835205,0.9990546107292175,0.6039130091667175,0.4725728929042816,-0.1454288810491562,0.9966972470283508,0.9973934888839722,0.6107232570648193,0.47247761487960815,-0.19799549877643585,0.9971137046813965,0.9976314306259155,0.5860636830329895,0.44870930910110474,0.05889749154448509,0.9858298301696777,0.9945774078369141,0.6205120086669922,0.44785651564598083,-0.33045464754104614,0.9955022931098938,0.99718177318573,0.5743200182914734,0.499427855014801,0.09447500109672546,0.44814854860305786,0.9981116056442261,0.6392499804496765,0.49610719084739685,-0.40664345026016235,0.988140344619751,0.9978843331336975,0.5865870714187622,0.5268665552139282,0.06462253630161285,0.4839726388454437,0.9876914620399475,0.6547523736953735,0.5238156914710999,-0.4255513548851013,0.9347384572029114,0.9907873272895813,0.5837244987487793,0.5271453261375427,0.043198708444833755,0.4249773323535919,0.9826033711433411,0.6643272638320923,0.5297812223434448,-0.4807283282279968,0.8816467523574829,0.9867807030677795,0.5886684060096741,0.5253563523292542,0.01597982458770275,0.42506399750709534,0.9809703230857849,0.6628214120864868,0.5276280641555786,-0.47100529074668884,0.8774212002754211,0.9863601922988892,0.5869375467300415,0.5246535539627075,0.04484613239765167,0.4434429705142975,0.9822898507118225,0.6585801839828491,0.5246763825416565,-0.4252142310142517,0.8663355112075806,0.9878512024879456,0.5588622093200684,0.3225739300251007,0.12507390975952148,0.9987115859985352,0.9972353577613831,0.5887480974197388,0.3252869248390198,-0.12497277557849884,0.9989097118377686,0.9983534812927246,0.6042004227638245,0.25062817335128784,0.2261425405740738,0.660617470741272,0.9978221654891968,0.6187371015548706,0.2562410235404968,-0.031026426702737808,0.9658524394035339,0.9975082874298096,0.6658380627632141,0.21658578515052795,0.43201836943626404,0.8039370179176331,0.9976086616516113,0.6845465302467346,0.20374338328838348,0.13752499222755432,0.9624626636505127,0.9970652461051941,0.688632071018219,0.2092076539993286,0.4480592906475067,0.8400369882583618,0.9961574673652649,0.698340117931366,0.20201626420021057,0.149282768368721,0.9305171370506287,0.9961146116256714,0.6683847308158875,0.20453548431396484,0.4080149233341217,0.8454234600067139,0.9933971166610718,0.6663380861282349,0.18794889748096466,0.04038907214999199,0.9526979923248291,0.9927807450294495
76,2584,True,0.6213915944099426,0.4771048426628113,-0.1853710412979126,0.9990164041519165,0.9998332262039185,0.622757613658905,0.4789600968360901,-0.16244721412658691,0.9981299638748169,0.9997652173042297,0.6222474575042725,0.4789077639579773,-0.16241908073425293,0.9974260926246643,0.9997389912605286,0.6217437982559204,0.47898516058921814,-0.16245172917842865,0.9980606436729431,0.9997044205665588,0.6280847787857056,0.4786401391029358,-0.20202164351940155,0.9992021322250366,0.9998051524162292,0.6295649409294128,0.47797948122024536,-0.20222976803779602,0.9991462230682373,0.9998133778572083,0.6310787796974182,0.4776979982852936,-0.20229294896125793,0.9992119669914246,0.9998061060905457,0.6227594017982483,0.47338348627090454,-0.057855911552906036,0.9975269436836243,0.9996070265769958,0.6310837864875793,0.47019919753074646,-0.23151876032352448,0.999243974685669,0.9997420907020569,0.6070507168769836,0.4729689657688141,-0.13931843638420105,0.9969452619552612,0.9989476799964905,0.6158062219619751,0.4727291166782379,-0.1911267638206482,0.9973378777503967,0.9991635084152222,0.5858553051948547,0.4476322531700134,0.061760980635881424,0.9863554835319519,0.9953598380088806,0.6233878135681152,0.44760847091674805,-0.32515281438827515,0.9957314729690552,0.9983164072036743,0.5759453177452087,0.49981388449668884,0.09336238354444504,0.45444199442863464,0.9985606074333191,0.6485671401023865,0.4964146018028259,-0.4016524851322174,0.9886998534202576,0.998645007610321,0.5864890813827515,0.5277928113937378,0.03572322055697441,0.4919334948062897,0.9927472472190857,0.6581159234046936,0.5225862264633179,-0.4051419496536255,0.9369884133338928,0.9949405193328857,0.5857680439949036,0.5308889746665955,0.01311583910137415,0.4320404827594757,0.9896100759506226,0.665735125541687,0.528886079788208,-0.456484317779541,0.8845492601394653,0.9924851059913635,0.5921744108200073,0.5265405178070068,-0.010236376896500587,0.431831032037735,0.988869309425354,0.6635547280311584,0.5260499715805054,-0.44378331303596497,0.8802797198295593,0.9924307465553284,0.5897697806358337,0.5254765748977661,0.017184635624289513,0.44940516352653503,0.9898921251296997,0.659949004650116,0.5230098962783813,-0.40299293398857117,0.8693109750747681,0.9934917092323303,0.5585400462150574,0.32276302576065063,0.12626975774765015,0.9987369775772095,0.9979608058929443,0.5887107849121094,0.32606709003448486,-0.12615258991718292,0.9989375472068787,0.9988622665405273,0.6046226620674133,0.25108614563941956,0.22488445043563843,0.662205159664154,0.9979285001754761,0.6198030114173889,0.25301551818847656,-0.048648424446582794,0.9675865173339844,0.9983526468276978,0.6672486066818237,0.21488764882087708,0.41692429780960083,0.8076614737510681,0.9981539845466614,0.6837865114212036,0.20026960968971252,0.13191138207912445,0.9642490744590759,0.9981783628463745,0.6899369955062866,0.20913848280906677,0.4313047528266907,0.8417997360229492,0.9973215460777283,0.6975918412208557,0.1987932175397873,0.14670267701148987,0.9326291680335999,0.9976264834403992,0.6684078574180603,0.20287804305553436,0.35283663868904114,0.8483642339706421,0.9954357743263245,0.666023850440979,0.17729920148849487,0.015419162809848785,0.9545530676841736,0.9954196214675903
77,2618,True,0.6202602386474609,0.47837600111961365,-0.1827942579984665,0.9990917444229126,0.9998151659965515,0.6232656836509705,0.47900325059890747,-0.15910381078720093,0.998271644115448,0.999748170375824,0.6228172183036804,0.47894686460494995,-0.15906423330307007,0.997614324092865,0.9997164607048035,0.6223446726799011,0.47902530431747437,-0.1590883880853653,0.998207151889801,0.9996746778488159,0.6280553340911865,0.47866129875183105,-0.19929122924804688,0.9992639422416687,0.9997972846031189,0.6292875409126282,0.4779950976371765,-0.19950002431869507,0.9992110133171082,0.9998078942298889,0.6305042505264282,0.47771739959716797,-0.19954922795295715,0.9992728233337402,0.9998013377189636,0.6225183606147766,0.47318392992019653,-0.05412682890892029,0.9977093935012817,0.9995627999305725,0.6311015486717224,0.4700632691383362,-0.22635775804519653,0.9992995858192444,0.9997474551200867,0.6074180006980896,0.47365695238113403,-0.1362045854330063,0.9971662759780884,0.9989277720451355,0.6152225136756897,0.4735933840274811,-0.18912364542484283,0.9975357055664062,0.9992119073867798,0.585548996925354,0.4485468864440918,0.06411661207675934,0.986777663230896,0.9947932362556458,0.6216181516647339,0.4482566714286804,-0.32121652364730835,0.995969831943512,0.9985347986221313,0.5734381079673767,0.49975427985191345,0.09625585377216339,0.4496079981327057,0.9984031319618225,0.647464394569397,0.49958691000938416,-0.4316245913505554,0.9892703294754028,0.9989023208618164,0.5836883783340454,0.5278262495994568,0.049635011702775955,0.49281367659568787,0.9921608567237854,0.6568347811698914,0.5232417583465576,-0.43255627155303955,0.9391301274299622,0.9958207607269287,0.5842724442481995,0.5325924158096313,0.029159534722566605,0.43379345536231995,0.9890143275260925,0.6637013554573059,0.5297333002090454,-0.4846111238002777,0.8875525593757629,0.9934304356575012,0.5918804407119751,0.530609130859375,0.004954168573021889,0.43338146805763245,0.9879640340805054,0.6445645093917847,0.5279345512390137,-0.4707391858100891,0.8832611441612244,0.9932617545127869,0.5894210338592529,0.5274896025657654,0.030976759269833565,0.45091497898101807,0.9890198111534119,0.6424790620803833,0.5266119241714478,-0.4303835928440094,0.8723405003547668,0.9942504167556763,0.5584237575531006,0.3238579034805298,0.13173995912075043,0.9987521767616272,0.9976062774658203,0.5886669754981995,0.32642775774002075,-0.13156594336032867,0.9989667534828186,0.998843789100647,0.6045451164245605,0.25761452317237854,0.22028526663780212,0.651824414730072,0.9974966645240784,0.6198813319206238,0.25484973192214966,-0.05620509758591652,0.9687458872795105,0.9987228512763977,0.6679134964942932,0.20920038223266602,0.4262073040008545,0.8021817207336426,0.9983978867530823,0.6830284595489502,0.19860343635082245,0.10921595990657806,0.9660012125968933,0.9986600875854492,0.689956784248352,0.20497484505176544,0.4414333701133728,0.8386446237564087,0.9980078339576721,0.6968866586685181,0.19300878047943115,0.12136537581682205,0.934941291809082,0.9983426332473755,0.655087411403656,0.185916006565094,0.34976574778556824,0.8463580012321472,0.9970365762710571,0.6583150625228882,0.16937974095344543,-0.017411239445209503,0.9564120173454285,0.997016429901123
78,2652,True,0.6275272965431213,0.47831401228904724,-0.1812279373407364,0.9991366863250732,0.9997114539146423,0.6289255619049072,0.4782985746860504,-0.1572602093219757,0.9983567595481873,0.9996405839920044,0.6284905076026917,0.4781459867954254,-0.15722183883190155,0.9977110028266907,0.9996089339256287,0.627976655960083,0.47810348868370056,-0.1572515368461609,0.9982984066009521,0.999553382396698,0.6344893574714661,0.4785190224647522,-0.19838052988052368,0.9993002414703369,0.9996858835220337,0.6347924470901489,0.47728872299194336,-0.19860680401325226,0.9992448091506958,0.999699592590332,0.6353325843811035,0.4770229756832123,-0.19864334166049957,0.9993100762367249,0.9996862411499023,0.6254053711891174,0.4719507098197937,-0.0519259013235569,0.997812032699585,0.9993937015533447,0.6333453059196472,0.4696411192417145,-0.21192963421344757,0.9993281364440918,0.9995793700218201,0.6149490475654602,0.47392338514328003,-0.1345670074224472,0.9972701072692871,0.998127281665802,0.6190459728240967,0.4740293622016907,-0.18728120625019073,0.997631847858429,0.998481810092926,0.5852668881416321,0.4488449692726135,0.06568487733602524,0.9866877198219299,0.991454005241394,0.6212767362594604,0.45064210891723633,-0.2999321520328522,0.9960237145423889,0.9972033500671387,0.5709830522537231,0.5041612386703491,0.09172374755144119,0.44508662819862366,0.9971045851707458,0.647379994392395,0.5026559829711914,-0.4021451771259308,0.9895502328872681,0.9975195527076721,0.5840982794761658,0.529253363609314,0.05489552393555641,0.48082688450813293,0.9904999136924744,0.653405487537384,0.5234428644180298,-0.37044578790664673,0.9373195171356201,0.9937939643859863,0.5848004817962646,0.5327994227409363,0.03213466331362724,0.4208684265613556,0.9881624579429626,0.6590538620948792,0.5306025743484497,-0.41610559821128845,0.8831109404563904,0.9914177656173706,0.59152752161026,0.5314873456954956,0.016390638425946236,0.4205252230167389,0.9870007038116455,0.6456978917121887,0.5278725028038025,-0.3980737030506134,0.8785288333892822,0.9910804629325867,0.5893126130104065,0.5281146764755249,0.03443993255496025,0.4389726221561432,0.9879540205001831,0.6435422897338867,0.525796115398407,-0.3662181496620178,0.8675432801246643,0.9922366738319397,0.5583459138870239,0.3279584050178528,0.1313038468360901,0.9986962080001831,0.9962940812110901,0.5884867310523987,0.3348817229270935,-0.13118134438991547,0.9989448189735413,0.9984057545661926,0.6020703911781311,0.2645435929298401,0.17369768023490906,0.6451359391212463,0.9960953593254089,0.61879563331604,0.258150190114975,-0.08511824905872345,0.970250129699707,0.9982092380523682,0.6666515469551086,0.205905944108963,0.3731866180896759,0.7987653017044067,0.9979941844940186,0.6810994744300842,0.19847580790519714,0.04160289093852043,0.9673081636428833,0.9978352189064026,0.6893607378005981,0.19986200332641602,0.38811564445495605,0.8365203738212585,0.9976933598518372,0.6964679956436157,0.19173763692378998,0.049707308411598206,0.9359609484672546,0.9975088834762573,0.6490204334259033,0.17512832581996918,0.29080677032470703,0.8446611762046814,0.9963483214378357,0.6537913680076599,0.1686563640832901,-0.0911632552742958,0.9573439359664917,0.9952848553657532
79,2686,True,0.627102255821228,0.47870564460754395,-0.1665804386138916,0.9991922974586487,0.9998674392700195,0.6295658946037292,0.4783438742160797,-0.1419178694486618,0.998458206653595,0.9998051524162292,0.629169225692749,0.4781928062438965,-0.1418420821428299,0.9978379011154175,0.9997829794883728,0.6288082599639893,0.47815045714378357,-0.1418023258447647,0.9984045028686523,0.9997455477714539,0.634150505065918,0.4785349369049072,-0.1773775815963745,0.9993447661399841,0.9998351335525513,0.6345948576927185,0.4774341583251953,-0.17759081721305847,0.999289870262146,0.9998437166213989,0.635193407535553,0.4772258698940277,-0.17762887477874756,0.999355673789978,0.9998364448547363,0.6263201236724854,0.4719518721103668,-0.03299076855182648,0.9979349970817566,0.999663233757019,0.6333448886871338,0.4699922502040863,-0.1824677288532257,0.9993666410446167,0.9997943043708801,0.6169993281364441,0.473961740732193,-0.12252012640237808,0.997408390045166,0.9992077946662903,0.6202691197395325,0.47415122389793396,-0.16870653629302979,0.9977608323097229,0.9993866682052612,0.5851121544837952,0.4488247334957123,0.06874808669090271,0.9873799681663513,0.9968685507774353,0.6219399571418762,0.451795756816864,-0.262801855802536,0.9962602853775024,0.9989068508148193,0.5710198879241943,0.5084455013275146,0.09541933983564377,0.4523828327655792,0.9987630844116211,0.6489458084106445,0.5027737617492676,-0.34298276901245117,0.9898303151130676,0.9988324046134949,0.5844851732254028,0.5308653712272644,0.0796540230512619,0.4808546304702759,0.9953314661979675,0.6581167578697205,0.5236527323722839,-0.30525320768356323,0.9362648129463196,0.9968546032905579,0.5908136367797852,0.5340932607650757,0.06297464668750763,0.41782915592193604,0.9936927556991577,0.665199339389801,0.5306774377822876,-0.34600013494491577,0.8800041675567627,0.9953927993774414,0.5946654677391052,0.5319507122039795,0.05161827430129051,0.41718077659606934,0.9931889772415161,0.6601252555847168,0.527630627155304,-0.33297255635261536,0.8753100633621216,0.9952174425125122,0.5926872491836548,0.5300849080085754,0.06441445648670197,0.4363040626049042,0.9939543604850769,0.6562792062759399,0.5250222682952881,-0.30274131894111633,0.8645077347755432,0.9959783554077148,0.5598440766334534,0.33168336749076843,0.1288558393716812,0.9987301826477051,0.9981662631034851,0.5889454483985901,0.33673906326293945,-0.12866337597370148,0.998981237411499,0.9991773962974548,0.6020520329475403,0.27029183506965637,0.146905779838562,0.6487995386123657,0.998420000076294,0.6182624101638794,0.26550033688545227,-0.09422612935304642,0.9717113971710205,0.9992268085479736,0.6670758724212646,0.20474088191986084,0.3345947563648224,0.8038846850395203,0.9989855885505676,0.6790784001350403,0.19920338690280914,0.02542206645011902,0.9691329598426819,0.9989081621170044,0.6883378028869629,0.1985798478126526,0.3478694558143616,0.8400610089302063,0.9987093210220337,0.6950804591178894,0.1938389241695404,0.032573916018009186,0.9381061792373657,0.998626708984375,0.6443357467651367,0.17405758798122406,0.24274596571922302,0.8495730757713318,0.997638463973999,0.6502293348312378,0.17049279808998108,-0.11399991065263748,0.9594122171401978,0.9970334768295288
80,2720,True,0.6301841139793396,0.478740394115448,-0.21697497367858887,0.9992402195930481,0.9998302459716797,0.6307653784751892,0.47880783677101135,-0.19378125667572021,0.9985283017158508,0.9997569918632507,0.630530834197998,0.4787519574165344,-0.19369985163211823,0.9979616403579712,0.9997393488883972,0.6304123401641846,0.47881120443344116,-0.19369684159755707,0.9984622001647949,0.9997134804725647,0.63873291015625,0.47856608033180237,-0.22008241713047028,0.9993811845779419,0.9998061060905457,0.6390726566314697,0.4777073860168457,-0.22031356394290924,0.999333918094635,0.999819815158844,0.6397977471351624,0.47763195633888245,-0.22033371031284332,0.9993901252746582,0.9998244643211365,0.6284544467926025,0.4752833843231201,-0.06916522234678268,0.9980361461639404,0.999691367149353,0.6465311050415039,0.47013336420059204,-0.18675543367862701,0.9994099736213684,0.9998138546943665,0.619929313659668,0.47397565841674805,-0.16673390567302704,0.9975852966308594,0.9995526671409607,0.6276122331619263,0.47419166564941406,-0.20040608942508698,0.9979333877563477,0.9996281862258911,0.5810204148292542,0.45037975907325745,0.038080595433712006,0.9885802268981934,0.999187171459198,0.6500535607337952,0.4498051702976227,-0.2375188022851944,0.9965994954109192,0.9997455477714539,0.5578508973121643,0.4992324411869049,0.09668441116809845,0.48755794763565063,0.9996614456176758,0.7030455470085144,0.47290030121803284,-0.3359907865524292,0.9898822903633118,0.9997753500938416,0.5787060856819153,0.5127760767936707,0.09230533242225647,0.504406213760376,0.9976422190666199,0.7107571363449097,0.486459881067276,-0.398544043302536,0.9389235973358154,0.9991081357002258,0.5862202644348145,0.5127386450767517,0.07355128228664398,0.4334295690059662,0.9964140057563782,0.7144402265548706,0.4881010055541992,-0.4449639916419983,0.8841886520385742,0.9985553622245789,0.5920003056526184,0.5128644108772278,0.0539264902472496,0.4321642220020294,0.9961512684822083,0.7092514634132385,0.48947232961654663,-0.4428168833255768,0.8797350525856018,0.9985178112983704,0.5887051820755005,0.5126655697822571,0.07816418260335922,0.4500056803226471,0.9965763688087463,0.7067237496376038,0.48788270354270935,-0.4012300670146942,0.8685895800590515,0.998740017414093,0.5594410300254822,0.33282285928726196,0.08591245114803314,0.9988504648208618,0.9996534585952759,0.6009225845336914,0.33757221698760986,-0.08593787997961044,0.9990706443786621,0.9998071789741516,0.6019761562347412,0.26823654770851135,0.02108875848352909,0.6771379113197327,0.9998152852058411,0.6005836725234985,0.27994292974472046,0.039007678627967834,0.9667384624481201,0.9997604489326477,0.6587963700294495,0.210882306098938,0.1705029010772705,0.8205108046531677,0.9997345805168152,0.651103138923645,0.25888168811798096,0.22372741997241974,0.9655331373214722,0.9995935559272766,0.6756700277328491,0.20287826657295227,0.17716863751411438,0.8516672253608704,0.9994452595710754,0.6596734523773193,0.25560277700424194,0.23540166020393372,0.9330676198005676,0.9994065761566162,0.6471283435821533,0.19852915406227112,0.022749587893486023,0.8618813157081604,0.9986056685447693,0.6480483412742615,0.25267019867897034,0.08792155236005783,0.9586051106452942,0.9987131357192993
81,2754,True,0.6274573802947998,0.4787895679473877,-0.21290282905101776,0.9993044137954712,0.9999464750289917,0.6278343200683594,0.4788007140159607,-0.18523754179477692,0.9986398220062256,0.9999135732650757,0.6273847222328186,0.4787296652793884,-0.1849689483642578,0.9981215000152588,0.9999028444290161,0.6270462870597839,0.4787672162055969,-0.18469904363155365,0.9985804557800293,0.9998869895935059,0.6375371217727661,0.4783983826637268,-0.20928353071212769,0.9994298219680786,0.9999293088912964,0.6379019618034363,0.4776736795902252,-0.20946945250034332,0.9993875622749329,0.9999328851699829,0.6387588977813721,0.477572500705719,-0.20944862067699432,0.9994385242462158,0.9999299049377441,0.6248164176940918,0.4752039909362793,-0.049706343561410904,0.9981791973114014,0.9998326301574707,0.6431387066841125,0.47066155076026917,-0.18138615787029266,0.999458372592926,0.999904990196228,0.6138274669647217,0.4740407466888428,-0.15931791067123413,0.9977626204490662,0.999543309211731,0.6206382513046265,0.47427207231521606,-0.19097116589546204,0.9980960488319397,0.9996517896652222,0.5812228918075562,0.4504539370536804,0.06516401469707489,0.989403486251831,0.9980104565620422,0.6472108960151672,0.4498116374015808,-0.2451951503753662,0.9968348145484924,0.9993322491645813,0.5613380670547485,0.5065744519233704,0.09592436999082565,0.5107932686805725,0.9994874000549316,0.6868831515312195,0.4792534410953522,-0.3151955008506775,0.9901556968688965,0.9994972944259644,0.5815356969833374,0.5165928602218628,0.09194789826869965,0.5135206580162048,0.9981005787849426,0.6987409591674805,0.49754852056503296,-0.27684399485588074,0.9371895790100098,0.9987194538116455,0.5894289612770081,0.5175281763076782,0.07313717156648636,0.4358181059360504,0.9972004890441895,0.7077269554138184,0.5012369751930237,-0.3168012499809265,0.8791366219520569,0.9980362057685852,0.5956560373306274,0.5165355205535889,0.05098260939121246,0.4340115785598755,0.9969582557678223,0.7021614909172058,0.4974512457847595,-0.30628129839897156,0.8746382594108582,0.9979169964790344,0.5934661626815796,0.5159128308296204,0.0751715824007988,0.4518093168735504,0.9973733425140381,0.7013821601867676,0.4954531788825989,-0.27481594681739807,0.8637168407440186,0.9982849955558777,0.5561180710792542,0.33521610498428345,0.0885593593120575,0.9989312291145325,0.9993058443069458,0.5937795639038086,0.33730176091194153,-0.08878611028194427,0.9991329312324524,0.9996966123580933,0.5859686732292175,0.2590332627296448,0.07024861872196198,0.6825407147407532,0.9993334412574768,0.6012691259384155,0.2685585618019104,-0.04961239546537399,0.9678881168365479,0.9996010661125183,0.6601229310035706,0.2106599360704422,0.22218367457389832,0.8287819623947144,0.9995545744895935,0.6542960405349731,0.22280040383338928,0.08456175774335861,0.9673699140548706,0.9996392726898193,0.6751712560653687,0.21283750236034393,0.21471057832241058,0.856681764125824,0.9993531107902527,0.6702777743339539,0.2231290638446808,0.09063094109296799,0.9353113770484924,0.9994953870773315,0.6474443078041077,0.1963563859462738,0.09481102973222733,0.8682892322540283,0.9986496567726135,0.659138560295105,0.2172180414199829,-0.06643097847700119,0.9606819748878479,0.9987057447433472
82,2788,True,0.6201750040054321,0.48208603262901306,-0.18265965580940247,0.9993536472320557,0.9998857975006104,0.6261863112449646,0.48050442337989807,-0.16063380241394043,0.9987373352050781,0.9998599290847778,0.6259516477584839,0.480388879776001,-0.16048452258110046,0.99824458360672,0.9998403787612915,0.6258558034896851,0.4803488850593567,-0.1603182852268219,0.9986794590950012,0.999810516834259,0.6307926774024963,0.480285108089447,-0.19514569640159607,0.9994708895683289,0.9998856782913208,0.6309787631034851,0.47979244589805603,-0.19531790912151337,0.9994305968284607,0.9998924732208252,0.6316964030265808,0.47959184646606445,-0.1953493058681488,0.9994799494743347,0.9998888969421387,0.6234017610549927,0.4754353165626526,-0.048067446798086166,0.998309314250946,0.9997414946556091,0.6378982663154602,0.4717114567756653,-0.1969471573829651,0.9994972348213196,0.9998633861541748,0.6068463921546936,0.4759770333766937,-0.13834324479103088,0.9979042410850525,0.9989462494850159,0.6107110977172852,0.47577863931655884,-0.1827334314584732,0.9982193112373352,0.9992628693580627,0.5818265676498413,0.4505976736545563,0.08333619683980942,0.9888864755630493,0.993759274482727,0.6298283934593201,0.45123252272605896,-0.2834359109401703,0.996921956539154,0.9981849789619446,0.5668074488639832,0.5112905502319336,0.13146783411502838,0.4878610372543335,0.9982762336730957,0.6554203629493713,0.49221935868263245,-0.34074804186820984,0.9902857542037964,0.9983627200126648,0.5847906470298767,0.5205116271972656,0.15566956996917725,0.48562657833099365,0.9951261281967163,0.6808218359947205,0.4988486170768738,-0.30491194128990173,0.9335142970085144,0.9961709380149841,0.5917148590087891,0.5181467533111572,0.1508389413356781,0.41154468059539795,0.9933096170425415,0.6997973322868347,0.5022141933441162,-0.3459256887435913,0.8729488253593445,0.994419276714325,0.5969460606575012,0.51854407787323,0.13310210406780243,0.41002747416496277,0.9927385449409485,0.696867823600769,0.5035868287086487,-0.33427751064300537,0.8681474328041077,0.9940850734710693,0.5943627953529358,0.5176036953926086,0.1404818594455719,0.4286533296108246,0.9936602711677551,0.688810408115387,0.501352846622467,-0.30221322178840637,0.8575400114059448,0.995028555393219,0.5566586852073669,0.3350422978401184,0.11641668528318405,0.9989189505577087,0.9986623525619507,0.5917307734489441,0.3376927077770233,-0.11614523082971573,0.999154269695282,0.9994656443595886,0.5863087177276611,0.26544389128685,0.15014271438121796,0.6673061847686768,0.997591495513916,0.605082631111145,0.26775771379470825,-0.08226187527179718,0.9693027138710022,0.9989674091339111,0.6585717797279358,0.2089581936597824,0.30919820070266724,0.8217743039131165,0.9986880421638489,0.6567209959030151,0.20324134826660156,0.033989593386650085,0.9690467119216919,0.9989004135131836,0.6754741072654724,0.19870369136333466,0.31543970108032227,0.8527136445045471,0.998457670211792,0.6719870567321777,0.19549450278282166,0.04092021659016609,0.9377157688140869,0.9986806511878967,0.6365332007408142,0.18295791745185852,0.24715487658977509,0.8653377294540405,0.9976287484169006,0.6482042670249939,0.17535457015037537,-0.08818046748638153,0.9621313214302063,0.9973933696746826
83,2822,True,0.6110444664955139,0.4816665053367615,-0.15897293388843536,0.9993515610694885,0.9995508790016174,0.6206162571907043,0.4804953932762146,-0.13534869253635406,0.9987460970878601,0.9994458556175232,0.6205127835273743,0.4803788661956787,-0.13527026772499084,0.998244047164917,0.9993883371353149,0.6205564141273499,0.48034438490867615,-0.13523925840854645,0.9986879825592041,0.9993184804916382,0.6233307719230652,0.48026514053344727,-0.1741325855255127,0.9994750618934631,0.9995341300964355,0.6287978887557983,0.4797057509422302,-0.17433473467826843,0.9994324445724487,0.9995518326759338,0.6297280788421631,0.4795296788215637,-0.17436978220939636,0.9994825124740601,0.9995455145835876,0.6199458837509155,0.4752942621707916,-0.023514391854405403,0.9983019232749939,0.9990744590759277,0.6333922743797302,0.47170862555503845,-0.1935015767812729,0.9994953870773315,0.9993718266487122,0.6023337244987488,0.4751957952976227,-0.1151646301150322,0.9978733062744141,0.9973795413970947,0.6053451299667358,0.47491782903671265,-0.1652839332818985,0.99818354845047,0.9978771209716797,0.5812271237373352,0.44982704520225525,0.09113916754722595,0.9878836870193481,0.9911531805992126,0.6228122115135193,0.4513007700443268,-0.28592804074287415,0.9967151880264282,0.9963563680648804,0.5669870376586914,0.5058309435844421,0.10885004699230194,0.4759092926979065,0.9982190728187561,0.6262766718864441,0.5001688003540039,-0.38730111718177795,0.9900160431861877,0.9976129531860352,0.581088662147522,0.5240724086761475,0.042619816958904266,0.482743501663208,0.9900417327880859,0.6223853826522827,0.5274306535720825,-0.38627785444259644,0.9331291913986206,0.9899411797523499,0.582967221736908,0.5274797677993774,0.020914094522595406,0.4123295843601227,0.9866060614585876,0.6309450268745422,0.5327774882316589,-0.43884581327438354,0.8734621405601501,0.9872961044311523,0.5925063490867615,0.5284181833267212,-0.000708089501131326,0.41098010540008545,0.9850655198097229,0.6316405534744263,0.53085857629776,-0.4230746030807495,0.8685480356216431,0.9868020415306091,0.5844809412956238,0.528091311454773,0.02412210777401924,0.42937803268432617,0.9861466288566589,0.6285759210586548,0.5296478271484375,-0.3833156228065491,0.8576028347015381,0.9877170920372009,0.5566307902336121,0.33465874195098877,0.12247028201818466,0.9989011883735657,0.9974240064620972,0.587952196598053,0.3374933898448944,-0.12224766612052917,0.9991391897201538,0.9984921216964722,0.5897061228752136,0.26499301195144653,0.18270422518253326,0.6551063656806946,0.9977381229400635,0.6067079305648804,0.2644060254096985,-0.07577462494373322,0.969575822353363,0.9983958601951599,0.6593809127807617,0.2088964432477951,0.3368200659751892,0.8166568875312805,0.9985097050666809,0.6580334901809692,0.20195737481117249,0.04633893445134163,0.9697253704071045,0.9986151456832886,0.6756439208984375,0.19931860268115997,0.3431602120399475,0.8496615290641785,0.9980009198188782,0.6737024784088135,0.19741590321063995,0.05281868577003479,0.9388481974601746,0.9982520937919617,0.6406249403953552,0.19074556231498718,0.2581403851509094,0.8614969253540039,0.9969954490661621,0.6495014429092407,0.18083703517913818,-0.08289181441068649,0.9623732566833496,0.9970331192016602
84,2856,True,0.6123402714729309,0.48129528760910034,-0.14706619083881378,0.9993821382522583,0.9998025298118591,0.6199110150337219,0.48016300797462463,-0.12342182546854019,0.9988125562667847,0.9997373223304749,0.6199272871017456,0.4800642430782318,-0.12334036082029343,0.9983255863189697,0.999707043170929,0.6200165748596191,0.4800577163696289,-0.12332121282815933,0.9987547397613525,0.9996652603149414,0.6218314170837402,0.47988563776016235,-0.16389963030815125,0.9995028972625732,0.9997796416282654,0.6277967691421509,0.4791727066040039,-0.16409865021705627,0.9994602203369141,0.999786913394928,0.628733217716217,0.47896328568458557,-0.16412530839443207,0.9995089769363403,0.9997805953025818,0.6201748251914978,0.47412776947021484,-0.01325999852269888,0.9983757138252258,0.9995524287223816,0.6308974027633667,0.4714129865169525,-0.19256947934627533,0.9995153546333313,0.9996991157531738,0.6024808883666992,0.47514620423316956,-0.10394775867462158,0.9979599714279175,0.9988239407539368,0.6054686903953552,0.4748474955558777,-0.15647664666175842,0.9982526898384094,0.9990573525428772,0.5823009610176086,0.44842472672462463,0.09804614633321762,0.9876531958580017,0.9950070381164551,0.6156128644943237,0.451005220413208,-0.2893986403942108,0.9967489838600159,0.9981149435043335,0.5720854997634888,0.5009284615516663,0.1089911237359047,0.4638458788394928,0.9987251162528992,0.621163010597229,0.5025474429130554,-0.4091973304748535,0.9902268648147583,0.9985040426254272,0.579249382019043,0.5260361433029175,0.04072841629385948,0.4842856526374817,0.9934513568878174,0.6279464364051819,0.5351170897483826,-0.4261804223060608,0.9355702996253967,0.9926901459693909,0.5832561254501343,0.5302345156669617,0.019926097244024277,0.41818273067474365,0.9909883141517639,0.6357129812240601,0.5434972643852234,-0.4810430407524109,0.8782863020896912,0.9901221394538879,0.5905975103378296,0.53104168176651,-0.004247452598065138,0.4169544279575348,0.9901866912841797,0.6312415599822998,0.5360929369926453,-0.4654562175273895,0.8733809590339661,0.9900181293487549,0.5848339796066284,0.5305251479148865,0.02140059508383274,0.4350723326206207,0.9909890294075012,0.6304422616958618,0.5321879982948303,-0.4236690402030945,0.8623820543289185,0.9909171462059021,0.5573376417160034,0.3343256115913391,0.12841413915157318,0.9988803267478943,0.9977635145187378,0.5856626033782959,0.3375881314277649,-0.12818188965320587,0.9991401433944702,0.9988234639167786,0.5925270318984985,0.26683667302131653,0.1808241456747055,0.6425721049308777,0.9979779124259949,0.6072908639907837,0.26441076397895813,-0.08930543065071106,0.9704064726829529,0.9988266825675964,0.6595157384872437,0.20873098075389862,0.33767008781433105,0.8096530437469482,0.998714804649353,0.659072995185852,0.2005140781402588,0.017160091549158096,0.9708025455474854,0.998752236366272,0.676038384437561,0.19974859058856964,0.345331609249115,0.8462434411048889,0.9983426332473755,0.6738255620002747,0.1946391761302948,0.021936213597655296,0.9405182003974915,0.9984139204025269,0.6403907537460327,0.19162669777870178,0.25821250677108765,0.8563910722732544,0.9976581335067749,0.6461304426193237,0.18025854229927063,-0.11464901268482208,0.9629615545272827,0.9974064230918884
85,2890,True,0.6063988208770752,0.4806396961212158,-0.1543533056974411,0.999377429485321,0.9994633793830872,0.6166669726371765,0.4796794056892395,-0.13176903128623962,0.9988363981246948,0.9994179010391235,0.6165916323661804,0.4795979857444763,-0.13177770376205444,0.9983362555503845,0.999367892742157,0.6166043281555176,0.4787091314792633,-0.13184621930122375,0.9987757205963135,0.9992897510528564,0.6184399127960205,0.47934025526046753,-0.1758774220943451,0.9995110630989075,0.9994899034500122,0.621530294418335,0.47874894738197327,-0.17607082426548004,0.9994640350341797,0.9995018243789673,0.6258840560913086,0.47815170884132385,-0.17612169682979584,0.9995151162147522,0.9994864463806152,0.6162147521972656,0.47363996505737305,-0.023518003523349762,0.9983954429626465,0.999103844165802,0.6271941661834717,0.4709479808807373,-0.21230773627758026,0.9995102882385254,0.9993183612823486,0.5987487435340881,0.47416582703590393,-0.11162511259317398,0.9979458451271057,0.9970636963844299,0.6016115546226501,0.47379380464553833,-0.16856041550636292,0.9982195496559143,0.9976003766059875,0.5814224481582642,0.4476386606693268,0.09245601296424866,0.9861826300621033,0.9900937676429749,0.6097895503044128,0.45067042112350464,-0.312661349773407,0.9964982271194458,0.9955469369888306,0.5715734958648682,0.49601536989212036,0.10219545662403107,0.444862425327301,0.9977909326553345,0.612683117389679,0.5020304918289185,-0.4328806698322296,0.9902415871620178,0.9967228770256042,0.5779229402542114,0.5269566774368286,0.022189004346728325,0.4801037013530731,0.9882047176361084,0.6057225465774536,0.5359925031661987,-0.45830628275871277,0.9374068379402161,0.9857383966445923,0.5795118808746338,0.5321458578109741,-0.0002144123282050714,0.4200054109096527,0.9837045073509216,0.6228130459785461,0.5419389009475708,-0.5170170068740845,0.8826244473457336,0.9814904928207397,0.5893815755844116,0.5327626466751099,-0.025594277307391167,0.41897836327552795,0.9828741550445557,0.6226167678833008,0.5395309925079346,-0.5008542537689209,0.8777028918266296,0.9816383123397827,0.5849131941795349,0.5320576429367065,0.0023628133349120617,0.4370623230934143,0.9841550588607788,0.6125913262367249,0.5363337993621826,-0.4553702175617218,0.8666181564331055,0.9829005599021912,0.5594132542610168,0.3334273397922516,0.1316019594669342,0.9987599849700928,0.9964810609817505,0.5837781429290771,0.3372017443180084,-0.1313258856534958,0.9990792870521545,0.9978852868080139,0.5948893427848816,0.26652124524116516,0.20906080305576324,0.6233723163604736,0.9950950145721436,0.6103445291519165,0.2628341317176819,-0.07703752815723419,0.9711583256721497,0.9969809651374817,0.6597915887832642,0.20639033615589142,0.40639492869377136,0.7918667197227478,0.9965614676475525,0.66260826587677,0.19582661986351013,0.03736959025263786,0.9711660146713257,0.9964519739151001,0.6766290664672852,0.19831913709640503,0.42166250944137573,0.8377223610877991,0.9959075450897217,0.679117739200592,0.1884400099515915,0.045878443866968155,0.9411320090293884,0.9958736300468445,0.6380997896194458,0.18121501803398132,0.33910423517227173,0.8431930541992188,0.9948242902755737,0.6432850956916809,0.16989287734031677,-0.07293708622455597,0.9623230695724487,0.9937244057655334
86,2924,True,0.6068400144577026,0.48064035177230835,-0.1574639081954956,0.9993621110916138,0.9995149374008179,0.618188202381134,0.4796160161495209,-0.1343616247177124,0.9988152384757996,0.9994252920150757,0.6182277202606201,0.47955313324928284,-0.13434192538261414,0.9982882738113403,0.9993638396263123,0.6183986067771912,0.4787220060825348,-0.13437923789024353,0.9987531900405884,0.9992749094963074,0.6188693642616272,0.47923436760902405,-0.17674612998962402,0.9995030164718628,0.9995208978652954,0.6223253607749939,0.4786895215511322,-0.17694179713726044,0.9994523525238037,0.999545156955719,0.6257889270782471,0.478118896484375,-0.17699041962623596,0.9995079040527344,0.9995372295379639,0.6166226863861084,0.4734073579311371,-0.023806169629096985,0.9983416199684143,0.9990184307098389,0.626014769077301,0.47092175483703613,-0.2096429169178009,0.9994950294494629,0.9993894100189209,0.599664032459259,0.4766833782196045,-0.11372631788253784,0.9978747963905334,0.9972320199012756,0.6034095287322998,0.475689560174942,-0.16882717609405518,0.9981568455696106,0.9978801012039185,0.5805330276489258,0.4487059712409973,0.09316791594028473,0.985308825969696,0.9909073114395142,0.6098055839538574,0.4530443251132965,-0.3055311143398285,0.9964208006858826,0.9967971444129944,0.570503294467926,0.5020838379859924,0.1022660881280899,0.4313492774963379,0.9978806972503662,0.6195239424705505,0.5036705732345581,-0.4142233431339264,0.9902231097221375,0.9977898597717285,0.5780547261238098,0.5273553729057312,0.03058847412467003,0.469989150762558,0.9905851483345032,0.6190989017486572,0.5333104729652405,-0.4339226484298706,0.9366553425788879,0.9919948577880859,0.5800701975822449,0.5328978300094604,0.007866039872169495,0.41218721866607666,0.9877244234085083,0.6253131031990051,0.5385684967041016,-0.4869379699230194,0.8817678093910217,0.9894813299179077,0.587659478187561,0.5333006381988525,-0.01972607895731926,0.4111868441104889,0.9865047335624695,0.6251813769340515,0.53656405210495,-0.47334593534469604,0.8767621517181396,0.9891248941421509,0.58450847864151,0.5324431657791138,0.011319072917103767,0.42936971783638,0.9874553680419922,0.6213802099227905,0.5330816507339478,-0.432199090719223,0.8654146194458008,0.9900599718093872,0.558350145816803,0.33332547545433044,0.13293114304542542,0.9987033009529114,0.996651828289032,0.5820258259773254,0.3370795249938965,-0.13266128301620483,0.999060869216919,0.9984775185585022,0.5963846445083618,0.2662350535392761,0.201242595911026,0.6098487377166748,0.9968519806861877,0.6103681921958923,0.26202961802482605,-0.0766066163778305,0.9716312885284424,0.998437225818634,0.6600822806358337,0.20544937252998352,0.38757964968681335,0.7854503989219666,0.9982238411903381,0.6642651557922363,0.1961144208908081,0.04066857695579529,0.9719628095626831,0.9984492063522339,0.6779782176017761,0.1983344703912735,0.4007672965526581,0.8346990346908569,0.9978464841842651,0.6825240254402161,0.1895102560520172,0.04778904467821121,0.942336916923523,0.9980937838554382,0.639022707939148,0.17994925379753113,0.30674806237220764,0.8396270275115967,0.9969913959503174,0.6432657837867737,0.16997922956943512,-0.08590324968099594,0.9628907442092896,0.9967302083969116
87,2958,True,0.6070899963378906,0.4806341528892517,-0.15913113951683044,0.999383270740509,0.9998219609260559,0.6178110241889954,0.4794589877128601,-0.1354111135005951,0.9988545775413513,0.9997645020484924,0.6177388429641724,0.4793858528137207,-0.135367289185524,0.9983357191085815,0.9997428059577942,0.6178551316261292,0.47868841886520386,-0.1353762447834015,0.9987953305244446,0.9997074007987976,0.6190727949142456,0.4791523516178131,-0.1762896478176117,0.9995182752609253,0.9997896552085876,0.6226164698600769,0.47844940423965454,-0.17648549377918243,0.9994661211967468,0.9997944235801697,0.6260018944740295,0.4779963493347168,-0.17652879655361176,0.9995231032371521,0.9997820258140564,0.6164849996566772,0.4732874035835266,-0.0215371772646904,0.99837327003479,0.9996121525764465,0.6263340711593628,0.4709135890007019,-0.202129527926445,0.9995037913322449,0.9997020363807678,0.6003009676933289,0.47587403655052185,-0.11471376568078995,0.9979096055030823,0.998839795589447,0.6066430807113647,0.4749121069908142,-0.16808420419692993,0.9981910586357117,0.9990418553352356,0.5839294791221619,0.4478147029876709,0.09455244988203049,0.9857447147369385,0.996271014213562,0.6136133074760437,0.4524199068546295,-0.2948167324066162,0.9965021014213562,0.9982860684394836,0.5720831751823425,0.5051684379577637,0.1020575612783432,0.4298161268234253,0.9990843534469604,0.6275129914283752,0.5032466650009155,-0.3914998769760132,0.9901703000068665,0.9986549615859985,0.5794166326522827,0.5285278558731079,0.04296628013253212,0.4681175947189331,0.9955775737762451,0.6351772546768188,0.5317609906196594,-0.37697333097457886,0.9357963800430298,0.995315670967102,0.5787491202354431,0.5342830419540405,0.022663122043013573,0.40988948941230774,0.9939182996749878,0.6421468257904053,0.5369362831115723,-0.4238792061805725,0.8803102374076843,0.9938392043113708,0.585372269153595,0.5328985452651978,-0.0032116698566824198,0.4088144302368164,0.9933755993843079,0.6414066553115845,0.5344050526618958,-0.4112180173397064,0.8752617835998535,0.9935929179191589,0.5827261805534363,0.5320340394973755,0.024539578706026077,0.42760151624679565,0.9940172433853149,0.6383185982704163,0.5310667157173157,-0.3747672140598297,0.8636883497238159,0.9942145943641663,0.5595852136611938,0.33260229229927063,0.13211652636528015,0.9987399578094482,0.9987061023712158,0.5855263471603394,0.33576419949531555,-0.13186267018318176,0.9990881085395813,0.9993261098861694,0.597161591053009,0.2660263776779175,0.1955699771642685,0.603858470916748,0.9986335635185242,0.610761284828186,0.26210683584213257,-0.07748055458068848,0.9720995426177979,0.9992396831512451,0.6601504683494568,0.20506271719932556,0.3786724805831909,0.784621000289917,0.999224066734314,0.6677834987640381,0.1967354714870453,0.04392329230904579,0.9727293848991394,0.9992176294326782,0.6781604290008545,0.19792692363262177,0.3913630545139313,0.8343191146850586,0.9990556836128235,0.6852533221244812,0.18974506855010986,0.05056345835328102,0.9431442618370056,0.9990484118461609,0.6395511627197266,0.1813785582780838,0.29500314593315125,0.8400669097900391,0.9985527396202087,0.6455895900726318,0.17313626408576965,-0.09112361073493958,0.9635980725288391,0.9982479810714722
88,2992,True,0.6155322790145874,0.4800277352333069,-0.16008518636226654,0.9991225600242615,0.9976582527160645,0.6254560947418213,0.4781153202056885,-0.13780447840690613,0.9983779788017273,0.9972660541534424,0.6250842213630676,0.47801318764686584,-0.13774819672107697,0.9975915551185608,0.9970098733901978,0.6248926520347595,0.4775722026824951,-0.13774701952934265,0.9982924461364746,0.9966289401054382,0.6262066960334778,0.47773995995521545,-0.1772359311580658,0.9993180632591248,0.9977745413780212,0.6274008750915527,0.47717395424842834,-0.1774289608001709,0.9992353320121765,0.9979619979858398,0.6293776035308838,0.47673654556274414,-0.17750592529773712,0.9993410706520081,0.9980008006095886,0.6218715906143188,0.47127169370651245,-0.03864756226539612,0.997600793838501,0.9953416585922241,0.628038227558136,0.4695415496826172,-0.20855814218521118,0.9993000030517578,0.9975056052207947,0.6007578372955322,0.4744112491607666,-0.1171831339597702,0.9971493482589722,0.9898053407669067,0.6067084670066833,0.47351279854774475,-0.1687304526567459,0.9975642561912537,0.9924801588058472,0.5844619274139404,0.44852203130722046,0.08065272867679596,0.9834218621253967,0.9790003895759583,0.6126599907875061,0.4529917240142822,-0.30288246273994446,0.9963312149047852,0.9947473406791687,0.5739407539367676,0.5051457285881042,0.08223889768123627,0.4109947085380554,0.9950632452964783,0.6290470361709595,0.5032811164855957,-0.39089635014533997,0.9899364709854126,0.9963065385818481,0.581460177898407,0.5294133424758911,0.047828879207372665,0.45063093304634094,0.9802868962287903,0.6380659341812134,0.5282925367355347,-0.3752879202365875,0.9335827231407166,0.9880886673927307,0.583276093006134,0.5350946187973022,0.02912887930870056,0.3949969410896301,0.9761897325515747,0.6470015048980713,0.5344584584236145,-0.4227622449398041,0.8770171999931335,0.9844346642494202,0.5868006944656372,0.532990574836731,0.005548962391912937,0.39424121379852295,0.9728047251701355,0.6464728713035583,0.5301663279533386,-0.4106232821941376,0.8719677925109863,0.9832346439361572,0.5847447514533997,0.5321624875068665,0.02975641004741192,0.4135033190250397,0.9741985201835632,0.6426620483398438,0.5268956422805786,-0.37332242727279663,0.8602316379547119,0.9847049713134766,0.5602403283119202,0.33258146047592163,0.1318870633840561,0.998481273651123,0.9901939034461975,0.584086000919342,0.33632880449295044,-0.13163714110851288,0.9989616870880127,0.9963589310646057,0.6012032628059387,0.2659452557563782,0.1988002508878708,0.5862671732902527,0.9927409291267395,0.6119576692581177,0.2621636688709259,-0.07163708657026291,0.9719579219818115,0.9969770908355713,0.6603872179985046,0.2043786495923996,0.38819003105163574,0.7730527520179749,0.996118426322937,0.6685441136360168,0.19650425016880035,0.045792099088430405,0.972358226776123,0.996769905090332,0.6826379299163818,0.19658395648002625,0.4018626809120178,0.8277835845947266,0.9955202341079712,0.686488151550293,0.18876704573631287,0.05251118913292885,0.9420030117034912,0.9962487816810608,0.6403083801269531,0.17627696692943573,0.3091314733028412,0.8323015570640564,0.9940465688705444,0.6461219191551208,0.16853448748588562,-0.08583196252584457,0.962502121925354,0.9938673377037048
89,3026,True,0.6144356727600098,0.4786229133605957,-0.16553744673728943,0.9991103410720825,0.999294638633728,0.6253880262374878,0.4781314432621002,-0.14443427324295044,0.9983488917350769,0.9990365505218506,0.6250276565551758,0.4780348241329193,-0.1444176584482193,0.9975413084030151,0.9989676475524902,0.6248814463615417,0.4776608943939209,-0.144452303647995,0.9982759952545166,0.9988651275634766,0.6262111067771912,0.4777929186820984,-0.1793869584798813,0.9992913603782654,0.9991067051887512,0.6273893713951111,0.4773329198360443,-0.17957088351249695,0.9991967678070068,0.999123752117157,0.6293392777442932,0.476468026638031,-0.17963078618049622,0.9993161559104919,0.99906986951828,0.6223141551017761,0.4713054597377777,-0.040473613888025284,0.9975263476371765,0.9985266923904419,0.6309283971786499,0.4695923924446106,-0.19925238192081451,0.9992477297782898,0.9987255930900574,0.6011250615119934,0.47265368700027466,-0.1229439228773117,0.997043788433075,0.9961615800857544,0.6068920493125916,0.4717904031276703,-0.16937147080898285,0.9974564909934998,0.9966170191764832,0.5875974893569946,0.44744205474853516,0.0653626099228859,0.9834408760070801,0.9902927875518799,0.624176025390625,0.4497961103916168,-0.268754780292511,0.9960268139839172,0.9932349324226379,0.5740754008293152,0.503318190574646,0.07453009486198425,0.419804185628891,0.9978060126304626,0.6342672109603882,0.49869266152381897,-0.34136760234832764,0.9890522956848145,0.9963666200637817,0.5813871026039124,0.5295504331588745,0.04502395913004875,0.45511594414711,0.9907965660095215,0.6415641903877258,0.522415816783905,-0.3099074959754944,0.9293616414070129,0.9921016097068787,0.5831248164176941,0.5350186228752136,0.02500448003411293,0.39740586280822754,0.9869349002838135,0.6489803194999695,0.5291638970375061,-0.35082462430000305,0.8707107901573181,0.9896392822265625,0.5881163477897644,0.5328031182289124,0.006314037833362818,0.39659860730171204,0.9857557415962219,0.6486307978630066,0.5245854258537292,-0.34327495098114014,0.8657135963439941,0.9891285300254822,0.5863218307495117,0.5319751501083374,0.028812136501073837,0.41604870557785034,0.9873201847076416,0.6455023288726807,0.5215111970901489,-0.30939874053001404,0.8535475730895996,0.990445613861084,0.5691529512405396,0.32962486147880554,0.11510422825813293,0.998414158821106,0.9967705011367798,0.5982208847999573,0.3319430947303772,-0.11498589813709259,0.9988629221916199,0.9977419376373291,0.6035030484199524,0.26233288645744324,0.1855449229478836,0.5888952016830444,0.9974483251571655,0.6139532327651978,0.2598896622657776,-0.0495619922876358,0.9709153771400452,0.9976358413696289,0.6620234847068787,0.2015124261379242,0.3720937967300415,0.7758769392967224,0.9978317618370056,0.6703786253929138,0.197150319814682,0.10814867913722992,0.9713444113731384,0.9974851608276367,0.6826539635658264,0.19330401718616486,0.3843638598918915,0.8253398537635803,0.9971169233322144,0.685608446598053,0.19045984745025635,0.11813397705554962,0.9381939768791199,0.9970591068267822,0.6408507823944092,0.1742658019065857,0.27899956703186035,0.8340218663215637,0.9953510761260986,0.6464299559593201,0.17042677104473114,-0.016840294003486633,0.9611914157867432,0.9950876832008362
90,3060,True,0.5960614085197449,0.47583240270614624,-0.14698360860347748,0.9991269111633301,0.999472439289093,0.6068004369735718,0.47770705819129944,-0.12611375749111176,0.9983806014060974,0.9992378950119019,0.6157526969909668,0.47754591703414917,-0.12604451179504395,0.9975788593292236,0.9991357922554016,0.6155964136123657,0.47723180055618286,-0.126056507229805,0.9982946515083313,0.9990153312683105,0.6087535619735718,0.47748103737831116,-0.16514354944229126,0.999305009841919,0.9993972778320312,0.6102796792984009,0.4770749509334564,-0.16533511877059937,0.9992124438285828,0.9994321465492249,0.6125499606132507,0.47634416818618774,-0.1653812974691391,0.9993295669555664,0.9994238615036011,0.6126165390014648,0.47139185667037964,-0.023238958790898323,0.997565507888794,0.9985325336456299,0.6265833377838135,0.4696086347103119,-0.19727616012096405,0.9992638826370239,0.9991925358772278,0.5908111333847046,0.4698980748653412,-0.10486208647489548,0.9970830082893372,0.9962332844734192,0.5940091609954834,0.4693261682987213,-0.15598691999912262,0.9975294470787048,0.9973209500312805,0.5840819478034973,0.447462260723114,0.07503974437713623,0.9833081960678101,0.9856394529342651,0.6200854182243347,0.4493703246116638,-0.2727257311344147,0.9960438013076782,0.9960945248603821,0.5768960118293762,0.5013636350631714,0.09350069612264633,0.4149387776851654,0.9964703321456909,0.6345093846321106,0.4976333677768707,-0.3529461622238159,0.9888237714767456,0.9974104762077332,0.5821136236190796,0.5269222259521484,0.04660499468445778,0.45133864879608154,0.9874990582466125,0.6435678601264954,0.5117615461349487,-0.3271421194076538,0.927945077419281,0.991818904876709,0.5852993726730347,0.5269009470939636,0.02788636088371277,0.39462369680404663,0.9829217195510864,0.6523312926292419,0.5155095458030701,-0.3682648837566376,0.868125855922699,0.9877035617828369,0.5906469821929932,0.5227705836296082,0.00884738378226757,0.39389854669570923,0.9808922410011292,0.6502276659011841,0.5097759962081909,-0.3589169383049011,0.862957239151001,0.9873009920120239,0.5888644456863403,0.5215189456939697,0.0299546979367733,0.4129858911037445,0.9825297594070435,0.646783173084259,0.5078477263450623,-0.3252900540828705,0.8504651784896851,0.9891242980957031,0.565197229385376,0.328946590423584,0.11575844883918762,0.9983909130096436,0.995372474193573,0.5923270583152771,0.3317175507545471,-0.11553934216499329,0.9988343715667725,0.9976981282234192,0.6018256545066833,0.25755277276039124,0.1863144338130951,0.5855121612548828,0.995186984539032,0.6018785834312439,0.25986039638519287,-0.05164998397231102,0.9706352353096008,0.9969377517700195,0.6609923243522644,0.20729920268058777,0.3713836967945099,0.7721356153488159,0.9968518614768982,0.6692001819610596,0.20398035645484924,0.10340069979429245,0.9706249833106995,0.9965574741363525,0.6807395219802856,0.2062857449054718,0.38321059942245483,0.8208560347557068,0.9957242012023926,0.6858123540878296,0.20221319794654846,0.11649049818515778,0.9364708065986633,0.9958000779151917,0.6481006145477295,0.19800105690956116,0.282590389251709,0.8301222324371338,0.9938955903053284,0.6465870141983032,0.2018922120332718,-0.03268102928996086,0.9597482681274414,0.9930722117424011
91,3094,True,0.5984699726104736,0.4758639335632324,-0.22757144272327423,0.9990805983543396,0.9988563060760498,0.6092525720596313,0.4776662290096283,-0.21012386679649353,0.9983139038085938,0.9986971020698547,0.6146348714828491,0.47750401496887207,-0.2100955694913864,0.9974485039710999,0.9985465407371521,0.6145312786102295,0.47722649574279785,-0.21010643243789673,0.9981943964958191,0.9983041286468506,0.611357569694519,0.47744616866111755,-0.24648113548755646,0.9992613792419434,0.9989233613014221,0.6130144596099854,0.47705507278442383,-0.2466612309217453,0.9991558194160461,0.9989854693412781,0.6149657368659973,0.47635626792907715,-0.24676719307899475,0.9992874264717102,0.9989728927612305,0.6119616627693176,0.471352756023407,-0.10434670001268387,0.9974430203437805,0.997503936290741,0.6262473464012146,0.46947216987609863,-0.26735153794288635,0.9992227554321289,0.9986586570739746,0.5920273065567017,0.4700617790222168,-0.1833336502313614,0.9969297647476196,0.9913116693496704,0.5955538749694824,0.46929413080215454,-0.23076960444450378,0.9973666071891785,0.9935177564620972,0.5824620723724365,0.44747573137283325,0.024618789553642273,0.9808107614517212,0.964563250541687,0.6195156574249268,0.44908905029296875,-0.34045442938804626,0.9956287741661072,0.9906854033470154,0.5721932053565979,0.5096232295036316,0.05935095623135567,0.4003795087337494,0.9915191531181335,0.6336784958839417,0.49762749671936035,-0.4128777086734772,0.9885621666908264,0.9940305352210999,0.5820569396018982,0.5269728302955627,0.04741095378994942,0.42897266149520874,0.9773883819580078,0.6423186659812927,0.5131413340568542,-0.3830844461917877,0.9245179295539856,0.9867469072341919,0.5854383111000061,0.5256959795951843,0.030179275199770927,0.37391197681427,0.9729046821594238,0.6510358452796936,0.5174896121025085,-0.43356192111968994,0.8631722331047058,0.982862114906311,0.590624213218689,0.5198377370834351,0.012303050607442856,0.3735783100128174,0.971645712852478,0.6474594473838806,0.5124396681785583,-0.4228942096233368,0.8581241965293884,0.9825748801231384,0.5885573029518127,0.5186819434165955,0.030122511088848114,0.393168568611145,0.9734379053115845,0.6440798044204712,0.5101619362831116,-0.38085809350013733,0.8452783823013306,0.9840129613876343,0.5638489127159119,0.3273470997810364,0.11660833656787872,0.9981328248977661,0.9910268187522888,0.5902772545814514,0.32976919412612915,-0.11642992496490479,0.9987272620201111,0.9971254467964172,0.6022803783416748,0.2578907907009125,0.2215011864900589,0.5781323313713074,0.9903051853179932,0.6065243482589722,0.25905680656433105,-0.02587331086397171,0.9705193042755127,0.9960851669311523,0.6628028154373169,0.2062303125858307,0.4769047498703003,0.7614240050315857,0.9950087070465088,0.6712313294410706,0.19710661470890045,0.1632928103208542,0.9702982306480408,0.9960324168205261,0.6859667301177979,0.20459826290607452,0.4982071816921234,0.8131474256515503,0.9943583607673645,0.6881158947944641,0.1948566734790802,0.1778278797864914,0.9350997805595398,0.9955560564994812,0.6484777927398682,0.1826513558626175,0.41424205899238586,0.8215668201446533,0.992662787437439,0.6484878063201904,0.17609752714633942,0.04947366192936897,0.9585354924201965,0.99250727891922
92,3128,True,0.6003296971321106,0.47510114312171936,-0.21921540796756744,0.9990459680557251,0.9987943172454834,0.6080750226974487,0.4777398705482483,-0.19930271804332733,0.9982830286026001,0.9985842704772949,0.6104402542114258,0.4775943160057068,-0.19930687546730042,0.9973872303962708,0.9984825253486633,0.6106661558151245,0.4773452877998352,-0.19936375319957733,0.9981575012207031,0.9983072280883789,0.6123267412185669,0.47736993432044983,-0.23577053844928741,0.9992370009422302,0.9987080097198486,0.6144800186157227,0.4769948124885559,-0.2359664887189865,0.9991156458854675,0.9987302422523499,0.6163507103919983,0.47634655237197876,-0.23604758083820343,0.9992572665214539,0.9986679553985596,0.6126224398612976,0.4710715413093567,-0.09082620590925217,0.9973631501197815,0.9978199005126953,0.6242834329605103,0.46940508484840393,-0.2546691298484802,0.9991586208343506,0.9982261061668396,0.59188312292099,0.4702589511871338,-0.17512449622154236,0.9967941045761108,0.9937905669212341,0.5970395803451538,0.4682856500148773,-0.22267618775367737,0.9972002506256104,0.9945704340934753,0.5842465162277222,0.44662103056907654,0.020734848454594612,0.9803763628005981,0.9848336577415466,0.6195032000541687,0.4463684558868408,-0.3293764591217041,0.9953092932701111,0.9924519658088684,0.5726922750473022,0.5089487433433533,0.03916674852371216,0.3950676918029785,0.9958103895187378,0.6211752891540527,0.4963303506374359,-0.4118695855140686,0.9881296157836914,0.9945592284202576,0.5825291275978088,0.5269967317581177,-0.008365515619516373,0.42903849482536316,0.9769145846366882,0.6381646990776062,0.5137012004852295,-0.41229167580604553,0.9251220226287842,0.9813375473022461,0.5854374170303345,0.5258490443229675,-0.03319000080227852,0.3754936456680298,0.9693091511726379,0.6448739767074585,0.5179538130760193,-0.46503907442092896,0.8650973439216614,0.9765050411224365,0.5901306867599487,0.5277494192123413,-0.05426126718521118,0.37508973479270935,0.9682533144950867,0.6424582004547119,0.5156866312026978,-0.45528092980384827,0.8601056933403015,0.9767283797264099,0.5882624387741089,0.5235233306884766,-0.026099085807800293,0.3947325050830841,0.9700638651847839,0.6400187015533447,0.5131920576095581,-0.4108659029006958,0.846764326095581,0.9780388474464417,0.5653981566429138,0.32617977261543274,0.11631928384304047,0.9980021715164185,0.993544340133667,0.5909015536308289,0.3289330303668976,-0.11612360179424286,0.9986180067062378,0.9964826107025146,0.6036501526832581,0.25700294971466064,0.2178267538547516,0.5768595933914185,0.9938739538192749,0.611575722694397,0.25921037793159485,-0.02104979008436203,0.9708049297332764,0.9959378242492676,0.663533627986908,0.20425891876220703,0.45927101373672485,0.7563236951828003,0.9954896569252014,0.6712584495544434,0.1976437270641327,0.1727263629436493,0.9696308374404907,0.9956069588661194,0.6859009861946106,0.20136304199695587,0.47877609729766846,0.8077921867370605,0.994628369808197,0.6877515316009521,0.19431960582733154,0.18769563734531403,0.933573842048645,0.995218813419342,0.6483163237571716,0.1789449155330658,0.38921666145324707,0.8162387609481812,0.9926619529724121,0.6485776305198669,0.17167608439922333,0.06204424053430557,0.9570512771606445,0.9923847913742065
93,3162,True,0.5937208533287048,0.475247323513031,-0.1817314326763153,0.9990556240081787,0.999297022819519,0.6038216352462769,0.4778375029563904,-0.1621161699295044,0.998304009437561,0.9990907907485962,0.604927122592926,0.47765684127807617,-0.16209648549556732,0.9974144101142883,0.9989952445030212,0.6051701307296753,0.4773842394351959,-0.16216014325618744,0.9981757998466492,0.9988768696784973,0.606162965297699,0.4775001108646393,-0.20316454768180847,0.9992495179176331,0.9992349147796631,0.6078447699546814,0.47708216309547424,-0.2033655345439911,0.9991291165351868,0.9992626309394836,0.6097316145896912,0.47642579674720764,-0.20339876413345337,0.9992656707763672,0.9992423057556152,0.6103476881980896,0.4714645445346832,-0.058544788509607315,0.9974013566970825,0.9984702467918396,0.6179824471473694,0.46989375352859497,-0.2518796920776367,0.9991645216941833,0.9989659786224365,0.5881613492965698,0.470329612493515,-0.139031320810318,0.9968313574790955,0.9960151314735413,0.5908406972885132,0.46856874227523804,-0.192799374461174,0.9972307085990906,0.9968145489692688,0.5821689367294312,0.44631487131118774,0.03702613711357117,0.9800505042076111,0.987576961517334,0.6119093298912048,0.4470716416835785,-0.3274345099925995,0.9952528476715088,0.9950037598609924,0.572697639465332,0.502861499786377,0.06272793561220169,0.3878193497657776,0.9967542290687561,0.6107378005981445,0.4965202212333679,-0.4060257077217102,0.9879105687141418,0.9968812465667725,0.5809996724128723,0.5270459055900574,0.01465454138815403,0.4288739264011383,0.988537073135376,0.615929901599884,0.5214655995368958,-0.4003649950027466,0.9255191087722778,0.9904312491416931,0.5839148759841919,0.5260373950004578,-0.006857823580503464,0.3777693510055542,0.984076201915741,0.622215211391449,0.5260089635848999,-0.45099708437919617,0.8663197159767151,0.9864876866340637,0.5905813574790955,0.5283442139625549,-0.027789857238531113,0.3775936961174011,0.982832133769989,0.622765064239502,0.5269104242324829,-0.44069021940231323,0.861277163028717,0.9864718317985535,0.585490882396698,0.5255212783813477,-0.0026711905375123024,0.3965786099433899,0.9844328165054321,0.621180534362793,0.5232990384101868,-0.3987523317337036,0.8477082252502441,0.9881112575531006,0.5596956610679626,0.32638686895370483,0.11702912300825119,0.9979725480079651,0.9952495098114014,0.580370306968689,0.3289657533168793,-0.11687146127223969,0.9986077547073364,0.9974652528762817,0.6036174297332764,0.257472962141037,0.2210727483034134,0.5717584490776062,0.9950496554374695,0.6121395826339722,0.25770288705825806,-0.02498687617480755,0.9705122709274292,0.9964724779129028,0.6637259721755981,0.20757274329662323,0.4363541901111603,0.75010746717453,0.9959911704063416,0.672417163848877,0.19895128905773163,0.14092175662517548,0.9691434502601624,0.9960511326789856,0.6858329772949219,0.20333905518054962,0.4527936577796936,0.8030775785446167,0.9945737719535828,0.6887587904930115,0.1951829195022583,0.15264557301998138,0.9330313801765442,0.9951375126838684,0.6519544124603271,0.19865819811820984,0.3635106384754181,0.8110830187797546,0.9929310083389282,0.6518934369087219,0.1761358678340912,0.022505272179841995,0.9559819102287292,0.992479681968689
94,3196,True,0.5954769849777222,0.47639942169189453,-0.25398457050323486,0.9988994598388672,0.9970472455024719,0.6058506369590759,0.4791960120201111,-0.2378459870815277,0.9980621337890625,0.9972261786460876,0.6053552627563477,0.47895169258117676,-0.23789653182029724,0.9970490336418152,0.9970194697380066,0.6058104038238525,0.4786580502986908,-0.23796196281909943,0.9979157447814941,0.9965746402740479,0.6090245842933655,0.47871389985084534,-0.27217838168144226,0.999116063117981,0.9977171421051025,0.6109342575073242,0.47809553146362305,-0.27238357067108154,0.9989801049232483,0.9979288578033447,0.6111778020858765,0.47778448462486267,-0.2725372314453125,0.9991483688354492,0.9979730248451233,0.6109209656715393,0.47402507066726685,-0.1304396688938141,0.9971533417701721,0.9960007071495056,0.6189404726028442,0.4713793396949768,-0.28626784682273865,0.9990846514701843,0.9980126619338989,0.5890330672264099,0.47104018926620483,-0.2087746113538742,0.9965245723724365,0.9884558916091919,0.5920619964599609,0.46949639916419983,-0.25371745228767395,0.9969085454940796,0.9916262626647949,0.5746292471885681,0.44623059034347534,0.000989886000752449,0.9792001247406006,0.976102352142334,0.6121547222137451,0.44943422079086304,-0.3499870300292969,0.9951955676078796,0.9944843649864197,0.5702375769615173,0.5051432847976685,0.05148794874548912,0.37441185116767883,0.9884184002876282,0.6292544603347778,0.4953864514827728,-0.40328842401504517,0.9877446293830872,0.9932087063789368,0.5825045108795166,0.5102287530899048,0.09421943873167038,0.4010675847530365,0.9675388336181641,0.6197648644447327,0.5121493935585022,-0.3700943887233734,0.9201136231422424,0.987247109413147,0.5913881063461304,0.5092570185661316,0.08156348019838333,0.3507644832134247,0.9634820222854614,0.6234917044639587,0.5164169073104858,-0.42404061555862427,0.8574957251548767,0.9834645986557007,0.5952858924865723,0.5037274360656738,0.06748955696821213,0.3508955240249634,0.9633664488792419,0.6264177560806274,0.5136667490005493,-0.4101234972476959,0.8529124855995178,0.9836085438728333,0.589764416217804,0.5032585859298706,0.08105051517486572,0.3697867691516876,0.964771032333374,0.6241351366043091,0.5107177495956421,-0.3668577969074249,0.8393602967262268,0.9850860834121704,0.5589303374290466,0.3236235976219177,0.11509837955236435,0.9978160858154297,0.9930834770202637,0.5820804834365845,0.32703715562820435,-0.1148223802447319,0.9985448718070984,0.9979128241539001,0.6049013137817383,0.25732818245887756,0.2844109535217285,0.5659797787666321,0.9871720671653748,0.6165655255317688,0.25612136721611023,0.05693915858864784,0.9690765142440796,0.9942440390586853,0.6688825488090515,0.20432701706886292,0.5949819087982178,0.7357829213142395,0.989915132522583,0.6754831671714783,0.19747689366340637,0.30834466218948364,0.9670351147651672,0.9932676553726196,0.6873475313186646,0.20220105350017548,0.6233263611793518,0.7926384210586548,0.9884228110313416,0.683977484703064,0.18481120467185974,0.3309422433376312,0.9293223023414612,0.9927190542221069,0.6543347835540771,0.17622926831245422,0.5387216210365295,0.8009325861930847,0.985917866230011,0.6570725440979004,0.16804161667823792,0.20902027189731598,0.9534382820129395,0.9879004955291748
95,3230,True,0.606214165687561,0.47059592604637146,-0.22801098227500916,0.9986648559570312,0.9975320100784302,0.6166260838508606,0.4739932417869568,-0.20950734615325928,0.9976509809494019,0.9968841671943665,0.6159168481826782,0.47398728132247925,-0.20951300859451294,0.9964999556541443,0.9967764019966125,0.6157974004745483,0.47397342324256897,-0.2095603346824646,0.9975255727767944,0.9966152310371399,0.6189698576927185,0.473014771938324,-0.2452573925256729,0.9989199042320251,0.9970802664756775,0.6206257939338684,0.4722197651863098,-0.24545881152153015,0.9987459182739258,0.9971559047698975,0.6222617030143738,0.47150978446006775,-0.24555842578411102,0.9989461898803711,0.997104823589325,0.6200227737426758,0.46947017312049866,-0.10150450468063354,0.9964903593063354,0.995806097984314,0.6285992860794067,0.4654630124568939,-0.2643141746520996,0.9987912774085999,0.9960659146308899,0.6002625226974487,0.46552833914756775,-0.18347470462322235,0.9958823323249817,0.9921028017997742,0.6024453639984131,0.46395009756088257,-0.23035672307014465,0.9962454438209534,0.992222249507904,0.5799180865287781,0.4438268542289734,0.013579649850726128,0.9795551896095276,0.9902807474136353,0.6208614110946655,0.442251056432724,-0.33749350905418396,0.9948356747627258,0.9918363690376282,0.5751124620437622,0.4973676800727844,0.03642858937382698,0.3845960795879364,0.9974507689476013,0.6176844239234924,0.4890974462032318,-0.38830021023750305,0.9865521192550659,0.995419979095459,0.582504153251648,0.5161358118057251,-0.013733845204114914,0.41608601808547974,0.9886952042579651,0.6234465837478638,0.514106810092926,-0.37832632660865784,0.9193722009658813,0.9892834424972534,0.5908412337303162,0.5229896306991577,-0.042583998292684555,0.36518433690071106,0.9845044612884521,0.6279544234275818,0.5210155248641968,-0.43511730432510376,0.858308732509613,0.9868679046630859,0.5951188206672668,0.5181573033332825,-0.06423002481460571,0.3653357923030853,0.9834295511245728,0.6291486620903015,0.5208977460861206,-0.4290766716003418,0.8537948131561279,0.9869797229766846,0.5897181034088135,0.516203761100769,-0.03078499808907509,0.38309216499328613,0.9847458600997925,0.6216307878494263,0.5243748426437378,-0.37912529706954956,0.8394834995269775,0.9876492619514465,0.5648148059844971,0.3212071657180786,0.11300806701183319,0.9977571964263916,0.9949430823326111,0.5912784337997437,0.32214030623435974,-0.11284637451171875,0.9983879923820496,0.9959397315979004,0.6015745997428894,0.2481609582901001,0.2598770260810852,0.566283643245697,0.996981680393219,0.6164694428443909,0.2545543611049652,0.02391318418085575,0.9676846861839294,0.9965180158615112,0.6697836518287659,0.20421656966209412,0.5084623098373413,0.732262909412384,0.9975500702857971,0.6742643713951111,0.2035599946975708,0.22186559438705444,0.9637452363967896,0.9976110458374023,0.6854414343833923,0.20345143973827362,0.5369505882263184,0.7855414152145386,0.9965587258338928,0.6655470728874207,0.20377397537231445,0.23639188706874847,0.9239309430122375,0.9971489310264587,0.6585783362388611,0.1899019181728363,0.4680052101612091,0.7958875298500061,0.9945313930511475,0.6571199893951416,0.19521236419677734,0.11235518008470535,0.9499041438102722,0.9952598214149475
96,3264,True,0.6169561147689819,0.47098293900489807,-0.21872003376483917,0.9985595941543579,0.9973740577697754,0.627386212348938,0.47421398758888245,-0.19885900616645813,0.9972851872444153,0.9968345761299133,0.6268103122711182,0.4742003381252289,-0.19884994626045227,0.99616539478302,0.996691107749939,0.6264674067497253,0.4741904139518738,-0.19888755679130554,0.9971401691436768,0.9965918064117432,0.6295442581176758,0.4732648730278015,-0.2356921136379242,0.99878990650177,0.9972624778747559,0.6310850977897644,0.47249579429626465,-0.23589003086090088,0.9986224174499512,0.9974240064620972,0.6331183910369873,0.4717791974544525,-0.23598507046699524,0.99879390001297,0.9975057244300842,0.6297151446342468,0.4695339798927307,-0.09273597598075867,0.9962003827095032,0.9960018992424011,0.6386536359786987,0.46571534872055054,-0.25725072622299194,0.9987253546714783,0.9970614314079285,0.6106568574905396,0.46599993109703064,-0.17384299635887146,0.9955103993415833,0.9917858242988586,0.61289381980896,0.4645507335662842,-0.22316139936447144,0.9960558414459229,0.9928528666496277,0.5856812000274658,0.44469213485717773,0.010511735454201698,0.9809422492980957,0.9935362339019775,0.6315047740936279,0.44303545355796814,-0.3230450451374054,0.9949793815612793,0.996605396270752,0.5768365859985352,0.49812158942222595,0.03038465417921543,0.4008023738861084,0.9974939823150635,0.6430712342262268,0.48757967352867126,-0.37235891819000244,0.9852739572525024,0.9973822236061096,0.588376522064209,0.5175171494483948,-0.009016410447657108,0.4253063499927521,0.9813148379325867,0.6476364135742188,0.5053389668464661,-0.36475199460983276,0.9176415205001831,0.9879637956619263,0.5984170436859131,0.5192931890487671,-0.034688252955675125,0.37026697397232056,0.9747135639190674,0.6511495113372803,0.5087257623672485,-0.4152240753173828,0.8552945256233215,0.9842942953109741,0.6042240858078003,0.5165016055107117,-0.05618905648589134,0.36999598145484924,0.972176730632782,0.6509103775024414,0.5076086521148682,-0.4104037880897522,0.8508331179618835,0.9835200905799866,0.5995801091194153,0.5155318379402161,-0.024881571531295776,0.38682326674461365,0.9735992550849915,0.6483368873596191,0.5074290037155151,-0.3652411103248596,0.8362129926681519,0.9848361611366272,0.5656680464744568,0.32141122221946716,0.1066715344786644,0.9979142546653748,0.9971842169761658,0.5947490334510803,0.3232647180557251,-0.10669118911027908,0.9984680414199829,0.9980472326278687,0.5994335412979126,0.2498437911272049,0.24852317571640015,0.5943062901496887,0.9979487061500549,0.5872183442115784,0.25864776968955994,0.017130866646766663,0.967363715171814,0.9967420697212219,0.6550405025482178,0.2222975492477417,0.460556298494339,0.7516260743141174,0.9974508881568909,0.6561932563781738,0.2376267910003662,0.2222786545753479,0.9623403549194336,0.9970101118087769,0.6676296591758728,0.2224905788898468,0.4761641323566437,0.7980673909187317,0.9955989122390747,0.6616357564926147,0.2383587658405304,0.2382410615682602,0.9228724837303162,0.9961550831794739,0.6592331528663635,0.20979976654052734,0.3706614673137665,0.8088490962982178,0.9910646677017212,0.6569855809211731,0.22624552249908447,0.11945171654224396,0.9494186639785767,0.9924854636192322
97,3298,True,0.6248384118080139,0.47023192048072815,-0.1942880004644394,0.9985756278038025,0.9984694123268127,0.6356697678565979,0.4728281497955322,-0.1769622564315796,0.9973143339157104,0.9981623291969299,0.6351765990257263,0.47268325090408325,-0.17694145441055298,0.9962109923362732,0.9980399012565613,0.6347193717956543,0.4725542962551117,-0.17698445916175842,0.9971873760223389,0.9979091286659241,0.6375836730003357,0.4720895290374756,-0.2111872136592865,0.998802661895752,0.9984133243560791,0.6387582421302795,0.4713432192802429,-0.21139435470104218,0.9986373782157898,0.9985155463218689,0.6404842138290405,0.47060197591781616,-0.2114700973033905,0.9988077878952026,0.9985554814338684,0.6349107623100281,0.4674608111381531,-0.07938624918460846,0.9962528347969055,0.997559666633606,0.642999529838562,0.4644846022129059,-0.23149514198303223,0.9987192749977112,0.9983351826667786,0.616256058216095,0.4653753638267517,-0.1526961475610733,0.995586633682251,0.9953734278678894,0.6180612444877625,0.4641898572444916,-0.19751660525798798,0.996103823184967,0.9960578680038452,0.5857709050178528,0.44273319840431213,0.016072364524006844,0.9820572137832642,0.9943444728851318,0.6298981308937073,0.443032443523407,-0.2954619824886322,0.9952255487442017,0.9977661371231079,0.5767974853515625,0.4828861653804779,0.03715062513947487,0.40762341022491455,0.9969281554222107,0.641193151473999,0.48031002283096313,-0.34015676379203796,0.9843223094940186,0.9971786737442017,0.6022534966468811,0.4971001148223877,-0.008092635311186314,0.43145376443862915,0.9896429777145386,0.6483405828475952,0.49559879302978516,-0.3317985236644745,0.9162672758102417,0.991176962852478,0.6149341464042664,0.4992530345916748,-0.03084774874150753,0.3737882971763611,0.9864736795425415,0.6541604995727539,0.4995473027229309,-0.38140520453453064,0.8541094660758972,0.9883765578269958,0.6221285462379456,0.49829134345054626,-0.05234409496188164,0.37326157093048096,0.9856276512145996,0.6537707448005676,0.49774232506752014,-0.37495750188827515,0.8496620655059814,0.9882778525352478,0.6161860823631287,0.49781903624534607,-0.016880201175808907,0.38848719000816345,0.9864813089370728,0.6507096886634827,0.49599337577819824,-0.33154547214508057,0.8344318270683289,0.9893175959587097,0.5640214085578918,0.3216334581375122,0.10712405294179916,0.9978923201560974,0.9959341287612915,0.5902791619300842,0.32340994477272034,-0.10706234723329544,0.9984174370765686,0.997811496257782,0.600217342376709,0.2506466507911682,0.2434237003326416,0.5914575457572937,0.9959449172019958,0.5882065892219543,0.258652925491333,0.017888950183987617,0.9654094576835632,0.9966825842857361,0.6557945013046265,0.21812021732330322,0.45976129174232483,0.7488768696784973,0.996812641620636,0.6584778428077698,0.22944431006908417,0.21093741059303284,0.9603310227394104,0.9972403049468994,0.6707846522331238,0.2213098108768463,0.47653084993362427,0.7926396727561951,0.995919942855835,0.6631055474281311,0.2318306714296341,0.22612540423870087,0.9202632904052734,0.9968493580818176,0.6587429642677307,0.2036544531583786,0.37754619121551514,0.8054761290550232,0.993872880935669,0.6562522053718567,0.21015450358390808,0.1040777713060379,0.9472458362579346,0.9949408769607544
98,3332,True,0.661328136920929,0.4557625651359558,-0.2594154179096222,0.9985859990119934,0.9996963739395142,0.6788552403450012,0.4584580957889557,-0.24768850207328796,0.9973196983337402,0.9995474219322205,0.6621143817901611,0.46445122361183167,-0.2477385401725769,0.9962764978408813,0.9995267391204834,0.6594537496566772,0.46554479002952576,-0.2478712946176529,0.9971492290496826,0.9995031356811523,0.6836865544319153,0.45278114080429077,-0.2547672390937805,0.9987919330596924,0.999575674533844,0.6838117241859436,0.45275992155075073,-0.25496864318847656,0.998630166053772,0.9995753169059753,0.6926862001419067,0.450225293636322,-0.2549601197242737,0.998762845993042,0.9995604157447815,0.662343442440033,0.4596637785434723,-0.15423060953617096,0.996351957321167,0.9995163679122925,0.6882779002189636,0.4491038918495178,-0.1999031901359558,0.9987174272537231,0.9995346069335938,0.6495720148086548,0.4519902765750885,-0.21858128905296326,0.9956775903701782,0.9992882609367371,0.6586500406265259,0.4481040835380554,-0.22715981304645538,0.996236264705658,0.9991913437843323,0.5956933498382568,0.4425162374973297,-0.07924766838550568,0.9837661385536194,0.9991124272346497,0.6785727739334106,0.425323486328125,-0.2098144143819809,0.9955464005470276,0.998913049697876,0.5645697712898254,0.4877132475376129,-0.12652991712093353,0.4533253610134125,0.9993413090705872,0.6749875545501709,0.464604914188385,-0.26657336950302124,0.975236177444458,0.9991183876991272,0.5729227662086487,0.5184435248374939,-0.19824890792369843,0.4670252501964569,0.996206521987915,0.6569216251373291,0.5008449554443359,-0.2969905138015747,0.9040331840515137,0.997052788734436,0.562268853187561,0.5247758626937866,-0.238350048661232,0.40243422985076904,0.9946454763412476,0.653868556022644,0.5054737329483032,-0.33631399273872375,0.8375757336616516,0.9963866472244263,0.5686635971069336,0.5241538286209106,-0.2470346838235855,0.4010714590549469,0.9942275285720825,0.653988778591156,0.5014468431472778,-0.336242139339447,0.8329061269760132,0.9961129426956177,0.5797967910766602,0.5223854780197144,-0.20821426808834076,0.4149165451526642,0.994914174079895,0.6546713709831238,0.4978925287723541,-0.3011528551578522,0.8172582983970642,0.9962880611419678,0.5691040754318237,0.3216315805912018,0.04694903641939163,0.9980931282043457,0.9997618794441223,0.6229255199432373,0.32061827182769775,-0.04709596559405327,0.9985626339912415,0.999715268611908,0.6003316044807434,0.2511269450187683,0.0901346430182457,0.6271672248840332,0.9998737573623657,0.5918416380882263,0.27157312631607056,0.01096213050186634,0.9564844965934753,0.9997760653495789,0.6568908095359802,0.21569335460662842,0.26630955934524536,0.7698376178741455,0.9998028874397278,0.6571030020713806,0.2780689001083374,0.15941444039344788,0.955636739730835,0.9996013045310974,0.671701192855835,0.21264076232910156,0.2772078514099121,0.8085852861404419,0.999539852142334,0.6629343032836914,0.2785796523094177,0.1646280139684677,0.9164564609527588,0.999247670173645,0.6607629656791687,0.1952364146709442,0.14017333090305328,0.8212189078330994,0.9988262057304382,0.6562033295631409,0.28096210956573486,0.0017016829224303365,0.947124719619751,0.9984369874000549
99,3366,True,0.6550260186195374,0.45963677763938904,-0.14486925303936005,0.9975820779800415,0.9879654049873352,0.6784330010414124,0.45839962363243103,-0.13100314140319824,0.9957435727119446,0.987907350063324,0.6742583513259888,0.45982569456100464,-0.13097263872623444,0.9939607381820679,0.9877743124961853,0.662463903427124,0.46449533104896545,-0.13106374442577362,0.9958111047744751,0.9878368973731995,0.6802061796188354,0.456336110830307,-0.1586938053369522,0.9981372952461243,0.9885246157646179,0.6798328161239624,0.45601096749305725,-0.158889502286911,0.9978646039962769,0.9890345335006714,0.6812862157821655,0.45496082305908203,-0.15895730257034302,0.9981327056884766,0.9893418550491333,0.6670293807983398,0.45649996399879456,-0.05183907225728035,0.9945492148399353,0.9854177236557007,0.67220538854599,0.45327311754226685,-0.17470377683639526,0.9977932572364807,0.9867961406707764,0.6431185007095337,0.4556029438972473,-0.1108110323548317,0.993533730506897,0.9703887701034546,0.6465038061141968,0.45234227180480957,-0.14651982486248016,0.9940036535263062,0.9710237383842468,0.5954432487487793,0.44281020760536194,0.01641267165541649,0.9824600219726562,0.9764924049377441,0.6411045789718628,0.4406213164329529,-0.23690424859523773,0.994665801525116,0.9861667156219482,0.5773158073425293,0.4893586039543152,0.013532320968806744,0.44044187664985657,0.9926984906196594,0.6412767767906189,0.48575538396835327,-0.2972119152545929,0.9701276421546936,0.9910857081413269,0.5867601037025452,0.5188558101654053,0.021418210119009018,0.4546356499195099,0.9651196002960205,0.6421264410018921,0.5106086134910583,-0.28073784708976746,0.8851900696754456,0.9720773696899414,0.5949393510818481,0.5202363729476929,0.008204923011362553,0.39234647154808044,0.9572305679321289,0.6455926895141602,0.5169609189033508,-0.3228764533996582,0.8155843615531921,0.9682399034500122,0.5999012589454651,0.518246054649353,-0.012126239016652107,0.3913533389568329,0.949830949306488,0.6473683714866638,0.5103272199630737,-0.31087878346443176,0.8103445172309875,0.965613842010498,0.6005048751831055,0.5168958902359009,0.00802075956016779,0.4047999680042267,0.9523628354072571,0.6452620029449463,0.5065837502479553,-0.2790355086326599,0.7941097617149353,0.9672694802284241,0.5556835532188416,0.32327842712402344,0.05636807531118393,0.9977604150772095,0.9887990355491638,0.5841028690338135,0.3248958885669708,-0.056273408234119415,0.9980872273445129,0.9924920201301575,0.5892024040222168,0.2534458041191101,0.14705535769462585,0.6140950322151184,0.9909233450889587,0.5908464789390564,0.271297812461853,-0.009947900660336018,0.954073965549469,0.9914053678512573,0.6575702428817749,0.214790940284729,0.32950207591056824,0.7603515386581421,0.9933550357818604,0.6562753319740295,0.2690353989601135,0.12371018528938293,0.9513750672340393,0.9933704137802124,0.6665931344032288,0.2100568264722824,0.3420775830745697,0.7985059022903442,0.9922505021095276,0.6507941484451294,0.2524392306804657,0.13276523351669312,0.9111688733100891,0.9935996532440186,0.660451352596283,0.19478940963745117,0.2341076135635376,0.811374843120575,0.9883372187614441,0.6537370681762695,0.2591349184513092,0.002288175281137228,0.9408643245697021,0.9901362061500549
100,3400,True,0.670316219329834,0.45842379331588745,-0.1587909758090973,0.9973496794700623,0.9981447458267212,0.680614709854126,0.4606451392173767,-0.1456908881664276,0.9956098198890686,0.9978463649749756,0.6786975860595703,0.4616369605064392,-0.1455651819705963,0.9937010407447815,0.9979190230369568,0.6751347184181213,0.46406689286231995,-0.14556258916854858,0.9956750869750977,0.9979918003082275,0.6883890628814697,0.45550960302352905,-0.17810937762260437,0.9980167746543884,0.9975571632385254,0.6892363429069519,0.4550498425960541,-0.17831605672836304,0.9976639747619629,0.9974600672721863,0.690390944480896,0.4544498026371002,-0.17840120196342468,0.9979743361473083,0.9973258972167969,0.6740359663963318,0.458458811044693,-0.059948548674583435,0.9944404363632202,0.9981679916381836,0.6942456364631653,0.4500027298927307,-0.18148460984230042,0.9975981712341309,0.9968517422676086,0.6599964499473572,0.45460763573646545,-0.1241118535399437,0.9934003949165344,0.9964562058448792,0.6650574803352356,0.45192185044288635,-0.1648256778717041,0.9938125014305115,0.9955264925956726,0.6131218671798706,0.44249600172042847,0.021031981334090233,0.9840004444122314,0.9982308745384216,0.6767752170562744,0.4359857439994812,-0.24155938625335693,0.9948667287826538,0.9969804883003235,0.5715810656547546,0.4903055727481842,0.015015466138720512,0.4647001028060913,0.9990295171737671,0.666232705116272,0.4772186279296875,-0.30696162581443787,0.9666982293128967,0.9973382353782654,0.5866258144378662,0.5191401839256287,-0.048893555998802185,0.47317489981651306,0.9952810406684875,0.6530681848526001,0.5100669264793396,-0.2981517016887665,0.8780977129936218,0.9923457503318787,0.593384325504303,0.5197330713272095,-0.07917631417512894,0.4043300747871399,0.9927982091903687,0.6508205533027649,0.5168459415435791,-0.3412494659423828,0.8066009879112244,0.9906303286552429,0.5996552109718323,0.5183535218238831,-0.08587326854467392,0.40269365906715393,0.9926183819770813,0.6522426009178162,0.511982798576355,-0.3325001001358032,0.8011998534202576,0.9906784296035767,0.5996567606925964,0.5170058608055115,-0.059539079666137695,0.4156792163848877,0.9933273792266846,0.6532198190689087,0.5074774026870728,-0.2970901131629944,0.7832077145576477,0.9911722540855408,0.57138592004776,0.3256557881832123,0.0727471113204956,0.9979403018951416,0.9990482926368713,0.61060631275177,0.32500335574150085,-0.07267764210700989,0.9981876015663147,0.9987335801124573,0.5893091559410095,0.28235340118408203,0.12770786881446838,0.6159148216247559,0.99915611743927,0.5901788473129272,0.2834751009941101,0.002058205660432577,0.9362836480140686,0.9984986782073975,0.6413354873657227,0.23533502221107483,0.2673634886741638,0.7597386240959167,0.9991428852081299,0.6487234234809875,0.271247923374176,0.13054129481315613,0.9383886456489563,0.9974791407585144,0.6514508128166199,0.22719340026378632,0.2752194106578827,0.7971131801605225,0.9987512826919556,0.6538845300674438,0.2652406096458435,0.13835886120796204,0.8961833119392395,0.9969907999038696,0.6389822959899902,0.22546668350696564,0.16668683290481567,0.8102301955223083,0.9977085590362549,0.6443849802017212,0.27345407009124756,0.008839085698127747,0.9305557012557983,0.9954759478569031
101,3434,True,0.6850019097328186,0.4547324776649475,-0.18950511515140533,0.997376561164856,0.9990940093994141,0.6921980977058411,0.4551752507686615,-0.17550471425056458,0.9956040978431702,0.9988189339637756,0.6889584064483643,0.46012410521507263,-0.17540667951107025,0.9937695264816284,0.9988407492637634,0.6862834095954895,0.4615684151649475,-0.17541787028312683,0.995650589466095,0.9988440275192261,0.6972224712371826,0.4529685378074646,-0.1803274154663086,0.9980149269104004,0.9987863898277283,0.6984142661094666,0.4485709071159363,-0.18040435016155243,0.9976716041564941,0.9987714886665344,0.6994098424911499,0.4482899308204651,-0.1803196370601654,0.9979442954063416,0.9987332224845886,0.6800759434700012,0.4537406861782074,-0.07844797521829605,0.9944950342178345,0.9988277554512024,0.6971823573112488,0.44461554288864136,-0.1534343808889389,0.9975990653038025,0.9985113739967346,0.6709932684898376,0.45204558968544006,-0.15021289885044098,0.9934433102607727,0.9977193474769592,0.6781453490257263,0.44879698753356934,-0.1723884642124176,0.993909478187561,0.99730384349823,0.6092444658279419,0.44262680411338806,-0.009432939812541008,0.9853898286819458,0.9983501434326172,0.6830205917358398,0.42952466011047363,-0.1776343733072281,0.9950343370437622,0.9976217150688171,0.5726483464241028,0.4908348619937897,-0.03919744864106178,0.5053931474685669,0.999248206615448,0.6856167316436768,0.4641090929508209,-0.2198851853609085,0.9636202454566956,0.9983204007148743,0.5867952108383179,0.5205730199813843,-0.08272670954465866,0.5070050954818726,0.9945946335792542,0.6713338494300842,0.5003750324249268,-0.2449883073568344,0.8744621276855469,0.9951995611190796,0.5941731333732605,0.5197743773460388,-0.11609779298305511,0.43286019563674927,0.9914672374725342,0.6665915846824646,0.5081390738487244,-0.28689226508140564,0.8004665970802307,0.9937093257904053,0.6014417409896851,0.5183534026145935,-0.12684355676174164,0.4305274784564972,0.9910250902175903,0.6674098968505859,0.5083965063095093,-0.281290203332901,0.7950915098190308,0.993597149848938,0.6007996201515198,0.5169715285301208,-0.09336471557617188,0.4424102008342743,0.992003321647644,0.6687064170837402,0.5049416422843933,-0.24647390842437744,0.7769739627838135,0.9940282106399536,0.5619747042655945,0.3256485164165497,0.05535401403903961,0.9980965256690979,0.9989103078842163,0.6078973412513733,0.3247167766094208,-0.0555548258125782,0.9982842206954956,0.9989328980445862,0.5795609951019287,0.26433873176574707,0.10108795017004013,0.6380265951156616,0.9992664456367493,0.5891322493553162,0.28183358907699585,0.02038722112774849,0.928469717502594,0.9989426732063293,0.6303430199623108,0.22105666995048523,0.27634936571121216,0.7719214558601379,0.999000608921051,0.6446504592895508,0.2645692229270935,0.13171526789665222,0.9315181970596313,0.9979385733604431,0.6396023035049438,0.214715838432312,0.2881840169429779,0.8054030537605286,0.9982787370681763,0.6512457132339478,0.26017406582832336,0.1446925848722458,0.8889129757881165,0.9972110390663147,0.6414636969566345,0.19289077818393707,0.1709010750055313,0.8174322247505188,0.9962708950042725,0.6451627612113953,0.2642764747142792,0.014349818229675293,0.9252262115478516,0.9942242503166199
102,3468,True,0.6822755336761475,0.4560203552246094,-0.17210230231285095,0.9973769783973694,0.9977774024009705,0.6920099258422852,0.4558451175689697,-0.15629862248897552,0.9954462647438049,0.9977167844772339,0.6906376481056213,0.45741957426071167,-0.15618117153644562,0.9937417507171631,0.997776210308075,0.6885793209075928,0.45991459488868713,-0.1561342030763626,0.9955882430076599,0.9978969097137451,0.6941807866096497,0.45423227548599243,-0.18106390535831451,0.9979744553565979,0.9976293444633484,0.6945536136627197,0.45171111822128296,-0.1811937391757965,0.9976563453674316,0.9976754784584045,0.6949975490570068,0.4512234330177307,-0.1811629682779312,0.9978700876235962,0.9977218508720398,0.6801643967628479,0.4499184191226959,-0.06270615011453629,0.9944985508918762,0.9976553916931152,0.6883712410926819,0.4462130665779114,-0.1579325795173645,0.9975992441177368,0.9971891045570374,0.6676689386367798,0.45470649003982544,-0.13445012271404266,0.9934564232826233,0.9950001239776611,0.66996169090271,0.4542289674282074,-0.1704481840133667,0.9938918948173523,0.9946604371070862,0.6069366335868835,0.4443535804748535,0.0248757041990757,0.9863641262054443,0.9968282580375671,0.6615874767303467,0.4430753290653229,-0.210813969373703,0.9951729774475098,0.9974718689918518,0.5750595331192017,0.49243006110191345,0.007077938411384821,0.5007821917533875,0.9988561868667603,0.6572175621986389,0.4818337559700012,-0.26893171668052673,0.9634882211685181,0.9976871013641357,0.601301372051239,0.5073002576828003,-0.014252941124141216,0.4967896640300751,0.9937505125999451,0.652908980846405,0.5006904602050781,-0.2575540244579315,0.8695010542869568,0.9913438558578491,0.6127411127090454,0.5078102350234985,-0.026997609063982964,0.4224703013896942,0.9913098812103271,0.6544690728187561,0.504887580871582,-0.2985531687736511,0.7921314239501953,0.9901138544082642,0.6203765273094177,0.5054813027381897,-0.04143209382891655,0.419941246509552,0.9904605746269226,0.652894139289856,0.5020202398300171,-0.2880195379257202,0.7852547764778137,0.989891767501831,0.6163142919540405,0.5058593153953552,-0.02345934882760048,0.4299283027648926,0.99138343334198,0.6508714556694031,0.5007522702217102,-0.25513461232185364,0.7655255198478699,0.9904373288154602,0.5422541499137878,0.33803796768188477,0.07415303587913513,0.9981833100318909,0.9976060390472412,0.5652133226394653,0.3374301791191101,-0.0743207186460495,0.9982978105545044,0.9977668523788452,0.575798511505127,0.279201865196228,0.12917505204677582,0.6367912292480469,0.9981156587600708,0.5787615180015564,0.28193336725234985,-0.08548954874277115,0.9327921271324158,0.9967893362045288,0.6360522508621216,0.2455102503299713,0.24079683423042297,0.7802730798721313,0.9982879757881165,0.6451485753059387,0.2547980844974518,0.0006329237367026508,0.9335235953330994,0.9978470802307129,0.6464570164680481,0.2437293529510498,0.2451016902923584,0.8105422258377075,0.9975664615631104,0.6514356136322021,0.2522270977497101,0.007206264417618513,0.8938453197479248,0.9976134300231934,0.6668936610221863,0.2299582064151764,0.12630897760391235,0.8215757012367249,0.994877278804779,0.6691824197769165,0.249925896525383,-0.11355267465114594,0.926569402217865,0.9948979020118713
103,3502,True,0.6760613918304443,0.45735812187194824,-0.15611599385738373,0.997412919998169,0.9990087747573853,0.6853031516075134,0.45729294419288635,-0.14109140634536743,0.9953233003616333,0.9990243911743164,0.6839454174041748,0.4582479000091553,-0.14103589951992035,0.9938998818397522,0.999085545539856,0.682317316532135,0.4593381881713867,-0.14105668663978577,0.9955580234527588,0.9991618394851685,0.6912081837654114,0.45464062690734863,-0.16304215788841248,0.9979692697525024,0.9988865256309509,0.6919568181037903,0.4528491497039795,-0.16315092146396637,0.9976817965507507,0.9988441467285156,0.6926567554473877,0.45221248269081116,-0.16308878362178802,0.997796893119812,0.9988090991973877,0.674964964389801,0.45209798216819763,-0.05418314412236214,0.9945823550224304,0.9992210865020752,0.6876569986343384,0.44475969672203064,-0.14975817501544952,0.997664749622345,0.9985857009887695,0.6627655625343323,0.45553356409072876,-0.12137723714113235,0.99339359998703,0.9979617595672607,0.6651633977890015,0.45479899644851685,-0.15049755573272705,0.9938169717788696,0.9974181652069092,0.6068365573883057,0.44558796286582947,0.024143684655427933,0.9874880909919739,0.9992246627807617,0.6598384380340576,0.4421907067298889,-0.1999814212322235,0.9953668713569641,0.9987397789955139,0.5756970643997192,0.4928363859653473,0.008340208791196346,0.5193324089050293,0.9997783303260803,0.6514683961868286,0.4777246415615082,-0.24512949585914612,0.9623168706893921,0.9993494153022766,0.601711630821228,0.5092494487762451,-0.01460336148738861,0.5125169157981873,0.998342752456665,0.6518195867538452,0.5019716620445251,-0.2637462317943573,0.8693162202835083,0.9978166818618774,0.6122207045555115,0.5102018117904663,-0.03118072636425495,0.4353683888912201,0.9970032572746277,0.6536709070205688,0.5050435066223145,-0.3094043433666229,0.7905662655830383,0.9970382452011108,0.620636522769928,0.5082288384437561,-0.04604245722293854,0.43241086602211,0.9968951940536499,0.6527354121208191,0.5041965246200562,-0.29729971289634705,0.7833767533302307,0.9969808459281921,0.6165503859519958,0.5080906748771667,-0.024632763117551804,0.44056257605552673,0.9974657297134399,0.6507458686828613,0.5014115571975708,-0.2621574401855469,0.764756977558136,0.997366726398468,0.5358805060386658,0.3472575545310974,0.06876972317695618,0.9983412027359009,0.9997277855873108,0.5598942041397095,0.3401864469051361,-0.06898728758096695,0.9984413385391235,0.999679446220398,0.57823246717453,0.32082700729370117,0.1309358924627304,0.6508195996284485,0.999613344669342,0.5764621496200562,0.2850239872932434,-0.06918542832136154,0.9333570003509521,0.9987033605575562,0.6349363327026367,0.3137476146221161,0.23588025569915771,0.7944412231445312,0.9989614486694336,0.6344521641731262,0.2528268098831177,0.06847814470529556,0.9318338632583618,0.9981124401092529,0.6380184888839722,0.31448403000831604,0.24082796275615692,0.8222401738166809,0.9981168508529663,0.6401504278182983,0.2505163550376892,0.07697897404432297,0.8948779702186584,0.9974557757377625,0.6706380248069763,0.3112178444862366,0.13438116014003754,0.8315098881721497,0.9958537817001343,0.6676493287086487,0.2443617880344391,-0.05308316648006439,0.9252644777297974,0.9945249557495117
104,3536,True,0.6698898077011108,0.46049079298973083,-0.11505012214183807,0.997427761554718,0.9981192946434021,0.678054928779602,0.4601447582244873,-0.10474801808595657,0.9950670599937439,0.9983586668968201,0.6794232130050659,0.4595828950405121,-0.10472439974546432,0.9940536022186279,0.9984821677207947,0.6811631917953491,0.45958656072616577,-0.10478907823562622,0.9954231977462769,0.9986465573310852,0.678568422794342,0.46004900336265564,-0.13109368085861206,0.9979261755943298,0.9981217980384827,0.6884992718696594,0.4536014199256897,-0.13119755685329437,0.997713029384613,0.9980814456939697,0.690775454044342,0.45342308282852173,-0.13113103806972504,0.9976567029953003,0.9980676770210266,0.6746012568473816,0.45312604308128357,-0.033895935863256454,0.9947099089622498,0.9988880753517151,0.6852423548698425,0.4463264048099518,-0.15071746706962585,0.9977350831031799,0.9980510473251343,0.6611272692680359,0.45836949348449707,-0.08524669706821442,0.9932938814163208,0.9972541928291321,0.6587931513786316,0.45854824781417847,-0.11964479833841324,0.9936725497245789,0.9965686798095703,0.6065555214881897,0.4464031755924225,0.0521228089928627,0.9884172677993774,0.9989701509475708,0.6432769894599915,0.4437274932861328,-0.21096765995025635,0.9955394864082336,0.9983606934547424,0.5745800733566284,0.4873378872871399,0.0784948319196701,0.5009377002716064,0.9993072748184204,0.6113027930259705,0.47804173827171326,-0.2395574301481247,0.9558200240135193,0.9981876015663147,0.5945866107940674,0.501516580581665,0.07913466542959213,0.4917431175708771,0.996182382106781,0.6227718591690063,0.5022107362747192,-0.214972585439682,0.8517828583717346,0.9936091899871826,0.6027397513389587,0.5047034621238708,0.07478649169206619,0.4185393452644348,0.9939471483230591,0.6268914341926575,0.5086593627929688,-0.2522837817668915,0.7712588906288147,0.9921225905418396,0.6083041429519653,0.5032379627227783,0.054140426218509674,0.4156658351421356,0.993636965751648,0.632631242275238,0.5062381029129028,-0.24121405184268951,0.763463020324707,0.9917376637458801,0.6047833561897278,0.5028886198997498,0.06772639602422714,0.4234306514263153,0.9946104288101196,0.630033552646637,0.5023984909057617,-0.21236996352672577,0.7470189332962036,0.9925794005393982,0.5305675268173218,0.35839253664016724,0.07144014537334442,0.99846351146698,0.9993871450424194,0.5452171564102173,0.3487401604652405,-0.07149550318717957,0.9985644817352295,0.9992499947547913,0.5757297277450562,0.3445815443992615,0.13685518503189087,0.6620882749557495,0.9991768002510071,0.5759822130203247,0.2911001741886139,-0.08207347989082336,0.9364039897918701,0.9971363544464111,0.6204280853271484,0.3497926592826843,0.20280495285987854,0.8076176047325134,0.9966707825660706,0.637670636177063,0.2503769099712372,-0.014356664381921291,0.93353271484375,0.996055006980896,0.617816686630249,0.3529178202152252,0.20425234735012054,0.8335019946098328,0.9938592314720154,0.6438286304473877,0.24824638664722443,-0.00930164847522974,0.8998358845710754,0.9944148063659668,0.6684412956237793,0.3495422899723053,0.1248316764831543,0.839934229850769,0.9876523017883301,0.6728721857070923,0.23697304725646973,-0.1080634668469429,0.926213264465332,0.9876592755317688
105,3570,True,0.6755260229110718,0.45326289534568787,-0.12275487929582596,0.9971963763237,0.998478353023529,0.6843755841255188,0.45608657598495483,-0.11998385190963745,0.9947348237037659,0.9981548190116882,0.6842190623283386,0.4563327431678772,-0.12008282542228699,0.9936612248420715,0.9982869029045105,0.6840711236000061,0.456817626953125,-0.12020526826381683,0.9951163530349731,0.9984166622161865,0.6895151138305664,0.45023566484451294,-0.147378608584404,0.997743546962738,0.9977654218673706,0.6928934454917908,0.44781237840652466,-0.14753273129463196,0.9974797964096069,0.9976056814193726,0.6942501664161682,0.44716548919677734,-0.1475716233253479,0.9973727464675903,0.9974327683448792,0.6802449822425842,0.4464872479438782,-0.060827091336250305,0.9944081902503967,0.9984242916107178,0.6910210251808167,0.4424761235713959,-0.15104280412197113,0.9974598288536072,0.9965930581092834,0.6646108627319336,0.4528299868106842,-0.0903979167342186,0.9931652545928955,0.9966688752174377,0.6658440828323364,0.45065373182296753,-0.13869091868400574,0.9933797121047974,0.9952180981636047,0.6096309423446655,0.44902509450912476,0.007093456573784351,0.9892513155937195,0.9977385997772217,0.6550796031951904,0.4390273094177246,-0.19031237065792084,0.9947961568832397,0.9943462014198303,0.5749364495277405,0.4902171492576599,-0.0208505280315876,0.5255874395370483,0.9985601305961609,0.6119245886802673,0.4689946174621582,-0.2565250098705292,0.9441653490066528,0.9954177141189575,0.5865107178688049,0.5055647492408752,-0.08465982973575592,0.5081508159637451,0.9918267726898193,0.6269741058349609,0.5016590356826782,-0.28049957752227783,0.8304426670074463,0.9905857443809509,0.5874412059783936,0.506745457649231,-0.11235395818948746,0.4327678978443146,0.9877141714096069,0.6269022822380066,0.5086724162101746,-0.32351699471473694,0.7495862245559692,0.9891932606697083,0.5959182977676392,0.5055013298988342,-0.12676596641540527,0.4301679730415344,0.9873250722885132,0.6311957836151123,0.5073436498641968,-0.31432315707206726,0.7417032718658447,0.9892063140869141,0.5946231484413147,0.5050382018089294,-0.09674415737390518,0.4374503493309021,0.9885237812995911,0.6306644678115845,0.5039758086204529,-0.28042086958885193,0.7250803709030151,0.9896741509437561,0.5278910398483276,0.3541930317878723,0.051956113427877426,0.9985233545303345,0.9978431463241577,0.5550654530525208,0.3496617078781128,-0.05215943604707718,0.9985318779945374,0.9976619482040405,0.5589513182640076,0.3180690109729767,0.039716653525829315,0.6716403961181641,0.9987737536430359,0.5771355032920837,0.30345743894577026,-0.060619451105594635,0.9305291771888733,0.9980205297470093,0.6088859438896179,0.3045620024204254,0.15325142443180084,0.8082022070884705,0.9979713559150696,0.6352161169052124,0.25939494371414185,-0.005300994496792555,0.9282655119895935,0.9957051873207092,0.6116889119148254,0.28992363810539246,0.16017299890518188,0.8326005935668945,0.9966835379600525,0.6369160413742065,0.2512916326522827,-0.006201102863997221,0.8946617841720581,0.9943296909332275,0.6393290758132935,0.31974104046821594,0.05498143658041954,0.8356253504753113,0.9934038519859314,0.6704012155532837,0.25641360878944397,-0.13644354045391083,0.9189638495445251,0.9876819252967834
106,3604,True,0.688884437084198,0.4517335891723633,-0.17953671514987946,0.9971367716789246,0.9987260699272156,0.6906528472900391,0.4535551965236664,-0.17307206988334656,0.9943488240242004,0.9988487958908081,0.689563512802124,0.45357561111450195,-0.17309170961380005,0.9937139749526978,0.9989442229270935,0.6891172528266907,0.4540695250034332,-0.1731947362422943,0.9947744607925415,0.9990693926811218,0.6967671513557434,0.449135959148407,-0.19695879518985748,0.9976345896720886,0.9986600875854492,0.6965078115463257,0.4457365572452545,-0.1970585435628891,0.9974609017372131,0.9986127614974976,0.6970041394233704,0.4449821412563324,-0.19702701270580292,0.9970954656600952,0.9985944628715515,0.6834965348243713,0.4481058120727539,-0.10019312053918839,0.9944735169410706,0.9992684721946716,0.692010223865509,0.44096893072128296,-0.20064279437065125,0.9974917769432068,0.9986193180084229,0.6690940260887146,0.4522838592529297,-0.14717251062393188,0.993246853351593,0.9985020160675049,0.6698034405708313,0.450253427028656,-0.18120333552360535,0.993386447429657,0.997996985912323,0.6137745976448059,0.4489137530326843,3.073258267249912e-05,0.9901809096336365,0.9995338916778564,0.6560239791870117,0.43656760454177856,-0.24234642088413239,0.995051920413971,0.9989780187606812,0.5697021484375,0.4884152412414551,-0.010156639851629734,0.5224385261535645,0.9995405673980713,0.6213870048522949,0.46847453713417053,-0.2767159342765808,0.9357753396034241,0.9986578226089478,0.584854245185852,0.4954473376274109,-0.06861758232116699,0.49504077434539795,0.9975048899650574,0.6291902661323547,0.4975222945213318,-0.28089025616645813,0.806381344795227,0.9950900077819824,0.5878413915634155,0.49596625566482544,-0.07919567823410034,0.42103761434555054,0.9960792660713196,0.6292141675949097,0.5043112635612488,-0.3239140808582306,0.7241063117980957,0.9939099550247192,0.5964275598526001,0.49451833963394165,-0.1129765510559082,0.41836246848106384,0.9960209727287292,0.6331230401992798,0.5032573342323303,-0.3148195147514343,0.7153422832489014,0.9938092827796936,0.5946406126022339,0.4946375787258148,-0.08205154538154602,0.42513808608055115,0.9965258240699768,0.6323181390762329,0.5003953576087952,-0.2807837724685669,0.7006231546401978,0.9943351149559021,0.5294569730758667,0.36217859387397766,0.05858905613422394,0.9986546635627747,0.9996745586395264,0.5570617318153381,0.35262733697891235,-0.05873681232333183,0.9986627697944641,0.9995813965797424,0.5598787665367126,0.3421301245689392,0.06875975430011749,0.6936126351356506,0.9995056390762329,0.5974154472351074,0.3016553819179535,-0.10695282369852066,0.9346765279769897,0.9985511898994446,0.5894522070884705,0.34463006258010864,0.11309224367141724,0.8215947151184082,0.9976581335067749,0.6606239080429077,0.256240576505661,-0.10648471117019653,0.9308232069015503,0.99688321352005,0.5844549536705017,0.3457258641719818,0.11427277326583862,0.8442422151565552,0.9957886338233948,0.6633882522583008,0.25100019574165344,-0.10885155200958252,0.8999220728874207,0.9952588677406311,0.6249638199806213,0.3467705249786377,0.03160795941948891,0.8447520732879639,0.9912860989570618,0.7008389234542847,0.25511598587036133,-0.21895438432693481,0.9209223389625549,0.9889911413192749
107,3638,True,0.6967090368270874,0.45188942551612854,-0.16933271288871765,0.996988832950592,0.9988948702812195,0.6978120803833008,0.4485761523246765,-0.15777602791786194,0.9944412708282471,0.9988821148872375,0.6966060996055603,0.44831815361976624,-0.1578097641468048,0.993851900100708,0.9989402890205383,0.6948947310447693,0.4511471688747406,-0.15788398683071136,0.9948413968086243,0.999026894569397,0.7001395225524902,0.44657403230667114,-0.18448399007320404,0.997632622718811,0.9987622499465942,0.6996877193450928,0.4449077248573303,-0.18458884954452515,0.9974855780601501,0.9987360835075378,0.699758768081665,0.44421616196632385,-0.18454475700855255,0.9970651268959045,0.9987332224845886,0.686957061290741,0.44650840759277344,-0.0858299657702446,0.9946969747543335,0.9991610050201416,0.6924884915351868,0.43935292959213257,-0.19633056223392487,0.9974361658096313,0.9987114667892456,0.6741359233856201,0.452897846698761,-0.13767287135124207,0.9935191869735718,0.9989621639251709,0.685342013835907,0.4511469900608063,-0.1740274280309677,0.9935888051986694,0.9986497759819031,0.6185677647590637,0.4488674998283386,0.012281114235520363,0.9910088777542114,0.9993683695793152,0.6547946929931641,0.4366541802883148,-0.2439405620098114,0.9952656030654907,0.9987773299217224,0.578744113445282,0.48894166946411133,-0.002825136762112379,0.500289797782898,0.9992105960845947,0.6250346302986145,0.4698023200035095,-0.30808934569358826,0.9097277522087097,0.9985775947570801,0.5850210189819336,0.49976229667663574,-0.0738314688205719,0.4719652831554413,0.9965803027153015,0.6295077800750732,0.498603492975235,-0.3372543454170227,0.768652081489563,0.994857668876648,0.5884106755256653,0.5000873804092407,-0.0876593142747879,0.4036521315574646,0.9950957298278809,0.6304748058319092,0.5053985118865967,-0.3852953314781189,0.6920545697212219,0.9933348894119263,0.596303403377533,0.4987642168998718,-0.11746171116828918,0.4016073942184448,0.9947354197502136,0.6347832083702087,0.5044349431991577,-0.3745492696762085,0.6826257109642029,0.9936281442642212,0.5945436954498291,0.49846968054771423,-0.09011013060808182,0.408698171377182,0.9952475428581238,0.6332427263259888,0.501624345779419,-0.3364885449409485,0.6667603254318237,0.994030237197876,0.5308296084403992,0.3670237362384796,0.06443360447883606,0.9987465739250183,0.998400866985321,0.5554969906806946,0.3643668293952942,-0.06419797241687775,0.9987375140190125,0.9982079267501831,0.533313512802124,0.37583205103874207,0.06532572954893112,0.6948770880699158,0.9980871677398682,0.6208544969558716,0.3791518807411194,-0.0818767175078392,0.9332357048988342,0.9979625940322876,0.5243360996246338,0.3771972358226776,0.11065628379583359,0.8025152087211609,0.9969449639320374,0.6792968511581421,0.3757822513580322,-0.11479536443948746,0.9227931499481201,0.9968315958976746,0.5157073736190796,0.3773317039012909,0.11614556610584259,0.8354431390762329,0.9965459704399109,0.6785394549369812,0.37192046642303467,-0.12021107226610184,0.8987843990325928,0.9962295889854431,0.5471541285514832,0.38324272632598877,0.061742134392261505,0.8253752589225769,0.9959134459495544,0.7285457253456116,0.38946810364723206,-0.2046898752450943,0.9115006923675537,0.9950262904167175
108,3672,True,0.6873543858528137,0.4585486948490143,-0.12244630604982376,0.9963557124137878,0.9978585839271545,0.6932339668273926,0.4500449597835541,-0.10334453731775284,0.9941242337226868,0.9978554844856262,0.6918871402740479,0.44990652799606323,-0.10345586389303207,0.99370276927948,0.9980704188346863,0.6902914643287659,0.451200008392334,-0.10355726629495621,0.9946191310882568,0.9983097314834595,0.6978541612625122,0.44825196266174316,-0.13864034414291382,0.997409999370575,0.9974501729011536,0.6990361213684082,0.44649845361709595,-0.1387876272201538,0.9972466230392456,0.9974223375320435,0.6972441077232361,0.4457581043243408,-0.13877330720424652,0.996708869934082,0.997370719909668,0.6755844354629517,0.44617128372192383,-0.02345799095928669,0.9945326447486877,0.9988569021224976,0.6872448921203613,0.4407946467399597,-0.18526148796081543,0.9971115589141846,0.9977245926856995,0.6733826994895935,0.4581172466278076,-0.0935019701719284,0.9932825565338135,0.9991849064826965,0.6742553114891052,0.4584898054599762,-0.14064472913742065,0.9932910203933716,0.9989223480224609,0.6171262264251709,0.4484385550022125,0.0492112971842289,0.991798460483551,0.9996533393859863,0.6301958560943604,0.43898868560791016,-0.24858836829662323,0.9955370426177979,0.9990793466567993,0.5869376063346863,0.4890038073062897,0.04606412723660469,0.45734283328056335,0.9996370077133179,0.6071202754974365,0.4817178249359131,-0.3390088677406311,0.890509843826294,0.9986749291419983,0.5850855708122253,0.5132502913475037,-0.0403793640434742,0.43464937806129456,0.9954185485839844,0.6161553859710693,0.5192339420318604,-0.3576604723930359,0.7474256157875061,0.9935725927352905,0.5890917181968689,0.520708441734314,-0.040016718208789825,0.37512457370758057,0.9935417175292969,0.621691882610321,0.5293858051300049,-0.40418505668640137,0.6738597750663757,0.9918414354324341,0.5986669063568115,0.5242855548858643,-0.07435814291238785,0.37376588582992554,0.9929865002632141,0.6295482516288757,0.5302143692970276,-0.3875594139099121,0.6628583669662476,0.9925111532211304,0.5937096476554871,0.5181937217712402,-0.061467595398426056,0.3816969692707062,0.9934439659118652,0.6257662177085876,0.5238751769065857,-0.35480451583862305,0.6425391435623169,0.9930490255355835,0.5243849158287048,0.3734878599643707,0.07919535785913467,0.998853325843811,0.9995052814483643,0.5351443886756897,0.36673906445503235,-0.07905744016170502,0.9988361597061157,0.99916672706604,0.5392846465110779,0.43160873651504517,0.07357585430145264,0.6825041770935059,0.9989578723907471,0.6282365322113037,0.38041192293167114,-0.11249800026416779,0.9384222030639648,0.9976499676704407,0.5119512677192688,0.4857137203216553,0.12372829765081406,0.7909174561500549,0.9959354400634766,0.6761366724967957,0.3772004544734955,-0.12837477028369904,0.9209312796592712,0.995000422000885,0.49407488107681274,0.49174684286117554,0.12661969661712646,0.8271191120147705,0.9952235817909241,0.6740466952323914,0.37438616156578064,-0.12755024433135986,0.8996923565864563,0.9943540096282959,0.5490137338638306,0.511412501335144,0.08362919092178345,0.8112002015113831,0.9944209456443787,0.7296316623687744,0.3881564140319824,-0.18099820613861084,0.9059991836547852,0.9922722578048706
109,3706,True,0.6837450861930847,0.4591706693172455,-0.10129321366548538,0.996674120426178,0.9997962117195129,0.6908702254295349,0.4511384069919586,-0.08120191097259521,0.9945771098136902,0.9997753500938416,0.6894307136535645,0.45121651887893677,-0.0812145471572876,0.9942337870597839,0.9997889399528503,0.68805992603302,0.4509590268135071,-0.08128608763217926,0.995036244392395,0.9998142123222351,0.6975188255310059,0.44868794083595276,-0.1206807792186737,0.9976235032081604,0.9997255206108093,0.6967769861221313,0.44806212186813354,-0.12079258263111115,0.9974880218505859,0.9997112154960632,0.6940596103668213,0.447543203830719,-0.12072789669036865,0.996968686580658,0.9996942281723022,0.6751105189323425,0.4443995952606201,0.006754033267498016,0.9950138926506042,0.9998316764831543,0.682221531867981,0.44137412309646606,-0.17771658301353455,0.997347354888916,0.9996368885040283,0.6647703647613525,0.4594476819038391,-0.06826155632734299,0.993865430355072,0.9998003840446472,0.6711881160736084,0.45888885855674744,-0.12092310935258865,0.9938662648200989,0.9997307658195496,0.616357147693634,0.44630104303359985,0.10143978148698807,0.9925437569618225,0.9998372793197632,0.6204043626785278,0.44904986023902893,-0.25413092970848083,0.995888888835907,0.9996436834335327,0.5855177640914917,0.49016624689102173,0.09425536543130875,0.44308555126190186,0.9998890161514282,0.6023217439651489,0.4914495050907135,-0.34676653146743774,0.8928255438804626,0.9996123909950256,0.586476743221283,0.5180919170379639,0.01065909769386053,0.4335155487060547,0.9992976188659668,0.6189017295837402,0.5315614938735962,-0.37828704714775085,0.7545969486236572,0.9988705515861511,0.5948840379714966,0.5271333456039429,0.007367026060819626,0.3773714601993561,0.9988958835601807,0.6245736479759216,0.5416613817214966,-0.4260011315345764,0.6835895776748657,0.9985122084617615,0.6040429472923279,0.5264178514480591,-0.019811810925602913,0.37577733397483826,0.9988309741020203,0.6304874420166016,0.5367192029953003,-0.40839123725891113,0.6717371940612793,0.9986034035682678,0.5949004888534546,0.5238178372383118,-0.006472330074757338,0.3842391073703766,0.9989940524101257,0.6270621418952942,0.5336833596229553,-0.3741554617881775,0.6498235464096069,0.9987183809280396,0.5235142111778259,0.36958611011505127,0.09756289422512054,0.9989469051361084,0.999636173248291,0.5317836403846741,0.36813777685165405,-0.09736212342977524,0.998931884765625,0.9995338916778564,0.53875732421875,0.3742744028568268,0.10596350580453873,0.7070189118385315,0.9996203184127808,0.623920202255249,0.34923455119132996,-0.10714809596538544,0.9440456032752991,0.9994199275970459,0.5411412119865417,0.38601893186569214,0.157256618142128,0.806145191192627,0.9988893866539001,0.6794726848602295,0.3340381681919098,-0.10832221806049347,0.9273667931556702,0.9991969466209412,0.5329113602638245,0.38910651206970215,0.1616121232509613,0.8393283486366272,0.9983514547348022,0.6786634922027588,0.3336048722267151,-0.10957785695791245,0.9078391790390015,0.998798131942749,0.5752223134040833,0.3913857936859131,0.0925629734992981,0.8240375518798828,0.997802197933197,0.7361191511154175,0.33364611864089966,-0.19878458976745605,0.9130923748016357,0.9981446266174316
110,3740,True,0.6817119121551514,0.462399959564209,-0.08880162984132767,0.9968874454498291,0.9992440938949585,0.6804746389389038,0.4557424485683441,-0.07255253195762634,0.9948033690452576,0.9992479681968689,0.6804598569869995,0.4548894464969635,-0.07254607230424881,0.9945604205131531,0.9993048906326294,0.6806317567825317,0.45378512144088745,-0.07261854410171509,0.9952628016471863,0.999396800994873,0.6817436218261719,0.45578867197036743,-0.1079484075307846,0.9977393746376038,0.9990567564964294,0.6962417364120483,0.45177727937698364,-0.10805391520261765,0.9976415634155273,0.9990039467811584,0.6901842951774597,0.44840893149375916,-0.10798992216587067,0.9970942735671997,0.99895179271698,0.6750904321670532,0.44536328315734863,0.008665185421705246,0.9953659176826477,0.9994897842407227,0.6801135540008545,0.4442324638366699,-0.156981959939003,0.9974758625030518,0.9988019466400146,0.6617605090141296,0.4614289700984955,-0.05663951113820076,0.9942849278450012,0.9993599057197571,0.6618865728378296,0.46160370111465454,-0.10366392135620117,0.9942432641983032,0.9990851879119873,0.6152098178863525,0.4465489387512207,0.10171466320753098,0.9931811094284058,0.9996516704559326,0.6193745732307434,0.4497271478176117,-0.23506852984428406,0.9961498975753784,0.999231219291687,0.5829162001609802,0.4882364869117737,0.09395521134138107,0.4314385950565338,0.9997146725654602,0.5962186455726624,0.49025073647499084,-0.3097281754016876,0.8920087814331055,0.9992974996566772,0.5829808712005615,0.5145314335823059,0.02054833434522152,0.42846739292144775,0.9986761212348938,0.6080095767974854,0.527309775352478,-0.33139631152153015,0.7553565502166748,0.9980260133743286,0.5894686579704285,0.5227763652801514,0.014563341625034809,0.37457457184791565,0.9980283379554749,0.612247109413147,0.5363205075263977,-0.3741099536418915,0.6863305568695068,0.9973868727684021,0.5952736735343933,0.5240856409072876,-0.009369724430143833,0.3729446828365326,0.9979181885719299,0.6182087659835815,0.5336511731147766,-0.35771262645721436,0.6738777756690979,0.9974965453147888,0.5908573865890503,0.5236685276031494,0.005912213120609522,0.3813718557357788,0.99818354845047,0.6172638535499573,0.5309218168258667,-0.3265698254108429,0.6511955857276917,0.997663140296936,0.5243561267852783,0.36989104747772217,0.09496452659368515,0.9990182518959045,0.9994644522666931,0.5342487096786499,0.3690439462661743,-0.09482557326555252,0.9990057945251465,0.9993201494216919,0.5420922636985779,0.35939791798591614,0.12356416136026382,0.725366473197937,0.9992608428001404,0.6056879162788391,0.34064817428588867,-0.10335734486579895,0.9476286768913269,0.9988248944282532,0.5515059232711792,0.36276185512542725,0.15789194405078888,0.8153032064437866,0.9981192946434021,0.6764437556266785,0.3303089737892151,-0.07073403894901276,0.9312084317207336,0.9983664155006409,0.5453710556030273,0.363761842250824,0.1635526865720749,0.8466328382492065,0.997192919254303,0.6762946844100952,0.33126991987228394,-0.07013041526079178,0.9135709404945374,0.9976096153259277,0.5833346247673035,0.3724880814552307,0.12123526632785797,0.8314816355705261,0.9963305592536926,0.7241339087486267,0.3297090530395508,-0.16702279448509216,0.9173830151557922,0.9966158270835876
111,3774,True,0.6806397438049316,0.46326303482055664,-0.07490666210651398,0.9971091747283936,0.9989091157913208,0.6764912009239197,0.4569280743598938,-0.0591052807867527,0.9950420260429382,0.998842716217041,0.680488646030426,0.4543050229549408,-0.059091296046972275,0.9948848485946655,0.9989327788352966,0.6804339289665222,0.45354557037353516,-0.05916041135787964,0.9955096244812012,0.9990732669830322,0.6822913289070129,0.4558996558189392,-0.09342264384031296,0.9978567957878113,0.9985062479972839,0.6919822096824646,0.4518430233001709,-0.09353868663311005,0.9977931976318359,0.9984038472175598,0.6873714923858643,0.44879454374313354,-0.0934702455997467,0.9972309470176697,0.9983015060424805,0.6749324202537537,0.44556698203086853,0.019408024847507477,0.9956991076469421,0.9991161227226257,0.6776483058929443,0.4443182945251465,-0.13934792578220367,0.9976059198379517,0.9977632761001587,0.6601229906082153,0.4619417190551758,-0.04363046586513519,0.9946581125259399,0.9987452030181885,0.6579268574714661,0.46238476037979126,-0.08893542736768723,0.9945608973503113,0.9981683492660522,0.6147696375846863,0.4469311237335205,0.10875484347343445,0.9937034249305725,0.9992583394050598,0.6219462156295776,0.4516807496547699,-0.2159002274274826,0.9963188171386719,0.9984512329101562,0.5827409625053406,0.4872860312461853,0.09692039340734482,0.433022141456604,0.9996411800384521,0.6022534370422363,0.4923081398010254,-0.2750648856163025,0.8962330222129822,0.9990860223770142,0.5858784317970276,0.5109950304031372,0.033179160207509995,0.43699443340301514,0.9984447360038757,0.6085234880447388,0.5264130234718323,-0.2941283583641052,0.7648002505302429,0.9975964426994324,0.5913562774658203,0.5170214772224426,0.02757682278752327,0.3831946551799774,0.9975603818893433,0.6164947152137756,0.5347000956535339,-0.33556675910949707,0.6984317898750305,0.9967530369758606,0.5954665541648865,0.5183439254760742,0.007533790543675423,0.38140109181404114,0.9974386692047119,0.6225240230560303,0.5321589112281799,-0.3235432207584381,0.6859654784202576,0.9968171715736389,0.592980146408081,0.5191364884376526,0.020680390298366547,0.3886517584323883,0.9978413581848145,0.6214622855186462,0.5298734903335571,-0.2912670075893402,0.6631478667259216,0.9971327781677246,0.524695634841919,0.3698059916496277,0.09342429786920547,0.9990617632865906,0.9990416169166565,0.5342563986778259,0.36881762742996216,-0.09332643449306488,0.9990447163581848,0.9987980127334595,0.5443508625030518,0.341886967420578,0.12272827327251434,0.7408254742622375,0.998755693435669,0.5863237977027893,0.3207293748855591,-0.09660696238279343,0.9512513279914856,0.997835099697113,0.5578054785728455,0.3251177966594696,0.1698848158121109,0.8258935809135437,0.9968860745429993,0.6647602319717407,0.30641764402389526,-0.06086970865726471,0.935840368270874,0.99722820520401,0.556769609451294,0.32544299960136414,0.17527112364768982,0.853232204914093,0.9952915906906128,0.6664479970932007,0.3106624484062195,-0.060055509209632874,0.9192559719085693,0.9960393905639648,0.5912640690803528,0.31778162717819214,0.11062285304069519,0.8399447798728943,0.9929333925247192,0.7209358215332031,0.29795610904693604,-0.1664665788412094,0.9222868084907532,0.9932992458343506
112,3808,True,0.6510936617851257,0.4657847285270691,-0.09746677428483963,0.9972207546234131,0.9982572197914124,0.6585363745689392,0.46157652139663696,-0.08133120834827423,0.9950995445251465,0.9980587363243103,0.6595269441604614,0.4603691101074219,-0.08131158351898193,0.9949785470962524,0.9981281161308289,0.6598147749900818,0.45960792899131775,-0.08137025684118271,0.9956263303756714,0.9982795715332031,0.6594218611717224,0.46145376563072205,-0.11358599364757538,0.9979001879692078,0.9976502060890198,0.6613314747810364,0.4599854350090027,-0.11370713263750076,0.9978641271591187,0.9974778294563293,0.6606776118278503,0.45852261781692505,-0.11366040259599686,0.9972870945930481,0.9972527623176575,0.6680854558944702,0.4506199359893799,0.009023327380418777,0.9958682656288147,0.998176097869873,0.6581770777702332,0.4523726999759674,-0.14386647939682007,0.9976550340652466,0.9960474371910095,0.642418384552002,0.46421942114830017,-0.06337973475456238,0.9948204159736633,0.9969223141670227,0.6409530639648438,0.46425729990005493,-0.10709691792726517,0.9945797920227051,0.9958438277244568,0.6110521554946899,0.4486307203769684,0.11067355424165726,0.9939509630203247,0.9979118704795837,0.619407594203949,0.4503788352012634,-0.22036677598953247,0.9962831139564514,0.9951449036598206,0.5780879259109497,0.48764652013778687,0.12870705127716064,0.4330357611179352,0.9992731213569641,0.5997991561889648,0.490469366312027,-0.2815471291542053,0.9028647541999817,0.9977697134017944,0.5885175466537476,0.5079675912857056,0.08456382900476456,0.44570842385292053,0.9981098175048828,0.6150127649307251,0.5242821574211121,-0.2916859984397888,0.7776123285293579,0.9958886504173279,0.5942680239677429,0.5115718245506287,0.08221696317195892,0.3928122818470001,0.9970832467079163,0.6275498867034912,0.5324615240097046,-0.33408936858177185,0.7140775322914124,0.9945546388626099,0.5982993245124817,0.5113312005996704,0.061300840228796005,0.39123791456222534,0.9969593286514282,0.6352797150611877,0.530784010887146,-0.32335785031318665,0.7020024657249451,0.9948023557662964,0.5964792966842651,0.5121450424194336,0.07236182689666748,0.3982192277908325,0.997432291507721,0.6316458582878113,0.528192400932312,-0.28936904668807983,0.6788419485092163,0.995212197303772,0.524858832359314,0.369461327791214,0.09708116203546524,0.9990322589874268,0.9977607727050781,0.5332896113395691,0.36687636375427246,-0.09701034426689148,0.9989898800849915,0.9969673752784729,0.5514079332351685,0.31819185614585876,0.1254284679889679,0.7307263016700745,0.9972558617591858,0.5631118416786194,0.29882320761680603,-0.11517284065485,0.9509832262992859,0.9951759576797485,0.5959015488624573,0.28438282012939453,0.17341604828834534,0.8207294344902039,0.9952829480171204,0.6376403570175171,0.2791382968425751,-0.08994083106517792,0.9378084540367126,0.9961915016174316,0.5992497205734253,0.2824138402938843,0.17714323103427887,0.8473799228668213,0.9933992624282837,0.6417431235313416,0.28242725133895874,-0.0909227654337883,0.921838641166687,0.9947752952575684,0.6249421238899231,0.27133697271347046,0.09907818585634232,0.835529625415802,0.9899328947067261,0.6772599816322327,0.26697176694869995,-0.20914514362812042,0.9240992069244385,0.991390585899353
113,3842,False,,,,,,,,,,,,,,,,,,,,,,,,,,,,,,,,,,,,,,,,,,,,,,,,,,,,,,,,,,,,,,,,,,,,,,,,,,,,,,,,,,,,,,,,,,,,,,,,,,,,,,,,,,,,,,,,,,,,,,,,,,,,,,,,,,,,,,,,,,,,,,,,,,,,,,,,,,,,,,,,,,,,,
114,3876,True,0.6382460594177246,0.4419790208339691,-0.1469324678182602,0.9960556030273438,0.9883943796157837,0.667400062084198,0.4470309615135193,-0.1487027108669281,0.9944065809249878,0.9860711693763733,0.6663951873779297,0.44677790999412537,-0.14879818260669708,0.9937463402748108,0.9866840243339539,0.6436493396759033,0.4479444921016693,-0.1489097625017166,0.9950854182243347,0.9871925115585327,0.6677737236022949,0.447019100189209,-0.1566096842288971,0.9972000122070312,0.9831353425979614,0.6670129895210266,0.4468071460723877,-0.15668193995952606,0.9968270063400269,0.9819375276565552,0.6673215627670288,0.44215208292007446,-0.1566004455089569,0.9966163039207458,0.9803960919380188,0.6504073143005371,0.4387660622596741,-0.12043352425098419,0.9948087930679321,0.986261785030365,0.6503879427909851,0.43836909532546997,-0.1526140421628952,0.9959261417388916,0.9729296565055847,0.6318398714065552,0.43539243936538696,-0.13074733316898346,0.9923107028007507,0.9799829721450806,0.6315892338752747,0.43392515182495117,-0.1403806209564209,0.9919331073760986,0.9728856086730957,0.6165238618850708,0.41113701462745667,-0.09475183486938477,0.9930150508880615,0.9859579205513,0.6188943386077881,0.4090047776699066,-0.18353812396526337,0.9943590760231018,0.9645282030105591,0.6102693676948547,0.4706214964389801,-0.152544766664505,0.44357216358184814,0.9961663484573364,0.5743352174758911,0.4655337929725647,-0.2084844410419464,0.8861892223358154,0.9924535155296326,0.5910077095031738,0.5259884595870972,-0.20210906863212585,0.4613519310951233,0.9898523688316345,0.5819147825241089,0.5297363996505737,-0.20894286036491394,0.7681798338890076,0.9818545579910278,0.5971351861953735,0.5407882928848267,-0.24463993310928345,0.4091631770133972,0.9827626943588257,0.5837393403053284,0.5442626476287842,-0.24976666271686554,0.7067782282829285,0.9721768498420715,0.5987908244132996,0.5383133888244629,-0.25087878108024597,0.4080131947994232,0.9810394048690796,0.5924184322357178,0.5434136390686035,-0.2542368173599243,0.6966073513031006,0.9718599319458008,0.599074125289917,0.5328619480133057,-0.21127639710903168,0.414211630821228,0.9847304821014404,0.5836360454559326,0.5348447561264038,-0.21607749164104462,0.6747772097587585,0.9767216444015503,0.6240183115005493,0.26663100719451904,0.04351164773106575,0.9986136555671692,0.9907718896865845,0.6290929913520813,0.26772406697273254,-0.04365074634552002,0.9982411861419678,0.9882765412330627,0.6072554588317871,0.26491183042526245,0.16424213349819183,0.6768662333488464,0.9756818413734436,0.5945029258728027,0.2789924144744873,0.11559662222862244,0.9009930491447449,0.9688810706138611,0.6435883045196533,0.26155948638916016,0.3942170739173889,0.7595967054367065,0.9727531671524048,0.6199695467948914,0.29028770327568054,0.3020056188106537,0.8823775053024292,0.9489144682884216,0.652072548866272,0.2614844739437103,0.4163016080856323,0.7886609435081482,0.9682188034057617,0.6281155347824097,0.28924742341041565,0.31992512941360474,0.8687227368354797,0.9507454633712769,0.6466845870018005,0.26479804515838623,0.3714098632335663,0.7789393663406372,0.9703908562660217,0.6126981377601624,0.30607250332832336,0.26472094655036926,0.8717191815376282,0.95441734790802
115,3910,True,0.6551921367645264,0.4418335556983948,-0.10106802731752396,0.9943923950195312,0.9886400699615479,0.6709701418876648,0.44701164960861206,-0.09871760755777359,0.9932243824005127,0.9868178367614746,0.6694450378417969,0.44677734375,-0.09879773110151291,0.9920530915260315,0.9868472218513489,0.6526060104370117,0.44797128438949585,-0.09892581403255463,0.9941092729568481,0.9864441752433777,0.6725905537605286,0.4468550682067871,-0.08687524497509003,0.9960572123527527,0.9858101010322571,0.6721788644790649,0.44657212495803833,-0.08701714128255844,0.9952368140220642,0.9854543209075928,0.6801197528839111,0.4425981640815735,-0.08701494336128235,0.9955595135688782,0.9844623804092407,0.651042640209198,0.4414978623390198,-0.05645829811692238,0.9923710227012634,0.9843419194221497,0.6644971966743469,0.4392891526222229,0.0038969209417700768,0.9935014247894287,0.9808652997016907,0.6431563496589661,0.43537014722824097,-0.08154319226741791,0.9870655536651611,0.9696092009544373,0.6517813205718994,0.43379122018814087,-0.06461525708436966,0.9867528676986694,0.9617320895195007,0.5976994633674622,0.41482773423194885,-0.0642121210694313,0.9926117062568665,0.9812332391738892,0.6543083786964417,0.40960854291915894,0.010729359462857246,0.9927791357040405,0.9571959972381592,0.5890832543373108,0.4722570478916168,-0.1114971786737442,0.48458510637283325,0.9958574175834656,0.6473492980003357,0.45455050468444824,0.02779577299952507,0.8493866324424744,0.9885346293449402,0.5757884979248047,0.5268353819847107,-0.08027863502502441,0.495097279548645,0.9792121648788452,0.627716600894928,0.5082497000694275,0.018092164769768715,0.7420753836631775,0.979438066482544,0.5748153924942017,0.537979245185852,-0.11345421522855759,0.43807610869407654,0.9614558219909668,0.6204586625099182,0.5202460289001465,-0.007806595880538225,0.6814700961112976,0.9724579453468323,0.5746438503265381,0.537000298500061,-0.11232220381498337,0.43629202246665955,0.9586032032966614,0.6192752122879028,0.5225510597229004,-0.011369729414582253,0.6729893088340759,0.9711318612098694,0.5756576657295227,0.5325609445571899,-0.0838799923658371,0.44279882311820984,0.9674830436706543,0.6209354400634766,0.5183115601539612,0.011731366626918316,0.652740478515625,0.9744112491607666,0.608924925327301,0.27760374546051025,0.0004992210306227207,0.998383104801178,0.9943428039550781,0.6405090093612671,0.27810248732566833,-0.0009181812638416886,0.9979605674743652,0.9943957328796387,0.5996578335762024,0.24416346848011017,0.045835793018341064,0.6426638960838318,0.9831332564353943,0.608399510383606,0.24501077830791473,0.10483139753341675,0.8445581793785095,0.9851049780845642,0.6340084671974182,0.22170870006084442,0.24553699791431427,0.7173247337341309,0.9807671308517456,0.63545161485672,0.22125594317913055,0.2446272075176239,0.8281368613243103,0.9696879982948303,0.641212522983551,0.21985527873039246,0.2638375163078308,0.7448912262916565,0.9776598811149597,0.6403146982192993,0.21819999814033508,0.25552862882614136,0.8104528188705444,0.9667629599571228,0.6345826387405396,0.2079584151506424,0.18698319792747498,0.7386478185653687,0.9723409414291382,0.6294170618057251,0.21070699393749237,0.16183188557624817,0.8234400153160095,0.9613797068595886
116,3944,True,0.6665889024734497,0.44545692205429077,-0.011323520913720131,0.9947797060012817,0.9996727705001831,0.6704356074333191,0.4516192078590393,0.006453467067331076,0.9937916398048401,0.9995131492614746,0.653286337852478,0.4547649919986725,0.006465364713221788,0.992729663848877,0.9994974136352539,0.648174524307251,0.45558637380599976,0.006592487450689077,0.9945728182792664,0.9994533658027649,0.6724996566772461,0.4512152671813965,0.015317516401410103,0.9963474869728088,0.9995192289352417,0.6787545680999756,0.4488746225833893,0.015176329761743546,0.9956096410751343,0.9995181560516357,0.6821931004524231,0.4479186534881592,0.01537599042057991,0.995884120464325,0.9994633793830872,0.6353291869163513,0.4513317048549652,0.09845257550477982,0.9928871393203735,0.9990969896316528,0.677344024181366,0.4402011036872864,0.1416739821434021,0.9939281344413757,0.9991508722305298,0.6427206993103027,0.4406871795654297,0.024006009101867676,0.9872949719429016,0.9970104694366455,0.6541028618812561,0.4382947087287903,0.03668200597167015,0.9871587157249451,0.9964690208435059,0.5803371667861938,0.41916948556900024,0.10753551870584488,0.9915727376937866,0.9833402037620544,0.6791730523109436,0.4097532629966736,0.1369827836751938,0.9913842082023621,0.975767195224762,0.5632724761962891,0.4729023575782776,0.05522633716464043,0.5155866146087646,0.9885213375091553,0.6966356635093689,0.44568151235580444,0.15450318157672882,0.8129987120628357,0.9788636565208435,0.5749399065971375,0.5294511318206787,0.08245653659105301,0.4933484196662903,0.9830506443977356,0.6651095747947693,0.499522864818573,0.17283375561237335,0.6914527416229248,0.983308732509613,0.5752876996994019,0.5388568639755249,0.07214789092540741,0.4357597827911377,0.979626476764679,0.6557642817497253,0.5111335515975952,0.161202535033226,0.6370862126350403,0.9842323064804077,0.5763200521469116,0.5408908128738403,0.07239649444818497,0.4326495826244354,0.9778263568878174,0.6525830030441284,0.5134731531143188,0.16549396514892578,0.629622220993042,0.9839238524436951,0.5755964517593384,0.5343985557556152,0.0822853222489357,0.43812665343284607,0.9787660241127014,0.6563156843185425,0.510517418384552,0.17247121036052704,0.6107587218284607,0.9830642342567444,0.587887167930603,0.2896355986595154,0.004874963779002428,0.9955830574035645,0.9584423899650574,0.6522085070610046,0.287070095539093,-0.005403655581176281,0.9950700402259827,0.9644937515258789,0.5684486627578735,0.37812381982803345,-0.001931611681357026,0.6274397969245911,0.980787992477417,0.6248080134391785,0.38661429286003113,0.04434843361377716,0.8087638020515442,0.984394371509552,0.5889450907707214,0.48275917768478394,0.06018742918968201,0.7020336985588074,0.9901977777481079,0.6172321438789368,0.493274450302124,-0.002090426394715905,0.8067305088043213,0.983965277671814,0.5920811295509338,0.4960831105709076,0.06531894207000732,0.7592322826385498,0.9890533089637756,0.6128144860267639,0.502017617225647,-0.011625967919826508,0.8136433959007263,0.9830727577209473,0.5982275605201721,0.5146037340164185,-0.0009023994207382202,0.7284083366394043,0.9906688332557678,0.5947777628898621,0.5353153347969055,-0.11737364530563354,0.8091602325439453,0.9835618138313293
117,3978,True,0.6875998973846436,0.4464581608772278,0.006617260631173849,0.9952654242515564,0.9999407529830933,0.6848766207695007,0.4512980580329895,0.023044995963573456,0.9943621158599854,0.9999139308929443,0.6743096113204956,0.4544931948184967,0.023064501583576202,0.9934096932411194,0.9999090433120728,0.6741670370101929,0.4549335837364197,0.023041611537337303,0.9950416684150696,0.9999030828475952,0.6899200081825256,0.4506126940250397,0.03734215721487999,0.9966803789138794,0.9999086856842041,0.6968925595283508,0.4483913779258728,0.0373186431825161,0.996016800403595,0.999904990196228,0.6993512511253357,0.4475248456001282,0.03751842677593231,0.996242105960846,0.9998902082443237,0.6582791805267334,0.44992589950561523,0.10521376132965088,0.9935422539710999,0.9998825788497925,0.6998857855796814,0.43982499837875366,0.17198118567466736,0.9944717288017273,0.9998519420623779,0.6717944145202637,0.4409683346748352,0.038730837404727936,0.9882996678352356,0.999568521976471,0.6856035590171814,0.438750684261322,0.0582524873316288,0.9882161617279053,0.9994126558303833,0.5850983262062073,0.4214097857475281,0.12041990458965302,0.9919153451919556,0.9984437823295593,0.7026427984237671,0.40569639205932617,0.1699538379907608,0.9912883639335632,0.9923273921012878,0.5699474811553955,0.47572892904281616,0.1272689253091812,0.5175127983093262,0.9982669353485107,0.723425567150116,0.44304484128952026,0.2638149857521057,0.7556700706481934,0.9947841763496399,0.5753623247146606,0.5293425917625427,0.19980253279209137,0.4769402742385864,0.9950202703475952,0.7067577242851257,0.48914098739624023,0.33773690462112427,0.6390165686607361,0.9932395219802856,0.5773854851722717,0.5388913154602051,0.20589302480220795,0.4212903380393982,0.9924436211585999,0.7008436918258667,0.49782681465148926,0.3527268171310425,0.5902373194694519,0.9921042919158936,0.5783722400665283,0.5400806665420532,0.19040188193321228,0.41738325357437134,0.9921848177909851,0.7006765007972717,0.5001128911972046,0.34274280071258545,0.5832068920135498,0.9923686385154724,0.5763660669326782,0.5342123508453369,0.19788578152656555,0.4240055978298187,0.993587851524353,0.7006210088729858,0.4979786276817322,0.3347262144088745,0.5673390626907349,0.9924821257591248,0.5769626498222351,0.2965613901615143,0.009696455672383308,0.9959224462509155,0.999546229839325,0.6587690114974976,0.29083341360092163,-0.010143897496163845,0.9955153465270996,0.9995600581169128,0.5278417468070984,0.35658687353134155,-0.10277474671602249,0.6640607714653015,0.9991557598114014,0.7044075727462769,0.38140249252319336,0.013043764047324657,0.8227371573448181,0.9987977743148804,0.5372504591941833,0.39829811453819275,-0.06119104102253914,0.7293422222137451,0.9990479350090027,0.7117440700531006,0.47264352440834045,-0.047188546508550644,0.8167870044708252,0.9972612857818604,0.5390231013298035,0.40399137139320374,-0.05214713513851166,0.7822442054748535,0.9985760450363159,0.7076629996299744,0.48256152868270874,-0.057639122009277344,0.8260898590087891,0.9959319233894348,0.530744194984436,0.4046737253665924,-0.08127305656671524,0.7532269358634949,0.9976165294647217,0.6997674107551575,0.5037523508071899,-0.16338764131069183,0.8223240375518799,0.9959004521369934
118,4012,True,0.6913172602653503,0.44788938760757446,0.12883009016513824,0.9957004189491272,0.9999674558639526,0.6853677034378052,0.45112961530685425,0.16200217604637146,0.9949009418487549,0.9999538660049438,0.6793555617332458,0.4542580544948578,0.16189852356910706,0.9940409660339355,0.9999549388885498,0.6788382530212402,0.4547673165798187,0.1619826704263687,0.9955108761787415,0.9999505281448364,0.6940599083900452,0.45042237639427185,0.16503717005252838,0.9969882369041443,0.9999449253082275,0.6979796886444092,0.4483672082424164,0.1648668646812439,0.996388852596283,0.9999409914016724,0.7032737135887146,0.4474332332611084,0.16513597965240479,0.9965890645980835,0.9999265670776367,0.6673622131347656,0.44948163628578186,0.281841516494751,0.9941214919090271,0.9999328851699829,0.7035016417503357,0.43984442949295044,0.2999289929866791,0.9949626326560974,0.9998897314071655,0.6765112280845642,0.4421885907649994,0.1702524572610855,0.9891513586044312,0.9996634721755981,0.6915091276168823,0.4399563670158386,0.17508623003959656,0.9890753030776978,0.9994970560073853,0.5856484770774841,0.42260366678237915,0.272477924823761,0.9924047589302063,0.9989666938781738,0.711259126663208,0.40269938111305237,0.24752384424209595,0.9913126826286316,0.9966801404953003,0.5747901797294617,0.47749319672584534,0.26827573776245117,0.5395912528038025,0.9981597065925598,0.7300043702125549,0.4344627261161804,0.23617973923683167,0.7301658391952515,0.9934394955635071,0.5850809812545776,0.5236280560493469,0.34289583563804626,0.47225674986839294,0.9886761903762817,0.7064822316169739,0.48320403695106506,0.26593515276908875,0.5968208312988281,0.9860449433326721,0.5845603346824646,0.5312544703483582,0.3505840599536896,0.42008498311042786,0.9836323857307434,0.6994025111198425,0.49290284514427185,0.2566525638103485,0.5549125671386719,0.9861673712730408,0.588154137134552,0.5306223630905151,0.3408656120300293,0.41529905796051025,0.9836294054985046,0.6978229284286499,0.4954681992530823,0.27065813541412354,0.5484300255775452,0.9868783354759216,0.5865700840950012,0.5268123745918274,0.3393130302429199,0.421810507774353,0.9846034646034241,0.7002280950546265,0.49281078577041626,0.26972201466560364,0.5331333875656128,0.986562192440033,0.5744330883026123,0.311324805021286,0.013019357807934284,0.9957553744316101,0.9966202974319458,0.6638888120651245,0.30142709612846375,-0.01340611930936575,0.9953471422195435,0.997040331363678,0.5429158806800842,0.3933476507663727,-0.058575402945280075,0.6871663928031921,0.9975232481956482,0.687285840511322,0.41068950295448303,-0.018749887123703957,0.8318246603012085,0.9972513318061829,0.5499553084373474,0.44889992475509644,-0.04030192643404007,0.7443397045135498,0.9966402053833008,0.6854251623153687,0.4672722816467285,-0.10311690717935562,0.8261474370956421,0.9962292313575745,0.5579385757446289,0.45444226264953613,-0.039531297981739044,0.8018558025360107,0.9961563944816589,0.701703667640686,0.4716213345527649,-0.11641712486743927,0.8399221301078796,0.9963319897651672,0.5423623919487,0.4598708152770996,-0.09224677830934525,0.7681995630264282,0.9958139061927795,0.6611820459365845,0.48263996839523315,-0.1985631138086319,0.8323255181312561,0.9953308701515198
119,4046,True,0.6697990894317627,0.45097213983535767,-0.06398545205593109,0.9952527284622192,0.9908331036567688,0.6756271123886108,0.4540715217590332,-0.051413360983133316,0.99433434009552,0.9915770292282104,0.6739863157272339,0.45554623007774353,-0.05127311125397682,0.9935946464538574,0.9917784333229065,0.6774559617042542,0.45466893911361694,-0.051334720104932785,0.9949684143066406,0.9918631315231323,0.6794122457504272,0.4527308940887451,-0.08752430975437164,0.9967432022094727,0.9921190738677979,0.6801179051399231,0.45110422372817993,-0.08765309303998947,0.996182382106781,0.9926153421401978,0.6953566670417786,0.447479784488678,-0.08775470405817032,0.9963359236717224,0.9930217862129211,0.6687567234039307,0.44888463616371155,0.02357500046491623,0.9934377670288086,0.9923970103263855,0.6789282560348511,0.4437158703804016,-0.12164263427257538,0.9948329925537109,0.9930607080459595,0.6499019861221313,0.4472043514251709,-0.03118339367210865,0.9883793592453003,0.9888229370117188,0.6519944667816162,0.444770872592926,-0.07646264135837555,0.9881698489189148,0.9870564937591553,0.5742770433425903,0.43045610189437866,0.13056164979934692,0.9902398586273193,0.9848932027816772,0.6240857243537903,0.42335081100463867,-0.22226719558238983,0.9909276366233826,0.9904724359512329,0.5766156315803528,0.4651450216770172,0.14923031628131866,0.49394863843917847,0.9813451766967773,0.6012539267539978,0.4429559111595154,-0.25006094574928284,0.7043802738189697,0.9829878807067871,0.583125114440918,0.48674455285072327,0.2045125812292099,0.43566250801086426,0.9214255213737488,0.615790843963623,0.4786929488182068,-0.20672345161437988,0.57350093126297,0.9465801119804382,0.5842666029930115,0.49179062247276306,0.21929198503494263,0.39007139205932617,0.9097154140472412,0.6258127093315125,0.4857095181941986,-0.24494022130966187,0.5336498618125916,0.9445601105690002,0.5847848057746887,0.4907301962375641,0.178996279835701,0.38644859194755554,0.8950597047805786,0.6299756169319153,0.483354389667511,-0.2286015897989273,0.5275048017501831,0.9397082328796387,0.5829566717147827,0.4896647036075592,0.18761171400547028,0.39328068494796753,0.8986204266548157,0.6234450936317444,0.48125749826431274,-0.20179706811904907,0.5147299766540527,0.9417610168457031,0.514816403388977,0.303911030292511,0.09174662828445435,0.9933772087097168,0.9743056297302246,0.5444357395172119,0.3006526529788971,-0.09193415194749832,0.993931233882904,0.9867934584617615,0.5138924717903137,0.3855224549770355,0.13692475855350494,0.6424078941345215,0.9706079363822937,0.5961595177650452,0.3858557641506195,-0.05581752955913544,0.8325375914573669,0.9680895209312439,0.5485799312591553,0.4411085546016693,0.3037586808204651,0.7001317739486694,0.9736774563789368,0.5783970952033997,0.41489237546920776,0.03943374380469322,0.7961322069168091,0.9777937531471252,0.5484216809272766,0.4483092725276947,0.3217982053756714,0.7650814056396484,0.9689459800720215,0.5719608068466187,0.41706353425979614,0.03127463534474373,0.8169499039649963,0.9782049059867859,0.5646573901176453,0.46385297179222107,0.2927369475364685,0.7287225127220154,0.9706864356994629,0.5963549017906189,0.4313848614692688,-0.13393646478652954,0.8055006265640259,0.9724813103675842
120,4080,True,0.6713730096817017,0.45044779777526855,-0.028936348855495453,0.9955755472183228,0.9997414946556091,0.6807430386543274,0.4538439214229584,-0.016964655369520187,0.9947600960731506,0.9996694326400757,0.6757805347442627,0.4550951421260834,-0.017012355849146843,0.9941196441650391,0.9996720552444458,0.6767053604125977,0.45456546545028687,-0.017116999253630638,0.9953387975692749,0.9996634721755981,0.6860265135765076,0.4525168836116791,-0.01268808078020811,0.9969611763954163,0.9996347427368164,0.6870040893554688,0.45093798637390137,-0.012732147239148617,0.9964447021484375,0.9996083378791809,0.6944884657859802,0.4472264349460602,-0.012646694667637348,0.9965522289276123,0.999560534954071,0.6678946018218994,0.4491402506828308,0.04550958052277565,0.9938413500785828,0.9996127486228943,0.6883061528205872,0.4432299733161926,0.08168833702802658,0.9951733946800232,0.999455988407135,0.6546570658683777,0.4462018609046936,-0.004541847854852676,0.9890061020851135,0.9992079138755798,0.6598857045173645,0.44455331563949585,0.00235378067009151,0.9889296293258667,0.9990010857582092,0.5797385573387146,0.4369063377380371,0.08923839032649994,0.9909440875053406,0.998497724533081,0.6464139819145203,0.41490668058395386,0.06155248358845711,0.9907810091972351,0.9945987462997437,0.5739598870277405,0.48778605461120605,0.06532347202301025,0.5136950612068176,0.9988622665405273,0.6405501365661621,0.4314538538455963,0.06992117315530777,0.653866708278656,0.9947819113731384,0.5818765163421631,0.5143450498580933,0.1990797221660614,0.4457818567752838,0.9934629201889038,0.635838508605957,0.46717962622642517,0.07010741531848907,0.5381534695625305,0.9913747906684875,0.5841636061668396,0.5146161913871765,0.17930234968662262,0.3960191607475281,0.9870128035545349,0.6344729661941528,0.47286176681518555,0.052733197808265686,0.5025179386138916,0.9902529716491699,0.584750235080719,0.5155739188194275,0.12065556645393372,0.39211902022361755,0.9867847561836243,0.6348520517349243,0.47464433312416077,0.04703778028488159,0.49737459421157837,0.9901524186134338,0.5841260552406311,0.5131502747535706,0.14460664987564087,0.3975036144256592,0.9900263547897339,0.6344013214111328,0.4728471338748932,0.06440937519073486,0.4862681031227112,0.9912057518959045,0.5205008387565613,0.3161467909812927,0.0045454599894583225,0.9939435720443726,0.9994373917579651,0.5726504325866699,0.2995176911354065,-0.0048052240163087845,0.9944716095924377,0.9991886019706726,0.5127454400062561,0.38870957493782043,-0.07616910338401794,0.6537469625473022,0.9987995624542236,0.6079972386360168,0.3662378191947937,-0.13059979677200317,0.8310547471046448,0.9970683455467224,0.5551327466964722,0.45775777101516724,-0.02309771440923214,0.7010729908943176,0.9982234835624695,0.595241904258728,0.40190133452415466,-0.1474830061197281,0.7851614952087402,0.9984946250915527,0.557362973690033,0.46448278427124023,-0.018117576837539673,0.7654629349708557,0.997386634349823,0.5902360081672668,0.4004437029361725,-0.15126442909240723,0.807226836681366,0.9981297850608826,0.5722997188568115,0.4924093782901764,-0.10361764580011368,0.7297961711883545,0.9963183403015137,0.6021086573600769,0.4133513867855072,-0.24678713083267212,0.8024332523345947,0.9964545965194702
121,4114,True,0.6153828501701355,0.4653397500514984,-0.2061837762594223,0.9957213997840881,0.9951856732368469,0.6283644437789917,0.46609583497047424,-0.19776932895183563,0.9950419664382935,0.9957730174064636,0.6283968091011047,0.4660665988922119,-0.1978939026594162,0.9942805767059326,0.995415449142456,0.6299715042114258,0.46565380692481995,-0.19803670048713684,0.9955466389656067,0.9948278069496155,0.6283983588218689,0.4647669792175293,-0.2302689254283905,0.9971083998680115,0.9965992569923401,0.628419816493988,0.4634369909763336,-0.23050227761268616,0.9965870976448059,0.9969137907028198,0.6296387314796448,0.46187061071395874,-0.23068080842494965,0.9967519044876099,0.9970386028289795,0.6257224082946777,0.458712637424469,-0.12692739069461823,0.9942079782485962,0.9943974018096924,0.6267661452293396,0.4539722800254822,-0.2728895843029022,0.9954842925071716,0.9971197843551636,0.6027912497520447,0.4612017273902893,-0.1733277142047882,0.9896101951599121,0.9863110184669495,0.6025972366333008,0.45972949266433716,-0.215798020362854,0.9894753694534302,0.9889208078384399,0.5667092204093933,0.4406825602054596,-0.03368939459323883,0.990166962146759,0.9745864868164062,0.5800140500068665,0.4378635883331299,-0.3301815092563629,0.991221010684967,0.9909528493881226,0.57132488489151,0.503836989402771,0.04996198043227196,0.4882856607437134,0.9886866807937622,0.5934390425682068,0.4963259696960449,-0.3771160840988159,0.6840257048606873,0.9936826229095459,0.5929812788963318,0.5147719383239746,0.05641881003975868,0.42687952518463135,0.9727039933204651,0.6143835186958313,0.5121614933013916,-0.33969441056251526,0.5687050223350525,0.9847800731658936,0.6031448245048523,0.5160132050514221,0.031075119972229004,0.37976521253585815,0.9655512571334839,0.6304398775100708,0.5106620192527771,-0.3935514986515045,0.5279994606971741,0.9772989153862,0.6067482233047485,0.5150294899940491,-0.0028209066949784756,0.37725600600242615,0.9633148312568665,0.6295215487480164,0.5072604417800903,-0.38152796030044556,0.5228725075721741,0.9771803021430969,0.5997987389564514,0.5130916833877563,0.02925414964556694,0.383775532245636,0.9668197631835938,0.6257612109184265,0.5055983662605286,-0.3372378647327423,0.5109344720840454,0.9809632301330566,0.48011210560798645,0.3159103989601135,0.0807269811630249,0.9942675828933716,0.9965872764587402,0.4953221082687378,0.3090120553970337,-0.08029770106077194,0.9947807192802429,0.9978054165840149,0.46229562163352966,0.2911231517791748,0.3504195809364319,0.6099690794944763,0.9512237310409546,0.4692825675010681,0.2900966703891754,0.13127729296684265,0.8295189142227173,0.944976806640625,0.49467870593070984,0.2734296917915344,0.6695845127105713,0.6456000208854675,0.9517236948013306,0.50123530626297,0.27521640062332153,0.46709784865379333,0.7479825019836426,0.934667706489563,0.5042718052864075,0.2729451060295105,0.7039036154747009,0.714728057384491,0.95049649477005,0.5143336653709412,0.2752923369407654,0.5042029619216919,0.7731729745864868,0.948280394077301,0.49982765316963196,0.2628488540649414,0.7002980709075928,0.6804112195968628,0.9616673588752747,0.49018990993499756,0.26036137342453003,0.4955326020717621,0.7662922143936157,0.9614489078521729
122,4148,True,0.6176262497901917,0.47544065117836,-0.19823050498962402,0.9958803057670593,0.9961621761322021,0.6328532099723816,0.47201770544052124,-0.1831909567117691,0.9952525496482849,0.9970917701721191,0.6326612234115601,0.4717429578304291,-0.18328404426574707,0.9944933652877808,0.997138261795044,0.6328170895576477,0.4714275002479553,-0.1833910048007965,0.9957284927368164,0.9971098303794861,0.6332718133926392,0.47070011496543884,-0.22300736606121063,0.9971625804901123,0.9969871640205383,0.6335560083389282,0.4694650173187256,-0.22312259674072266,0.9966881275177002,0.9971390962600708,0.634451150894165,0.46824297308921814,-0.22322909533977509,0.9968473315238953,0.9971551895141602,0.6290279626846313,0.46458467841148376,-0.09226857125759125,0.9946125149726868,0.9971164464950562,0.6313188076019287,0.4602075219154358,-0.27041804790496826,0.9957215785980225,0.9969812035560608,0.608533501625061,0.4692130982875824,-0.15959802269935608,0.9901348948478699,0.9901712536811829,0.6089039444923401,0.46776366233825684,-0.21188759803771973,0.989950954914093,0.9903767704963684,0.5719157457351685,0.4463173747062683,0.024206116795539856,0.9903926849365234,0.9858070611953735,0.5916948318481445,0.4506130814552307,-0.35702094435691833,0.9917181134223938,0.9922724962234497,0.5692105889320374,0.5080841183662415,0.11991415917873383,0.46269142627716064,0.9883155822753906,0.5976131558418274,0.514323353767395,-0.4185626208782196,0.7132813334465027,0.9920135140419006,0.5915313959121704,0.5080243349075317,0.14112673699855804,0.3980707824230194,0.9600938558578491,0.613394558429718,0.5272712707519531,-0.2942485511302948,0.5960701107978821,0.9755789041519165,0.6018638610839844,0.5080700516700745,0.1476338505744934,0.3532405495643616,0.9579674005508423,0.6246213912963867,0.5305318832397461,-0.3359094560146332,0.5485600829124451,0.9672124981880188,0.6046538949012756,0.5044804811477661,0.1264365315437317,0.3512870967388153,0.9537613987922668,0.6235111355781555,0.5254557728767395,-0.31569209694862366,0.5430631637573242,0.9643757343292236,0.5994017720222473,0.5038973093032837,0.127553328871727,0.35892340540885925,0.9541659355163574,0.6200694441795349,0.521058976650238,-0.2866767644882202,0.5295434594154358,0.9694095253944397,0.5057997107505798,0.32631635665893555,0.13040947914123535,0.9946067929267883,0.9965561628341675,0.5222914218902588,0.32065659761428833,-0.12998801469802856,0.9950397610664368,0.9968575239181519,0.43022847175598145,0.30396732687950134,0.24318158626556396,0.5807211399078369,0.9787895083427429,0.4290010631084442,0.30841264128685,-0.11620859801769257,0.8411449790000916,0.9774721264839172,0.4903238117694855,0.2655095160007477,0.44493573904037476,0.6109845042228699,0.991081714630127,0.47637444734573364,0.25909683108329773,0.20613957941532135,0.7458403706550598,0.9863340258598328,0.5058431625366211,0.2615108788013458,0.4651457965373993,0.6815680861473083,0.9922163486480713,0.5060354471206665,0.2603148818016052,0.3020404577255249,0.7645283937454224,0.9899476170539856,0.4502655565738678,0.24211272597312927,0.48437297344207764,0.64841628074646,0.9876796007156372,0.4573216736316681,0.23896117508411407,0.23314225673675537,0.7596011161804199,0.9861134886741638
123,4182,True,0.6541692018508911,0.4718092978000641,-0.24712689220905304,0.996017336845398,0.9972319006919861,0.6608250737190247,0.4684816002845764,-0.22742581367492676,0.995404064655304,0.9976937174797058,0.6609835028648376,0.4690868854522705,-0.22745056450366974,0.9945736527442932,0.9978541731834412,0.6614214777946472,0.4699142873287201,-0.22746723890304565,0.9958581328392029,0.997899055480957,0.6612803339958191,0.467174768447876,-0.2675935626029968,0.9971515536308289,0.997107207775116,0.6604628562927246,0.46607261896133423,-0.26769354939460754,0.9966070055961609,0.9970864653587341,0.658569872379303,0.4642663896083832,-0.26781079173088074,0.996843159198761,0.9969310760498047,0.6456912159919739,0.4616716504096985,-0.11823977530002594,0.994775116443634,0.9978455305099487,0.6333246231079102,0.45743459463119507,-0.29876840114593506,0.9956802129745483,0.9954604506492615,0.6319562196731567,0.4700392186641693,-0.20483580231666565,0.9907044768333435,0.9944162368774414,0.6337370276451111,0.4676808714866638,-0.257874459028244,0.9902910590171814,0.9918991327285767,0.5726350545883179,0.45054325461387634,0.009335196577012539,0.9907000660896301,0.9946289658546448,0.5998552441596985,0.4493753910064697,-0.3680097758769989,0.9918463230133057,0.9878859519958496,0.5718123912811279,0.5087770819664001,0.1114942654967308,0.4414670765399933,0.9965704679489136,0.5956557393074036,0.5112651586532593,-0.45566970109939575,0.7400532364845276,0.9915801882743835,0.6033211946487427,0.5104372501373291,0.07564084976911545,0.38059496879577637,0.9819201827049255,0.6444432735443115,0.525420069694519,-0.4349134564399719,0.6279706954956055,0.9717654585838318,0.6203814744949341,0.5121549367904663,0.10533775389194489,0.337916761636734,0.980237603187561,0.6646261215209961,0.5288768410682678,-0.4848349690437317,0.5794100165367126,0.9725751876831055,0.6219832897186279,0.509372353553772,0.07782183587551117,0.3365773558616638,0.9793497920036316,0.6656503081321716,0.5239617824554443,-0.4722850024700165,0.5732920169830322,0.9725114107131958,0.6145553588867188,0.5064955949783325,0.06076725199818611,0.3454722762107849,0.9794273376464844,0.6569293141365051,0.521782398223877,-0.43162819743156433,0.5573895573616028,0.9727014899253845,0.5122756361961365,0.34079450368881226,0.13266368210315704,0.9949959516525269,0.997683048248291,0.5311754941940308,0.331439733505249,-0.1322481334209442,0.9953118562698364,0.9971581697463989,0.42022502422332764,0.31038159132003784,0.18649429082870483,0.5772373080253601,0.9940762519836426,0.45156407356262207,0.2906748652458191,-0.2012818455696106,0.8562992215156555,0.9897061586380005,0.4430310130119324,0.26458030939102173,0.37814393639564514,0.6049654483795166,0.9981105327606201,0.4420594573020935,0.25524982810020447,0.09057877957820892,0.7594619393348694,0.9970340728759766,0.4724053740501404,0.2625618875026703,0.39712366461753845,0.672845184803009,0.9982665181159973,0.4643351137638092,0.2574836015701294,0.13845159113407135,0.7718411684036255,0.9977418184280396,0.41952040791511536,0.2505347430706024,0.3784947693347931,0.6440368890762329,0.9967271089553833,0.42003288865089417,0.23365560173988342,0.18782435357570648,0.7690784931182861,0.9966996312141418
124,4216,True,0.6538885235786438,0.46880412101745605,-0.22327685356140137,0.9961700439453125,0.9972537159919739,0.6690009832382202,0.4673635959625244,-0.20414765179157257,0.9955815672874451,0.9977566599845886,0.6692222356796265,0.46656695008277893,-0.20421263575553894,0.9946876764297485,0.9979669451713562,0.6695342659950256,0.4662350118160248,-0.20430420339107513,0.9960126280784607,0.9981251358985901,0.6695844531059265,0.46422258019447327,-0.2425151765346527,0.9972041249275208,0.996967613697052,0.6691383123397827,0.46287456154823303,-0.24262888729572296,0.9965906143188477,0.9968124032020569,0.6675883531570435,0.4622531533241272,-0.24270087480545044,0.9968684911727905,0.9966505169868469,0.6482422947883606,0.46090859174728394,-0.09981134533882141,0.9950528144836426,0.9983980059623718,0.6399886012077332,0.4557572305202484,-0.27317988872528076,0.995782196521759,0.9948326349258423,0.6332454085350037,0.4671008586883545,-0.18171221017837524,0.9914143085479736,0.9962544441223145,0.634033739566803,0.464641273021698,-0.23225799202919006,0.9908566474914551,0.9929433465003967,0.5748580694198608,0.44839829206466675,0.009102919138967991,0.9911794662475586,0.9961047172546387,0.5968305468559265,0.44592127203941345,-0.3581828773021698,0.9914620518684387,0.9703253507614136,0.5726947784423828,0.5053392648696899,0.05614723265171051,0.42674851417541504,0.9955582618713379,0.5835241675376892,0.5067983865737915,-0.47886985540390015,0.7637175917625427,0.983345091342926,0.6020785570144653,0.5158852934837341,-0.04205626994371414,0.3842785060405731,0.9711336493492126,0.6213904023170471,0.532961905002594,-0.503910481929779,0.6564115881919861,0.9512051939964294,0.6165587306022644,0.5181378722190857,-0.04486805573105812,0.34773293137550354,0.9647735953330994,0.6388798952102661,0.5391107797622681,-0.569494903087616,0.6074706315994263,0.9523455500602722,0.617102861404419,0.5174376368522644,-0.07914793491363525,0.34714072942733765,0.9608827233314514,0.6404228806495667,0.5352280139923096,-0.5502594113349915,0.6008577942848206,0.9514061808586121,0.611883819103241,0.5158506631851196,-0.06050177663564682,0.3561351001262665,0.9614564180374146,0.6349688172340393,0.5310086011886597,-0.5006603002548218,0.5834475159645081,0.9511213898658752,0.5106879472732544,0.34424012899398804,0.12716823816299438,0.995441734790802,0.9964889287948608,0.5260292291641235,0.33476534485816956,-0.12682472169399261,0.9956046938896179,0.9832819104194641,0.39893433451652527,0.3407248556613922,0.08472943305969238,0.5978178381919861,0.9909003973007202,0.45540738105773926,0.28778550028800964,-0.23289865255355835,0.8698961138725281,0.9598624110221863,0.39858970046043396,0.2829240560531616,0.28452473878860474,0.6106317043304443,0.9931934475898743,0.4543246030807495,0.28015023469924927,0.12725196778774261,0.7576816082000732,0.9884806871414185,0.4137422442436218,0.27348724007606506,0.30720943212509155,0.6728496551513672,0.9930532574653625,0.4633113443851471,0.2838182747364044,0.18785451352596283,0.7696145176887512,0.9919722080230713,0.3541114032268524,0.27072805166244507,0.27606862783432007,0.6450947523117065,0.9876322746276855,0.43057501316070557,0.2681185305118561,0.23512227833271027,0.7611995935440063,0.9914736747741699
125,4250,True,0.6398777365684509,0.4684654772281647,-0.20394012331962585,0.9964466691017151,0.9993703961372375,0.6505195498466492,0.4662276804447174,-0.18497703969478607,0.9959099888801575,0.9995276927947998,0.651182234287262,0.4656713008880615,-0.18506692349910736,0.9950686693191528,0.9995749592781067,0.6523106694221497,0.46536460518836975,-0.18517950177192688,0.9962989687919617,0.9996150732040405,0.6495148539543152,0.46404901146888733,-0.22243934869766235,0.9973868727684021,0.999334990978241,0.648668646812439,0.4627261161804199,-0.22258061170578003,0.9968095421791077,0.9992864727973938,0.647733211517334,0.46170830726623535,-0.22264550626277924,0.9970496296882629,0.9992448091506958,0.6393573880195618,0.4596346914768219,-0.08495216816663742,0.9954892992973328,0.9997144341468811,0.6347137689590454,0.45451730489730835,-0.2553613781929016,0.9961307048797607,0.9989650249481201,0.6245787739753723,0.46634799242019653,-0.16366101801395416,0.9921899437904358,0.9992567896842957,0.623048722743988,0.4644607901573181,-0.21331803500652313,0.9916252493858337,0.9985529780387878,0.5759599804878235,0.44825220108032227,0.01928146742284298,0.9919524788856506,0.9992233514785767,0.5949209928512573,0.4465602934360504,-0.3496679663658142,0.9919675588607788,0.9945291876792908,0.5683587193489075,0.5049035549163818,0.05623944476246834,0.4085943102836609,0.9987316727638245,0.5892877578735352,0.505343496799469,-0.4611303210258484,0.7865098118782043,0.9961189031600952,0.598988950252533,0.5182479023933411,-0.03947955742478371,0.37674158811569214,0.9903116226196289,0.6045477390289307,0.5346130132675171,-0.4451802670955658,0.6847518682479858,0.9864833950996399,0.6003071069717407,0.5190356969833374,-0.0447920598089695,0.3456053137779236,0.9875590205192566,0.6155847311019897,0.540159285068512,-0.5036251544952393,0.6350727081298828,0.9847684502601624,0.6056172847747803,0.5186386704444885,-0.07576955854892731,0.3452364504337311,0.9859809875488281,0.617529571056366,0.5382878184318542,-0.48036715388298035,0.6278904676437378,0.9835109710693359,0.6001223921775818,0.5173968076705933,-0.057271189987659454,0.3550889492034912,0.9866662621498108,0.6153466701507568,0.5371291041374207,-0.43865153193473816,0.6092900633811951,0.9848661422729492,0.5016596913337708,0.34574055671691895,0.12521642446517944,0.9958941340446472,0.9996926784515381,0.5226386189460754,0.3360055088996887,-0.1249101310968399,0.996025562286377,0.9977583885192871,0.3936803936958313,0.35853809118270874,0.07238936424255371,0.6330550312995911,0.9975425004959106,0.48295092582702637,0.2697252631187439,-0.20845673978328705,0.8826629519462585,0.9900323152542114,0.3752307593822479,0.29095515608787537,0.24183650314807892,0.638535737991333,0.997334897518158,0.48985618352890015,0.286808043718338,0.16585730016231537,0.7711332440376282,0.9946247935295105,0.3863259553909302,0.2797296643257141,0.25952303409576416,0.6946715116500854,0.9973363280296326,0.49915894865989685,0.2913200557231903,0.21801917254924774,0.7833502888679504,0.9964141845703125,0.3292587995529175,0.2785790264606476,0.22449249029159546,0.6665676832199097,0.9947270750999451,0.4701109528541565,0.28186601400375366,0.2593116760253906,0.7689570188522339,0.9962319731712341
