frame,timestamp_ms,pose_detected,lm_0_x,lm_0_y,lm_0_z,lm_0_visibility,lm_0_presence,lm_1_x,lm_1_y,lm_1_z,lm_1_visibility,lm_1_presence,lm_2_x,lm_2_y,lm_2_z,lm_2_visibility,lm_2_presence,lm_3_x,lm_3_y,lm_3_z,lm_3_visibility,lm_3_presence,lm_4_x,lm_4_y,lm_4_z,lm_4_visibility,lm_4_presence,lm_5_x,lm_5_y,lm_5_z,lm_5_visibility,lm_5_presence,lm_6_x,lm_6_y,lm_6_z,lm_6_visibility,lm_6_presence,lm_7_x,lm_7_y,lm_7_z,lm_7_visibility,lm_7_presence,lm_8_x,lm_8_y,lm_8_z,lm_8_visibility,lm_8_presence,lm_9_x,lm_9_y,lm_9_z,lm_9_visibility,lm_9_presence,lm_10_x,lm_10_y,lm_10_z,lm_10_visibility,lm_10_presence,lm_11_x,lm_11_y,lm_11_z,lm_11_visibility,lm_11_presence,lm_12_x,lm_12_y,lm_12_z,lm_12_visibility,lm_12_presence,lm_13_x,lm_13_y,lm_13_z,lm_13_visibility,lm_13_presence,lm_14_x,lm_14_y,lm_14_z,lm_14_visibility,lm_14_presence,lm_15_x,lm_15_y,lm_15_z,lm_15_visibility,lm_15_presence,lm_16_x,lm_16_y,lm_16_z,lm_16_visibility,lm_16_presence,lm_17_x,lm_17_y,lm_17_z,lm_17_visibility,lm_17_presence,lm_18_x,lm_18_y,lm_18_z,lm_18_visibility,lm_18_presence,lm_19_x,lm_19_y,lm_19_z,lm_19_visibility,lm_19_presence,lm_20_x,lm_20_y,lm_20_z,lm_20_visibility,lm_20_presence,lm_21_x,lm_21_y,lm_21_z,lm_21_visibility,lm_21_presence,lm_22_x,lm_22_y,lm_22_z,lm_22_visibility,lm_22_presence,lm_23_x,lm_23_y,lm_23_z,lm_23_visibility,lm_23_presence,lm_24_x,lm_24_y,lm_24_z,lm_24_visibility,lm_24_presence,lm_25_x,lm_25_y,lm_25_z,lm_25_visibility,lm_25_presence,lm_26_x,lm_26_y,lm_26_z,lm_26_visibility,lm_26_presence,lm_27_x,lm_27_y,lm_27_z,lm_27_visibility,lm_27_presence,lm_28_x,lm_28_y,lm_28_z,lm_28_visibility,lm_28_presence,lm_29_x,lm_29_y,lm_29_z,lm_29_visibility,lm_29_presence,lm_30_x,lm_30_y,lm_30_z,lm_30_visibility,lm_30_presence,lm_31_x,lm_31_y,lm_31_z,lm_31_visibility,lm_31_presence,lm_32_x,lm_32_y,lm_32_z,lm_32_visibility,lm_32_presence
0,0,True,0.5484877228736877,0.2936590313911438,0.6088992357254028,0.9954779744148254,0.9999946355819702,0.5462982058525085,0.28853410482406616,0.5858953595161438,0.996557354927063,0.9999927282333374,0.5444082617759705,0.288180410861969,0.5858874917030334,0.996086597442627,0.9999929666519165,0.540611743927002,0.287777304649353,0.5860159993171692,0.9963089823722839,0.9999932050704956,0.5522251725196838,0.28835853934288025,0.5846561789512634,0.9960907101631165,0.9999885559082031,0.5543832778930664,0.28796064853668213,0.584495484828949,0.995690643787384,0.9999865293502808,0.5567658543586731,0.2875453233718872,0.5845580697059631,0.9956507086753845,0.999983549118042,0.5383882522583008,0.28862234950065613,0.47700899839401245,0.9948850274085999,0.9999898672103882,0.5603734850883484,0.28956669569015503,0.46892258524894714,0.9958613514900208,0.9999706745147705,0.5458641648292542,0.29843583703041077,0.5723076462745667,0.9894040822982788,0.999982476234436,0.5522000193595886,0.2977295517921448,0.5707738995552063,0.9904894828796387,0.9999765157699585,0.4846170246601105,0.3143326938152313,0.3771670162677765,0.9997487664222717,0.9998798370361328,0.6141975522041321,0.31351566314697266,0.3099585771560669,0.9986427426338196,0.9994189739227295,0.4038078784942627,0.32533174753189087,0.4059674143791199,0.9812317490577698,0.9998615980148315,0.6913635730743408,0.31319940090179443,0.2726573944091797,0.9619764685630798,0.9994069337844849,0.3856666684150696,0.31252729892730713,0.49087104201316833,0.9197549223899841,0.9996428489685059,0.7422307133674622,0.30016762018203735,0.35512015223503113,0.8467779159545898,0.9991851449012756,0.37285977602005005,0.30836600065231323,0.5036205053329468,0.8827950358390808,0.9994346499443054,0.7552046775817871,0.29414188861846924,0.35611405968666077,0.7951617240905762,0.9989928603172302,0.3865296542644501,0.30607736110687256,0.4996098279953003,0.8711172342300415,0.9993476271629333,0.7464155554771423,0.2922549843788147,0.3699812889099121,0.7779157161712646,0.9989317059516907,0.3935685157775879,0.3074357807636261,0.49467992782592773,0.8304855227470398,0.9994983673095703,0.741369366645813,0.2976689636707306,0.3628142774105072,0.7153684496879578,0.9990676045417786,0.5060199499130249,0.41519665718078613,0.0038115859497338533,0.9994906187057495,0.9998468160629272,0.5778465867042542,0.4160536825656891,-0.004221820272505283,0.9992226362228394,0.9996588230133057,0.4886470437049866,0.5031783580780029,-0.019480448216199875,0.970518171787262,0.9996868371963501,0.5587059259414673,0.5070319175720215,-1.8358881789026782e-05,0.913998544216156,0.9995729327201843,0.4786580801010132,0.6022466421127319,-0.1520874947309494,0.9718100428581238,0.9998561143875122,0.5360239148139954,0.602953314781189,-0.15099883079528809,0.9481112957000732,0.9996793270111084,0.475932776927948,0.611101508140564,-0.16930173337459564,0.9841898083686829,0.9997586607933044,0.527591347694397,0.6150360703468323,-0.1730160415172577,0.9569157958030701,0.9995176792144775,0.46324682235717773,0.6132274866104126,-0.24341674149036407,0.9281412363052368,0.9996151924133301,0.5580939650535583,0.6216298341751099,-0.2564319670200348,0.8868104815483093,0.9992833733558655
1,34,True,0.5467198491096497,0.2928796708583832,0.6519736647605896,0.9959151744842529,0.9999985694885254,0.5425052642822266,0.2877768576145172,0.6107932329177856,0.9968926906585693,0.9999982118606567,0.538112998008728,0.2873672544956207,0.610771894454956,0.9964691400527954,0.9999982118606567,0.5338817238807678,0.28691306710243225,0.6109528541564941,0.9966686964035034,0.9999982118606567,0.552188515663147,0.2878662347793579,0.6149724721908569,0.9964714050292969,0.9999973773956299,0.5545650720596313,0.2875801622867584,0.6147944331169128,0.9961109757423401,0.9999970197677612,0.5574629306793213,0.28723156452178955,0.6148635149002075,0.9960739612579346,0.999996542930603,0.5304713845252991,0.2881971001625061,0.4605239927768707,0.9953885078430176,0.9999978542327881,0.561313271522522,0.2891336679458618,0.4694828987121582,0.9962659478187561,0.9999957084655762,0.5405505895614624,0.2973703444004059,0.5971994996070862,0.9904337525367737,0.9999954700469971,0.5521059632301331,0.2970130443572998,0.6029524207115173,0.9914100766181946,0.9999945163726807,0.48143908381462097,0.3148568570613861,0.3092222213745117,0.9997584819793701,0.9998879432678223,0.6142132878303528,0.31369906663894653,0.31028085947036743,0.9987616539001465,0.9998264908790588,0.3966846764087677,0.325952410697937,0.4056556820869446,0.9789419174194336,0.9998329877853394,0.691394031047821,0.3160772919654846,0.4167480766773224,0.9622575044631958,0.9998103976249695,0.40402233600616455,0.315877765417099,0.6524137854576111,0.8574041724205017,0.999870777130127,0.7011495232582092,0.3050260841846466,0.6980491280555725,0.7949302196502686,0.9998002648353577,0.3983232378959656,0.30997636914253235,0.6991965770721436,0.8174260854721069,0.9998553991317749,0.708274781703949,0.3028428554534912,0.7422007322311401,0.743838906288147,0.999777615070343,0.4081575274467468,0.3104013502597809,0.6931024193763733,0.8057056069374084,0.9998613595962524,0.6936918497085571,0.30053067207336426,0.7421331405639648,0.7270113229751587,0.999788224697113,0.41125166416168213,0.3111567795276642,0.6609142422676086,0.7681663632392883,0.9998751878738403,0.6872660517692566,0.3024154603481293,0.7054304480552673,0.6672410368919373,0.9998067021369934,0.5022666454315186,0.41503041982650757,0.003990205004811287,0.9995277523994446,0.99988853931427,0.5780913829803467,0.4160652160644531,-0.004351964686065912,0.9992954134941101,0.9998811483383179,0.4886389970779419,0.5040098428726196,0.0019101198995485902,0.9730437397956848,0.9998524188995361,0.5619320273399353,0.5079883337020874,0.026968060061335564,0.9224703907966614,0.9998623132705688,0.4784609079360962,0.6025295853614807,-0.15200410783290863,0.9739575982093811,0.9997708201408386,0.5377209782600403,0.6041858792304993,-0.15871590375900269,0.9530630111694336,0.999705970287323,0.4780803620815277,0.6137567162513733,-0.16848425567150116,0.9854154586791992,0.999686598777771,0.5288845896720886,0.6169857978820801,-0.17880643904209137,0.9610003232955933,0.9995244741439819,0.4721953868865967,0.6170272827148438,-0.17067661881446838,0.9241309762001038,0.999669075012207,0.5557282567024231,0.6252533197402954,-0.20774073898792267,0.8906340599060059,0.9994274377822876
2,68,True,0.5467406511306763,0.2938711643218994,0.6575468182563782,0.9963135719299316,0.9999979734420776,0.5423800945281982,0.28920629620552063,0.6110748052597046,0.9971967339515686,0.9999972581863403,0.5378456711769104,0.2886922359466553,0.6110509634017944,0.9968163371086121,0.9999971389770508,0.5332667827606201,0.288051575422287,0.61125648021698,0.99699467420578,0.9999972581863403,0.5527116656303406,0.2882704734802246,0.6159425973892212,0.9968174695968628,0.999996542930603,0.5557177066802979,0.2879331707954407,0.6157651543617249,0.996493399143219,0.9999961853027344,0.5592485070228577,0.28751176595687866,0.6157976984977722,0.9964593052864075,0.9999958276748657,0.5278444290161133,0.2897116541862488,0.4352276623249054,0.9958434700965881,0.9999967813491821,0.5627566576004028,0.289829283952713,0.457098126411438,0.9966340661048889,0.9999953508377075,0.5401210188865662,0.2989838719367981,0.5978375673294067,0.991371750831604,0.9999947547912598,0.5523672103881836,0.2984844446182251,0.6047096848487854,0.9922528266906738,0.9999947547912598,0.47799962759017944,0.3162098228931427,0.24981442093849182,0.9997692704200745,0.9998831748962402,0.6157680749893188,0.31514137983322144,0.3030247986316681,0.9988735914230347,0.9998633861541748,0.38966983556747437,0.3322504162788391,0.3712288439273834,0.9769516587257385,0.9998326301574707,0.6970319151878357,0.3261990249156952,0.4527714252471924,0.9615076184272766,0.9997950196266174,0.4045123755931854,0.32587283849716187,0.670756995677948,0.7864764332771301,0.9999105930328369,0.6735950708389282,0.33332014083862305,0.7914258241653442,0.7307218313217163,0.9998186230659485,0.4014837145805359,0.3200463354587555,0.7223653197288513,0.7462282180786133,0.9999079704284668,0.6744319200515747,0.3310014605522156,0.8463514447212219,0.6828432083129883,0.999815046787262,0.4141566753387451,0.3208736777305603,0.717108428478241,0.7350964546203613,0.9999188184738159,0.6597569584846497,0.32935383915901184,0.8364802598953247,0.6672898530960083,0.9998375177383423,0.41577619314193726,0.3212597072124481,0.6809931397438049,0.7014586329460144,0.9999220371246338,0.6562920808792114,0.32903021574020386,0.7960929274559021,0.6120195984840393,0.9998428821563721,0.5003343820571899,0.41660088300704956,-0.0016089731361716986,0.999569833278656,0.9999405145645142,0.578208863735199,0.4179919362068176,0.0014694792916998267,0.9993643164634705,0.9999417066574097,0.48672205209732056,0.5073009729385376,0.013935182243585587,0.9756551384925842,0.9999202489852905,0.5629516839981079,0.5097320675849915,0.0727301761507988,0.9301882982254028,0.9999150037765503,0.47677579522132874,0.6029449105262756,-0.13572385907173157,0.976378321647644,0.9998581409454346,0.5390932559967041,0.6051855683326721,-0.11408586800098419,0.9576765894889832,0.999822199344635,0.4771386384963989,0.6164953112602234,-0.14774636924266815,0.9867641925811768,0.9998284578323364,0.533466100692749,0.6195218563079834,-0.13148701190948486,0.9648234248161316,0.9997262358665466,0.4731296896934509,0.6168431043624878,-0.1201876550912857,0.924834132194519,0.9998257756233215,0.5532599687576294,0.6253648400306702,-0.13320456445217133,0.8954974412918091,0.9997056126594543
3,102,True,0.5463574528694153,0.29628488421440125,0.671542763710022,0.9966767430305481,0.9999992847442627,0.5412446856498718,0.2907944917678833,0.6258009076118469,0.9974730610847473,0.999998927116394,0.536354124546051,0.2902527451515198,0.6257716417312622,0.9971311688423157,0.999998927116394,0.5312290787696838,0.2895265221595764,0.6260005235671997,0.9972910284996033,0.999998927116394,0.552710235118866,0.2902098298072815,0.6308383941650391,0.9971316456794739,0.9999986886978149,0.5558428168296814,0.2897374927997589,0.6306459903717041,0.9968401193618774,0.9999985694885254,0.5596576929092407,0.28917670249938965,0.630683422088623,0.9968089461326599,0.9999984502792358,0.52543044090271,0.29165536165237427,0.4447357952594757,0.9962551593780518,0.9999986886978149,0.5632500648498535,0.2913554906845093,0.46267783641815186,0.9969669580459595,0.9999982118606567,0.5388238430023193,0.30112695693969727,0.6102317571640015,0.9922235012054443,0.9999979734420776,0.5524123311042786,0.3005062937736511,0.6172254085540771,0.9930172562599182,0.9999979734420776,0.47569116950035095,0.32043763995170593,0.2663533389568329,0.9997841715812683,0.9999263286590576,0.6157547831535339,0.31867650151252747,0.30662474036216736,0.998979389667511,0.9999392032623291,0.388170450925827,0.3511078953742981,0.37800952792167664,0.9730883836746216,0.9998661279678345,0.6898227334022522,0.34574371576309204,0.43479761481285095,0.962037205696106,0.9999027252197266,0.40435338020324707,0.34442952275276184,0.7255670428276062,0.7192962169647217,0.9999332427978516,0.6718489527702332,0.343722403049469,0.7323146462440491,0.6779778003692627,0.9999023675918579,0.4061354696750641,0.3449936807155609,0.7805039286613464,0.6800084710121155,0.9999345541000366,0.6748144626617432,0.34228649735450745,0.782763659954071,0.6316258907318115,0.9998931884765625,0.4205038249492645,0.3432054817676544,0.7747672200202942,0.6694781184196472,0.9999423027038574,0.6609652042388916,0.3407306373119354,0.7764643430709839,0.6169302463531494,0.9999053478240967,0.4183793067932129,0.3402346968650818,0.7360659241676331,0.6393186450004578,0.9999449253082275,0.6570364236831665,0.34049874544143677,0.7371969223022461,0.565075159072876,0.9999121427536011,0.49938058853149414,0.4207473695278168,-0.004592223558574915,0.9996088743209839,0.9999617338180542,0.5784984827041626,0.421591579914093,0.004563339985907078,0.9994267821311951,0.9999704360961914,0.4865041971206665,0.5086928606033325,0.010404348373413086,0.9780054092407227,0.9999547004699707,0.5629580616950989,0.5112069845199585,0.06455697864294052,0.9371331334114075,0.999962329864502,0.47549545764923096,0.6042833924293518,-0.1369648575782776,0.9785562753677368,0.9999239444732666,0.5405169725418091,0.6061545610427856,-0.11501079052686691,0.9618287682533264,0.9999122619628906,0.4770212471485138,0.6173682808876038,-0.14992205798625946,0.987977147102356,0.9999048709869385,0.5342479348182678,0.6206935048103333,-0.13247762620449066,0.9682679176330566,0.9998598098754883,0.4726473391056061,0.6175430417060852,-0.13336025178432465,0.9261945486068726,0.9998998641967773,0.5517772436141968,0.6265145540237427,-0.138604074716568,0.900801420211792,0.9998419284820557
4,136,True,0.5458106398582458,0.29942065477371216,0.562620997428894,0.9969804286956787,0.999997615814209,0.5401760339736938,0.29383277893066406,0.519699215888977,0.9977045655250549,0.9999967813491821,0.5350375771522522,0.2933429181575775,0.5196662545204163,0.9973981380462646,0.9999967813491821,0.5298033356666565,0.2927452325820923,0.5198596715927124,0.9975379109382629,0.9999967813491821,0.5526321530342102,0.2937636077404022,0.5271520614624023,0.9973956346511841,0.9999957084655762,0.5558441877365112,0.2934114336967468,0.5269837379455566,0.9971339702606201,0.9999953508377075,0.5597296953201294,0.29298511147499084,0.5269718170166016,0.9971032738685608,0.9999949932098389,0.5239738821983337,0.29493820667266846,0.36108458042144775,0.9966022968292236,0.999996542930603,0.5633676052093506,0.29488301277160645,0.3910599946975708,0.9972469210624695,0.9999945163726807,0.5373806953430176,0.304122656583786,0.5094460844993591,0.9929502606391907,0.999995231628418,0.5523772835731506,0.3037481904029846,0.5198685526847839,0.9936712980270386,0.9999946355819702,0.47450053691864014,0.3259478211402893,0.21513816714286804,0.9998023509979248,0.999964714050293,0.6157522201538086,0.32589107751846313,0.25872084498405457,0.9990744590759277,0.9999572038650513,0.40047332644462585,0.3717053532600403,0.30533838272094727,0.9725891351699829,0.9998687505722046,0.6727806329727173,0.37456390261650085,0.41822686791419983,0.9607985019683838,0.9998757839202881,0.40433469414711,0.3867800831794739,0.5271779298782349,0.6889974474906921,0.9998061060905457,0.6681737899780273,0.39282721281051636,0.6065754890441895,0.6504844427108765,0.9998413324356079,0.40183356404304504,0.3919849395751953,0.5663840174674988,0.6416921615600586,0.9997665286064148,0.671714723110199,0.3974631726741791,0.6373385787010193,0.6020841598510742,0.9998130202293396,0.4183901846408844,0.3902609944343567,0.5572701096534729,0.630698025226593,0.999771773815155,0.659141480922699,0.39614158868789673,0.6386227607727051,0.5873327851295471,0.9998202919960022,0.417289137840271,0.3884391188621521,0.5347744226455688,0.6017529964447021,0.9997945427894592,0.6565759181976318,0.3946714997291565,0.612896203994751,0.5371875762939453,0.9998286962509155,0.4987594485282898,0.43078169226646423,-0.011314860545098782,0.999642550945282,0.9999653100967407,0.5777804255485535,0.43066269159317017,0.011069461703300476,0.9994800686836243,0.9999653100967407,0.4842982292175293,0.5154407620429993,0.02295192889869213,0.979690670967102,0.9998770952224731,0.5583204627037048,0.5163096189498901,0.09350715577602386,0.9430966973304749,0.9998821020126343,0.47182193398475647,0.6074588894844055,-0.0964134931564331,0.9801629781723022,0.9998867511749268,0.5405671000480652,0.6076377630233765,-0.03822901099920273,0.9652999639511108,0.9998621940612793,0.47592225670814514,0.6195406317710876,-0.10694510489702225,0.988750159740448,0.9998605251312256,0.5363481044769287,0.6221309900283813,-0.05156620964407921,0.9711230993270874,0.9998031258583069,0.45080694556236267,0.6216546297073364,-0.12847205996513367,0.9234161376953125,0.9998549222946167,0.5479616522789001,0.6272997856140137,-0.08419372886419296,0.9030588865280151,0.9997958540916443
5,170,True,0.5424926280975342,0.3037042021751404,0.5782331824302673,0.997263491153717,0.9999996423721313,0.5359496474266052,0.2982195317745209,0.5505988597869873,0.9979057908058167,0.9999995231628418,0.5309702754020691,0.29775142669677734,0.5507348775863647,0.9976288676261902,0.9999995231628418,0.5260750651359558,0.2972584068775177,0.5511549711227417,0.997750997543335,0.9999995231628418,0.5504951477050781,0.29859286546707153,0.5505094528198242,0.99762362241745,0.9999992847442627,0.5546973347663879,0.29840725660324097,0.5503374934196472,0.9973854422569275,0.9999991655349731,0.5589719414710999,0.2981915771961212,0.5504563450813293,0.9973532557487488,0.9999990463256836,0.520794153213501,0.30027198791503906,0.4317196011543274,0.9968880414962769,0.9999992847442627,0.562867283821106,0.30084699392318726,0.43640848994255066,0.9974797368049622,0.9999984502792358,0.5329713225364685,0.3087612986564636,0.5211818814277649,0.9936153292655945,0.9999990463256836,0.5497919917106628,0.30898356437683105,0.5367700457572937,0.9942597150802612,0.9999986886978149,0.46852511167526245,0.3328680992126465,0.2967826724052429,0.9998193979263306,0.999992847442627,0.6148598194122314,0.33600902557373047,0.2658977806568146,0.9991629123687744,0.9999849796295166,0.42015790939331055,0.38181838393211365,0.28253376483917236,0.9727708101272583,0.9999747276306152,0.6447644233703613,0.3863494098186493,0.27855247259140015,0.9614657163619995,0.9999607801437378,0.4042118787765503,0.4257816672325134,0.31845539808273315,0.7047753930091858,0.9999363422393799,0.6526027917861938,0.43315252661705017,0.3478926718235016,0.6640709042549133,0.9999216794967651,0.39928656816482544,0.43560534715652466,0.3169163465499878,0.6531708836555481,0.9998867511749268,0.657288670539856,0.44673505425453186,0.3462491035461426,0.6097298860549927,0.999872088432312,0.4174441993236542,0.4353160262107849,0.3138088583946228,0.6416178345680237,0.9998928308486938,0.6498773097991943,0.44592636823654175,0.3466570973396301,0.5942046642303467,0.999881386756897,0.41662073135375977,0.4328402578830719,0.31950441002845764,0.611160933971405,0.9999203681945801,0.6445813775062561,0.44213786721229553,0.3489327132701874,0.5438529253005981,0.999906063079834,0.49500492215156555,0.43756216764450073,0.0053109657019376755,0.9996737241744995,0.9999829530715942,0.5744282007217407,0.43781036138534546,-0.005439477507025003,0.9995278120040894,0.999985933303833,0.48460206389427185,0.5196484923362732,0.01729149930179119,0.979182243347168,0.9999260902404785,0.5535304546356201,0.5206708908081055,0.004292777739465237,0.9474319219589233,0.9999419450759888,0.46969112753868103,0.6090482473373413,-0.10742797702550888,0.9795400500297546,0.9999181032180786,0.5393711924552917,0.608961284160614,-0.10249381512403488,0.9668947458267212,0.9998910427093506,0.4744551479816437,0.6223207116127014,-0.12341102212667465,0.988211989402771,0.9998608827590942,0.5345948338508606,0.6234067678451538,-0.1221223697066307,0.9729019999504089,0.9998107552528381,0.45871102809906006,0.6230177879333496,-0.16738244891166687,0.9174604415893555,0.9998193383216858,0.5447325110435486,0.627572238445282,-0.1920832097530365,0.9018940925598145,0.9997623562812805
6,204,True,0.5392091274261475,0.3052312731742859,0.00844182725995779,0.9973938465118408,0.9999328851699829,0.5335416197776794,0.29953888058662415,-0.022840863093733788,0.997864305973053,0.9998871088027954,0.5293247103691101,0.2991272509098053,-0.02285987325012684,0.9975945353507996,0.9998793601989746,0.5249127149581909,0.2986814081668854,-0.02278519794344902,0.997697114944458,0.9998708963394165,0.5474246144294739,0.3000389635562897,-0.020875586196780205,0.9975860118865967,0.9998795986175537,0.5520086884498596,0.299987256526947,-0.02098785527050495,0.9973541498184204,0.999872088432312,0.5563147068023682,0.29993724822998047,-0.020935386419296265,0.997318685054779,0.9998565912246704,0.518866777420044,0.30182164907455444,-0.12406209111213684,0.9966673254966736,0.9998286962509155,0.5605849623680115,0.30378228425979614,-0.11517911404371262,0.9974004030227661,0.999812662601471,0.5300488471984863,0.3104822039604187,-0.020770447328686714,0.9939380884170532,0.9998465776443481,0.5457689762115479,0.3114434480667114,-0.01758497767150402,0.9945156574249268,0.9998466968536377,0.4640834331512451,0.3394073247909546,-0.14389736950397491,0.999811589717865,0.9997808337211609,0.6147778630256653,0.34431126713752747,-0.139735609292984,0.9992181658744812,0.9997894167900085,0.42990341782569885,0.3978489637374878,-0.18229244649410248,0.9722439050674438,0.9995220899581909,0.6334488391876221,0.4050808846950531,-0.13829703629016876,0.9594693779945374,0.9995444416999817,0.41047585010528564,0.45157989859580994,-0.20673559606075287,0.724713146686554,0.9989282488822937,0.634616494178772,0.4612366259098053,-0.10571500658988953,0.6820357441902161,0.9990992546081543,0.4039858877658844,0.46539974212646484,-0.23615619540214539,0.6720909476280212,0.9983084201812744,0.6405339241027832,0.4788215160369873,-0.12034674733877182,0.6249779462814331,0.9985912442207336,0.41625773906707764,0.4654570519924164,-0.24498653411865234,0.6608082056045532,0.9982131719589233,0.6329255700111389,0.47836366295814514,-0.14001719653606415,0.6104564070701599,0.998588502407074,0.41844019293785095,0.460505872964859,-0.2104344666004181,0.628718376159668,0.998521625995636,0.6268959641456604,0.471256822347641,-0.11314409971237183,0.5604716539382935,0.998791515827179,0.4946576952934265,0.4464151859283447,0.0006343581480905414,0.9996797442436218,0.9998231530189514,0.5682875514030457,0.4459800720214844,-0.0007376103894785047,0.9995410442352295,0.9998258948326111,0.485456645488739,0.5229007601737976,0.06478189677000046,0.9696877002716064,0.9992138147354126,0.5505903959274292,0.524094820022583,0.08012587577104568,0.939403772354126,0.9993464350700378,0.47037336230278015,0.609171450138092,0.10988172143697739,0.9743478894233704,0.9990457892417908,0.5351579189300537,0.6090602874755859,0.16864532232284546,0.9600877165794373,0.9989387392997742,0.47415679693222046,0.6223567724227905,0.10946308076381683,0.9754906892776489,0.9980282187461853,0.5306000709533691,0.623084545135498,0.17139510810375214,0.9606311321258545,0.9979990124702454,0.4564823508262634,0.6221493482589722,0.021838676184415817,0.9116606116294861,0.9980819225311279,0.5392290353775024,0.6274887323379517,0.09393568336963654,0.8930765986442566,0.9980775117874146
7,238,True,0.5386670231819153,0.3041611909866333,0.1467674821615219,0.9976086020469666,0.9999097585678101,0.5328942537307739,0.29854142665863037,0.11420724540948868,0.998004138469696,0.9998537302017212,0.5278163552284241,0.29812347888946533,0.1141367256641388,0.9977561235427856,0.9998433589935303,0.5230714082717896,0.2976546585559845,0.11421283334493637,0.9978421926498413,0.9998335838317871,0.5473242998123169,0.2988749146461487,0.11306865513324738,0.9977437257766724,0.9998464584350586,0.5519296526908875,0.2987462878227234,0.11296403408050537,0.9975318312644958,0.9998373985290527,0.5562716722488403,0.2986031174659729,0.11297718435525894,0.9974930286407471,0.9998216032981873,0.5162726044654846,0.30048224329948425,-0.0004438019823282957,0.9968435764312744,0.9997795224189758,0.5605983138084412,0.30204981565475464,-0.006248826626688242,0.9975494742393494,0.9997798800468445,0.5283341407775879,0.30942049622535706,0.11144816130399704,0.994452953338623,0.9998490810394287,0.5456768274307251,0.31003469228744507,0.11051948368549347,0.9949699640274048,0.9998511075973511,0.4604896903038025,0.34121134877204895,-0.0630137100815773,0.9998020529747009,0.999754011631012,0.6109647750854492,0.34325405955314636,-0.07578714936971664,0.999265193939209,0.9997292160987854,0.43040987849235535,0.4022365212440491,-0.07838846743106842,0.9693149328231812,0.9992075562477112,0.6245492696762085,0.4077327251434326,-0.06164326146245003,0.959829568862915,0.9995680451393127,0.41991254687309265,0.4589695930480957,-0.0713757649064064,0.7205213904380798,0.9989073276519775,0.6136738657951355,0.4623827338218689,0.01275260467082262,0.6898895502090454,0.9993131160736084,0.4172841012477875,0.4709476828575134,-0.08970680087804794,0.6613980531692505,0.9984466433525085,0.6164921522140503,0.4756714403629303,0.0005402580136433244,0.6270713210105896,0.9989504814147949,0.424934059381485,0.47041812539100647,-0.1022973358631134,0.6500517725944519,0.9985289573669434,0.6093675494194031,0.4769442081451416,-0.018873699009418488,0.6137398481369019,0.9990580677986145,0.4285217821598053,0.46631699800491333,-0.07504510134458542,0.6171742081642151,0.9986891150474548,0.6073607802391052,0.4704743027687073,0.005203688982874155,0.5641898512840271,0.9991738200187683,0.49219435453414917,0.4480082392692566,0.0010626829462125897,0.9996964335441589,0.9998635053634644,0.5661840438842773,0.44821715354919434,-0.0011357347248122096,0.9995735883712769,0.9998860359191895,0.48547616600990295,0.5272997617721558,0.12359698861837387,0.9695069193840027,0.9991042017936707,0.5490766763687134,0.526268720626831,0.12213700264692307,0.9429756999015808,0.9991616010665894,0.47035419940948486,0.6098630428314209,0.15858162939548492,0.9735259413719177,0.9980130195617676,0.5345950722694397,0.6089396476745605,0.20103244483470917,0.9601371884346008,0.9983054399490356,0.47251781821250916,0.6229967474937439,0.15918183326721191,0.9719667434692383,0.9959350824356079,0.5305958986282349,0.6228546500205994,0.20530353486537933,0.9591056108474731,0.996976375579834,0.45551568269729614,0.6226571798324585,0.1054377630352974,0.9043054580688477,0.9969653487205505,0.5391194224357605,0.6230581998825073,0.1633932739496231,0.8821475505828857,0.9975636005401611
8,272,True,0.5361952781677246,0.30053621530532837,0.3523879051208496,0.9978256225585938,0.99997878074646,0.5305526256561279,0.2951205372810364,0.31881090998649597,0.9981724619865417,0.9999665021896362,0.5248927474021912,0.2948978543281555,0.3187755346298218,0.9979478716850281,0.9999654293060303,0.5199370384216309,0.2946949601173401,0.31890127062797546,0.9980231523513794,0.9999644756317139,0.5457240343093872,0.2951499819755554,0.3215053975582123,0.9979316592216492,0.9999613761901855,0.5505847334861755,0.2950076758861542,0.32137376070022583,0.9977399706840515,0.9999587535858154,0.5550777912139893,0.29499751329421997,0.32140418887138367,0.9977020621299744,0.9999542236328125,0.5136156678199768,0.2983796000480652,0.18308010697364807,0.9970996975898743,0.9999570846557617,0.5601898431777954,0.29846614599227905,0.19601209461688995,0.997748076915741,0.9999456405639648,0.5256257057189941,0.30709415674209595,0.3081028461456299,0.9949659109115601,0.9999709129333496,0.5444952249526978,0.30695438385009766,0.31234294176101685,0.9954267740249634,0.9999692440032959,0.4616810977458954,0.33748140931129456,0.06792227923870087,0.9998046159744263,0.9999274015426636,0.610381543636322,0.33953675627708435,0.08782418072223663,0.9993236660957336,0.999887228012085,0.4267147481441498,0.3976123631000519,0.04596295207738876,0.9676258563995361,0.9997064471244812,0.6125372648239136,0.40230321884155273,0.10931260883808136,0.9556782245635986,0.9997684359550476,0.4251657724380493,0.4462999701499939,0.0924062505364418,0.7103803157806396,0.9997110962867737,0.5840314030647278,0.4387127757072449,0.23710018396377563,0.6655049920082092,0.9997814297676086,0.4208091199398041,0.45880237221717834,0.08572402596473694,0.646080732345581,0.999612033367157,0.5767462253570557,0.45059090852737427,0.24394135177135468,0.5984387397766113,0.9997079968452454,0.4271434247493744,0.4576445519924164,0.0782470777630806,0.6348673105239868,0.9996399879455566,0.5699649453163147,0.44987088441848755,0.23574954271316528,0.5863108038902283,0.9997462630271912,0.4302692413330078,0.45268410444259644,0.09254653006792068,0.6014772653579712,0.999687910079956,0.5694667100906372,0.44511324167251587,0.2372456192970276,0.5395041108131409,0.9997746348381042,0.49166998267173767,0.44424158334732056,0.000519495049957186,0.9997179508209229,0.9999442100524902,0.56693035364151,0.44435420632362366,-0.0005569098866544664,0.9996106624603271,0.9999510049819946,0.48541784286499023,0.5250975489616394,0.10123226046562195,0.9710914492607117,0.9996814727783203,0.5496278405189514,0.5246660113334656,0.11031993478536606,0.9480528831481934,0.9996699094772339,0.4701123535633087,0.6101580858230591,0.06255467236042023,0.9746473431587219,0.9991482496261597,0.5343090295791626,0.6088346838951111,0.10401631146669388,0.9626218676567078,0.9991484880447388,0.4715252220630646,0.6231111288070679,0.05560966581106186,0.9728066325187683,0.9982505440711975,0.5306251645088196,0.6226829886436462,0.09947799146175385,0.9614201188087463,0.9984908103942871,0.4606003165245056,0.6221891045570374,0.01613480970263481,0.9011818170547485,0.9986403584480286,0.5381508469581604,0.6211164593696594,0.06821827590465546,0.8760641813278198,0.9986976385116577
9,306,True,0.5340909361839294,0.29368144273757935,0.36191973090171814,0.9980398416519165,0.9999845027923584,0.5277359485626221,0.28772470355033875,0.31355780363082886,0.9983516931533813,0.999976396560669,0.522539496421814,0.2874632775783539,0.3135402202606201,0.9981497526168823,0.9999744892120361,0.5175243020057678,0.28724512457847595,0.3136918246746063,0.9982166886329651,0.9999730587005615,0.5433726906776428,0.2876642942428589,0.32001182436943054,0.9981347322463989,0.9999773502349854,0.5487829446792603,0.28744205832481384,0.3198769986629486,0.9979625344276428,0.9999773502349854,0.5536425709724426,0.28741055727005005,0.31982165575027466,0.9979281425476074,0.9999768733978271,0.5115602016448975,0.29082900285720825,0.13770420849323273,0.9973845481872559,0.9999715089797974,0.5595231056213379,0.2908312678337097,0.1677132546901703,0.9979700446128845,0.9999804496765137,0.5234189629554749,0.29997363686561584,0.30556967854499817,0.9954647421836853,0.9999809265136719,0.5430612564086914,0.2997990548610687,0.31516197323799133,0.9958796501159668,0.999984860420227,0.4626619219779968,0.3360598385334015,0.010062171146273613,0.9998006820678711,0.999775230884552,0.6099051237106323,0.33883073925971985,0.057127416133880615,0.9993850588798523,0.9999135732650757,0.42472517490386963,0.39293012022972107,0.09274762123823166,0.961022138595581,0.9992971420288086,0.6052314043045044,0.3952621817588806,0.1407674252986908,0.9557430148124695,0.999782383441925,0.4430835247039795,0.41935425996780396,0.2829960286617279,0.6512450575828552,0.99970942735672,0.5674971342086792,0.42124906182289124,0.3322899639606476,0.6155951023101807,0.9998910427093506,0.4423113167285919,0.42697611451148987,0.32048484683036804,0.5902413725852966,0.9997252821922302,0.5577657222747803,0.42971929907798767,0.36319178342819214,0.550849199295044,0.9998812675476074,0.45226189494132996,0.42626652121543884,0.30734744668006897,0.5799574851989746,0.9997649788856506,0.5506271719932556,0.4273868501186371,0.34375542402267456,0.5398222804069519,0.9999034404754639,0.45343270897865295,0.4262858033180237,0.28721973299980164,0.5499473810195923,0.9997579455375671,0.5510385036468506,0.4238528311252594,0.32801616191864014,0.4971342980861664,0.9999035596847534,0.49009114503860474,0.4433367848396301,0.00039389298763126135,0.9997401833534241,0.999955415725708,0.5665250420570374,0.4428977072238922,-0.00037252227775752544,0.9996479749679565,0.9999760389328003,0.482141375541687,0.5236992835998535,0.11187008768320084,0.9735945463180542,0.9997888207435608,0.5497819185256958,0.52434241771698,0.13450077176094055,0.9531798362731934,0.9998365640640259,0.4681207835674286,0.6099294424057007,0.06842146813869476,0.976615309715271,0.9992324113845825,0.5344716906547546,0.6087733507156372,0.10179203748703003,0.9660619497299194,0.9993446469306946,0.47155487537384033,0.6226867437362671,0.06482579559087753,0.9750490188598633,0.9986875653266907,0.5306984186172485,0.622535765171051,0.0987868532538414,0.9649572968482971,0.9988828301429749,0.46064549684524536,0.6212030053138733,0.07728147506713867,0.8950942158699036,0.9991433620452881,0.5378190279006958,0.6212326288223267,0.10184990614652634,0.8699092268943787,0.9991490840911865
10,340,True,0.5346791744232178,0.2837676405906677,0.34927529096603394,0.9982262253761292,0.9999477863311768,0.5281794667243958,0.27818071842193604,0.2961393892765045,0.9985093474388123,0.9999451637268066,0.5231043696403503,0.2776973843574524,0.29608193039894104,0.9983283281326294,0.9999474287033081,0.5180466175079346,0.27726760506629944,0.296188086271286,0.9983882904052734,0.9999490976333618,0.543589174747467,0.27836111187934875,0.3023248314857483,0.998313307762146,0.9999349117279053,0.5488958358764648,0.27809712290763855,0.30220285058021545,0.9981583952903748,0.9999336004257202,0.5536887645721436,0.27797624468803406,0.3021406829357147,0.9981274008750916,0.999930739402771,0.5118029117584229,0.28106921911239624,0.11795806139707565,0.9976383447647095,0.999962568283081,0.5592588782310486,0.28103774785995483,0.1464543342590332,0.9981655478477478,0.9999467134475708,0.52403724193573,0.2903241515159607,0.29417040944099426,0.9959028959274292,0.9999299049377441,0.5431926846504211,0.2897610068321228,0.3032449781894684,0.9962742328643799,0.9999257326126099,0.46169784665107727,0.3252350091934204,0.0158009584993124,0.9997726678848267,0.9993187189102173,0.6092560887336731,0.32656732201576233,0.058481864631175995,0.9994261264801025,0.9994033575057983,0.42145711183547974,0.38752076029777527,0.1213262751698494,0.9419617056846619,0.9981825351715088,0.6136612892150879,0.38942447304725647,0.23776811361312866,0.933814525604248,0.9986968636512756,0.4477378726005554,0.37424859404563904,0.4291418194770813,0.5933432579040527,0.9994584918022156,0.5699148178100586,0.3679714798927307,0.5719394087791443,0.5577917695045471,0.9995614886283875,0.45782142877578735,0.3724457323551178,0.4785183370113373,0.5375168919563293,0.9995054006576538,0.5624903440475464,0.36451277136802673,0.6239956617355347,0.49950721859931946,0.9995823502540588,0.47235438227653503,0.3698703348636627,0.46167561411857605,0.5282515287399292,0.9995348453521729,0.5492702722549438,0.3604859411716461,0.6071009635925293,0.4896247684955597,0.9996304512023926,0.46976980566978455,0.3698243796825409,0.43282949924468994,0.5017690062522888,0.9995408058166504,0.549142599105835,0.36087170243263245,0.5734183192253113,0.4513743817806244,0.999631404876709,0.48841392993927,0.4415076673030853,0.004192745313048363,0.9997515678405762,0.9998767375946045,0.5637802481651306,0.4420285224914551,-0.004154484253376722,0.9996785521507263,0.9999125003814697,0.4820140302181244,0.5226638913154602,0.10634452849626541,0.9747760891914368,0.999411940574646,0.5501033067703247,0.5235980153083801,0.11201301217079163,0.9575934410095215,0.9995033740997314,0.46831539273262024,0.6097677946090698,0.053089872002601624,0.9777661561965942,0.9983683228492737,0.534020185470581,0.6084331274032593,0.06061377003788948,0.9686523079872131,0.9983208775520325,0.47289127111434937,0.6224138140678406,0.05055919662117958,0.9762900471687317,0.9976116418838501,0.529056191444397,0.6224199533462524,0.05668310075998306,0.9673817753791809,0.9974595904350281,0.4600867033004761,0.6210237741470337,0.06350605189800262,0.8868920207023621,0.9982150793075562,0.5385056138038635,0.6225475072860718,0.05179809406399727,0.857617974281311,0.9979502558708191
11,374,True,0.5350049138069153,0.2677391469478607,0.18290822207927704,0.9982394576072693,0.9996485710144043,0.5284165740013123,0.26364389061927795,0.16162003576755524,0.998483419418335,0.9995877146720886,0.5250431895256042,0.26338621973991394,0.16155406832695007,0.9983019232749939,0.9996004700660706,0.5219305753707886,0.2632337212562561,0.1615367978811264,0.9983959794044495,0.9995899796485901,0.541718065738678,0.2640151381492615,0.16332107782363892,0.9982419013977051,0.9995059967041016,0.5453506708145142,0.26401621103286743,0.16320963203907013,0.9980460405349731,0.999479353427887,0.5482730269432068,0.26408666372299194,0.1631823480129242,0.9980708956718445,0.9994158744812012,0.5175719857215881,0.2673199772834778,0.09113791584968567,0.9975466132164001,0.9996236562728882,0.5503118634223938,0.2670607268810272,0.10169697552919388,0.9980131983757019,0.9994029998779297,0.5250433087348938,0.27429893612861633,0.16604752838611603,0.9957596063613892,0.9985343217849731,0.5410938858985901,0.27391400933265686,0.16875742375850677,0.9960207939147949,0.9984758496284485,0.466206431388855,0.3050655722618103,0.06630248576402664,0.9995824694633484,0.9937735795974731,0.5812733769416809,0.30290359258651733,0.057504717260599136,0.9992608428001404,0.995210587978363,0.47067639231681824,0.35512953996658325,0.05374811589717865,0.9103229641914368,0.9946387410163879,0.5534555912017822,0.33976083993911743,0.15166263282299042,0.8923954367637634,0.9951139092445374,0.4840368628501892,0.30472880601882935,0.04703822731971741,0.5846357941627502,0.9985784292221069,0.5407050848007202,0.29242557287216187,0.3142663240432739,0.5338205695152283,0.9987146854400635,0.48309916257858276,0.29182472825050354,0.04249359667301178,0.5295791625976562,0.9986618757247925,0.5455452799797058,0.2809687852859497,0.3256261646747589,0.47909262776374817,0.9986854195594788,0.49598756432533264,0.287201851606369,0.042296893894672394,0.5198768973350525,0.9985458850860596,0.5392531752586365,0.275277316570282,0.3383161425590515,0.468874990940094,0.9986695051193237,0.49711868166923523,0.291786789894104,0.04640322923660278,0.49353212118148804,0.9986973404884338,0.5240788459777832,0.2888427674770355,0.32367122173309326,0.4339207112789154,0.9987699389457703,0.5006735324859619,0.4303063750267029,0.00803507398813963,0.9996493458747864,0.9995885491371155,0.5507957935333252,0.4234848618507385,-0.008020601235330105,0.9995893239974976,0.9996077418327332,0.5037426948547363,0.5164273977279663,0.05550467222929001,0.9342021942138672,0.997001588344574,0.5190972089767456,0.5164227485656738,0.018092889338731766,0.9384801983833313,0.9978212118148804,0.5070260763168335,0.6066822409629822,0.040625348687171936,0.9585962295532227,0.9960978031158447,0.5067242383956909,0.6066954135894775,0.04652344807982445,0.9472487568855286,0.9955801367759705,0.5044479966163635,0.6193456649780273,0.03741682693362236,0.9438069462776184,0.9937166571617126,0.5003743171691895,0.6186755895614624,0.04382416233420372,0.9298591017723083,0.9936720132827759,0.5085994005203247,0.6245499849319458,-0.03347870334982872,0.870684802532196,0.9924154281616211,0.5042869448661804,0.6227549910545349,-0.030018432065844536,0.8382144570350647,0.9919949769973755
12,408,True,0.53282231092453,0.2562533915042877,-0.13684366643428802,0.9984084963798523,0.9999765157699585,0.5288447737693787,0.25292545557022095,-0.11519895493984222,0.9986166954040527,0.999943733215332,0.5295124650001526,0.25287848711013794,-0.11517472565174103,0.9984481334686279,0.9999303817749023,0.5305876135826111,0.25297853350639343,-0.11504439264535904,0.9985338449478149,0.9999089241027832,0.5349384546279907,0.2529847025871277,-0.11363519728183746,0.9984000325202942,0.9999617338180542,0.5326138138771057,0.25290364027023315,-0.11367577314376831,0.9982221126556396,0.9999635219573975,0.5314851403236389,0.2529497742652893,-0.11364535242319107,0.9982452392578125,0.9999603033065796,0.5317099094390869,0.2561315596103668,-3.470070078037679e-05,0.9977478981018066,0.9998397827148438,0.5306205153465271,0.25486594438552856,0.012545861303806305,0.9981948137283325,0.9999511241912842,0.5279063582420349,0.26565277576446533,-0.09300374984741211,0.9961562752723694,0.9998782873153687,0.5321151614189148,0.2661290764808655,-0.08948986232280731,0.996398389339447,0.999924898147583,0.5662809610366821,0.2897367477416992,0.0035436036996543407,0.9995141625404358,0.9967994689941406,0.5034419298171997,0.2949413061141968,0.010616368614137173,0.9992914795875549,0.9995115995407104,0.5870821475982666,0.29997509717941284,-0.2926863431930542,0.9161417484283447,0.9976047277450562,0.4479467570781708,0.30003616213798523,-0.30025553703308105,0.9027152061462402,0.999610960483551,0.5526677370071411,0.26075685024261475,-0.5352123975753784,0.6196184158325195,0.9992097616195679,0.5099978446960449,0.2621822953224182,-0.5339590907096863,0.5788681507110596,0.9999078512191772,0.5478362441062927,0.24948272109031677,-0.6009187698364258,0.5602776408195496,0.9992544054985046,0.5249897837638855,0.2523210644721985,-0.6032155752182007,0.5250033140182495,0.9998636245727539,0.547178328037262,0.25163978338241577,-0.5733684301376343,0.5499109625816345,0.9992594122886658,0.525757372379303,0.2533918023109436,-0.5644493103027344,0.5148178935050964,0.9998570680618286,0.5468507409095764,0.2572367191314697,-0.5335907936096191,0.5236756801605225,0.9992874264717102,0.5107237100601196,0.2625223398208618,-0.5301029086112976,0.48137909173965454,0.9998804330825806,0.544988751411438,0.4136856198310852,-0.001592600834555924,0.9996399879455566,0.9995656609535217,0.5110506415367126,0.41137242317199707,0.00159718026407063,0.9995914697647095,0.9997013211250305,0.5416377186775208,0.5034253597259521,-0.06342395395040512,0.9367565512657166,0.998860239982605,0.4920186698436737,0.5040695071220398,-0.041034482419490814,0.9419308304786682,0.9995088577270508,0.5278948545455933,0.6004394292831421,0.08186481148004532,0.9588049054145813,0.9988045692443848,0.4849194884300232,0.6018059253692627,0.10493730753660202,0.9491166472434998,0.9987924098968506,0.5197970867156982,0.6123348474502563,0.08611487597227097,0.9284933805465698,0.9977957010269165,0.4905499815940857,0.6128886938095093,0.10839430242776871,0.9141008257865906,0.9978341460227966,0.5287484526634216,0.624377429485321,-0.0869293287396431,0.8778626322746277,0.9961045980453491,0.48106321692466736,0.622657060623169,-0.07030300796031952,0.848678469657898,0.9958792924880981
13,442,True,0.5322108268737793,0.23996372520923615,-0.19135907292366028,0.9985433220863342,0.9999479055404663,0.531582772731781,0.235105961561203,-0.16554276645183563,0.9987096190452576,0.999869704246521,0.5353378057479858,0.2348906695842743,-0.16558150947093964,0.998536229133606,0.9998347759246826,0.5386897325515747,0.23453101515769958,-0.16549822688102722,0.9986156225204468,0.9997742772102356,0.5300589799880981,0.23524920642375946,-0.16426582634449005,0.9985188841819763,0.9999129772186279,0.5237188935279846,0.23502901196479797,-0.16435834765434265,0.9983482956886292,0.9999170303344727,0.5208219885826111,0.23489585518836975,-0.16438785195350647,0.998371958732605,0.9999076128005981,0.544392466545105,0.23899070918560028,-0.020900564268231392,0.9978522658348083,0.9995712637901306,0.519128680229187,0.23894362151622772,-0.012073412537574768,0.9983351230621338,0.9998824596405029,0.5335732102394104,0.24660387635231018,-0.13565127551555634,0.9964374303817749,0.9996139407157898,0.5287826657295227,0.2470889538526535,-0.13327383995056152,0.9966951608657837,0.9997851252555847,0.5922655463218689,0.27115535736083984,-0.014527743682265282,0.9988558888435364,0.985620379447937,0.47578299045562744,0.2723234295845032,-0.01050297450274229,0.9992199540138245,0.9981645941734314,0.5848366618156433,0.273486465215683,-0.39336875081062317,0.9138997793197632,0.9874693155288696,0.4348583519458771,0.2689474821090698,-0.4018558859825134,0.9114269614219666,0.9974504113197327,0.5423778295516968,0.24336180090904236,-0.7308094501495361,0.6460740566253662,0.9975323677062988,0.4880021810531616,0.23706194758415222,-0.7245993614196777,0.6183484196662903,0.9995662569999695,0.5350326299667358,0.2335323542356491,-0.8156722187995911,0.5829746723175049,0.9981335997581482,0.4968532621860504,0.2219274938106537,-0.8070113062858582,0.5643269419670105,0.9994853734970093,0.5328980684280396,0.23421244323253632,-0.7805549502372742,0.5723348259925842,0.9981234669685364,0.4990212023258209,0.2305300533771515,-0.7712085247039795,0.5542114973068237,0.9994565844535828,0.532538652420044,0.23932382464408875,-0.729398787021637,0.5463187098503113,0.9980558156967163,0.49762919545173645,0.23545166850090027,-0.7244182229042053,0.522286593914032,0.9995105266571045,0.5635613203048706,0.39678823947906494,0.004611016716808081,0.9996110200881958,0.998883068561554,0.4945431649684906,0.3947271704673767,-0.004671512171626091,0.9995726943016052,0.9991437196731567,0.5574684143066406,0.490043967962265,-0.04849623143672943,0.9390157461166382,0.9978482723236084,0.48288318514823914,0.48980051279067993,-0.062252383679151535,0.944706380367279,0.999002993106842,0.5384973883628845,0.588214099407196,0.10383878648281097,0.9587357640266418,0.9983482360839844,0.4756471812725067,0.5887012481689453,0.09175627678632736,0.9499673843383789,0.9977990984916687,0.526016116142273,0.5983859300613403,0.10762513428926468,0.911770761013031,0.9968042373657227,0.4821144938468933,0.5996648669242859,0.09505776315927505,0.8888088464736938,0.9958517551422119,0.5477177500724792,0.6179901957511902,-0.09284210950136185,0.8845614790916443,0.9934825301170349,0.4742395281791687,0.6195780634880066,-0.11498592048883438,0.8573461771011353,0.992401123046875
14,476,True,0.532021701335907,0.22575275599956512,-0.10675347596406937,0.9986502528190613,0.9999293088912964,0.5337836146354675,0.22181646525859833,-0.082347072660923,0.9987790584564209,0.9998477697372437,0.5389537811279297,0.22167059779167175,-0.08232530206441879,0.9986007809638977,0.9998099207878113,0.5430822968482971,0.22138211131095886,-0.08225719630718231,0.9986764788627625,0.9997459053993225,0.5285345315933228,0.22188766300678253,-0.07864122092723846,0.9986088275909424,0.9998935461044312,0.5239507555961609,0.2218034267425537,-0.07875876128673553,0.9984400868415833,0.9998972415924072,0.5189862847328186,0.22152885794639587,-0.07878100126981735,0.9984663128852844,0.9998841285705566,0.5499401092529297,0.22394303977489471,0.04916585236787796,0.9978991150856018,0.9995166063308716,0.5181459188461304,0.22322937846183777,0.06573548913002014,0.9984240531921387,0.9998539686203003,0.5348326563835144,0.23584623634815216,-0.05419490486383438,0.9966261982917786,0.9995236396789551,0.5253493785858154,0.23565487563610077,-0.049196481704711914,0.9968968629837036,0.9997151494026184,0.5938665270805359,0.25285279750823975,0.02934226393699646,0.9985156059265137,0.9858871102333069,0.4757484793663025,0.2533007860183716,0.023914776742458344,0.9991636276245117,0.998331606388092,0.5733931064605713,0.26162099838256836,-0.2707805037498474,0.9033064246177673,0.9900326728820801,0.44345423579216003,0.25203755497932434,-0.23401154577732086,0.9171419143676758,0.9982942938804626,0.5322312116622925,0.2330508679151535,-0.5255640149116516,0.6587604880332947,0.9962452054023743,0.5029187202453613,0.22421543300151825,-0.5064312219619751,0.6491121649742126,0.999382734298706,0.5264121294021606,0.22298681735992432,-0.5946735143661499,0.5914576649665833,0.9970909357070923,0.5143957138061523,0.2157115936279297,-0.5749427676200867,0.5905424356460571,0.99925297498703,0.5282077789306641,0.223592609167099,-0.5684729218482971,0.5806572437286377,0.9969139099121094,0.5153414011001587,0.2170437127351761,-0.5458194613456726,0.5798275470733643,0.9991803765296936,0.5272217392921448,0.22841186821460724,-0.5241212844848633,0.5543882846832275,0.9968871474266052,0.5133424401283264,0.22166213393211365,-0.5060285329818726,0.5478920340538025,0.9992548823356628,0.5695704221725464,0.37530457973480225,-0.010315950959920883,0.9995791912078857,0.9987645149230957,0.4925501048564911,0.3726212978363037,0.010212879627943039,0.9995618462562561,0.9992349147796631,0.5599985122680664,0.4690268635749817,-0.09045970439910889,0.9400492906570435,0.9981206059455872,0.4801485240459442,0.4695432782173157,-0.06604095548391342,0.9454901218414307,0.9992409944534302,0.5404881238937378,0.5648589134216309,0.07397351413965225,0.957581639289856,0.997892439365387,0.46351873874664307,0.5687044858932495,0.07381010055541992,0.9493600130081177,0.9978100657463074,0.5312284231185913,0.5792487263679504,0.06945176422595978,0.8958428502082825,0.9962912797927856,0.4738221764564514,0.5832458734512329,0.07438603043556213,0.8699241280555725,0.9962496161460876,0.5545641779899597,0.5955864191055298,-0.15077802538871765,0.8889435529708862,0.9921112060546875,0.4423726797103882,0.6013117432594299,-0.1393086165189743,0.8637134432792664,0.9915628433227539
15,510,True,0.5316700339317322,0.21254734694957733,-0.022175591439008713,0.9986252784729004,0.9996929168701172,0.5344722270965576,0.2079390287399292,-0.0014253011904656887,0.9986898899078369,0.9994049072265625,0.5394919514656067,0.20798972249031067,-0.0013659750111401081,0.9984552264213562,0.9992842078208923,0.5429562330245972,0.20782586932182312,-0.001316978596150875,0.9985372424125671,0.9990805387496948,0.5276919603347778,0.20792856812477112,0.005370727274566889,0.9985257387161255,0.9995400905609131,0.5239173173904419,0.20802757143974304,0.005244695581495762,0.9983136653900146,0.9995506405830383,0.517803430557251,0.20777550339698792,0.005233394913375378,0.998366117477417,0.99951171875,0.5485143065452576,0.2110232412815094,0.05601368099451065,0.9975587129592896,0.9982991814613342,0.5160942673683167,0.21059325337409973,0.12569458782672882,0.9982221722602844,0.9993681311607361,0.5359890460968018,0.22028350830078125,0.023661918938159943,0.9962651133537292,0.9982041120529175,0.5243269205093384,0.21937498450279236,0.03246559575200081,0.9965938925743103,0.9988131523132324,0.5899869203567505,0.2384682446718216,0.07864297926425934,0.9981341361999512,0.9848862290382385,0.4744524657726288,0.23911547660827637,0.1580408215522766,0.9990808367729187,0.9977571368217468,0.5714665055274963,0.2546626031398773,-0.18953946232795715,0.8918893337249756,0.9932409524917603,0.4497024416923523,0.2460182011127472,-0.11355279386043549,0.9176768660545349,0.9979933500289917,0.5194573998451233,0.22917096316814423,-0.4239196479320526,0.6720104217529297,0.99764484167099,0.47189319133758545,0.2146100103855133,-0.41022372245788574,0.6765027642250061,0.9991401433944702,0.510376513004303,0.221250981092453,-0.48563575744628906,0.6023838520050049,0.9980593323707581,0.4769846498966217,0.20516851544380188,-0.47547945380210876,0.6177772879600525,0.9990560412406921,0.5127964615821838,0.21885094046592712,-0.4610755443572998,0.5913894176483154,0.9979914426803589,0.4792172610759735,0.2068445384502411,-0.4556180238723755,0.6071056723594666,0.9989639520645142,0.513252854347229,0.22266201674938202,-0.4209115207195282,0.5639258027076721,0.9980179071426392,0.4798835217952728,0.2093227654695511,-0.4125095307826996,0.5748676061630249,0.9990310668945312,0.5653749108314514,0.3546479344367981,-0.020662594586610794,0.9995384216308594,0.9987823367118835,0.49624893069267273,0.3527429699897766,0.020459843799471855,0.9995447993278503,0.9992424249649048,0.5590906143188477,0.4469163417816162,-0.11891906708478928,0.9388068914413452,0.9977046847343445,0.4830390512943268,0.44972190260887146,-0.07238668203353882,0.9426645636558533,0.9989461302757263,0.5424325466156006,0.5389243364334106,-0.0074380068108439445,0.9543364644050598,0.9975540041923523,0.47694826126098633,0.5466960668563843,0.02471413090825081,0.9463156461715698,0.9976479411125183,0.5328853726387024,0.5518023371696472,-0.007710850331932306,0.8777964115142822,0.9958997368812561,0.4809444546699524,0.5584386587142944,0.023686479777097702,0.8493770956993103,0.9961181879043579,0.553466796875,0.5804323554039001,-0.21586482226848602,0.8905101418495178,0.9915336966514587,0.45362380146980286,0.5837935209274292,-0.1885993480682373,0.8669558167457581,0.9909847974777222
16,544,True,0.5317219495773315,0.19736680388450623,0.4854912757873535,0.9987403750419617,0.9999821186065674,0.5342283248901367,0.19569964706897736,0.48584553599357605,0.9987934231758118,0.9999688863754272,0.5365930199623108,0.19550000131130219,0.4859331250190735,0.9985777139663696,0.9999680519104004,0.5378550887107849,0.19521787762641907,0.4860480725765228,0.9986600279808044,0.999963641166687,0.5292388796806335,0.1962173879146576,0.48748910427093506,0.9986387491226196,0.9999644756317139,0.5279366970062256,0.19641846418380737,0.48719269037246704,0.998440682888031,0.9999629259109497,0.5260745882987976,0.19633369147777557,0.48726311326026917,0.9984957575798035,0.999956488609314,0.5382316708564758,0.19854727387428284,0.4442562460899353,0.997744083404541,0.9999476671218872,0.5256675481796265,0.19923682510852814,0.4541882872581482,0.9983378052711487,0.9999455213546753,0.534280002117157,0.20408061146736145,0.471527636051178,0.9964962005615234,0.999870777130127,0.5266478061676025,0.20484530925750732,0.47346776723861694,0.9967803955078125,0.9998738765716553,0.5064777731895447,0.23145358264446259,0.3789849281311035,0.998259425163269,0.9992846846580505,0.5370010137557983,0.2298797369003296,0.34682315587997437,0.9991388320922852,0.9995920062065125,0.499693900346756,0.2682065963745117,0.32327762246131897,0.852683961391449,0.9993411898612976,0.49052000045776367,0.25113481283187866,0.3407692015171051,0.8857124447822571,0.9995678067207336,0.5099599361419678,0.22095923125743866,0.3363177180290222,0.6541300415992737,0.9997904896736145,0.5054781436920166,0.21313659846782684,0.4061793088912964,0.6605575084686279,0.9997842907905579,0.5001798272132874,0.20631305873394012,0.34092703461647034,0.5901127457618713,0.9997441172599792,0.5070362687110901,0.20169194042682648,0.4083363115787506,0.6053327918052673,0.9996985197067261,0.5075225234031677,0.20363016426563263,0.33937039971351624,0.5782333016395569,0.9997153878211975,0.5038912296295166,0.1991880238056183,0.42127782106399536,0.5937228798866272,0.9996821880340576,0.5078678131103516,0.20830857753753662,0.3361610174179077,0.5498046278953552,0.9997901320457458,0.5025564432144165,0.2030973881483078,0.4120248258113861,0.5631741881370544,0.9997641444206238,0.5343968868255615,0.33879274129867554,0.0028791618533432484,0.9994950890541077,0.9996656179428101,0.5223897099494934,0.33564308285713196,-0.0032610436901450157,0.9995365738868713,0.9997535347938538,0.5017560124397278,0.4280713200569153,-0.10475267469882965,0.9195519685745239,0.9992488026618958,0.5375543832778931,0.42245155572891235,-0.14540857076644897,0.9374797940254211,0.9994916915893555,0.501618504524231,0.5318331718444824,-0.28726404905319214,0.9384995698928833,0.9981170892715454,0.5493021011352539,0.5238150358200073,-0.3143197000026703,0.935723602771759,0.9980311989784241,0.49788737297058105,0.546276867389679,-0.31280815601348877,0.8669852018356323,0.9961004257202148,0.5450644493103027,0.5379286408424377,-0.3369430601596832,0.844171404838562,0.9965631365776062,0.4947979748249054,0.5597385764122009,-0.42422905564308167,0.8766839504241943,0.993925154209137,0.5514901280403137,0.5539062023162842,-0.43215006589889526,0.8566720485687256,0.9938380122184753
17,578,True,0.5327551364898682,0.1936691552400589,0.3647505044937134,0.9988117814064026,0.9998123049736023,0.5341894030570984,0.19189247488975525,0.36836540699005127,0.9988479018211365,0.9996477365493774,0.5362304449081421,0.1917267143726349,0.36845862865448,0.9986382722854614,0.9996122717857361,0.5372437238693237,0.19148670136928558,0.3685009479522705,0.9987353086471558,0.9995266199111938,0.529543399810791,0.19219383597373962,0.36862483620643616,0.998711884021759,0.9996635913848877,0.5281862020492554,0.19222339987754822,0.368319034576416,0.9985246658325195,0.9996676445007324,0.5272489190101624,0.1920701414346695,0.3683285117149353,0.9985888004302979,0.9996353387832642,0.5367089509963989,0.19488096237182617,0.363627165555954,0.9978566765785217,0.9993135929107666,0.5262603163719177,0.19473963975906372,0.3646085560321808,0.99839848279953,0.9996144771575928,0.533669114112854,0.2009785920381546,0.3649102449417114,0.9965354800224304,0.9988504648208618,0.5274338722229004,0.2012801617383957,0.36480796337127686,0.9968178868293762,0.9990569949150085,0.5013459324836731,0.22708025574684143,0.3149717450141907,0.9982841610908508,0.9968624114990234,0.5379055738449097,0.22350163757801056,0.2853032648563385,0.9991846084594727,0.9992509484291077,0.5071312785148621,0.2713109254837036,0.24922485649585724,0.803156852722168,0.9964672327041626,0.5022249221801758,0.24842849373817444,0.21610254049301147,0.857189416885376,0.9986937642097473,0.512485682964325,0.22999534010887146,0.22943483293056488,0.6214085817337036,0.9989493489265442,0.5186532735824585,0.22241266071796417,0.18985110521316528,0.6420875787734985,0.9992576241493225,0.5080695748329163,0.21774303913116455,0.2305329442024231,0.5627703666687012,0.99891197681427,0.5212438106536865,0.2148754596710205,0.17774952948093414,0.590255618095398,0.9990471005439758,0.5186307430267334,0.2148640900850296,0.2321608066558838,0.5504427552223206,0.998849630355835,0.5180774927139282,0.21279239654541016,0.19634297490119934,0.5780024528503418,0.9990266561508179,0.5189567804336548,0.2191343754529953,0.2304893434047699,0.5224672555923462,0.9990091323852539,0.5155429840087891,0.21602201461791992,0.19564135372638702,0.548625648021698,0.9992066025733948,0.5343316197395325,0.32529205083847046,0.011157424189150333,0.999389111995697,0.998618483543396,0.5249619483947754,0.32297927141189575,-0.011721163056790829,0.9994990825653076,0.9991258978843689,0.5053296685218811,0.41464924812316895,-0.12456131726503372,0.8903997540473938,0.9969757795333862,0.5380993485450745,0.402488648891449,-0.1623920500278473,0.9237571358680725,0.9982329607009888,0.5078086256980896,0.5093483328819275,-0.2736961841583252,0.9084270596504211,0.9922114610671997,0.5431415438652039,0.5001639723777771,-0.3161540627479553,0.9175125956535339,0.9928240776062012,0.5042145252227783,0.5222200155258179,-0.29124075174331665,0.8329451084136963,0.9849275350570679,0.5394145250320435,0.5137327313423157,-0.33337417244911194,0.819351077079773,0.987437903881073,0.5076382160186768,0.5361485481262207,-0.3953574299812317,0.8529410362243652,0.9786975979804993,0.5586904883384705,0.5267916321754456,-0.43026694655418396,0.8421630263328552,0.9783339500427246
18,612,True,0.5328147411346436,0.19005021452903748,0.46114683151245117,0.9988803863525391,0.9999743700027466,0.5338826775550842,0.18727953732013702,0.4355332553386688,0.9989182949066162,0.9999611377716064,0.5338326096534729,0.18708732724189758,0.435515433549881,0.9987245202064514,0.9999606609344482,0.5323801040649414,0.1868971884250641,0.435531347990036,0.998818039894104,0.9999563694000244,0.5333229303359985,0.18782532215118408,0.4412362277507782,0.9987928867340088,0.9999572038650513,0.5351830720901489,0.18801340460777283,0.4409812390804291,0.9986194372177124,0.9999569654464722,0.5375334024429321,0.1880347728729248,0.4410090148448944,0.9986813068389893,0.9999520778656006,0.5298072099685669,0.19009841978549957,0.31823235750198364,0.9980127215385437,0.99996018409729,0.5392324924468994,0.19096916913986206,0.3419538140296936,0.9984990358352661,0.9999582767486572,0.5320444107055664,0.1972106248140335,0.42096269130706787,0.9967299699783325,0.9999197721481323,0.5318143963813782,0.19777342677116394,0.4284234344959259,0.9969797134399414,0.9999233484268188,0.48118332028388977,0.21905532479286194,0.257757306098938,0.9984114170074463,0.9995856881141663,0.5877845287322998,0.2227899134159088,0.23999649286270142,0.9992337822914124,0.999550998210907,0.45607316493988037,0.24927477538585663,0.34382864832878113,0.7777531743049622,0.9990273714065552,0.5674687027931213,0.2528027296066284,0.28066912293434143,0.8069077730178833,0.998244047164917,0.4971490204334259,0.2158380001783371,0.5125972032546997,0.5926700234413147,0.999055802822113,0.5243319869041443,0.2185324877500534,0.4036179482936859,0.5941668748855591,0.9987931251525879,0.49971291422843933,0.20655488967895508,0.5457278490066528,0.5406670570373535,0.998789370059967,0.5244069695472717,0.20860759913921356,0.4232327342033386,0.5496237874031067,0.9984791874885559,0.5161845088005066,0.20474159717559814,0.5269869565963745,0.5285292267799377,0.9986536502838135,0.5172837376594543,0.206597238779068,0.4230104684829712,0.5380069017410278,0.9984286427497864,0.5147846937179565,0.20855717360973358,0.5120247602462769,0.501468300819397,0.9989748001098633,0.5157273411750793,0.21057471632957458,0.40637829899787903,0.5121231079101562,0.9986609220504761,0.5081934332847595,0.32472819089889526,0.012855219654738903,0.999383807182312,0.9997044205665588,0.556656002998352,0.32511311769485474,-0.013273860327899456,0.9995014071464539,0.9996371269226074,0.48496919870376587,0.4121216833591461,-0.031104475259780884,0.8716694116592407,0.9986995458602905,0.5655666589736938,0.4113418459892273,-0.07547274976968765,0.917700469493866,0.9988551139831543,0.49293607473373413,0.5027495622634888,-0.18090000748634338,0.9002893567085266,0.9964622855186462,0.5664801001548767,0.5023936033248901,-0.19233085215091705,0.9125090837478638,0.9947657585144043,0.4961513876914978,0.5211843848228455,-0.19627796113491058,0.8325306177139282,0.99399733543396,0.5468225479125977,0.5204192996025085,-0.205455482006073,0.8231620192527771,0.9924870729446411,0.4931696951389313,0.5191343426704407,-0.2854265570640564,0.8394371867179871,0.9934396147727966,0.5847589373588562,0.5217167139053345,-0.3054685592651367,0.8326008915901184,0.9911364316940308
19,646,True,0.5328987836837769,0.1850167214870453,0.4359734356403351,0.998944878578186,0.9999802112579346,0.5323629975318909,0.1825975477695465,0.4048050045967102,0.9989862442016602,0.9999722242355347,0.5290899872779846,0.18230611085891724,0.4047287106513977,0.9988089203834534,0.9999725818634033,0.5257278680801392,0.18208768963813782,0.4047180116176605,0.998897910118103,0.9999707937240601,0.5353550314903259,0.18323370814323425,0.4141116738319397,0.9988684058189392,0.9999681711196899,0.5386950373649597,0.18337787687778473,0.4139060080051422,0.9987058639526367,0.9999673366546631,0.5423835515975952,0.1833491325378418,0.4139290750026703,0.9987643361091614,0.9999629259109497,0.520905613899231,0.1854066550731659,0.28247684240341187,0.9981555342674255,0.9999761581420898,0.5448638200759888,0.1857791692018509,0.31038400530815125,0.9985823035240173,0.9999688863754272,0.5292171239852905,0.1912408173084259,0.3894854187965393,0.9969106316566467,0.9999520778656006,0.5342744588851929,0.19172535836696625,0.40153074264526367,0.9971355199813843,0.9999512434005737,0.46879976987838745,0.21532750129699707,0.21606561541557312,0.9985323548316956,0.9997112154960632,0.5961024165153503,0.21899111568927765,0.21923601627349854,0.9992622137069702,0.9994935989379883,0.4323323667049408,0.24167373776435852,0.2938026785850525,0.7542613744735718,0.9990079998970032,0.5853188037872314,0.2469632923603058,0.28611379861831665,0.7598052024841309,0.9978019595146179,0.4920252561569214,0.21704745292663574,0.5058542490005493,0.5574109554290771,0.9989103078842163,0.5333725214004517,0.2176070511341095,0.4364687204360962,0.5464330911636353,0.9979562759399414,0.49737799167633057,0.21003201603889465,0.5416073799133301,0.5119379758834839,0.9986496567726135,0.5258557796478271,0.20922882854938507,0.46606728434562683,0.5079982280731201,0.9975320100784302,0.5105576515197754,0.20916399359703064,0.5205612778663635,0.5003632307052612,0.998534083366394,0.5219283103942871,0.20841190218925476,0.45924732089042664,0.49727705121040344,0.9975752234458923,0.5101693272590637,0.21258831024169922,0.5060136318206787,0.47495386004447937,0.998847246170044,0.519757091999054,0.21173632144927979,0.43718430399894714,0.47449278831481934,0.9978531002998352,0.4988929033279419,0.3204645812511444,0.0015866145258769393,0.9994106888771057,0.9998811483383179,0.5660207867622375,0.3208885192871094,-0.0018781258258968592,0.9995219707489014,0.9998207688331604,0.48088568449020386,0.40810972452163696,-0.010329102165997028,0.8731846213340759,0.9992974996566772,0.5766000747680664,0.40430617332458496,0.013127075508236885,0.9173593521118164,0.999224066734314,0.49208733439445496,0.4851737916469574,-0.14469726383686066,0.9037153124809265,0.998235821723938,0.5739479660987854,0.4777655005455017,-0.08799175918102264,0.9140140414237976,0.9970652461051941,0.4958842098712921,0.5015503168106079,-0.15696313977241516,0.8414949178695679,0.9972705245018005,0.5651125311851501,0.49478453397750854,-0.09584937989711761,0.8331171274185181,0.9962521195411682,0.49001583456993103,0.500494122505188,-0.21559302508831024,0.8398280143737793,0.9970870614051819,0.5795632004737854,0.49685606360435486,-0.11640101671218872,0.8314646482467651,0.9959898591041565
20,680,True,0.5331370234489441,0.18862923979759216,0.5292264223098755,0.9990341663360596,0.9999961853027344,0.5319973230361938,0.18402913212776184,0.49456506967544556,0.9990736842155457,0.9999946355819702,0.5281859040260315,0.18383994698524475,0.49451497197151184,0.9989146590232849,0.9999947547912598,0.5239457488059998,0.18365605175495148,0.49457067251205444,0.998993992805481,0.9999946355819702,0.5379912257194519,0.18471556901931763,0.5046259760856628,0.9989644289016724,0.9999933242797852,0.5422936677932739,0.18493105471134186,0.5044475793838501,0.9988167881965637,0.999992847442627,0.5467226505279541,0.18500876426696777,0.5044660568237305,0.998868465423584,0.999991774559021,0.5176646709442139,0.18830294907093048,0.34219348430633545,0.9983241558074951,0.9999951124191284,0.5495786070823669,0.18876703083515167,0.38569551706314087,0.9987066388130188,0.9999921321868896,0.528552234172821,0.19454756379127502,0.47689005732536316,0.997176468372345,0.9999898672103882,0.537215530872345,0.19504192471504211,0.49023404717445374,0.9973816275596619,0.9999891519546509,0.4729609489440918,0.21651263535022736,0.234325110912323,0.9986650347709656,0.9999052286148071,0.5989686846733093,0.21932180225849152,0.26470768451690674,0.9993137121200562,0.9997738003730774,0.43216273188591003,0.2152704894542694,0.35143300890922546,0.7626185417175293,0.9997087121009827,0.59305340051651,0.24402253329753876,0.37082815170288086,0.7366962432861328,0.9991773962974548,0.4805662930011749,0.21173986792564392,0.5944973230361938,0.5308200716972351,0.9997043013572693,0.5343296527862549,0.2194080650806427,0.5840253233909607,0.5029050707817078,0.9991747736930847,0.48876678943634033,0.20601458847522736,0.6393181085586548,0.4889267683029175,0.9996402263641357,0.5280414819717407,0.21203091740608215,0.620655357837677,0.4695141911506653,0.9990600943565369,0.5047767162322998,0.20550863444805145,0.616145133972168,0.47789785265922546,0.9996353387832642,0.52210932970047,0.2125970423221588,0.6134092807769775,0.4596220850944519,0.9991207718849182,0.5038251280784607,0.20874209702014923,0.5952855944633484,0.45438894629478455,0.9997022747993469,0.5213719010353088,0.21545088291168213,0.5857847332954407,0.4394143521785736,0.9991862177848816,0.4976803958415985,0.3192603290081024,-0.0013028300600126386,0.9994556903839111,0.9999232292175293,0.5663223266601562,0.32033655047416687,0.0010522152297198772,0.9995595812797546,0.9998683929443359,0.4805990755558014,0.4047955572605133,-0.018448641523718834,0.883505642414093,0.9995694756507874,0.5777014493942261,0.40136027336120605,0.018792642280459404,0.9241034984588623,0.9994744658470154,0.4975510537624359,0.4843493402004242,-0.17961743474006653,0.9110900163650513,0.9989330172538757,0.5844296216964722,0.4868102967739105,-0.12918011844158173,0.9209561944007874,0.9982410669326782,0.5079449415206909,0.4971570372581482,-0.19269119203090668,0.8550713062286377,0.9986415505409241,0.5804351568222046,0.5013922452926636,-0.14389576017856598,0.8478628993034363,0.9977722764015198,0.4953959584236145,0.5023682713508606,-0.21381346881389618,0.843944251537323,0.9986605644226074,0.5947109460830688,0.5051721334457397,-0.15497952699661255,0.8371542692184448,0.997565507888794
21,714,True,0.5331835150718689,0.19036898016929626,0.43497416377067566,0.9990190863609314,0.9999686479568481,0.5320038795471191,0.18617863953113556,0.40757888555526733,0.9990734457969666,0.999962568283081,0.5282474160194397,0.1859394609928131,0.40752652287483215,0.9989309310913086,0.9999648332595825,0.52369225025177,0.1855795532464981,0.4075600206851959,0.9990062713623047,0.9999644756317139,0.5390084385871887,0.1868015080690384,0.4157041907310486,0.9989369511604309,0.9999499320983887,0.5432227849960327,0.18692393600940704,0.4155641794204712,0.9987842440605164,0.9999450445175171,0.5473713874816895,0.1869126260280609,0.4155903160572052,0.9988290667533875,0.9999345541000366,0.5178800821304321,0.1907339245080948,0.32252955436706543,0.9983753561973572,0.9999680519104004,0.5503363609313965,0.19093653559684753,0.3428548574447632,0.9986605644226074,0.9999308586120605,0.5285685658454895,0.19602438807487488,0.395246297121048,0.9971705079078674,0.9999130964279175,0.538176953792572,0.19637566804885864,0.4057960510253906,0.9973227977752686,0.9998940229415894,0.47406551241874695,0.21754297614097595,0.2171267867088318,0.9987494349479675,0.9995700716972351,0.5991628766059875,0.219835564494133,0.24346478283405304,0.9992560148239136,0.9983428716659546,0.4233302175998688,0.22591201961040497,0.29236799478530884,0.7724796533584595,0.9993877410888672,0.5950143933296204,0.23836460709571838,0.2904849052429199,0.7074759006500244,0.9978558421134949,0.46544694900512695,0.2070717066526413,0.4724530875682831,0.5340633988380432,0.9990774393081665,0.5405438542366028,0.21213141083717346,0.44395697116851807,0.4733521640300751,0.9972724318504333,0.4679342806339264,0.20153574645519257,0.5039156675338745,0.4941227436065674,0.9986633062362671,0.5292456746101379,0.20443077385425568,0.46467188000679016,0.44492805004119873,0.996407687664032,0.47388580441474915,0.2051502913236618,0.4796910583972931,0.483560174703598,0.9985288381576538,0.5230913758277893,0.20532386004924774,0.4592827558517456,0.435751736164093,0.9964518547058105,0.4751572012901306,0.20619633793830872,0.47088736295700073,0.45971205830574036,0.9989018440246582,0.5243221521377563,0.2086426019668579,0.4445359408855438,0.4178614914417267,0.9969387054443359,0.5002477169036865,0.31949278712272644,-0.001353586558252573,0.9994639754295349,0.9997733235359192,0.5633410215377808,0.32167550921440125,0.0011060112155973911,0.9995543956756592,0.9995858073234558,0.4845097064971924,0.39608579874038696,-0.03576390817761421,0.8771107196807861,0.9972188472747803,0.575800895690918,0.39571529626846313,0.011464067734777927,0.9164711833000183,0.9967638254165649,0.527684211730957,0.4660719037055969,-0.16656793653964996,0.9049780964851379,0.9947633743286133,0.5892082452774048,0.4681323170661926,-0.13268858194351196,0.9155876636505127,0.9916702508926392,0.5374864339828491,0.47835150361061096,-0.1764533966779709,0.8556682467460632,0.9936593174934387,0.5845262408256531,0.48824208974838257,-0.14442823827266693,0.8505898714065552,0.9902836680412292,0.5284133553504944,0.48019903898239136,-0.2134091705083847,0.8324226140975952,0.9945350885391235,0.5892141461372375,0.4845917820930481,-0.16852597892284393,0.8276423215866089,0.9906731247901917
22,748,True,0.5328043699264526,0.1937067210674286,0.4341546893119812,0.9990013241767883,0.9999333620071411,0.530291736125946,0.18975159525871277,0.363113671541214,0.9990731477737427,0.9999262094497681,0.5260650515556335,0.1895919144153595,0.3629939556121826,0.998948335647583,0.999933123588562,0.5206846594810486,0.18939056992530823,0.3629482686519623,0.9990187287330627,0.9999350309371948,0.539020299911499,0.19008417427539825,0.37768223881721497,0.9989104866981506,0.9999008178710938,0.5431918501853943,0.19010689854621887,0.3776693642139435,0.9987544417381287,0.9998939037322998,0.547176718711853,0.19001075625419617,0.377694308757782,0.9987919926643372,0.9998761415481567,0.5156378149986267,0.1929449439048767,0.21251508593559265,0.9984275102615356,0.9999500513076782,0.5504932999610901,0.1938912272453308,0.25650718808174133,0.9986422657966614,0.9998834133148193,0.5269930362701416,0.19940143823623657,0.34540098905563354,0.9971356391906738,0.9998586177825928,0.5383580923080444,0.19944441318511963,0.3622484505176544,0.9972363710403442,0.9998251795768738,0.47305741906166077,0.22094139456748962,0.13937734067440033,0.998781144618988,0.9994205236434937,0.5989701747894287,0.2229919731616974,0.17681358754634857,0.9991238713264465,0.9974468946456909,0.43214815855026245,0.2188757359981537,0.26109743118286133,0.7839683890342712,0.9991065859794617,0.5989038944244385,0.23731324076652527,0.2865558862686157,0.6730520725250244,0.9962928891181946,0.46229103207588196,0.20907333493232727,0.39250943064689636,0.5411388278007507,0.9983108043670654,0.5465520024299622,0.21150553226470947,0.48106110095977783,0.44078999757766724,0.9947683811187744,0.4612685739994049,0.2031739503145218,0.41892996430397034,0.5037457942962646,0.9974920749664307,0.533336877822876,0.20442001521587372,0.5080808997154236,0.4168579578399658,0.9932546019554138,0.4630535840988159,0.2046423852443695,0.394829124212265,0.49387326836586,0.9972330927848816,0.5274630784988403,0.20508277416229248,0.4980196952819824,0.4086354076862335,0.9933264255523682,0.46913930773735046,0.20555007457733154,0.3902037441730499,0.46911653876304626,0.9979242086410522,0.5295007824897766,0.20814430713653564,0.48113298416137695,0.39293354749679565,0.9941741824150085,0.4990079998970032,0.32400214672088623,-0.003732997225597501,0.9994522929191589,0.9997122883796692,0.5638620853424072,0.32575148344039917,0.003475385485216975,0.9995321035385132,0.9994582533836365,0.48656797409057617,0.3901767134666443,-0.024644576013088226,0.8712921142578125,0.995824933052063,0.5755345821380615,0.3889559805393219,0.011724697425961494,0.9077921509742737,0.9947783946990967,0.5227822065353394,0.45751485228538513,-0.10881226509809494,0.8989537358283997,0.9918153882026672,0.5840538740158081,0.46181702613830566,-0.0689934492111206,0.9077767729759216,0.9867914915084839,0.5300594568252563,0.4690868854522705,-0.11127063632011414,0.8556757569313049,0.9901211261749268,0.580425500869751,0.4782143235206604,-0.07540903985500336,0.8508752584457397,0.9848061203956604,0.5229308009147644,0.4700590968132019,-0.12537646293640137,0.8216851353645325,0.9913226366043091,0.5918009877204895,0.4781142771244049,-0.0910085067152977,0.8129613399505615,0.9855798482894897
23,782,True,0.530785858631134,0.19626370072364807,0.1762731969356537,0.998675525188446,0.9972434043884277,0.5301705002784729,0.1902223527431488,0.16622672975063324,0.9985368251800537,0.9957905411720276,0.5262124538421631,0.19029293954372406,0.16622841358184814,0.9982413649559021,0.9957143664360046,0.5212884545326233,0.19022473692893982,0.16625110805034637,0.998531699180603,0.9954441785812378,0.5366749167442322,0.19088932871818542,0.1709604263305664,0.9982245564460754,0.9951480031013489,0.5390880107879639,0.19139651954174042,0.1708657443523407,0.9978113770484924,0.9947035908699036,0.5409642457962036,0.19169943034648895,0.1708524227142334,0.9980677366256714,0.9939312934875488,0.5176844000816345,0.19441412389278412,0.13248178362846375,0.9972407817840576,0.9933872818946838,0.5433429479598999,0.19551876187324524,0.15509866178035736,0.9972096085548401,0.9911075234413147,0.5270591974258423,0.19975265860557556,0.167652428150177,0.9960558414459229,0.9883636236190796,0.5357649326324463,0.2002750188112259,0.1741207391023636,0.9956948161125183,0.9858443737030029,0.48240378499031067,0.22551438212394714,0.10380272567272186,0.9986080527305603,0.9877136945724487,0.5669184327125549,0.22730760276317596,0.105489082634449,0.9988512992858887,0.9799857139587402,0.48521795868873596,0.2332865297794342,0.04996851459145546,0.7919735908508301,0.9977864027023315,0.5463842749595642,0.23198731243610382,0.06788435578346252,0.68629390001297,0.997596800327301,0.4814409613609314,0.20890943706035614,0.027252083644270897,0.5644170045852661,0.9986352324485779,0.5457181334495544,0.20927171409130096,0.046629395335912704,0.46357864141464233,0.9987128973007202,0.4767149090766907,0.20196577906608582,0.009529726579785347,0.5212195515632629,0.9980181455612183,0.5399420261383057,0.2043823003768921,0.021399876102805138,0.43285489082336426,0.9982571005821228,0.47872394323349,0.20180292427539825,0.011158951558172703,0.5104056596755981,0.9978954792022705,0.5436978936195374,0.2034045159816742,0.03796609491109848,0.4238775372505188,0.9983083009719849,0.48293888568878174,0.20447497069835663,0.027461187914013863,0.484868586063385,0.9983658194541931,0.5410277247428894,0.20577654242515564,0.05044591799378395,0.4071462154388428,0.9986010193824768,0.5185489654541016,0.3279607892036438,-0.0022956302855163813,0.9994361996650696,0.9989542961120605,0.5504189729690552,0.3308798670768738,0.002035938436165452,0.9994606375694275,0.998859167098999,0.5421889424324036,0.39853379130363464,-0.1275593787431717,0.8524730205535889,0.9922981858253479,0.5184294581413269,0.39930784702301025,-0.04122067615389824,0.883653998374939,0.9887495040893555,0.562328040599823,0.4788883328437805,-0.1828838735818863,0.8886374235153198,0.978257417678833,0.5237583518028259,0.4703401029109955,-0.036448024213314056,0.8759815096855164,0.972979724407196,0.5626128315925598,0.4907997250556946,-0.19100433588027954,0.8344574570655823,0.962173342704773,0.5235776901245117,0.47976213693618774,-0.0374830961227417,0.8111804127693176,0.9641863107681274,0.5695536136627197,0.4958493113517761,-0.3120045065879822,0.8129186034202576,0.9596864581108093,0.5240549445152283,0.4892565608024597,-0.12078412622213364,0.7844306826591492,0.9665758013725281
24,816,True,0.5282881259918213,0.2062685787677765,0.26534679532051086,0.9985663890838623,0.9998457431793213,0.5242082476615906,0.2037411481142044,0.25086817145347595,0.9984357953071594,0.9998059868812561,0.5199317932128906,0.2035849541425705,0.25085699558258057,0.9981623888015747,0.9998168349266052,0.5153830647468567,0.2032136619091034,0.2508903741836548,0.9984220266342163,0.9998201727867126,0.5360524654388428,0.20351950824260712,0.2566598355770111,0.9980962872505188,0.9997735619544983,0.5391027927398682,0.20310255885124207,0.25653180480003357,0.9976844191551208,0.9997615218162537,0.5416878461837769,0.20247814059257507,0.2565443813800812,0.9978926777839661,0.9997367262840271,0.5102128982543945,0.2079305201768875,0.15534844994544983,0.9971997141838074,0.9998266100883484,0.544041097164154,0.20532338321208954,0.17817918956279755,0.9971053004264832,0.9997180104255676,0.5226386785507202,0.21070489287376404,0.24509580433368683,0.9958382248878479,0.9996523857116699,0.5348286628723145,0.21110114455223083,0.2525460422039032,0.9954468011856079,0.9996334314346313,0.4735928475856781,0.23394742608070374,0.08877229690551758,0.998455822467804,0.9985122084617615,0.5782114267349243,0.23591630160808563,0.1036706268787384,0.9984697699546814,0.9960218071937561,0.44664332270622253,0.22529220581054688,0.155336394906044,0.8048990964889526,0.9992389678955078,0.5817909836769104,0.23057904839515686,0.13931310176849365,0.6844003796577454,0.9982089996337891,0.4711393117904663,0.20652690529823303,0.37208905816078186,0.5836781859397888,0.9981683492660522,0.5533121824264526,0.2074451744556427,0.1832572966814041,0.4540278911590576,0.9974002838134766,0.46973827481269836,0.20010271668434143,0.3951311707496643,0.5450992584228516,0.997221827507019,0.541691780090332,0.2023824155330658,0.19330179691314697,0.42577338218688965,0.9963823556900024,0.4752791225910187,0.20109498500823975,0.3647362291812897,0.5348926186561584,0.9965850114822388,0.5434396862983704,0.2036936730146408,0.04625048488378525,0.4176330864429474,0.9962196946144104,0.47701847553253174,0.20495828986167908,0.36742180585861206,0.5099522471427917,0.9975157976150513,0.5415534377098083,0.20605847239494324,0.1380460113286972,0.40305110812187195,0.9968684315681458,0.5063552856445312,0.33034640550613403,-0.002305596834048629,0.9994473457336426,0.999733030796051,0.5569247603416443,0.33990687131881714,0.0020710243843495846,0.999478816986084,0.9996395111083984,0.4992207884788513,0.3836420178413391,-0.07895253598690033,0.8601478338241577,0.995676577091217,0.5553112030029297,0.39907148480415344,-0.03256404399871826,0.8859120011329651,0.9954894185066223,0.5236047506332397,0.4502065181732178,-0.11319128423929214,0.8923485279083252,0.9956722259521484,0.5454421043395996,0.47316211462020874,-0.040096886456012726,0.8776838779449463,0.9925703406333923,0.5358027815818787,0.45990848541259766,-0.11392578482627869,0.8467045426368713,0.995571494102478,0.5416160821914673,0.48374637961387634,-0.04265066608786583,0.8216109275817871,0.9924543499946594,0.5146966576576233,0.4640882611274719,-0.13040773570537567,0.8158009648323059,0.9963685274124146,0.5512864589691162,0.4884001612663269,-0.12153691053390503,0.7796092629432678,0.9934367537498474
25,850,True,0.5284899473190308,0.21915975213050842,0.2844628393650055,0.9985528588294983,0.9999250173568726,0.5246254205703735,0.21373936533927917,0.26314014196395874,0.9984411597251892,0.999902606010437,0.5207321047782898,0.21342435479164124,0.26311931014060974,0.9981725811958313,0.9999092817306519,0.5160130262374878,0.21281132102012634,0.2631462812423706,0.9984251260757446,0.9999114274978638,0.5360651016235352,0.21388864517211914,0.2671639025211334,0.9980924129486084,0.9998676776885986,0.539081335067749,0.2154194861650467,0.26704901456832886,0.9976794123649597,0.9998501539230347,0.5416434407234192,0.214922234416008,0.26708534359931946,0.9978575110435486,0.9998194575309753,0.511577844619751,0.21783313155174255,0.16435310244560242,0.9972381591796875,0.999911904335022,0.5440641641616821,0.21864426136016846,0.17907945811748505,0.9970285296440125,0.9997794032096863,0.523015022277832,0.22497546672821045,0.2541789710521698,0.9958333969116211,0.9997830986976624,0.5347186923027039,0.22578461468219757,0.25911569595336914,0.9953280687332153,0.9997112154960632,0.4753395617008209,0.250450074672699,0.10480108112096786,0.9983974695205688,0.9992395639419556,0.5796390175819397,0.24872641265392303,0.1012379452586174,0.9977848529815674,0.9939889907836914,0.4385656714439392,0.2287929356098175,0.20242485404014587,0.8200722932815552,0.9997157454490662,0.587250828742981,0.23551400005817413,0.13336138427257538,0.6892979145050049,0.9987549781799316,0.46245983242988586,0.20578832924365997,0.3743543326854706,0.6160091757774353,0.9991113543510437,0.5611787438392639,0.20883223414421082,0.21342484652996063,0.46349480748176575,0.9986741542816162,0.46181076765060425,0.19747504591941833,0.3949458599090576,0.5804955363273621,0.9983396530151367,0.549740731716156,0.20097365975379944,0.2159772664308548,0.4345359206199646,0.9981290698051453,0.46889975666999817,0.20129871368408203,0.3675074577331543,0.5710678100585938,0.9978989362716675,0.5488393902778625,0.20224252343177795,0.18980422616004944,0.42669716477394104,0.998011589050293,0.46959352493286133,0.20401950180530548,0.36990654468536377,0.5469150543212891,0.9986312985420227,0.5475751757621765,0.20496825873851776,0.2039206326007843,0.4125186800956726,0.9984130859375,0.5066817998886108,0.34880757331848145,0.0022107893601059914,0.9994728565216064,0.9998754262924194,0.5586113333702087,0.3572513461112976,-0.0024065678007900715,0.9994884729385376,0.9997847676277161,0.5026814937591553,0.39473956823349,-0.07847460359334946,0.8568186163902283,0.9975033402442932,0.5610160827636719,0.4021516740322113,-0.08075456321239471,0.8806630373001099,0.9961866736412048,0.5240532159805298,0.46825432777404785,-0.1544334888458252,0.8906112313270569,0.9961740374565125,0.5493229627609253,0.48038753867149353,-0.13969774544239044,0.8711920976638794,0.9937633872032166,0.5337475538253784,0.4790411591529846,-0.1596744805574417,0.852468729019165,0.9950626492500305,0.5445975661277771,0.4916769564151764,-0.14646245539188385,0.824323832988739,0.9932191967964172,0.5148606896400452,0.4814675748348236,-0.20721694827079773,0.8157595992088318,0.995686948299408,0.5553679466247559,0.494765043258667,-0.2019111067056656,0.773145318031311,0.9940069913864136
26,884,True,0.5268926620483398,0.23164013028144836,0.34224578738212585,0.9986269474029541,0.9999567270278931,0.5227992534637451,0.226039856672287,0.3246071934700012,0.9985053539276123,0.9999178647994995,0.5190187692642212,0.2256166636943817,0.3246456980705261,0.9982534050941467,0.9999202489852905,0.5133420825004578,0.22478671371936798,0.3246763050556183,0.9984830021858215,0.9999178647994995,0.5356539487838745,0.22682268917560577,0.3243963122367859,0.9981781840324402,0.9998953342437744,0.5389175415039062,0.2296263873577118,0.3242877721786499,0.9977969527244568,0.9998756647109985,0.5415761470794678,0.22919344902038574,0.32443517446517944,0.9979311227798462,0.9998466968536377,0.5098205804824829,0.2304319590330124,0.2302560955286026,0.9973797798156738,0.9998805522918701,0.5441039800643921,0.2332981377840042,0.21878929436206818,0.9971509575843811,0.9997434020042419,0.5230851769447327,0.237094447016716,0.3095861077308655,0.9960254430770874,0.9998067021369934,0.5345986485481262,0.23782436549663544,0.30842697620391846,0.9955430030822754,0.9997708201408386,0.4733612537384033,0.2612794041633606,0.15244464576244354,0.9984274506568909,0.9995747208595276,0.5796579718589783,0.258718878030777,0.12446967512369156,0.9975957870483398,0.9974306225776672,0.4392252266407013,0.22907325625419617,0.2084304392337799,0.8348804712295532,0.9999158382415771,0.5844905972480774,0.23570077121257782,0.12192241102457047,0.7045102119445801,0.9996476173400879,0.4626465141773224,0.20713159441947937,0.3445124626159668,0.6507851481437683,0.9996142387390137,0.559407114982605,0.2095273733139038,0.13745364546775818,0.49860599637031555,0.9995917677879333,0.46155184507369995,0.19962330162525177,0.33438876271247864,0.6189433336257935,0.9992165565490723,0.5539067387580872,0.2024877518415451,0.11754249036312103,0.47134119272232056,0.9993521571159363,0.4690776765346527,0.20134642720222473,0.2984885573387146,0.6102091073989868,0.9989207983016968,0.5514684319496155,0.20366236567497253,0.11036504805088043,0.463949590921402,0.9993070363998413,0.4698508381843567,0.20348839461803436,0.3259466290473938,0.5877188444137573,0.9993345141410828,0.5498579740524292,0.2072656899690628,0.13072580099105835,0.44928237795829773,0.9995032548904419,0.5011641383171082,0.3605004549026489,0.00549623928964138,0.9995143413543701,0.9999300241470337,0.5553052425384521,0.36157965660095215,-0.0056476653553545475,0.9995210766792297,0.9998672008514404,0.4953686594963074,0.4077611565589905,-0.1190161406993866,0.8667290210723877,0.9990390539169312,0.5626157522201538,0.4157335162162781,-0.1167781800031662,0.8797297477722168,0.9982993006706238,0.5277921557426453,0.48295480012893677,-0.22666151821613312,0.897803544998169,0.9986680746078491,0.5527434349060059,0.4931055009365082,-0.21136264503002167,0.8701698780059814,0.997892439365387,0.5366308689117432,0.49205225706100464,-0.2376323640346527,0.865693211555481,0.9981390237808228,0.5447537899017334,0.5028720498085022,-0.22432205080986023,0.8326576948165894,0.9975922703742981,0.5233302116394043,0.5029071569442749,-0.31658604741096497,0.8269514441490173,0.9980952143669128,0.5677823424339294,0.509892463684082,-0.29117876291275024,0.7736241817474365,0.997566819190979
27,918,True,0.526849091053009,0.2356073558330536,0.3536428213119507,0.9987502098083496,0.9999881982803345,0.5220209956169128,0.23208999633789062,0.33481425046920776,0.9986345767974854,0.9999773502349854,0.5181514620780945,0.23215048015117645,0.3348470628261566,0.9984073042869568,0.9999786615371704,0.5131375789642334,0.23201076686382294,0.33488669991493225,0.9986134767532349,0.9999784231185913,0.5354571342468262,0.23185160756111145,0.3359329104423523,0.9983370900154114,0.9999700784683228,0.5389428734779358,0.23232248425483704,0.33580344915390015,0.9979926943778992,0.9999642372131348,0.5418075323104858,0.23211705684661865,0.3359597623348236,0.9981065988540649,0.9999562501907349,0.5077962279319763,0.23795124888420105,0.24178943037986755,0.9976097941398621,0.9999700784683228,0.5444139242172241,0.23743446171283722,0.23861120641231537,0.9974008202552795,0.9999271631240845,0.5221660733222961,0.24243810772895813,0.32104334235191345,0.9963640570640564,0.9999467134475708,0.5346295833587646,0.2426685094833374,0.32172372937202454,0.9959238171577454,0.9999332427978516,0.4734005033969879,0.2670265734195709,0.1613507866859436,0.9985154867172241,0.9997931122779846,0.5797105431556702,0.26538994908332825,0.14237506687641144,0.9975942969322205,0.9986598491668701,0.44172850251197815,0.23212194442749023,0.19974401593208313,0.850150465965271,0.9999295473098755,0.5854305028915405,0.23808041214942932,0.16468629240989685,0.7264518737792969,0.9996740818023682,0.4610832929611206,0.20733532309532166,0.2534072995185852,0.6842817664146423,0.999658465385437,0.5672515630722046,0.21007199585437775,0.156403049826622,0.541120707988739,0.999680757522583,0.4610920250415802,0.20069590210914612,0.25014472007751465,0.6555681824684143,0.9992953538894653,0.5708211064338684,0.20259086787700653,0.1780184656381607,0.5153257846832275,0.9994869232177734,0.4683381915092468,0.20204512774944305,0.2229662835597992,0.6475819945335388,0.9990654587745667,0.5628234148025513,0.2039252072572708,0.17785392701625824,0.508401095867157,0.9994687438011169,0.4699869453907013,0.20524199306964874,0.24341362714767456,0.6269236207008362,0.9994255304336548,0.5604914426803589,0.20689396560192108,0.13369111716747284,0.49332043528556824,0.9996187686920166,0.49892687797546387,0.37291842699050903,0.0024752034805715084,0.9995405673980713,0.9998772144317627,0.5573940873146057,0.3704492747783661,-0.002659574616700411,0.9995207190513611,0.9997259974479675,0.49231207370758057,0.4435073733329773,-0.11238831281661987,0.8780288100242615,0.9994136095046997,0.5685821175575256,0.4383625388145447,-0.09955328702926636,0.8834830522537231,0.9985958933830261,0.51949542760849,0.524314284324646,-0.188497856259346,0.9067525267601013,0.9988316893577576,0.5661624670028687,0.5145081281661987,-0.14148733019828796,0.8745371699333191,0.9984979629516602,0.5247802138328552,0.5403680205345154,-0.19818952679634094,0.8782822489738464,0.998146653175354,0.5583522319793701,0.5255584120750427,-0.15222176909446716,0.8431049585342407,0.9982233643531799,0.5131465792655945,0.5479165315628052,-0.2828131914138794,0.8405177593231201,0.9975371360778809,0.5800012946128845,0.5354553461074829,-0.23349323868751526,0.7793886661529541,0.9980306029319763
28,952,True,0.5270383358001709,0.24124738574028015,0.292836457490921,0.9988499283790588,0.9999830722808838,0.5222434997558594,0.237831711769104,0.26927071809768677,0.9987333416938782,0.9999675750732422,0.5184068083763123,0.23780830204486847,0.2693295478820801,0.9985278844833374,0.9999686479568481,0.5136627554893494,0.2376474142074585,0.2693704068660736,0.9987097978591919,0.9999673366546631,0.5354856252670288,0.23774833977222443,0.2668713331222534,0.998466968536377,0.9999620914459229,0.5389811396598816,0.23777472972869873,0.26673924922943115,0.9981567859649658,0.9999567270278931,0.5420436263084412,0.23761212825775146,0.26686251163482666,0.998248815536499,0.9999494552612305,0.5082510113716125,0.24288634955883026,0.16753840446472168,0.9977830052375793,0.9999574422836304,0.5447938442230225,0.24230320751667023,0.15536512434482574,0.9976069927215576,0.9999257326126099,0.5220163464546204,0.2476683408021927,0.2588120698928833,0.9966421127319336,0.9999302625656128,0.5346783995628357,0.24804937839508057,0.2553645968437195,0.9962422251701355,0.9999253749847412,0.47321972250938416,0.27474910020828247,0.10923599451780319,0.9985315203666687,0.9997005462646484,0.5807270407676697,0.2709778845310211,0.07009539008140564,0.9976426362991333,0.9991325736045837,0.44314053654670715,0.23766958713531494,0.14030671119689941,0.862820029258728,0.9999023675918579,0.5843915343284607,0.23935380578041077,0.09439036250114441,0.7454321384429932,0.9996386766433716,0.46043065190315247,0.20886416733264923,0.1833941787481308,0.7138568758964539,0.9996172189712524,0.5660743713378906,0.21115586161613464,0.1424863040447235,0.577070951461792,0.9996286630630493,0.4590662121772766,0.2020581215620041,0.18051452934741974,0.6880841255187988,0.9992703795433044,0.5719541311264038,0.20386850833892822,0.131967693567276,0.5525029301643372,0.999422550201416,0.4657837450504303,0.20312997698783875,0.15450777113437653,0.6807578206062317,0.999047577381134,0.5626868605613708,0.2050897181034088,0.12523803114891052,0.5459030270576477,0.999406099319458,0.4690001308917999,0.20574955642223358,0.17384032905101776,0.6617052555084229,0.9993865489959717,0.5568004846572876,0.2079576551914215,0.13684532046318054,0.530197262763977,0.9995526671409607,0.498416930437088,0.386186808347702,0.011889003217220306,0.9995687007904053,0.9999194145202637,0.558454155921936,0.38306501507759094,-0.012045730836689472,0.9995408654212952,0.9998816251754761,0.49096277356147766,0.4608401656150818,-0.00962014775723219,0.8863407373428345,0.9994421601295471,0.5698368549346924,0.45447206497192383,-0.04173426330089569,0.888248085975647,0.9993329644203186,0.505693256855011,0.5304268002510071,-0.033704135566949844,0.9142400026321411,0.999254047870636,0.5709413290023804,0.5340505838394165,-0.039345841854810715,0.8807603716850281,0.9991686344146729,0.5161792039871216,0.5485552549362183,-0.03801729530096054,0.8891313672065735,0.9989622831344604,0.5627169013023376,0.544624924659729,-0.04353867471218109,0.8524931073188782,0.9989724159240723,0.5055174231529236,0.5521093010902405,-0.12372032552957535,0.8517984747886658,0.9987344145774841,0.5775390267372131,0.548819363117218,-0.11838904768228531,0.7878715991973877,0.9988695979118347
29,986,True,0.5270382165908813,0.24538767337799072,0.2740001976490021,0.9989414811134338,0.9999802112579346,0.5220626592636108,0.2416854202747345,0.2514705955982208,0.9988230466842651,0.9999603033065796,0.5181108117103577,0.24160721898078918,0.25150275230407715,0.9986372590065002,0.9999618530273438,0.5135039687156677,0.2414337694644928,0.25152474641799927,0.9987972378730774,0.999961256980896,0.5354278087615967,0.24169638752937317,0.24656745791435242,0.9985827207565308,0.9999508857727051,0.5389989018440247,0.24163925647735596,0.24645040929317474,0.9983019828796387,0.9999418258666992,0.5422017574310303,0.24142587184906006,0.24658413231372833,0.9983720779418945,0.9999291896820068,0.5075855851173401,0.2461937665939331,0.15633228421211243,0.9979490041732788,0.999953031539917,0.545093297958374,0.24613714218139648,0.13214117288589478,0.9977878928184509,0.9998964071273804,0.5212123394012451,0.2509808838367462,0.2426455169916153,0.9969059228897095,0.9999309778213501,0.5346496105194092,0.2515239417552948,0.23574812710285187,0.9965415596961975,0.9999210834503174,0.47210803627967834,0.27867650985717773,0.10143865644931793,0.9986053109169006,0.9997815489768982,0.5806604027748108,0.27573710680007935,0.047234196215867996,0.9976806044578552,0.9990891218185425,0.44402745366096497,0.23969073593616486,0.14633817970752716,0.8734966516494751,0.9998986721038818,0.5837475657463074,0.24000653624534607,0.03845937177538872,0.7655275464057922,0.9996695518493652,0.4605426788330078,0.20973412692546844,0.203780859708786,0.7401970624923706,0.9995909333229065,0.5683180689811707,0.21128776669502258,0.06176513433456421,0.6131294965744019,0.999559223651886,0.46005237102508545,0.20024161040782928,0.2022339254617691,0.7171515822410583,0.999230146408081,0.574020266532898,0.20328307151794434,0.043961841613054276,0.5898167490959167,0.9992833733558655,0.4666283130645752,0.20266731083393097,0.17718914151191711,0.7104112505912781,0.9990082383155823,0.5639910101890564,0.20478121936321259,0.03582320362329483,0.5836344957351685,0.9992796778678894,0.47007590532302856,0.2056727409362793,0.19519011676311493,0.6928157806396484,0.9993414282798767,0.5599026083946228,0.20839866995811462,0.056373219937086105,0.5678161978721619,0.9994620680809021,0.4975275695323944,0.3917437493801117,0.013207629323005676,0.9996018409729004,0.9999388456344604,0.5583213567733765,0.3878292441368103,-0.01334718894213438,0.9995679259300232,0.9998999834060669,0.48804405331611633,0.45207008719444275,-0.027288656681776047,0.8949483633041382,0.9995219707489014,0.5686432123184204,0.45130881667137146,-0.050067514181137085,0.8926999568939209,0.9992582201957703,0.5040863156318665,0.5277275443077087,-0.06522146612405777,0.9211850762367249,0.9992172718048096,0.5719267725944519,0.5303975343704224,-0.05663515254855156,0.886883020401001,0.9990611672401428,0.5164523720741272,0.5450891852378845,-0.0688653215765953,0.8989163637161255,0.9989319443702698,0.5640841722488403,0.5431119799613953,-0.0606047585606575,0.8610271215438843,0.9988889098167419,0.5067466497421265,0.5573722720146179,-0.14303681254386902,0.8629703521728516,0.9985621571540833,0.5815870761871338,0.5530389547348022,-0.12601113319396973,0.7980296611785889,0.9986407160758972
30,1020,True,0.5265086889266968,0.2488373965024948,0.234733447432518,0.9990273714065552,0.999984860420227,0.521538496017456,0.24581816792488098,0.21295692026615143,0.998904287815094,0.9999692440032959,0.5178928375244141,0.24579627811908722,0.21300621330738068,0.998735249042511,0.9999690055847168,0.5136465430259705,0.2457202970981598,0.2130485326051712,0.9988752603530884,0.9999675750732422,0.5340697169303894,0.24615177512168884,0.2075980007648468,0.9986913204193115,0.9999650716781616,0.5376496911048889,0.24632982909679413,0.2074790596961975,0.9984372854232788,0.9999592304229736,0.5411778092384338,0.24638934433460236,0.20760470628738403,0.9984895586967468,0.9999514818191528,0.5078822374343872,0.2501928508281708,0.12202683836221695,0.9980882406234741,0.9999551773071289,0.5441381335258484,0.2513677179813385,0.09637600928544998,0.9979480504989624,0.9999244213104248,0.5208661556243896,0.2548249661922455,0.20531640946865082,0.9971520900726318,0.9999343156814575,0.5339108109474182,0.25535696744918823,0.19793720543384552,0.9968184232711792,0.9999288320541382,0.47165447473526,0.28308141231536865,0.07236625999212265,0.9986618757247925,0.9997523427009583,0.578697144985199,0.2820146977901459,0.016638075932860374,0.9977065324783325,0.9992063641548157,0.4446651041507721,0.241474911570549,0.12969836592674255,0.8832295536994934,0.9998980760574341,0.5832594633102417,0.2438419759273529,-0.011315037496387959,0.7846197485923767,0.999722421169281,0.4604184031486511,0.21049773693084717,0.18912094831466675,0.7640269994735718,0.9996647834777832,0.56965571641922,0.21182787418365479,-0.014235089533030987,0.6464370489120483,0.9996581077575684,0.45915481448173523,0.20147721469402313,0.18485993146896362,0.7433582544326782,0.99937504529953,0.5735899806022644,0.20395401120185852,-0.03900432214140892,0.6240851283073425,0.9994350075721741,0.4669947624206543,0.2031906545162201,0.15922528505325317,0.737130880355835,0.9992002844810486,0.5633408427238464,0.2052384316921234,-0.04749201238155365,0.618240237236023,0.9994286894798279,0.46978726983070374,0.20599594712257385,0.17969001829624176,0.7208971381187439,0.99946528673172,0.5600504279136658,0.2083842009305954,-0.021054279059171677,0.6024832129478455,0.9995701909065247,0.497586727142334,0.3965016305446625,0.01568128913640976,0.9996328353881836,0.999945878982544,0.55520099401474,0.3933175206184387,-0.01578160747885704,0.9995940327644348,0.9999240636825562,0.4892612099647522,0.47029590606689453,-0.010847074910998344,0.902655303478241,0.9996885061264038,0.5676848888397217,0.46364450454711914,-0.04190486669540405,0.8970708250999451,0.9995929598808289,0.5053569674491882,0.5536277890205383,-0.022547315806150436,0.9277809858322144,0.9995261430740356,0.5712912082672119,0.545371949672699,-0.01629965752363205,0.8931711912155151,0.9995274543762207,0.516929566860199,0.5651520490646362,-0.02636607550084591,0.9076340198516846,0.9993109703063965,0.5638105869293213,0.5586045980453491,-0.018192728981375694,0.8688284158706665,0.9993996620178223,0.5070741176605225,0.5786132216453552,-0.126791849732399,0.8737970590591431,0.9990203380584717,0.5812809467315674,0.5660470724105835,-0.10095855593681335,0.8091970682144165,0.9992499947547913
31,1054,True,0.52653968334198,0.2508277893066406,0.20452168583869934,0.9990917444229126,0.9999685287475586,0.5216873288154602,0.24693770706653595,0.18116334080696106,0.9989537596702576,0.9999428987503052,0.5181145071983337,0.2468070089817047,0.18119175732135773,0.9987965226173401,0.9999411106109619,0.5138662457466125,0.24661311507225037,0.18122516572475433,0.9989174604415894,0.9999376535415649,0.5338188409805298,0.247188001871109,0.17525385320186615,0.9987723231315613,0.9999393224716187,0.5374248623847961,0.2472025603055954,0.17511551082134247,0.9985414743423462,0.9999319314956665,0.5409508347511292,0.24710988998413086,0.1752074956893921,0.9985756874084473,0.9999223947525024,0.5082785487174988,0.2509579658508301,0.08819568902254105,0.9981751441955566,0.9999150037765503,0.544046938419342,0.2514955401420593,0.06039002165198326,0.9980674982070923,0.999884843826294,0.5209599137306213,0.25555968284606934,0.17562629282474518,0.9973238110542297,0.9998354911804199,0.5336870551109314,0.25594472885131836,0.16753873229026794,0.9970152378082275,0.9998356103897095,0.47201108932495117,0.28445500135421753,0.04532706364989281,0.9986417889595032,0.9994096755981445,0.5786923170089722,0.2812903821468353,-0.01240598876029253,0.997661828994751,0.9986516833305359,0.44715702533721924,0.2442188560962677,0.112489253282547,0.8898442387580872,0.999782145023346,0.5829116106033325,0.24402442574501038,-0.015457182191312313,0.7991166114807129,0.999468982219696,0.4607400596141815,0.21109822392463684,0.17957159876823425,0.7834550142288208,0.9993748068809509,0.5690065026283264,0.21185779571533203,0.010094895027577877,0.6719169020652771,0.9993923902511597,0.45896095037460327,0.20237179100513458,0.17438152432441711,0.7649394273757935,0.9989022016525269,0.5714712142944336,0.20360031723976135,-0.011500130407512188,0.6499730348587036,0.9990635514259338,0.467385858297348,0.20380859076976776,0.1500682681798935,0.7590829133987427,0.9986211061477661,0.5625635981559753,0.20514433085918427,-0.02237343229353428,0.644341766834259,0.9990357160568237,0.4699086844921112,0.20655927062034607,0.17010384798049927,0.7439196109771729,0.9990441203117371,0.5592884421348572,0.2088066041469574,0.00317056174390018,0.6282029747962952,0.9992448091506958,0.4971361458301544,0.40178853273391724,0.020670313388109207,0.9996581077575684,0.9999141693115234,0.5526556372642517,0.3979371190071106,-0.020716778934001923,0.999613881111145,0.9998904466629028,0.49617013335227966,0.4839942455291748,0.05029692500829697,0.9077320098876953,0.9995098114013672,0.5589022636413574,0.47864383459091187,0.007820588536560535,0.8993330597877502,0.9993926286697388,0.5064994692802429,0.5674779415130615,0.06671442091464996,0.9332345724105835,0.9992796778678894,0.5533226132392883,0.5593157410621643,0.0682111531496048,0.8970322608947754,0.999297022819519,0.5157173871994019,0.5763331055641174,0.06521578133106232,0.9144694805145264,0.9989420771598816,0.5480844974517822,0.5705212354660034,0.07017063349485397,0.8727083802223206,0.9990924596786499,0.5071332454681396,0.589785635471344,-0.036831390112638474,0.8826212882995605,0.9984630346298218,0.560269832611084,0.5775517225265503,-0.014010071754455566,0.8166309595108032,0.9989056587219238
32,1088,True,0.5262969732284546,0.2517021894454956,0.14431217312812805,0.9991365671157837,0.9999440908432007,0.5218114852905273,0.24901092052459717,0.12172277271747589,0.9989610314369202,0.999895453453064,0.5181688666343689,0.2488829344511032,0.12174960970878601,0.9988097548484802,0.9998912811279297,0.5144603252410889,0.24869053065776825,0.12178726494312286,0.9989135265350342,0.9998847246170044,0.5327200293540955,0.24926595389842987,0.11491367220878601,0.9988138675689697,0.9998880624771118,0.5358603000640869,0.24930191040039062,0.1147959902882576,0.9986014366149902,0.9998723268508911,0.5391478538513184,0.24922975897789001,0.11489049345254898,0.9986127018928528,0.9998519420623779,0.5087249875068665,0.253289133310318,0.03754400834441185,0.9981735944747925,0.9998267292976379,0.5421530604362488,0.25376570224761963,0.006246246863156557,0.9981019496917725,0.9997546076774597,0.5210348963737488,0.25686749815940857,0.11932538449764252,0.9974339008331299,0.9996975660324097,0.532599151134491,0.25731581449508667,0.11016807705163956,0.9971346855163574,0.9996882677078247,0.4722744822502136,0.2860446274280548,0.007199362386018038,0.9985393285751343,0.998938262462616,0.5776944756507874,0.2840957045555115,-0.062038686126470566,0.9974839091300964,0.9973263740539551,0.44916462898254395,0.24554207921028137,0.06358030438423157,0.8956438899040222,0.9997555613517761,0.5829811692237854,0.24435639381408691,-0.09306322783231735,0.8132355809211731,0.9993903636932373,0.4613611102104187,0.21137109398841858,0.11172123998403549,0.8012995719909668,0.9994211196899414,0.5683509707450867,0.21178209781646729,-0.10573548078536987,0.696369469165802,0.9993577599525452,0.4594723582267761,0.20157940685749054,0.09697535634040833,0.784583330154419,0.9989855885505676,0.5701584219932556,0.20354339480400085,-0.13713428378105164,0.674828052520752,0.9990119934082031,0.46784713864326477,0.20257337391376495,0.07524439692497253,0.7790814638137817,0.9987493753433228,0.5617076754570007,0.2056141346693039,-0.1509615033864975,0.6695113778114319,0.9989903569221497,0.47046130895614624,0.20658059418201447,0.10191385447978973,0.7648476362228394,0.9991164803504944,0.5583159923553467,0.20904657244682312,-0.11537258327007294,0.6529262661933899,0.9991971850395203,0.4981675446033478,0.40606600046157837,0.027345750480890274,0.9996792674064636,0.9998985528945923,0.5455647706985474,0.40308913588523865,-0.027355466037988663,0.9996288418769836,0.9998711347579956,0.5005326867103577,0.4913605749607086,0.06216715648770332,0.9107224941253662,0.9993826150894165,0.5470101833343506,0.4869216978549957,0.006786566227674484,0.9014818072319031,0.9992475509643555,0.506735622882843,0.5764786005020142,0.09807220101356506,0.9377613663673401,0.9991328120231628,0.5395386815071106,0.5721868276596069,0.08265469968318939,0.90052330493927,0.9991436004638672,0.5136597752571106,0.5870099663734436,0.09734153002500534,0.9197909832000732,0.9987024068832397,0.5364832282066345,0.5815557241439819,0.08603832125663757,0.8747656345367432,0.9988664388656616,0.5082170963287354,0.6010611653327942,-0.011850112117826939,0.8901069760322571,0.9982002973556519,0.5478687286376953,0.5930737853050232,-0.005651236046105623,0.8235013484954834,0.9986704587936401
33,1122,True,0.5256810784339905,0.25536561012268066,0.17637775838375092,0.9991771578788757,0.9999382495880127,0.5209416747093201,0.2517271637916565,0.1518460363149643,0.9989764094352722,0.9998854398727417,0.5173768997192383,0.2516248822212219,0.15188956260681152,0.9988342523574829,0.9998822212219238,0.5137577652931213,0.25221455097198486,0.15191827714443207,0.998916745185852,0.999875545501709,0.532271683216095,0.25181129574775696,0.14609207212924957,0.9988608956336975,0.9998812675476074,0.535635769367218,0.25174298882484436,0.14596033096313477,0.9986677765846252,0.9998668432235718,0.5391072630882263,0.25155729055404663,0.14605827629566193,0.9986565113067627,0.9998503923416138,0.5085906386375427,0.2565493583679199,0.058875709772109985,0.9982149004936218,0.999830961227417,0.5421777963638306,0.25628897547721863,0.03159588575363159,0.9981771111488342,0.9997813105583191,0.5202302932739258,0.26065757870674133,0.1480669379234314,0.997561514377594,0.9997547268867493,0.5322922468185425,0.2609045207500458,0.14022788405418396,0.997284471988678,0.9997565150260925,0.4727228283882141,0.2901780605316162,0.017293203622102737,0.9985013604164124,0.999305009841919,0.5777377486228943,0.28735867142677307,-0.0383700355887413,0.9974328279495239,0.9985631108283997,0.4502272307872772,0.2467166930437088,0.06123467907309532,0.9012941718101501,0.9997208714485168,0.5832363367080688,0.24430003762245178,-0.07012271136045456,0.8262080550193787,0.9994282126426697,0.461424857378006,0.2106754332780838,0.10524629801511765,0.8176809549331665,0.9990965127944946,0.5690015554428101,0.21094711124897003,-0.08872336149215698,0.7191289067268372,0.9991006851196289,0.45978623628616333,0.2011326551437378,0.09333670139312744,0.8028301000595093,0.9984550476074219,0.5703872442245483,0.20283456146717072,-0.1207161620259285,0.6981961727142334,0.998556911945343,0.4681766927242279,0.20190346240997314,0.06876133382320404,0.797630786895752,0.9980792999267578,0.5605341196060181,0.20471441745758057,-0.13010643422603607,0.6930821537971497,0.9985613226890564,0.4705551266670227,0.20629891753196716,0.09478925913572311,0.7843593955039978,0.9986231327056885,0.5572978258132935,0.20758923888206482,-0.09690515697002411,0.6767505407333374,0.9988647699356079,0.4973999559879303,0.4088870882987976,0.025908907875418663,0.9996972680091858,0.9998492002487183,0.5457223057746887,0.4062955975532532,-0.02591821365058422,0.9996410012245178,0.9998284578323364,0.5006062984466553,0.4982973635196686,0.047222867608070374,0.9160555601119995,0.9993312358856201,0.5481565594673157,0.4949757158756256,0.0030040601268410683,0.904980480670929,0.9992190599441528,0.5064171552658081,0.5829559564590454,0.07181593775749207,0.942535936832428,0.998941957950592,0.5404099225997925,0.5802009701728821,0.06482037156820297,0.9051295518875122,0.9990517497062683,0.5089797377586365,0.5951817035675049,0.07078859955072403,0.9259656071662903,0.9984697699546814,0.5377196073532104,0.5906134247779846,0.06695889681577682,0.8804858326911926,0.9987756609916687,0.5033285617828369,0.6074931025505066,-0.03719720244407654,0.8976511359214783,0.9978113770484924,0.5419875383377075,0.5990661382675171,-0.022821275517344475,0.8308032751083374,0.9985263347625732
34,1156,True,0.5257304906845093,0.2589581310749054,0.11930669099092484,0.9992082118988037,0.9999254941940308,0.5216239094734192,0.25587964057922363,0.09734182059764862,0.998970627784729,0.9998646974563599,0.5189166069030762,0.2558486759662628,0.09737581759691238,0.9988309144973755,0.9998584985733032,0.5163893103599548,0.25592440366744995,0.09741190820932388,0.998896062374115,0.9998501539230347,0.5321056246757507,0.2558589577674866,0.09449665993452072,0.9988822340965271,0.999859094619751,0.535069465637207,0.25584375858306885,0.09437141567468643,0.9987002611160278,0.9998407363891602,0.5379638671875,0.255771666765213,0.09444376826286316,0.9986676573753357,0.9998188614845276,0.5111392736434937,0.26090559363365173,0.015853198245167732,0.9981986880302429,0.9997842907905579,0.5404111742973328,0.2605629563331604,0.0026989083271473646,0.998190701007843,0.9997147917747498,0.5206203460693359,0.2647797465324402,0.09487069398164749,0.9976544380187988,0.9996758699417114,0.5318901538848877,0.26475781202316284,0.09108918160200119,0.9973791241645813,0.9996551275253296,0.4730275571346283,0.2938767373561859,-0.026181265711784363,0.998466432094574,0.9992064833641052,0.5776894688606262,0.2924412488937378,-0.054517712444067,0.9972900152206421,0.9979550838470459,0.4532255530357361,0.2473723143339157,-0.010760682635009289,0.907426655292511,0.9997373223304749,0.5836455225944519,0.24755874276161194,-0.10369815677404404,0.8383902311325073,0.999428927898407,0.46306371688842773,0.21056172251701355,0.0005793497548438609,0.8328814506530762,0.9992152452468872,0.5685167908668518,0.21083226799964905,-0.15099617838859558,0.7404690384864807,0.9990665316581726,0.46099692583084106,0.20089738070964813,-0.02555939555168152,0.8192824721336365,0.9985987544059753,0.5698538422584534,0.20283909142017365,-0.19058775901794434,0.7196844816207886,0.9984766840934753,0.4709446430206299,0.2014099806547165,-0.0440380685031414,0.8143822550773621,0.998336136341095,0.5604357123374939,0.2050275057554245,-0.20363286137580872,0.7148202061653137,0.9984858632087708,0.4730321168899536,0.20612993836402893,-0.009343604557216167,0.8019549250602722,0.9987932443618774,0.5570932030677795,0.20785970985889435,-0.16220934689044952,0.6987718343734741,0.9987817406654358,0.49863582849502563,0.41144126653671265,0.024415913969278336,0.999717116355896,0.999900221824646,0.5420944094657898,0.4102800488471985,-0.02435692958533764,0.9996553659439087,0.999874472618103,0.5020545125007629,0.5015772581100464,0.05757959559559822,0.9191094636917114,0.9993450045585632,0.5418171286582947,0.4994661211967468,0.028514869511127472,0.9063224196434021,0.9990891218185425,0.5067384839057922,0.5843967199325562,0.10511574149131775,0.946047842502594,0.9988351464271545,0.5328956246376038,0.5817625522613525,0.1274159997701645,0.907345175743103,0.9989519119262695,0.5065847635269165,0.5957118272781372,0.10545018315315247,0.9297329783439636,0.9982191920280457,0.5313889980316162,0.5913682579994202,0.13248372077941895,0.8827277421951294,0.9986041188240051,0.49972671270370483,0.6052485108375549,-0.009540950879454613,0.9032635688781738,0.9974642992019653,0.5344909429550171,0.5979253053665161,0.03981238603591919,0.8356253504753113,0.9983395338058472
35,1190,True,0.5254681706428528,0.2596675455570221,-0.20631447434425354,0.9992496967315674,0.99982088804245,0.5237492322921753,0.256263792514801,-0.18589331209659576,0.9990101456642151,0.9997203946113586,0.5240375399589539,0.2563098073005676,-0.18594129383563995,0.9988566637039185,0.9996819496154785,0.5248972773551941,0.2563071846961975,-0.1859263777732849,0.9989320039749146,0.9996206760406494,0.5282109975814819,0.2561655044555664,-0.1896381974220276,0.9989328384399414,0.9997575879096985,0.5281310677528381,0.25618019700050354,-0.1897445023059845,0.9987478852272034,0.9997530579566956,0.5276528000831604,0.25610315799713135,-0.1897590011358261,0.9987345933914185,0.9997304081916809,0.5241959691047668,0.26152995228767395,-0.07625014334917068,0.9981932044029236,0.9993577599525452,0.5234838128089905,0.2613288164138794,-0.0886053591966629,0.998258113861084,0.9995751976966858,0.5226668119430542,0.2654375433921814,-0.16357740759849548,0.9976572394371033,0.9985795021057129,0.5269176363945007,0.2653071880340576,-0.16732527315616608,0.9974119663238525,0.9987305998802185,0.5503415465354919,0.294871985912323,-0.055561475455760956,0.9981344938278198,0.9924159049987793,0.4878973662853241,0.2928006649017334,-0.09597047418355942,0.9969381093978882,0.9948509335517883,0.5599699020385742,0.2491789609193802,-0.17153143882751465,0.9118502140045166,0.9984567165374756,0.4718931317329407,0.24833646416664124,-0.23008759319782257,0.8526820540428162,0.9989168643951416,0.5317109227180481,0.2101796418428421,-0.2671774923801422,0.8418912291526794,0.9972875118255615,0.4847714602947235,0.21097548305988312,-0.30478033423423767,0.7629920840263367,0.9981568455696106,0.5153751969337463,0.19798827171325684,-0.31763985753059387,0.8226611018180847,0.9962891340255737,0.4822829067707062,0.20117180049419403,-0.3567816913127899,0.7399389147758484,0.9974740147590637,0.5078073740005493,0.2016950398683548,-0.3124377727508545,0.8173717856407166,0.9959964752197266,0.4887400269508362,0.20249846577644348,-0.34569624066352844,0.7350146174430847,0.9972195625305176,0.5080621838569641,0.20521481335163116,-0.27336621284484863,0.8057491183280945,0.9965830445289612,0.4910617470741272,0.206777423620224,-0.3076733648777008,0.7195129990577698,0.9975334405899048,0.5351406335830688,0.41115546226501465,0.02029321901500225,0.999704897403717,0.9994449019432068,0.5077685713768005,0.41111525893211365,-0.020253490656614304,0.9996520280838013,0.9995999932289124,0.5248638391494751,0.49967724084854126,0.037657834589481354,0.9219613075256348,0.9987974166870117,0.5056416988372803,0.49966153502464294,0.018830260261893272,0.9136220812797546,0.9991864562034607,0.5172140002250671,0.5797572135925293,0.2217562198638916,0.9474141001701355,0.9986897110939026,0.5154871940612793,0.5809704661369324,0.2061297744512558,0.9142191410064697,0.9987232089042664,0.5106303095817566,0.5910214185714722,0.23386366665363312,0.920211911201477,0.997904896736145,0.5139111280441284,0.5909966826438904,0.21538046002388,0.8812143206596375,0.9979974627494812,0.519802451133728,0.601925253868103,0.06661252677440643,0.9078265428543091,0.9961677193641663,0.5124902129173279,0.6016805768013,0.041395485401153564,0.8483144640922546,0.9960141181945801
36,1224,True,0.524016261100769,0.2638649344444275,-0.0990029126405716,0.9992915391921997,0.9999659061431885,0.5220317840576172,0.26114410161972046,-0.005455878563225269,0.9990432262420654,0.9999375343322754,0.5215153098106384,0.2611987888813019,-0.005581792909651995,0.9989011287689209,0.9999352693557739,0.5214191675186157,0.2611943483352661,-0.005511668045073748,0.9989547729492188,0.9999310970306396,0.5276598334312439,0.2608581483364105,-0.0052450173534452915,0.9989863038063049,0.9999364614486694,0.5285220146179199,0.2607480585575104,-0.005321740638464689,0.9988185167312622,0.9999284744262695,0.5289434790611267,0.26059406995773315,-0.0053383586928248405,0.9987863898277283,0.9999203681945801,0.5201650261878967,0.26614144444465637,0.002398300915956497,0.9982714653015137,0.9999090433120728,0.5257881283760071,0.26525697112083435,-0.011659891344606876,0.9983484745025635,0.9998878240585327,0.5207666158676147,0.269490122795105,0.011270202696323395,0.9978138208389282,0.9998927116394043,0.5267165899276733,0.2690645754337311,0.01114206574857235,0.9975832104682922,0.999889612197876,0.5045089721679688,0.29790249466896057,-0.03442665562033653,0.9982240796089172,0.9997439980506897,0.5335565805435181,0.29569438099861145,-0.06679762899875641,0.9970391988754272,0.9994284510612488,0.49970123171806335,0.2500663101673126,-0.028642890974879265,0.9183894991874695,0.9998488426208496,0.54996657371521,0.24880647659301758,-0.12463895976543427,0.8641533255577087,0.9996914863586426,0.4979706108570099,0.20977361500263214,-0.02006608061492443,0.8559588193893433,0.9991948008537292,0.5414522290229797,0.21039140224456787,-0.1688913106918335,0.7825573682785034,0.9990692734718323,0.484115868806839,0.19862064719200134,-0.04030495136976242,0.8386396765708923,0.9985523819923401,0.5422478318214417,0.20111021399497986,-0.20831207931041718,0.7604647874832153,0.9984174966812134,0.4911828339099884,0.20155391097068787,-0.05492520332336426,0.8337240815162659,0.9982256293296814,0.5371973514556885,0.20291487872600555,-0.21879738569259644,0.7557876110076904,0.9984160661697388,0.49709179997444153,0.20432014763355255,-0.02758103236556053,0.822985827922821,0.9987168312072754,0.5236807465553284,0.20669415593147278,-0.17904077470302582,0.740874707698822,0.9987449645996094,0.5100895166397095,0.41578537225723267,0.019981900230050087,0.9997273683547974,0.9999351501464844,0.5135474801063538,0.41545677185058594,-0.019996169954538345,0.9996723532676697,0.9999212026596069,0.5067117214202881,0.5023948550224304,0.05876828730106354,0.9274097681045532,0.999599039554596,0.5161249041557312,0.49937623739242554,0.029905984178185463,0.9168529510498047,0.9994876384735107,0.5083051323890686,0.5831268429756165,0.12821313738822937,0.9515119194984436,0.999334990978241,0.5212079286575317,0.5824300050735474,0.13378405570983887,0.9178513884544373,0.9994128942489624,0.5013958215713501,0.5947650671005249,0.13064895570278168,0.9267876744270325,0.9990670084953308,0.5190427303314209,0.5931265354156494,0.13865025341510773,0.8875438570976257,0.9992576241493225,0.4948495328426361,0.5997551083564758,0.01365545205771923,0.9141321778297424,0.9986520409584045,0.5216763019561768,0.5976830720901489,0.04134911298751831,0.8541311025619507,0.9991200566291809
37,1258,True,0.5230308771133423,0.2664639949798584,-0.032058704644441605,0.9992486238479614,0.9996880292892456,0.521807849407196,0.26315194368362427,-0.03649091348052025,0.9989396333694458,0.9995844960212708,0.5214393138885498,0.2632203698158264,-0.03651518374681473,0.9987693428993225,0.9995779395103455,0.5212793350219727,0.26318123936653137,-0.03656184300780296,0.9988421201705933,0.9995566010475159,0.525808572769165,0.26301759481430054,-0.03885462135076523,0.998911440372467,0.9995430707931519,0.5265839099884033,0.2637587785720825,-0.0389857143163681,0.9987223148345947,0.9994872808456421,0.5274028182029724,0.26367202401161194,-0.03898169845342636,0.9986883997917175,0.9994285702705383,0.5197152495384216,0.268405020236969,-0.056255362927913666,0.9980968832969666,0.9994114637374878,0.5255966782569885,0.2680949866771698,-0.06604094058275223,0.9981775283813477,0.9991127848625183,0.5206820368766785,0.2718425393104553,-0.027575423941016197,0.997728168964386,0.9989790916442871,0.5251673460006714,0.2713657021522522,-0.030087335035204887,0.9974353909492493,0.9987109899520874,0.5011119246482849,0.29670390486717224,-0.07181613892316818,0.9981886148452759,0.9990383386611938,0.5413373112678528,0.2979223132133484,-0.10583339631557465,0.9968354105949402,0.9972557425498962,0.4889884889125824,0.2502419650554657,-0.10799973458051682,0.9221057295799255,0.9996007084846497,0.5511840581893921,0.24908557534217834,-0.16831788420677185,0.8656656742095947,0.9991046786308289,0.4890728294849396,0.20889420807361603,-0.1569635570049286,0.8658180236816406,0.9980633854866028,0.5424596071243286,0.208845853805542,-0.21416011452674866,0.7904422879219055,0.9968619346618652,0.481063574552536,0.19904553890228271,-0.19567805528640747,0.849201500415802,0.996762752532959,0.5429278612136841,0.1998075544834137,-0.26734626293182373,0.767194390296936,0.9954849481582642,0.4890184700489044,0.20144085586071014,-0.21026895940303802,0.8444021940231323,0.9961796998977661,0.5378959774971008,0.20080582797527313,-0.266975462436676,0.7624924182891846,0.9954289197921753,0.4938763976097107,0.20383796095848083,-0.1686772257089615,0.8345712423324585,0.9970448613166809,0.5273693799972534,0.2053893506526947,-0.22212445735931396,0.7487664818763733,0.9960344433784485,0.5122904181480408,0.41729435324668884,0.020334342494606972,0.9997407793998718,0.9998470544815063,0.5154075026512146,0.41685622930526733,-0.02035585604608059,0.9996868968009949,0.9998596906661987,0.5074847936630249,0.5023835897445679,0.09078175574541092,0.9272190928459167,0.9990966320037842,0.5112632513046265,0.5005046129226685,0.052813854068517685,0.9194193482398987,0.9990899562835693,0.5082053542137146,0.5771366953849792,0.24846524000167847,0.9513093829154968,0.9985436201095581,0.5161980390548706,0.5777296423912048,0.20946478843688965,0.9198595881462097,0.9989001750946045,0.5025466680526733,0.5872061252593994,0.25967851281166077,0.9267840385437012,0.9979537725448608,0.513421893119812,0.5879461169242859,0.2190682590007782,0.8894698023796082,0.9985520243644714,0.49531474709510803,0.5968112945556641,0.13995836675167084,0.9144388437271118,0.9974606037139893,0.5199827551841736,0.5961596369743347,0.10773177444934845,0.8580741882324219,0.9981288313865662
38,1292,True,0.5212873816490173,0.27104276418685913,-0.29704779386520386,0.9993129372596741,0.9999661445617676,0.5222499966621399,0.26763367652893066,-0.27087047696113586,0.9990270733833313,0.999946117401123,0.5242369174957275,0.2675751745700836,-0.2708972692489624,0.9988638758659363,0.9999380111694336,0.5270578861236572,0.2673817276954651,-0.2708906829357147,0.9989350438117981,0.9999240636825562,0.5198517441749573,0.2678218483924866,-0.27020809054374695,0.9990049004554749,0.9999524354934692,0.5177927017211914,0.26806557178497314,-0.2703264653682709,0.9988275766372681,0.9999502897262573,0.5155490040779114,0.2680210471153259,-0.2703319787979126,0.9988019466400146,0.9999432563781738,0.5306012630462646,0.2730543613433838,-0.1371476948261261,0.9982332587242126,0.9998879432678223,0.5117675065994263,0.2735156714916229,-0.12929046154022217,0.9983287453651428,0.9999195337295532,0.5216479301452637,0.276428759098053,-0.24658553302288055,0.9978795647621155,0.9997552037239075,0.518619179725647,0.27636808156967163,-0.24443350732326508,0.9976259469985962,0.9997720122337341,0.561547040939331,0.30319422483444214,-0.11432670801877975,0.9982399940490723,0.9987047910690308,0.48117756843566895,0.3034157156944275,-0.11934255063533783,0.9969930052757263,0.9988803267478943,0.5721839666366577,0.25335633754730225,-0.24168504774570465,0.9280796051025391,0.9996938705444336,0.46281805634498596,0.2558439373970032,-0.2454560399055481,0.8781028389930725,0.9995872378349304,0.5604608058929443,0.20912818610668182,-0.34473028779029846,0.8758125901222229,0.9985388517379761,0.47407227754592896,0.2088950127363205,-0.35562556982040405,0.809353232383728,0.9984555244445801,0.5489217042922974,0.1992357075214386,-0.40475454926490784,0.8559690117835999,0.99736088514328,0.4722369611263275,0.19985753297805786,-0.41669803857803345,0.784989595413208,0.9975160360336304,0.5424906015396118,0.2015826404094696,-0.3959890902042389,0.8508782982826233,0.9973894953727722,0.48259854316711426,0.2010611593723297,-0.4039183259010315,0.7802925109863281,0.997521698474884,0.5409762263298035,0.2039443552494049,-0.3507024049758911,0.8418610095977783,0.9978925585746765,0.48371726274490356,0.2055889368057251,-0.35999515652656555,0.7671695351600647,0.9978342652320862,0.5379781126976013,0.4222676157951355,0.009311369620263577,0.9997472763061523,0.9998339414596558,0.49096348881721497,0.4207872748374939,-0.009310727007687092,0.9997003674507141,0.9998712539672852,0.5286069512367249,0.5028843879699707,0.048776138573884964,0.9277340173721313,0.9994271993637085,0.48625046014785767,0.5019115805625916,0.036321062594652176,0.924305260181427,0.9996076226234436,0.5175914764404297,0.5752831697463989,0.29769232869148254,0.9495550990104675,0.999129593372345,0.4943695366382599,0.5783722996711731,0.2602298855781555,0.9241913557052612,0.9990942478179932,0.5090447664260864,0.5841332077980042,0.3183259069919586,0.9155288934707642,0.9986774325370789,0.49298879504203796,0.5872257947921753,0.2742250859737396,0.8866935968399048,0.9986018538475037,0.5216560959815979,0.5972079634666443,0.1527678221464157,0.9147338271141052,0.9974148273468018,0.4911889433860779,0.5978778004646301,0.0911533385515213,0.8670099973678589,0.996942937374115
39,1326,True,0.5198897123336792,0.2782052457332611,-0.3284865617752075,0.9993530511856079,0.9999072551727295,0.5222644209861755,0.27588996291160583,-0.3048446476459503,0.9990814924240112,0.9998657703399658,0.5249239802360535,0.27589744329452515,-0.30489110946655273,0.9989123344421387,0.9998488426208496,0.5282430052757263,0.2758120894432068,-0.3049122393131256,0.9989901185035706,0.9998173117637634,0.5173949599266052,0.27579498291015625,-0.3045752942562103,0.999068558216095,0.999881386756897,0.5143634080886841,0.27582085132598877,-0.304717093706131,0.9988920092582703,0.9998776912689209,0.5118969678878784,0.2757570743560791,-0.3047436475753784,0.9988813996315002,0.999863862991333,0.5314996242523193,0.2796406149864197,-0.17240594327449799,0.998299241065979,0.9997543692588806,0.5090810060501099,0.27948233485221863,-0.16598060727119446,0.9984341859817505,0.9998185038566589,0.5217275023460388,0.2835767865180969,-0.27802661061286926,0.9979479312896729,0.9995414018630981,0.5159846544265747,0.28323060274124146,-0.2763444185256958,0.9977349042892456,0.9995551705360413,0.5658249855041504,0.30760762095451355,-0.14506840705871582,0.9983079433441162,0.9986310601234436,0.47350388765335083,0.3060339391231537,-0.1478375494480133,0.9971516132354736,0.9988142251968384,0.5764774680137634,0.2564900517463684,-0.26563170552253723,0.9330574870109558,0.9995051622390747,0.4553872346878052,0.2569931149482727,-0.2788877785205841,0.8892395496368408,0.9995161294937134,0.564018189907074,0.2097965031862259,-0.35218894481658936,0.8838529586791992,0.9964213371276855,0.46457624435424805,0.20909705758094788,-0.38489314913749695,0.8262449502944946,0.996812641620636,0.562420129776001,0.2008061707019806,-0.40941178798675537,0.8599669933319092,0.9938235282897949,0.4641421139240265,0.19941654801368713,-0.446025013923645,0.8004795908927917,0.9946958422660828,0.5465726852416992,0.20180170238018036,-0.4033033549785614,0.8545297384262085,0.9936522245407104,0.472337931394577,0.20024578273296356,-0.43042492866516113,0.7957575917243958,0.9947128891944885,0.5528988242149353,0.20471671223640442,-0.35900840163230896,0.8465136289596558,0.9946969747543335,0.47430527210235596,0.2050480842590332,-0.38850852847099304,0.7832827568054199,0.9953109622001648,0.5439672470092773,0.4232208728790283,0.00217043561860919,0.9997439384460449,0.9996447563171387,0.49013739824295044,0.4224473536014557,-0.002223897259682417,0.9997051954269409,0.9997591376304626,0.5287551879882812,0.5027874708175659,0.024203795939683914,0.9286304116249084,0.9992652535438538,0.4835691750049591,0.5031859278678894,0.03688088059425354,0.9282869696617126,0.9994528889656067,0.5190175175666809,0.5748692154884338,0.28382712602615356,0.9479792714118958,0.9987599849700928,0.49000993371009827,0.5785794854164124,0.2815152704715729,0.9273433685302734,0.9987480640411377,0.5108105540275574,0.5832830667495728,0.30411309003829956,0.9056907296180725,0.9981082677841187,0.4928935170173645,0.5867937803268433,0.29668131470680237,0.8838995695114136,0.9981619715690613,0.5282965898513794,0.5969135165214539,0.13528190553188324,0.9147809743881226,0.9962882995605469,0.4828513562679291,0.5968488454818726,0.1133868545293808,0.8740482926368713,0.9960426092147827
40,1360,True,0.5178541541099548,0.2819257378578186,-0.32830610871315,0.9993977546691895,0.999929666519165,0.5221360921859741,0.2789793610572815,-0.30652809143066406,0.9991410374641418,0.999901294708252,0.5249226093292236,0.27912455797195435,-0.3065668046474457,0.9989722967147827,0.999889612197876,0.5282372236251831,0.27916252613067627,-0.3065628111362457,0.9990496635437012,0.9998680353164673,0.5148605108261108,0.2789003252983093,-0.30250465869903564,0.9991348385810852,0.9999105930328369,0.5119507908821106,0.2790501117706299,-0.3026421070098877,0.9989629983901978,0.9999066591262817,0.5087589025497437,0.2791166603565216,-0.3026456832885742,0.9989610314369202,0.9998960494995117,0.5317652225494385,0.28501763939857483,-0.18263986706733704,0.9983808994293213,0.9998237490653992,0.5067447423934937,0.28501754999160767,-0.159381702542305,0.9985378980636597,0.999860405921936,0.521619975566864,0.2884562611579895,-0.28115180134773254,0.9980438947677612,0.9996634721755981,0.5133876204490662,0.28786295652389526,-0.2744331657886505,0.997857928276062,0.9996603727340698,0.5635689496994019,0.3138177990913391,-0.16562829911708832,0.9984027147293091,0.999152421951294,0.4725739657878876,0.3112984299659729,-0.1359812170267105,0.9973284006118774,0.9991757273674011,0.5785547494888306,0.2598976492881775,-0.28876185417175293,0.9381524324417114,0.9997434020042419,0.45445600152015686,0.2610042691230774,-0.2517862617969513,0.8993234634399414,0.99969482421875,0.5661987066268921,0.21182799339294434,-0.36860957741737366,0.8920983076095581,0.9975996613502502,0.4642828702926636,0.21062858402729034,-0.365317702293396,0.8420138359069824,0.9979846477508545,0.559388279914856,0.20190393924713135,-0.4288562834262848,0.8656340837478638,0.9953610301017761,0.4617549479007721,0.20126402378082275,-0.42689844965934753,0.8160596489906311,0.9964904189109802,0.5504543781280518,0.20360179245471954,-0.4226677417755127,0.8599279522895813,0.9952570796012878,0.4717855751514435,0.2005661427974701,-0.4151671230792999,0.8114304542541504,0.9964795708656311,0.549659788608551,0.20623615384101868,-0.3752744495868683,0.8528051972389221,0.9961918592453003,0.474484920501709,0.20549742877483368,-0.3703576326370239,0.7996221780776978,0.9968461394309998,0.5442156195640564,0.42823290824890137,-0.01370987668633461,0.9997507929801941,0.9997761845588684,0.4893413186073303,0.42681726813316345,0.013644118793308735,0.9997162222862244,0.9998414516448975,0.5317018628120422,0.5050839185714722,-0.011972546577453613,0.9303863048553467,0.9994069337844849,0.4768693745136261,0.5044156312942505,0.05936255306005478,0.9313911199569702,0.999554455280304,0.5195618271827698,0.5789586901664734,0.24637722969055176,0.9475767016410828,0.9988030195236206,0.47987908124923706,0.5780282020568848,0.31407999992370605,0.9297409653663635,0.9989483952522278,0.5114160180091858,0.5868152976036072,0.2653197646141052,0.8973613381385803,0.9981478452682495,0.48693373799324036,0.5863928198814392,0.3301655352115631,0.8825250267982483,0.9984857439994812,0.5256832838058472,0.6007834672927856,0.09505307674407959,0.9152091145515442,0.9966179728507996,0.465470552444458,0.5992871522903442,0.1530379354953766,0.8797281980514526,0.9969250559806824
41,1394,True,0.5165930986404419,0.28556615114212036,-0.3474918603897095,0.9994460344314575,0.9999608993530273,0.5221132636070251,0.28287655115127563,-0.32578110694885254,0.9992076754570007,0.9999430179595947,0.5251161456108093,0.2831723392009735,-0.32581961154937744,0.999045729637146,0.9999363422393799,0.5287460684776306,0.2833936810493469,-0.3258143961429596,0.9991194605827332,0.9999234676361084,0.5131436586380005,0.2826894521713257,-0.3212668299674988,0.9992054104804993,0.9999480247497559,0.5100612640380859,0.28291869163513184,-0.3214109241962433,0.9990430474281311,0.9999455213546753,0.5065526962280273,0.2831054627895355,-0.32140669226646423,0.9990454316139221,0.9999392032623291,0.5327014327049255,0.289108544588089,-0.19953657686710358,0.998490571975708,0.9999024868011475,0.5048035979270935,0.2896658182144165,-0.17363354563713074,0.9986532330513,0.9999210834503174,0.5216230750083923,0.2923346161842346,-0.2994323968887329,0.9981740713119507,0.9998227953910828,0.5116764903068542,0.291595995426178,-0.2920915484428406,0.9980108141899109,0.999821126461029,0.5626683831214905,0.31746765971183777,-0.180793896317482,0.9985145926475525,0.9995012283325195,0.4713801145553589,0.31500717997550964,-0.14246098697185516,0.9975200891494751,0.9994940757751465,0.5821928381919861,0.26254603266716003,-0.29952362179756165,0.9430661797523499,0.9998039603233337,0.4547603726387024,0.26340723037719727,-0.251804381608963,0.9085312485694885,0.9997535347938538,0.569503903388977,0.21289095282554626,-0.37869757413864136,0.9001098871231079,0.9978753328323364,0.46409639716148376,0.21142546832561493,-0.36043065786361694,0.8563795685768127,0.9979047775268555,0.5686206221580505,0.20348873734474182,-0.43943291902542114,0.8719151020050049,0.9957689046859741,0.461285263299942,0.2021101415157318,-0.42124053835868835,0.8304184079170227,0.9962447285652161,0.5590483546257019,0.20420193672180176,-0.43366673588752747,0.8660810589790344,0.9957303404808044,0.47201263904571533,0.20073047280311584,-0.41044506430625916,0.825909435749054,0.9963047504425049,0.5569183230400085,0.20665892958641052,-0.38563966751098633,0.859765350818634,0.9966069459915161,0.47503453493118286,0.20553001761436462,-0.3659779727458954,0.8148078322410583,0.9967021346092224,0.5420886278152466,0.4327370226383209,-0.019120335578918457,0.9997600317001343,0.9998195767402649,0.48670023679733276,0.4311429560184479,0.01907361112535,0.9997292160987854,0.9998692274093628,0.533036470413208,0.5081863403320312,-0.021221568807959557,0.933120846748352,0.999574601650238,0.4727497100830078,0.5057817697525024,0.0671776533126831,0.9349784255027771,0.9996789693832397,0.5216067433357239,0.5804896950721741,0.2449927181005478,0.9483347535133362,0.9990799427032471,0.4618377387523651,0.5793119668960571,0.32609567046165466,0.9329872131347656,0.9991893172264099,0.5120980739593506,0.5886936187744141,0.26492688059806824,0.89186692237854,0.9985718727111816,0.4734441041946411,0.588297963142395,0.34273722767829895,0.8833498358726501,0.9988283514976501,0.5249935388565063,0.6038392782211304,0.09031133353710175,0.9167098999023438,0.9972357153892517,0.4456987679004669,0.6012824773788452,0.16585087776184082,0.8859775066375732,0.9974810481071472
42,1428,True,0.5154093503952026,0.2890603840351105,-0.38059714436531067,0.999481201171875,0.9999438524246216,0.5216359496116638,0.2860499918460846,-0.3597126305103302,0.9992554783821106,0.9999241828918457,0.525010347366333,0.2862694561481476,-0.3597756624221802,0.9990926384925842,0.9999164342880249,0.5284312963485718,0.28636059165000916,-0.35978347063064575,0.9991678595542908,0.9999008178710938,0.5122815370559692,0.28587606549263,-0.35526999831199646,0.9992591738700867,0.99992835521698,0.5095680952072144,0.2860342562198639,-0.35540130734443665,0.9990999698638916,0.9999244213104248,0.5062388777732849,0.2860907316207886,-0.3553963899612427,0.9991102814674377,0.9999158382415771,0.5317407250404358,0.29129621386528015,-0.23147830367088318,0.9985535740852356,0.9998692274093628,0.5045056939125061,0.2920544743537903,-0.20590731501579285,0.9987345933914185,0.9998843669891357,0.5211462378501892,0.2951294779777527,-0.33094996213912964,0.9982465505599976,0.9997132420539856,0.510671079158783,0.29497793316841125,-0.3237721025943756,0.9981054663658142,0.9996992349624634,0.5590276718139648,0.3190075755119324,-0.2084845006465912,0.9985963702201843,0.9993034601211548,0.4719211161136627,0.31628501415252686,-0.16674648225307465,0.9976699948310852,0.999245285987854,0.5794658064842224,0.2639826536178589,-0.3290943503379822,0.9474342465400696,0.9997748732566833,0.4538852274417877,0.2652769088745117,-0.2849239408969879,0.9165531396865845,0.9996566772460938,0.5685902237892151,0.21421709656715393,-0.41622912883758545,0.9073885083198547,0.9976130723953247,0.4644780457019806,0.21260623633861542,-0.41580137610435486,0.8690549731254578,0.9976797699928284,0.563953161239624,0.20375052094459534,-0.48065435886383057,0.877719521522522,0.9953800439834595,0.46408966183662415,0.20309516787528992,-0.48173263669013977,0.8428556323051453,0.996256947517395,0.5557860136032104,0.20493121445178986,-0.4747870862483978,0.87179034948349,0.995329737663269,0.4733518958091736,0.2020959109067917,-0.46920114755630493,0.838453471660614,0.996311366558075,0.5534042716026306,0.20730920135974884,-0.4235371947288513,0.866134762763977,0.9962577819824219,0.4762192964553833,0.2058466225862503,-0.4210908114910126,0.8278822302818298,0.9966102242469788,0.5393995046615601,0.4316236078739166,-0.018696382641792297,0.9997590780258179,0.999703586101532,0.4856248199939728,0.4302172064781189,0.01865883730351925,0.999731719493866,0.9997735619544983,0.5312955379486084,0.5088685154914856,-0.03130010515451431,0.9347394704818726,0.9994774460792542,0.4715556204319,0.5055509805679321,0.0781257227063179,0.9377231597900391,0.9995997548103333,0.5234703421592712,0.5809608697891235,0.24111980199813843,0.9480733275413513,0.9990853071212769,0.4621890187263489,0.5801067352294922,0.34980878233909607,0.9352401494979858,0.9990848302841187,0.5151286721229553,0.5895042419433594,0.2614920139312744,0.8846057653427124,0.9986068606376648,0.46775558590888977,0.5895633101463318,0.36777403950691223,0.8812806606292725,0.9987267851829529,0.5272189974784851,0.6051110029220581,0.08389326930046082,0.9172613024711609,0.9974974989891052,0.44246751070022583,0.5986026525497437,0.18891185522079468,0.8907871842384338,0.9975558519363403
43,1462,True,0.515152633190155,0.29130518436431885,-0.36807775497436523,0.9995004534721375,0.9998964071273804,0.5211730599403381,0.2889522314071655,-0.346179336309433,0.999275267124176,0.9998536109924316,0.5245876312255859,0.28919944167137146,-0.3462250530719757,0.9990971088409424,0.9998369216918945,0.5281924605369568,0.2893155515193939,-0.3462258279323578,0.9991856217384338,0.9998058676719666,0.5125691890716553,0.2886466681957245,-0.34748315811157227,0.9992915391921997,0.9998670816421509,0.5103515982627869,0.28874778747558594,-0.3476269245147705,0.9991284608840942,0.9998624324798584,0.5073202848434448,0.2887400984764099,-0.34763285517692566,0.9991541504859924,0.9998478889465332,0.5313929915428162,0.2943444848060608,-0.21600617468357086,0.9985442757606506,0.999725878238678,0.5056237578392029,0.2940940260887146,-0.2159532755613327,0.9987785220146179,0.9997813105583191,0.5208542943000793,0.29774242639541626,-0.3172895014286041,0.9982472658157349,0.9994634985923767,0.5112130641937256,0.2972741723060608,-0.3176071047782898,0.9981347322463989,0.9994719624519348,0.5545675754547119,0.320382297039032,-0.18274712562561035,0.9986310601234436,0.998699426651001,0.47217050194740295,0.31772124767303467,-0.19415459036827087,0.9977740049362183,0.9988648891448975,0.5782762765884399,0.26440906524658203,-0.2874343991279602,0.9507375955581665,0.9997431635856628,0.45646756887435913,0.26581746339797974,-0.3263678550720215,0.9238393902778625,0.9996473789215088,0.5684540271759033,0.2152940332889557,-0.3650992810726166,0.9127936363220215,0.9971725344657898,0.47176966071128845,0.21357634663581848,-0.4327489137649536,0.8801316022872925,0.9980019927024841,0.5622421503067017,0.2050780951976776,-0.4234774708747864,0.8804911375045776,0.9947434663772583,0.47170957922935486,0.20459206402301788,-0.4978725016117096,0.8530791997909546,0.9967772364616394,0.5548314452171326,0.2054627239704132,-0.41970163583755493,0.8743126392364502,0.9945501685142517,0.4796656370162964,0.20306380093097687,-0.48229631781578064,0.8486182689666748,0.9966879487037659,0.5521921515464783,0.20870697498321533,-0.37316641211509705,0.8693047761917114,0.9955537915229797,0.48184657096862793,0.20711135864257812,-0.43596982955932617,0.8382260203361511,0.9970186948776245,0.5377060770988464,0.4315357208251953,-0.015852054581046104,0.999744713306427,0.9995973706245422,0.48680874705314636,0.4304138720035553,0.01580207608640194,0.9997240900993347,0.9997166991233826,0.5300157070159912,0.5078817009925842,-0.020131515339016914,0.933673083782196,0.9992826581001282,0.47311604022979736,0.5057051181793213,0.046551600098609924,0.9400269389152527,0.9994888305664062,0.523045539855957,0.5829234719276428,0.2527707815170288,0.9455351829528809,0.9989752769470215,0.4706115424633026,0.5829272866249084,0.28482604026794434,0.9368154406547546,0.9989632368087769,0.5103427171707153,0.5917916297912598,0.2723339796066284,0.8772873878479004,0.9985135197639465,0.4719539284706116,0.5920284986495972,0.2987106144428253,0.879172682762146,0.9985730648040771,0.5261136293411255,0.6064068078994751,0.10008858889341354,0.915791928768158,0.9974175691604614,0.45620736479759216,0.6039764285087585,0.1649535745382309,0.894721508026123,0.9973166584968567
44,1496,True,0.5146426558494568,0.29303207993507385,-0.39087599515914917,0.9995360970497131,0.99994957447052,0.521057665348053,0.2909252345561981,-0.36747118830680847,0.9993234872817993,0.9999227523803711,0.5245551466941833,0.29122674465179443,-0.3675417900085449,0.999149739742279,0.9999125003814697,0.5280230641365051,0.2913989722728729,-0.36751988530158997,0.9992364645004272,0.9998927116394043,0.5119433999061584,0.2906034290790558,-0.368500292301178,0.9993428587913513,0.9999321699142456,0.5095246434211731,0.2907446324825287,-0.368621289730072,0.9991868734359741,0.9999302625656128,0.5067130327224731,0.29077738523483276,-0.36861899495124817,0.9992167949676514,0.999923586845398,0.5310208201408386,0.2965797781944275,-0.231048583984375,0.9986206293106079,0.999842643737793,0.5039763450622559,0.29594582319259644,-0.23072263598442078,0.9988647103309631,0.9998916387557983,0.5207461714744568,0.29983121156692505,-0.33827173709869385,0.9983393549919128,0.9996761083602905,0.5103858113288879,0.299128919839859,-0.3382616937160492,0.9982454776763916,0.999702513217926,0.5551175475120544,0.32199257612228394,-0.19449087977409363,0.998695433139801,0.9988666772842407,0.4698183834552765,0.3191166818141937,-0.20492705702781677,0.9979091882705688,0.9992632269859314,0.581813395023346,0.26581841707229614,-0.3108718693256378,0.9545214772224426,0.9997227787971497,0.4516376554965973,0.2666289210319519,-0.3407711386680603,0.9308690428733826,0.9997004270553589,0.5705627202987671,0.2166028469800949,-0.40718188881874084,0.9191588163375854,0.9974701404571533,0.46875500679016113,0.21458391845226288,-0.45867103338241577,0.8911038637161255,0.9982826709747314,0.5686092972755432,0.206647127866745,-0.467366486787796,0.8858631253242493,0.9953692555427551,0.4687996208667755,0.20501482486724854,-0.524833619594574,0.8646555542945862,0.9971709847450256,0.5605409741401672,0.2065143585205078,-0.4638039767742157,0.879686176776886,0.9952940344810486,0.4760913848876953,0.20377647876739502,-0.5099813342094421,0.860381543636322,0.9971452355384827,0.5583045482635498,0.2094031274318695,-0.4158618152141571,0.8752620220184326,0.996157705783844,0.47801098227500916,0.2072652280330658,-0.4624949097633362,0.850559651851654,0.9974274039268494,0.536603569984436,0.4308554232120514,-0.01470195036381483,0.9997371435165405,0.9995498061180115,0.4827265441417694,0.42973047494888306,0.014614135958254337,0.999723494052887,0.9996951818466187,0.5298441052436829,0.5065342783927917,-0.021678587421774864,0.9362717270851135,0.9993659853935242,0.46814072132110596,0.5041769742965698,0.010217931121587753,0.9439374804496765,0.9996034502983093,0.5226763486862183,0.5816460847854614,0.237091064453125,0.9463967680931091,0.9990787506103516,0.46471676230430603,0.5814947485923767,0.27762654423713684,0.9403607249259949,0.9991551637649536,0.5110073685646057,0.5910713076591492,0.2548535168170929,0.8729123473167419,0.9985952973365784,0.4722197353839874,0.5909898281097412,0.2975103259086609,0.879341185092926,0.9987654685974121,0.5253926515579224,0.6060456037521362,0.0876714214682579,0.9177823662757874,0.9974591135978699,0.4466010332107544,0.6015914082527161,0.08624288439750671,0.900746762752533,0.997474730014801
45,1530,True,0.5145338773727417,0.2948710322380066,-0.4198853075504303,0.9995668530464172,0.9999340772628784,0.5210583209991455,0.2925863265991211,-0.3982127010822296,0.9993630051612854,0.9998970031738281,0.5245929956436157,0.2928696274757385,-0.39827999472618103,0.9991925954818726,0.9998842477798462,0.5281044244766235,0.2930089831352234,-0.3982691466808319,0.9992780089378357,0.9998586177825928,0.5117453932762146,0.2922123372554779,-0.397350937128067,0.9993862509727478,0.9999072551727295,0.5092369914054871,0.29232147336006165,-0.3975113332271576,0.9992357492446899,0.999903678894043,0.5065345168113708,0.29231733083724976,-0.39751166105270386,0.9992702603340149,0.9998917579650879,0.531069815158844,0.29797622561454773,-0.26487305760383606,0.9986833930015564,0.9998059868812561,0.5034469366073608,0.2972313165664673,-0.2562187910079956,0.9989365935325623,0.999854564666748,0.5207472443580627,0.3018774688243866,-0.3682016134262085,0.9984230399131775,0.9996565580368042,0.5100939273834229,0.3009811043739319,-0.36569744348526,0.9983475804328918,0.9996778964996338,0.5559443831443787,0.3225804567337036,-0.23038242757320404,0.9987698793411255,0.9991095662117004,0.4687984883785248,0.31960880756378174,-0.21923688054084778,0.998050332069397,0.9993746876716614,0.582112193107605,0.2670680582523346,-0.3550158143043518,0.9580533504486084,0.9998049139976501,0.4507185220718384,0.26729175448417664,-0.35634440183639526,0.9371596574783325,0.9998021721839905,0.5719714164733887,0.21777884662151337,-0.4542461931705475,0.924820065498352,0.997534990310669,0.4649161994457245,0.2158631831407547,-0.4869720935821533,0.9008877277374268,0.9985260963439941,0.569501519203186,0.2080114185810089,-0.5163437128067017,0.8905543088912964,0.995177149772644,0.4645586609840393,0.20592665672302246,-0.5535101294517517,0.8748445510864258,0.9972577691078186,0.5611764192581177,0.2075660228729248,-0.5124834775924683,0.8842962980270386,0.9951251149177551,0.4736907184123993,0.20496368408203125,-0.538757860660553,0.8706895709037781,0.9972979426383972,0.5592057108879089,0.21021172404289246,-0.4628361463546753,0.8802800178527832,0.9960808157920837,0.47577640414237976,0.20881366729736328,-0.49124017357826233,0.8612988591194153,0.9976233839988708,0.5358412265777588,0.4306921064853668,-0.014957287348806858,0.9997326731681824,0.9996770620346069,0.48108208179473877,0.42961326241493225,0.014906840398907661,0.9997275471687317,0.9998109936714172,0.5293858647346497,0.505453884601593,-0.06044912710785866,0.9362714886665344,0.9993171691894531,0.4648825228214264,0.5025099515914917,-0.01512047741562128,0.9459227919578552,0.9996174573898315,0.5183356404304504,0.5771336555480957,0.22246918082237244,0.9433606863021851,0.9988971948623657,0.46162718534469604,0.5796440839767456,0.23621955513954163,0.9417628049850464,0.9991480112075806,0.5092624425888062,0.5864722728729248,0.25022509694099426,0.8643653392791748,0.9984342455863953,0.47075915336608887,0.5896409749984741,0.25456100702285767,0.8795052170753479,0.9988000392913818,0.512447714805603,0.6004618406295776,0.0688064768910408,0.915361762046814,0.9973058700561523,0.4405634105205536,0.5990397930145264,0.05510229989886284,0.9041574597358704,0.9974822402000427
46,1564,True,0.5146311521530151,0.29651933908462524,-0.4402170479297638,0.9995886087417603,0.99989914894104,0.5211053490638733,0.29405733942985535,-0.41762927174568176,0.9993898272514343,0.9998337030410767,0.5247517824172974,0.29426050186157227,-0.4177548587322235,0.9992176294326782,0.9998109936714172,0.5283209085464478,0.29431790113449097,-0.4177398681640625,0.9993037581443787,0.9997636675834656,0.5118767619132996,0.29356518387794495,-0.41868624091148376,0.999419093132019,0.9998612403869629,0.5094095468521118,0.2935330271720886,-0.41880759596824646,0.9992720484733582,0.9998620748519897,0.5068380832672119,0.2933892607688904,-0.41882357001304626,0.9993124604225159,0.9998520612716675,0.5312450528144836,0.29872599244117737,-0.28057679533958435,0.9987190365791321,0.9996727705001831,0.5036054253578186,0.2977963089942932,-0.2805580198764801,0.9989964962005615,0.99981290102005,0.520855724811554,0.30318158864974976,-0.3871175944805145,0.998482346534729,0.9995137453079224,0.5102693438529968,0.302192747592926,-0.3870846629142761,0.9984279274940491,0.9995900988578796,0.556368887424469,0.32305318117141724,-0.24263232946395874,0.9988245368003845,0.9986318945884705,0.4689863324165344,0.3196919858455658,-0.24626025557518005,0.9981805682182312,0.9994326233863831,0.5809027552604675,0.2676556706428528,-0.3631420135498047,0.9613897204399109,0.9996296167373657,0.45178887248039246,0.26716697216033936,-0.39249470829963684,0.9431253671646118,0.9997910857200623,0.5729045271873474,0.21790587902069092,-0.45869094133377075,0.9303614497184753,0.9966633915901184,0.4645756483078003,0.21587029099464417,-0.5137375593185425,0.9102268815040588,0.9986488223075867,0.5711429119110107,0.20800654590129852,-0.5176097750663757,0.8954704999923706,0.9941311478614807,0.46433204412460327,0.20589980483055115,-0.5781219601631165,0.8853139877319336,0.997515082359314,0.5631282925605774,0.20754404366016388,-0.5160574316978455,0.8892965912818909,0.9939809441566467,0.47350504994392395,0.2049628049135208,-0.5622142553329468,0.8814090490341187,0.997488260269165,0.5607485175132751,0.2104673683643341,-0.4679456055164337,0.88572758436203,0.9950646758079529,0.4755588173866272,0.2088298350572586,-0.517236053943634,0.8726529479026794,0.9978345036506653,0.5356393456459045,0.43001070618629456,-0.013363797217607498,0.9997138977050781,0.9994255304336548,0.4804120361804962,0.42878952622413635,0.013327605091035366,0.9997233152389526,0.999701201915741,0.5289097428321838,0.49513959884643555,-0.10677583515644073,0.9394885301589966,0.998938262462616,0.46380311250686646,0.4925609230995178,-0.06235392391681671,0.9495851993560791,0.9995095729827881,0.5151795148849487,0.5620531439781189,0.15575221180915833,0.9433982968330383,0.9985482096672058,0.45840173959732056,0.5692533254623413,0.1653381884098053,0.9448869824409485,0.9988310933113098,0.5076375007629395,0.5712081789970398,0.1777106374502182,0.8567131161689758,0.9978612065315247,0.46390703320503235,0.57900071144104,0.1796581894159317,0.8782222867012024,0.9982786178588867,0.5078992247581482,0.5884490609169006,0.007772271987050772,0.9168396592140198,0.996687114238739,0.4334978461265564,0.5921701192855835,-0.00770894531160593,0.9095056056976318,0.9967633485794067
47,1598,True,0.5147075057029724,0.29525336623191833,-0.4330787658691406,0.9995989203453064,0.9998748302459717,0.5209532380104065,0.2930503487586975,-0.4108189344406128,0.9993966817855835,0.9998001456260681,0.52447909116745,0.29332295060157776,-0.4109327495098114,0.999213695526123,0.9997720122337341,0.5279400944709778,0.29346638917922974,-0.41093072295188904,0.9993063807487488,0.9997169375419617,0.5120896100997925,0.29260531067848206,-0.4128347635269165,0.9994361400604248,0.999832272529602,0.5097508430480957,0.2926674485206604,-0.4129693806171417,0.9992868900299072,0.9998321533203125,0.5072673559188843,0.2926265299320221,-0.4129948616027832,0.9993376731872559,0.999819815158844,0.5307080745697021,0.2983059585094452,-0.27906957268714905,0.9986972212791443,0.9995939135551453,0.5041915774345398,0.2975550591945648,-0.2834192216396332,0.9990220665931702,0.9997623562812805,0.5208321213722229,0.3020310401916504,-0.3820379972457886,0.9984818696975708,0.9993492960929871,0.51048344373703,0.3011336326599121,-0.3832792043685913,0.9984539747238159,0.9994382262229919,0.5547347068786621,0.3231104016304016,-0.24092048406600952,0.9988476634025574,0.9983922839164734,0.47056397795677185,0.3197040259838104,-0.2567802369594574,0.9982706904411316,0.9992325305938721,0.5795140862464905,0.2675299048423767,-0.35974836349487305,0.9641157388687134,0.999677300453186,0.4549544155597687,0.26703745126724243,-0.40415000915527344,0.9482799768447876,0.9997499585151672,0.572557270526886,0.21831385791301727,-0.4601912200450897,0.93487149477005,0.9969250559806824,0.46568650007247925,0.21606585383415222,-0.5306898951530457,0.9183028936386108,0.9983585476875305,0.569942057132721,0.207948237657547,-0.51967453956604,0.8989576697349548,0.9945623278617859,0.4657192528247833,0.20608635246753693,-0.5981488823890686,0.8939429521560669,0.9972041845321655,0.5617615580558777,0.20798690617084503,-0.5180506110191345,0.8927633166313171,0.9944477081298828,0.47367244958877563,0.2052016258239746,-0.5842142105102539,0.8902034163475037,0.9971516728401184,0.5597731471061707,0.210703045129776,-0.46960175037384033,0.889481246471405,0.9954690933227539,0.47543615102767944,0.20883207023143768,-0.5352613925933838,0.881862461566925,0.9975062012672424,0.5335713028907776,0.4293690621852875,-0.010026337578892708,0.9996992349624634,0.9994994401931763,0.480060875415802,0.42809557914733887,0.010066237300634384,0.9997209310531616,0.9997209906578064,0.5191713571548462,0.4910958409309387,-0.07925458252429962,0.9403215050697327,0.9990276098251343,0.4671565294265747,0.4884214401245117,-0.07628913223743439,0.952139675617218,0.9994927644729614,0.5083606839179993,0.5557502508163452,0.15881654620170593,0.9408625364303589,0.998789370059967,0.46288397908210754,0.5610775351524353,0.14785905182361603,0.9467639327049255,0.9990612864494324,0.5024859309196472,0.5638376474380493,0.18570785224437714,0.8483144044876099,0.9982852339744568,0.4675745666027069,0.5735083818435669,0.16157303750514984,0.8764838576316833,0.9986451268196106,0.49941256642341614,0.5839717984199524,0.012934712693095207,0.9158781170845032,0.9974810481071472,0.44030624628067017,0.5881630182266235,-0.02277456410229206,0.9134111404418945,0.9975839853286743
48,1632,True,0.5137674808502197,0.2933533787727356,-0.3914634585380554,0.9995208382606506,0.9996387958526611,0.5186748504638672,0.29099228978157043,-0.375277042388916,0.999265730381012,0.9995649456977844,0.5215712785720825,0.29124507308006287,-0.3753649890422821,0.9990126490592957,0.999535083770752,0.5242214798927307,0.29137516021728516,-0.3754217028617859,0.9991546273231506,0.999470055103302,0.511889636516571,0.2906009256839752,-0.37255439162254333,0.999342143535614,0.9995719790458679,0.5099217891693115,0.29070839285850525,-0.3727203905582428,0.9991405010223389,0.9995467066764832,0.5076092481613159,0.29067355394363403,-0.37274378538131714,0.9992325305938721,0.9995005130767822,0.5269530415534973,0.29657965898513794,-0.268483430147171,0.9983192086219788,0.9993273019790649,0.5046465992927551,0.2959044873714447,-0.25185149908065796,0.9987714886665344,0.999308705329895,0.5188153386116028,0.300082266330719,-0.3489059805870056,0.9981086850166321,0.9985685348510742,0.510557234287262,0.2992631793022156,-0.3442269265651703,0.9981123208999634,0.9983716607093811,0.5536121129989624,0.3225264847278595,-0.24544475972652435,0.9987737536430359,0.9981693029403687,0.47147390246391296,0.3200702667236328,-0.22278806567192078,0.9981642961502075,0.9977095127105713,0.5763838887214661,0.26726022362709045,-0.3525572121143341,0.9653545618057251,0.9995753169059753,0.4574544131755829,0.26661747694015503,-0.38048672676086426,0.9502525329589844,0.9993552565574646,0.5702933073043823,0.2182501256465912,-0.4356076419353485,0.9367924332618713,0.9955272078514099,0.46753257513046265,0.21606890857219696,-0.4651099443435669,0.9221876859664917,0.9956325888633728,0.5665045976638794,0.20848152041435242,-0.4967252016067505,0.8992370367050171,0.9921924471855164,0.467404305934906,0.20612919330596924,-0.5278165340423584,0.8956372141838074,0.9937386512756348,0.5590999722480774,0.20815999805927277,-0.49339693784713745,0.8927459716796875,0.9918144345283508,0.47420641779899597,0.2054346799850464,-0.5162999629974365,0.8917580246925354,0.9937303066253662,0.5573390126228333,0.21074864268302917,-0.4436011016368866,0.8894671201705933,0.9933910369873047,0.4763227701187134,0.20883893966674805,-0.4699770510196686,0.8833245038986206,0.994167685508728,0.5267949104309082,0.42898106575012207,-0.013107432052493095,0.9996762871742249,0.9994250535964966,0.4815594553947449,0.42784157395362854,0.013122618198394775,0.9997025728225708,0.999601423740387,0.5068061351776123,0.4915908873081207,-0.06528739631175995,0.9335700273513794,0.9990324974060059,0.4676097333431244,0.4891757369041443,0.021146394312381744,0.9478511810302734,0.9992226362228394,0.48650795221328735,0.5521240830421448,0.2086719125509262,0.9324007034301758,0.9987523555755615,0.4625053107738495,0.5587112903594971,0.2928885221481323,0.9422029852867126,0.9989297986030579,0.483031302690506,0.5590563416481018,0.23433013260364532,0.8396458625793457,0.9983331561088562,0.46742385625839233,0.569054901599884,0.31225237250328064,0.8720433115959167,0.9986441731452942,0.46729061007499695,0.5768266916275024,0.07111123204231262,0.9091057777404785,0.9977632761001587,0.44485777616500854,0.580865740776062,0.14819498360157013,0.9108375310897827,0.9979931116104126
49,1666,True,0.5138128995895386,0.2923275828361511,-0.27650997042655945,0.9992997646331787,0.9990710020065308,0.5174841284751892,0.2899612784385681,-0.2729075849056244,0.9988498091697693,0.9987926483154297,0.5188332796096802,0.2901652455329895,-0.2729390561580658,0.998424232006073,0.9987776875495911,0.5197573900222778,0.2902567386627197,-0.27302518486976624,0.9987242817878723,0.998703122138977,0.5124990344047546,0.2894967794418335,-0.2805139422416687,0.9990413784980774,0.9986818432807922,0.5117365717887878,0.2896259129047394,-0.28062543272972107,0.9987336993217468,0.9985377788543701,0.5111128091812134,0.28957778215408325,-0.2806108593940735,0.9988986849784851,0.9983636736869812,0.5201827883720398,0.2956026792526245,-0.23787738382816315,0.9972996115684509,0.9981434345245361,0.5095489025115967,0.2950064539909363,-0.2392023503780365,0.9979273080825806,0.9971367120742798,0.516853392124176,0.29894641041755676,-0.25435870885849,0.9973938465118408,0.9960152506828308,0.5110893845558167,0.29817628860473633,-0.26362940669059753,0.9972634315490723,0.9949653744697571,0.5250688195228577,0.3194721043109894,-0.20811721682548523,0.9984027147293091,0.9965476393699646,0.5040490627288818,0.32012227177619934,-0.24007901549339294,0.9975190758705139,0.9939818978309631,0.5411158800125122,0.2640475630760193,-0.26726752519607544,0.9629666209220886,0.9995785355567932,0.5162326693534851,0.27028748393058777,-0.36215442419052124,0.9500265717506409,0.9993009567260742,0.5500462651252747,0.2183845043182373,-0.3803596496582031,0.9372607469558716,0.9968859553337097,0.4914024770259857,0.21608798205852509,-0.47833776473999023,0.9242782592773438,0.9973176121711731,0.5521504282951355,0.209116131067276,-0.43569496273994446,0.9008427262306213,0.9948500990867615,0.5061919689178467,0.20948736369609833,-0.545387327671051,0.8974831104278564,0.9961165189743042,0.5488532781600952,0.20879164338111877,-0.46502935886383057,0.8944103121757507,0.9941601753234863,0.4980577230453491,0.20630070567131042,-0.542579174041748,0.8936849236488342,0.9959591031074524,0.545990526676178,0.2113339602947235,-0.40085369348526,0.8913959860801697,0.9952335953712463,0.4977400600910187,0.20950038731098175,-0.48662957549095154,0.8851512670516968,0.9964632391929626,0.5081231594085693,0.42859721183776855,0.011735937558114529,0.9996544122695923,0.9994298815727234,0.4893013536930084,0.42774468660354614,-0.011678148992359638,0.9996684789657593,0.9995785355567932,0.48984193801879883,0.48957547545433044,-0.05929755046963692,0.9266347885131836,0.9985461235046387,0.47514787316322327,0.4879913330078125,0.02473859302699566,0.9420180916786194,0.9988974332809448,0.46769964694976807,0.5514503121376038,0.17705312371253967,0.9253247976303101,0.9987437129020691,0.4661322236061096,0.5564961433410645,0.27309343218803406,0.9364492297172546,0.9987885355949402,0.46505245566368103,0.5592163801193237,0.1942545771598816,0.8402233719825745,0.9984709620475769,0.46860915422439575,0.5671302080154419,0.2941340208053589,0.8670150637626648,0.9986439347267151,0.45066478848457336,0.572618842124939,0.06471554189920425,0.903060257434845,0.9983067512512207,0.46346381306648254,0.5716732144355774,0.11850088089704514,0.9044649004936218,0.9984089732170105
50,1700,True,0.513373076915741,0.2919439673423767,-0.22790823876857758,0.9992287158966064,0.9995403289794922,0.5158798098564148,0.28976818919181824,-0.22950690984725952,0.9987257122993469,0.9994142055511475,0.5162443518638611,0.28991347551345825,-0.22953154146671295,0.9982447624206543,0.9994046688079834,0.5162549614906311,0.289936363697052,-0.22959120571613312,0.9985992312431335,0.9993667006492615,0.51253342628479,0.2893334627151489,-0.23609918355941772,0.9989498853683472,0.999372661113739,0.5124439597129822,0.2894466519355774,-0.2362055480480194,0.998602032661438,0.999298095703125,0.512683629989624,0.2893247604370117,-0.23616866767406464,0.9987958073616028,0.999214768409729,0.5154165625572205,0.29492074251174927,-0.2127767950296402,0.997008740901947,0.9991051554679871,0.5118703842163086,0.2943689227104187,-0.23128238320350647,0.99765944480896,0.9986553192138672,0.5144941210746765,0.2985982894897461,-0.21292173862457275,0.9971908330917358,0.9979665279388428,0.5112054347991943,0.2976444661617279,-0.22090312838554382,0.9970279932022095,0.997529923915863,0.5071129202842712,0.31692567467689514,-0.19914230704307556,0.9982817769050598,0.9982989430427551,0.5208001136779785,0.31947025656700134,-0.23246550559997559,0.9972907304763794,0.9972797632217407,0.5218610763549805,0.2630766034126282,-0.24683858454227448,0.9611966013908386,0.999761164188385,0.5341644287109375,0.270560085773468,-0.34562385082244873,0.9485534429550171,0.9996410608291626,0.5406185388565063,0.21836550533771515,-0.3490709662437439,0.9386705160140991,0.998397171497345,0.5223031640052795,0.22043251991271973,-0.4585922658443451,0.9258226156234741,0.9987055063247681,0.5434998273849487,0.20927651226520538,-0.40209951996803284,0.9044244289398193,0.9972559809684753,0.5241386890411377,0.2111961543560028,-0.5220416784286499,0.8991629481315613,0.9979363679885864,0.5419092178344727,0.20900675654411316,-0.427550345659256,0.8981164693832397,0.9967458248138428,0.5052756667137146,0.20776811242103577,-0.5161557197570801,0.8954281806945801,0.9978373646736145,0.539100706577301,0.21146349608898163,-0.3676503002643585,0.8954175710678101,0.9974461793899536,0.5050503015518188,0.21103282272815704,-0.4645540118217468,0.8871617317199707,0.9982024431228638,0.5019630193710327,0.42811280488967896,0.011994675733149052,0.9996576905250549,0.9997935891151428,0.49628451466560364,0.42730966210365295,-0.011903507634997368,0.999667227268219,0.9998533725738525,0.486703097820282,0.4884641170501709,0.03088955581188202,0.923974335193634,0.9988823533058167,0.48275214433670044,0.4866512417793274,0.07321102917194366,0.9354562163352966,0.9992013573646545,0.4733617901802063,0.5475241541862488,0.2547939419746399,0.9210871458053589,0.9991466999053955,0.48041313886642456,0.5549606084823608,0.29122084379196167,0.9284667372703552,0.9992486834526062,0.47237443923950195,0.5544683337211609,0.2721461057662964,0.8459901809692383,0.9990403056144714,0.4804884195327759,0.5652130842208862,0.3066493272781372,0.862887978553772,0.9991967082023621,0.4627556800842285,0.5644311904907227,0.16079357266426086,0.898901104927063,0.9990543723106384,0.4816570580005646,0.5657973289489746,0.19174399971961975,0.8953070044517517,0.9991660118103027
51,1734,True,0.5131579637527466,0.2914717197418213,-0.23790127038955688,0.9991939663887024,0.9996510744094849,0.5149549245834351,0.28951746225357056,-0.23962947726249695,0.9986489415168762,0.9995013475418091,0.5148159265518188,0.2895990014076233,-0.23968505859375,0.9981492161750793,0.9994889497756958,0.5143876075744629,0.2895525395870209,-0.23974844813346863,0.9985259175300598,0.9994509816169739,0.5128924250602722,0.2891525626182556,-0.24759146571159363,0.9988972544670105,0.9994741082191467,0.5135086178779602,0.2892518639564514,-0.24769751727581024,0.9985416531562805,0.9994186162948608,0.5145062804222107,0.289050817489624,-0.24766351282596588,0.9987414479255676,0.9993471503257751,0.5132396221160889,0.29444369673728943,-0.21490629017353058,0.9968480467796326,0.9992234706878662,0.514248788356781,0.2939078211784363,-0.24932129681110382,0.9974953532218933,0.9989035129547119,0.5132303833961487,0.2980174422264099,-0.22231429815292358,0.9970159530639648,0.9983086585998535,0.5112842321395874,0.2971530556678772,-0.23182331025600433,0.9968567490577698,0.998065173625946,0.4992067515850067,0.3158709704875946,-0.19741317629814148,0.9981675148010254,0.9983747005462646,0.5289226174354553,0.3191492557525635,-0.2640569508075714,0.9971606135368347,0.9977070093154907,0.5128480195999146,0.26350513100624084,-0.2489427775144577,0.9581100344657898,0.9997474551200867,0.5418931245803833,0.2709835171699524,-0.3570999503135681,0.947412371635437,0.9995433688163757,0.5278712511062622,0.22140857577323914,-0.35145241022109985,0.9398034811019897,0.998319685459137,0.5289274454116821,0.22267000377178192,-0.471172958612442,0.9276233911514282,0.9984061121940613,0.5259435176849365,0.2125760018825531,-0.40485092997550964,0.9075036644935608,0.9971446394920349,0.5281035900115967,0.21218852698802948,-0.5380849838256836,0.9013972878456116,0.9975423812866211,0.513751745223999,0.20898059010505676,-0.4275274872779846,0.9013522267341614,0.9968230724334717,0.514872670173645,0.20884652435779572,-0.5399301052093506,0.8978419899940491,0.9974884986877441,0.5283871293067932,0.21160130202770233,-0.3680022060871124,0.8987354040145874,0.9974603652954102,0.5137814283370972,0.21225209534168243,-0.48056912422180176,0.889494001865387,0.9979029893875122,0.49782973527908325,0.42561793327331543,0.02269037626683712,0.9996479749679565,0.9997380375862122,0.49703317880630493,0.42540115118026733,-0.02256886474788189,0.9996567964553833,0.9997946619987488,0.48771098256111145,0.48139944672584534,0.12279164046049118,0.9165806770324707,0.9986761212348938,0.49143511056900024,0.48005494475364685,0.08980675041675568,0.9297009110450745,0.9991076588630676,0.477694571018219,0.5337547659873962,0.39476725459098816,0.9120105504989624,0.9991920590400696,0.49320629239082336,0.5323300957679749,0.3218775689601898,0.9211034178733826,0.9991395473480225,0.47591128945350647,0.5402803421020508,0.41751518845558167,0.84792160987854,0.9991371035575867,0.48820075392723083,0.5552767515182495,0.3387557864189148,0.8559744358062744,0.9990599751472473,0.46773672103881836,0.5544770956039429,0.32881975173950195,0.8900126814842224,0.9991294741630554,0.49153897166252136,0.5575324296951294,0.23464544117450714,0.886285126209259,0.9989973902702332
52,1768,True,0.5120855569839478,0.29032963514328003,-0.1299000382423401,0.9992526173591614,0.9999707937240601,0.5100817084312439,0.2880518138408661,-0.1541764885187149,0.9987417459487915,0.9999499320983887,0.5072729587554932,0.2879940867424011,-0.15425452589988708,0.9982885718345642,0.999947190284729,0.5039164423942566,0.28784167766571045,-0.15429188311100006,0.9986218214035034,0.9999412298202515,0.5137053728103638,0.2884579598903656,-0.16265065968036652,0.9989750981330872,0.999951958656311,0.5167008638381958,0.28876835107803345,-0.1628122627735138,0.9986558556556702,0.999947190284729,0.5202003717422485,0.2887548506259918,-0.16276060044765472,0.9988276958465576,0.9999419450759888,0.5005557537078857,0.2940024733543396,-0.2148607075214386,0.9970946311950684,0.9999216794967651,0.522093653678894,0.29365578293800354,-0.2475397288799286,0.9976946711540222,0.9999172687530518,0.5087448358535767,0.29626303911209106,-0.14379888772964478,0.9972423315048218,0.9998973608016968,0.5131151080131531,0.2964550852775574,-0.15445415675640106,0.9971069097518921,0.9998987913131714,0.46739688515663147,0.31573736667633057,-0.2061024308204651,0.9982904195785522,0.9998421669006348,0.5542104244232178,0.31887489557266235,-0.2734074294567108,0.9973737001419067,0.9998220801353455,0.4503299295902252,0.2628134787082672,-0.2358051985502243,0.9600383639335632,0.999930739402771,0.5751610398292542,0.2707080841064453,-0.33495208621025085,0.9505058526992798,0.9999045133590698,0.46651798486709595,0.21862921118736267,-0.3382124900817871,0.9444504380226135,0.9995729327201843,0.5678632855415344,0.22251300513744354,-0.4270082712173462,0.9329229593276978,0.9995193481445312,0.466670960187912,0.2108267843723297,-0.39092257618904114,0.9152349233627319,0.9992209672927856,0.5696025490760803,0.21184305846691132,-0.4895060956478119,0.908558189868927,0.9991274476051331,0.47667911648750305,0.2086254358291626,-0.4136944115161896,0.9095593094825745,0.9991466999053955,0.5558814406394958,0.20923607051372528,-0.5111749172210693,0.9052391052246094,0.9991588592529297,0.48014411330223083,0.21110861003398895,-0.3534903824329376,0.9068154692649841,0.9993703961372375,0.5530375242233276,0.21240799129009247,-0.44054967164993286,0.8969311714172363,0.9993626475334167,0.48018455505371094,0.4239572584629059,0.024565905332565308,0.999671459197998,0.9999361038208008,0.5146863460540771,0.4252639710903168,-0.024303946644067764,0.9996770620346069,0.999942421913147,0.47806817293167114,0.48130130767822266,0.23309122025966644,0.9200288653373718,0.9994770884513855,0.507901668548584,0.4771937429904938,0.19720503687858582,0.9264600276947021,0.9995787739753723,0.47512292861938477,0.5317007303237915,0.5125172138214111,0.9157230257987976,0.9996017813682556,0.5036036968231201,0.5263153910636902,0.4553760588169098,0.9170457720756531,0.9995319843292236,0.47649577260017395,0.5382479429244995,0.5385057926177979,0.8601267337799072,0.9995519518852234,0.4951722323894501,0.539023756980896,0.47721007466316223,0.8587801456451416,0.9994500279426575,0.47189241647720337,0.5483216643333435,0.47095367312431335,0.893144428730011,0.9995304346084595,0.4951147437095642,0.5490162372589111,0.4052096903324127,0.8809119462966919,0.9994847774505615
53,1802,True,0.5118058323860168,0.2900579273700714,-0.18907149136066437,0.9993107318878174,0.9999662637710571,0.5087278485298157,0.28777462244033813,-0.20630384981632233,0.998831570148468,0.9999377727508545,0.505510687828064,0.28780844807624817,-0.2063983678817749,0.9984201788902283,0.999934196472168,0.5018410086631775,0.2877424657344818,-0.20643268525600433,0.9987169504165649,0.9999262094497681,0.5144462585449219,0.2879732549190521,-0.21327024698257446,0.9990503787994385,0.9999375343322754,0.5184456706047058,0.28825682401657104,-0.21342217922210693,0.9987633228302002,0.9999308586120605,0.5224929451942444,0.28826209902763367,-0.21338984370231628,0.9989113807678223,0.9999213218688965,0.49841171503067017,0.29377490282058716,-0.2608065605163574,0.9973260164260864,0.9998974800109863,0.5248307585716248,0.2934606075286865,-0.3024500608444214,0.997872531414032,0.9998821020126343,0.5074029564857483,0.2960975766181946,-0.19013509154319763,0.9974518418312073,0.9998593330383301,0.5141401290893555,0.29623356461524963,-0.19832506775856018,0.9973323941230774,0.9998503923416138,0.4628809988498688,0.31486648321151733,-0.24487923085689545,0.9983969926834106,0.9997571110725403,0.5572459697723389,0.3186977803707123,-0.3183442950248718,0.997560977935791,0.9996306896209717,0.4456934928894043,0.26281076669692993,-0.26487502455711365,0.9611271023750305,0.9999110698699951,0.577240526676178,0.27037689089775085,-0.3729719817638397,0.953090488910675,0.9998569488525391,0.46302908658981323,0.2178836166858673,-0.38984888792037964,0.9482038617134094,0.9995656609535217,0.5725316405296326,0.22219538688659668,-0.49434712529182434,0.9374873042106628,0.9994692206382751,0.46144577860832214,0.21033866703510284,-0.4519236981868744,0.9213772416114807,0.9991322159767151,0.5739887952804565,0.21158699691295624,-0.566649854183197,0.9146167039871216,0.9990314245223999,0.4724254608154297,0.20861110091209412,-0.4717586040496826,0.9161207675933838,0.9991587400436401,0.5610319972038269,0.20948341488838196,-0.5813339948654175,0.9115586876869202,0.9991200566291809,0.474229097366333,0.21104693412780762,-0.40478676557540894,0.9130401015281677,0.9993829727172852,0.5584820508956909,0.21255627274513245,-0.5077792406082153,0.9029620289802551,0.9993182420730591,0.4746524393558502,0.41899141669273376,0.03334474563598633,0.9996877312660217,0.9998511075973511,0.5167416334152222,0.42323899269104004,-0.03309033811092377,0.9996933937072754,0.9998719692230225,0.47391048073768616,0.47476887702941895,0.27691540122032166,0.9121304154396057,0.9991644620895386,0.519386351108551,0.47831305861473083,0.22095580399036407,0.9206392168998718,0.9994134902954102,0.47082167863845825,0.5249866843223572,0.6106142997741699,0.9093347191810608,0.999258816242218,0.5023620128631592,0.5253637433052063,0.5111552476882935,0.9123026728630066,0.9991140961647034,0.4715740978717804,0.5318156480789185,0.6432524919509888,0.8623382449150085,0.9990987777709961,0.49623629450798035,0.5360835194587708,0.5368701219558716,0.8563154935836792,0.9988256096839905,0.47254976630210876,0.536918044090271,0.5897639393806458,0.8857937455177307,0.9990648627281189,0.49244990944862366,0.5430468916893005,0.4602978527545929,0.8744828701019287,0.9988019466400146
54,1836,True,0.5108206272125244,0.29058754444122314,-0.2006489485502243,0.9993647933006287,0.999976634979248,0.5069600343704224,0.28841930627822876,-0.22278809547424316,0.9989251494407654,0.9999632835388184,0.5033048391342163,0.28843337297439575,-0.22291871905326843,0.9985556602478027,0.9999622106552124,0.49991118907928467,0.2883932590484619,-0.2229664921760559,0.9988166689872742,0.999957799911499,0.5144700407981873,0.28868159651756287,-0.22876045107841492,0.999126136302948,0.9999616146087646,0.518517792224884,0.2889489233493805,-0.22892877459526062,0.9988701343536377,0.9999576807022095,0.522519052028656,0.289031982421875,-0.2289176881313324,0.9989944696426392,0.9999512434005737,0.4964742958545685,0.2940959334373474,-0.2937818169593811,0.9975618124008179,0.9999489784240723,0.524944007396698,0.2944308817386627,-0.3206915557384491,0.9980513453483582,0.9999363422393799,0.5057169795036316,0.29642340540885925,-0.20520351827144623,0.997658908367157,0.9999268054962158,0.5141709446907043,0.2966635525226593,-0.21233654022216797,0.997547447681427,0.9999175071716309,0.4607386589050293,0.3154890239238739,-0.2817898094654083,0.9985201358795166,0.9999041557312012,0.558986246585846,0.3197203278541565,-0.32470983266830444,0.997764527797699,0.9998038411140442,0.4499642252922058,0.26280102133750916,-0.2954697012901306,0.9608385562896729,0.9999197721481323,0.5776023268699646,0.27015000581741333,-0.3684116303920746,0.9540565013885498,0.9998383522033691,0.463239848613739,0.21785001456737518,-0.41509538888931274,0.9511784911155701,0.9994195699691772,0.5750027298927307,0.22185368835926056,-0.4876198172569275,0.9412239193916321,0.9993103742599487,0.46364280581474304,0.21028093993663788,-0.47942593693733215,0.9264416694641113,0.9988138675689697,0.5766524076461792,0.21189939975738525,-0.5607043504714966,0.9196239113807678,0.998791515827179,0.471488356590271,0.20863613486289978,-0.49722743034362793,0.9216849207878113,0.9989363551139832,0.5641765594482422,0.21067051589488983,-0.5728005170822144,0.9168931245803833,0.9989445805549622,0.47616279125213623,0.21141016483306885,-0.4284542202949524,0.9180856943130493,0.9992120265960693,0.561518669128418,0.21402283012866974,-0.5001410841941833,0.9074330925941467,0.9991347193717957,0.47201114892959595,0.41934046149253845,0.0328826829791069,0.9997106790542603,0.9999411106109619,0.520230770111084,0.4238034188747406,-0.032635584473609924,0.9997156858444214,0.9999386072158813,0.4748685956001282,0.46040552854537964,0.4386090934276581,0.8781784176826477,0.9993564486503601,0.5276756286621094,0.46701234579086304,0.3835344612598419,0.9035031795501709,0.9994522929191589,0.47327932715415955,0.4929680824279785,0.8654106259346008,0.8779060244560242,0.9993745684623718,0.5028929710388184,0.49349895119667053,0.7732457518577576,0.8902490735054016,0.9992035031318665,0.47313642501831055,0.4970496594905853,0.9090058207511902,0.8420853614807129,0.9992620348930359,0.4958675801753998,0.5091873407363892,0.8116441369056702,0.8394929766654968,0.999025821685791,0.47993025183677673,0.5041150450706482,0.8953306674957275,0.8552868962287903,0.9992368221282959,0.5030389428138733,0.5089939832687378,0.7811639308929443,0.8528894186019897,0.9990149736404419
55,1870,True,0.5100801587104797,0.29063257575035095,-0.21296827495098114,0.9994111061096191,0.9999754428863525,0.5047449469566345,0.2882764935493469,-0.2534475326538086,0.9990062117576599,0.9999570846557617,0.5006605386734009,0.28830432891845703,-0.25374841690063477,0.9986776113510132,0.9999556541442871,0.49685046076774597,0.2882689833641052,-0.2538626492023468,0.9989011287689209,0.9999502897262573,0.5145400166511536,0.2888665795326233,-0.2594422698020935,0.9991894364356995,0.9999542236328125,0.5190417766571045,0.2892666459083557,-0.25970935821533203,0.9989650249481201,0.9999493360519409,0.5236597061157227,0.2895022928714752,-0.25976651906967163,0.9990644454956055,0.9999423027038574,0.49194708466529846,0.2942691445350647,-0.33558836579322815,0.9977704286575317,0.9999395608901978,0.5260571837425232,0.2958599925041199,-0.3596019446849823,0.9982091188430786,0.9999258518218994,0.5031057596206665,0.29646414518356323,-0.23173342645168304,0.9978483319282532,0.9999426603317261,0.5142961144447327,0.2968693673610687,-0.2392319291830063,0.9977480173110962,0.9999347925186157,0.4548740088939667,0.3160093426704407,-0.29846805334091187,0.9986432790756226,0.9999176263809204,0.5597633719444275,0.3205801844596863,-0.34648025035858154,0.9979520440101624,0.9998594522476196,0.4492311179637909,0.2629530131816864,-0.293790340423584,0.9605656266212463,0.9999326467514038,0.5730724930763245,0.27048006653785706,-0.36825862526893616,0.9540791511535645,0.9998857975006104,0.4589393138885498,0.2177857905626297,-0.40960007905960083,0.953808605670929,0.999468982219696,0.5726467370986938,0.22160084545612335,-0.4868178069591522,0.9445959329605103,0.9993116855621338,0.45505011081695557,0.21025869250297546,-0.47698283195495605,0.9308587312698364,0.9988279938697815,0.5789260268211365,0.2118925154209137,-0.562922477722168,0.9244226813316345,0.9986976385116577,0.46469053626060486,0.20868249237537384,-0.496500700712204,0.9265248775482178,0.999037504196167,0.5671413540840149,0.21098247170448303,-0.57840496301651,0.9220023155212402,0.9989042282104492,0.46664759516716003,0.21139612793922424,-0.4237331449985504,0.9223041534423828,0.9993025064468384,0.5621887445449829,0.214147686958313,-0.4999036192893982,0.9119701981544495,0.9991193413734436,0.4662315249443054,0.41875186562538147,0.030792787671089172,0.9997315406799316,0.999941349029541,0.5241982340812683,0.42292270064353943,-0.03057667426764965,0.9997351765632629,0.9999439716339111,0.4688136577606201,0.43767791986465454,0.42206451296806335,0.842734694480896,0.9996196031570435,0.5395731925964355,0.4379144608974457,0.3688640892505646,0.8807419538497925,0.9996351003646851,0.4728699028491974,0.46306318044662476,0.8523983359336853,0.855669379234314,0.9996320009231567,0.5033963322639465,0.46202507615089417,0.7821494936943054,0.8714284896850586,0.99955815076828,0.4744727611541748,0.4651952385902405,0.8956997990608215,0.8245171904563904,0.9995550513267517,0.498506635427475,0.4684878885746002,0.8222073316574097,0.8251799941062927,0.9994717240333557,0.4781039357185364,0.47176727652549744,0.8580009341239929,0.8350921869277954,0.9994233846664429,0.5037634968757629,0.46939539909362793,0.7737120985984802,0.8373763561248779,0.999313473701477
56,1904,True,0.5101022720336914,0.2919261157512665,-0.3498114347457886,0.9994519948959351,0.999901533126831,0.504765510559082,0.28948086500167847,-0.3940671682357788,0.9990746378898621,0.9997881054878235,0.5004831552505493,0.2894825339317322,-0.3942534923553467,0.9987877011299133,0.9997729659080505,0.4959743916988373,0.28941088914871216,-0.39428457617759705,0.9989766478538513,0.9997491240501404,0.5158165693283081,0.290024071931839,-0.3932945132255554,0.9992398619651794,0.9997568726539612,0.5208275318145752,0.2903915345668793,-0.39333856105804443,0.9990476965904236,0.9997150301933289,0.5255545973777771,0.29065820574760437,-0.3932378590106964,0.9991216063499451,0.9996621608734131,0.4909195899963379,0.29534634947776794,-0.48224636912345886,0.9979466199874878,0.9993571639060974,0.5283538103103638,0.2971276640892029,-0.47562822699546814,0.9983288645744324,0.9991724491119385,0.5026719570159912,0.29734688997268677,-0.3700081408023834,0.99801105260849,0.9995700716972351,0.515346884727478,0.2978242039680481,-0.3683839440345764,0.9979251623153687,0.9995113611221313,0.45117250084877014,0.31599149107933044,-0.4022004306316376,0.9986410737037659,0.9980100989341736,0.5599886775016785,0.32140493392944336,-0.39658716320991516,0.9980526566505432,0.9981927275657654,0.44760996103286743,0.2629033029079437,-0.36330702900886536,0.95942223072052,0.9998904466629028,0.5720574259757996,0.2703258693218231,-0.3460470736026764,0.9550559520721436,0.9998282194137573,0.46081992983818054,0.21709904074668884,-0.4205901622772217,0.9553892612457275,0.9994972944259644,0.5765591263771057,0.22077913582324982,-0.4252481162548065,0.9487783312797546,0.9993807077407837,0.4544747769832611,0.20965778827667236,-0.49913835525512695,0.9329466819763184,0.9987969398498535,0.5841922163963318,0.21144549548625946,-0.5084190964698792,0.9301407337188721,0.9987785220146179,0.46618950366973877,0.2085474729537964,-0.5243166089057922,0.9288240075111389,0.9988331198692322,0.5724101662635803,0.21087026596069336,-0.5601934790611267,0.9280540943145752,0.9987947940826416,0.4690127372741699,0.2110985964536667,-0.438107967376709,0.9245409369468689,0.9991669654846191,0.5672281980514526,0.213812917470932,-0.4482593238353729,0.9184785485267639,0.9990713596343994,0.45886749029159546,0.41743165254592896,0.010701006278395653,0.9994613528251648,0.9941607117652893,0.524931013584137,0.4218590259552002,-0.010472984053194523,0.9995024800300598,0.9942930936813354,0.4542716443538666,0.3592381477355957,0.2556956112384796,0.786304235458374,0.9958869814872742,0.5380113124847412,0.3320549428462982,0.25891244411468506,0.8166730403900146,0.9963765740394592,0.46309906244277954,0.31007423996925354,0.6114860773086548,0.822417140007019,0.998136043548584,0.534349799156189,0.29102545976638794,0.5946820378303528,0.8347620368003845,0.9986554384231567,0.4657301604747772,0.3022160530090332,0.6427739858627319,0.7904047966003418,0.9978310465812683,0.5305007100105286,0.2879548668861389,0.6233749985694885,0.7900300621986389,0.998584508895874,0.4730742871761322,0.300087034702301,0.5464853644371033,0.8234010338783264,0.9974894523620605,0.5465141534805298,0.27371901273727417,0.5080959796905518,0.8238919973373413,0.9979956150054932
57,1938,True,0.5097876191139221,0.2934093177318573,-0.39971283078193665,0.9994719624519348,0.9998633861541748,0.5045432448387146,0.29085037112236023,-0.4425276815891266,0.9991161227226257,0.9996635913848877,0.5002743601799011,0.2907397150993347,-0.44260936975479126,0.9988735914230347,0.9996292591094971,0.49556076526641846,0.2905554473400116,-0.4426001310348511,0.9990237355232239,0.9995926022529602,0.5159924626350403,0.2916220426559448,-0.4411355257034302,0.999262809753418,0.9996174573898315,0.5210720896720886,0.29200953245162964,-0.4411136209964752,0.9991057515144348,0.9995434880256653,0.525711715221405,0.29233255982398987,-0.44095849990844727,0.9991438984870911,0.9994420409202576,0.49061766266822815,0.2963564097881317,-0.532608687877655,0.9980632066726685,0.9987708926200867,0.5287193059921265,0.29863792657852173,-0.5245614051818848,0.9983779191970825,0.9982572197914124,0.5019495487213135,0.2987017035484314,-0.42137810587882996,0.9981117844581604,0.9991276860237122,0.515378475189209,0.29971927404403687,-0.4190608561038971,0.9980303645133972,0.9989664554595947,0.4508892595767975,0.31594642996788025,-0.432424932718277,0.9984643459320068,0.9940736889839172,0.5606979727745056,0.3232015073299408,-0.4223078489303589,0.997953474521637,0.9927943348884583,0.4487709403038025,0.2630004286766052,-0.3848574459552765,0.9534708857536316,0.9997586607933044,0.5722099542617798,0.27303844690322876,-0.3447314202785492,0.9489766359329224,0.9995587468147278,0.4628458619117737,0.21704523265361786,-0.4185431897640228,0.9538186192512512,0.9995285272598267,0.5770792961120605,0.22113461792469025,-0.38982802629470825,0.9488292336463928,0.9990584254264832,0.45804107189178467,0.20945513248443604,-0.4921760559082031,0.9308192133903503,0.9990241527557373,0.5828064680099487,0.2118736058473587,-0.4630349576473236,0.9308329820632935,0.998388409614563,0.4676235616207123,0.20844566822052002,-0.518796443939209,0.9266181588172913,0.9989557266235352,0.571570634841919,0.21145014464855194,-0.5093536972999573,0.929261326789856,0.9983839988708496,0.47175899147987366,0.21109387278556824,-0.436506062746048,0.9226238131523132,0.9992177486419678,0.5667000412940979,0.21444280445575714,-0.4137764275074005,0.9202404618263245,0.9986675977706909,0.46258464455604553,0.4148493707180023,0.005808541551232338,0.9990261197090149,0.9906428456306458,0.524497926235199,0.42102885246276855,-0.005539536010473967,0.9991782307624817,0.9902809858322144,0.45191293954849243,0.3194207549095154,-0.0007646887097507715,0.7408127784729004,0.9953029155731201,0.5348133444786072,0.3143134117126465,0.02069711871445179,0.7679534554481506,0.9954915642738342,0.46472296118736267,0.23805925250053406,0.23665444552898407,0.80910724401474,0.9982969164848328,0.5508027076721191,0.2366875857114792,0.26546385884284973,0.8199006915092468,0.9986763596534729,0.4678876996040344,0.21988074481487274,0.2493116557598114,0.7695298790931702,0.9978443384170532,0.5326204895973206,0.22743776440620422,0.276394248008728,0.7711594700813293,0.9984145164489746,0.4696783721446991,0.21351981163024902,0.030593182891607285,0.8248330354690552,0.9972599744796753,0.5546759366989136,0.21682265400886536,0.05754288658499718,0.8240296244621277,0.9975873231887817
58,1972,True,0.5097571611404419,0.29311901330947876,-0.4814564287662506,0.9994838237762451,0.9998149275779724,0.5044540166854858,0.29053908586502075,-0.5256515741348267,0.9991487860679626,0.9995694756507874,0.5000931024551392,0.2904534935951233,-0.5257554650306702,0.9989466071128845,0.9995263814926147,0.4950801432132721,0.2902953624725342,-0.525766909122467,0.9990631937980652,0.9994788765907288,0.5163774490356445,0.2912706136703491,-0.5248368382453918,0.9992783665657043,0.9995083808898926,0.5215140581130981,0.29165399074554443,-0.524856448173523,0.9991516470909119,0.9994118213653564,0.5260568261146545,0.2919773757457733,-0.5247309803962708,0.9991575479507446,0.9992762207984924,0.4904927909374237,0.2961675226688385,-0.6107060313224792,0.9981585144996643,0.9984906911849976,0.5290824174880981,0.2983483076095581,-0.605387270450592,0.9984122514724731,0.9978204965591431,0.5012442469596863,0.2985229790210724,-0.4998544156551361,0.9981901049613953,0.9988956451416016,0.5154476165771484,0.2994700074195862,-0.498315691947937,0.9981095790863037,0.9986660480499268,0.4510188102722168,0.31526732444763184,-0.4915398061275482,0.9983148574829102,0.9936317801475525,0.5598324537277222,0.32299306988716125,-0.4883979260921478,0.9978601932525635,0.9915459752082825,0.4459783434867859,0.26308387517929077,-0.44082069396972656,0.9442411065101624,0.9996693134307861,0.5715319514274597,0.2739773094654083,-0.4013749063014984,0.939079225063324,0.9993937015533447,0.4609448313713074,0.21677985787391663,-0.47718894481658936,0.9498552083969116,0.9994353652000427,0.5775437951087952,0.22090251743793488,-0.4291946291923523,0.9463167190551758,0.9988436698913574,0.45769768953323364,0.20884215831756592,-0.552893340587616,0.9257349371910095,0.9989171028137207,0.5827433466911316,0.21183407306671143,-0.5074400901794434,0.9286479949951172,0.9981847405433655,0.4670942425727844,0.20818158984184265,-0.581889271736145,0.9212820529937744,0.9988378882408142,0.571478009223938,0.21136948466300964,-0.555249035358429,0.9276704788208008,0.9981812238693237,0.47095370292663574,0.21098539233207703,-0.4963630139827728,0.9177513718605042,0.9991023540496826,0.5664669275283813,0.21438510715961456,-0.4580376446247101,0.919136106967926,0.9984367489814758,0.46285077929496765,0.4083787798881531,0.006105312146246433,0.9986720681190491,0.9904244542121887,0.5247601270675659,0.415059894323349,-0.0058384668081998825,0.9989078044891357,0.9893506169319153,0.4551391899585724,0.30939123034477234,0.012279096990823746,0.695984959602356,0.9956225752830505,0.5359048247337341,0.3104308843612671,0.019442854449152946,0.7228963375091553,0.9954728484153748,0.4662027657032013,0.23248505592346191,0.26965755224227905,0.7946348190307617,0.9984460473060608,0.5533295273780823,0.23253998160362244,0.2891538739204407,0.8039469122886658,0.9987033605575562,0.4690812826156616,0.22126111388206482,0.2845238745212555,0.7478998303413391,0.9980255365371704,0.5435758233070374,0.2238679677248001,0.3029956817626953,0.7507201433181763,0.9984436631202698,0.46757325530052185,0.2086639702320099,0.061117060482501984,0.8245003819465637,0.9974465370178223,0.5536990761756897,0.21416962146759033,0.08067262917757034,0.8223073482513428,0.9976838827133179
59,2006,True,0.5096709728240967,0.29243141412734985,-0.44067490100860596,0.9994773268699646,0.9998010993003845,0.5043849349021912,0.2893674969673157,-0.4829217791557312,0.9991614818572998,0.9995408058166504,0.499956339597702,0.28922590613365173,-0.48301297426223755,0.998996913433075,0.999498724937439,0.49510836601257324,0.2890182137489319,-0.4830143451690674,0.999081015586853,0.9994508624076843,0.5166745781898499,0.29008984565734863,-0.4818575084209442,0.9992761015892029,0.9994770884513855,0.5218262076377869,0.2904507517814636,-0.4818376302719116,0.9991787075996399,0.9993752837181091,0.5262974500656128,0.2907847762107849,-0.4816916286945343,0.999150812625885,0.9992328882217407,0.48998886346817017,0.2947773039340973,-0.5688682794570923,0.9982067346572876,0.998429000377655,0.5293535590171814,0.29725131392478943,-0.5625327229499817,0.9984005689620972,0.9977157115936279,0.5006349086761475,0.29725855588912964,-0.46012094616889954,0.998224139213562,0.9988357424736023,0.5154946446418762,0.29884979128837585,-0.45843127369880676,0.9981444478034973,0.99863201379776,0.450164794921875,0.3127482533454895,-0.46660178899765015,0.9981601238250732,0.9940747618675232,0.5616312623023987,0.32156339287757874,-0.4505173861980438,0.9977465271949768,0.9921075701713562,0.44524645805358887,0.2630675733089447,-0.4077150225639343,0.9366469979286194,0.9997194409370422,0.5715014338493347,0.2738267779350281,-0.38563400506973267,0.9338687658309937,0.9994620680809021,0.46072661876678467,0.21625903248786926,-0.4468947649002075,0.9467695355415344,0.9994283318519592,0.577052116394043,0.22081434726715088,-0.39702606201171875,0.9454907774925232,0.998831570148468,0.4576435387134552,0.20750537514686584,-0.5159777998924255,0.9218692779541016,0.9988813996315002,0.5823414921760559,0.2118646651506424,-0.4689192473888397,0.9279002547264099,0.9981077909469604,0.4678877592086792,0.2073683738708496,-0.5403597354888916,0.9173665046691895,0.9987800717353821,0.5710372924804688,0.21140393614768982,-0.5121258497238159,0.9273844361305237,0.9981076717376709,0.47185584902763367,0.2109239399433136,-0.46296584606170654,0.914355993270874,0.9990585446357727,0.567682147026062,0.2143995314836502,-0.42156338691711426,0.9192633628845215,0.9983921647071838,0.46393242478370667,0.4063820242881775,0.0031420644372701645,0.9983923435211182,0.9920044541358948,0.5270500779151917,0.41116681694984436,-0.002842056332156062,0.998683512210846,0.9910197854042053,0.4547979533672333,0.3123672902584076,-0.017520347610116005,0.6596314907073975,0.9957109689712524,0.5371107459068298,0.3076685070991516,0.00968242809176445,0.6849794387817383,0.9955684542655945,0.4670645296573639,0.23743680119514465,0.22296053171157837,0.7826301455497742,0.9983248114585876,0.5538870692253113,0.2329653799533844,0.256234347820282,0.7933675646781921,0.9986293315887451,0.47003453969955444,0.22664007544517517,0.23632946610450745,0.7309297919273376,0.997871994972229,0.5454289317131042,0.22314110398292542,0.2674437463283539,0.7369787096977234,0.9983980059623718,0.4686782956123352,0.21770958602428436,0.01638699695467949,0.825384259223938,0.9972019195556641,0.560017466545105,0.21266093850135803,0.04963388293981552,0.823506772518158,0.9975625276565552
60,2040,True,0.5099100470542908,0.2873336970806122,-0.4408963918685913,0.9994927644729614,0.9998794794082642,0.5045356750488281,0.2844618856906891,-0.4819072186946869,0.9991951584815979,0.999718964099884,0.5001706480979919,0.2843918204307556,-0.48199179768562317,0.9990646243095398,0.9996863603591919,0.4953996539115906,0.2842153310775757,-0.48201262950897217,0.9991188049316406,0.9996484518051147,0.5174843072891235,0.2858276963233948,-0.48266518115997314,0.9992954134941101,0.9996856451034546,0.5227365493774414,0.2862822711467743,-0.4826493263244629,0.9992244243621826,0.9996241331100464,0.5272044539451599,0.2867085635662079,-0.4825250804424286,0.9991689324378967,0.9995261430740356,0.4898185431957245,0.2903590500354767,-0.567440390586853,0.9982929229736328,0.9989006519317627,0.5300539135932922,0.29336634278297424,-0.5694612860679626,0.9984447956085205,0.9984293580055237,0.5008558034896851,0.2929620146751404,-0.4602739214897156,0.9982848167419434,0.9990272521972656,0.5162819027900696,0.29403576254844666,-0.460887610912323,0.9982119202613831,0.9988572597503662,0.45051366090774536,0.30937591195106506,-0.45395612716674805,0.9980714917182922,0.9927099943161011,0.5635989904403687,0.31745225191116333,-0.4561064839363098,0.9976123571395874,0.9896294474601746,0.447038471698761,0.26412972807884216,-0.398914635181427,0.9262726902961731,0.9995039701461792,0.5697437524795532,0.2738911509513855,-0.37558799982070923,0.9222519993782043,0.9988207221031189,0.46196988224983215,0.21625208854675293,-0.4349218010902405,0.9416935443878174,0.9992075562477112,0.5752678513526917,0.22073855996131897,-0.38924849033355713,0.939339816570282,0.9978892207145691,0.4583700895309448,0.20777907967567444,-0.5032471418380737,0.9155870079994202,0.9985993504524231,0.5811466574668884,0.21280011534690857,-0.45288509130477905,0.9216145277023315,0.996953010559082,0.46871325373649597,0.2080342322587967,-0.5261775255203247,0.910574734210968,0.9984873533248901,0.5709211230278015,0.21219439804553986,-0.4934448301792145,0.9217513203620911,0.9969567060470581,0.47166505455970764,0.21119198203086853,-0.4510379731655121,0.9082392454147339,0.998796820640564,0.566265881061554,0.21490268409252167,-0.4115689694881439,0.9147478342056274,0.997364342212677,0.4656600058078766,0.39745861291885376,0.0039229742251336575,0.9980562925338745,0.9879624247550964,0.5312915444374084,0.4030139446258545,-0.003655367996543646,0.9984112977981567,0.9860655069351196,0.45541882514953613,0.30469685792922974,-0.02381003461778164,0.6404532790184021,0.9949609041213989,0.5359551906585693,0.30265161395072937,-0.01729574427008629,0.6597940325737,0.9940226674079895,0.4583597481250763,0.22466306388378143,0.1924750655889511,0.7849435210227966,0.9981254935264587,0.5482929348945618,0.22398054599761963,0.22172793745994568,0.7900938391685486,0.9984051585197449,0.46786797046661377,0.2126823365688324,0.20227468013763428,0.7264769077301025,0.9974485039710999,0.539679229259491,0.21696026623249054,0.23194146156311035,0.7273645997047424,0.998072624206543,0.4657594561576843,0.20575585961341858,-0.031637415289878845,0.8333326578140259,0.9966411590576172,0.5589902400970459,0.2066406011581421,0.0010088185081258416,0.828248918056488,0.9970692992210388
61,2074,True,0.5098980069160461,0.284298300743103,-0.43683022260665894,0.9994564056396484,0.999840259552002,0.5046098232269287,0.28059226274490356,-0.4804658591747284,0.9992048740386963,0.9996337890625,0.5003476738929749,0.2807031273841858,-0.4805050790309906,0.999096155166626,0.9995922446250916,0.49574410915374756,0.2807829976081848,-0.48050376772880554,0.999127984046936,0.9995452761650085,0.5174864530563354,0.2811669111251831,-0.4803504943847656,0.9992883801460266,0.9995995163917542,0.5227112770080566,0.2815581262111664,-0.48030418157577515,0.9992315769195557,0.9995310306549072,0.5270707011222839,0.28195714950561523,-0.4801853597164154,0.9991540312767029,0.9994173049926758,0.4903819262981415,0.28689292073249817,-0.5735560655593872,0.9982999563217163,0.9986409544944763,0.5298209190368652,0.2889814078807831,-0.573042094707489,0.9984190464019775,0.9982355833053589,0.5010140538215637,0.28969502449035645,-0.45982152223587036,0.9982732534408569,0.9986532926559448,0.5162789821624756,0.29095786809921265,-0.4596497118473053,0.9981770515441895,0.998462438583374,0.4514574706554413,0.30766552686691284,-0.45473018288612366,0.9977659583091736,0.9890445470809937,0.5655513405799866,0.3139875531196594,-0.45112907886505127,0.9972614049911499,0.9876803159713745,0.44504615664482117,0.2650917172431946,-0.34742873907089233,0.9049122333526611,0.9991552829742432,0.5862403512001038,0.2756623327732086,-0.33830416202545166,0.9083150625228882,0.9985237717628479,0.4630126953125,0.21633489429950714,-0.3010440468788147,0.9284687042236328,0.9987466335296631,0.5752245187759399,0.22068563103675842,-0.27726101875305176,0.9276900887489319,0.9977442026138306,0.46007296442985535,0.20855712890625,-0.3579156696796417,0.9002640247344971,0.9979079961776733,0.5806379318237305,0.21287742257118225,-0.3324940800666809,0.9068538546562195,0.9968372583389282,0.4706600606441498,0.2095358818769455,-0.3933470547199249,0.8950120806694031,0.997566819190979,0.5705932378768921,0.2122253179550171,-0.3705730438232422,0.9078320860862732,0.9967183470726013,0.4734589457511902,0.2120022475719452,-0.3208763003349304,0.8959138989448547,0.9980339407920837,0.5655598044395447,0.21495065093040466,-0.2975917160511017,0.9041993618011475,0.9970967769622803,0.46599552035331726,0.38946840167045593,0.00410497235134244,0.99785977602005,0.9921739101409912,0.5343971848487854,0.39496979117393494,-0.0037919492460787296,0.998232901096344,0.9916513562202454,0.45244839787483215,0.29928427934646606,-0.05677478760480881,0.6110507249832153,0.9954934120178223,0.5413687229156494,0.2943565547466278,-0.03588181734085083,0.6377681493759155,0.9956018924713135,0.4600963592529297,0.21417009830474854,0.12943123281002045,0.7796986103057861,0.9986205101013184,0.5471268892288208,0.21930965781211853,0.16341526806354523,0.7883152365684509,0.9988510608673096,0.46825096011161804,0.2029009312391281,0.1368543803691864,0.7184653878211975,0.9982069730758667,0.5381260514259338,0.2093902826309204,0.1692286878824234,0.7213460206985474,0.9986996650695801,0.46217045187950134,0.19352878630161285,-0.10001783072948456,0.8369794487953186,0.9973963499069214,0.5585147738456726,0.1986631602048874,-0.06577681750059128,0.8327409625053406,0.9978531002998352
62,2108,True,0.5099014043807983,0.2757467031478882,-0.4730801582336426,0.9994853734970093,0.9999455213546753,0.5044336318969727,0.27097201347351074,-0.5104662775993347,0.999258816242218,0.9998670816421509,0.5001075863838196,0.27109426259994507,-0.5104780793190002,0.9991661310195923,0.9998475313186646,0.49513423442840576,0.27103137969970703,-0.5104787349700928,0.9991859793663025,0.9998233914375305,0.5174893140792847,0.2742766737937927,-0.512205958366394,0.9993330836296082,0.9998618364334106,0.5226731300354004,0.27443063259124756,-0.5121880769729614,0.9992862939834595,0.9998377561569214,0.5269808173179626,0.2746466100215912,-0.5120671987533569,0.999204695224762,0.9997946619987488,0.4900176525115967,0.2780410945415497,-0.5747073292732239,0.9984167218208313,0.9995051622390747,0.529707670211792,0.28238293528556824,-0.5815643668174744,0.998523473739624,0.9994096755981445,0.501041829586029,0.2821400761604309,-0.4849735200405121,0.9983806014060974,0.9995231628417969,0.5163931250572205,0.2825879752635956,-0.4869321584701538,0.998288094997406,0.9994564652442932,0.4513607919216156,0.29892006516456604,-0.44243189692497253,0.997763991355896,0.9946569204330444,0.5688889622688293,0.3052269518375397,-0.45823580026626587,0.9972372055053711,0.9942783117294312,0.44773241877555847,0.26513010263442993,-0.34933674335479736,0.8888483047485352,0.9989064931869507,0.5835195779800415,0.27564626932144165,-0.3567083477973938,0.8891892433166504,0.9984502792358398,0.4646844267845154,0.21870157122612,-0.34051594138145447,0.9193735718727112,0.99906986951828,0.5738155245780945,0.22102060914039612,-0.3363432288169861,0.9147100448608398,0.9979826211929321,0.4602515697479248,0.20982077717781067,-0.3945518136024475,0.8898212313652039,0.9985062479972839,0.5787559747695923,0.21503683924674988,-0.3912830352783203,0.8932925462722778,0.9970754384994507,0.4709041714668274,0.21120622754096985,-0.4228285849094391,0.8839040994644165,0.9983794689178467,0.5690786242485046,0.21423883736133575,-0.4258822500705719,0.8950692415237427,0.997119665145874,0.4739735424518585,0.21503016352653503,-0.3570425808429718,0.8859940767288208,0.99868243932724,0.5628281235694885,0.2169044017791748,-0.35518336296081543,0.8943764567375183,0.9975287318229675,0.4665890038013458,0.37750110030174255,0.006069330498576164,0.997802734375,0.9929549098014832,0.5356624126434326,0.38475772738456726,-0.005728435702621937,0.9981638789176941,0.9933007955551147,0.45384445786476135,0.29252728819847107,-0.024393809959292412,0.6004933714866638,0.9971422553062439,0.5536630749702454,0.29087159037590027,-0.02381368726491928,0.6261069774627686,0.997140645980835,0.46359264850616455,0.21456141769886017,0.16788212954998016,0.7838521003723145,0.998714804649353,0.5584583878517151,0.21951338648796082,0.1854991316795349,0.7912746071815491,0.9990405440330505,0.46876904368400574,0.20593109726905823,0.17676879465579987,0.716607928276062,0.9980971217155457,0.553591787815094,0.2033815085887909,0.19455283880233765,0.7181581258773804,0.9987597465515137,0.4629778265953064,0.18097415566444397,-0.0374310202896595,0.843000054359436,0.9972652196884155,0.5661374926567078,0.19476202130317688,-0.020258987322449684,0.8378527760505676,0.9979290962219238
63,2142,True,0.5098391175270081,0.27158647775650024,-0.4618159532546997,0.9994853138923645,0.9999219179153442,0.5043620467185974,0.26950469613075256,-0.5007188320159912,0.9992945790290833,0.9998157620429993,0.4998330771923065,0.2693043351173401,-0.50068598985672,0.9992114305496216,0.9997912049293518,0.4951828718185425,0.2690243422985077,-0.5006529688835144,0.9992238879203796,0.9997617602348328,0.517268180847168,0.27060407400131226,-0.500583291053772,0.9993587732315063,0.9998020529747009,0.522209644317627,0.27054890990257263,-0.5005261301994324,0.9993153214454651,0.9997660517692566,0.5263171792030334,0.2705186605453491,-0.5004000067710876,0.9992312788963318,0.9997033476829529,0.4895877540111542,0.27500608563423157,-0.56968092918396,0.9984843730926514,0.9993107318878174,0.529109001159668,0.27802804112434387,-0.5690679550170898,0.9985798001289368,0.9991391897201538,0.5013440251350403,0.27782154083251953,-0.47582152485847473,0.9984479546546936,0.9992889165878296,0.516469419002533,0.278054803609848,-0.47567978501319885,0.9983422756195068,0.9991821646690369,0.4519772529602051,0.29451900720596313,-0.4390099346637726,0.9976514577865601,0.9925476908683777,0.5718258619308472,0.3034398853778839,-0.4431758522987366,0.9971235394477844,0.9916998744010925,0.44839921593666077,0.2651129364967346,-0.3256126642227173,0.8713653683662415,0.9986659288406372,0.5949564576148987,0.27345311641693115,-0.32997992634773254,0.8727396726608276,0.9979335069656372,0.46259599924087524,0.21913652122020721,-0.27535298466682434,0.9074196219444275,0.9991316199302673,0.5730172991752625,0.22097210586071014,-0.26433825492858887,0.9007191061973572,0.998019814491272,0.45994308590888977,0.2109382450580597,-0.32129940390586853,0.8756855726242065,0.9986796975135803,0.5776139497756958,0.21487243473529816,-0.31189796328544617,0.8762763142585754,0.9973860383033752,0.4701242744922638,0.21217378973960876,-0.3522643744945526,0.8692918419837952,0.9985106587409973,0.5679113864898682,0.21442031860351562,-0.34534797072410583,0.8787452578544617,0.9973621964454651,0.4726477265357971,0.21698737144470215,-0.2914075553417206,0.8738592863082886,0.9987688660621643,0.5619475245475769,0.21791939437389374,-0.28148892521858215,0.8816107511520386,0.9976612329483032,0.466810405254364,0.3722643256187439,0.006007597781717777,0.9976441860198975,0.991777777671814,0.5368265509605408,0.37622320652008057,-0.005674226209521294,0.9979658126831055,0.9910939335823059,0.4541199207305908,0.2903568148612976,-0.04871932044625282,0.5799440145492554,0.9964642524719238,0.5571432113647461,0.28464168310165405,-0.030073966830968857,0.6110854744911194,0.9962682127952576,0.4634537994861603,0.20421357452869415,0.1225852221250534,0.7788839340209961,0.9985954165458679,0.5569599866867065,0.21258752048015594,0.15263734757900238,0.7897177338600159,0.9988805651664734,0.46780091524124146,0.1935289353132248,0.13009542226791382,0.7073579430580139,0.9979888200759888,0.5535370111465454,0.20331457257270813,0.15881969034671783,0.7096943259239197,0.9986248016357422,0.4687574505805969,0.18066784739494324,-0.08338861912488937,0.8436757922172546,0.997072696685791,0.5643936395645142,0.18846115469932556,-0.05417222902178764,0.8396275639533997,0.997739315032959
64,2176,True,0.514526903629303,0.26662445068359375,-0.4107844829559326,0.9994859099388123,0.9999221563339233,0.5105154514312744,0.2625734210014343,-0.45038557052612305,0.9993318915367126,0.9998183846473694,0.5063462853431702,0.26243680715560913,-0.4502364695072174,0.999253511428833,0.9997941851615906,0.5024083256721497,0.26208192110061646,-0.4501221477985382,0.9992640018463135,0.9997647404670715,0.5205397009849548,0.2643219828605652,-0.4522230327129364,0.9993863105773926,0.9998051524162292,0.5244547128677368,0.2640383243560791,-0.45206210017204285,0.9993413090705872,0.9997710585594177,0.5280604958534241,0.26385802030563354,-0.451904296875,0.9992613792419434,0.9997114539146423,0.4936327338218689,0.2660359740257263,-0.5304498672485352,0.9985500574111938,0.9992817044258118,0.5302025079727173,0.2671874761581421,-0.5451005697250366,0.9986327290534973,0.9991186261177063,0.508220911026001,0.27271348237991333,-0.4296340048313141,0.9984995126724243,0.9990991353988647,0.5194846987724304,0.2718244791030884,-0.43280109763145447,0.9983779788017273,0.9990090131759644,0.45280879735946655,0.28687217831611633,-0.4019075632095337,0.9974154829978943,0.9895327091217041,0.5736895799636841,0.29158514738082886,-0.40853869915008545,0.9968897104263306,0.9889095425605774,0.44843313097953796,0.2630700469017029,-0.2584248483181,0.8534586429595947,0.9986926913261414,0.5894871354103088,0.2593635320663452,-0.28310492634773254,0.8677216172218323,0.9981764554977417,0.46120962500572205,0.21989770233631134,-0.19296471774578094,0.8923038244247437,0.9988998174667358,0.5726181864738464,0.2184283286333084,-0.19178561866283417,0.8933343887329102,0.9978607296943665,0.4557395577430725,0.2111499011516571,-0.23414285480976105,0.8574422597885132,0.9983281493186951,0.5768955945968628,0.2126331776380539,-0.23720675706863403,0.8649783730506897,0.9970895648002625,0.4662010967731476,0.2123837023973465,-0.2673734724521637,0.850795328617096,0.9980581402778625,0.5674620270729065,0.2126573622226715,-0.2675492465496063,0.8680436015129089,0.9969862103462219,0.47176072001457214,0.21661405265331268,-0.2095545083284378,0.8590260744094849,0.9983624815940857,0.5613936185836792,0.2147931307554245,-0.20766472816467285,0.8736531138420105,0.997346043586731,0.46766409277915955,0.36495962738990784,0.006295530591160059,0.9974452257156372,0.990971565246582,0.5364845991134644,0.36864036321640015,-0.00595179945230484,0.9977200031280518,0.9897465705871582,0.45496490597724915,0.283675879240036,-0.05137329176068306,0.5544376969337463,0.9953008890151978,0.5566948652267456,0.2774354815483093,-0.03860758617520332,0.5956929922103882,0.9949377775192261,0.4654885530471802,0.1990048885345459,0.0914897695183754,0.7693772315979004,0.9983645081520081,0.5539466142654419,0.20628908276557922,0.1199154406785965,0.7864185571670532,0.9986615180969238,0.4710681140422821,0.18852229416370392,0.0963498204946518,0.6960294246673584,0.9977399110794067,0.5494733452796936,0.19711631536483765,0.12355411052703857,0.7015132308006287,0.9984132051467896,0.47257736325263977,0.17541314661502838,-0.11399447172880173,0.841634213924408,0.9969785213470459,0.5687375664710999,0.17555426061153412,-0.08496864885091782,0.8398665189743042,0.9976160526275635
65,2210,True,0.5167316198348999,0.23659619688987732,-0.38615256547927856,0.9994898438453674,0.9999328851699829,0.5105205774307251,0.23366466164588928,-0.42324769496917725,0.9993643164634705,0.9998483657836914,0.5061697959899902,0.23374125361442566,-0.423089861869812,0.999290406703949,0.9998223185539246,0.5021167397499084,0.2335619479417801,-0.422960102558136,0.9992954730987549,0.999783456325531,0.5230877995491028,0.23314599692821503,-0.42509597539901733,0.9994072318077087,0.9998441934585571,0.5272353887557983,0.23295824229717255,-0.4250028431415558,0.999360203742981,0.9998217225074768,0.5321444869041443,0.23284924030303955,-0.4249177575111389,0.999281644821167,0.999772846698761,0.4928026497364044,0.2398381233215332,-0.4932229220867157,0.9985814094543457,0.9994415640830994,0.5347355604171753,0.24107232689857483,-0.505489706993103,0.9986777305603027,0.9994450211524963,0.5086008906364441,0.24415655434131622,-0.4021275043487549,0.9985011219978333,0.9990270137786865,0.5230404734611511,0.24359866976737976,-0.40507328510284424,0.9983505010604858,0.9990059733390808,0.4510229825973511,0.26875215768814087,-0.36223357915878296,0.9969417452812195,0.9816412925720215,0.5789863467216492,0.26995617151260376,-0.37892213463783264,0.9966381192207336,0.9894752502441406,0.44392693042755127,0.2547984719276428,-0.18846681714057922,0.801285445690155,0.9903092980384827,0.5988646149635315,0.25850731134414673,-0.2197256237268448,0.8443867564201355,0.9932066202163696,0.4618973135948181,0.2199203073978424,-0.04878896474838257,0.8389477133750916,0.9964975714683533,0.572373628616333,0.21947486698627472,-0.07035379111766815,0.8630726337432861,0.9957184195518494,0.45688024163246155,0.21202833950519562,-0.07252532988786697,0.8027342557907104,0.9963374137878418,0.575204074382782,0.21200242638587952,-0.09649183601140976,0.8283032774925232,0.9953674077987671,0.46718335151672363,0.2135607898235321,-0.1044379249215126,0.796136200428009,0.995744526386261,0.5578901171684265,0.21314267814159393,-0.12996293604373932,0.8325850963592529,0.9951466917991638,0.4720500409603119,0.21858187019824982,-0.06368175148963928,0.8097809553146362,0.9960440397262573,0.554463803768158,0.2148425132036209,-0.08479845523834229,0.8440195322036743,0.995429277420044,0.468264639377594,0.34647226333618164,0.00630595488473773,0.9961325526237488,0.9738787412643433,0.5421252250671387,0.3506181836128235,-0.00595790334045887,0.9967391490936279,0.9811486601829529,0.45576298236846924,0.2728700041770935,-0.03683234751224518,0.5297643542289734,0.992109477519989,0.564240574836731,0.2604275345802307,-0.030387138947844505,0.5673103332519531,0.9927710890769958,0.4686112701892853,0.192259281873703,0.11162609606981277,0.7511266469955444,0.9970701932907104,0.5538926124572754,0.19356074929237366,0.1473567634820938,0.7637205123901367,0.9980971217155457,0.4720440208911896,0.18411244451999664,0.11854048818349838,0.6732406616210938,0.9958470463752747,0.5483958125114441,0.18551963567733765,0.15524731576442719,0.6722317934036255,0.9978325963020325,0.47352638840675354,0.1638081967830658,-0.05537227913737297,0.831112265586853,0.9946797490119934,0.5495501160621643,0.17318913340568542,-0.01621835306286812,0.8256164789199829,0.9968611001968384
66,2244,True,0.517035186290741,0.22268028557300568,-0.22610850632190704,0.9994455575942993,0.9998229146003723,0.5114545822143555,0.21762554347515106,-0.26769188046455383,0.9993715882301331,0.9996739625930786,0.5055039525032043,0.21583068370819092,-0.26767295598983765,0.9993001818656921,0.9996463060379028,0.5011496543884277,0.2158019095659256,-0.2676173448562622,0.9993018507957458,0.9996013045310974,0.5234009623527527,0.21581223607063293,-0.2686854600906372,0.9994027018547058,0.9996668100357056,0.5287271738052368,0.21582308411598206,-0.268655925989151,0.9993544816970825,0.9996483325958252,0.5334243774414062,0.21570494771003723,-0.26863551139831543,0.9992788434028625,0.9995911717414856,0.49225619435310364,0.22181513905525208,-0.3741168677806854,0.9985926747322083,0.9992283582687378,0.5376507043838501,0.22214190661907196,-0.37926533818244934,0.9986972212791443,0.9993152618408203,0.5086411237716675,0.2297910898923874,-0.25634026527404785,0.9984940886497498,0.9990395903587341,0.5242882370948792,0.22946207225322723,-0.2578498125076294,0.9983329176902771,0.9990517497062683,0.4514830708503723,0.25205081701278687,-0.28835609555244446,0.9968358278274536,0.9905793070793152,0.5823965072631836,0.2546967566013336,-0.3025101125240326,0.9967532753944397,0.9959011673927307,0.44258490204811096,0.24654510617256165,-0.11908302456140518,0.7464089393615723,0.9932954907417297,0.5979180335998535,0.24696287512779236,-0.15337659418582916,0.8229230642318726,0.9952380657196045,0.4609265923500061,0.21431632339954376,0.036816809326410294,0.7787114977836609,0.9952164888381958,0.5722434520721436,0.21473748981952667,-0.016437584534287453,0.8306056261062622,0.994820237159729,0.45771726965904236,0.20793883502483368,0.012680241838097572,0.7415986657142639,0.9948267340660095,0.5716426968574524,0.2071382999420166,-0.04608406126499176,0.7900075912475586,0.9942565560340881,0.4674396514892578,0.20906007289886475,-0.015318002551794052,0.7354754209518433,0.9939067959785461,0.5544546246528625,0.20795924961566925,-0.07570277154445648,0.7955406904220581,0.9937741756439209,0.4724997580051422,0.2112540453672409,0.022670086473226547,0.7535734176635742,0.9944028258323669,0.5495652556419373,0.21152587234973907,-0.030671153217554092,0.8128570914268494,0.9942381381988525,0.47271791100502014,0.33492764830589294,0.006388010457158089,0.9956653714179993,0.982695460319519,0.5438235402107239,0.3376231789588928,-0.006043258123099804,0.9965644478797913,0.9903518557548523,0.45614340901374817,0.25853508710861206,0.0084312055259943,0.499674528837204,0.9899219870567322,0.5645460486412048,0.24857743084430695,0.014103496447205544,0.5396572947502136,0.9940789937973022,0.468587189912796,0.19313648343086243,0.18700654804706573,0.7215883731842041,0.9969455599784851,0.5529807806015015,0.192600280046463,0.18013854324817657,0.7463857531547546,0.9978786706924438,0.4624479115009308,0.17946887016296387,0.19858042895793915,0.6496934294700623,0.9964575171470642,0.5479904413223267,0.1856999695301056,0.18956805765628815,0.6546617150306702,0.9978004097938538,0.4691416025161743,0.16713127493858337,0.055859655141830444,0.8152335286140442,0.9958142638206482,0.550597608089447,0.1749487966299057,0.06282006204128265,0.8163056969642639,0.9967472553253174
67,2278,True,0.5233308672904968,0.20274706184864044,-0.05589180067181587,0.9994147419929504,0.9999232292175293,0.5172477960586548,0.19591806828975677,-0.09505783766508102,0.9993811249732971,0.9998756647109985,0.5110822319984436,0.19521398842334747,-0.09517722576856613,0.9993085861206055,0.999871015548706,0.5061406493186951,0.19485893845558167,-0.0952250137925148,0.9993065595626831,0.9998513460159302,0.5306302905082703,0.19679152965545654,-0.09222622215747833,0.9994124174118042,0.9998865127563477,0.5350420475006104,0.1969292163848877,-0.09228707104921341,0.9993631839752197,0.9998910427093506,0.539107084274292,0.197109654545784,-0.09228351712226868,0.9992938041687012,0.9998806715011597,0.49713245034217834,0.1991918385028839,-0.20791631937026978,0.9986466765403748,0.9998725652694702,0.5431156754493713,0.2004466950893402,-0.19651725888252258,0.9987666010856628,0.9999220371246338,0.5153656005859375,0.20866426825523376,-0.08657162636518478,0.99851393699646,0.9998651742935181,0.5315195322036743,0.20654980838298798,-0.08351744711399078,0.9983876943588257,0.9999030828475952,0.4519656300544739,0.2283041924238205,-0.19945253431797028,0.9970530271530151,0.9981999397277832,0.5872339606285095,0.2317790687084198,-0.1657082736492157,0.9970226883888245,0.999637246131897,0.4421643912792206,0.23861074447631836,-0.04264574125409126,0.6876592636108398,0.9788517951965332,0.5956485271453857,0.23412060737609863,-0.0448010079562664,0.782520592212677,0.9924526810646057,0.45792099833488464,0.21163985133171082,0.12966452538967133,0.7145440578460693,0.9726541638374329,0.57151859998703,0.2115115374326706,0.057105958461761475,0.78333979845047,0.9902201294898987,0.4568016827106476,0.20399066805839539,0.12055620551109314,0.6815580129623413,0.9734867215156555,0.5650596022605896,0.20262551307678223,0.04733120650053024,0.7474693059921265,0.9880545735359192,0.46567869186401367,0.20378854870796204,0.10218650102615356,0.6763461232185364,0.9755023121833801,0.5445641279220581,0.20184418559074402,0.019660908728837967,0.7543302178382874,0.9889481067657471,0.46804919838905334,0.2061866968870163,0.12386158853769302,0.6935341358184814,0.9763902425765991,0.5432550311088562,0.207432359457016,0.04598722606897354,0.7701097726821899,0.9896976351737976,0.4765906035900116,0.31340715289115906,-0.004217253066599369,0.9952529668807983,0.9893513321876526,0.5454428791999817,0.31503331661224365,0.004503787029534578,0.9963176846504211,0.9938802719116211,0.47489193081855774,0.2584696114063263,0.22543014585971832,0.4775605797767639,0.9880679249763489,0.5616430044174194,0.24899980425834656,0.2715376615524292,0.5039798617362976,0.9939656853675842,0.4906010925769806,0.21653850376605988,0.4941196143627167,0.67336106300354,0.9895551204681396,0.5462527871131897,0.1939963698387146,0.5367438793182373,0.697738528251648,0.9920239448547363,0.4917599856853485,0.22503533959388733,0.5240297913551331,0.6170332431793213,0.9887763857841492,0.5434300899505615,0.22035309672355652,0.5650290846824646,0.6200057864189148,0.9921976923942566,0.4896675944328308,0.20678457617759705,0.5120024085044861,0.75885009765625,0.9908636212348938,0.5430023074150085,0.19499535858631134,0.5527422428131104,0.7626156806945801,0.9933274984359741
68,2312,True,0.5236350893974304,0.17405864596366882,-0.07949668914079666,0.9994214177131653,0.9999287128448486,0.517359733581543,0.1680663824081421,-0.10656407475471497,0.9994102716445923,0.9998829364776611,0.512243926525116,0.16800150275230408,-0.10666728764772415,0.999338686466217,0.9998750686645508,0.5078244209289551,0.16800035536289215,-0.1067209541797638,0.9993400573730469,0.9998444318771362,0.5312831401824951,0.1682436466217041,-0.10804080218076706,0.9994427561759949,0.9999005794525146,0.5363484025001526,0.16833017766475677,-0.1080893948674202,0.9993917346000671,0.999904990196228,0.54046630859375,0.16838838160037994,-0.10807561129331589,0.9993323087692261,0.9998911619186401,0.5013247728347778,0.17280812561511993,-0.1780463606119156,0.9987232089042664,0.999859094619751,0.543499231338501,0.17271719872951508,-0.1860390156507492,0.9988482594490051,0.9999254941940308,0.5149275660514832,0.17951622605323792,-0.09537308663129807,0.9985598921775818,0.9998202919960022,0.5312702655792236,0.1797422170639038,-0.0979180857539177,0.9984574913978577,0.9998679161071777,0.4520951509475708,0.20839759707450867,-0.16621772944927216,0.9972558617591858,0.9966977834701538,0.5868629217147827,0.21191641688346863,-0.16018173098564148,0.9972772598266602,0.9995610117912292,0.4424186646938324,0.22972600162029266,-0.009828916750848293,0.6218753457069397,0.9176585674285889,0.5980017781257629,0.23742349445819855,-0.04820097237825394,0.7198853492736816,0.9818099737167358,0.4710516631603241,0.22284802794456482,0.1736103743314743,0.6448521018028259,0.9165276288986206,0.5722285509109497,0.2232227772474289,0.06197747215628624,0.7151505351066589,0.9764734506607056,0.4714389443397522,0.22096720337867737,0.17534925043582916,0.6155647039413452,0.9296286106109619,0.5683931112289429,0.21942484378814697,0.056985337287187576,0.6849157810211182,0.9726212024688721,0.4855174720287323,0.2227938175201416,0.15516264736652374,0.6109797954559326,0.9377721548080444,0.5516114234924316,0.21824201941490173,0.03589970991015434,0.6919839978218079,0.9759121537208557,0.4891509711742401,0.22385480999946594,0.16843408346176147,0.6268579363822937,0.9365434050559998,0.549969494342804,0.22015878558158875,0.05419004708528519,0.7064802050590515,0.977403461933136,0.4781034588813782,0.2861083149909973,-0.004895384889096022,0.9943272471427917,0.9845483303070068,0.5453029274940491,0.2917355000972748,0.005138755310326815,0.9959577918052673,0.9936607480049133,0.4873201251029968,0.2394799441099167,0.2481643706560135,0.45233842730522156,0.977570652961731,0.5558415055274963,0.23564383387565613,0.28418445587158203,0.4652622640132904,0.9924930930137634,0.5128986239433289,0.21903860569000244,0.5439854264259338,0.6172401905059814,0.9764789938926697,0.5467824935913086,0.21655552089214325,0.5483099222183228,0.6457158327102661,0.9857813715934753,0.5168667435646057,0.22294528782367706,0.5776300430297852,0.5723586082458496,0.9747145771980286,0.5476709604263306,0.22196736931800842,0.5771105289459229,0.5795803070068359,0.9836924076080322,0.5147942304611206,0.20132708549499512,0.5948178768157959,0.6944905519485474,0.9827075600624084,0.5434705018997192,0.20282259583473206,0.5804483294487,0.7046063542366028,0.9868594408035278
69,2346,True,0.5261388421058655,0.14951184391975403,-0.06799712032079697,0.9994462132453918,0.9999518394470215,0.520304262638092,0.14441052079200745,-0.09430855512619019,0.9994469881057739,0.9999157190322876,0.5159263610839844,0.1445033699274063,-0.09441313147544861,0.9993798136711121,0.9999092817306519,0.5110721588134766,0.14469945430755615,-0.09444798529148102,0.9993823766708374,0.9998888969421387,0.5336185693740845,0.14448805153369904,-0.0982232317328453,0.9994768500328064,0.9999265670776367,0.5377959609031677,0.14453217387199402,-0.0982661172747612,0.9994262456893921,0.9999289512634277,0.5422155857086182,0.14473608136177063,-0.09824308007955551,0.99937504529953,0.9999189376831055,0.5049121975898743,0.15033289790153503,-0.1639319807291031,0.9988120198249817,0.9999057054519653,0.5451013445854187,0.14930415153503418,-0.183023601770401,0.9989370703697205,0.9999465942382812,0.517304539680481,0.15802499651908875,-0.08286754041910172,0.9986432194709778,0.9998910427093506,0.5328754782676697,0.15771175920963287,-0.08864960819482803,0.9985594749450684,0.9999223947525024,0.455182820558548,0.18729136884212494,-0.14883489906787872,0.9974788427352905,0.9979174733161926,0.588697075843811,0.18998444080352783,-0.16143104434013367,0.9975271821022034,0.9997007846832275,0.4332757592201233,0.21672877669334412,-0.0030345076229423285,0.5622484087944031,0.942370593547821,0.5985798239707947,0.220171719789505,-0.03034215420484543,0.6682344079017639,0.9877738356590271,0.4720730781555176,0.2138916254043579,0.151878222823143,0.58210289478302,0.9660079479217529,0.5736043453216553,0.21196846663951874,0.10755112022161484,0.6551281809806824,0.9874234795570374,0.4735492169857025,0.2120765745639801,0.15224133431911469,0.5564031600952148,0.9697082042694092,0.571112334728241,0.2078532874584198,0.10635591298341751,0.6307659149169922,0.9842175245285034,0.4890586733818054,0.21573154628276825,0.13137242197990417,0.5523941516876221,0.9729304313659668,0.5550152063369751,0.2070201337337494,0.08622463792562485,0.6377347707748413,0.9864126443862915,0.4920896887779236,0.21635928750038147,0.14563073217868805,0.5669835805892944,0.97409588098526,0.5531311631202698,0.20851027965545654,0.10136955231428146,0.6506547331809998,0.9882370829582214,0.47909072041511536,0.268010675907135,-0.0037800162099301815,0.993682861328125,0.9885634183883667,0.5461202263832092,0.26860958337783813,0.004035601392388344,0.9958392977714539,0.9954664707183838,0.4893855154514313,0.21095338463783264,0.24875329434871674,0.4244559705257416,0.9869773983955383,0.5529809594154358,0.20873871445655823,0.2702890634536743,0.4280819296836853,0.9949160814285278,0.5137102007865906,0.2034113109111786,0.5366792678833008,0.5671920776367188,0.9838438630104065,0.5481107831001282,0.2086431086063385,0.5398025512695312,0.5986763834953308,0.9891180396080017,0.5174815654754639,0.20760595798492432,0.5696900486946106,0.5313410758972168,0.982377290725708,0.5506258606910706,0.21487446129322052,0.5690304636955261,0.5425595045089722,0.987666130065918,0.5162649750709534,0.18540839850902557,0.5922828912734985,0.6350705027580261,0.9877380132675171,0.5444539785385132,0.19047711789608002,0.5795539617538452,0.648067057132721,0.9898118376731873
70,2380,True,0.5278571844100952,0.12989190220832825,-0.0716259703040123,0.9994887113571167,0.9999853372573853,0.5216100215911865,0.12311287224292755,-0.09508266299962997,0.9994946718215942,0.9999765157699585,0.5170130729675293,0.12312569469213486,-0.09518495947122574,0.9994332194328308,0.9999746084213257,0.5120715498924255,0.1232810765504837,-0.09519629180431366,0.9994367361068726,0.999968409538269,0.5356117486953735,0.1237897276878357,-0.09865125268697739,0.9995219111442566,0.9999790191650391,0.5396337509155273,0.12451114505529404,-0.09870541840791702,0.9994747638702393,0.9999794960021973,0.5441943407058716,0.12493155896663666,-0.09868444502353668,0.9994297623634338,0.9999759197235107,0.5060611963272095,0.1293569952249527,-0.15582235157489777,0.998916745185852,0.9999744892120361,0.5471372008323669,0.12962979078292847,-0.17240028083324432,0.9990335702896118,0.9999843835830688,0.518595278263092,0.13687258958816528,-0.08363392949104309,0.9987500905990601,0.9999591112136841,0.5349646210670471,0.137526273727417,-0.088686004281044,0.9986762404441833,0.9999679327011108,0.4566977918148041,0.17099584639072418,-0.1415514349937439,0.9976908564567566,0.9987132549285889,0.5904846787452698,0.17062753438949585,-0.15244229137897491,0.9977549910545349,0.9997422099113464,0.4301757514476776,0.2075534164905548,0.003875657683238387,0.5103144645690918,0.9654833674430847,0.6078308820724487,0.21159212291240692,-0.0144159821793437,0.6194454431533813,0.9903524518013,0.4671855568885803,0.19820182025432587,0.15768076479434967,0.5263713002204895,0.9838727116584778,0.5809749960899353,0.1995273381471634,0.1366233378648758,0.5986735820770264,0.9918546676635742,0.4688895046710968,0.1928979456424713,0.16298548877239227,0.504296600818634,0.9858449697494507,0.5809438824653625,0.19307231903076172,0.14042067527770996,0.5793558359146118,0.9903275370597839,0.4879764914512634,0.19518962502479553,0.14158320426940918,0.5008360147476196,0.987095832824707,0.5650854110717773,0.1914098560810089,0.1247122660279274,0.5857738256454468,0.9916873574256897,0.4914553761482239,0.19737304747104645,0.1522686779499054,0.5141743421554565,0.987959623336792,0.5628384351730347,0.193697988986969,0.13302822411060333,0.5967721343040466,0.9928749799728394,0.47953903675079346,0.25669175386428833,-0.0030540740117430687,0.9934784173965454,0.9958093166351318,0.5464661121368408,0.25852832198143005,0.003326473059132695,0.9958655834197998,0.9982784986495972,0.4885871410369873,0.21103055775165558,0.24698971211910248,0.3989869952201843,0.9910853505134583,0.5445516109466553,0.20516034960746765,0.26309487223625183,0.3977603018283844,0.9966867566108704,0.508709728717804,0.20316986739635468,0.5404516458511353,0.521009624004364,0.9867221117019653,0.5446344017982483,0.20666559040546417,0.5314669013023376,0.5564188957214355,0.9911392331123352,0.5115671753883362,0.2073008120059967,0.5746785998344421,0.49333080649375916,0.9853878617286682,0.5498678684234619,0.21343520283699036,0.5611222386360168,0.5092849135398865,0.989331841468811,0.5103281736373901,0.18333235383033752,0.6085672378540039,0.5802186131477356,0.9903808236122131,0.5417531132698059,0.1862584501504898,0.5812868475914001,0.5960864424705505,0.9917322397232056
71,2414,True,0.5297254920005798,0.11045636981725693,-0.11113143712282181,0.9995363354682922,0.9999969005584717,0.5236718654632568,0.1053706556558609,-0.1369815170764923,0.9995421767234802,0.9999948740005493,0.518414318561554,0.10510104894638062,-0.13715441524982452,0.9994863867759705,0.9999943971633911,0.5137560367584229,0.10500526428222656,-0.13707232475280762,0.9994902610778809,0.999993085861206,0.5380306839942932,0.10614447295665741,-0.1380343735218048,0.9995667934417725,0.9999958276748657,0.5420036315917969,0.1064317598938942,-0.13816839456558228,0.9995238780975342,0.9999958276748657,0.5457620024681091,0.1067378893494606,-0.1382356584072113,0.999484121799469,0.999995231628418,0.5093138217926025,0.11117976903915405,-0.19468188285827637,0.9990180730819702,0.9999932050704956,0.5497245192527771,0.1116345077753067,-0.19955027103424072,0.9991260170936584,0.9999969005584717,0.5208863615989685,0.11801793426275253,-0.1229613721370697,0.9988678693771362,0.9999934434890747,0.5376408696174622,0.11862950026988983,-0.12423630803823471,0.9988018274307251,0.999995231628418,0.4609784483909607,0.15327444672584534,-0.18525801599025726,0.997910737991333,0.9998522996902466,0.5945568680763245,0.15222904086112976,-0.18042655289173126,0.9979740381240845,0.9999748468399048,0.4300456643104553,0.20007839798927307,-0.021741298958659172,0.5285946130752563,0.9987963438034058,0.6153902411460876,0.2006715089082718,-0.027545971795916557,0.6488077044487,0.9996905326843262,0.4664628207683563,0.20042535662651062,0.1458532065153122,0.4872273802757263,0.9994955062866211,0.5736749172210693,0.1957663893699646,0.11421035975217819,0.5622656345367432,0.9998026490211487,0.46876227855682373,0.1971796602010727,0.1470603048801422,0.4679403305053711,0.9994383454322815,0.5785759687423706,0.196005180478096,0.11658073961734772,0.5397511720657349,0.9997294545173645,0.4859301745891571,0.1977720558643341,0.1243482306599617,0.464942067861557,0.9995771050453186,0.5641911029815674,0.1941048949956894,0.08963649719953537,0.5458523631095886,0.9997755885124207,0.48910242319107056,0.1990327090024948,0.14091280102729797,0.47726133465766907,0.9996381998062134,0.5618079900741577,0.19521170854568481,0.10608543455600739,0.5549922585487366,0.9998212456703186,0.48090654611587524,0.24088379740715027,-0.005930122919380665,0.9941217303276062,0.9999904632568359,0.5461030006408691,0.24563606083393097,0.006262330338358879,0.9962723255157471,0.999994158744812,0.4853810966014862,0.25248831510543823,0.2926176190376282,0.4526683986186981,0.9997840523719788,0.544525146484375,0.2554273009300232,0.3140217363834381,0.4470171630382538,0.9998681545257568,0.5061342120170593,0.3079305589199066,0.5661557912826538,0.5581303238868713,0.9993047714233398,0.5204077959060669,0.3046165704727173,0.600499153137207,0.5866745114326477,0.999488115310669,0.509067714214325,0.3172222971916199,0.597154438495636,0.5335078835487366,0.9990605711936951,0.5259749293327332,0.3142809271812439,0.6329077482223511,0.5434328317642212,0.9992326498031616,0.5074966549873352,0.29881781339645386,0.6112412214279175,0.6022100448608398,0.9992382526397705,0.5259265303611755,0.3027094304561615,0.6471631526947021,0.6097219586372375,0.9994268417358398
72,2448,True,0.5303595662117004,0.09737373888492584,-0.04319186881184578,0.9995788931846619,0.9999901056289673,0.5242656469345093,0.0922330766916275,-0.07982676476240158,0.9995830059051514,0.9999861717224121,0.5192321538925171,0.09214788675308228,-0.08008205145597458,0.9995326995849609,0.999984860420227,0.5145004391670227,0.09219436347484589,-0.079903244972229,0.9995362758636475,0.9999828338623047,0.539741575717926,0.09264590591192245,-0.0787154957652092,0.999605655670166,0.9999881982803345,0.5435984134674072,0.09286146610975266,-0.07888449728488922,0.9995670318603516,0.9999881982803345,0.5467292070388794,0.09316451102495193,-0.0789940133690834,0.999531626701355,0.999987006187439,0.5105717182159424,0.0974879115819931,-0.18025730550289154,0.9991079568862915,0.9999788999557495,0.5517511367797852,0.09790711849927902,-0.17671091854572296,0.9992082118988037,0.9999899864196777,0.5215392112731934,0.10355521738529205,-0.07049941271543503,0.9989728927612305,0.99997878074646,0.5394856929779053,0.10420795530080795,-0.06876367330551147,0.9989139437675476,0.9999853372573853,0.4636624753475189,0.13708604872226715,-0.20855793356895447,0.998099148273468,0.9997939467430115,0.5963810086250305,0.13891908526420593,-0.1858753263950348,0.9981726408004761,0.999962329864502,0.4314730763435364,0.19122105836868286,-0.06744273751974106,0.5726096034049988,0.9993106126785278,0.6202817559242249,0.19351252913475037,-0.05804063379764557,0.683405339717865,0.9997770190238953,0.46599721908569336,0.20098349452018738,0.07693643867969513,0.4636481702327728,0.9997552037239075,0.5716257691383362,0.20086641609668732,0.08215991407632828,0.5307005643844604,0.9999051094055176,0.4698927700519562,0.19940142333507538,0.07506666332483292,0.44082701206207275,0.9997531771659851,0.5655583143234253,0.20182880759239197,0.08459055423736572,0.4980270564556122,0.9999020099639893,0.4850371479988098,0.19996310770511627,0.06041865423321724,0.4376797080039978,0.9998138546943665,0.5579344034194946,0.19557130336761475,0.05938325822353363,0.5034788250923157,0.9999173879623413,0.4884710907936096,0.20054742693901062,0.07405436038970947,0.4491145610809326,0.9998201727867126,0.5584706664085388,0.1987004578113556,0.07379158586263657,0.5112443566322327,0.9999231100082397,0.48087409138679504,0.23285897076129913,-0.006130928639322519,0.9946998357772827,0.9999790191650391,0.5463614463806152,0.2358204573392868,0.006530078127980232,0.9966405034065247,0.9999860525131226,0.4828623831272125,0.2689885199069977,0.2752161920070648,0.5066338777542114,0.9997349381446838,0.5424641370773315,0.2726256847381592,0.29816102981567383,0.5017727017402649,0.9998063445091248,0.503730297088623,0.3263171315193176,0.49602749943733215,0.6005958914756775,0.9989303946495056,0.5201229453086853,0.32382169365882874,0.52949458360672,0.6267774701118469,0.9993832111358643,0.5046321153640747,0.33582547307014465,0.520603358745575,0.5785812139511108,0.9984875917434692,0.5190852284431458,0.3335270285606384,0.5555941462516785,0.5879422426223755,0.9989544153213501,0.504263699054718,0.32889771461486816,0.537223756313324,0.6354720592498779,0.999160647392273,0.5187931656837463,0.32465043663978577,0.568634033203125,0.6413099765777588,0.9994176626205444
73,2482,True,0.5304016470909119,0.09209176898002625,0.05239911004900932,0.9996083974838257,0.9999690055847168,0.5239866971969604,0.0869164764881134,0.00581766851246357,0.9996113181114197,0.9999643564224243,0.5190590023994446,0.0866190642118454,0.0056189787574112415,0.999565839767456,0.9999637603759766,0.5147081017494202,0.08644865453243256,0.005677212495356798,0.9995682835578918,0.9999618530273438,0.5389131903648376,0.08746235072612762,0.010647477582097054,0.9996312260627747,0.999964714050293,0.5429704189300537,0.08761615306138992,0.010524796321988106,0.999596893787384,0.999964714050293,0.5463631749153137,0.08783287554979324,0.010459604673087597,0.9995647072792053,0.999962329864502,0.5109739899635315,0.09026388078927994,-0.1332942247390747,0.9991779327392578,0.9999697208404541,0.5512523055076599,0.09195436537265778,-0.11178550869226456,0.9992719888687134,0.9999755620956421,0.5218087434768677,0.09727844595909119,0.011769013479351997,0.9990577697753906,0.9999686479568481,0.5395830273628235,0.09803055226802826,0.018663404509425163,0.9990019202232361,0.9999725818634033,0.4644439220428467,0.12650911509990692,-0.19755378365516663,0.9982697367668152,0.9998595714569092,0.5959596633911133,0.12877805531024933,-0.13864666223526,0.9983464479446411,0.9999336004257202,0.4309340715408325,0.18238972127437592,-0.08380510658025742,0.6102131605148315,0.9991334080696106,0.6216555833816528,0.1837870180606842,-0.01547821331769228,0.7092944383621216,0.9996383190155029,0.46099746227264404,0.1969321072101593,0.05319534242153168,0.4453384280204773,0.9994441866874695,0.5729885101318359,0.19920596480369568,0.13620027899742126,0.4997033476829529,0.9997501969337463,0.46316173672676086,0.20079036056995392,0.04926295951008797,0.41753441095352173,0.9994760155677795,0.5659928917884827,0.20242643356323242,0.1460568606853485,0.4640967845916748,0.999757707118988,0.4706662893295288,0.19875845313072205,0.04047705605626106,0.41446661949157715,0.9995946288108826,0.5581898093223572,0.1979767233133316,0.1200440526008606,0.4689997136592865,0.9998020529747009,0.4722070097923279,0.19734008610248566,0.05191223323345184,0.4234228730201721,0.9995854496955872,0.5598411560058594,0.19758710265159607,0.1284807324409485,0.47444093227386475,0.9997944235801697,0.48134011030197144,0.2271164357662201,-0.008256789296865463,0.9952210783958435,0.9999750852584839,0.5475607514381409,0.22876760363578796,0.00859155971556902,0.9969719648361206,0.9999812841415405,0.4819515645503998,0.27135592699050903,0.27625784277915955,0.5543451309204102,0.9996386766433716,0.5307234525680542,0.2698571979999542,0.3136461675167084,0.5506910085678101,0.9996170997619629,0.5007507801055908,0.3286857604980469,0.45968127250671387,0.637686014175415,0.9985305070877075,0.5168967843055725,0.31916987895965576,0.5169832110404968,0.6606436371803284,0.9988653659820557,0.5022152662277222,0.3379690647125244,0.48182740807533264,0.6185226440429688,0.9978286623954773,0.521661102771759,0.32987385988235474,0.5409266948699951,0.6268705725669861,0.9983271956443787,0.5010994672775269,0.33631107211112976,0.49741777777671814,0.6483623385429382,0.9987049102783203,0.5225953459739685,0.32418546080589294,0.5653622150421143,0.6427918672561646,0.9990382194519043
74,2516,True,0.5298308730125427,0.09101936966180801,0.05050889030098915,0.9995215535163879,0.9996898174285889,0.5234495997428894,0.08571062237024307,0.005029399413615465,0.9994480013847351,0.9995648264884949,0.5185104608535767,0.08499978482723236,0.004903395194560289,0.9993964433670044,0.9995524287223816,0.5142158269882202,0.08442623168230057,0.004917416721582413,0.9993845820426941,0.9995375871658325,0.538611114025116,0.08650334924459457,0.010394462384283543,0.9994652271270752,0.9995647072792053,0.5428274273872375,0.08635310083627701,0.01027718186378479,0.9994323253631592,0.9995648264884949,0.5458211302757263,0.08557361364364624,0.01023780182003975,0.9993947148323059,0.9995459914207458,0.5102124810218811,0.08769913762807846,-0.1350163072347641,0.9989441633224487,0.9996148347854614,0.5504783391952515,0.088923379778862,-0.11077430844306946,0.9990891218185425,0.9996685981750488,0.5214225649833679,0.0963137075304985,0.010087153874337673,0.9990013241767883,0.9997965693473816,0.5390545129776001,0.09647411108016968,0.01758710853755474,0.9989264607429504,0.9998078942298889,0.4642290472984314,0.11796201765537262,-0.19753901660442352,0.998420000076294,0.9998403787612915,0.5948746800422668,0.12239865213632584,-0.13262267410755157,0.9984990358352661,0.9998979568481445,0.4288429617881775,0.1696256697177887,-0.16822685301303864,0.6419452428817749,0.999153733253479,0.6210222840309143,0.17149534821510315,-0.05852990224957466,0.7286551594734192,0.9996311664581299,0.45987167954444885,0.19786112010478973,-0.12592118978500366,0.45597583055496216,0.9989342093467712,0.5763826966285706,0.19809310138225555,0.00719392579048872,0.494400292634964,0.9993789196014404,0.46252086758613586,0.20311284065246582,-0.14884290099143982,0.42066720128059387,0.9987682700157166,0.5659297704696655,0.202627032995224,0.003690505400300026,0.45312559604644775,0.9992071986198425,0.4687995910644531,0.19973526895046234,-0.15316613018512726,0.4173239767551422,0.998974084854126,0.5583697557449341,0.19866982102394104,-0.022006744518876076,0.4576133191585541,0.999332845211029,0.47189900279045105,0.1991455852985382,-0.126639261841774,0.4209725260734558,0.9989916682243347,0.5605704188346863,0.19888201355934143,-0.0032470824662595987,0.4590712785720825,0.9993494153022766,0.48366808891296387,0.22051291167736053,-0.008968755602836609,0.9956884980201721,0.9999417066574097,0.5480825901031494,0.22087550163269043,0.009214403107762337,0.9972680807113647,0.9999624490737915,0.4818381369113922,0.27351802587509155,0.24154427647590637,0.5928764939308167,0.9992685914039612,0.5298022627830505,0.26920124888420105,0.27465933561325073,0.5917204022407532,0.9993247985839844,0.49926596879959106,0.334961473941803,0.4179867208003998,0.6673019528388977,0.9977673292160034,0.5167116522789001,0.32340046763420105,0.48674502968788147,0.6859163045883179,0.9982317090034485,0.5005002617835999,0.34329622983932495,0.4334646761417389,0.6493672132492065,0.9962802529335022,0.5148414969444275,0.33563968539237976,0.5121930837631226,0.657630980014801,0.9972333312034607,0.4946485757827759,0.33971554040908813,0.4904037415981293,0.6539766192436218,0.997491717338562,0.5158845782279968,0.32935550808906555,0.49306148290634155,0.6383340954780579,0.9981659054756165
75,2550,True,0.5297507643699646,0.09439771622419357,0.12619900703430176,0.9995145797729492,0.9998281002044678,0.5231990218162537,0.08910532295703888,0.08165822923183441,0.9994136691093445,0.9997403025627136,0.5181459784507751,0.08834655582904816,0.08157011866569519,0.9993653893470764,0.9997336268424988,0.5138148665428162,0.08750619739294052,0.08161525428295135,0.9993412494659424,0.9997320771217346,0.5367439985275269,0.0894922986626625,0.08945365250110626,0.999413013458252,0.9997217059135437,0.5405084490776062,0.0890546441078186,0.08933855593204498,0.9993785619735718,0.9997130036354065,0.543483316898346,0.08847515285015106,0.08931759744882584,0.9993352890014648,0.9996969699859619,0.5096718072891235,0.08920273184776306,-0.06214560940861702,0.9989145994186401,0.9997438788414001,0.5484303832054138,0.0899445191025734,-0.026843123137950897,0.9990555047988892,0.9997435212135315,0.5209121704101562,0.09951576590538025,0.08298832923173904,0.9990397691726685,0.9998830556869507,0.537083625793457,0.09950095415115356,0.09386399388313293,0.9989638924598694,0.999879002571106,0.4639755189418793,0.1132228821516037,-0.14665700495243073,0.9985646605491638,0.9998862743377686,0.5940840840339661,0.1187913566827774,-0.06332845985889435,0.9986381530761719,0.9999120235443115,0.42476892471313477,0.16195334494113922,-0.14889656007289886,0.6739259362220764,0.9994062185287476,0.6229062080383301,0.16547933220863342,-0.024772463366389275,0.7507491707801819,0.9998024106025696,0.45656636357307434,0.1958380788564682,-0.09911223500967026,0.470954567193985,0.9992814660072327,0.5798022150993347,0.19664266705513,0.02756933867931366,0.503631591796875,0.9996217489242554,0.4612467586994171,0.20345823466777802,-0.11881715804338455,0.42703455686569214,0.9990872144699097,0.5670537352561951,0.2033279687166214,0.023185165598988533,0.4551314115524292,0.9994250535964966,0.4663550555706024,0.2006838619709015,-0.12382684648036957,0.42300713062286377,0.999213695526123,0.5614115595817566,0.19961580634117126,0.00035460296203382313,0.4589155614376068,0.9995067119598389,0.46738865971565247,0.19960306584835052,-0.09950163215398788,0.42168107628822327,0.9992501139640808,0.5647123456001282,0.19909057021141052,0.01788902096450329,0.45597803592681885,0.999543309211731,0.4841030240058899,0.21536771953105927,-0.021183008328080177,0.9961113929748535,0.9999499320983887,0.5484369397163391,0.21702460944652557,0.021188057959079742,0.9975361227989197,0.9999650716781616,0.4816821217536926,0.2742595076560974,0.17224574089050293,0.6308706998825073,0.9994693398475647,0.52867192029953,0.27184170484542847,0.2496519535779953,0.6299335956573486,0.9994833469390869,0.49416792392730713,0.3348611891269684,0.2558799982070923,0.6966941952705383,0.9981452226638794,0.5188580751419067,0.3317684233188629,0.34569820761680603,0.7128413915634155,0.9986451268196106,0.4932207763195038,0.3469899296760559,0.2643653154373169,0.6799020171165466,0.9966952800750732,0.5163543224334717,0.3442031741142273,0.3570695221424103,0.6886826753616333,0.9977472424507141,0.48343992233276367,0.34013602137565613,0.25608181953430176,0.6636090278625488,0.997638463973999,0.5121713280677795,0.3428574204444885,0.35264870524406433,0.6422195434570312,0.9983593821525574
76,2584,True,0.5266326665878296,0.09539999067783356,0.2953590750694275,0.9995325207710266,0.9998568296432495,0.5211019515991211,0.09058599919080734,0.2523704171180725,0.9994264841079712,0.9997705817222595,0.516951858997345,0.09021326154470444,0.25235554575920105,0.9993836283683777,0.9997631907463074,0.5126647353172302,0.08968023955821991,0.25245407223701477,0.9993559122085571,0.9997662901878357,0.5321910381317139,0.09074313938617706,0.2591741681098938,0.999414324760437,0.9997296929359436,0.5355194807052612,0.09052883088588715,0.2590583562850952,0.9993811845779419,0.9997091889381409,0.5384873747825623,0.09016470611095428,0.25906017422676086,0.9993366003036499,0.9996881484985352,0.5090391635894775,0.09046800434589386,0.10236985236406326,0.9989598393440247,0.9997342228889465,0.5435916185379028,0.09230544418096542,0.13293296098709106,0.9990854263305664,0.9996659755706787,0.518401563167572,0.10055706650018692,0.24808265268802643,0.9991012215614319,0.9998887777328491,0.5318844318389893,0.10059612989425659,0.2578384280204773,0.9990257620811462,0.9998733997344971,0.4639208912849426,0.11205372959375381,-0.009824560955166817,0.9986975789070129,0.9998886585235596,0.5908004641532898,0.11749370396137238,0.059516701847314835,0.9987638592720032,0.9998700618743896,0.4201526939868927,0.15697021782398224,-0.013494404032826424,0.7030362486839294,0.9996446371078491,0.6233616471290588,0.1605573296546936,0.08737011253833771,0.772757887840271,0.9998453855514526,0.4544140696525574,0.19552253186702728,0.06177850812673569,0.4744175374507904,0.9996441602706909,0.5812627673149109,0.1965014785528183,0.17275676131248474,0.5099831223487854,0.9997480511665344,0.46029409766197205,0.20371267199516296,0.061494648456573486,0.42217907309532166,0.9995385408401489,0.5696967840194702,0.20351675152778625,0.17766880989074707,0.4540204107761383,0.9996243715286255,0.46473366022109985,0.20121793448925018,0.05904310196638107,0.4173550009727478,0.9995903372764587,0.5630834698677063,0.20015624165534973,0.1630759835243225,0.45694857835769653,0.9996761083602905,0.46466755867004395,0.20000731945037842,0.06516803801059723,0.4130533039569855,0.9996084570884705,0.5662329792976379,0.19955644011497498,0.16750869154930115,0.449936181306839,0.9997047781944275,0.48449835181236267,0.21070630848407745,-0.02368767000734806,0.9964922666549683,0.9999237060546875,0.5491594672203064,0.21281340718269348,0.023595791310071945,0.9977781772613525,0.9999433755874634,0.4772060811519623,0.28035756945610046,0.07332793623209,0.6668210625648499,0.9996459484100342,0.5288082361221313,0.27814894914627075,0.13450707495212555,0.6661871075630188,0.9995489716529846,0.4813566505908966,0.350725919008255,0.040519583970308304,0.7255458235740662,0.9983943104743958,0.5199854373931885,0.34425950050354004,0.12877869606018066,0.7400023341178894,0.9987861514091492,0.48424285650253296,0.36185646057128906,0.036889996379613876,0.710170567035675,0.9969971179962158,0.5168331265449524,0.3556605875492096,0.12744595110416412,0.718561053276062,0.9979829788208008,0.45919129252433777,0.363609254360199,0.024078087881207466,0.679703950881958,0.9977772831916809,0.5097426176071167,0.35782667994499207,0.12123057246208191,0.6529892683029175,0.9984003901481628
