frame,timestamp_ms,pose_detected,lm_0_x,lm_0_y,lm_0_z,lm_0_visibility,lm_0_presence,lm_1_x,lm_1_y,lm_1_z,lm_1_visibility,lm_1_presence,lm_2_x,lm_2_y,lm_2_z,lm_2_visibility,lm_2_presence,lm_3_x,lm_3_y,lm_3_z,lm_3_visibility,lm_3_presence,lm_4_x,lm_4_y,lm_4_z,lm_4_visibility,lm_4_presence,lm_5_x,lm_5_y,lm_5_z,lm_5_visibility,lm_5_presence,lm_6_x,lm_6_y,lm_6_z,lm_6_visibility,lm_6_presence,lm_7_x,lm_7_y,lm_7_z,lm_7_visibility,lm_7_presence,lm_8_x,lm_8_y,lm_8_z,lm_8_visibility,lm_8_presence,lm_9_x,lm_9_y,lm_9_z,lm_9_visibility,lm_9_presence,lm_10_x,lm_10_y,lm_10_z,lm_10_visibility,lm_10_presence,lm_11_x,lm_11_y,lm_11_z,lm_11_visibility,lm_11_presence,lm_12_x,lm_12_y,lm_12_z,lm_12_visibility,lm_12_presence,lm_13_x,lm_13_y,lm_13_z,lm_13_visibility,lm_13_presence,lm_14_x,lm_14_y,lm_14_z,lm_14_visibility,lm_14_presence,lm_15_x,lm_15_y,lm_15_z,lm_15_visibility,lm_15_presence,lm_16_x,lm_16_y,lm_16_z,lm_16_visibility,lm_16_presence,lm_17_x,lm_17_y,lm_17_z,lm_17_visibility,lm_17_presence,lm_18_x,lm_18_y,lm_18_z,lm_18_visibility,lm_18_presence,lm_19_x,lm_19_y,lm_19_z,lm_19_visibility,lm_19_presence,lm_20_x,lm_20_y,lm_20_z,lm_20_visibility,lm_20_presence,lm_21_x,lm_21_y,lm_21_z,lm_21_visibility,lm_21_presence,lm_22_x,lm_22_y,lm_22_z,lm_22_visibility,lm_22_presence,lm_23_x,lm_23_y,lm_23_z,lm_23_visibility,lm_23_presence,lm_24_x,lm_24_y,lm_24_z,lm_24_visibility,lm_24_presence,lm_25_x,lm_25_y,lm_25_z,lm_25_visibility,lm_25_presence,lm_26_x,lm_26_y,lm_26_z,lm_26_visibility,lm_26_presence,lm_27_x,lm_27_y,lm_27_z,lm_27_visibility,lm_27_presence,lm_28_x,lm_28_y,lm_28_z,lm_28_visibility,lm_28_presence,lm_29_x,lm_29_y,lm_29_z,lm_29_visibility,lm_29_presence,lm_30_x,lm_30_y,lm_30_z,lm_30_visibility,lm_30_presence,lm_31_x,lm_31_y,lm_31_z,lm_31_visibility,lm_31_presence,lm_32_x,lm_32_y,lm_32_z,lm_32_visibility,lm_32_presence
0,0,False,,,,,,,,,,,,,,,,,,,,,,,,,,,,,,,,,,,,,,,,,,,,,,,,,,,,,,,,,,,,,,,,,,,,,,,,,,,,,,,,,,,,,,,,,,,,,,,,,,,,,,,,,,,,,,,,,,,,,,,,,,,,,,,,,,,,,,,,,,,,,,,,,,,,,,,,,,,,,,,,,,,,,
1,34,False,,,,,,,,,,,,,,,,,,,,,,,,,,,,,,,,,,,,,,,,,,,,,,,,,,,,,,,,,,,,,,,,,,,,,,,,,,,,,,,,,,,,,,,,,,,,,,,,,,,,,,,,,,,,,,,,,,,,,,,,,,,,,,,,,,,,,,,,,,,,,,,,,,,,,,,,,,,,,,,,,,,,,
2,68,False,,,,,,,,,,,,,,,,,,,,,,,,,,,,,,,,,,,,,,,,,,,,,,,,,,,,,,,,,,,,,,,,,,,,,,,,,,,,,,,,,,,,,,,,,,,,,,,,,,,,,,,,,,,,,,,,,,,,,,,,,,,,,,,,,,,,,,,,,,,,,,,,,,,,,,,,,,,,,,,,,,,,,
3,102,False,,,,,,,,,,,,,,,,,,,,,,,,,,,,,,,,,,,,,,,,,,,,,,,,,,,,,,,,,,,,,,,,,,,,,,,,,,,,,,,,,,,,,,,,,,,,,,,,,,,,,,,,,,,,,,,,,,,,,,,,,,,,,,,,,,,,,,,,,,,,,,,,,,,,,,,,,,,,,,,,,,,,,
4,136,False,,,,,,,,,,,,,,,,,,,,,,,,,,,,,,,,,,,,,,,,,,,,,,,,,,,,,,,,,,,,,,,,,,,,,,,,,,,,,,,,,,,,,,,,,,,,,,,,,,,,,,,,,,,,,,,,,,,,,,,,,,,,,,,,,,,,,,,,,,,,,,,,,,,,,,,,,,,,,,,,,,,,,
5,170,False,,,,,,,,,,,,,,,,,,,,,,,,,,,,,,,,,,,,,,,,,,,,,,,,,,,,,,,,,,,,,,,,,,,,,,,,,,,,,,,,,,,,,,,,,,,,,,,,,,,,,,,,,,,,,,,,,,,,,,,,,,,,,,,,,,,,,,,,,,,,,,,,,,,,,,,,,,,,,,,,,,,,,
6,204,False,,,,,,,,,,,,,,,,,,,,,,,,,,,,,,,,,,,,,,,,,,,,,,,,,,,,,,,,,,,,,,,,,,,,,,,,,,,,,,,,,,,,,,,,,,,,,,,,,,,,,,,,,,,,,,,,,,,,,,,,,,,,,,,,,,,,,,,,,,,,,,,,,,,,,,,,,,,,,,,,,,,,,
7,238,False,,,,,,,,,,,,,,,,,,,,,,,,,,,,,,,,,,,,,,,,,,,,,,,,,,,,,,,,,,,,,,,,,,,,,,,,,,,,,,,,,,,,,,,,,,,,,,,,,,,,,,,,,,,,,,,,,,,,,,,,,,,,,,,,,,,,,,,,,,,,,,,,,,,,,,,,,,,,,,,,,,,,,
8,272,False,,,,,,,,,,,,,,,,,,,,,,,,,,,,,,,,,,,,,,,,,,,,,,,,,,,,,,,,,,,,,,,,,,,,,,,,,,,,,,,,,,,,,,,,,,,,,,,,,,,,,,,,,,,,,,,,,,,,,,,,,,,,,,,,,,,,,,,,,,,,,,,,,,,,,,,,,,,,,,,,,,,,,
9,306,False,,,,,,,,,,,,,,,,,,,,,,,,,,,,,,,,,,,,,,,,,,,,,,,,,,,,,,,,,,,,,,,,,,,,,,,,,,,,,,,,,,,,,,,,,,,,,,,,,,,,,,,,,,,,,,,,,,,,,,,,,,,,,,,,,,,,,,,,,,,,,,,,,,,,,,,,,,,,,,,,,,,,,
10,340,False,,,,,,,,,,,,,,,,,,,,,,,,,,,,,,,,,,,,,,,,,,,,,,,,,,,,,,,,,,,,,,,,,,,,,,,,,,,,,,,,,,,,,,,,,,,,,,,,,,,,,,,,,,,,,,,,,,,,,,,,,,,,,,,,,,,,,,,,,,,,,,,,,,,,,,,,,,,,,,,,,,,,,
11,374,False,,,,,,,,,,,,,,,,,,,,,,,,,,,,,,,,,,,,,,,,,,,,,,,,,,,,,,,,,,,,,,,,,,,,,,,,,,,,,,,,,,,,,,,,,,,,,,,,,,,,,,,,,,,,,,,,,,,,,,,,,,,,,,,,,,,,,,,,,,,,,,,,,,,,,,,,,,,,,,,,,,,,,
12,408,False,,,,,,,,,,,,,,,,,,,,,,,,,,,,,,,,,,,,,,,,,,,,,,,,,,,,,,,,,,,,,,,,,,,,,,,,,,,,,,,,,,,,,,,,,,,,,,,,,,,,,,,,,,,,,,,,,,,,,,,,,,,,,,,,,,,,,,,,,,,,,,,,,,,,,,,,,,,,,,,,,,,,,
13,442,False,,,,,,,,,,,,,,,,,,,,,,,,,,,,,,,,,,,,,,,,,,,,,,,,,,,,,,,,,,,,,,,,,,,,,,,,,,,,,,,,,,,,,,,,,,,,,,,,,,,,,,,,,,,,,,,,,,,,,,,,,,,,,,,,,,,,,,,,,,,,,,,,,,,,,,,,,,,,,,,,,,,,,
14,476,True,0.5042321085929871,0.21588405966758728,-0.29855450987815857,0.9996168613433838,0.9999332427978516,0.4993976056575775,0.21475008130073547,-0.3310256600379944,0.9994296431541443,0.9998403787612915,0.4957219958305359,0.21493199467658997,-0.3311293423175812,0.9994943141937256,0.9998290538787842,0.49054259061813354,0.21510645747184753,-0.3311213254928589,0.999423623085022,0.9998106360435486,0.5112113356590271,0.21534231305122375,-0.3297441899776459,0.9993160963058472,0.9998346567153931,0.5147761106491089,0.21577778458595276,-0.3297853469848633,0.9991559982299805,0.9998162388801575,0.5186352133750916,0.2161504030227661,-0.3297106623649597,0.9991672039031982,0.9997904896736145,0.4846884310245514,0.22114035487174988,-0.3826819658279419,0.9989537000656128,0.9997039437294006,0.5237443447113037,0.2210204154253006,-0.3769896924495697,0.9992831349372864,0.9996950626373291,0.4975284934043884,0.21978649497032166,-0.3063823878765106,0.9995321035385132,0.9998643398284912,0.5117420554161072,0.22036902606487274,-0.3045947253704071,0.9994149208068848,0.9998623132705688,0.4517441689968109,0.24041995406150818,-0.32316216826438904,0.998775064945221,0.9991881251335144,0.5592412948608398,0.23832745850086212,-0.3103020191192627,0.9993501305580139,0.9992671608924866,0.42304208874702454,0.19950032234191895,-0.2818194031715393,0.9162537455558777,0.9998542070388794,0.5785946249961853,0.19345790147781372,-0.27341505885124207,0.9554658532142639,0.9999043941497803,0.4457230567932129,0.15790782868862152,-0.3316620886325836,0.9451310634613037,0.9997053742408752,0.5698434114456177,0.15595878660678864,-0.3054159879684448,0.9802164435386658,0.9997428059577942,0.44041532278060913,0.15210822224617004,-0.3861030042171478,0.9288567900657654,0.9992794394493103,0.5696420073509216,0.151564821600914,-0.35293418169021606,0.9666605591773987,0.9994250535964966,0.44906386733055115,0.15157680213451385,-0.40396225452423096,0.9295515418052673,0.9993808269500732,0.5607737302780151,0.15151581168174744,-0.37955141067504883,0.9673458933830261,0.9994550347328186,0.4539484679698944,0.1532001942396164,-0.3430550992488861,0.915992021560669,0.9995930790901184,0.5614608526229858,0.15313448011875153,-0.3195383548736572,0.9575650691986084,0.9996235370635986,0.4759436845779419,0.2923959195613861,-0.01075716782361269,0.9997925162315369,0.9999521970748901,0.5345541834831238,0.29860013723373413,0.01085267961025238,0.99993896484375,0.9999574422836304,0.469929575920105,0.22874906659126282,0.15540865063667297,0.44171780347824097,0.9996926784515381,0.5717546343803406,0.29429057240486145,0.12209324538707733,0.6226605772972107,0.9995601773262024,0.4657934904098511,0.19638928771018982,0.3681381642818451,0.7434321641921997,0.9997808337211609,0.5619587302207947,0.29497402906417847,0.36888694763183594,0.7751204967498779,0.9996013045310974,0.4675356149673462,0.1961851716041565,0.3863094449043274,0.69194495677948,0.999693751335144,0.5551730394363403,0.2944320738315582,0.3919687569141388,0.7060818076133728,0.9994198083877563,0.45929017663002014,0.17634043097496033,0.32971617579460144,0.795405924320221,0.9994961023330688,0.5678234696388245,0.29461124539375305,0.32840198278427124,0.7969712615013123,0.9992393255233765
15,510,True,0.5042310357093811,0.21648173034191132,-0.37242698669433594,0.9996507167816162,0.9999958276748657,0.4993966519832611,0.21621517837047577,-0.4003782868385315,0.9994694590568542,0.9999912977218628,0.4957197308540344,0.21627624332904816,-0.4004041850566864,0.9995359182357788,0.9999898672103882,0.4906863868236542,0.21635465323925018,-0.40027037262916565,0.9994625449180603,0.9999884366989136,0.5112088322639465,0.21667766571044922,-0.39568066596984863,0.9993710517883301,0.9999927282333374,0.5148118734359741,0.21695366501808167,-0.39571458101272583,0.9992279410362244,0.9999924898147583,0.5186377763748169,0.217112734913826,-0.39562398195266724,0.9992308616638184,0.9999922513961792,0.4847131073474884,0.2218555212020874,-0.4238089621067047,0.9990348815917969,0.999981164932251,0.5239579677581787,0.2218049019575119,-0.3984999656677246,0.9993456602096558,0.9999898672103882,0.4975810945034027,0.22046928107738495,-0.37044066190719604,0.999565839767456,0.9999867677688599,0.5117629766464233,0.22102007269859314,-0.3631703555583954,0.9994598031044006,0.9999896287918091,0.4520711302757263,0.24048972129821777,-0.3460821807384491,0.9988546371459961,0.9999245405197144,0.5591943264007568,0.23844459652900696,-0.34151360392570496,0.9994051456451416,0.9999617338180542,0.4230521321296692,0.1997881978750229,-0.3556981384754181,0.9241536855697632,0.9999910593032837,0.5787081122398376,0.19429589807987213,-0.3544982373714447,0.9594882130622864,0.9999969005584717,0.4444686472415924,0.15809032320976257,-0.4464714825153351,0.9500794410705566,0.9999780654907227,0.5693289637565613,0.15572072565555573,-0.4451308250427246,0.9819076061248779,0.9999908208847046,0.43751975893974304,0.1510346233844757,-0.4950540363788605,0.934905469417572,0.9999420642852783,0.5696136951446533,0.1489952951669693,-0.49587762355804443,0.969182550907135,0.9999768733978271,0.44785892963409424,0.1507294625043869,-0.5101498365402222,0.9353742003440857,0.999951958656311,0.5608377456665039,0.15024138987064362,-0.5121490955352783,0.9697556495666504,0.999975323677063,0.4503871500492096,0.15310488641262054,-0.4547986388206482,0.9226840734481812,0.9999691247940063,0.5604040622711182,0.15214630961418152,-0.45550957322120667,0.9608046412467957,0.9999852180480957,0.47658076882362366,0.29606881737709045,0.015552847646176815,0.9998121857643127,0.9999935626983643,0.5329344272613525,0.30216124653816223,-0.015564351342618465,0.9999449849128723,0.9999988079071045,0.5084988474845886,0.25402870774269104,0.1549881249666214,0.48528239130973816,0.9999758005142212,0.5459902882575989,0.35274481773376465,0.08306180685758591,0.658594012260437,0.9999791383743286,0.5169023871421814,0.20915798842906952,0.3891870677471161,0.7621985077857971,0.9999724626541138,0.5129185318946838,0.39972397685050964,0.2841271758079529,0.7957251071929932,0.9998601675033569,0.52549809217453,0.2030942738056183,0.41203510761260986,0.7170959115028381,0.9999393224716187,0.5002961754798889,0.4048681855201721,0.3033066689968109,0.7315848469734192,0.9995872378349304,0.5041067600250244,0.19591543078422546,0.40915951132774353,0.8111202716827393,0.9998807907104492,0.5183296203613281,0.41288524866104126,0.24806520342826843,0.8155561089515686,0.9992827773094177
16,544,True,0.5048010945320129,0.22134840488433838,-0.3402597904205322,0.9996791481971741,0.9999921321868896,0.4997049570083618,0.22007706761360168,-0.36993545293807983,0.9994983077049255,0.9999833106994629,0.4958648681640625,0.21994838118553162,-0.36999574303627014,0.9995694756507874,0.999981164932251,0.4910680949687958,0.21990899741649628,-0.3699261248111725,0.9994909167289734,0.99997878074646,0.5119849443435669,0.22097161412239075,-0.3670944273471832,0.9994150996208191,0.999984860420227,0.5159955620765686,0.2214096039533615,-0.3671325147151947,0.9992871284484863,0.9999839067459106,0.5198132991790771,0.2217259407043457,-0.36705127358436584,0.9992789030075073,0.9999825954437256,0.48501142859458923,0.22496525943279266,-0.4208661913871765,0.9991002678871155,0.9999639987945557,0.5255072116851807,0.2264460325241089,-0.37841174006462097,0.9993981122970581,0.9999734163284302,0.49785786867141724,0.22410237789154053,-0.3432711362838745,0.9995908141136169,0.9999747276306152,0.5126793384552002,0.2252187281847,-0.33886027336120605,0.9994922876358032,0.9999769926071167,0.4532076120376587,0.24439553916454315,-0.34111130237579346,0.9988899230957031,0.9998525381088257,0.5593205094337463,0.24409036338329315,-0.3369380831718445,0.9994432926177979,0.999879002571106,0.4230499565601349,0.2011663019657135,-0.3267466723918915,0.9310950040817261,0.9999847412109375,0.5794029831886292,0.19851121306419373,-0.3284413516521454,0.9631271958351135,0.9999915361404419,0.4438299834728241,0.15932217240333557,-0.3960025906562805,0.9544156193733215,0.9999603033065796,0.5693283677101135,0.15652689337730408,-0.39672431349754333,0.9834016561508179,0.9999722242355347,0.43648189306259155,0.15094855427742004,-0.44369685649871826,0.9402323365211487,0.9998966455459595,0.5694635510444641,0.14917773008346558,-0.44316452741622925,0.9714025855064392,0.9999362230300903,0.44705772399902344,0.1506762057542801,-0.4597853720188141,0.940542995929718,0.9999096393585205,0.5611388683319092,0.15027101337909698,-0.46142280101776123,0.9718818068504333,0.999931812286377,0.45051342248916626,0.15317727625370026,-0.4049552083015442,0.928677499294281,0.9999417066574097,0.5605764389038086,0.15215960144996643,-0.4076462984085083,0.9636329412460327,0.9999568462371826,0.4793514311313629,0.30776897072792053,0.016053948551416397,0.9998288154602051,0.9999891519546509,0.5312587022781372,0.31436222791671753,-0.016116227954626083,0.9999502897262573,0.9999964237213135,0.5056381821632385,0.2614820599555969,0.14214515686035156,0.5226624608039856,0.9999395608901978,0.5377962589263916,0.37117499113082886,0.060316961258649826,0.6907740831375122,0.9999293088912964,0.5139209628105164,0.21815955638885498,0.35433053970336914,0.77915358543396,0.9999194145202637,0.4814806282520294,0.41566014289855957,0.2354149967432022,0.8138337731361389,0.999653697013855,0.5227286219596863,0.2128918170928955,0.374225914478302,0.7392038702964783,0.9998296499252319,0.46856236457824707,0.4202544689178467,0.25120091438293457,0.753294050693512,0.9990193843841553,0.5015588402748108,0.20280671119689941,0.375191867351532,0.8249955773353577,0.9996894598007202,0.49058622121810913,0.4286678433418274,0.18639060854911804,0.8316681981086731,0.9984341263771057
17,578,True,0.505041778087616,0.2254597693681717,-0.2907065153121948,0.9996902346611023,0.9999743700027466,0.4998217821121216,0.22354242205619812,-0.31582286953926086,0.9994859099388123,0.9999483823776245,0.4959416389465332,0.2236069142818451,-0.31586313247680664,0.9995588660240173,0.999946117401123,0.4913346469402313,0.2236775904893875,-0.3157908618450165,0.9994799494743347,0.9999415874481201,0.5124403238296509,0.22455009818077087,-0.3176385760307312,0.9994192719459534,0.9999395608901978,0.5167555809020996,0.22501008212566376,-0.3177131712436676,0.9992946982383728,0.9999310970306396,0.5206089615821838,0.2253631055355072,-0.31765344738960266,0.9992703795433044,0.9999172687530518,0.48567909002304077,0.22865545749664307,-0.3523983359336853,0.9991008043289185,0.9998917579650879,0.526469349861145,0.22996215522289276,-0.35350945591926575,0.9993720054626465,0.9998294115066528,0.4983137845993042,0.22955811023712158,-0.29244890809059143,0.9995506405830383,0.9998935461044312,0.5135276913642883,0.23020677268505096,-0.2944432199001312,0.9994062185287476,0.9998494386672974,0.4548307955265045,0.24644367396831512,-0.30208489298820496,0.9988495707511902,0.9996271133422852,0.5599883794784546,0.2468864917755127,-0.33209577202796936,0.9994447231292725,0.9989181756973267,0.42407628893852234,0.20165228843688965,-0.32087287306785583,0.9375118017196655,0.9999496936798096,0.5796130895614624,0.20035597681999207,-0.38711419701576233,0.9663138389587402,0.999873161315918,0.4439734220504761,0.1596902310848236,-0.3948582112789154,0.9584465026855469,0.9999089241027832,0.5693320035934448,0.15651877224445343,-0.4540593922138214,0.984415590763092,0.9997966885566711,0.4385315775871277,0.15088774263858795,-0.43635261058807373,0.9450071454048157,0.9997950196266174,0.5695232152938843,0.14885172247886658,-0.5012623071670532,0.9723811745643616,0.9996956586837769,0.4470768868923187,0.15049561858177185,-0.44627273082733154,0.94521164894104,0.999808132648468,0.5615561008453369,0.14969301223754883,-0.5024293661117554,0.9726799130439758,0.9996945858001709,0.45110633969306946,0.15318706631660461,-0.4009801745414734,0.9340241551399231,0.9998730421066284,0.5607761144638062,0.15174996852874756,-0.45820385217666626,0.9640648365020752,0.999752938747406,0.48623955249786377,0.3207949995994568,0.031271398067474365,0.9998285174369812,0.9999240636825562,0.5311337113380432,0.3278334140777588,-0.03143182024359703,0.9999508857727051,0.9999172687530518,0.5185869336128235,0.30744922161102295,0.1961594521999359,0.5257073640823364,0.9992406368255615,0.533284068107605,0.3855533003807068,0.08021005988121033,0.7182087898254395,0.9994502663612366,0.5307503342628479,0.3017009496688843,0.4484032392501831,0.7774201035499573,0.9991971850395203,0.4801570773124695,0.43002432584762573,0.27786973118782043,0.8283146619796753,0.9985778331756592,0.5352662205696106,0.3031299114227295,0.4722282886505127,0.7423951029777527,0.9988797307014465,0.470297247171402,0.4356898367404938,0.2961668074131012,0.7686190605163574,0.9973117113113403,0.5339062809944153,0.29974085092544556,0.45799267292022705,0.821561872959137,0.9989435076713562,0.476551353931427,0.4459516406059265,0.23930081725120544,0.8424230813980103,0.9973210692405701
18,612,True,0.5054280757904053,0.2275065928697586,-0.22227296233177185,0.9997029900550842,0.9999727010726929,0.5000602602958679,0.22594456374645233,-0.24439404904842377,0.9994655847549438,0.9999487400054932,0.496137410402298,0.22627954185009003,-0.24438826739788055,0.9995418787002563,0.9999455213546753,0.49179530143737793,0.22656655311584473,-0.2443544864654541,0.9994555711746216,0.9999396800994873,0.5132127404212952,0.2260752171278,-0.2540079653263092,0.9994291067123413,0.9999423027038574,0.5177819132804871,0.22652141749858856,-0.25408846139907837,0.9993105530738831,0.9999340772628784,0.5216591954231262,0.22689715027809143,-0.2540510296821594,0.9992640614509583,0.9999194145202637,0.4864780306816101,0.23168806731700897,-0.2803278863430023,0.9990881085395813,0.9998908042907715,0.5273715257644653,0.2328159362077713,-0.322175532579422,0.9993587732315063,0.9998354911804199,0.4987108111381531,0.23185846209526062,-0.22555406391620636,0.999514639377594,0.9998880624771118,0.5142042636871338,0.23201660811901093,-0.2379118800163269,0.9993230104446411,0.9998449087142944,0.45780104398727417,0.25110921263694763,-0.22025784850120544,0.9987785220146179,0.9996262788772583,0.5604310035705566,0.25059598684310913,-0.3317544162273407,0.999449610710144,0.999037504196167,0.428556352853775,0.20318910479545593,-0.22016167640686035,0.9414112567901611,0.9999555349349976,0.5796067714691162,0.20431730151176453,-0.3990638256072998,0.9684497714042664,0.9999163150787354,0.4442788362503052,0.1602047085762024,-0.28780752420425415,0.960901141166687,0.9998569488525391,0.5669612288475037,0.15721145272254944,-0.4434759020805359,0.9841012954711914,0.9997434020042419,0.4385662376880646,0.15104010701179504,-0.31854692101478577,0.9480201601982117,0.9996814727783203,0.5694414377212524,0.1488974690437317,-0.4946170449256897,0.9713789224624634,0.9995811581611633,0.4472271502017975,0.15058042109012604,-0.33730918169021606,0.9482291340827942,0.9996527433395386,0.5615171194076538,0.14972402155399323,-0.4956541657447815,0.9714847803115845,0.9995610117912292,0.4509064853191376,0.15342269837856293,-0.29882025718688965,0.9373800158500671,0.9997735619544983,0.5592694878578186,0.15199699997901917,-0.4483366310596466,0.9618844985961914,0.9996433258056641,0.4957350492477417,0.33603012561798096,0.059790462255477905,0.9998340010643005,0.999946117401123,0.5319039821624756,0.3432620167732239,-0.05998252332210541,0.9999528527259827,0.999948263168335,0.5489242672920227,0.3243532180786133,0.18370740115642548,0.5476962327957153,0.9992409944534302,0.5067080855369568,0.4063960015773773,-0.009072750806808472,0.745550811290741,0.9994339346885681,0.5927935838699341,0.31744593381881714,0.4281015992164612,0.7886898517608643,0.9985951781272888,0.4180642068386078,0.45123377442359924,0.1453256607055664,0.8440210223197937,0.9985008239746094,0.6007905602455139,0.3196541965007782,0.44050323963165283,0.7517312169075012,0.9980680346488953,0.4050102233886719,0.4524718225002289,0.15850739181041718,0.7864195704460144,0.9972807168960571,0.6013718247413635,0.3116856515407562,0.4034140408039093,0.8252951502799988,0.9980461597442627,0.4071936011314392,0.4726310670375824,0.07418642193078995,0.8546301126480103,0.9969583749771118
19,646,True,0.5063528418540955,0.2300720512866974,-0.23011785745620728,0.9997064471244812,0.9999661445617676,0.500777542591095,0.22871753573417664,-0.2520151138305664,0.9994596242904663,0.9999383687973022,0.49676641821861267,0.22911933064460754,-0.25201746821403503,0.999525785446167,0.9999369382858276,0.4927472770214081,0.22944943606853485,-0.2520020306110382,0.9994485974311829,0.9999289512634277,0.513886034488678,0.22839562594890594,-0.26728376746177673,0.9994454383850098,0.9999347925186157,0.5185298323631287,0.2287292778491974,-0.2674168348312378,0.9993406534194946,0.9999277591705322,0.5227852463722229,0.2293509542942047,-0.2674206495285034,0.9992865920066833,0.9999167919158936,0.4879109263420105,0.234971284866333,-0.28449124097824097,0.9990636706352234,0.9998779296875,0.5278604626655579,0.23569825291633606,-0.3404019773006439,0.9993531703948975,0.9998584985733032,0.5003395676612854,0.23503509163856506,-0.23114876449108124,0.9994695782661438,0.9998792409896851,0.5155625939369202,0.23512625694274902,-0.25049760937690735,0.999248743057251,0.9998512268066406,0.46008047461509705,0.25518807768821716,-0.19652506709098816,0.9987344741821289,0.9996422529220581,0.5610615015029907,0.2551361620426178,-0.37255197763442993,0.9994401931762695,0.9992761015892029,0.43641459941864014,0.2045397311449051,-0.174904003739357,0.9443538188934326,0.9999438524246216,0.5796666741371155,0.20610085129737854,-0.4373059868812561,0.9707091450691223,0.9998726844787598,0.44505661725997925,0.16046254336833954,-0.2574794888496399,0.9630192518234253,0.9997871518135071,0.5669304728507996,0.15773902833461761,-0.47167062759399414,0.9840080142021179,0.9995502829551697,0.44085535407066345,0.1513638198375702,-0.29254886507987976,0.9506766200065613,0.9995629191398621,0.5695043802261353,0.14901477098464966,-0.5320594906806946,0.9712889194488525,0.9992838501930237,0.44746124744415283,0.15076890587806702,-0.3195260167121887,0.9508354067802429,0.999535083770752,0.5617968440055847,0.1497637778520584,-0.5347046852111816,0.9712531566619873,0.9992794394493103,0.45194464921951294,0.1536327749490738,-0.27306318283081055,0.9403475522994995,0.9996788501739502,0.5593106746673584,0.15220773220062256,-0.476909339427948,0.9609063267707825,0.9993826150894165,0.5029948353767395,0.3516945242881775,0.08244408667087555,0.999832272529602,0.9999091625213623,0.5344371199607849,0.3553166389465332,-0.08251596242189407,0.9999420046806335,0.999903678894043,0.5347476005554199,0.3794664442539215,0.21272724866867065,0.5664405822753906,0.9993636012077332,0.5349922180175781,0.41273221373558044,-0.015552204102277756,0.7694064974784851,0.9995638728141785,0.49254199862480164,0.40071186423301697,0.3888123333454132,0.8011542558670044,0.9991449117660522,0.4637940227985382,0.4392847418785095,0.12743142247200012,0.858466386795044,0.9994497895240784,0.4880102276802063,0.4052312970161438,0.3939826488494873,0.7642218470573425,0.998859167098999,0.44945427775382996,0.4402328431606293,0.14051049947738647,0.8048949241638184,0.9992300271987915,0.4884323477745056,0.4055747389793396,0.310247004032135,0.8284828066825867,0.9985260963439941,0.4704802632331848,0.45498761534690857,0.046952974051237106,0.865723729133606,0.9990366697311401
20,680,True,0.5168749690055847,0.23152799904346466,-0.013613048009574413,0.9997276067733765,0.9999908208847046,0.5102905631065369,0.22961847484111786,-0.028132857754826546,0.9994968175888062,0.9999855756759644,0.5065348148345947,0.23005175590515137,-0.028153734281659126,0.9995569586753845,0.999985933303833,0.5024808049201965,0.23035438358783722,-0.02820945903658867,0.9994851350784302,0.9999849796295166,0.5223975777626038,0.22957365214824677,-0.05410131812095642,0.9994909763336182,0.9999836683273315,0.5264033675193787,0.22982576489448547,-0.05426499992609024,0.9993987679481506,0.9999819993972778,0.5299428105354309,0.230142280459404,-0.05428910255432129,0.9993452429771423,0.9999799728393555,0.49839890003204346,0.2370731383562088,-0.0649799033999443,0.9991378784179688,0.9999815225601196,0.5328043699264526,0.23693159222602844,-0.18020544946193695,0.9994055032730103,0.9999737739562988,0.5111497640609741,0.23788098990917206,-0.01845642179250717,0.9995018839836121,0.9999818801879883,0.5242542028427124,0.23740260303020477,-0.051918670535087585,0.9992992877960205,0.9999778270721436,0.4664117693901062,0.26035186648368835,-0.002543437760323286,0.9988294839859009,0.999969482421875,0.5626890063285828,0.25935202836990356,-0.2883703410625458,0.9994791746139526,0.9999301433563232,0.44345083832740784,0.20835061371326447,0.02359638176858425,0.9471239447593689,0.9999834299087524,0.5792627930641174,0.20831294357776642,-0.37489718198776245,0.9729892611503601,0.9999319314956665,0.44868460297584534,0.16094255447387695,-0.06481429934501648,0.9653562307357788,0.9998237490653992,0.5670012831687927,0.15910543501377106,-0.41513592004776,0.9842835068702698,0.9994333386421204,0.44516122341156006,0.1519421488046646,-0.08083125948905945,0.9540435075759888,0.9996166229248047,0.5696281790733337,0.1496458351612091,-0.4679435193538666,0.972019374370575,0.9990705847740173,0.45135870575904846,0.1511409431695938,-0.11173378676176071,0.9541262984275818,0.9995856881141663,0.5616008043289185,0.1505212038755417,-0.5234454870223999,0.9717972278594971,0.9990930557250977,0.45694589614868164,0.15405291318893433,-0.08125907927751541,0.9442139863967896,0.9997268319129944,0.5590319037437439,0.1531154066324234,-0.4322621524333954,0.9612070918083191,0.9992839694023132,0.507422149181366,0.36747366189956665,0.10891662538051605,0.9998432993888855,0.9999759197235107,0.5350244045257568,0.37143558263778687,-0.10889549553394318,0.9999393224716187,0.9999688863754272,0.5278615355491638,0.4276924133300781,0.2394251674413681,0.6034774780273438,0.9997484087944031,0.5449125170707703,0.4242662787437439,-0.03867040574550629,0.7917263507843018,0.9997279047966003,0.45254749059677124,0.4586032032966614,0.38861456513404846,0.8183391094207764,0.9994308352470398,0.486343652009964,0.45593562722206116,0.11183679103851318,0.8716261386871338,0.9994657635688782,0.44196200370788574,0.4635789394378662,0.3971787393093109,0.7851289510726929,0.999334990978241,0.4720885753631592,0.4585410952568054,0.12759867310523987,0.8224822282791138,0.999439537525177,0.45182004570961,0.47292962670326233,0.32317113876342773,0.8400039076805115,0.9989944100379944,0.4903506338596344,0.472709596157074,0.07236942648887634,0.876129686832428,0.9992073178291321
21,714,True,0.5231285691261292,0.23244814574718475,-0.06595007330179214,0.9997475147247314,0.9999938011169434,0.5167849659919739,0.2303990125656128,-0.07231152057647705,0.9995360374450684,0.9999903440475464,0.5139646530151367,0.23079463839530945,-0.0723121240735054,0.9995888471603394,0.9999902248382568,0.5105162858963013,0.2310507595539093,-0.07231222093105316,0.9995241761207581,0.9999890327453613,0.525599479675293,0.22999629378318787,-0.106425441801548,0.9995346069335938,0.9999889135360718,0.5291448831558228,0.23013143241405487,-0.10663406550884247,0.9994524121284485,0.9999885559082031,0.5318812727928162,0.23021221160888672,-0.10669571906328201,0.9994022250175476,0.9999865293502808,0.5069394111633301,0.2380637377500534,-0.07761280983686447,0.9992049932479858,0.9999850988388062,0.5334762334823608,0.23701155185699463,-0.2304447740316391,0.9994518160820007,0.999976396560669,0.5184369087219238,0.23966869711875916,-0.059069644659757614,0.9995313286781311,0.9999781847000122,0.5288674235343933,0.23908944427967072,-0.10304626822471619,0.9993414282798767,0.9999719858169556,0.4756595194339752,0.26340359449386597,0.008022522553801537,0.9988993406295776,0.9999619722366333,0.5584242939949036,0.2612343430519104,-0.3249449133872986,0.999504566192627,0.9998819828033447,0.4465849995613098,0.20903389155864716,0.051626719534397125,0.9474241137504578,0.9999849796295166,0.5782374739646912,0.20861788094043732,-0.4465212821960449,0.9749661087989807,0.9999237060546875,0.4516361653804779,0.16091838479042053,-0.060437142848968506,0.9658619165420532,0.9998464584350586,0.564046323299408,0.15922555327415466,-0.4700556993484497,0.9841469526290894,0.9995224475860596,0.4489632546901703,0.15192410349845886,-0.08255808800458908,0.9551022052764893,0.9996833801269531,0.5671160817146301,0.1499311774969101,-0.5304464101791382,0.9719811081886292,0.9993152618408203,0.4556639790534973,0.15115195512771606,-0.11553747206926346,0.9551854133605957,0.9996607303619385,0.5545299053192139,0.15092602372169495,-0.5281495451927185,0.9715947508811951,0.9993081092834473,0.4622326195240021,0.1540776640176773,-0.08031895011663437,0.9455041289329529,0.9997580647468567,0.55122309923172,0.1535116583108902,-0.47016412019729614,0.96055668592453,0.9994221925735474,0.5127996802330017,0.37664517760276794,0.1310621201992035,0.9998545050621033,0.9999881982803345,0.5338879823684692,0.3769438862800598,-0.13109120726585388,0.9999405741691589,0.9999867677688599,0.4953019320964813,0.44316449761390686,0.2173854261636734,0.6350167989730835,0.9998233914375305,0.5993788242340088,0.4229634404182434,-0.105812668800354,0.811765730381012,0.9997175335884094,0.38292771577835083,0.46502885222435,0.38049012422561646,0.8324445486068726,0.9997015595436096,0.5533758997917175,0.4689616560935974,0.0913044735789299,0.8811556696891785,0.9994840621948242,0.3700198233127594,0.46815356612205505,0.3924579620361328,0.8029756546020508,0.9996678829193115,0.5343537330627441,0.4763791561126709,0.1105131283402443,0.8339465260505676,0.9994964599609375,0.3697470426559448,0.47375550866127014,0.3254479467868805,0.849726676940918,0.9995577931404114,0.5805037617683411,0.48040375113487244,0.06953883171081543,0.8819409608840942,0.9993669390678406
22,748,True,0.5233095288276672,0.23283907771110535,-0.053725942969322205,0.9997687935829163,0.9999959468841553,0.5177325010299683,0.23043087124824524,-0.052090730518102646,0.9995779395103455,0.9999936819076538,0.5154026746749878,0.2308243066072464,-0.0520564466714859,0.9996236562728882,0.9999935626983643,0.5121822357177734,0.23104536533355713,-0.052022505551576614,0.9995667934417725,0.9999927282333374,0.5251506567001343,0.2298610955476761,-0.09320048987865448,0.9995784163475037,0.999992847442627,0.5282445549964905,0.2299363911151886,-0.0933927446603775,0.9995041489601135,0.9999926090240479,0.530937910079956,0.2299247682094574,-0.09342710673809052,0.9994588494300842,0.9999911785125732,0.506849467754364,0.23815962672233582,-0.029947567731142044,0.9992770552635193,0.9999908208847046,0.5333960056304932,0.23710601031780243,-0.21611031889915466,0.9995019435882568,0.9999852180480957,0.5193736553192139,0.2406374216079712,-0.03751615807414055,0.9995689988136292,0.9999836683273315,0.5280317664146423,0.23996129631996155,-0.09094396978616714,0.9993944764137268,0.9999790191650391,0.48123160004615784,0.2611084580421448,0.0633411705493927,0.9989750385284424,0.9999706745147705,0.554844856262207,0.2616569995880127,-0.3312689960002899,0.9995375871658325,0.9999039173126221,0.4485502541065216,0.20880427956581116,0.12058389186859131,0.9444328546524048,0.9999821186065674,0.571861207485199,0.21019181609153748,-0.47133153676986694,0.9770727157592773,0.9999090433120728,0.45426619052886963,0.1605086326599121,0.014766036532819271,0.9644445776939392,0.9998379945755005,0.5526257753372192,0.15919215977191925,-0.47553572058677673,0.9845842719078064,0.999430239200592,0.45054733753204346,0.15140247344970703,-0.005584609694778919,0.953678548336029,0.9996718168258667,0.5557942986488342,0.1499505490064621,-0.5390583276748657,0.9725418090820312,0.9991804957389832,0.4586041271686554,0.15066350996494293,-0.04011649638414383,0.9538659453392029,0.999649167060852,0.5465214848518372,0.15084046125411987,-0.5236083269119263,0.9720278978347778,0.9991926550865173,0.4632473886013031,0.15346822142601013,-0.007315778639167547,0.9445551037788391,0.9997393488883972,0.5426861643791199,0.15338249504566193,-0.471082478761673,0.9610175490379333,0.9993178844451904,0.5180798768997192,0.3828044533729553,0.14464157819747925,0.9998658895492554,0.9999884366989136,0.5337243676185608,0.380520761013031,-0.1446886658668518,0.999943196773529,0.9999866485595703,0.48609042167663574,0.4545709192752838,0.18180520832538605,0.6629584431648254,0.9998195767402649,0.6353830695152283,0.4339698851108551,-0.1603875607252121,0.8299536108970642,0.9996604919433594,0.3692997097969055,0.48466747999191284,0.31674447655677795,0.8436786532402039,0.9995893836021423,0.5923620462417603,0.4874873757362366,0.03354695811867714,0.8893258571624756,0.9991204142570496,0.353134423494339,0.4914570450782776,0.33343505859375,0.8179887533187866,0.9995083808898926,0.5719592571258545,0.49587759375572205,0.05295945703983307,0.8432880640029907,0.999128520488739,0.35222524404525757,0.5009311437606812,0.29792487621307373,0.8565211296081543,0.999312162399292,0.6239708065986633,0.5006918907165527,0.026126395910978317,0.8862890005111694,0.9988635778427124
23,782,True,0.5234804749488831,0.23423166573047638,-0.10209088772535324,0.9997899532318115,0.9999932050704956,0.519778311252594,0.23045572638511658,-0.08401938527822495,0.9996157884597778,0.9999898672103882,0.5188050866127014,0.23076435923576355,-0.08397585153579712,0.9996545910835266,0.9999892711639404,0.5175772905349731,0.23089781403541565,-0.08392444998025894,0.9996052384376526,0.9999881982803345,0.5243405103683472,0.22980853915214539,-0.13235929608345032,0.9996181726455688,0.9999887943267822,0.5281162858009338,0.22978773713111877,-0.1325538456439972,0.9995508193969727,0.9999873638153076,0.5286760330200195,0.22968485951423645,-0.1325244903564453,0.9995100498199463,0.9999849796295166,0.5115769505500793,0.23720872402191162,0.014901616610586643,0.9993418455123901,0.9999847412109375,0.5242966413497925,0.2364882230758667,-0.21145892143249512,0.9995477199554443,0.9999748468399048,0.5212171077728271,0.2414141446352005,-0.06368277966976166,0.999601423740387,0.999955415725708,0.5269622206687927,0.24073103070259094,-0.12665575742721558,0.9994449615478516,0.9999496936798096,0.5037854313850403,0.2613864243030548,0.13708743453025818,0.9990589618682861,0.9999222755432129,0.5222812294960022,0.25913146138191223,-0.3305925726890564,0.9995688199996948,0.9998376369476318,0.46880343556404114,0.20866306126117706,0.15832747519016266,0.9128177165985107,0.9999616146087646,0.5165859460830688,0.20893537998199463,-0.4832361936569214,0.9789226055145264,0.9998937845230103,0.4816123843193054,0.16029243171215057,0.04501281678676605,0.9470767378807068,0.999789297580719,0.5144637227058411,0.1604098677635193,-0.5102757811546326,0.9845327734947205,0.9994489550590515,0.49728652834892273,0.15021362900733948,0.02569998987019062,0.9344616532325745,0.9996102452278137,0.5119609236717224,0.15008845925331116,-0.5733827352523804,0.972003161907196,0.9991108775138855,0.488618940114975,0.15062090754508972,0.0034788879565894604,0.9337974786758423,0.9995848536491394,0.5171518325805664,0.15094327926635742,-0.5460017919540405,0.971222460269928,0.9991739392280579,0.49002549052238464,0.15342755615711212,0.026053523644804955,0.9247666597366333,0.9996795654296875,0.5009025931358337,0.1537182480096817,-0.5022123456001282,0.9600827693939209,0.999305009841919,0.523809015750885,0.3790411055088043,0.1493048518896103,0.999875545501709,0.9999370574951172,0.5269744396209717,0.377621591091156,-0.14920325577259064,0.9999412298202515,0.999909520149231,0.5521842241287231,0.4563257098197937,0.1571698784828186,0.6889120936393738,0.9998745918273926,0.5421680212020874,0.4495030343532562,-0.21922282874584198,0.8463133573532104,0.9997434020042419,0.572050929069519,0.5270988941192627,0.23516438901424408,0.8566352128982544,0.9996411800384521,0.39649373292922974,0.4890826642513275,-0.024750597774982452,0.8993325233459473,0.9996345043182373,0.5579355359077454,0.5387276411056519,0.23695097863674164,0.8302784562110901,0.9994899034500122,0.3755333423614502,0.48595109581947327,-0.008028930053114891,0.8558748364448547,0.9996374845504761,0.593478798866272,0.5520830154418945,0.13612207770347595,0.8674303293228149,0.9990063309669495,0.3814551532268524,0.5166707038879395,-0.08134576678276062,0.8957759737968445,0.99937903881073
24,816,True,0.5245554447174072,0.23525647819042206,-0.19327862560749054,0.9998084306716919,0.9999868869781494,0.5232710838317871,0.23055000603199005,-0.10902350395917892,0.9996502995491028,0.9999810457229614,0.5241649150848389,0.23054859042167664,-0.10918405652046204,0.9996820092201233,0.9999788999557495,0.5251340270042419,0.23056283593177795,-0.10915764421224594,0.9996395707130432,0.9999750852584839,0.5237671136856079,0.22989818453788757,-0.19347968697547913,0.9996544718742371,0.9999840259552002,0.5232213735580444,0.22977885603904724,-0.19374264776706696,0.9995933175086975,0.9999841451644897,0.519984245300293,0.22962966561317444,-0.19379369914531708,0.9995570778846741,0.9999829530715942,0.5200350284576416,0.23632940649986267,-0.023877853527665138,0.9994023442268372,0.9999762773513794,0.5106185078620911,0.2357873022556305,-0.22370368242263794,0.9995913505554199,0.999983549118042,0.5249584913253784,0.2418886125087738,-0.10920238494873047,0.9996342062950134,0.9999598264694214,0.5257585048675537,0.2412383109331131,-0.18211795389652252,0.9994962215423584,0.9999700784683228,0.5306074619293213,0.26100555062294006,0.11442552506923676,0.9991397261619568,0.9998656511306763,0.47880426049232483,0.2622045874595642,-0.33452755212783813,0.9996079802513123,0.9999617338180542,0.5568002462387085,0.2100636065006256,0.13801097869873047,0.90147864818573,0.9998935461044312,0.4567020833492279,0.2119729071855545,-0.5489351749420166,0.9809770584106445,0.9999274015426636,0.5528237819671631,0.16027209162712097,0.055701643228530884,0.9382216930389404,0.9992076754570007,0.46267199516296387,0.16084197163581848,-0.5880872011184692,0.9857688546180725,0.9994338154792786,0.5538234710693359,0.15021337568759918,0.03030044585466385,0.9182446599006653,0.9986304044723511,0.459894597530365,0.15010404586791992,-0.6490870118141174,0.9737207889556885,0.9987677335739136,0.5424807667732239,0.1505858451128006,0.018836600705981255,0.9164879322052002,0.9985892176628113,0.4686841368675232,0.15094487369060516,-0.6160459518432617,0.9728798866271973,0.9987995624542236,0.5395948886871338,0.15342670679092407,0.03968867287039757,0.9099892973899841,0.9988027811050415,0.47011926770210266,0.1540605127811432,-0.5787397623062134,0.9625428915023804,0.9990633130073547,0.5329370498657227,0.38082677125930786,0.1357499361038208,0.999882698059082,0.9998834133148193,0.515510618686676,0.37985676527023315,-0.1356687694787979,0.9999408721923828,0.9999219179153442,0.5516105890274048,0.4569808542728424,0.12774290144443512,0.7058388590812683,0.9996016621589661,0.5447072982788086,0.46118706464767456,-0.15864476561546326,0.8599492311477661,0.9996567964553833,0.5261768102645874,0.5168780088424683,0.28016945719718933,0.8591808080673218,0.999305248260498,0.42312091588974,0.5137380361557007,0.01200454868376255,0.9068268537521362,0.9987479448318481,0.5233794450759888,0.528806746006012,0.29055798053741455,0.8345180153846741,0.9990059733390808,0.4023180305957794,0.5065198540687561,0.02535078302025795,0.863379716873169,0.9985201954841614,0.5338284969329834,0.5478343367576599,0.20987218618392944,0.8703332543373108,0.9981977343559265,0.4236886203289032,0.5380260348320007,-0.07801056653261185,0.9027623534202576,0.9974393844604492
25,850,True,0.5243827700614929,0.2325011044740677,-0.07469888031482697,0.9998207092285156,0.9999769926071167,0.5233997106552124,0.2266542911529541,-0.03650527074933052,0.9996747374534607,0.9999662637710571,0.5242047905921936,0.2268519103527069,-0.03643517941236496,0.9996952414512634,0.999962329864502,0.5250058770179749,0.2269584834575653,-0.036397915333509445,0.9996639490127563,0.9999555349349976,0.5234186053276062,0.22546279430389404,-0.08996850252151489,0.9996842741966248,0.999970555305481,0.5217774510383606,0.225060373544693,-0.09017439186573029,0.999628484249115,0.9999704360961914,0.5183297991752625,0.22472496330738068,-0.09015627950429916,0.9995970129966736,0.9999676942825317,0.5196925401687622,0.23192664980888367,0.09958784282207489,0.9994498491287231,0.9999496936798096,0.5083165764808655,0.2292424738407135,-0.12545478343963623,0.9996278285980225,0.9999618530273438,0.5239154696464539,0.23968437314033508,-0.01815156266093254,0.9996463060379028,0.9998797178268433,0.5245819091796875,0.2380237877368927,-0.08523960411548615,0.9995327591896057,0.9999091625213623,0.5188554525375366,0.2600938379764557,0.22209976613521576,0.9991706013679504,0.9996073842048645,0.4756394326686859,0.25854793190956116,-0.26288020610809326,0.9996302723884583,0.9998632669448853,0.5449420213699341,0.20961877703666687,0.2608118951320648,0.8747139573097229,0.9998620748519897,0.46230989694595337,0.21087758243083954,-0.4790516197681427,0.982659101486206,0.9998539686203003,0.5405305027961731,0.1593317836523056,0.19846801459789276,0.9169368147850037,0.9991729855537415,0.46422168612480164,0.15834076702594757,-0.4342285692691803,0.9857583045959473,0.9988514184951782,0.54086834192276,0.14990457892417908,0.182474285364151,0.8907355666160583,0.9986851811408997,0.46072515845298767,0.1489773988723755,-0.47789210081100464,0.9726333618164062,0.9979000091552734,0.5324864983558655,0.15026524662971497,0.17232316732406616,0.8878464102745056,0.9985528588294983,0.47030511498451233,0.1493953913450241,-0.43921172618865967,0.9714868068695068,0.9978408813476562,0.5295968055725098,0.15277495980262756,0.18353039026260376,0.8842273354530334,0.9987712502479553,0.47303879261016846,0.15275326371192932,-0.4193425178527832,0.961457371711731,0.9983205199241638,0.5318031311035156,0.3786305785179138,0.15129238367080688,0.9998849630355835,0.9998059868812561,0.5167957544326782,0.37492677569389343,-0.15127940475940704,0.9999374151229858,0.9998624324798584,0.5613001585006714,0.45458054542541504,0.10843390226364136,0.7008011341094971,0.99946528673172,0.5607511401176453,0.45253926515579224,-0.21837952733039856,0.8713435530662537,0.999612033367157,0.5069150924682617,0.5249196887016296,0.2117193639278412,0.8520722985267639,0.9994820952415466,0.45075488090515137,0.5219577550888062,-0.15413889288902283,0.9136342406272888,0.9991573095321655,0.5031960606575012,0.5321342945098877,0.21631060540676117,0.836104154586792,0.9993008375167847,0.4405515789985657,0.521945595741272,-0.15192024409770966,0.871198296546936,0.9989548921585083,0.5229803323745728,0.5540705323219299,0.1418168544769287,0.8687844276428223,0.9988597631454468,0.464530348777771,0.5520726442337036,-0.260175883769989,0.9093512892723083,0.9981772899627686
26,884,True,0.5183224678039551,0.22302019596099854,0.16076992452144623,0.9998376369476318,0.999996542930603,0.5177989602088928,0.2186061441898346,0.16794171929359436,0.9997058510780334,0.999993085861206,0.5175126194953918,0.21876740455627441,0.16803911328315735,0.9997235536575317,0.9999923706054688,0.518333911895752,0.21890799701213837,0.16812868416309357,0.999695897102356,0.9999909400939941,0.5181859135627747,0.21765275299549103,0.12219060957431793,0.9997150897979736,0.9999926090240479,0.5174697637557983,0.217375248670578,0.12203209847211838,0.9996647238731384,0.9999918937683105,0.5156887173652649,0.21709492802619934,0.12216322869062424,0.9996364116668701,0.9999901056289673,0.5117655992507935,0.22373755276203156,0.18845602869987488,0.9995032548904419,0.9999862909317017,0.5089343190193176,0.22150203585624695,-0.017747174948453903,0.9996638298034668,0.9999821186065674,0.5183675289154053,0.23116502165794373,0.17329256236553192,0.999676525592804,0.9999589920043945,0.518688440322876,0.22977983951568604,0.11299271136522293,0.9995743036270142,0.9999599456787109,0.4798868000507355,0.25748568773269653,0.2670768201351166,0.9992052912712097,0.9997875094413757,0.48409324884414673,0.2454223930835724,-0.1787537932395935,0.9996486306190491,0.9997512698173523,0.47701212763786316,0.20598828792572021,0.3358493447303772,0.8671248555183411,0.9999270439147949,0.5385318994522095,0.19959445297718048,-0.2748051583766937,0.9840500354766846,0.9997679591178894,0.47168609499931335,0.15786860883235931,0.28214871883392334,0.9142280220985413,0.9997598528862,0.5323039889335632,0.15468822419643402,-0.2027410864830017,0.9860552549362183,0.9994418025016785,0.4727964699268341,0.1487683802843094,0.2750442624092102,0.8892697691917419,0.9995294809341431,0.5302265286445618,0.145501047372818,-0.2381661981344223,0.9734808802604675,0.9990646243095398,0.4805087149143219,0.14921408891677856,0.25382453203201294,0.8863288760185242,0.9994981288909912,0.5202383399009705,0.1466602385044098,-0.22529593110084534,0.9723538756370544,0.9990870952606201,0.4799002707004547,0.1513439565896988,0.26635029911994934,0.8827966451644897,0.9996298551559448,0.5214390158653259,0.1508651077747345,-0.19544067978858948,0.9625672101974487,0.9993242025375366,0.5311511754989624,0.37699607014656067,0.1485128551721573,0.9998889565467834,0.9998785257339478,0.5229374766349792,0.36979398131370544,-0.14851656556129456,0.9999339580535889,0.999843955039978,0.5540043115615845,0.45896491408348083,0.12435368448495865,0.7189458012580872,0.9997449517250061,0.6114226579666138,0.4325030446052551,-0.17267972230911255,0.8826679587364197,0.9994515776634216,0.48332586884498596,0.5348673462867737,0.13979683816432953,0.8636546730995178,0.9993253946304321,0.5396590232849121,0.5071338415145874,-0.11259729415178299,0.9197539687156677,0.9985750913619995,0.47451117634773254,0.5440620183944702,0.136546790599823,0.8495433926582336,0.9989101886749268,0.5120261907577515,0.5261155366897583,-0.10870356857776642,0.8781213760375977,0.9982630610466003,0.5107681751251221,0.5638834238052368,0.07477466017007828,0.878277063369751,0.9982110261917114,0.5826829671859741,0.5406072735786438,-0.16510456800460815,0.9146792888641357,0.9974914789199829
27,918,True,0.5122681260108948,0.2075790911912918,0.28508299589157104,0.9998534917831421,0.9999997615814209,0.5119277238845825,0.20321890711784363,0.30455657839775085,0.9997348189353943,0.9999994039535522,0.5123838782310486,0.20341551303863525,0.30468684434890747,0.9997504353523254,0.9999992847442627,0.5137508511543274,0.20351532101631165,0.3048529624938965,0.9997258186340332,0.9999991655349731,0.511201798915863,0.20257198810577393,0.26185938715934753,0.9997433423995972,0.9999992847442627,0.5107879042625427,0.20242509245872498,0.26165297627449036,0.9996979832649231,0.9999992847442627,0.5099381804466248,0.2021866738796234,0.2618029713630676,0.999672532081604,0.9999991655349731,0.5082129836082458,0.20840659737586975,0.35006648302078247,0.9995523691177368,0.9999990463256836,0.5040692090988159,0.2076537162065506,0.15898270905017853,0.9996970295906067,0.9999985694885254,0.5129114985466003,0.21484771370887756,0.30351704359054565,0.9997069239616394,0.9999974966049194,0.511515736579895,0.21422870457172394,0.2477259486913681,0.9996147751808167,0.9999972581863403,0.4780746102333069,0.24911141395568848,0.4105210602283478,0.9992764592170715,0.9999817609786987,0.49932339787483215,0.23445403575897217,-0.023118482902646065,0.999680757522583,0.9999686479568481,0.4812370836734772,0.19941504299640656,0.4524429738521576,0.862269401550293,0.9999899864196777,0.5587016940116882,0.18747732043266296,-0.11377572268247604,0.984564483165741,0.9999666213989258,0.4637652039527893,0.1558169424533844,0.41484925150871277,0.9118092060089111,0.9999831914901733,0.5450569987297058,0.1534232199192047,0.03737588971853256,0.982353687286377,0.9999492168426514,0.46425873041152954,0.14662295579910278,0.41053178906440735,0.8858503103256226,0.9999558925628662,0.5307576060295105,0.14293041825294495,0.016611376777291298,0.9670513868331909,0.999887228012085,0.47152408957481384,0.14719650149345398,0.40043461322784424,0.8827468752861023,0.9999527931213379,0.5226507186889648,0.1463204324245453,0.03163010627031326,0.9653582572937012,0.9998778104782104,0.47145789861679077,0.14941534399986267,0.40325596928596497,0.8798354268074036,0.999971866607666,0.5253783464431763,0.15085549652576447,0.04660680517554283,0.9556251764297485,0.9999270439147949,0.5267912745475769,0.37630224227905273,0.15622194111347198,0.9998989701271057,0.999991774559021,0.5228574275970459,0.36417049169540405,-0.1563435196876526,0.9999397397041321,0.9999922513961792,0.521213173866272,0.44608956575393677,0.10575666278600693,0.7399205565452576,0.9999336004257202,0.6398677229881287,0.422221839427948,-0.21153636276721954,0.8938193917274475,0.9998915195465088,0.41550517082214355,0.5065430402755737,0.07968611270189285,0.8748427033424377,0.9998471736907959,0.585257887840271,0.4991992115974426,-0.21954938769340515,0.926119863986969,0.9995359182357788,0.39383769035339355,0.5100361704826355,0.07381068915128708,0.8623521327972412,0.9997687935829163,0.5604960322380066,0.5123546719551086,-0.22495678067207336,0.8854970335960388,0.9993828535079956,0.43818235397338867,0.5389602780342102,0.02150106057524681,0.8877132534980774,0.99952232837677,0.6302499175071716,0.5237364172935486,-0.2911869287490845,0.9204225540161133,0.9988548755645752
28,952,True,0.5052080154418945,0.19627170264720917,0.5769196152687073,0.9998673796653748,0.9999998807907104,0.4991985261440277,0.19223816692829132,0.572180449962616,0.9997608065605164,0.9999997615814209,0.49544697999954224,0.19210785627365112,0.5722445845603943,0.999774694442749,0.9999997615814209,0.4913703501224518,0.1918441653251648,0.5723134279251099,0.9997527003288269,0.9999997615814209,0.5093687176704407,0.1919175684452057,0.5509935021400452,0.9997685551643372,0.9999996423721313,0.5109313130378723,0.1916361153125763,0.5507994890213013,0.9997276663780212,0.9999996423721313,0.510295033454895,0.19114401936531067,0.55096435546875,0.9997047185897827,0.9999995231628418,0.48306915163993835,0.19490373134613037,0.5025997161865234,0.9995962977409363,0.9999997615814209,0.5058050155639648,0.19427858293056488,0.40605151653289795,0.9997264742851257,0.9999994039535522,0.5009785294532776,0.2020277976989746,0.5535104274749756,0.9997337460517883,0.9999994039535522,0.5101020336151123,0.2021300345659256,0.5252436995506287,0.9996501207351685,0.9999991655349731,0.44827884435653687,0.2305997610092163,0.4554544687271118,0.9993419051170349,0.9999929666519165,0.542261004447937,0.22433896362781525,0.2169819474220276,0.9997046589851379,0.9999719858169556,0.44947153329849243,0.19700248539447784,0.5594250559806824,0.8577511310577393,0.9999929666519165,0.5690510869026184,0.18752607703208923,0.195578932762146,0.962929368019104,0.9999418258666992,0.4566061198711395,0.1549355387687683,0.6736270189285278,0.909187376499176,0.9999732971191406,0.5495818853378296,0.15337954461574554,0.3444508910179138,0.9529271125793457,0.999910831451416,0.4558928906917572,0.14417532086372375,0.7017034292221069,0.886234700679779,0.9999291896820068,0.5407012104988098,0.1433468908071518,0.34113529324531555,0.938335120677948,0.9998376369476318,0.4662594795227051,0.14591506123542786,0.6722888946533203,0.8828803300857544,0.9999181032180786,0.5282062292098999,0.1466553658246994,0.34693288803100586,0.9351819753646851,0.9998250603675842,0.46857744455337524,0.1495363563299179,0.6646705269813538,0.8801160454750061,0.9999556541442871,0.5298684239387512,0.1508805900812149,0.3500387370586395,0.9259905815124512,0.999890923500061,0.5032814741134644,0.3637748658657074,0.09710655361413956,0.9999073147773743,0.9999973773956299,0.5552841424942017,0.34900838136672974,-0.0975581705570221,0.9999442100524902,0.9999972581863403,0.4557817578315735,0.4387131631374359,0.06640428304672241,0.7651714086532593,0.9999141693115234,0.6662228107452393,0.41028547286987305,-0.11701998114585876,0.9040696024894714,0.9999128580093384,0.35699766874313354,0.48424267768859863,0.004860132001340389,0.8864065408706665,0.999866247177124,0.7465081214904785,0.46451884508132935,-0.18928608298301697,0.9325923323631287,0.9997535347938538,0.3507528603076935,0.48921456933021545,-0.002081586979329586,0.8757454752922058,0.9998427629470825,0.7475647926330566,0.48306623101234436,-0.20244237780570984,0.8958276510238647,0.9997383952140808,0.33316874504089355,0.5023493766784668,-0.03698206692934036,0.8956106901168823,0.9997383952140808,0.7887592911720276,0.4709857404232025,-0.24951212108135223,0.9236140847206116,0.9995099306106567
29,986,True,0.5047738552093506,0.18257370591163635,0.6293193101882935,0.999875545501709,0.9999983310699463,0.4978054463863373,0.17778056859970093,0.6138403415679932,0.9997824430465698,0.9999974966049194,0.49382588267326355,0.17750975489616394,0.6137856245040894,0.9997943043708801,0.9999978542327881,0.48939093947410583,0.17712360620498657,0.6137997508049011,0.9997754096984863,0.9999978542327881,0.5097267627716064,0.17751482129096985,0.6119405031204224,0.999789297580719,0.999996542930603,0.5124366879463196,0.17699521780014038,0.6116975545883179,0.9997519850730896,0.9999964237213135,0.5144115686416626,0.1763240396976471,0.6117783784866333,0.999731719493866,0.9999955892562866,0.4821430742740631,0.18067505955696106,0.5018854737281799,0.9996333122253418,0.9999979734420776,0.5153676271438599,0.18014658987522125,0.49057286977767944,0.9997503757476807,0.9999957084655762,0.49836814403533936,0.1864161640405655,0.591536819934845,0.9997453689575195,0.9999949932098389,0.5104565024375916,0.18695442378520966,0.5883990526199341,0.9996694326400757,0.9999935626983643,0.444928914308548,0.21319270133972168,0.400566428899765,0.9993997812271118,0.9999620914459229,0.5590565204620361,0.21042391657829285,0.3427138328552246,0.9997191429138184,0.999810516834259,0.4326326549053192,0.19774077832698822,0.48836734890937805,0.8361424207687378,0.9999202489852905,0.5677212476730347,0.18968306481838226,0.39673474431037903,0.9008021950721741,0.9994522929191589,0.45343828201293945,0.15497565269470215,0.6377277970314026,0.8769351840019226,0.9996684789657593,0.5444513559341431,0.15541628003120422,0.6085415482521057,0.8829116225242615,0.999277651309967,0.4539983570575714,0.14432644844055176,0.6716203689575195,0.8567246794700623,0.9993492960929871,0.5331563949584961,0.14603962004184723,0.6320995092391968,0.870081901550293,0.9989768266677856,0.4644128978252411,0.1458386480808258,0.6450861692428589,0.853152871131897,0.9992503523826599,0.5267686247825623,0.14832335710525513,0.6381582617759705,0.8663345575332642,0.9988992214202881,0.4673363268375397,0.14963173866271973,0.6336421370506287,0.8502649068832397,0.9995436072349548,0.5143170952796936,0.1519738882780075,0.6162048578262329,0.8581920862197876,0.9992086291313171,0.4951319098472595,0.34284156560897827,0.0260231364518404,0.9999099373817444,0.9999692440032959,0.5577287673950195,0.3357390761375427,-0.026698607951402664,0.9999407529830933,0.9999550580978394,0.4213699400424957,0.43080106377601624,0.007869705557823181,0.7852643728256226,0.9991076588630676,0.6920984387397766,0.3814575970172882,-0.019275663420557976,0.9118704199790955,0.9990046620368958,0.3312143385410309,0.4492282271385193,-0.10186944901943207,0.8928166627883911,0.9977299571037292,0.7492573261260986,0.3922756016254425,-0.149478942155838,0.9363811016082764,0.9959740042686462,0.323466420173645,0.4625367522239685,-0.11043344438076019,0.8847929239273071,0.9967970252037048,0.7475798726081848,0.39902475476264954,-0.16163963079452515,0.9032801389694214,0.995430588722229,0.3034089505672455,0.45749586820602417,-0.13355685770511627,0.8895395398139954,0.9957315325737,0.7962319850921631,0.3832818865776062,-0.18359023332595825,0.9178143739700317,0.9928501844406128
30,1020,True,0.5052893757820129,0.16360557079315186,0.613322377204895,0.9996406435966492,0.9999719858169556,0.49847275018692017,0.1630936712026596,0.586054801940918,0.9997020959854126,0.9999531507492065,0.49486956000328064,0.16267719864845276,0.5859388113021851,0.9997006058692932,0.9999617338180542,0.4909939169883728,0.16198422014713287,0.5858741998672485,0.9997106790542603,0.9999605417251587,0.5119546055793762,0.16324350237846375,0.6037065982818604,0.9997044205665588,0.9999465942382812,0.5152902007102966,0.16308069229125977,0.6034834384918213,0.9996499419212341,0.9999467134475708,0.5222225189208984,0.16235649585723877,0.6034730076789856,0.9996584057807922,0.9999420642852783,0.48450207710266113,0.16390012204647064,0.44993138313293457,0.9995174407958984,0.9999663829803467,0.5234609842300415,0.16737277805805206,0.5246478319168091,0.9996352195739746,0.9999606609344482,0.49800047278404236,0.1688021868467331,0.5675079822540283,0.9993976354598999,0.9999723434448242,0.5107114911079407,0.1694132536649704,0.5895661115646362,0.9994147419929504,0.9999712705612183,0.44905227422714233,0.18536880612373352,0.30610987544059753,0.9994561076164246,0.9999599456787109,0.5606096386909485,0.19493478536605835,0.4435229003429413,0.9997321963310242,0.9998950958251953,0.4396234154701233,0.1841641366481781,0.3909999132156372,0.8003309369087219,0.9997941851615906,0.5821002721786499,0.19083979725837708,0.5273249745368958,0.8252951502799988,0.9993414282798767,0.4718388319015503,0.15424993634223938,0.6065345406532288,0.8084250092506409,0.9991171956062317,0.5506419539451599,0.15533527731895447,0.6771104335784912,0.8059379458427429,0.9983788728713989,0.49580052495002747,0.14158204197883606,0.6448046565055847,0.7902117967605591,0.9987179040908813,0.5470787882804871,0.14560741186141968,0.704186737537384,0.7965459823608398,0.9978127479553223,0.5151677131652832,0.14344008266925812,0.6236310601234436,0.7865642309188843,0.9986147880554199,0.5371034145355225,0.1480359584093094,0.7039822340011597,0.7928357720375061,0.9978093504905701,0.5154083967208862,0.14758148789405823,0.609643280506134,0.7858919501304626,0.9990335702896118,0.5320077538490295,0.15109972655773163,0.6799666881561279,0.7856961488723755,0.99826979637146,0.49015024304389954,0.3045503795146942,-0.05787299945950508,0.9999166131019592,0.9999815225601196,0.5634539127349854,0.306532621383667,0.05721669644117355,0.9999427199363708,0.9999743700027466,0.3784331977367401,0.3841976523399353,-0.05753730610013008,0.8053235411643982,0.999383807182312,0.6709299087524414,0.3449866473674774,0.10424380004405975,0.9154093861579895,0.9995065927505493,0.31433066725730896,0.40971580147743225,-0.16782686114311218,0.8997412919998169,0.9981231093406677,0.7896798253059387,0.32237836718559265,-0.10070841014385223,0.9407139420509338,0.9976886510848999,0.31367966532707214,0.41380494832992554,-0.1737792044878006,0.8930835723876953,0.9978450536727905,0.788191556930542,0.30957359075546265,-0.10358954221010208,0.911439836025238,0.9976320266723633,0.2780715227127075,0.4134501814842224,-0.18409870564937592,0.8841364979743958,0.9974036812782288,0.8398424983024597,0.30541518330574036,-0.12287425994873047,0.9163352251052856,0.9964370727539062
31,1054,True,0.5191677808761597,0.14169500768184662,0.5154133439064026,0.9979710578918457,0.9997227787971497,0.5168380737304688,0.14206562936306,0.48756811022758484,0.9991759657859802,0.9995808005332947,0.509495735168457,0.1421193927526474,0.4874844551086426,0.9991272687911987,0.9996544122695923,0.5062950849533081,0.14175370335578918,0.4873720407485962,0.9992743730545044,0.9996311664581299,0.52588951587677,0.1424381136894226,0.5131293535232544,0.9992156624794006,0.9996250867843628,0.5308489203453064,0.14235404133796692,0.5128667950630188,0.9991292953491211,0.9996795654296875,0.534454345703125,0.14219781756401062,0.512810468673706,0.9992884397506714,0.9996951818466187,0.5063489079475403,0.14113987982273102,0.35695740580558777,0.9988412261009216,0.9997335076332092,0.5356295108795166,0.14748181402683258,0.4667937755584717,0.9991198182106018,0.9998664855957031,0.5093374252319336,0.14256975054740906,0.4711507558822632,0.9974757432937622,0.9999053478240967,0.5246244668960571,0.14402629435062408,0.5033754706382751,0.9981876015663147,0.9999220371246338,0.4498542249202728,0.16171108186244965,0.22468315064907074,0.9994983673095703,0.9998980760574341,0.566629946231842,0.181903675198555,0.44296324253082275,0.999742865562439,0.999894380569458,0.4270777702331543,0.1713748574256897,0.37535539269447327,0.7414870858192444,0.9986791014671326,0.5752681493759155,0.19105477631092072,0.5357545614242554,0.7490924000740051,0.9982232451438904,0.47196251153945923,0.15211224555969238,0.763755738735199,0.7336688041687012,0.9956158399581909,0.5484421253204346,0.15407070517539978,0.6584619283676147,0.7304942011833191,0.9951156377792358,0.4834240674972534,0.13925056159496307,0.8221170902252197,0.7180654406547546,0.994776725769043,0.5431482791900635,0.14383704960346222,0.6943933963775635,0.7235384583473206,0.993364691734314,0.5054888725280762,0.1413399875164032,0.8021631836891174,0.7145586013793945,0.9940045475959778,0.5327883958816528,0.14687854051589966,0.6830323338508606,0.7201463580131531,0.9927937984466553,0.5060476064682007,0.14490488171577454,0.7733045220375061,0.7147822976112366,0.9956046342849731,0.520817756652832,0.14544105529785156,0.6556813716888428,0.7140910029411316,0.9943775534629822,0.48787739872932434,0.2759527564048767,-0.08794689178466797,0.9999174475669861,0.9999339580535889,0.5600310564041138,0.28282299637794495,0.08716525137424469,0.9999415278434753,0.9999419450759888,0.3512130379676819,0.3284740746021271,-0.08461806178092957,0.8228647112846375,0.9973414540290833,0.6702587008476257,0.3224804401397705,0.14590460062026978,0.9177795052528381,0.9988729357719421,0.26861634850502014,0.34061700105667114,-0.13964390754699707,0.9031502604484558,0.9937394857406616,0.7910934686660767,0.2667749524116516,-0.06920507550239563,0.9447255730628967,0.9929543137550354,0.26209357380867004,0.34378451108932495,-0.1390647441148758,0.8988590240478516,0.9927626252174377,0.791302502155304,0.2603682279586792,-0.09354137629270554,0.9190612435340881,0.9922621250152588,0.23495914041996002,0.33138832449913025,-0.1318644881248474,0.8723843097686768,0.9915552735328674,0.8512827754020691,0.25165826082229614,-0.06323251873254776,0.9151301383972168,0.9864765405654907
32,1088,True,0.5192481279373169,0.12376874685287476,0.45562756061553955,0.9963787198066711,0.999544084072113,0.5184571743011475,0.12334682047367096,0.44624200463294983,0.9985203146934509,0.9994208812713623,0.515470564365387,0.12297383695840836,0.4461326599121094,0.9983176589012146,0.9994858503341675,0.5143769979476929,0.12241719663143158,0.44597291946411133,0.9987385272979736,0.9994753003120422,0.5269789099693298,0.12528619170188904,0.4681113660335541,0.9986452460289001,0.9994682669639587,0.5310144424438477,0.12647517025470734,0.4677620232105255,0.998501181602478,0.9995556473731995,0.5341507792472839,0.1276586502790451,0.467784583568573,0.9988265633583069,0.9995612502098083,0.5125755071640015,0.1277724802494049,0.3685013949871063,0.9978684186935425,0.9995765089988708,0.536652684211731,0.13511577248573303,0.46691325306892395,0.9983658194541931,0.999763548374176,0.5103264451026917,0.1267929971218109,0.4290250539779663,0.9953287243843079,0.999832272529602,0.5237596035003662,0.1287381947040558,0.4563627541065216,0.9966781735420227,0.9998644590377808,0.46951544284820557,0.1419220268726349,0.2328774631023407,0.9995207190513611,0.9999406337738037,0.5468422174453735,0.1617363840341568,0.44660449028015137,0.9997561573982239,0.9999417066574097,0.46273258328437805,0.15696996450424194,0.3427014946937561,0.6803144812583923,0.9993676543235779,0.5434167385101318,0.17374739050865173,0.5432443618774414,0.6771702766418457,0.9994901418685913,0.506618320941925,0.1516614556312561,0.579082727432251,0.6710824370384216,0.9990473389625549,0.5425316691398621,0.15415194630622864,0.7068716883659363,0.6617220640182495,0.9994667172431946,0.5170231461524963,0.1410333216190338,0.6060577630996704,0.6591706275939941,0.9984639883041382,0.5420783758163452,0.1487816423177719,0.7447268962860107,0.6562126874923706,0.9991338849067688,0.5314995646476746,0.14438574016094208,0.593231201171875,0.6555727124214172,0.9981389045715332,0.5308595895767212,0.14815035462379456,0.7330985069274902,0.6528622508049011,0.9990069270133972,0.5282803177833557,0.146015003323555,0.5844301581382751,0.6561746001243591,0.9988663196563721,0.5209792852401733,0.14573566615581512,0.7065262794494629,0.6479749083518982,0.9993444085121155,0.48941561579704285,0.2372020035982132,-0.07385233789682388,0.9999213814735413,0.9999911785125732,0.5437624454498291,0.25138017535209656,0.07305876910686493,0.9999456405639648,0.9999948740005493,0.39571261405944824,0.29374930262565613,-0.11830990016460419,0.8389887809753418,0.9990612864494324,0.6665380001068115,0.30625981092453003,0.11126488447189331,0.92207932472229,0.9995982050895691,0.3016863465309143,0.2304917275905609,-0.09852837771177292,0.8940139412879944,0.9978916049003601,0.7913374900817871,0.2537230849266052,-0.037438131868839264,0.9441528916358948,0.994993269443512,0.286418616771698,0.22508104145526886,-0.09364823997020721,0.8973848223686218,0.9969441294670105,0.7933470606803894,0.25301358103752136,-0.05907493829727173,0.9233877062797546,0.9935882091522217,0.266646146774292,0.20649905502796173,-0.05988437682390213,0.8462217450141907,0.992886483669281,0.8426700234413147,0.22403410077095032,-0.031156431883573532,0.905315101146698,0.9828469753265381
33,1122,True,0.5189594030380249,0.10865609347820282,0.731327474117279,0.9967261552810669,0.9999996423721313,0.5192739963531494,0.10933538526296616,0.7594444155693054,0.9986600875854492,0.9999997615814209,0.5193034410476685,0.10891072452068329,0.7591137290000916,0.9984732866287231,0.9999997615814209,0.5209140777587891,0.10843390226364136,0.7590741515159607,0.9988553524017334,0.9999997615814209,0.5223608613014221,0.1119285449385643,0.7731224894523621,0.9987726807594299,0.9999996423721313,0.5218462347984314,0.11338098347187042,0.7727544903755188,0.9986392259597778,0.9999996423721313,0.520060122013092,0.11480820178985596,0.7729984521865845,0.9989334940910339,0.9999995231628418,0.5271466374397278,0.11322931945323944,0.7881420850753784,0.9980674982070923,0.9999998807907104,0.5177862048149109,0.12166808545589447,0.8465657830238342,0.998515784740448,0.9999997615814209,0.5125806331634521,0.11023757606744766,0.7316173315048218,0.9957818984985352,0.9999998807907104,0.5182045698165894,0.11263594776391983,0.7471680641174316,0.9969947338104248,0.9999998807907104,0.5526041984558105,0.1193707138299942,0.5913336277008057,0.9995678067207336,0.9999996423721313,0.473460853099823,0.14177782833576202,0.763877809047699,0.9997776746749878,0.9999984502792358,0.5265997052192688,0.1288091242313385,0.6546822190284729,0.6273470520973206,0.9999525547027588,0.4304676949977875,0.1546235978603363,0.681894838809967,0.6140796542167664,0.9999278783798218,0.5268542170524597,0.11780963838100433,0.8901895880699158,0.6299108266830444,0.9998915195465088,0.43885093927383423,0.15420305728912354,0.6835414171218872,0.6036906838417053,0.9998651742935181,0.528496265411377,0.11218708753585815,0.9127203822135925,0.6257576942443848,0.9997789263725281,0.4398423135280609,0.155527263879776,0.702010989189148,0.599632740020752,0.9997590184211731,0.5417683720588684,0.11302021890878677,0.9184889793395996,0.6223282217979431,0.9997935891151428,0.4375397264957428,0.15450960397720337,0.702226996421814,0.5955682396888733,0.9997912049293518,0.5395689010620117,0.11458440870046616,0.9000710248947144,0.6206000447273254,0.9998759031295776,0.43870243430137634,0.1496187150478363,0.6815874576568604,0.590630292892456,0.9998713731765747,0.5487793684005737,0.18413805961608887,-0.058541588485240936,0.9999291896820068,0.9999998807907104,0.49540743231773376,0.20167693495750427,0.05836668983101845,0.9999510049819946,0.9999998807907104,0.6731188893318176,0.2360767424106598,-0.21134106814861298,0.8549640774726868,0.9999864101409912,0.3991713225841522,0.2629473805427551,-0.003870419692248106,0.9296213388442993,0.9999825954437256,0.7105304002761841,0.16589495539665222,-0.20298710465431213,0.8956097960472107,0.9999438524246216,0.33316558599472046,0.20594653487205505,-0.13941043615341187,0.9458354711532593,0.9996880292892456,0.700347363948822,0.16183800995349884,-0.21001483500003815,0.9033113718032837,0.9998998641967773,0.3271041810512543,0.20517635345458984,-0.1656981110572815,0.9293268322944641,0.9996059536933899,0.7374374270439148,0.14966562390327454,-0.21426217257976532,0.8471862077713013,0.9993665814399719,0.30973416566848755,0.18917933106422424,-0.19803273677825928,0.9081164598464966,0.9982926249504089
34,1156,True,0.5155072212219238,0.08878597617149353,0.5886639952659607,0.9969453811645508,0.9999967813491821,0.5182871222496033,0.08825948089361191,0.5807400345802307,0.9987585544586182,0.9999940395355225,0.5190378427505493,0.08820601552724838,0.5804131031036377,0.9985931515693665,0.9999939203262329,0.5111399292945862,0.08801204711198807,0.5805418491363525,0.9989394545555115,0.9999942779541016,0.5222314596176147,0.09099413454532623,0.5916299819946289,0.9988523721694946,0.9999922513961792,0.5219113230705261,0.09087731689214706,0.5913143157958984,0.9987339973449707,0.9999932050704956,0.5203901529312134,0.09214212745428085,0.5915035009384155,0.9989960193634033,0.9999920129776001,0.5198933482170105,0.09088129550218582,0.49368545413017273,0.9982168078422546,0.9999957084655762,0.5272423624992371,0.0963449701666832,0.5302832126617432,0.998603105545044,0.9999920129776001,0.5102494359016418,0.08905136585235596,0.5536458492279053,0.9960708022117615,0.9999979734420776,0.5181848406791687,0.09029137343168259,0.5661818981170654,0.9971786141395569,0.9999974966049194,0.4972621202468872,0.09295810014009476,0.38461828231811523,0.9996089339256287,0.9999982118606567,0.5605823993682861,0.11318008601665497,0.43524691462516785,0.9997989535331726,0.9999910593032837,0.40370500087738037,0.12568767368793488,0.30181780457496643,0.5833779573440552,0.9998351335525513,0.4926373362541199,0.1422909051179886,0.39203131198883057,0.5595279932022095,0.9994057416915894,0.39003485441207886,0.12542197108268738,0.3869144320487976,0.581156849861145,0.9996547698974609,0.4789505898952484,0.1427837610244751,0.45643895864486694,0.5499771237373352,0.9990266561508179,0.3841016888618469,0.12203951925039291,0.3910611867904663,0.5858242511749268,0.9993545413017273,0.47873610258102417,0.1443358212709427,0.46731865406036377,0.5501428842544556,0.998699426651001,0.3981884717941284,0.12266410887241364,0.40500885248184204,0.5823761820793152,0.9993563294410706,0.474041610956192,0.1435585916042328,0.46627163887023926,0.5449850559234619,0.9987952709197998,0.4009637236595154,0.12379784882068634,0.3984213173389435,0.5795174241065979,0.9995381832122803,0.47196587920188904,0.14121465384960175,0.4572431445121765,0.5405686497688293,0.9990643858909607,0.5057203769683838,0.16930247843265533,-0.040392376482486725,0.9999315738677979,0.9999978542327881,0.543279767036438,0.19252809882164001,0.040019016712903976,0.9999552369117737,0.9999973773956299,0.36563432216644287,0.21003761887550354,-0.16590411961078644,0.8693996071815491,0.9996938705444336,0.5548253655433655,0.22723683714866638,0.0012355763465166092,0.9365682601928711,0.999616265296936,0.32147976756095886,0.12244226038455963,-0.24344094097614288,0.9056768417358398,0.9995688796043396,0.6730194687843323,0.2060050070285797,-0.16101756691932678,0.950774073600769,0.9991748929023743,0.316826194524765,0.11382510513067245,-0.24618665874004364,0.9127457737922668,0.9994940757751465,0.6789142489433289,0.20808224380016327,-0.1843472123146057,0.9359350204467773,0.999035120010376,0.2851583957672119,0.09929700195789337,-0.22544488310813904,0.8604135513305664,0.9990531802177429,0.7386984825134277,0.19076688587665558,-0.1902599185705185,0.9155332446098328,0.9979731440544128
35,1190,False,,,,,,,,,,,,,,,,,,,,,,,,,,,,,,,,,,,,,,,,,,,,,,,,,,,,,,,,,,,,,,,,,,,,,,,,,,,,,,,,,,,,,,,,,,,,,,,,,,,,,,,,,,,,,,,,,,,,,,,,,,,,,,,,,,,,,,,,,,,,,,,,,,,,,,,,,,,,,,,,,,,,,
36,1224,False,,,,,,,,,,,,,,,,,,,,,,,,,,,,,,,,,,,,,,,,,,,,,,,,,,,,,,,,,,,,,,,,,,,,,,,,,,,,,,,,,,,,,,,,,,,,,,,,,,,,,,,,,,,,,,,,,,,,,,,,,,,,,,,,,,,,,,,,,,,,,,,,,,,,,,,,,,,,,,,,,,,,,
37,1258,False,,,,,,,,,,,,,,,,,,,,,,,,,,,,,,,,,,,,,,,,,,,,,,,,,,,,,,,,,,,,,,,,,,,,,,,,,,,,,,,,,,,,,,,,,,,,,,,,,,,,,,,,,,,,,,,,,,,,,,,,,,,,,,,,,,,,,,,,,,,,,,,,,,,,,,,,,,,,,,,,,,,,,
38,1292,True,0.49192148447036743,0.11527960002422333,0.08813463896512985,0.9968867301940918,0.9980278611183167,0.484668105840683,0.11851562559604645,0.09010273963212967,0.9986969828605652,0.9979902505874634,0.48293331265449524,0.11812344938516617,0.09002145379781723,0.9985770583152771,0.9980352520942688,0.48103654384613037,0.11776168644428253,0.08996021747589111,0.9988415241241455,0.9980579018592834,0.49084633588790894,0.11993534862995148,0.09456173330545425,0.9987298250198364,0.9977419376373291,0.49288085103034973,0.12051000446081161,0.09477891772985458,0.998641848564148,0.9975985884666443,0.49531856179237366,0.1211521252989769,0.09524199366569519,0.9987995028495789,0.997443675994873,0.48114487528800964,0.11728622764348984,0.12550294399261475,0.9982011318206787,0.9975519776344299,0.5031207799911499,0.12192437797784805,0.14426882565021515,0.9985031485557556,0.99693763256073,0.49590450525283813,0.11158523708581924,0.1094932109117508,0.9953251481056213,0.9834762811660767,0.5017244815826416,0.11364934593439102,0.11419010907411575,0.996428906917572,0.9841548204421997,0.47716933488845825,0.09484953433275223,0.1009698361158371,0.9967684149742126,0.9303591251373291,0.5555762648582458,0.10626721382141113,0.16738957166671753,0.9968352913856506,0.9444650411605835,0.46405231952667236,0.0862979143857956,0.07164453715085983,0.5401774048805237,0.6541697978973389,0.5529943704605103,0.11292872577905655,0.23349958658218384,0.508420467376709,0.6401689648628235,0.480588436126709,0.08573919534683228,0.07434875518083572,0.5360577702522278,0.6326779127120972,0.5382563471794128,0.12880706787109375,0.34363383054733276,0.5013091564178467,0.6402381062507629,0.47568172216415405,0.08586796373128891,0.06962896138429642,0.5440901517868042,0.6482393145561218,0.5372236371040344,0.13405928015708923,0.34962013363838196,0.5054172873497009,0.6561511754989624,0.4853913486003876,0.08427423983812332,0.06216065585613251,0.5414218902587891,0.6540535092353821,0.5328844785690308,0.1305648386478424,0.3395237326622009,0.5011422634124756,0.677471935749054,0.4904605448246002,0.08494410663843155,0.07371984422206879,0.5376647710800171,0.6270390152931213,0.5316713452339172,0.12916335463523865,0.34178948402404785,0.49640825390815735,0.6650629639625549,0.4976087808609009,0.03604164347052574,-0.005646445322781801,0.9908002614974976,0.4691926836967468,0.556541919708252,0.033265210688114166,0.005076696630567312,0.9918249249458313,0.5483860969543457,0.45209261775016785,0.1180448979139328,-0.07648548483848572,0.8102936744689941,0.5569802522659302,0.5180516839027405,0.12890514731407166,-0.005127754062414169,0.8698895573616028,0.5894396901130676,0.45386451482772827,0.20888161659240723,-0.10687529295682907,0.8364757895469666,0.6057032942771912,0.47484248876571655,0.21156306564807892,-0.10026481747627258,0.8863535523414612,0.614955484867096,0.4564993679523468,0.22217443585395813,-0.10522392392158508,0.8445502519607544,0.5548620223999023,0.4697243273258209,0.2206140011548996,-0.10892030596733093,0.8802632093429565,0.569817304611206,0.45748698711395264,0.2460678517818451,-0.12649689614772797,0.7965928316116333,0.5787531733512878,0.45892974734306335,0.24639633297920227,-0.1646648496389389,0.8564532995223999,0.5547475218772888
39,1326,True,0.4690762758255005,0.1102895513176918,0.06869685649871826,0.9965773224830627,0.9941061735153198,0.4690251648426056,0.11491777747869492,0.08073367923498154,0.9983859658241272,0.9917060136795044,0.46892696619033813,0.11459461599588394,0.08074600249528885,0.9983227252960205,0.9911144971847534,0.4686894714832306,0.1142345443367958,0.08071122318506241,0.9984679818153381,0.9905656576156616,0.4719577431678772,0.11640073359012604,0.06649118661880493,0.9983104467391968,0.9921720027923584,0.473718523979187,0.11704526096582413,0.06653525680303574,0.9982390999794006,0.9920617341995239,0.4758642315864563,0.11774136871099472,0.06677930802106857,0.9982964992523193,0.9916115403175354,0.4785817563533783,0.11274315416812897,0.1321898102760315,0.9977987408638,0.9865818023681641,0.4896581768989563,0.11696580797433853,0.07212254405021667,0.9980390071868896,0.9888717532157898,0.4769628345966339,0.10476920753717422,0.09532107412815094,0.9944917559623718,0.9817688465118408,0.4803433418273926,0.10669312626123428,0.07458018511533737,0.9955122470855713,0.983646035194397,0.4890894293785095,0.08316907286643982,0.14714282751083374,0.9950843453407288,0.906114935874939,0.5336139798164368,0.09543011337518692,0.04171760752797127,0.9965757727622986,0.968137800693512,0.4881262183189392,0.057582367211580276,0.12982824444770813,0.5002525448799133,0.6519076228141785,0.5531198978424072,0.07974793016910553,-0.015399537980556488,0.5074360966682434,0.7761517763137817,0.4912676513195038,0.04685048386454582,0.080949567258358,0.4978303909301758,0.8030864596366882,0.5140244364738464,0.08208851516246796,-0.007759847678244114,0.48943138122558594,0.8375396728515625,0.48902222514152527,0.044868674129247665,0.07375293970108032,0.5054229497909546,0.841842770576477,0.5042033791542053,0.0830436497926712,-0.024146800860762596,0.49157795310020447,0.834800660610199,0.4931400418281555,0.04398823902010918,0.06478627026081085,0.5026760101318359,0.8505889773368835,0.49867087602615356,0.08359910547733307,-0.011985753662884235,0.4879084527492523,0.8580295443534851,0.4958113431930542,0.04512210935354233,0.07712701708078384,0.49898532032966614,0.830790102481842,0.5024690628051758,0.0833151564002037,-0.0014084514696151018,0.48022833466529846,0.8468536734580994,0.5064855217933655,0.0008036672952584922,0.04152241349220276,0.954304039478302,0.10719134658575058,0.5414257049560547,0.00463519524782896,-0.04194345325231552,0.9618086814880371,0.16551464796066284,0.43216124176979065,0.074595145881176,-0.0017301980406045914,0.7473005652427673,0.3329816460609436,0.44768473505973816,0.09608810395002365,-0.07077644020318985,0.8293498754501343,0.5239529609680176,0.4206998646259308,0.17206057906150818,0.09935332089662552,0.764634907245636,0.38414478302001953,0.41284921765327454,0.18031087517738342,-0.0654454380273819,0.8323671817779541,0.44283345341682434,0.42300304770469666,0.18368428945541382,0.11194080859422684,0.7748268246650696,0.356640487909317,0.40916183590888977,0.18771512806415558,-0.06154153123497963,0.8252708911895752,0.39831212162971497,0.4068526327610016,0.21019205451011658,0.10258150845766068,0.7321826219558716,0.4096512198448181,0.39976394176483154,0.21821394562721252,-0.11139917373657227,0.8049342632293701,0.38456833362579346
40,1360,False,,,,,,,,,,,,,,,,,,,,,,,,,,,,,,,,,,,,,,,,,,,,,,,,,,,,,,,,,,,,,,,,,,,,,,,,,,,,,,,,,,,,,,,,,,,,,,,,,,,,,,,,,,,,,,,,,,,,,,,,,,,,,,,,,,,,,,,,,,,,,,,,,,,,,,,,,,,,,,,,,,,,,
41,1394,True,0.3984392285346985,0.11201398074626923,-0.17725203931331635,0.9960049986839294,0.9752966165542603,0.3897761106491089,0.1176372542977333,-0.1671215295791626,0.9976354241371155,0.971439003944397,0.388645201921463,0.1168343797326088,-0.16717900335788727,0.9975286722183228,0.970788300037384,0.3873719573020935,0.11605970561504364,-0.1672772914171219,0.9975910782814026,0.9703884124755859,0.3945651948451996,0.12125696241855621,-0.1845114529132843,0.9975649118423462,0.9740138053894043,0.39679479598999023,0.12306348979473114,-0.1845007985830307,0.9975378513336182,0.9753079414367676,0.3993626534938812,0.12491045892238617,-0.18443655967712402,0.9976191520690918,0.9763462543487549,0.3949299156665802,0.1180226057767868,-0.08845601230859756,0.9966757297515869,0.9674667119979858,0.41206949949264526,0.129897803068161,-0.17031550407409668,0.9973762631416321,0.9791995882987976,0.4083174765110016,0.10721920430660248,-0.14164261519908905,0.9935950040817261,0.9574941396713257,0.41386908292770386,0.11175684630870819,-0.16570518910884857,0.9949274659156799,0.9712181091308594,0.4184585511684418,0.09054996818304062,-0.025917604565620422,0.9939600825309753,0.9115890860557556,0.4832426607608795,0.11740334331989288,-0.16007746756076813,0.9965894222259521,0.9713682532310486,0.41088807582855225,0.062402475625276566,0.006950928829610348,0.48705387115478516,0.7670736908912659,0.5317113995552063,0.09873994439840317,-0.20085343718528748,0.5225037932395935,0.6783188581466675,0.4314756691455841,0.05348103120923042,-0.006832208018749952,0.4746638238430023,0.7295188903808594,0.4913047254085541,0.08697481453418732,-0.2073269486427307,0.4917265772819519,0.7241327166557312,0.4338199496269226,0.05026095360517502,-0.016380619257688522,0.4755462110042572,0.6943108439445496,0.48349320888519287,0.0836036279797554,-0.23240891098976135,0.4883180260658264,0.7120195031166077,0.4399040937423706,0.05142087861895561,-0.028473567217588425,0.4734123647212982,0.7149824500083923,0.4712314307689667,0.08373366296291351,-0.2226790487766266,0.4856026768684387,0.755629301071167,0.4415443539619446,0.05323746055364609,-0.012411994859576225,0.4695316255092621,0.7167356610298157,0.473835289478302,0.08437013626098633,-0.20228105783462524,0.47376370429992676,0.7476343512535095,0.48212721943855286,0.001956777647137642,0.04314984381198883,0.9050989747047424,0.23440992832183838,0.5239619612693787,0.011559408158063889,-0.04308461397886276,0.9196347594261169,0.2460935264825821,0.4171959459781647,0.023779045790433884,0.0324937179684639,0.6859470009803772,0.1765463501214981,0.4947425127029419,0.05247492715716362,-0.035297054797410965,0.7717173099517822,0.213154137134552,0.40887683629989624,0.05754278972744942,0.19750094413757324,0.6940904259681702,0.17315673828125,0.4515171945095062,0.07134997844696045,0.08085425943136215,0.7635087966918945,0.21230080723762512,0.413657546043396,0.06153073161840439,0.21638567745685577,0.7050158977508545,0.17025916278362274,0.44654321670532227,0.07167715579271317,0.09325101971626282,0.7575095295906067,0.22635774314403534,0.3895586133003235,0.07144204527139664,0.19106799364089966,0.6663044095039368,0.25051748752593994,0.4399931728839874,0.08458401262760162,0.03873099759221077,0.7400563955307007,0.2670976519584656
42,1428,True,0.40995800495147705,0.11193809658288956,-0.21656663715839386,0.9961318969726562,0.9829617142677307,0.39730098843574524,0.11647732555866241,-0.20934145152568817,0.9975824356079102,0.9793796539306641,0.39538225531578064,0.11516062170267105,-0.20939405262470245,0.9974791407585144,0.9804697632789612,0.3933728039264679,0.11381343752145767,-0.20933222770690918,0.9975700974464417,0.9812089204788208,0.40316659212112427,0.12055544555187225,-0.20066878199577332,0.9974000453948975,0.9757367372512817,0.405199259519577,0.12219244241714478,-0.20073331892490387,0.9972910284996033,0.9741739630699158,0.4075755774974823,0.12385895103216171,-0.20068278908729553,0.9974359273910522,0.9716672897338867,0.3978707194328308,0.11091382801532745,-0.133016899228096,0.9967854619026184,0.9845572710037231,0.41717100143432617,0.12503808736801147,-0.11077725887298584,0.9972732663154602,0.9753298163414001,0.41857537627220154,0.10548309236764908,-0.18573857843875885,0.993983805179596,0.989140510559082,0.42577722668647766,0.1107262372970581,-0.17718055844306946,0.9951804876327515,0.987959623336792,0.4269462525844574,0.0802057757973671,-0.147934228181839,0.9942359328269958,0.9873971343040466,0.4897926449775696,0.10197575390338898,-0.015920491889119148,0.996645450592041,0.9849188327789307,0.45023244619369507,0.05988126993179321,-0.2725921869277954,0.5339165329933167,0.880147397518158,0.5422941446304321,0.0888032391667366,-0.13568048179149628,0.5493313670158386,0.8781519532203674,0.45840170979499817,0.10567319393157959,-0.3569636940956116,0.5183284878730774,0.9087609648704529,0.48621124029159546,0.11588430404663086,-0.2822034955024719,0.524074375629425,0.9115010499954224,0.4593004882335663,0.120710588991642,-0.408494770526886,0.5129081606864929,0.8857677578926086,0.46142616868019104,0.1172463670372963,-0.3191531002521515,0.512752890586853,0.887492835521698,0.45440202951431274,0.12290094047784805,-0.38194072246551514,0.511091947555542,0.9025653004646301,0.46324247121810913,0.12285425513982773,-0.304200142621994,0.5112142562866211,0.9157831072807312,0.457235723733902,0.11738389730453491,-0.3531617224216461,0.5058611035346985,0.9091098308563232,0.4693167805671692,0.12258601188659668,-0.2839702069759369,0.4981580078601837,0.9170979857444763,0.4899286925792694,-0.012917734682559967,-0.0347752682864666,0.8472530841827393,0.09475307166576385,0.5404252409934998,-0.0065107219852507114,0.03702158480882645,0.8715924024581909,0.09597508609294891,0.4818223714828491,-0.07562406361103058,-0.15789461135864258,0.640722930431366,0.012582384049892426,0.5409239530563354,-0.08468864858150482,-0.040298860520124435,0.7038759589195251,0.016211843118071556,0.46621134877204895,-0.1612776815891266,0.03448565676808357,0.6318469643592834,0.003055644454434514,0.5462725162506104,-0.17228582501411438,0.07260628044605255,0.6942204236984253,0.002835313556715846,0.45976901054382324,-0.17186783254146576,0.057950910180807114,0.6411837935447693,0.0026166269090026617,0.5461233854293823,-0.18420130014419556,0.08260676264762878,0.6891005039215088,0.002364769112318754,0.47690892219543457,-0.18774989247322083,-0.019349699839949608,0.6071761250495911,0.004179585725069046,0.5486882328987122,-0.19564853608608246,-0.0376165434718132,0.6724624633789062,0.0030554248951375484
43,1462,True,0.43183189630508423,0.12047244608402252,0.021463928744196892,0.9930794835090637,0.6168748736381531,0.41497623920440674,0.12679848074913025,0.004630416166037321,0.9949366450309753,0.6468421220779419,0.41339781880378723,0.12681759893894196,0.004474171437323093,0.9950843453407288,0.6466378569602966,0.4120886027812958,0.1267547905445099,0.004310335498303175,0.9952942132949829,0.6486111879348755,0.41777199506759644,0.12762948870658875,0.029280927032232285,0.9948777556419373,0.6719409823417664,0.41807687282562256,0.12825632095336914,0.02917839214205742,0.9947762489318848,0.692348837852478,0.41854143142700195,0.12886373698711395,0.02914554998278618,0.9953994750976562,0.7057939171791077,0.4118514657020569,0.12287463247776031,-0.037086114287376404,0.996013343334198,0.6660919785499573,0.419577956199646,0.1276734173297882,0.07174809277057648,0.9963862299919128,0.7731457948684692,0.43552541732788086,0.11443674564361572,0.011256083846092224,0.9913056492805481,0.6526676416397095,0.43787774443626404,0.11523793637752533,0.041903991252183914,0.9924267530441284,0.6969771385192871,0.43653538823127747,0.08098743855953217,-0.1176496371626854,0.9940952062606812,0.8320905566215515,0.4478900134563446,0.09284067153930664,0.15228962898254395,0.9961211681365967,0.9118708372116089,0.4583447277545929,0.052257098257541656,-0.15640537440776825,0.5615209937095642,0.33077359199523926,0.46184059977531433,0.04865910857915878,0.18611827492713928,0.5034677386283875,0.5488601922988892,0.4744289815425873,0.08546121418476105,-0.17140519618988037,0.508059024810791,0.1614765226840973,0.4668634235858917,0.04752924293279648,0.1751352995634079,0.47836509346961975,0.24664919078350067,0.4804343283176422,0.08953815698623657,-0.18408425152301788,0.4950160086154938,0.16072233021259308,0.4606612026691437,0.046356864273548126,0.1815272718667984,0.47022631764411926,0.24638566374778748,0.472340852022171,0.0911947637796402,-0.11481645703315735,0.4944723844528198,0.1637129932641983,0.4635142385959625,0.050661601126194,0.1657240092754364,0.4696067273616791,0.25111448764801025,0.47030729055404663,0.08987277001142502,-0.126509428024292,0.4901423454284668,0.15628352761268616,0.46676936745643616,0.050640009343624115,0.1662140190601349,0.458246648311615,0.24650156497955322,0.4929799437522888,-0.016016516834497452,-0.08746892958879471,0.8437321782112122,0.12060485780239105,0.5157763957977295,-0.012758225202560425,0.08904527127742767,0.8740521669387817,0.18392008543014526,0.5798439383506775,-0.05187096446752548,-0.20001466572284698,0.6199308633804321,0.009468144737184048,0.5709867477416992,-0.08404611796140671,0.06289499253034592,0.6480215191841125,0.019364919513463974,0.5092703700065613,-0.13603711128234863,-0.017289921641349792,0.577509343624115,0.0023607173934578896,0.5838852524757385,-0.17081576585769653,0.0709228664636612,0.636066734790802,0.0027757633943110704,0.4868333041667938,-0.14298124611377716,0.009693417698144913,0.588503360748291,0.00248510017991066,0.5824264287948608,-0.17939384281635284,0.07347512245178223,0.6311110854148865,0.00226774625480175,0.5217580199241638,-0.16992855072021484,0.03469781205058098,0.5585213899612427,0.003489631926640868,0.5881829857826233,-0.20193088054656982,-0.003921998664736748,0.6165115237236023,0.002177637768909335
44,1496,True,0.4515012502670288,0.11226531118154526,0.010039538145065308,0.9916333556175232,0.9095200300216675,0.4459172189235687,0.11658090353012085,-7.227057267300552e-06,0.9929817318916321,0.8847682476043701,0.445276141166687,0.11672566831111908,-0.00021575181744992733,0.9932489991188049,0.8872042894363403,0.4445657432079315,0.1168699711561203,-0.0003726001305039972,0.993745744228363,0.8886930346488953,0.44614091515541077,0.11582620441913605,0.013691817410290241,0.9931312799453735,0.8821520805358887,0.4456450641155243,0.11539733409881592,0.0137972142547369,0.9931156039237976,0.8816719651222229,0.44538334012031555,0.11507338285446167,0.013988901861011982,0.9938231110572815,0.8788714408874512,0.44113489985466003,0.11028675734996796,-0.02348477579653263,0.9945704340934753,0.8970394730567932,0.4415467083454132,0.10942544043064117,0.0401267372071743,0.9948396682739258,0.8943729400634766,0.4518967568874359,0.10505948215723038,0.006761858705431223,0.9899194240570068,0.9301287531852722,0.45307573676109314,0.10438095033168793,0.024192674085497856,0.9905316233634949,0.9274353384971619,0.4483269155025482,0.07177912443876266,-0.0995597317814827,0.994293212890625,0.949893593788147,0.45346397161483765,0.07408815622329712,0.07467667013406754,0.9958161115646362,0.9549548625946045,0.4299907684326172,0.038699161261320114,-0.13980405032634735,0.5785099864006042,0.8078749179840088,0.432675838470459,0.03129344433546066,0.10871147364377975,0.4829421937465668,0.7303356528282166,0.4294307231903076,0.04423225671052933,-0.03624669462442398,0.5195841789245605,0.5062475204467773,0.42120441794395447,0.01855924353003502,0.11164722591638565,0.45930394530296326,0.5106330513954163,0.43062156438827515,0.045193590223789215,-0.05580485239624977,0.5029171705245972,0.39381086826324463,0.4165862202644348,0.014078952372074127,0.10578208416700363,0.45601603388786316,0.4423878490924835,0.4311935305595398,0.048005469143390656,-0.04677912965416908,0.5043473243713379,0.43936243653297424,0.4194610118865967,0.016711605712771416,0.09000515192747116,0.4569966197013855,0.4918977618217468,0.4303227365016937,0.04669291526079178,-0.03034967929124832,0.4984869360923767,0.46222183108329773,0.4210943877696991,0.017772119492292404,0.10386979579925537,0.44417646527290344,0.5128025412559509,0.4928138852119446,-0.018632741644978523,-0.058006346225738525,0.8396703600883484,0.20696872472763062,0.5127232670783997,-0.015107886865735054,0.05925305187702179,0.8680902123451233,0.21521885693073273,0.5277835130691528,-0.03440547734498978,-0.15463879704475403,0.5853061079978943,0.04157814383506775,0.547853410243988,-0.030398238450288773,0.04386419430375099,0.5984004735946655,0.05184819921851158,0.5052345395088196,-0.06858327239751816,0.042916394770145416,0.5264678597450256,0.008684808388352394,0.5446950793266296,-0.07385725528001785,0.09961584955453873,0.5852483510971069,0.012650789692997932,0.4974072277545929,-0.07331735640764236,0.06920024007558823,0.5381777882575989,0.00877651572227478,0.5429931282997131,-0.08092992752790451,0.10556358844041824,0.5814197659492493,0.012328451499342918,0.5125420689582825,-0.08527635037899017,0.08289147168397903,0.5114700198173523,0.013642724603414536,0.5476018190383911,-0.0878773108124733,0.08120330423116684,0.5690153241157532,0.015560876578092575
45,1530,True,0.4756949841976166,0.03338809683918953,-0.34304434061050415,0.9675101637840271,0.43415364623069763,0.4722049832344055,0.03790084645152092,-0.3550715446472168,0.9704017043113708,0.4399999678134918,0.4693900942802429,0.03814132511615753,-0.3554955720901489,0.9721157550811768,0.4585108458995819,0.4664533734321594,0.038359418511390686,-0.3557772636413574,0.9718024134635925,0.478789746761322,0.48055320978164673,0.038097891956567764,-0.3559701144695282,0.9666405916213989,0.4222458600997925,0.483305960893631,0.03835936635732651,-0.35578012466430664,0.9668332934379578,0.4142173230648041,0.48633888363838196,0.03873366117477417,-0.3555530607700348,0.9662420153617859,0.41363948583602905,0.4590069651603699,0.04145939648151398,-0.31892141699790955,0.9680153727531433,0.560956597328186,0.4896942973136902,0.04255015030503273,-0.320597767829895,0.9661495685577393,0.4811895489692688,0.4701664447784424,0.0326995775103569,-0.31457507610321045,0.9634112119674683,0.41042327880859375,0.4781009554862976,0.03275729715824127,-0.31551724672317505,0.9633476734161377,0.3926178216934204,0.4412064552307129,0.029370471835136414,-0.24618449807167053,0.9810188412666321,0.6076871156692505,0.5096433162689209,0.044778384268283844,-0.2579007148742676,0.9700329303741455,0.5502089262008667,0.42931053042411804,0.011275410652160645,-0.24769721925258636,0.5339525938034058,0.11076118052005768,0.5331963896751404,0.03900337964296341,-0.25886183977127075,0.4478088617324829,0.12452860921621323,0.4476873576641083,0.011400372721254826,-0.266964316368103,0.48666638135910034,0.03938901051878929,0.5218774080276489,0.0392364077270031,-0.2775071859359741,0.42710569500923157,0.04608313739299774,0.4482158124446869,0.012162338010966778,-0.29130661487579346,0.476492315530777,0.03618934005498886,0.5214517712593079,0.03901616483926773,-0.30115193128585815,0.42859357595443726,0.04262527450919151,0.45451414585113525,0.014076481573283672,-0.30317792296409607,0.4791948199272156,0.04100259765982628,0.5156509876251221,0.03951554745435715,-0.3119935393333435,0.4297153651714325,0.05618901550769806,0.4576514661312103,0.01386629231274128,-0.2733350694179535,0.4715341627597809,0.03685608506202698,0.5136059522628784,0.0386461541056633,-0.28318846225738525,0.41647738218307495,0.053396400064229965,0.45870691537857056,-0.01641755737364292,-0.0241760965436697,0.821941614151001,0.24620528519153595,0.5135687589645386,-0.010891301557421684,0.024533338844776154,0.8492841720581055,0.3281377851963043,0.40142056345939636,0.047245267778635025,-0.18045853078365326,0.5428363084793091,0.15255559980869293,0.5232402086257935,0.07351861894130707,-0.15365713834762573,0.5682105422019958,0.1874578446149826,0.4817633330821991,0.02134840004146099,-0.07363662868738174,0.4990180730819702,0.13840432465076447,0.5002107620239258,0.029951130971312523,-0.09848714619874954,0.5654579401016235,0.19831588864326477,0.48828718066215515,0.019146230071783066,-0.0580771379172802,0.5186048746109009,0.13073638081550598,0.49399152398109436,0.025267377495765686,-0.08975322544574738,0.5745065808296204,0.21433427929878235,0.48351457715034485,0.007451917044818401,-0.11903564631938934,0.4863261580467224,0.11857928335666656,0.49280470609664917,0.012263214215636253,-0.1702188402414322,0.5506940484046936,0.18530584871768951
46,1564,False,,,,,,,,,,,,,,,,,,,,,,,,,,,,,,,,,,,,,,,,,,,,,,,,,,,,,,,,,,,,,,,,,,,,,,,,,,,,,,,,,,,,,,,,,,,,,,,,,,,,,,,,,,,,,,,,,,,,,,,,,,,,,,,,,,,,,,,,,,,,,,,,,,,,,,,,,,,,,,,,,,,,,
47,1598,True,0.48020139336586,0.0440281480550766,-0.331394225358963,0.9680865406990051,0.9423893094062805,0.4858103096485138,0.04977843165397644,-0.3432617485523224,0.9704644083976746,0.9217939376831055,0.4856041669845581,0.05081034451723099,-0.3434426188468933,0.9723796844482422,0.9176440238952637,0.4852391183376312,0.051862187683582306,-0.3434535264968872,0.9711098670959473,0.9137107133865356,0.4892919659614563,0.04744359105825424,-0.3602007031440735,0.9682931303977966,0.9391443133354187,0.49119263887405396,0.04686315357685089,-0.3601929843425751,0.9689930081367493,0.9460999965667725,0.49343442916870117,0.04626297950744629,-0.3599104881286621,0.967994213104248,0.9490395188331604,0.4902561902999878,0.05385875701904297,-0.31946954131126404,0.9691156148910522,0.8926352262496948,0.5041971802711487,0.04593636840581894,-0.39441728591918945,0.9685437083244324,0.9463224411010742,0.48027271032333374,0.043574437499046326,-0.3086274564266205,0.9643707275390625,0.8304776549339294,0.4828926622867584,0.04123198240995407,-0.33079439401626587,0.9650205373764038,0.8447464108467102,0.4610980153083801,0.051268208771944046,-0.20809978246688843,0.9817516803741455,0.9159997701644897,0.5364513397216797,0.03854987770318985,-0.3571288287639618,0.9722527861595154,0.9521945118904114,0.44714659452438354,0.04731536656618118,-0.07463566958904266,0.5155321955680847,0.6814314723014832,0.5412942171096802,0.0191345177590847,-0.327178031206131,0.4719487428665161,0.7432296872138977,0.47320353984832764,0.015419798903167248,0.009949036873877048,0.46107375621795654,0.4521087408065796,0.5520949959754944,0.0014863573014736176,-0.2661416828632355,0.4407770335674286,0.486814022064209,0.4745594561100006,0.011146295815706253,0.009450999088585377,0.45371121168136597,0.4766712784767151,0.561302125453949,-0.001795496791601181,-0.2908175587654114,0.4440693259239197,0.45519596338272095,0.48336511850357056,0.006871059536933899,-0.018815940245985985,0.45643186569213867,0.43342581391334534,0.557552695274353,-0.002185668796300888,-0.30553022027015686,0.4449330270290375,0.4677187204360962,0.48442527651786804,0.007787063717842102,0.00016973131278064102,0.4501132667064667,0.39337608218193054,0.5515463352203369,-0.0005701258778572083,-0.270673006772995,0.4251411557197571,0.45668458938598633,0.4200868010520935,-0.008011138066649437,0.05047573894262314,0.8325113654136658,0.3113546371459961,0.4703110158443451,-0.02000189945101738,-0.05102304369211197,0.855442225933075,0.4336327016353607,0.46776145696640015,0.05343751981854439,0.023088393732905388,0.49803704023361206,0.3835672438144684,0.516528844833374,0.05656026676297188,-0.0327327698469162,0.5510506629943848,0.47916164994239807,0.5345377922058105,0.11834047734737396,0.1502775251865387,0.47219833731651306,0.35879871249198914,0.5582084059715271,0.13077779114246368,-0.014089453034102917,0.5580735206604004,0.4099784195423126,0.5424436330795288,0.13009342551231384,0.16574841737747192,0.5336094498634338,0.3169802129268646,0.5628731846809387,0.1402513086795807,-0.01180894672870636,0.5941302180290222,0.36801886558532715,0.5610434412956238,0.13066911697387695,0.11632414907217026,0.46434286236763,0.41292405128479004,0.5609646439552307,0.15256573259830475,-0.1032918393611908,0.5424754023551941,0.4223233461380005
48,1632,False,,,,,,,,,,,,,,,,,,,,,,,,,,,,,,,,,,,,,,,,,,,,,,,,,,,,,,,,,,,,,,,,,,,,,,,,,,,,,,,,,,,,,,,,,,,,,,,,,,,,,,,,,,,,,,,,,,,,,,,,,,,,,,,,,,,,,,,,,,,,,,,,,,,,,,,,,,,,,,,,,,,,,
49,1666,True,0.5014222264289856,0.08932387083768845,-0.4224458336830139,0.9650267362594604,0.9586739540100098,0.505436897277832,0.09590548276901245,-0.4450199604034424,0.9678727388381958,0.9439283013343811,0.5042133927345276,0.09643647074699402,-0.44518399238586426,0.9698528051376343,0.9431732892990112,0.5029253959655762,0.09697550535202026,-0.4453405737876892,0.967732846736908,0.9412874579429626,0.5079832077026367,0.09529780596494675,-0.44119992852211,0.9643101692199707,0.9444238543510437,0.5088850855827332,0.09525089710950851,-0.441219300031662,0.9645410180091858,0.945079505443573,0.5099722743034363,0.09517371654510498,-0.44124048948287964,0.9629524350166321,0.9428691864013672,0.4991256296634674,0.09634114801883698,-0.46769532561302185,0.9667991399765015,0.9428759813308716,0.5066841244697571,0.09410374611616135,-0.4514720141887665,0.9666904211044312,0.9507302045822144,0.4934644401073456,0.08572693169116974,-0.4211682081222534,0.9648846983909607,0.9558814167976379,0.4977463483810425,0.08462009578943253,-0.41638341546058655,0.9653535485267639,0.9568086266517639,0.47208747267723083,0.07409381121397018,-0.3707583546638489,0.9830723404884338,0.9228420853614807,0.4856419861316681,0.0771045982837677,-0.36168578267097473,0.9748296141624451,0.9737686514854431,0.44742926955223083,0.04317056015133858,-0.2275838702917099,0.512668788433075,0.8065627217292786,0.5075030326843262,0.04879529029130936,-0.19824445247650146,0.4911155700683594,0.8915919661521912,0.4404459297657013,0.011186701245605946,-0.14510712027549744,0.4520944356918335,0.7246912121772766,0.485063374042511,0.03159131854772568,-0.0790904089808464,0.44408559799194336,0.8845208287239075,0.43957823514938354,0.00182441808283329,-0.17257574200630188,0.4330816864967346,0.6401554346084595,0.4768308997154236,0.026765620335936546,-0.0970897227525711,0.43322277069091797,0.8300146460533142,0.44759446382522583,0.009377945214509964,-0.19871141016483307,0.43663451075553894,0.6510542035102844,0.4765029549598694,0.030203793197870255,-0.12222839146852493,0.43491050601005554,0.8506965637207031,0.449616014957428,0.013097559101879597,-0.15624623000621796,0.4349577724933624,0.6737714409828186,0.47950279712677,0.03125805780291557,-0.0875125378370285,0.4184764623641968,0.8616362810134888,0.45666104555130005,0.029856417328119278,-0.003928833641111851,0.8324828147888184,0.3896927237510681,0.4555326998233795,0.03292214497923851,0.004021918401122093,0.8579992055892944,0.4522905647754669,0.49266523122787476,0.06642822921276093,0.16293589770793915,0.4513596296310425,0.4852962791919708,0.48523062467575073,0.07367949932813644,0.20194928348064423,0.5001105070114136,0.6011814475059509,0.5078126788139343,0.09583361446857452,0.4430944323539734,0.4302583932876587,0.6759146451950073,0.498566597700119,0.09971518814563751,0.4376138150691986,0.5067415237426758,0.5873642563819885,0.5009444355964661,0.10138852894306183,0.4718138873577118,0.48848578333854675,0.6548295021057129,0.4946732521057129,0.10336665064096451,0.4586734473705292,0.5400559902191162,0.5802973508834839,0.5321573615074158,0.09754572063684464,0.4108678996562958,0.42596033215522766,0.6355335116386414,0.5146905183792114,0.10298798978328705,0.3784253001213074,0.4955519139766693,0.5245321989059448
50,1700,False,,,,,,,,,,,,,,,,,,,,,,,,,,,,,,,,,,,,,,,,,,,,,,,,,,,,,,,,,,,,,,,,,,,,,,,,,,,,,,,,,,,,,,,,,,,,,,,,,,,,,,,,,,,,,,,,,,,,,,,,,,,,,,,,,,,,,,,,,,,,,,,,,,,,,,,,,,,,,,,,,,,,,
51,1734,False,,,,,,,,,,,,,,,,,,,,,,,,,,,,,,,,,,,,,,,,,,,,,,,,,,,,,,,,,,,,,,,,,,,,,,,,,,,,,,,,,,,,,,,,,,,,,,,,,,,,,,,,,,,,,,,,,,,,,,,,,,,,,,,,,,,,,,,,,,,,,,,,,,,,,,,,,,,,,,,,,,,,,
52,1768,False,,,,,,,,,,,,,,,,,,,,,,,,,,,,,,,,,,,,,,,,,,,,,,,,,,,,,,,,,,,,,,,,,,,,,,,,,,,,,,,,,,,,,,,,,,,,,,,,,,,,,,,,,,,,,,,,,,,,,,,,,,,,,,,,,,,,,,,,,,,,,,,,,,,,,,,,,,,,,,,,,,,,,
53,1802,False,,,,,,,,,,,,,,,,,,,,,,,,,,,,,,,,,,,,,,,,,,,,,,,,,,,,,,,,,,,,,,,,,,,,,,,,,,,,,,,,,,,,,,,,,,,,,,,,,,,,,,,,,,,,,,,,,,,,,,,,,,,,,,,,,,,,,,,,,,,,,,,,,,,,,,,,,,,,,,,,,,,,,
54,1836,True,0.39134275913238525,0.07005500793457031,0.6469537019729614,0.9311605095863342,0.9983215928077698,0.38396838307380676,0.07335121929645538,0.6316458582878113,0.9381423592567444,0.9978275895118713,0.3824373483657837,0.0734170451760292,0.6315590739250183,0.9382413029670715,0.9979415535926819,0.37916767597198486,0.07021476328372955,0.6314288973808289,0.9360496401786804,0.9980702996253967,0.3941477835178375,0.07042879611253738,0.6441868543624878,0.9316893219947815,0.9974707365036011,0.40119805932044983,0.06827069818973541,0.6439209580421448,0.9339143633842468,0.9974238872528076,0.40226492285728455,0.06754149496555328,0.6438590288162231,0.9311297535896301,0.9972943663597107,0.3736395239830017,0.07353509962558746,0.5097138285636902,0.9306141138076782,0.9984986782073975,0.40782439708709717,0.06762810796499252,0.5576690435409546,0.9348302483558655,0.9978435039520264,0.38606420159339905,0.07530742138624191,0.600040078163147,0.9389702081680298,0.999118983745575,0.39954760670661926,0.07857518643140793,0.6148362159729004,0.9413705468177795,0.9990731477737427,0.3465171158313751,0.09411582350730896,0.3323507606983185,0.9847491979598999,0.999665379524231,0.44013431668281555,0.07847174257040024,0.44607818126678467,0.9771326780319214,0.9986966252326965,0.38371866941452026,0.12543103098869324,0.3376237452030182,0.4793837368488312,0.9968463778495789,0.4810199439525604,0.10796624422073364,0.45212793350219727,0.4465620219707489,0.9942573308944702,0.42721885442733765,0.10490842163562775,0.41981032490730286,0.41899573802948,0.9941794872283936,0.4539201557636261,0.10795186460018158,0.540469765663147,0.40409454703330994,0.993117094039917,0.4319186210632324,0.09784382581710815,0.42888903617858887,0.40430861711502075,0.9943951368331909,0.45591798424720764,0.10652659088373184,0.5702049136161804,0.39567437767982483,0.9934266805648804,0.4453190267086029,0.09514392167329788,0.4215640127658844,0.4069991409778595,0.9935352802276611,0.4390176236629486,0.10931169986724854,0.556846559047699,0.3969044089317322,0.9935317635536194,0.44440221786499023,0.09790265560150146,0.4218365252017975,0.40617960691452026,0.9942291975021362,0.4356056749820709,0.10986475646495819,0.5373916625976562,0.38245663046836853,0.9937593936920166,0.44235122203826904,0.1631060540676117,-0.061810966581106186,0.8492174744606018,0.9997616410255432,0.48220279812812805,0.1508740782737732,0.06149588152766228,0.8720870018005371,0.9992480874061584,0.4792039096355438,0.26573750376701355,-0.19261318445205688,0.5057979226112366,0.9986129999160767,0.4330073893070221,0.16713467240333557,0.03420868515968323,0.5188506245613098,0.9917170405387878,0.5804004073143005,0.3259592056274414,-0.4485365152359009,0.48450592160224915,0.9938094019889832,0.46552205085754395,0.17957359552383423,-0.10639411211013794,0.496929794549942,0.9917471408843994,0.6037234663963318,0.32833331823349,-0.4749859571456909,0.5356638431549072,0.9888640642166138,0.4709608852863312,0.17868736386299133,-0.12421317398548126,0.545313835144043,0.9926228523254395,0.5871464014053345,0.3589196801185608,-0.5159769058227539,0.4734552204608917,0.9828546047210693,0.4709089994430542,0.19190427660942078,-0.10288361459970474,0.4847991466522217,0.9932942986488342
55,1870,True,0.4031558930873871,0.08237530291080475,0.6483677625656128,0.9035220146179199,0.9934486746788025,0.39558613300323486,0.08249533176422119,0.6320187449455261,0.9157786965370178,0.9932199120521545,0.39327630400657654,0.0826469287276268,0.6319283246994019,0.9135561585426331,0.9938287138938904,0.385818213224411,0.083726666867733,0.6317883729934692,0.9121811389923096,0.9947329759597778,0.4058668911457062,0.08041691035032272,0.6434606909751892,0.9120280742645264,0.9916297793388367,0.41098886728286743,0.07905992865562439,0.6431898474693298,0.9178246855735779,0.9917448163032532,0.41286399960517883,0.07826392352581024,0.6431702375411987,0.9127575755119324,0.991592526435852,0.3789967894554138,0.09064162522554398,0.5011510848999023,0.9182202816009521,0.9968221187591553,0.41723522543907166,0.08116305619478226,0.5263887047767639,0.9225020408630371,0.9942359328269958,0.39496341347694397,0.09233617782592773,0.6000432372093201,0.9267610311508179,0.9987140893936157,0.4113209545612335,0.08934658020734787,0.6113989353179932,0.932270348072052,0.998702883720398,0.34652119874954224,0.11790046840906143,0.31773146986961365,0.9862282276153564,0.9997530579566956,0.45655232667922974,0.0977361798286438,0.40972256660461426,0.9792970418930054,0.9990742206573486,0.38487645983695984,0.1589566171169281,0.30154842138290405,0.43622151017189026,0.9953613877296448,0.5259068012237549,0.11663568019866943,0.40338456630706787,0.4040697515010834,0.9870104789733887,0.4537034034729004,0.16557011008262634,0.3861656188964844,0.37997105717658997,0.9840737581253052,0.5297037959098816,0.12623658776283264,0.5090874433517456,0.36511024832725525,0.9640134572982788,0.4634694457054138,0.16744495928287506,0.3902661204338074,0.3679564893245697,0.9854480624198914,0.5390061140060425,0.1256970763206482,0.5375063419342041,0.35818609595298767,0.9669491648674011,0.4762386381626129,0.16495342552661896,0.38346028327941895,0.3702220320701599,0.9850009679794312,0.5200818777084351,0.1294783651828766,0.5293712019920349,0.3591809868812561,0.9709406495094299,0.4757560193538666,0.16373375058174133,0.3873874247074127,0.3695836365222931,0.9845098853111267,0.5129191279411316,0.1304101049900055,0.5080901384353638,0.34633031487464905,0.9693694114685059,0.4353412687778473,0.1999267041683197,-0.04806128516793251,0.8642207384109497,0.9990818500518799,0.48887455463409424,0.1751558780670166,0.04759813845157623,0.8845885992050171,0.9972147345542908,0.4745420813560486,0.29534846544265747,-0.11148479580879211,0.5549220442771912,0.9978669881820679,0.4850006103515625,0.16170533001422882,0.08981988579034805,0.5226782560348511,0.9876154661178589,0.5456957221031189,0.37026432156562805,-0.2953815460205078,0.5333476066589355,0.9883006811141968,0.5008863210678101,0.1598069816827774,0.016585953533649445,0.48202234506607056,0.9849978089332581,0.5614667534828186,0.3772999346256256,-0.3156193494796753,0.5780853629112244,0.9750637412071228,0.5017285943031311,0.1635953038930893,0.0034577634651213884,0.5464287996292114,0.9829378724098206,0.5242792963981628,0.3965841233730316,-0.3346378803253174,0.5169258713722229,0.9524984359741211,0.5030158758163452,0.14584675431251526,0.03852889686822891,0.4669983386993408,0.9794597029685974
56,1904,False,,,,,,,,,,,,,,,,,,,,,,,,,,,,,,,,,,,,,,,,,,,,,,,,,,,,,,,,,,,,,,,,,,,,,,,,,,,,,,,,,,,,,,,,,,,,,,,,,,,,,,,,,,,,,,,,,,,,,,,,,,,,,,,,,,,,,,,,,,,,,,,,,,,,,,,,,,,,,,,,,,,,,
57,1938,True,0.4027276039123535,0.12220907211303711,0.43585288524627686,0.9103907346725464,0.9997228980064392,0.40073105692863464,0.12001174688339233,0.40058717131614685,0.9223686456680298,0.9996439218521118,0.39843034744262695,0.12002374231815338,0.40050655603408813,0.9202826619148254,0.9996803998947144,0.39574724435806274,0.11992981284856796,0.40037667751312256,0.9190804362297058,0.999692440032959,0.4098006784915924,0.11974118649959564,0.41830816864967346,0.9191325306892395,0.9996163845062256,0.41261154413223267,0.11955274641513824,0.4180997610092163,0.9245710372924805,0.9996285438537598,0.416866272687912,0.119143545627594,0.4181099832057953,0.9199696183204651,0.9996243715286255,0.3878098428249359,0.12475202977657318,0.2439020425081253,0.9244969487190247,0.9998151659965515,0.4215470254421234,0.12291236221790314,0.31789565086364746,0.9284239411354065,0.9997803568840027,0.40015047788619995,0.1302516758441925,0.3849516212940216,0.930825412273407,0.9998194575309753,0.4111490845680237,0.13014459609985352,0.40656933188438416,0.936716616153717,0.9998338222503662,0.346853107213974,0.1477718949317932,0.1308726668357849,0.9875949025154114,0.999929666519165,0.4628114402294159,0.14542771875858307,0.2888078987598419,0.9813101291656494,0.9997603297233582,0.3725702166557312,0.1675121933221817,0.23024314641952515,0.4331948757171631,0.9995482563972473,0.5077699422836304,0.1722019612789154,0.4629126191139221,0.366864413022995,0.9977362155914307,0.4267377555370331,0.1481064260005951,0.42863893508911133,0.3585506081581116,0.9986622333526611,0.4932858645915985,0.15936997532844543,0.6749844551086426,0.33103689551353455,0.9968830347061157,0.4315727949142456,0.14316336810588837,0.4549809694290161,0.3476749360561371,0.9986419081687927,0.4970035254955292,0.1541152000427246,0.7255374193191528,0.3260200023651123,0.997082531452179,0.4473435580730438,0.14093278348445892,0.43796077370643616,0.34933948516845703,0.9984914064407349,0.47771069407463074,0.15288463234901428,0.7020971179008484,0.3269437253475189,0.9971146583557129,0.44833022356033325,0.14349356293678284,0.4308556318283081,0.34834739565849304,0.9987115859985352,0.47243738174438477,0.15416505932807922,0.6721771955490112,0.31544414162635803,0.9971328973770142,0.41738206148147583,0.25897103548049927,-0.05878244340419769,0.8777875304222107,0.9999250173568726,0.4777364432811737,0.25326770544052124,0.058702804148197174,0.8960888981819153,0.9997851252555847,0.4307362139225006,0.35775285959243774,0.005649718921631575,0.5989408493041992,0.9998626708984375,0.5603775382041931,0.23762178421020508,0.23585699498653412,0.5251435041427612,0.9996030926704407,0.4538746774196625,0.4459490180015564,-0.12094170600175858,0.5791295766830444,0.9995474219322205,0.6117306351661682,0.2080461084842682,0.2151898890733719,0.5108868479728699,0.999377429485321,0.4639509320259094,0.4597774147987366,-0.1324465572834015,0.6187326312065125,0.9991973042488098,0.6203096508979797,0.2014930248260498,0.2123185694217682,0.5789483785629272,0.9992945194244385,0.43417567014694214,0.4723392128944397,-0.1906909942626953,0.5627973079681396,0.998748779296875,0.6387538909912109,0.1752898395061493,0.20829448103904724,0.49793052673339844,0.999358594417572
58,1972,True,0.4099411964416504,0.140997976064682,0.3917635679244995,0.9182315468788147,0.9996590614318848,0.40668436884880066,0.1359015852212906,0.3621956408023834,0.9294894337654114,0.9994321465492249,0.4036741852760315,0.13521191477775574,0.3621062934398651,0.927485466003418,0.9994706511497498,0.40024134516716003,0.13449256122112274,0.36202892661094666,0.926505982875824,0.9994514584541321,0.41552653908729553,0.1359984427690506,0.3654341697692871,0.9267156720161438,0.9994275569915771,0.41828373074531555,0.1354178935289383,0.3652553856372833,0.9316011667251587,0.9994315505027771,0.4218953549861908,0.13468900322914124,0.36527493596076965,0.927497386932373,0.9994181394577026,0.39309394359588623,0.1352529525756836,0.23815807700157166,0.9313799738883972,0.99959796667099,0.4250839948654175,0.13457413017749786,0.2504049241542816,0.9350007176399231,0.9996005892753601,0.4055057168006897,0.1455327719449997,0.3554841876029968,0.9365726709365845,0.99953293800354,0.41577979922294617,0.1460174024105072,0.35837170481681824,0.9422376155853271,0.9996119141578674,0.3506830632686615,0.1622791886329651,0.13915793597698212,0.9888259172439575,0.9997099041938782,0.46483632922172546,0.1607208549976349,0.20378920435905457,0.9831461310386658,0.9996216297149658,0.38920292258262634,0.17631350457668304,0.23378849029541016,0.4177841544151306,0.9995232820510864,0.5201411247253418,0.17165228724479675,0.3382203280925751,0.3528972268104553,0.9986830353736877,0.4505311846733093,0.14972016215324402,0.3673132658004761,0.33701857924461365,0.9984448552131653,0.5057547092437744,0.15611103177070618,0.5163965225219727,0.3131489157676697,0.9965974688529968,0.45883145928382874,0.143435537815094,0.38239216804504395,0.32724589109420776,0.998069703578949,0.5171187520027161,0.15126635134220123,0.5478140711784363,0.31134387850761414,0.9954994320869446,0.47260868549346924,0.14207643270492554,0.3639065623283386,0.32833990454673767,0.9980127811431885,0.50514155626297,0.15173135697841644,0.5307349562644958,0.3118688464164734,0.9956919550895691,0.472006618976593,0.14523181319236755,0.3657369315624237,0.328665554523468,0.9983463287353516,0.4941692650318146,0.15334667265415192,0.515813410282135,0.3012213110923767,0.9963184595108032,0.41949164867401123,0.28327423334121704,-0.038981322199106216,0.8899983167648315,0.9998738765716553,0.48113831877708435,0.2713708281517029,0.03891560807824135,0.9064426422119141,0.9997634291648865,0.4280357360839844,0.3774230480194092,0.014401242136955261,0.6374087929725647,0.9994937181472778,0.5689520835876465,0.28055500984191895,0.15718413889408112,0.5311720967292786,0.9988192915916443,0.43282657861709595,0.4629383087158203,-0.08072145283222198,0.6179913282394409,0.9975376129150391,0.6053202152252197,0.2604519724845886,0.15484346449375153,0.5329362154006958,0.99672532081604,0.44786763191223145,0.47329625487327576,-0.08831726759672165,0.6517820358276367,0.9961147308349609,0.6062459349632263,0.261003702878952,0.15815208852291107,0.6011650562286377,0.9964141249656677,0.41163453459739685,0.48510271310806274,-0.12718290090560913,0.5964357852935791,0.9944589138031006,0.6230288147926331,0.2468114197254181,0.16330119967460632,0.512947678565979,0.9969151020050049
59,2006,True,0.41651907563209534,0.1603727638721466,0.003167184768244624,0.9263429045677185,0.9994668364524841,0.41742223501205444,0.1566513478755951,0.001098683918826282,0.9364562034606934,0.9991694688796997,0.417169451713562,0.1561410129070282,0.0009774615755304694,0.9346213340759277,0.9992446899414062,0.4167884886264801,0.15551093220710754,0.0008890769677236676,0.9337784647941589,0.9992825388908386,0.41941434144973755,0.15678304433822632,-0.002561666304245591,0.9339465498924255,0.9988402724266052,0.42063018679618835,0.15638485550880432,-0.0026726494543254375,0.9382936358451843,0.9987045526504517,0.42249417304992676,0.15581530332565308,-0.0026306884828954935,0.9346306920051575,0.9984563589096069,0.4181540906429291,0.15594129264354706,0.029279032722115517,0.9380688071250916,0.9993821382522583,0.4252783954143524,0.15659154951572418,0.015312646515667439,0.9412024021148682,0.9981805086135864,0.417999804019928,0.1662706434726715,0.020255064591765404,0.9426560997962952,0.9990111589431763,0.4195241630077362,0.16664963960647583,0.01582038216292858,0.9476461410522461,0.9985136389732361,0.4029422402381897,0.18618620932102203,0.0337790921330452,0.9899005889892578,0.999091386795044,0.42704665660858154,0.1890602707862854,0.0012805004371330142,0.9846675992012024,0.9965898990631104,0.46684637665748596,0.19571948051452637,-0.08394759148359299,0.45913973450660706,0.999432384967804,0.5025109052658081,0.19652330875396729,0.034211162477731705,0.3672029972076416,0.9978927969932556,0.47337332367897034,0.15958085656166077,-0.23094215989112854,0.3832571506500244,0.9996508359909058,0.48749905824661255,0.16407540440559387,0.12396273016929626,0.3359278440475464,0.998877227306366,0.4773610532283783,0.1494276076555252,-0.2670683264732361,0.3671880066394806,0.9994718432426453,0.48831304907798767,0.15598471462726593,0.11488695442676544,0.333141028881073,0.9987035989761353,0.4774608314037323,0.14915035665035248,-0.262421190738678,0.3677537441253662,0.9994516968727112,0.47924381494522095,0.15652582049369812,0.10445434600114822,0.33299171924591064,0.9985358715057373,0.4751054048538208,0.15361657738685608,-0.23539166152477264,0.3669013977050781,0.9995738863945007,0.47858551144599915,0.15956567227840424,0.12132128328084946,0.319521963596344,0.9987228512763977,0.45783185958862305,0.3037692904472351,-0.004395949654281139,0.900985598564148,0.9999334812164307,0.45459312200546265,0.30694907903671265,0.004200601018965244,0.9157847762107849,0.9998863935470581,0.5411730408668518,0.3729478418827057,0.024908989667892456,0.6629490852355957,0.9987937211990356,0.4279492199420929,0.3946528136730194,0.017253024503588676,0.5729942917823792,0.9988995790481567,0.6036547422409058,0.42247486114501953,0.21072591841220856,0.6407759189605713,0.9972894191741943,0.42236191034317017,0.4795578420162201,0.12506794929504395,0.5740979313850403,0.9964063763618469,0.6041785478591919,0.4296652376651764,0.2280629426240921,0.6497674584388733,0.9966442584991455,0.42183220386505127,0.48437270522117615,0.13139072060585022,0.6176083087921143,0.9948516488075256,0.6369236707687378,0.44033974409103394,0.13274018466472626,0.6171836256980896,0.9954490065574646,0.40791940689086914,0.4962572157382965,0.005730692762881517,0.5517579317092896,0.9917572140693665
60,2040,True,0.4197687804698944,0.17548194527626038,0.1683608442544937,0.9336761236190796,0.9999152421951294,0.41788333654403687,0.17185652256011963,0.13937048614025116,0.9427840113639832,0.9998986721038818,0.4154830873012543,0.17229081690311432,0.13929226994514465,0.9411324262619019,0.9999170303344727,0.4140494763851166,0.17239691317081451,0.1392286866903305,0.9403742551803589,0.9999203681945801,0.4241628348827362,0.17104631662368774,0.1445905864238739,0.9405231475830078,0.9998773336410522,0.42824631929397583,0.17063121497631073,0.14449502527713776,0.9444311261177063,0.9998717308044434,0.4312690794467926,0.17014643549919128,0.14451126754283905,0.9411328434944153,0.9998593330383301,0.41322386264801025,0.17757639288902283,0.04237338528037071,0.9442240595817566,0.999951958656311,0.43771615624427795,0.17568477988243103,0.06567627191543579,0.9470442533493042,0.9998983144760132,0.4180070757865906,0.1816195696592331,0.14052556455135345,0.9483122229576111,0.9998509883880615,0.4250339865684509,0.18135903775691986,0.14704228937625885,0.9527931809425354,0.9998216032981873,0.38975638151168823,0.21160630881786346,0.005951375234872103,0.9908047914505005,0.9991076588630676,0.47193077206611633,0.2072344720363617,0.03994794934988022,0.9859456419944763,0.9975183010101318,0.4080738425254822,0.19277043640613556,0.07684408873319626,0.48887982964515686,0.9993267059326172,0.5198376178741455,0.19031384587287903,0.1653032749891281,0.38674792647361755,0.9974492192268372,0.43833985924720764,0.15869835019111633,0.16385133564472198,0.4029924273490906,0.9970058798789978,0.5016421675682068,0.15479198098182678,0.34490102529525757,0.3430340886116028,0.996056079864502,0.4560239613056183,0.14936639368534088,0.16972576081752777,0.38868144154548645,0.9947473406791687,0.5009291172027588,0.1458379328250885,0.3585446774959564,0.3429497480392456,0.9941524863243103,0.4582131803035736,0.14837583899497986,0.16342325508594513,0.38894593715667725,0.9944934844970703,0.4884795844554901,0.14902043342590332,0.34097543358802795,0.3427298069000244,0.9942164421081543,0.4560944437980652,0.15258818864822388,0.16685780882835388,0.38941293954849243,0.9959244728088379,0.4888240694999695,0.15192194283008575,0.3417224586009979,0.3299439251422882,0.9952085614204407,0.4551701843738556,0.3354337811470032,-0.016123183071613312,0.9108725786209106,0.999886155128479,0.47854605317115784,0.3299558758735657,0.01590392366051674,0.9241714477539062,0.9998087286949158,0.4347524046897888,0.41532033681869507,-0.003998583182692528,0.6908087730407715,0.9988638162612915,0.5533291101455688,0.3944937288761139,0.09594746679067612,0.6056665182113647,0.9983953833580017,0.42838025093078613,0.5018033981323242,0.19786226749420166,0.6740772724151611,0.9956890940666199,0.6308906674385071,0.45087558031082153,0.15271525084972382,0.6112451553344727,0.9958909749984741,0.4410901665687561,0.5143473744392395,0.14297175407409668,0.678855836391449,0.9936349391937256,0.626900315284729,0.4611127972602844,0.1533382683992386,0.6493417620658875,0.995197594165802,0.4034063220024109,0.516708493232727,0.04695770516991615,0.6467440724372864,0.9913968443870544,0.6453057527542114,0.463977187871933,0.09539097547531128,0.5801106691360474,0.9946202039718628
61,2074,True,0.4402832090854645,0.19645696878433228,-0.15492865443229675,0.9402740001678467,0.9997119307518005,0.44302818179130554,0.19352173805236816,-0.1367327868938446,0.9484397768974304,0.9995015859603882,0.44455137848854065,0.1937796175479889,-0.13678386807441711,0.9469244480133057,0.999478280544281,0.4460492432117462,0.19388477504253387,-0.13681373000144958,0.946266770362854,0.9994245767593384,0.4378952980041504,0.19299736618995667,-0.1486501842737198,0.9464132189750671,0.9995094537734985,0.43758493661880493,0.1928544044494629,-0.1487918496131897,0.9499070644378662,0.9994872808456421,0.43696311116218567,0.19262510538101196,-0.14881572127342224,0.9469567537307739,0.9994206428527832,0.4459250867366791,0.1984405219554901,-0.04191578924655914,0.9496172666549683,0.9992196559906006,0.4380008280277252,0.1989753395318985,-0.09043729305267334,0.9522178173065186,0.999204695224762,0.44279709458351135,0.20373471081256866,-0.11724604666233063,0.9533320665359497,0.9989437460899353,0.4385547637939453,0.2032284289598465,-0.13182911276817322,0.9573532342910767,0.9989045858383179,0.4720960855484009,0.23310399055480957,-0.0003316763322800398,0.9915137887001038,0.9973824620246887,0.4362197518348694,0.2320621758699417,-0.1270221769809723,0.9870564937591553,0.99666827917099,0.4955768883228302,0.19539900124073029,-0.07860920578241348,0.5318594574928284,0.9995311498641968,0.4494059979915619,0.19788068532943726,-0.2482859045267105,0.44592568278312683,0.9991556406021118,0.48381924629211426,0.15765738487243652,-0.17726586759090424,0.4531958997249603,0.9985373020172119,0.45763468742370605,0.1551743745803833,-0.2912004888057709,0.4046957194805145,0.9988151788711548,0.4830613136291504,0.14906850457191467,-0.2190784066915512,0.4332413673400879,0.997453510761261,0.47582685947418213,0.14629915356636047,-0.34268295764923096,0.4002407491207123,0.9981753826141357,0.477766215801239,0.14787214994430542,-0.2205067127943039,0.4324116110801697,0.9974318146705627,0.4737901985645294,0.14896561205387115,-0.3296584188938141,0.3993041217327118,0.9980959296226501,0.4800329804420471,0.1518000215291977,-0.185993492603302,0.4327719807624817,0.9979397654533386,0.4640501141548157,0.15187816321849823,-0.29094675183296204,0.38597583770751953,0.998394787311554,0.476103812456131,0.3498557209968567,0.023035094141960144,0.9197531342506409,0.9997782111167908,0.4506462514400482,0.3514445424079895,-0.023135792464017868,0.9317134022712708,0.9997720122337341,0.48227614164352417,0.4268569052219391,0.03787242993712425,0.7126060128211975,0.9988009929656982,0.4436120390892029,0.4295519292354584,-0.005575607065111399,0.6419764161109924,0.9989006519317627,0.48504918813705444,0.49614763259887695,0.22356438636779785,0.6991460919380188,0.9975111484527588,0.5165859460830688,0.5077072978019714,0.15707692503929138,0.646270215511322,0.997340738773346,0.4794254004955292,0.5076007843017578,0.2316766381263733,0.6916019320487976,0.9963464140892029,0.5227242112159729,0.5178216695785522,0.16258905827999115,0.6708744168281555,0.9961762428283691,0.49817365407943726,0.5130379796028137,0.09581606090068817,0.6711609959602356,0.9943438768386841,0.5245516896247864,0.5286367535591125,0.020026864483952522,0.615053117275238,0.9942126870155334
62,2108,True,0.4558755159378052,0.20936980843544006,-0.23101577162742615,0.9462376832962036,0.999956488609314,0.4599311053752899,0.20528936386108398,-0.20908018946647644,0.9535790681838989,0.9999241828918457,0.4624674618244171,0.20559599995613098,-0.20914623141288757,0.952206015586853,0.999914288520813,0.464816153049469,0.20571556687355042,-0.20918063819408417,0.951616108417511,0.9998989105224609,0.45215684175491333,0.20464186370372772,-0.21602456271648407,0.9517578482627869,0.9999330043792725,0.4505774974822998,0.2045758068561554,-0.21619395911693573,0.9548956155776978,0.9999309778213501,0.44877302646636963,0.20437903702259064,-0.2162346988916397,0.9522435069084167,0.9999233484268188,0.4664601683616638,0.21222904324531555,-0.09278327226638794,0.9546087980270386,0.9998636245727539,0.4474586546421051,0.2107137143611908,-0.12114100158214569,0.9569692611694336,0.9999064207077026,0.45982351899147034,0.2168731689453125,-0.18654096126556396,0.9579516053199768,0.9998063445091248,0.4516744911670685,0.21566569805145264,-0.1948680430650711,0.961574375629425,0.999828577041626,0.5017324090003967,0.24749219417572021,-0.05716465413570404,0.992258608341217,0.9989390969276428,0.4194144904613495,0.23941509425640106,-0.1406533271074295,0.9882575273513794,0.9992563128471375,0.5186808109283447,0.19671449065208435,-0.16849619150161743,0.5748914480209351,0.9996293783187866,0.4156114459037781,0.19851259887218475,-0.27510279417037964,0.4996936023235321,0.9994107484817505,0.5033537745475769,0.157260000705719,-0.2567870020866394,0.5019914507865906,0.998227059841156,0.42594918608665466,0.155225470662117,-0.3500407934188843,0.4611760377883911,0.9982602000236511,0.4788585603237152,0.14859642088413239,-0.30401235818862915,0.47764208912849426,0.9970009922981262,0.43568989634513855,0.14637643098831177,-0.40682220458984375,0.4531507194042206,0.9975754618644714,0.4772875905036926,0.1476227194070816,-0.2966548800468445,0.47577816247940063,0.9970154762268066,0.444145530462265,0.14819058775901794,-0.39149171113967896,0.4516145884990692,0.9975296854972839,0.47797173261642456,0.15122564136981964,-0.2622320055961609,0.47566235065460205,0.9975733160972595,0.4425598978996277,0.15066856145858765,-0.3506671190261841,0.43828868865966797,0.9977276921272278,0.4837264120578766,0.36675316095352173,0.021573850885033607,0.9277638792991638,0.9998431205749512,0.43854713439941406,0.3681309223175049,-0.021553466096520424,0.9385290741920471,0.9998674392700195,0.5107128024101257,0.4426499009132385,0.03497423604130745,0.738089382648468,0.999514102935791,0.4129078686237335,0.44597500562667847,-0.060189973562955856,0.6769307851791382,0.9996637105941772,0.527361273765564,0.5091925859451294,0.27537840604782104,0.7263868451118469,0.9989426732063293,0.4408684968948364,0.5283249616622925,0.1465500444173813,0.6806670427322388,0.9992654919624329,0.5203746557235718,0.5196154117584229,0.2915792465209961,0.7112113237380981,0.9983900785446167,0.4238516390323639,0.5388327836990356,0.15705181658267975,0.6986680030822754,0.9987890124320984,0.5465851426124573,0.5301040410995483,0.1287938952445984,0.6993589997291565,0.9970471262931824,0.4331088066101074,0.5518103837966919,-0.030357904732227325,0.6515586376190186,0.9973750114440918
63,2142,True,0.4631800353527069,0.22369107604026794,-0.06352736800909042,0.9515789747238159,0.9998515844345093,0.4652211368083954,0.22079244256019592,-0.07194370031356812,0.9581576585769653,0.9997566342353821,0.4663398265838623,0.22104497253894806,-0.07194492965936661,0.9569089412689209,0.999756395816803,0.46738505363464355,0.21975067257881165,-0.07197003811597824,0.9563863277435303,0.9997357726097107,0.4637651741504669,0.2201257050037384,-0.06896098703145981,0.9565248489379883,0.999750554561615,0.4641410708427429,0.2200503796339035,-0.06911826878786087,0.9593321681022644,0.999729335308075,0.464386522769928,0.21982869505882263,-0.06913161277770996,0.9569498300552368,0.9997047781944275,0.4700566530227661,0.22562924027442932,-0.08342631906270981,0.9590193629264832,0.9996651411056519,0.46742120385169983,0.2255689799785614,-0.06759356707334518,0.9611601233482361,0.9996144771575928,0.4655529856681824,0.23064348101615906,-0.06313765048980713,0.9620599150657654,0.999625563621521,0.46387702226638794,0.22982558608055115,-0.05844739452004433,0.9652953743934631,0.9995504021644592,0.46262893080711365,0.2538894712924957,-0.1012510433793068,0.9929556846618652,0.9996280670166016,0.479034423828125,0.2577584385871887,-0.08612651377916336,0.9892738461494446,0.9992272853851318,0.4852360188961029,0.2015562802553177,-0.1686662882566452,0.6144073605537415,0.9998670816421509,0.4732705056667328,0.20370030403137207,-0.15078593790531158,0.5428497195243835,0.9997740387916565,0.4643295705318451,0.15694129467010498,-0.22942231595516205,0.5485098361968994,0.9990059733390808,0.4396507143974304,0.15442655980587006,-0.2272876501083374,0.5086445808410645,0.9988401532173157,0.4508369565010071,0.1482306569814682,-0.2734259068965912,0.5252639055252075,0.9980313181877136,0.44534745812416077,0.14608384668827057,-0.28605207800865173,0.4986671805381775,0.9978813529014587,0.4548538327217102,0.147450253367424,-0.28781116008758545,0.5231815576553345,0.9978145360946655,0.45334935188293457,0.147738516330719,-0.28715163469314575,0.49690333008766174,0.9978803396224976,0.46926480531692505,0.15098294615745544,-0.24094130098819733,0.5229498744010925,0.9983800649642944,0.45046234130859375,0.15067122876644135,-0.23693522810935974,0.48439496755599976,0.9982886910438538,0.4689817726612091,0.38015425205230713,0.005938299465924501,0.9349808096885681,0.9999489784240723,0.44580742716789246,0.3809247612953186,-0.005991652142256498,0.94466632604599,0.9999549388885498,0.4430948793888092,0.4604814946651459,0.04351806640625,0.7592434883117676,0.9996088147163391,0.45964542031288147,0.4651091694831848,0.01775136962532997,0.7052122354507446,0.9996023774147034,0.404131144285202,0.5379868149757385,0.1588822901248932,0.7509194612503052,0.998867392539978,0.4539065361022949,0.5374012589454651,0.15523697435855865,0.7090249061584473,0.9992926120758057,0.41562414169311523,0.5496447682380676,0.16379667818546295,0.734666645526886,0.9982104301452637,0.4672398567199707,0.548898458480835,0.16238698363304138,0.723688542842865,0.998984158039093,0.3791903555393219,0.5578802824020386,0.029816752299666405,0.7235658764839172,0.9975232481956482,0.5062016248703003,0.5604011416435242,0.041690926998853683,0.6790252327919006,0.9986103773117065
64,2176,True,0.47333067655563354,0.2330186367034912,-0.10855799913406372,0.9563544988632202,0.9998157620429993,0.47520357370376587,0.23042218387126923,-0.11709170788526535,0.9622381925582886,0.9997488856315613,0.4762004017829895,0.23067393898963928,-0.11708445847034454,0.9610891342163086,0.9997438788414001,0.4772367775440216,0.23035874962806702,-0.11710517853498459,0.9606355428695679,0.9997232556343079,0.474508672952652,0.22982756793498993,-0.10636188834905624,0.9607763290405273,0.9997430443763733,0.4751012921333313,0.22976048290729523,-0.10653355717658997,0.9632692933082581,0.9997217059135437,0.4757682681083679,0.22932974994182587,-0.10654748231172562,0.9611383676528931,0.9996980428695679,0.47982195019721985,0.23576755821704865,-0.12396670132875443,0.9628985524177551,0.9996380805969238,0.47891488671302795,0.23532089591026306,-0.07281196862459183,0.9648443460464478,0.9995842576026917,0.4753628075122833,0.2380867749452591,-0.10666704177856445,0.965645432472229,0.9994602799415588,0.4743971824645996,0.23748958110809326,-0.0916365385055542,0.968502402305603,0.9993264675140381,0.46860525012016296,0.2597188353538513,-0.1558203548192978,0.9935674071311951,0.9995899796485901,0.48963814973831177,0.26879453659057617,-0.06463684141635895,0.9901083707809448,0.9989659786224365,0.4733233153820038,0.2070254385471344,-0.2318301796913147,0.6512147784233093,0.9998511075973511,0.47997525334358215,0.2112828493118286,-0.10468608140945435,0.5764830708503723,0.9997313618659973,0.4642123878002167,0.15682344138622284,-0.27647125720977783,0.5911744832992554,0.9987612962722778,0.4539066255092621,0.1548531949520111,-0.18244074285030365,0.5470842123031616,0.9987266659736633,0.45759040117263794,0.14843757450580597,-0.324304461479187,0.5689308047294617,0.9975445866584778,0.4577244520187378,0.14621177315711975,-0.23777607083320618,0.5338713526725769,0.9978165626525879,0.4592953622341156,0.14798381924629211,-0.33301791548728943,0.5666735172271729,0.9971375465393066,0.4568679928779602,0.14789289236068726,-0.24132803082466125,0.5317975878715515,0.9977243542671204,0.46844080090522766,0.15091273188591003,-0.2855200171470642,0.5663133263587952,0.9979020357131958,0.45122429728507996,0.1507560908794403,-0.19385281205177307,0.5204084515571594,0.9981048107147217,0.4681814908981323,0.39149028062820435,0.001201275154016912,0.9414734244346619,0.9999251365661621,0.44723573327064514,0.38984280824661255,-0.0012029564240947366,0.9501863121986389,0.9999333620071411,0.4435015022754669,0.4706385135650635,0.0422990582883358,0.7778114676475525,0.9995879530906677,0.46575668454170227,0.46605879068374634,0.04928367957472801,0.7281733751296997,0.999576985836029,0.42657577991485596,0.5439594984054565,0.17435741424560547,0.7728591561317444,0.9991636276245117,0.5024816989898682,0.5455299615859985,0.25346389412879944,0.7318217158317566,0.9994339346885681,0.4345579743385315,0.5546669363975525,0.18133465945720673,0.7562536001205444,0.9987733960151672,0.5093840956687927,0.5574429631233215,0.2646493911743164,0.7441567778587341,0.9992464780807495,0.3745559751987457,0.5651900768280029,0.031506869941949844,0.7460862994194031,0.9983181953430176,0.5057714581489563,0.5628529787063599,0.1317271739244461,0.7017432451248169,0.99898761510849
65,2210,True,0.4893460273742676,0.23642632365226746,-0.028786268085241318,0.9606101512908936,0.9998400211334229,0.4892898499965668,0.2348022162914276,-0.0464484728872776,0.9658557176589966,0.9997848868370056,0.48894137144088745,0.23495712876319885,-0.04644355922937393,0.9647982120513916,0.9997914433479309,0.48864009976387024,0.23463182151317596,-0.04654136300086975,0.9643821716308594,0.999785840511322,0.49257054924964905,0.23458504676818848,-0.043273307383060455,0.964570164680481,0.9997673630714417,0.4953579902648926,0.23474618792533875,-0.04343801736831665,0.9667903780937195,0.9997376799583435,0.4972006380558014,0.23440539836883545,-0.043412432074546814,0.964849591255188,0.9997100234031677,0.4878654181957245,0.2391902208328247,-0.09735658764839172,0.9663531184196472,0.9997627139091492,0.4990331530570984,0.23972120881080627,-0.08379457890987396,0.9681405425071716,0.999607503414154,0.4887091815471649,0.2431614100933075,-0.0412217453122139,0.9688842296600342,0.9996932744979858,0.49153438210487366,0.24298134446144104,-0.036920852959156036,0.9714280962944031,0.999625563621521,0.45992511510849,0.25874119997024536,-0.13855308294296265,0.994137167930603,0.9998131394386292,0.5212810635566711,0.26913273334503174,-0.10119601339101791,0.9908937811851501,0.9994220733642578,0.4585157632827759,0.20986390113830566,-0.1787361353635788,0.6827836036682129,0.9998668432235718,0.515559196472168,0.2124936580657959,-0.1293606162071228,0.6037415266036987,0.9996649026870728,0.4529288411140442,0.15694250166416168,-0.23213592171669006,0.6295929551124573,0.9987971782684326,0.4787280261516571,0.15540775656700134,-0.19188423454761505,0.5803049206733704,0.9984996318817139,0.4416080117225647,0.14890700578689575,-0.2784990668296814,0.609451413154602,0.9978780746459961,0.4759812653064728,0.14627566933631897,-0.24361328780651093,0.5668634176254272,0.9975554347038269,0.4530251920223236,0.14796005189418793,-0.2928957939147949,0.6071280837059021,0.9973836541175842,0.4627556800842285,0.1479874551296234,-0.25567537546157837,0.5646023154258728,0.9975161552429199,0.4580391049385071,0.15104596316814423,-0.2435278296470642,0.6066707968711853,0.9980351328849792,0.46024954319000244,0.1508503407239914,-0.20495760440826416,0.5542247295379639,0.9979530572891235,0.4636644124984741,0.39626067876815796,-0.002659579971805215,0.9473190903663635,0.9999428987503052,0.46539273858070374,0.3937872052192688,0.002727682236582041,0.9551517367362976,0.9999314546585083,0.4245447516441345,0.46959319710731506,0.038464661687612534,0.7981356978416443,0.9996533393859863,0.4785812795162201,0.47844940423965454,0.13364173471927643,0.7495559453964233,0.999559223651886,0.3990119993686676,0.5474356412887573,0.1532696783542633,0.7943865656852722,0.9992799162864685,0.5041474103927612,0.5451441407203674,0.3366956412792206,0.7525345683097839,0.9993826150894165,0.4128245413303375,0.5575757622718811,0.1607697755098343,0.7793842554092407,0.9990472197532654,0.4931524097919464,0.5549043416976929,0.3511559069156647,0.7641300559043884,0.9992932081222534,0.36378151178359985,0.5670256614685059,0.025651630014181137,0.7686581611633301,0.9987276196479797,0.5062921047210693,0.5633298754692078,0.2550719380378723,0.7206798791885376,0.99919193983078
66,2244,True,0.4852091372013092,0.24078187346458435,-0.019286539405584335,0.9644504189491272,0.9998562335968018,0.4840471148490906,0.23838500678539276,-0.03621259331703186,0.969110906124115,0.9997908473014832,0.48360762000083923,0.23854656517505646,-0.03617110848426819,0.9681302309036255,0.9997897744178772,0.4816215932369232,0.23801501095294952,-0.03624911978840828,0.9677554965019226,0.9997777342796326,0.48761093616485596,0.23827001452445984,-0.036567721515893936,0.967994749546051,0.9997854828834534,0.48984256386756897,0.23838534951210022,-0.036704499274492264,0.969973623752594,0.9997586607933044,0.4931517243385315,0.23822934925556183,-0.036642562597990036,0.9682098627090454,0.9997335076332092,0.48306557536125183,0.24340911209583282,-0.08632157742977142,0.9694400429725647,0.9997195601463318,0.49742966890335083,0.24413609504699707,-0.08802040666341782,0.9711078405380249,0.9995977282524109,0.48581334948539734,0.24687416851520538,-0.031862568110227585,0.9717503786087036,0.999556839466095,0.4893253445625305,0.24687092006206512,-0.03207257390022278,0.9740310311317444,0.999504566192627,0.4551260769367218,0.2647126317024231,-0.12197195738554001,0.9945780634880066,0.9995954632759094,0.5258846879005432,0.26990383863449097,-0.12160155922174454,0.9915460348129272,0.9992953538894653,0.45330074429512024,0.21109287440776825,-0.15695971250534058,0.7094443440437317,0.9998013377189636,0.522901177406311,0.21379289031028748,-0.15288206934928894,0.6317638158798218,0.9996626377105713,0.43986865878105164,0.15724977850914001,-0.206442728638649,0.6636754274368286,0.9985455274581909,0.4962618947029114,0.15697649121284485,-0.2224063277244568,0.6124139428138733,0.9987552165985107,0.42989057302474976,0.14941206574440002,-0.2513362467288971,0.6457151770591736,0.997638463973999,0.4957970082759857,0.1475822478532791,-0.2749185562133789,0.5990331768989563,0.9979856014251709,0.4432585537433624,0.14886745810508728,-0.2688297629356384,0.6433022022247314,0.997016191482544,0.4738730490207672,0.14855211973190308,-0.2854880392551422,0.5966376066207886,0.9979373216629028,0.4472121298313141,0.15124920010566711,-0.21961140632629395,0.6427175402641296,0.9977136850357056,0.4711650013923645,0.15206149220466614,-0.2344897836446762,0.5871670246124268,0.998331606388092,0.4619579017162323,0.39877772331237793,0.0032310253009200096,0.9525732398033142,0.999893307685852,0.47622841596603394,0.39539602398872375,-0.003041698131710291,0.9596125483512878,0.9999021291732788,0.4240051805973053,0.46314796805381775,0.04059281945228577,0.816300630569458,0.999498724937439,0.47751739621162415,0.4706350862979889,0.12565162777900696,0.7689014077186584,0.9995255470275879,0.4044373333454132,0.542360246181488,0.1856158822774887,0.8134729266166687,0.9994261264801025,0.4629359245300293,0.5430456399917603,0.2887800633907318,0.7707479596138,0.9994576573371887,0.408963680267334,0.5535503029823303,0.1957513839006424,0.8003475666046143,0.9993332028388977,0.4517083466053009,0.5517805814743042,0.30055955052375793,0.7811692357063293,0.9994257688522339,0.36845800280570984,0.5608929991722107,0.07039647549390793,0.78863525390625,0.9991335272789001,0.4611819088459015,0.5592664480209351,0.2059929370880127,0.7373718023300171,0.9993441700935364
67,2278,True,0.48787635564804077,0.24521955847740173,0.08358979970216751,0.9679746627807617,0.9999737739562988,0.4825802743434906,0.2427826225757599,0.060675039887428284,0.9721544981002808,0.9999547004699707,0.4808380603790283,0.24285069108009338,0.06077917292714119,0.9712679982185364,0.999954104423523,0.47759810090065,0.2423408478498459,0.060712624341249466,0.9709202647209167,0.9999504089355469,0.49135640263557434,0.2425241470336914,0.03555087000131607,0.9711653590202332,0.9999557733535767,0.4952598214149475,0.24282649159431458,0.035398852080106735,0.9729469418525696,0.9999514818191528,0.4992782473564148,0.24267220497131348,0.03553019464015961,0.9713480472564697,0.9999470710754395,0.4785725474357605,0.2469404935836792,-0.047844298183918,0.9724400043487549,0.9999439716339111,0.5038745999336243,0.24797257781028748,-0.05921537056565285,0.9739593863487244,0.999932050704956,0.4860827624797821,0.2510277330875397,0.05738895386457443,0.9745169281959534,0.9999321699142456,0.4948914349079132,0.2515760362148285,0.014793550595641136,0.9765691757202148,0.999935507774353,0.45011940598487854,0.26724952459335327,-0.052041955292224884,0.9950622916221619,0.9999053478240967,0.5333045721054077,0.2682223916053772,-0.13726364076137543,0.9923397302627563,0.9998834133148193,0.4427086412906647,0.21277324855327606,-0.02036747895181179,0.7335147857666016,0.9998888969421387,0.5333459377288818,0.21669848263263702,-0.18140563368797302,0.665275514125824,0.9997633099555969,0.4316385090351105,0.1589338481426239,-0.09972156584262848,0.6951298713684082,0.9986860156059265,0.5148658156394958,0.15964016318321228,-0.22609183192253113,0.6472158432006836,0.9986145496368408,0.425551176071167,0.15042054653167725,-0.12894076108932495,0.6792919635772705,0.9978259205818176,0.5116845369338989,0.14948099851608276,-0.27542728185653687,0.6340376138687134,0.9976785778999329,0.4379705786705017,0.15013274550437927,-0.2458924651145935,0.6769566535949707,0.9973452687263489,0.49307534098625183,0.1500794142484665,-0.2799033224582672,0.6316143870353699,0.9977602958679199,0.4408576190471649,0.1521550714969635,-0.14619043469429016,0.6762399673461914,0.9979687333106995,0.48984450101852417,0.1543378084897995,-0.23358570039272308,0.6225301027297974,0.9982296824455261,0.46093276143074036,0.39738401770591736,0.04291969910264015,0.9573072791099548,0.999936580657959,0.4913596212863922,0.3956180512905121,-0.04261040315032005,0.9636392593383789,0.9999359846115112,0.420918732881546,0.45865941047668457,0.11185364425182343,0.833143413066864,0.9997182488441467,0.48529163002967834,0.4579215943813324,0.031765613704919815,0.7902529835700989,0.9997045397758484,0.4113917052745819,0.5372259616851807,0.23685666918754578,0.8309707045555115,0.9996060729026794,0.4707101583480835,0.5386750102043152,0.1547941267490387,0.7911509871482849,0.9995381832122803,0.41424641013145447,0.5487507581710815,0.24587741494178772,0.8196300864219666,0.9995406866073608,0.46040526032447815,0.5492344498634338,0.1632939726114273,0.800099790096283,0.9994901418685913,0.3778110146522522,0.5554410219192505,0.16159559786319733,0.8068882822990417,0.9992581009864807,0.4765640199184418,0.557726263999939,0.0852399691939354,0.7574063539505005,0.9992881417274475
68,2312,True,0.48780182003974915,0.24558362364768982,-0.18894053995609283,0.971054196357727,0.9996751546859741,0.4849764406681061,0.24437113106250763,-0.18907326459884644,0.9747372269630432,0.9995427131652832,0.4846870005130768,0.2445872575044632,-0.18902842700481415,0.9738824367523193,0.9995138645172119,0.48415547609329224,0.2443646490573883,-0.1890614628791809,0.9736083149909973,0.9994537234306335,0.4884254038333893,0.244044691324234,-0.18606877326965332,0.9738953709602356,0.9995762705802917,0.4904087781906128,0.24414972960948944,-0.18623386323451996,0.9754564762115479,0.9995520710945129,0.49260833859443665,0.24386635422706604,-0.18621347844600677,0.9740433096885681,0.9995235204696655,0.48728352785110474,0.2479795217514038,-0.1617591828107834,0.9747307896614075,0.9991872906684875,0.4964904487133026,0.24798867106437683,-0.1412700116634369,0.9762440323829651,0.9992550015449524,0.4886796176433563,0.251442015171051,-0.1742882877588272,0.9765253067016602,0.9984799027442932,0.49198853969573975,0.2512699365615845,-0.16986383497714996,0.9783986210823059,0.9984346032142639,0.4760410189628601,0.26833420991897583,-0.17566458880901337,0.9953387379646301,0.9986567497253418,0.4981987476348877,0.2670455873012543,-0.13535934686660767,0.9926819205284119,0.9986838698387146,0.491282194852829,0.209457665681839,-0.2593570351600647,0.7562896609306335,0.9996343851089478,0.4929421842098236,0.21414658427238464,-0.20057332515716553,0.6903486847877502,0.9995961785316467,0.485953688621521,0.15961363911628723,-0.32592132687568665,0.7212432026863098,0.9958884119987488,0.45720893144607544,0.15966106951236725,-0.30745524168014526,0.6751456260681152,0.9972937703132629,0.46408811211586,0.1508476585149765,-0.37731602787971497,0.7052146792411804,0.9936026930809021,0.4551379680633545,0.14954321086406708,-0.36531150341033936,0.6600900888442993,0.9958463311195374,0.46434924006462097,0.15054824948310852,-0.3885679841041565,0.7024388909339905,0.9924528002738953,0.46085095405578613,0.15010350942611694,-0.36794695258140564,0.6575527191162109,0.9955714344978333,0.4776664674282074,0.15266422927379608,-0.33854106068611145,0.7017368078231812,0.9936730861663818,0.4623872935771942,0.1541372686624527,-0.3186854124069214,0.6489039659500122,0.9961430430412292,0.466913104057312,0.3942454755306244,0.013111444190144539,0.9615302681922913,0.9995885491371155,0.4884693920612335,0.39097416400909424,-0.012946762144565582,0.9672201871871948,0.9997307658195496,0.4331355094909668,0.458575576543808,0.011770781129598618,0.8449738621711731,0.9992243051528931,0.4640790820121765,0.45845168828964233,0.04180063679814339,0.8031597137451172,0.9995126724243164,0.4123421907424927,0.5347791910171509,0.19179946184158325,0.8438544869422913,0.9993941783905029,0.45493578910827637,0.5326881408691406,0.18466614186763763,0.8042140007019043,0.9995020627975464,0.4183719754219055,0.5459751486778259,0.20319154858589172,0.8337048292160034,0.9992952346801758,0.449386864900589,0.542728066444397,0.19504471123218536,0.8098634481430054,0.9994219541549683,0.3858528137207031,0.5525373220443726,0.08833809196949005,0.8205032348632812,0.9989970326423645,0.4355919361114502,0.5482510328292847,0.08747487515211105,0.7715189456939697,0.9991637468338013
69,2346,True,0.49058806896209717,0.24257619678974152,-0.3239469528198242,0.9739099144935608,0.9998799562454224,0.49094751477241516,0.24033936858177185,-0.2997823655605316,0.9772002696990967,0.9998437166213989,0.4946901202201843,0.24082791805267334,-0.29981446266174316,0.9763981699943542,0.999826967716217,0.4970124065876007,0.24075496196746826,-0.2998303472995758,0.9761685729026794,0.9997956156730652,0.48778393864631653,0.23979485034942627,-0.304017037153244,0.976457953453064,0.9998557567596436,0.4877922832965851,0.23979754745960236,-0.3041934669017792,0.9778388142585754,0.9998495578765869,0.48765289783477783,0.2392866611480713,-0.30423828959465027,0.9765841364860535,0.999832272529602,0.5024862885475159,0.24602064490318298,-0.1774291694164276,0.9770694971084595,0.9997261166572571,0.4911458194255829,0.24479985237121582,-0.18971574306488037,0.9785169959068298,0.9997580647468567,0.49663400650024414,0.24925824999809265,-0.27672094106674194,0.9786797165870667,0.9994189739227295,0.4918357729911804,0.24853989481925964,-0.28077584505081177,0.9803857803344727,0.9993891716003418,0.5186675190925598,0.2705104947090149,-0.15159088373184204,0.9957272410392761,0.9991175532341003,0.46619322896003723,0.2652568817138672,-0.17986032366752625,0.9933120012283325,0.9992662072181702,0.5304988026618958,0.21447968482971191,-0.23215916752815247,0.7776505351066589,0.9997161030769348,0.429328590631485,0.2153119146823883,-0.2856259346008301,0.7204804420471191,0.9998006224632263,0.5125829577445984,0.1597653031349182,-0.30803796648979187,0.7442783117294312,0.9972363114356995,0.4276380240917206,0.15978774428367615,-0.38516005873680115,0.7062203288078308,0.9984747767448425,0.5115288496017456,0.15107232332229614,-0.36544641852378845,0.7239848971366882,0.9948329925537109,0.4258376359939575,0.14988957345485687,-0.44615575671195984,0.6903029084205627,0.9971145391464233,0.49676787853240967,0.1507713347673416,-0.36491334438323975,0.7204359173774719,0.9946672916412354,0.43240249156951904,0.1501232087612152,-0.4342908561229706,0.6877386569976807,0.9971791505813599,0.4962771236896515,0.15281423926353455,-0.3181355893611908,0.7201524972915649,0.9956563711166382,0.4375772774219513,0.1541278064250946,-0.38921526074409485,0.6794943809509277,0.9975513815879822,0.4845401346683502,0.39141902327537537,0.009482016786932945,0.9653590321540833,0.9997212290763855,0.4694497287273407,0.38766008615493774,-0.009367088787257671,0.9704808592796326,0.9998598098754883,0.4711703062057495,0.45629510283470154,-0.02219262346625328,0.8519042134284973,0.9993347525596619,0.4384385049343109,0.45444026589393616,0.0741434395313263,0.8181668519973755,0.9996166229248047,0.44900962710380554,0.5295271873474121,0.25450021028518677,0.8510728478431702,0.9990680813789368,0.4406158924102783,0.5261850953102112,0.37497639656066895,0.8181934952735901,0.9992192983627319,0.440278023481369,0.5405298471450806,0.2767495810985565,0.831068217754364,0.9987347722053528,0.4365108013153076,0.5338626503944397,0.39522993564605713,0.8157041668891907,0.9989888072013855,0.45180293917655945,0.5478190779685974,0.1136171892285347,0.828978419303894,0.9980438947677612,0.41583842039108276,0.5405048131942749,0.22622300684452057,0.7873245477676392,0.998230516910553
70,2380,True,0.4900873005390167,0.24203553795814514,-0.3723689317703247,0.9765022397041321,0.9999269247055054,0.49324846267700195,0.23885349929332733,-0.3471181392669678,0.9794531464576721,0.9998979568481445,0.49921920895576477,0.2395060807466507,-0.3471948504447937,0.9787182807922363,0.9998863935470581,0.5031015276908875,0.23949435353279114,-0.34721407294273376,0.9785159826278687,0.9998637437820435,0.4854847490787506,0.23824350535869598,-0.35013651847839355,0.9787916541099548,0.9999086856842041,0.4846159517765045,0.23807057738304138,-0.3503168821334839,0.9800244569778442,0.999906063079834,0.4858297109603882,0.23776571452617645,-0.3503626883029938,0.9789013266563416,0.9998952150344849,0.508632242679596,0.24326841533184052,-0.20962905883789062,0.9792954325675964,0.999841570854187,0.48917821049690247,0.2437283992767334,-0.2177710384130478,0.9806300401687622,0.9998747110366821,0.498653382062912,0.2481142282485962,-0.32005786895751953,0.9807465672492981,0.9997596144676208,0.488985151052475,0.2472587525844574,-0.3224063813686371,0.9822909832000732,0.9997645020484924,0.5334305763244629,0.26985326409339905,-0.17795448005199432,0.9961256980895996,0.9996101260185242,0.45144122838974,0.26396337151527405,-0.20224130153656006,0.9939432144165039,0.9997095465660095,0.5399256944656372,0.21586556732654572,-0.2689318358898163,0.7980656623840332,0.9997815489768982,0.4194480776786804,0.21553370356559753,-0.31786787509918213,0.7479483485221863,0.9998486042022705,0.5212222337722778,0.15992040932178497,-0.32731956243515015,0.7662106156349182,0.9969620108604431,0.42155027389526367,0.15992414951324463,-0.41726115345954895,0.7347016930580139,0.9985001087188721,0.5201945304870605,0.15137328207492828,-0.38230836391448975,0.7422835826873779,0.9939312934875488,0.42178261280059814,0.1498875916004181,-0.47868219017982483,0.7184957265853882,0.9968684315681458,0.5059773325920105,0.1509113609790802,-0.37904074788093567,0.7381281852722168,0.9937803149223328,0.4283289909362793,0.14990834891796112,-0.4643135368824005,0.7159510254859924,0.996951699256897,0.5094122290611267,0.15296992659568787,-0.33552539348602295,0.7383211851119995,0.9949429631233215,0.4307875335216522,0.15361575782299042,-0.42051154375076294,0.7081818580627441,0.9973666071891785,0.49659886956214905,0.3878668248653412,0.004861757624894381,0.9688126444816589,0.9998468160629272,0.4532015025615692,0.38479912281036377,-0.004820326343178749,0.9734236598014832,0.9999209642410278,0.48630329966545105,0.4544001519680023,-0.02310849353671074,0.8616616129875183,0.9994866847991943,0.4256300926208496,0.4480891823768616,0.030302757397294044,0.8333796262741089,0.9997096657752991,0.4672841429710388,0.528856098651886,0.29441821575164795,0.8587977886199951,0.9988947510719299,0.4328770637512207,0.5173184275627136,0.32974973320961,0.8317850232124329,0.99928218126297,0.4580439329147339,0.5356684327125549,0.32102134823799133,0.8280795812606812,0.9984344840049744,0.4326358437538147,0.5257054567337036,0.3510196805000305,0.8229656219482422,0.9990088939666748,0.46149274706840515,0.5461324453353882,0.1621074676513672,0.8370959162712097,0.9972530007362366,0.4030991494655609,0.5367129445075989,0.1926838606595993,0.8026086688041687,0.9978110194206238
71,2414,True,0.4883732795715332,0.24766287207603455,-0.45767533779144287,0.9788249135017395,0.9998785257339478,0.4919167459011078,0.24404017627239227,-0.4355556070804596,0.9814589023590088,0.9998288154602051,0.49777331948280334,0.24437347054481506,-0.43565258383750916,0.9807761907577515,0.999811589717865,0.5020051598548889,0.24427664279937744,-0.43566566705703735,0.9806059002876282,0.9997757077217102,0.4834851622581482,0.24380901455879211,-0.43733665347099304,0.9808760285377502,0.9998428821563721,0.48283153772354126,0.24377098679542542,-0.4375552833080292,0.9819693565368652,0.9998375177383423,0.4849347770214081,0.2434093952178955,-0.43759045004844666,0.9809707403182983,0.9998189806938171,0.5071841478347778,0.24742862582206726,-0.29740944504737854,0.9812465906143188,0.999721109867096,0.4847763478755951,0.24805848300457,-0.3005153238773346,0.9825040698051453,0.999765932559967,0.49690550565719604,0.25244078040122986,-0.4038165211677551,0.9825710654258728,0.999565064907074,0.4866315722465515,0.2521500289440155,-0.40462303161621094,0.9839692115783691,0.9995508790016174,0.5312202572822571,0.2730734944343567,-0.25876137614250183,0.996475875377655,0.9994524121284485,0.4477058947086334,0.2662948966026306,-0.2627624571323395,0.9945042729377747,0.9995406866073608,0.54118412733078,0.21571794152259827,-0.3751448690891266,0.8169021010398865,0.9998002648353577,0.41886019706726074,0.2149721086025238,-0.4142279028892517,0.772563636302948,0.9998652935028076,0.5215363502502441,0.16052228212356567,-0.4692173898220062,0.7865449786186218,0.9975456595420837,0.4250352680683136,0.159907728433609,-0.5654071569442749,0.7601833343505859,0.9989287257194519,0.520077109336853,0.15190058946609497,-0.5331669449806213,0.7602015137672424,0.9951512813568115,0.42451444268226624,0.14990286529064178,-0.6384605169296265,0.7435253858566284,0.9977515339851379,0.511448860168457,0.15141813457012177,-0.5313093662261963,0.7556571364402771,0.9949370622634888,0.43048861622810364,0.14966769516468048,-0.6215857863426208,0.7409802675247192,0.9977911710739136,0.5099443793296814,0.15419164299964905,-0.47911280393600464,0.7558225393295288,0.9959533214569092,0.4324934780597687,0.1534678190946579,-0.5698661208152771,0.7335426807403564,0.9981234669685364,0.4957095980644226,0.3858056664466858,-0.003931105602532625,0.9719135761260986,0.9997175335884094,0.4509194791316986,0.38269296288490295,0.0038990031462162733,0.9760653972625732,0.999845027923584,0.4815848469734192,0.4521702229976654,-0.07023525983095169,0.8685272336006165,0.9994027614593506,0.4251599609851837,0.44434231519699097,0.02174508012831211,0.8446871638298035,0.9996039271354675,0.46960753202438354,0.5214994549751282,0.24528081715106964,0.8627358078956604,0.9989132881164551,0.4386363625526428,0.5111924409866333,0.34579727053642273,0.839989185333252,0.9992947578430176,0.4634069800376892,0.5261019468307495,0.26879605650901794,0.8211613297462463,0.9984846711158752,0.43840548396110535,0.5189204216003418,0.3710901439189911,0.8255823254585266,0.9990859031677246,0.45237261056900024,0.5438399314880371,0.115547776222229,0.8417849540710449,0.9975912570953369,0.4161874055862427,0.5309900045394897,0.2140934020280838,0.8125230669975281,0.9983646273612976
72,2448,True,0.4863271415233612,0.24188232421875,-0.41536247730255127,0.980898916721344,0.9998199343681335,0.4888556897640228,0.23864595592021942,-0.39741402864456177,0.983241081237793,0.9997650980949402,0.49346092343330383,0.2388995885848999,-0.3975028693675995,0.982594907283783,0.9997428059577942,0.49675196409225464,0.23876507580280304,-0.3975234031677246,0.982463002204895,0.9996989965438843,0.4825543165206909,0.23835542798042297,-0.395245224237442,0.9827269911766052,0.9997770190238953,0.48039132356643677,0.23835110664367676,-0.3954342007637024,0.9836809635162354,0.9997664093971252,0.48011428117752075,0.23805633187294006,-0.39546263217926025,0.9828056693077087,0.9997418522834778,0.5021582245826721,0.24233612418174744,-0.2773849368095398,0.9829429388046265,0.9996272325515747,0.4781651496887207,0.24329468607902527,-0.2628447115421295,0.9841369986534119,0.9996665716171265,0.4931715130805969,0.2469818890094757,-0.36787453293800354,0.9841358661651611,0.9993345141410828,0.48500922322273254,0.24703815579414368,-0.3634534478187561,0.9853987693786621,0.9992893934249878,0.5287354588508606,0.2680755853652954,-0.2464907467365265,0.9967756867408752,0.99924635887146,0.4437761902809143,0.26365166902542114,-0.22217784821987152,0.9949742555618286,0.9992697834968567,0.5405164361000061,0.21440322697162628,-0.3504779040813446,0.8338673710823059,0.9997462630271912,0.4153776466846466,0.21482551097869873,-0.3289552628993988,0.7942935228347778,0.9997946619987488,0.51905757188797,0.16046467423439026,-0.42584943771362305,0.8047219514846802,0.997227132320404,0.42423731088638306,0.15895473957061768,-0.4478132128715515,0.7825750708580017,0.9982117414474487,0.518297553062439,0.15187481045722961,-0.48699086904525757,0.7759869694709778,0.9944818019866943,0.4248589873313904,0.1491178572177887,-0.5131367444992065,0.764796257019043,0.9964280724525452,0.5051880478858948,0.15133818984031677,-0.4834659993648529,0.7710435390472412,0.9943522214889526,0.4307537078857422,0.1482040286064148,-0.500054657459259,0.7621776461601257,0.9965692758560181,0.5082592964172363,0.15395882725715637,-0.43385443091392517,0.77113938331604,0.9955030083656311,0.43202632665634155,0.1523052155971527,-0.45268714427948,0.7550062537193298,0.9970285296440125,0.49586719274520874,0.38471299409866333,-0.011999663896858692,0.9746891856193542,0.9996432065963745,0.4500299096107483,0.3803677260875702,0.011905496940016747,0.9784328937530518,0.9998137354850769,0.48329752683639526,0.45191922783851624,-0.04092695191502571,0.871925950050354,0.9991870522499084,0.4283754527568817,0.4418315291404724,0.03454972058534622,0.8537735342979431,0.9994682669639587,0.4715708792209625,0.5134866833686829,0.26563557982444763,0.8648620843887329,0.9986121654510498,0.443636417388916,0.508546769618988,0.3220929801464081,0.8481011390686035,0.9990849494934082,0.468479186296463,0.5196757316589355,0.2883637845516205,0.8128455877304077,0.9980960488319397,0.44655558466911316,0.5174349546432495,0.3420325517654419,0.8282024264335632,0.9988017082214355,0.44894301891326904,0.5403317213058472,0.12521138787269592,0.8441970944404602,0.9970045685768127,0.41890624165534973,0.5315807461738586,0.1995774358510971,0.8217286467552185,0.9977269768714905
73,2482,True,0.4839513897895813,0.2419472485780716,-0.4569597542285919,0.9827782511711121,0.9998582601547241,0.4885995090007782,0.23890642821788788,-0.4373777508735657,0.9848589301109314,0.999784529209137,0.4919251799583435,0.2389431744813919,-0.4374639391899109,0.9842528104782104,0.9997585415840149,0.49383968114852905,0.23878248035907745,-0.43745943903923035,0.9841513633728027,0.9997089505195618,0.4770897328853607,0.23879607021808624,-0.4353921115398407,0.9844071865081787,0.9998030066490173,0.474111944437027,0.23881125450134277,-0.4355849027633667,0.9852441549301147,0.9997946619987488,0.47226792573928833,0.23855511844158173,-0.43560460209846497,0.9844750761985779,0.9997709393501282,0.49886834621429443,0.24212023615837097,-0.31003135442733765,0.9844862222671509,0.9995896220207214,0.470811665058136,0.24284350872039795,-0.2952575385570526,0.9856271147727966,0.9996765851974487,0.49197179079055786,0.2465350180864334,-0.406949520111084,0.9855567812919617,0.9992426633834839,0.48070254921913147,0.24710550904273987,-0.4026116132736206,0.9867034554481506,0.9992332458496094,0.5262035131454468,0.2674303948879242,-0.2719079256057739,0.9970265626907349,0.9987831711769104,0.44004884362220764,0.2643636465072632,-0.2501266896724701,0.9953805804252625,0.9990049004554749,0.5380162000656128,0.21382799744606018,-0.39006054401397705,0.849339485168457,0.9997571110725403,0.4123804271221161,0.21392115950584412,-0.3706362843513489,0.8139691352844238,0.9997949004173279,0.5173627138137817,0.16005487740039825,-0.48458391427993774,0.8214437961578369,0.9972119927406311,0.4204358756542206,0.15937206149101257,-0.5095510482788086,0.8028210997581482,0.998577356338501,0.5122188925743103,0.15148943662643433,-0.5491255521774292,0.7908450365066528,0.9944615364074707,0.42106786370277405,0.14998750388622284,-0.5787639617919922,0.7841657400131226,0.9972495436668396,0.5038758516311646,0.15118558704853058,-0.5468721389770508,0.7855779528617859,0.9944031238555908,0.42910587787628174,0.14915603399276733,-0.5666611790657043,0.7815091013908386,0.9973222613334656,0.5045634508132935,0.15387479960918427,-0.4937390685081482,0.7854731678962708,0.9955396056175232,0.43076786398887634,0.1527486890554428,-0.515195906162262,0.7744451761245728,0.9976824522018433,0.49354034662246704,0.3841713070869446,-0.012356799095869064,0.9771818518638611,0.9995526671409607,0.4485473334789276,0.3797664940357208,0.012274755164980888,0.9805606007575989,0.9997686743736267,0.48141029477119446,0.4469100832939148,-0.04533316195011139,0.8749754428863525,0.9992390871047974,0.42978328466415405,0.44022172689437866,-0.01145248394459486,0.8631031513214111,0.9995582699775696,0.4721466898918152,0.509456992149353,0.24217063188552856,0.8677077889442444,0.9989759922027588,0.4476018249988556,0.5066098570823669,0.25317108631134033,0.8569397926330566,0.999301552772522,0.46746623516082764,0.5174343585968018,0.26197561621665955,0.8077712059020996,0.9986053109169006,0.4474782347679138,0.5160176157951355,0.2708378732204437,0.8317110538482666,0.999055802822113,0.4485352337360382,0.5369888544082642,0.11355705559253693,0.8478818535804749,0.9977073669433594,0.4240001142024994,0.5312178134918213,0.08968453109264374,0.831859290599823,0.9981516003608704
74,2516,True,0.48343557119369507,0.24086220562458038,-0.44738486409187317,0.9844768047332764,0.9998821020126343,0.48717930912971497,0.2384912669658661,-0.4257553517818451,0.9863284826278687,0.9998165965080261,0.4900883436203003,0.23854978382587433,-0.42584747076034546,0.9857620596885681,0.999794065952301,0.49230220913887024,0.23841269314289093,-0.4258483052253723,0.9856836199760437,0.9997506737709045,0.4758473336696625,0.23835019767284393,-0.42697542905807495,0.9859320521354675,0.9998339414596558,0.4723687171936035,0.23834335803985596,-0.4271560311317444,0.9866692423820496,0.9998272061347961,0.4693792164325714,0.23808884620666504,-0.4271749258041382,0.9859899282455444,0.9998040795326233,0.4970441162586212,0.24170443415641785,-0.29380130767822266,0.9859156608581543,0.9996612071990967,0.46690672636032104,0.24186401069164276,-0.2936398684978485,0.9869963526725769,0.9997307658195496,0.4904499053955078,0.24595554172992706,-0.39582711458206177,0.9868803024291992,0.9994114637374878,0.47846904397010803,0.2460288554430008,-0.3958064615726471,0.9879313111305237,0.9994240999221802,0.5247345566749573,0.26644402742385864,-0.2519802153110504,0.9972606301307678,0.9988478422164917,0.4366091787815094,0.2635357081890106,-0.2580864429473877,0.9957594871520996,0.9990615248680115,0.5378836989402771,0.21311967074871063,-0.36265644431114197,0.8632385730743408,0.9997403025627136,0.41062986850738525,0.21340572834014893,-0.3839115500450134,0.8319070935249329,0.9997796416282654,0.5196383595466614,0.15986284613609314,-0.45343711972236633,0.8365415334701538,0.9970055222511292,0.42063114047050476,0.15950703620910645,-0.5047992467880249,0.8212588429450989,0.998563826084137,0.5164207220077515,0.15139731764793396,-0.5134357213973999,0.8041681051254272,0.9940266609191895,0.4215936064720154,0.14998522400856018,-0.5696476101875305,0.801911473274231,0.997212827205658,0.5096669793128967,0.15098866820335388,-0.5114855170249939,0.7986289262771606,0.9939199686050415,0.42955589294433594,0.149175226688385,-0.5571706295013428,0.799217700958252,0.9972566962242126,0.5086132287979126,0.1535395383834839,-0.4625959098339081,0.7984376549720764,0.9951946139335632,0.4310618042945862,0.1528073400259018,-0.5094723105430603,0.7922456860542297,0.9976598024368286,0.49463802576065063,0.37957751750946045,-0.010116404853761196,0.9794274568557739,0.9995827078819275,0.44689124822616577,0.3778621554374695,0.010051480494439602,0.9824788570404053,0.9997784495353699,0.4842986762523651,0.43679219484329224,-0.04253505542874336,0.8779851794242859,0.999134361743927,0.4307863414287567,0.4357273578643799,-0.05516977980732918,0.8725161552429199,0.9995194673538208,0.4749813973903656,0.4963753819465637,0.25197282433509827,0.8688099384307861,0.9987151622772217,0.4478170573711395,0.5014508962631226,0.19644536077976227,0.8655571341514587,0.9991245865821838,0.4709642231464386,0.5031641125679016,0.2753320038318634,0.8022165894508362,0.9982848763465881,0.44938597083091736,0.5108667612075806,0.21327155828475952,0.8349193930625916,0.9987885355949402,0.4611203968524933,0.5224497318267822,0.119446761906147,0.8501918315887451,0.9972891807556152,0.4278509318828583,0.5279113054275513,0.03282862901687622,0.8416784405708313,0.9975919723510742
75,2550,True,0.48163527250289917,0.24111270904541016,-0.4908185601234436,0.9860097765922546,0.9999136924743652,0.48653942346572876,0.2384280413389206,-0.4676148593425751,0.9876561760902405,0.9998561143875122,0.4890708923339844,0.23849371075630188,-0.4677041471004486,0.9871266484260559,0.9998379945755005,0.49127060174942017,0.23842409253120422,-0.4676853120326996,0.9870704412460327,0.999800980091095,0.47367003560066223,0.23823221027851105,-0.47060924768447876,0.9873098134994507,0.9998689889907837,0.46987834572792053,0.2382306158542633,-0.4707944691181183,0.9879601001739502,0.9998633861541748,0.46626806259155273,0.2380450963973999,-0.47079998254776,0.9873607158660889,0.9998431205749512,0.4958515167236328,0.24159713089466095,-0.3244926333427429,0.9872103929519653,0.9997093081474304,0.46316275000572205,0.24152645468711853,-0.33333438634872437,0.9882394075393677,0.9997668862342834,0.4900716543197632,0.24602265655994415,-0.4351213574409485,0.9880827069282532,0.9994208812713623,0.4753594696521759,0.2457858771085739,-0.43759509921073914,0.9890430569648743,0.999437153339386,0.5227918028831482,0.26543259620666504,-0.27357375621795654,0.9974596500396729,0.9986849427223206,0.4334685504436493,0.26289549469947815,-0.29191672801971436,0.9960918426513672,0.9988644123077393,0.5389965772628784,0.2127337008714676,-0.39215368032455444,0.8759382963180542,0.9997758269309998,0.4091823697090149,0.21324114501476288,-0.43543437123298645,0.8481115102767944,0.99979168176651,0.5208788514137268,0.1595829725265503,-0.5027660131454468,0.8504913449287415,0.9977032542228699,0.42040595412254333,0.15953676402568817,-0.5634447932243347,0.8377474546432495,0.998806357383728,0.5205336809158325,0.15079034864902496,-0.5657337307929993,0.8170244097709656,0.9954171180725098,0.4215574860572815,0.1499752700328827,-0.6301559209823608,0.8174334764480591,0.9976871013641357,0.5114055871963501,0.15027716755867004,-0.5639198422431946,0.8113570809364319,0.9952817559242249,0.42972636222839355,0.14918872714042664,-0.6165078282356262,0.8146640658378601,0.9977152347564697,0.5096708536148071,0.1531761735677719,-0.5128873586654663,0.8109784126281738,0.9963061809539795,0.43118736147880554,0.1528225839138031,-0.5681268572807312,0.8077139854431152,0.9980766773223877,0.4966326355934143,0.37279051542282104,-0.006245446857064962,0.9814438819885254,0.9995347261428833,0.4449518024921417,0.37333744764328003,0.006182616110891104,0.984201192855835,0.9997362494468689,0.4892369508743286,0.42863965034484863,-0.08659160137176514,0.8813478946685791,0.9991826415061951,0.4306352734565735,0.4264915883541107,-0.0866711214184761,0.8809134364128113,0.9995372295379639,0.47971001267433167,0.48575425148010254,0.21663782000541687,0.8693121671676636,0.9990605711936951,0.448747843503952,0.49140995740890503,0.17566163837909698,0.8721721768379211,0.9992610812187195,0.4767457842826843,0.4895469546318054,0.24377229809761047,0.796822190284729,0.9987584352493286,0.45063236355781555,0.4982268810272217,0.19414180517196655,0.8356156945228577,0.999022364616394,0.46773386001586914,0.513131856918335,0.08363308757543564,0.8521844744682312,0.9979537725448608,0.43168777227401733,0.524774968624115,0.022628892213106155,0.8492183685302734,0.998129665851593
76,2584,True,0.4809730052947998,0.2405276745557785,-0.4801090657711029,0.9873806834220886,0.9998688697814941,0.4862029552459717,0.23769605159759521,-0.46002280712127686,0.9888322949409485,0.9997860789299011,0.48853737115859985,0.23771874606609344,-0.4601210355758667,0.9883269667625427,0.9997599720954895,0.4908148944377899,0.2376062124967575,-0.46012064814567566,0.9882965683937073,0.9997106194496155,0.4733659625053406,0.23759618401527405,-0.46242043375968933,0.9885351061820984,0.9998075366020203,0.46975177526474,0.23759803175926208,-0.46260902285575867,0.9891001582145691,0.9998002648353577,0.46634986996650696,0.23743033409118652,-0.46261855959892273,0.9885785579681396,0.9997748732566833,0.4946853518486023,0.2408338487148285,-0.3271544873714447,0.988326907157898,0.9995934367179871,0.46334007382392883,0.2409202754497528,-0.33378446102142334,0.9893301129341125,0.999690055847168,0.4892066419124603,0.24528226256370544,-0.4276226758956909,0.9891307950019836,0.9992954730987549,0.4748372435569763,0.24506354331970215,-0.42941853404045105,0.9900152683258057,0.999326229095459,0.5207245945930481,0.26482635736465454,-0.2778913378715515,0.9976276159286499,0.9985809326171875,0.43348050117492676,0.2625966966152191,-0.29075130820274353,0.9963948726654053,0.9988240599632263,0.5384995937347412,0.20925474166870117,-0.39479056000709534,0.8873258233070374,0.9997735619544983,0.41000819206237793,0.21284279227256775,-0.4409755766391754,0.8625887632369995,0.9997739195823669,0.5201331377029419,0.15851613879203796,-0.5019298791885376,0.8631821870803833,0.9978870749473572,0.4201633930206299,0.15954318642616272,-0.5975609421730042,0.8527063727378845,0.9990130662918091,0.5211238265037537,0.1504816710948944,-0.5659131407737732,0.8290426731109619,0.9957693815231323,0.42263785004615784,0.14998596906661987,-0.6705014705657959,0.8319740295410156,0.998150646686554,0.5094296336174011,0.1499524861574173,-0.5650022625923157,0.823296070098877,0.9956769347190857,0.4301132261753082,0.14922572672367096,-0.6569889187812805,0.8291942477226257,0.9981843829154968,0.5102309584617615,0.1529451459646225,-0.5120389461517334,0.822656512260437,0.9966291785240173,0.43149900436401367,0.1527535617351532,-0.6030130982398987,0.8221962451934814,0.9984526634216309,0.494873583316803,0.36845847964286804,-0.004828414414077997,0.9832499623298645,0.9994397759437561,0.44628122448921204,0.36925411224365234,0.004765591584146023,0.9857467412948608,0.9996770620346069,0.4871189594268799,0.42827898263931274,-0.07163925468921661,0.8818239569664001,0.9991664886474609,0.43307939171791077,0.4236762523651123,-0.05205443874001503,0.8867690563201904,0.9994713664054871,0.4770209491252899,0.4882064759731293,0.2537008225917816,0.8686175346374512,0.9988704323768616,0.4501878619194031,0.49058979749679565,0.20521767437458038,0.8772871494293213,0.9992122650146484,0.4743894338607788,0.49455079436302185,0.2779218852519989,0.7905654311180115,0.9984558820724487,0.45192649960517883,0.4993768334388733,0.2227848470211029,0.8357062935829163,0.9989302754402161,0.46801555156707764,0.511947512626648,0.11910534650087357,0.8529962301254272,0.9976539015769958,0.4333833158016205,0.5176745057106018,0.056161049753427505,0.8554232716560364,0.9980762004852295
77,2618,True,0.4766698479652405,0.23746109008789062,-0.41293463110923767,0.9885484576225281,0.999708354473114,0.4773871898651123,0.2348017394542694,-0.404773086309433,0.9897297620773315,0.9995326995849609,0.47694751620292664,0.23490095138549805,-0.4048975706100464,0.9892392754554749,0.9995054006576538,0.476616233587265,0.2348768711090088,-0.4049658477306366,0.9892283082008362,0.9994485974311829,0.4730168581008911,0.2354961335659027,-0.4084846079349518,0.9895045161247253,0.9995540976524353,0.4699612855911255,0.2356218546628952,-0.4086700975894928,0.9900012612342834,0.999526858329773,0.46803152561187744,0.2356322556734085,-0.4086557626724243,0.989539384841919,0.9994833469390869,0.47712627053260803,0.24020211398601532,-0.3580847978591919,0.9890543818473816,0.9992351531982422,0.46640437841415405,0.24032247066497803,-0.37680917978286743,0.9900565147399902,0.9992142915725708,0.4788011312484741,0.24264855682849884,-0.3778519630432129,0.989772617816925,0.9985236525535583,0.4743767976760864,0.24225428700447083,-0.38166308403015137,0.9906115531921387,0.9985113739967346,0.48049506545066833,0.25685885548591614,-0.31753697991371155,0.9976863861083984,0.9982835054397583,0.4704075753688812,0.2612549960613251,-0.3521397113800049,0.996548056602478,0.9984738230705261,0.49421247839927673,0.20237989723682404,-0.39311662316322327,0.8943186402320862,0.9997808337211609,0.4699138104915619,0.21322986483573914,-0.44944602251052856,0.8705241084098816,0.9997307658195496,0.5030712485313416,0.15810289978981018,-0.5159952640533447,0.8736816048622131,0.9986364245414734,0.4497135281562805,0.15904341638088226,-0.6227652430534363,0.8637435436248779,0.9991825222969055,0.4976544976234436,0.14768871665000916,-0.5885400772094727,0.84154212474823,0.9976014494895935,0.4439109265804291,0.14999035000801086,-0.6999061703681946,0.8437142968177795,0.9986203908920288,0.4953310191631317,0.14989419281482697,-0.5989855527877808,0.8360530734062195,0.9974373579025269,0.45123955607414246,0.149232417345047,-0.709949254989624,0.8411406874656677,0.9985947012901306,0.4951883852481842,0.15266053378582,-0.5307695865631104,0.8347715139389038,0.9980269074440002,0.45346227288246155,0.1527526080608368,-0.6367892026901245,0.8339830040931702,0.9988579750061035,0.47378459572792053,0.364845335483551,0.0013354645343497396,0.9848700761795044,0.9995299577713013,0.4631991386413574,0.36543068289756775,-0.001255776733160019,0.9871315360069275,0.9996943473815918,0.46699607372283936,0.4214550852775574,0.1556853950023651,0.881118893623352,0.9988099336624146,0.45477959513664246,0.4204424321651459,0.17031945288181305,0.8838180303573608,0.9992330074310303,0.46489545702934265,0.4785180687904358,0.5082824230194092,0.8669248819351196,0.9992966651916504,0.45778146386146545,0.48626819252967834,0.49063363671302795,0.8753967881202698,0.9993626475334167,0.46473991870880127,0.48413795232772827,0.5387635827064514,0.7975789308547974,0.9991853833198547,0.46083658933639526,0.48640936613082886,0.5157968997955322,0.8333818912506104,0.9992426633834839,0.4637168049812317,0.49839043617248535,0.43683069944381714,0.85303795337677,0.9991310238838196,0.4540148377418518,0.5048888921737671,0.4013749361038208,0.8543785810470581,0.9990984201431274
78,2652,True,0.4739512503147125,0.23650231957435608,-0.32960015535354614,0.9896344542503357,0.9998549222946167,0.47275814414024353,0.23382814228534698,-0.34368062019348145,0.9906203746795654,0.9997469782829285,0.4713866412639618,0.2339765727519989,-0.3437860906124115,0.9901506900787354,0.9997275471687317,0.47019141912460327,0.23401708900928497,-0.34385251998901367,0.9901543259620667,0.9996926784515381,0.47298943996429443,0.2341117560863495,-0.35326647758483887,0.9904459118843079,0.9997650980949402,0.4706776440143585,0.2341775894165039,-0.3534086048603058,0.9908818602561951,0.9997454285621643,0.47041258215904236,0.23414349555969238,-0.3533329367637634,0.9904711842536926,0.9997184872627258,0.4696747958660126,0.23932306468486786,-0.32652565836906433,0.9898372292518616,0.9995242357254028,0.4703565835952759,0.2391442507505417,-0.3537479043006897,0.9908318519592285,0.9995306730270386,0.4730285108089447,0.24158108234405518,-0.3256538212299347,0.9905229806900024,0.9991078972816467,0.4740915894508362,0.2410137951374054,-0.3388061821460724,0.9913034439086914,0.9991466999053955,0.4529014229774475,0.25669926404953003,-0.2951710522174835,0.9977242946624756,0.9986588954925537,0.4970968961715698,0.2594410479068756,-0.35238829255104065,0.9967206120491028,0.9988663196563721,0.43462660908699036,0.20285125076770782,-0.36325863003730774,0.899222195148468,0.9998562335968018,0.5026071071624756,0.21232083439826965,-0.43930503726005554,0.8779873251914978,0.9997997879981995,0.47248518466949463,0.15888388454914093,-0.48063135147094727,0.8829119205474854,0.9992876648902893,0.47310876846313477,0.15905620157718658,-0.5900831818580627,0.8733394145965576,0.9995023012161255,0.4504607021808624,0.1478157341480255,-0.548983097076416,0.8533137440681458,0.9987525939941406,0.48174768686294556,0.15328975021839142,-0.6647716760635376,0.85398930311203,0.9991687536239624,0.4681974947452545,0.14980721473693848,-0.5639317631721497,0.8480845093727112,0.9986034035682678,0.46956169605255127,0.14934900403022766,-0.6745340824127197,0.8515231609344482,0.9991598129272461,0.4695213735103607,0.15258529782295227,-0.4966221749782562,0.846320629119873,0.9989513158798218,0.4705582857131958,0.1529661864042282,-0.6031603217124939,0.844027042388916,0.9993347525596619,0.4647718071937561,0.36412447690963745,0.012540867552161217,0.9863497018814087,0.999786913394928,0.46916067600250244,0.3632454574108124,-0.012329261749982834,0.988389253616333,0.9998446702957153,0.46173274517059326,0.42257213592529297,0.16435745358467102,0.883134126663208,0.9990430474281311,0.46113428473472595,0.4181315302848816,0.15715771913528442,0.8819622993469238,0.9993988275527954,0.4649355113506317,0.47575902938842773,0.47725263237953186,0.8694080710411072,0.9994964599609375,0.46848738193511963,0.4837717115879059,0.44658562541007996,0.8726971745491028,0.9994990825653076,0.46515563130378723,0.48159557580947876,0.5039853453636169,0.8094069361686707,0.9994480013847351,0.4642602205276489,0.48687872290611267,0.4689374268054962,0.8304632306098938,0.9994275569915771,0.4634006917476654,0.4936007857322693,0.4105257987976074,0.855563223361969,0.999453604221344,0.47120654582977295,0.49905261397361755,0.3666203022003174,0.850978672504425,0.99943608045578
79,2686,True,0.47199881076812744,0.2337372601032257,-0.3923363983631134,0.9904308915138245,0.9988184571266174,0.4714851677417755,0.23189273476600647,-0.3986278176307678,0.9911090135574341,0.9984055161476135,0.4706570506095886,0.23219624161720276,-0.39877328276634216,0.9904842376708984,0.9983493089675903,0.4700736701488495,0.2315860241651535,-0.39889442920684814,0.9906619787216187,0.9982138872146606,0.4723814129829407,0.23169973492622375,-0.39926958084106445,0.9910089373588562,0.9984412789344788,0.47060897946357727,0.23177723586559296,-0.3994148373603821,0.9912468791007996,0.9983678460121155,0.4704052805900574,0.2317577302455902,-0.3993919789791107,0.9910186529159546,0.9982826709747314,0.4698348045349121,0.237857386469841,-0.35536473989486694,0.9898237586021423,0.9976558685302734,0.4703473448753357,0.23700395226478577,-0.3536710739135742,0.9909065365791321,0.9976974129676819,0.4714163839817047,0.23955221474170685,-0.37085574865341187,0.9906238317489624,0.9953786134719849,0.4726325273513794,0.2386055290699005,-0.37116891145706177,0.9912851452827454,0.995154857635498,0.46620336174964905,0.25300198793411255,-0.3212031126022339,0.9975974559783936,0.9963201284408569,0.49259835481643677,0.2586701810359955,-0.32231414318084717,0.996673583984375,0.9964002370834351,0.45857205986976624,0.20330564677715302,-0.38902032375335693,0.9057378768920898,0.9994144439697266,0.48998159170150757,0.21198365092277527,-0.4155328869819641,0.8839783668518066,0.9993348717689514,0.48278525471687317,0.157898411154747,-0.49032890796661377,0.8909252285957336,0.9972419738769531,0.46638166904449463,0.15818479657173157,-0.5638649463653564,0.8809911608695984,0.9986574649810791,0.4647049009799957,0.14783243834972382,-0.5587912201881409,0.8620169758796692,0.9954143762588501,0.47798487544059753,0.15161027014255524,-0.6401099562644958,0.8605782985687256,0.9979793429374695,0.4736843407154083,0.14935603737831116,-0.568917989730835,0.8568552136421204,0.9949710369110107,0.46935585141181946,0.14904707670211792,-0.638876736164093,0.8580399751663208,0.9979325532913208,0.47474586963653564,0.15185198187828064,-0.5037347674369812,0.8547471165657043,0.9960677623748779,0.4650064706802368,0.15262046456336975,-0.5734475255012512,0.8502947092056274,0.9982166886329651,0.4675588011741638,0.36106500029563904,0.009734981693327427,0.9876078963279724,0.9990081191062927,0.4682881236076355,0.36025047302246094,-0.009560219012200832,0.9894785284996033,0.9993608593940735,0.46246087551116943,0.42262324690818787,0.13143882155418396,0.877758264541626,0.9973340034484863,0.45932334661483765,0.4193756580352783,0.16490790247917175,0.8793809413909912,0.9983953833580017,0.4649597108364105,0.47591716051101685,0.4705544412136078,0.8599392175674438,0.9985008239746094,0.4683551490306854,0.48514288663864136,0.4639787971973419,0.8688324689865112,0.9986886382102966,0.4652346670627594,0.481567919254303,0.5005122423171997,0.8082854151725769,0.9983060359954834,0.46496543288230896,0.48868289589881897,0.4874451160430908,0.8267767429351807,0.9985541701316833,0.46167445182800293,0.49573594331741333,0.38919326663017273,0.8477150201797485,0.9982951283454895,0.4679873287677765,0.5018624663352966,0.367112398147583,0.8468503952026367,0.998364269733429
80,2720,True,0.47054675221443176,0.23307645320892334,-0.4751143157482147,0.991311252117157,0.9996387958526611,0.4713953733444214,0.23109786212444305,-0.4615604877471924,0.9918406009674072,0.9994992017745972,0.4711627960205078,0.2314128577709198,-0.46169042587280273,0.991193950176239,0.9994587302207947,0.47097259759902954,0.23106107115745544,-0.46173545718193054,0.9914246797561646,0.9993809461593628,0.47062334418296814,0.23066365718841553,-0.463226854801178,0.9917920231819153,0.9995231628417969,0.469051331281662,0.23067650198936462,-0.4634179472923279,0.9919577240943909,0.9995052814483643,0.46855616569519043,0.23058569431304932,-0.4634321928024292,0.991798996925354,0.9994508624076843,0.4712814390659332,0.23649024963378906,-0.34956157207489014,0.9904178977012634,0.9991469383239746,0.4663580060005188,0.23575258255004883,-0.35292619466781616,0.9915837049484253,0.9992146492004395,0.4714546501636505,0.23856791853904724,-0.4272691607475281,0.9912180304527283,0.9983212351799011,0.47029903531074524,0.23784859478473663,-0.4283946454524994,0.9918522834777832,0.9982354640960693,0.4893935024738312,0.2534061074256897,-0.30270659923553467,0.9976575374603271,0.9976673722267151,0.45237112045288086,0.2584550976753235,-0.30960434675216675,0.9968309998512268,0.9970842003822327,0.5079665184020996,0.20337502658367157,-0.41190096735954285,0.9134116768836975,0.9995982050895691,0.42682579159736633,0.2082062065601349,-0.4611416161060333,0.8939206004142761,0.9994434714317322,0.501680314540863,0.15772226452827454,-0.5290740132331848,0.8984367847442627,0.9975966811180115,0.4475812315940857,0.15818597376346588,-0.6151450276374817,0.889895498752594,0.9987069368362427,0.48614078760147095,0.1478380560874939,-0.5982609391212463,0.8675568699836731,0.995591402053833,0.45182400941848755,0.1513904333114624,-0.6896602511405945,0.8668964505195618,0.9979670643806458,0.48368847370147705,0.1489972174167633,-0.5954206585884094,0.862212061882019,0.9953709244728088,0.4544442892074585,0.14906148612499237,-0.6736651062965393,0.864018976688385,0.997940719127655,0.48299118876457214,0.15146327018737793,-0.5383973717689514,0.8596484661102295,0.9963926672935486,0.4554404020309448,0.15259620547294617,-0.6192564368247986,0.8555018305778503,0.998195230960846,0.471637099981308,0.35713279247283936,0.00884800124913454,0.9887556433677673,0.9988417029380798,0.46015146374702454,0.35747867822647095,-0.008801743388175964,0.9904462099075317,0.9990805387496948,0.4705498218536377,0.4219817519187927,0.013941174373030663,0.8717225790023804,0.9984696507453918,0.45080938935279846,0.4196311831474304,0.1477295458316803,0.8787267208099365,0.9986962676048279,0.4684942066669464,0.4791525900363922,0.3300538659095764,0.8537154793739319,0.9983539581298828,0.45920079946517944,0.4809536933898926,0.40288683772087097,0.8651182055473328,0.9983421564102173,0.4665105640888214,0.4855736196041107,0.35669374465942383,0.793471097946167,0.9977436065673828,0.459879606962204,0.48413729667663574,0.4257774353027344,0.8160297870635986,0.9979670643806458,0.46721547842025757,0.5000401735305786,0.20209121704101562,0.8434272408485413,0.997003972530365,0.46057960391044617,0.4993674159049988,0.2867489755153656,0.844771683216095,0.9973959922790527
81,2754,True,0.4700944125652313,0.2328333556652069,-0.45193740725517273,0.9920735359191895,0.9994016885757446,0.47136956453323364,0.23070713877677917,-0.43788275122642517,0.9924384951591492,0.9992035031318665,0.47149527072906494,0.23105008900165558,-0.43800345063209534,0.9917478561401367,0.9991399049758911,0.4716387987136841,0.23086325824260712,-0.43804991245269775,0.9920501112937927,0.999028205871582,0.4699420630931854,0.23015162348747253,-0.4402662515640259,0.9924533367156982,0.9992454051971436,0.4685512185096741,0.23015448451042175,-0.44044846296310425,0.9925405383110046,0.9992226362228394,0.4679777920246124,0.2300601452589035,-0.4404665231704712,0.9924602508544922,0.9991530179977417,0.47223418951034546,0.23615913093090057,-0.33090630173683167,0.9908418655395508,0.9986364245414734,0.4660769999027252,0.23534329235553741,-0.33646097779273987,0.992130696773529,0.9987956285476685,0.4715167284011841,0.23832201957702637,-0.4060412645339966,0.9916555881500244,0.9973042011260986,0.46945610642433167,0.2376779019832611,-0.4081503450870514,0.9922733902931213,0.9972386360168457,0.4996338188648224,0.25319454073905945,-0.29852262139320374,0.9976454377174377,0.9964615702629089,0.4445752501487732,0.25825121998786926,-0.300081729888916,0.9969203472137451,0.9961503744125366,0.5242860913276672,0.20357127487659454,-0.3882101774215698,0.9202986359596252,0.9994766116142273,0.412932425737381,0.20635035634040833,-0.4334855377674103,0.9031358361244202,0.999339759349823,0.5116594433784485,0.15769055485725403,-0.4931814968585968,0.9052329659461975,0.9968376159667969,0.43345147371292114,0.15817759931087494,-0.5709666609764099,0.8983421325683594,0.9982784986495972,0.5058543086051941,0.14785698056221008,-0.5585273504257202,0.8727366924285889,0.9941025376319885,0.4395556151866913,0.15124231576919556,-0.641628623008728,0.8736512064933777,0.9971562623977661,0.4885159432888031,0.14885617792606354,-0.5615634322166443,0.867266833782196,0.993806004524231,0.4460383951663971,0.149068683385849,-0.6314235925674438,0.8705596327781677,0.9971321821212769,0.48701202869415283,0.15130624175071716,-0.503959059715271,0.8645262718200684,0.9951609969139099,0.4479188323020935,0.15257276594638824,-0.5764694809913635,0.8617042899131775,0.997524082660675,0.4722265601158142,0.3557978570461273,0.007828467525541782,0.9897499084472656,0.9981327652931213,0.45743006467819214,0.3559412360191345,-0.007749202661216259,0.9912782311439514,0.9985697269439697,0.4707031548023224,0.4197358191013336,-0.0027447636239230633,0.8636202216148376,0.9975774884223938,0.4495478868484497,0.4202093183994293,0.1132584884762764,0.8760474324226379,0.9980121850967407,0.4660353362560272,0.48054084181785583,0.27463245391845703,0.8461493253707886,0.9973751306533813,0.45949044823646545,0.4817562997341156,0.3825185000896454,0.8607632517814636,0.9972583055496216,0.46258634328842163,0.48725491762161255,0.2969740629196167,0.7781481146812439,0.9963895678520203,0.46251681447029114,0.48686009645462036,0.40393850207328796,0.8053672909736633,0.9966004490852356,0.4667412340641022,0.5017225742340088,0.14916455745697021,0.837684154510498,0.9951227307319641,0.46004045009613037,0.5003834962844849,0.26500752568244934,0.8415015935897827,0.9955961108207703
82,2788,True,0.46922576427459717,0.23227398097515106,-0.39152228832244873,0.9927141666412354,0.9992297887802124,0.4696993827819824,0.2300039827823639,-0.4024538993835449,0.9928764700889587,0.9988840222358704,0.469333678483963,0.23034925758838654,-0.40264248847961426,0.9921543002128601,0.99883633852005,0.4689508080482483,0.23028329014778137,-0.40276506543159485,0.9924940466880798,0.9987358450889587,0.4698856472969055,0.2294413298368454,-0.41115641593933105,0.9929494261741638,0.9989000558853149,0.4687139391899109,0.22946424782276154,-0.41131293773651123,0.9929777383804321,0.9988306164741516,0.4686298072338104,0.22936508059501648,-0.41130882501602173,0.9929438829421997,0.9987336993217468,0.4686483144760132,0.2352537214756012,-0.3426688015460968,0.9910584688186646,0.9982531666755676,0.46746423840522766,0.23459768295288086,-0.3628971576690674,0.9924005270004272,0.9980575442314148,0.4696310758590698,0.23767730593681335,-0.3761916160583496,0.9918654561042786,0.9962683916091919,0.46945521235466003,0.23698341846466064,-0.3873339891433716,0.9924172759056091,0.9959478974342346,0.4718552827835083,0.2520373463630676,-0.2998368442058563,0.9975290894508362,0.9961579442024231,0.47106197476387024,0.25752323865890503,-0.3461965322494507,0.9968069791793823,0.9948575496673584,0.48279961943626404,0.2018735408782959,-0.37338802218437195,0.9225848317146301,0.999413251876831,0.4691956043243408,0.20914515852928162,-0.4451521039009094,0.9074821472167969,0.999146580696106,0.48972833156585693,0.15748420357704163,-0.4856600761413574,0.910027801990509,0.9971103668212891,0.4560856819152832,0.15800391137599945,-0.5904015302658081,0.9039693474769592,0.998166561126709,0.48341622948646545,0.1487569510936737,-0.5462493300437927,0.8786424994468689,0.9950457811355591,0.4572467505931854,0.15094009041786194,-0.6662191152572632,0.8796512484550476,0.9972155094146729,0.47052904963493347,0.14884540438652039,-0.5494331121444702,0.8733776807785034,0.9948021173477173,0.4607090950012207,0.14907528460025787,-0.6691387891769409,0.8767368197441101,0.9972315430641174,0.4818873107433319,0.15130463242530823,-0.4923480451107025,0.8701630234718323,0.9958990216255188,0.46204593777656555,0.15253502130508423,-0.6006380319595337,0.8675369024276733,0.9976200461387634,0.465056836605072,0.35594606399536133,0.013058863580226898,0.9906812906265259,0.9986265897750854,0.4622950553894043,0.355415940284729,-0.012953519821166992,0.9920517206192017,0.9988918900489807,0.4646705985069275,0.4204762578010559,0.1488167941570282,0.8578140735626221,0.9972168207168579,0.4647580087184906,0.4182146191596985,0.19641420245170593,0.8701079487800598,0.9976556301116943,0.45977261662483215,0.48047131299972534,0.45884963870048523,0.8429298996925354,0.9978693723678589,0.46342530846595764,0.4754760265350342,0.5064845085144043,0.8548796772956848,0.9979057312011719,0.45786428451538086,0.48722043633461,0.4860466718673706,0.7796995043754578,0.997281551361084,0.4626414477825165,0.4767938256263733,0.5319344997406006,0.7986090779304504,0.9975571632385254,0.46228036284446716,0.5000427961349487,0.383226603269577,0.8338658809661865,0.9971519708633423,0.4660325050354004,0.4911879003047943,0.42821285128593445,0.8347083330154419,0.997519314289093
83,2822,True,0.4693644940853119,0.23240919411182404,-0.4672902524471283,0.993390679359436,0.9996883869171143,0.4701054096221924,0.23003041744232178,-0.45316123962402344,0.9934806823730469,0.9995438456535339,0.47004419565200806,0.23037369549274445,-0.4533059000968933,0.9927732348442078,0.9994931221008301,0.47010067105293274,0.2303345650434494,-0.45335930585861206,0.9931238889694214,0.9994066953659058,0.4698284864425659,0.22944840788841248,-0.45738503336906433,0.9935758113861084,0.9995879530906677,0.4686574339866638,0.22947397828102112,-0.45758163928985596,0.9935672879219055,0.999578058719635,0.4684225618839264,0.22942204773426056,-0.4576074779033661,0.9935696721076965,0.999536395072937,0.46982693672180176,0.23534300923347473,-0.33962011337280273,0.991682231426239,0.9991573095321655,0.46706870198249817,0.23460853099822998,-0.3540555238723755,0.9930223226547241,0.9993618130683899,0.46993765234947205,0.23794761300086975,-0.4201246500015259,0.9924343824386597,0.9984371066093445,0.46945253014564514,0.2371482104063034,-0.42483609914779663,0.9929739832878113,0.9984941482543945,0.4968319237232208,0.25243404507637024,-0.29191651940345764,0.9976006150245667,0.9969782829284668,0.4408233165740967,0.2579314112663269,-0.32400789856910706,0.9969822764396667,0.997351884841919,0.5211761593818665,0.20211859047412872,-0.38910210132598877,0.9288120269775391,0.9994611144065857,0.42338481545448303,0.2081952542066574,-0.46286341547966003,0.9155866503715515,0.9994093179702759,0.5088120102882385,0.15738710761070251,-0.5065538287162781,0.9161089658737183,0.9964467883110046,0.43490517139434814,0.15806108713150024,-0.6131764650344849,0.9114567637443542,0.9982142448425293,0.505858302116394,0.14806845784187317,-0.5715047717094421,0.8834499716758728,0.9934768080711365,0.43716272711753845,0.15092195570468903,-0.6877194046974182,0.8859726190567017,0.9970458149909973,0.49414902925491333,0.14801423251628876,-0.5702990293502808,0.8781121969223022,0.9932454228401184,0.4475584626197815,0.1490582823753357,-0.6739369034767151,0.8829142451286316,0.9970535039901733,0.49606767296791077,0.1511019915342331,-0.5160053968429565,0.8747684359550476,0.9947047829627991,0.44969800114631653,0.15254367887973785,-0.6180639863014221,0.8735447525978088,0.9974435567855835,0.4713236093521118,0.35621392726898193,0.011416425928473473,0.9914999604225159,0.9980908036231995,0.4576197862625122,0.355685293674469,-0.0113198421895504,0.9927607774734497,0.9986928105354309,0.473131388425827,0.42058539390563965,0.06415243446826935,0.8539921641349792,0.9978955984115601,0.4564494788646698,0.4187314510345459,0.06973405182361603,0.8738423585891724,0.99847012758255,0.46795445680618286,0.47952142357826233,0.38421109318733215,0.8382182121276855,0.9975169897079468,0.4604458808898926,0.4770309329032898,0.3552866578102112,0.8578490614891052,0.9977578520774841,0.4640129804611206,0.4863087236881256,0.41091617941856384,0.768035352230072,0.9965941309928894,0.4597049653530121,0.48042482137680054,0.3762190639972687,0.7960959076881409,0.9970055222511292,0.47001564502716064,0.5001490116119385,0.2547532320022583,0.8306731581687927,0.9952638149261475,0.46287810802459717,0.49178504943847656,0.21303392946720123,0.8382723331451416,0.9956644177436829
84,2856,True,0.4693460762500763,0.23163118958473206,-0.43734210729599,0.993520975112915,0.9959030747413635,0.47004058957099915,0.22943946719169617,-0.4466818571090698,0.9931175708770752,0.9950886368751526,0.47016477584838867,0.2298479825258255,-0.44698566198349,0.9920415282249451,0.9949836730957031,0.4703252613544464,0.22991447150707245,-0.44733601808547974,0.9927335381507874,0.99468994140625,0.46983063220977783,0.22871825098991394,-0.4482164978981018,0.9933829307556152,0.9950020909309387,0.4688270688056946,0.2287246286869049,-0.44835585355758667,0.9930780529975891,0.9947775602340698,0.46875128149986267,0.2286064326763153,-0.44850969314575195,0.9933547377586365,0.9945106506347656,0.470204621553421,0.2349308431148529,-0.33744147419929504,0.9902013540267944,0.9930537343025208,0.4675711691379547,0.23407569527626038,-0.3470053970813751,0.9919756054878235,0.9923012256622314,0.46989721059799194,0.23718278110027313,-0.4111091196537018,0.9914940595626831,0.9861136078834534,0.46946388483047485,0.2361283302307129,-0.41261130571365356,0.9918168187141418,0.9838942885398865,0.4937816262245178,0.2496059387922287,-0.29085052013397217,0.9972110986709595,0.9921457171440125,0.4464814364910126,0.25792044401168823,-0.31749752163887024,0.9964982271194458,0.9868952631950378,0.5101465582847595,0.1965467482805252,-0.36896467208862305,0.9322054386138916,0.9986770749092102,0.43186822533607483,0.20999738574028015,-0.4509597420692444,0.9188752770423889,0.9979704022407532,0.5083346366882324,0.1573176085948944,-0.4649086892604828,0.9199224710464478,0.9927095174789429,0.43405142426490784,0.15766695141792297,-0.5909735560417175,0.9149572849273682,0.995829164981842,0.4897240996360779,0.1480761468410492,-0.5272107720375061,0.8869447708129883,0.9876108765602112,0.4384057819843292,0.15059924125671387,-0.660797655582428,0.8882623910903931,0.9941430687904358,0.48690804839134216,0.14801271259784698,-0.5371304154396057,0.8816298246383667,0.9868850708007812,0.44892221689224243,0.14905771613121033,-0.6506947875022888,0.8851853013038635,0.9941587448120117,0.48674705624580383,0.15113204717636108,-0.4775252938270569,0.8781102299690247,0.9894352555274963,0.45106804370880127,0.15243740379810333,-0.5968598127365112,0.8753728866577148,0.994657576084137,0.47164517641067505,0.356253981590271,0.011373396962881088,0.9921463131904602,0.9964565634727478,0.45872581005096436,0.35558047890663147,-0.011338858865201473,0.9932897090911865,0.997333288192749,0.4725746214389801,0.42105841636657715,0.09164785593748093,0.8427421450614929,0.9943339824676514,0.4559729993343353,0.4181629717350006,0.13761751353740692,0.8679323792457581,0.9950771927833557,0.46354973316192627,0.480080783367157,0.389798104763031,0.8277357220649719,0.9950017333030701,0.4642009735107422,0.4772914946079254,0.4269906282424927,0.8500432372093201,0.9955652356147766,0.46029260754585266,0.48693475127220154,0.4154031574726105,0.7587006092071533,0.9935410022735596,0.4661681652069092,0.4824509024620056,0.4501187205314636,0.7876251339912415,0.9950764775276184,0.46439310908317566,0.5009757280349731,0.28873446583747864,0.8206655979156494,0.9930077791213989,0.466232031583786,0.4938012659549713,0.32743552327156067,0.8299878239631653,0.9945360422134399
85,2890,True,0.46973609924316406,0.2359466850757599,-0.548150360584259,0.9941509962081909,0.9998899698257446,0.4727932810783386,0.2323354035615921,-0.5265318751335144,0.9937708973884583,0.9998067021369934,0.47507810592651367,0.23240983486175537,-0.526651918888092,0.9927830100059509,0.9997712969779968,0.4779964089393616,0.23235614597797394,-0.5266466736793518,0.9934205412864685,0.9997081160545349,0.4693165719509125,0.23231729865074158,-0.5347651839256287,0.9940211176872253,0.9998487234115601,0.4673892557621002,0.2324349582195282,-0.5349833369255066,0.9937385320663452,0.9998522996902466,0.4658728241920471,0.23242752254009247,-0.5350318551063538,0.993998110294342,0.9998393058776855,0.47986161708831787,0.23644471168518066,-0.3718246519565582,0.9910948872566223,0.9995691180229187,0.4621887505054474,0.23643764853477478,-0.4038432538509369,0.9927506446838379,0.9997839331626892,0.473034530878067,0.2407984435558319,-0.48752012848854065,0.9922675490379333,0.9994387030601501,0.46885189414024353,0.24036741256713867,-0.49674713611602783,0.9925798773765564,0.999545156955719,0.5089749097824097,0.2571091055870056,-0.28990089893341064,0.9974094033241272,0.9979379773139954,0.4325278401374817,0.2594665288925171,-0.37481972575187683,0.9968065619468689,0.9990596175193787,0.5296671986579895,0.2005624771118164,-0.4059615135192871,0.9381595849990845,0.9996767044067383,0.41214460134506226,0.20912989974021912,-0.5710846185684204,0.92671799659729,0.9997534155845642,0.5186315178871155,0.1573459357023239,-0.558454155921936,0.9261558651924133,0.9973209500312805,0.42485058307647705,0.15810957551002502,-0.7216817140579224,0.922691822052002,0.9987584352493286,0.5134327411651611,0.14814254641532898,-0.6253794431686401,0.8929746747016907,0.9948516488075256,0.4283929169178009,0.15054352581501007,-0.8005267381668091,0.8966587781906128,0.9974919557571411,0.5010249018669128,0.14805641770362854,-0.6263322830200195,0.8877990245819092,0.9947330951690674,0.43606507778167725,0.14904895424842834,-0.7814033627510071,0.8936100602149963,0.9974344372749329,0.4994438886642456,0.15138399600982666,-0.5711748600006104,0.8844092488288879,0.9958403706550598,0.4372844994068146,0.152449369430542,-0.7249996662139893,0.8841601610183716,0.9979149699211121,0.48931676149368286,0.3566560745239258,0.021210718899965286,0.9928367137908936,0.9982668161392212,0.4511529803276062,0.35603055357933044,-0.0211646668612957,0.9938985109329224,0.9989312291145325,0.4863619804382324,0.42211347818374634,0.03302255645394325,0.8380430340766907,0.9974859952926636,0.4503612816333771,0.42375892400741577,-0.024998905137181282,0.8734919428825378,0.998611330986023,0.4761490821838379,0.4806276261806488,0.3244539797306061,0.8181527853012085,0.9973447918891907,0.45682522654533386,0.4952501356601715,0.206183522939682,0.8530413508415222,0.9970073103904724,0.4691387712955475,0.4871859550476074,0.34770750999450684,0.7451499104499817,0.9963818788528442,0.4577563405036926,0.503317654132843,0.22076919674873352,0.7811877131462097,0.9955203533172607,0.4850190579891205,0.501663327217102,0.2000373899936676,0.8133557438850403,0.9945858716964722,0.4576767086982727,0.5154078006744385,0.03842076659202576,0.8330268263816833,0.9932636022567749
86,2924,True,0.4701680541038513,0.23619350790977478,-0.5044745206832886,0.9947086572647095,0.9998577833175659,0.47473737597465515,0.2325996458530426,-0.48242294788360596,0.9943459033966064,0.9997735619544983,0.4779912829399109,0.2326483279466629,-0.4825379252433777,0.9934287667274475,0.9997363686561584,0.4817746579647064,0.23255471885204315,-0.48254120349884033,0.9940212965011597,0.9996697902679443,0.4691963493824005,0.23266033828258514,-0.4903238117694855,0.9945859909057617,0.9998146891593933,0.46687376499176025,0.23281967639923096,-0.4905218780040741,0.9943188428878784,0.9998158812522888,0.4647652506828308,0.23281502723693848,-0.490564227104187,0.9945670366287231,0.9997978806495667,0.484518826007843,0.23679323494434357,-0.3542643189430237,0.9918641448020935,0.9995361566543579,0.4604032635688782,0.23725184798240662,-0.37703737616539,0.9934332370758057,0.9997310042381287,0.4749700725078583,0.24155867099761963,-0.4473609924316406,0.9929290413856506,0.9993096590042114,0.4685611426830292,0.24118082225322723,-0.45620617270469666,0.9932446479797363,0.9994168281555176,0.5149182081222534,0.25864118337631226,-0.25634828209877014,0.9975693821907043,0.997814416885376,0.4288787841796875,0.25981926918029785,-0.35194385051727295,0.9970661997795105,0.9987502098083496,0.5339598655700684,0.20242349803447723,-0.38603752851486206,0.9432445764541626,0.9996554851531982,0.41105949878692627,0.20827193558216095,-0.5306211113929749,0.9336429238319397,0.9996131062507629,0.5228844285011292,0.15737231075763702,-0.521411657333374,0.9312926530838013,0.9966398477554321,0.42400047183036804,0.15812239050865173,-0.6682016253471375,0.929299533367157,0.9976426959037781,0.5222638249397278,0.1479608714580536,-0.5866941213607788,0.8973130583763123,0.993424654006958,0.42579227685928345,0.1503792703151703,-0.7432021498680115,0.9032541513442993,0.9956674575805664,0.5087729692459106,0.1480715274810791,-0.5900830626487732,0.89217609167099,0.9932852983474731,0.43539923429489136,0.14903539419174194,-0.725825309753418,0.9001498818397522,0.9955963492393494,0.5067512392997742,0.15133136510849,-0.5335782170295715,0.8889733552932739,0.9947169423103333,0.4368261694908142,0.15245208144187927,-0.6714790463447571,0.8909039497375488,0.9962958693504333,0.4946196973323822,0.3568767309188843,0.027185697108507156,0.9934731125831604,0.9986218214035034,0.44733911752700806,0.3566875457763672,-0.02714972011744976,0.9944559335708618,0.9990921020507812,0.4922087788581848,0.42316263914108276,0.028181733563542366,0.8322106003761292,0.9972746968269348,0.4480128884315491,0.423977792263031,-0.06162006035447121,0.8789205551147461,0.9984421133995056,0.48233336210250854,0.48012596368789673,0.3304603397846222,0.8052655458450317,0.99693763256073,0.45684814453125,0.49517756700515747,0.16983088850975037,0.8555859327316284,0.9967196583747864,0.47411197423934937,0.48661118745803833,0.3541434109210968,0.7305536270141602,0.9959946870803833,0.4577774405479431,0.5019179582595825,0.18495601415634155,0.7750136256217957,0.995201587677002,0.4936138093471527,0.5009580850601196,0.21345254778862,0.8033772110939026,0.9943191409111023,0.46136733889579773,0.514631986618042,0.0060858214274048805,0.8356367945671082,0.9926701784133911
87,2958,True,0.47179704904556274,0.23611779510974884,-0.5187259912490845,0.995213508605957,0.9998936653137207,0.47813889384269714,0.23262736201286316,-0.49463412165641785,0.9948697090148926,0.9998364448547363,0.48253026604652405,0.23266510665416718,-0.49472469091415405,0.9940207600593567,0.9998096823692322,0.4873358905315399,0.2325531542301178,-0.49470388889312744,0.9945688843727112,0.999758780002594,0.4691871702671051,0.23279981315135956,-0.5019091963768005,0.9950981140136719,0.9998672008514404,0.4664502441883087,0.23303072154521942,-0.5021136403083801,0.9948468208312988,0.9998681545257568,0.4636191427707672,0.23306016623973846,-0.502162754535675,0.9950818419456482,0.999854564666748,0.49107781052589417,0.23675303161144257,-0.34774458408355713,0.9925740361213684,0.9996633529663086,0.4589652717113495,0.23795922100543976,-0.37167277932167053,0.994055986404419,0.9998078942298889,0.4791605770587921,0.24164633452892303,-0.45740729570388794,0.993536651134491,0.9994350075721741,0.4685693085193634,0.24143461883068085,-0.46538421511650085,0.9938467144966125,0.9995174407958984,0.5224120020866394,0.2587355971336365,-0.2581477761268616,0.9977251887321472,0.9983137845993042,0.4270210564136505,0.25987157225608826,-0.34633538126945496,0.997305691242218,0.9989029169082642,0.5366283655166626,0.20382294058799744,-0.38201704621315,0.9477406144142151,0.9996800422668457,0.40973418951034546,0.20787838101387024,-0.5205582976341248,0.9398582577705383,0.9996330738067627,0.5247032046318054,0.15734387934207916,-0.519913375377655,0.9357345700263977,0.9970634579658508,0.4237901568412781,0.1578873097896576,-0.6531189680099487,0.9351415038108826,0.9976986050605774,0.5242040753364563,0.14785358309745789,-0.5854575037956238,0.901084840297699,0.9942641854286194,0.42546653747558594,0.14992840588092804,-0.7277964353561401,0.9089540839195251,0.9956510663032532,0.5116633176803589,0.14789141714572906,-0.586304247379303,0.8959947228431702,0.9939945340156555,0.43542730808258057,0.1487811803817749,-0.711359977722168,0.9057968258857727,0.9955314993858337,0.5098530650138855,0.15127916634082794,-0.5319211483001709,0.8930339217185974,0.9952280521392822,0.436708927154541,0.15222647786140442,-0.6569167375564575,0.8968387246131897,0.9962245225906372,0.4982394278049469,0.3598836064338684,0.025424011051654816,0.9940787553787231,0.9989972710609436,0.4430069923400879,0.35967355966567993,-0.025420771911740303,0.9949714541435242,0.9992271661758423,0.49937599897384644,0.428009033203125,0.02093151956796646,0.8301438093185425,0.9977177381515503,0.44431987404823303,0.428043931722641,-0.03281380981206894,0.8824521899223328,0.9983611702919006,0.48665186762809753,0.4883144497871399,0.32014110684394836,0.7976735234260559,0.9969383478164673,0.44817906618118286,0.4955140948295593,0.22098585963249207,0.8530014753341675,0.9965548515319824,0.47876328229904175,0.49507999420166016,0.34434249997138977,0.7180858254432678,0.9956988096237183,0.4500931203365326,0.5027241706848145,0.23892436921596527,0.7644864916801453,0.9950999617576599,0.49633580446243286,0.5103029012680054,0.19932733476161957,0.7963120937347412,0.9937132000923157,0.4541622996330261,0.5172437429428101,0.07198204100131989,0.8331770896911621,0.9928879141807556
88,2992,True,0.4720897972583771,0.23837248980998993,-0.5279982089996338,0.9956814050674438,0.9999488592147827,0.4784160256385803,0.23614385724067688,-0.5052511096000671,0.9953586459159851,0.9999071359634399,0.4827340841293335,0.23610496520996094,-0.5053670406341553,0.9945822358131409,0.9998921155929565,0.48719024658203125,0.23520031571388245,-0.5053582191467285,0.9950826168060303,0.9998650550842285,0.4691733121871948,0.23637092113494873,-0.5104087591171265,0.9955710172653198,0.9999202489852905,0.466360867023468,0.23658326268196106,-0.5106368064880371,0.995337188243866,0.9999178647994995,0.46350517868995667,0.23662003874778748,-0.5106686949729919,0.9955553412437439,0.9999063014984131,0.4911755919456482,0.23929552733898163,-0.35898929834365845,0.9932457804679871,0.9998130202293396,0.4591508209705353,0.2403503954410553,-0.3788100481033325,0.994618833065033,0.9998723268508911,0.4799818992614746,0.2435799539089203,-0.4702513813972473,0.994124174118042,0.9997346997261047,0.4686223268508911,0.24349156022071838,-0.47567710280418396,0.9944217205047607,0.9997554421424866,0.5210869908332825,0.2602328956127167,-0.28976643085479736,0.9979062080383301,0.9991810917854309,0.42826464772224426,0.2613833546638489,-0.3436931073665619,0.9975318908691406,0.9993151426315308,0.5328066945075989,0.20528098940849304,-0.4195916950702667,0.952080249786377,0.999761164188385,0.41022589802742004,0.20788124203681946,-0.5148230791091919,0.9452658891677856,0.9997639060020447,0.5224721431732178,0.1574861705303192,-0.550122082233429,0.9401106834411621,0.9979760050773621,0.4222990572452545,0.15792064368724823,-0.6629987359046936,0.940138041973114,0.9987019300460815,0.520172655582428,0.14857837557792664,-0.6143057942390442,0.9052269458770752,0.9961495399475098,0.4235575497150421,0.14986957609653473,-0.7366439700126648,0.9134199619293213,0.9977218508720398,0.5091921091079712,0.14837118983268738,-0.612452507019043,0.9000737071037292,0.9960660338401794,0.4332107901573181,0.14877411723136902,-0.7203003168106079,0.9102033376693726,0.99774569272995,0.5078059434890747,0.151385098695755,-0.5604700446128845,0.8968460559844971,0.9969912767410278,0.4346301555633545,0.15223075449466705,-0.6673892736434937,0.9012808203697205,0.998084306716919,0.49884146451950073,0.36180543899536133,0.02410306967794895,0.9946365356445312,0.9994328618049622,0.4430166482925415,0.36138996481895447,-0.024106893688440323,0.9954540729522705,0.9996438026428223,0.4980233609676361,0.42665189504623413,0.010974387638270855,0.8367093205451965,0.9993208646774292,0.4423678517341614,0.4209960401058197,-0.14384017884731293,0.8911958336830139,0.999576985836029,0.49066656827926636,0.4779006540775299,0.35381442308425903,0.8030402064323425,0.9990498423576355,0.44598034024238586,0.4818210005760193,0.14363136887550354,0.8626756072044373,0.9994205236434937,0.4785928428173065,0.49018239974975586,0.38462284207344055,0.7200270295143127,0.998745322227478,0.44728872179985046,0.48943108320236206,0.16505686938762665,0.7749687433242798,0.9991329312324524,0.4917145073413849,0.5088101625442505,0.23487332463264465,0.8025314211845398,0.9980720281600952,0.44309869408607483,0.5123838782310486,-0.013295901007950306,0.844097912311554,0.9983869791030884
89,3026,True,0.4726940095424652,0.23834368586540222,-0.5023649334907532,0.9960945248603821,0.9998996257781982,0.47868114709854126,0.23604169487953186,-0.48606961965560913,0.9957883954048157,0.999850869178772,0.4827866852283478,0.23606614768505096,-0.4861515164375305,0.9950703978538513,0.999832034111023,0.486860066652298,0.23542523384094238,-0.48612284660339355,0.9955316781997681,0.9997966885566711,0.46938544511795044,0.23616698384284973,-0.49061524868011475,0.995988667011261,0.999869704246521,0.4666084349155426,0.23636499047279358,-0.4908033013343811,0.9957656860351562,0.99986732006073,0.4637700319290161,0.23636610805988312,-0.4908056855201721,0.9959723949432373,0.9998539686203003,0.4907658100128174,0.23938679695129395,-0.34604910016059875,0.9938303232192993,0.9997455477714539,0.45985886454582214,0.24067918956279755,-0.37000638246536255,0.9951133728027344,0.9998248219490051,0.4804169535636902,0.2434607446193695,-0.4523928761482239,0.994620144367218,0.9995805621147156,0.46907538175582886,0.24366581439971924,-0.4569835960865021,0.9949089288711548,0.9996067881584167,0.5209891200065613,0.26084038615226746,-0.2818031311035156,0.9980599284172058,0.9991550445556641,0.42945221066474915,0.2622542679309845,-0.3336217999458313,0.9977285265922546,0.9994165897369385,0.5321405529975891,0.20598869025707245,-0.3836655914783478,0.955391526222229,0.9997007846832275,0.41202813386917114,0.20788101851940155,-0.47546225786209106,0.9499741196632385,0.99972003698349,0.5211766362190247,0.15723806619644165,-0.48380401730537415,0.9433976411819458,0.9970782995223999,0.422939270734787,0.15799163281917572,-0.6105941534042358,0.944832980632782,0.9981826543807983,0.519856870174408,0.148611918091774,-0.5466805696487427,0.9076218605041504,0.9945776462554932,0.42382872104644775,0.1498645842075348,-0.6850177645683289,0.9183804392814636,0.9969121217727661,0.507934033870697,0.14838482439517975,-0.5449283719062805,0.9023493528366089,0.9945818781852722,0.4319836497306824,0.14878693222999573,-0.6679892539978027,0.9152160286903381,0.9970101118087769,0.5088974237442017,0.1514519304037094,-0.4938947558403015,0.8991439342498779,0.9956929087638855,0.43325135111808777,0.1521424651145935,-0.614276647567749,0.9064696431159973,0.9973593354225159,0.4978916049003601,0.3668249845504761,0.023816734552383423,0.9951406717300415,0.9994876384735107,0.44368138909339905,0.3655298352241516,-0.02379896119236946,0.995887815952301,0.9997130036354065,0.49568265676498413,0.42688092589378357,0.09069118648767471,0.8418338894844055,0.9992356300354004,0.44257447123527527,0.42159658670425415,-0.029621344059705734,0.8981443047523499,0.9995098114013672,0.4905136525630951,0.47860193252563477,0.47050154209136963,0.8086653351783752,0.9988683462142944,0.4466797709465027,0.4823974668979645,0.3247503936290741,0.8710826635360718,0.9992438554763794,0.48270389437675476,0.4901939928531647,0.5030344724655151,0.7232711315155029,0.9984499216079712,0.4487496316432953,0.4895942211151123,0.35043463110923767,0.7846007347106934,0.998916506767273,0.48901596665382385,0.5085915327072144,0.35557785630226135,0.8085079193115234,0.9977350234985352,0.4439149498939514,0.5132173299789429,0.17095735669136047,0.8535005450248718,0.9980670809745789
90,3060,True,0.4740302562713623,0.23789770901203156,-0.4368591606616974,0.996461808681488,0.9999109506607056,0.4800705909729004,0.23582243919372559,-0.41322946548461914,0.9961714148521423,0.9998822212219238,0.48416388034820557,0.23592929542064667,-0.4133076071739197,0.9955041408538818,0.9998691082000732,0.48807257413864136,0.23550984263420105,-0.41332653164863586,0.995931088924408,0.9998441934585571,0.470306396484375,0.235891193151474,-0.4201798737049103,0.9963611960411072,0.999893307685852,0.46752819418907166,0.23610587418079376,-0.420383483171463,0.9961464405059814,0.9998898506164551,0.4647262990474701,0.23613062500953674,-0.4204273521900177,0.9963433742523193,0.9998784065246582,0.4926720857620239,0.23986563086509705,-0.273449569940567,0.9943398833274841,0.9997994303703308,0.46056294441223145,0.24077889323234558,-0.3009864389896393,0.9955542683601379,0.9998370409011841,0.48169365525245667,0.24329395592212677,-0.3829939663410187,0.9950570464134216,0.9996107220649719,0.4701589047908783,0.24348056316375732,-0.3907924294471741,0.995330810546875,0.9996067881584167,0.5218735337257385,0.261508584022522,-0.21654506027698517,0.9981899261474609,0.999226450920105,0.4304698407649994,0.26246702671051025,-0.2824346721172333,0.9978891611099243,0.9993314743041992,0.5392823815345764,0.20338959991931915,-0.30259284377098083,0.9579195380210876,0.999751627445221,0.41323432326316833,0.2082933932542801,-0.4098050892353058,0.9543405175209045,0.9997401833534241,0.5204142928123474,0.15718983113765717,-0.39774104952812195,0.9455029368400574,0.9977204203605652,0.4236864745616913,0.1580553948879242,-0.515743613243103,0.9490647912025452,0.9981071949005127,0.5199934244155884,0.1488870084285736,-0.45762109756469727,0.9081923365592957,0.9957135915756226,0.4245261251926422,0.1498509645462036,-0.5830825567245483,0.9228002429008484,0.9967562556266785,0.5078971982002258,0.14863672852516174,-0.4568096995353699,0.902681827545166,0.9955797791481018,0.43193966150283813,0.14863404631614685,-0.566251814365387,0.9196276068687439,0.9968144297599792,0.5079576373100281,0.15181449055671692,-0.4082448184490204,0.8997644186019897,0.9964711666107178,0.4331803321838379,0.1521124690771103,-0.5182232856750488,0.9110913872718811,0.9971750974655151,0.49942439794540405,0.3708913028240204,0.023317400366067886,0.9956038594245911,0.9996126294136047,0.44497689604759216,0.3700382709503174,-0.023309994488954544,0.9962790608406067,0.9997560381889343,0.49707651138305664,0.43081554770469666,0.05184607952833176,0.8492636680603027,0.9994298815727234,0.4427529573440552,0.4314343333244324,0.07153890281915665,0.9037930965423584,0.9995668530464172,0.48890960216522217,0.4895646572113037,0.42556893825531006,0.818425178527832,0.9991870522499084,0.4475366771221161,0.4925999641418457,0.4099857807159424,0.8776432275772095,0.9992788434028625,0.48248058557510376,0.495656818151474,0.4571663737297058,0.7306888699531555,0.9988545179367065,0.4492356479167938,0.49415120482444763,0.43514811992645264,0.7911947965621948,0.9990311861038208,0.4886947572231293,0.5149679780006409,0.26844897866249084,0.8175979852676392,0.9981697797775269,0.4425290822982788,0.5201811194419861,0.2719823718070984,0.8605943322181702,0.9983750581741333
91,3094,True,0.47522494196891785,0.23912183940410614,-0.4223269522190094,0.9967511296272278,0.9997029900550842,0.48055559396743774,0.23733484745025635,-0.4032752513885498,0.9964540600776672,0.9996403455734253,0.4841912090778351,0.23760011792182922,-0.4033988118171692,0.9958014488220215,0.9996102452278137,0.48773953318595886,0.23748724162578583,-0.4034706950187683,0.9962167739868164,0.9995457530021667,0.47223570942878723,0.23718592524528503,-0.4081971347332001,0.9966493844985962,0.9996687173843384,0.470136433839798,0.23741194605827332,-0.40841424465179443,0.9964202642440796,0.9996598958969116,0.4680837094783783,0.23742756247520447,-0.40848079323768616,0.9966261386871338,0.9996316432952881,0.4920390248298645,0.24187913537025452,-0.2803936302661896,0.9946475625038147,0.9994431138038635,0.4661359488964081,0.2426471710205078,-0.29845571517944336,0.9958603978157043,0.999537467956543,0.4818360209465027,0.24444790184497833,-0.3731452524662018,0.9952760934829712,0.9988524913787842,0.47207218408584595,0.2447182685136795,-0.3783223032951355,0.995550811290741,0.9988297820091248,0.5201731324195862,0.2643551230430603,-0.23043005168437958,0.9982626438140869,0.9987064599990845,0.4314109683036804,0.26476675271987915,-0.2749440670013428,0.9979766607284546,0.9989784955978394,0.5379859209060669,0.20722946524620056,-0.30994755029678345,0.9588657021522522,0.9996067881584167,0.4143891930580139,0.20934753119945526,-0.3908084034919739,0.9575595259666443,0.9996495246887207,0.5201318264007568,0.15786495804786682,-0.39879870414733887,0.9456427693367004,0.9954912066459656,0.42410939931869507,0.15827780961990356,-0.5031928420066833,0.9522262215614319,0.9972992539405823,0.5185986161231995,0.14908595383167267,-0.46159008145332336,0.9058570861816406,0.9919453263282776,0.42512163519859314,0.14986439049243927,-0.5727861523628235,0.9258117079734802,0.995477020740509,0.5071662068367004,0.14882931113243103,-0.4626660645008087,0.9000127911567688,0.9917426705360413,0.43262118101119995,0.14882685244083405,-0.5591378211975098,0.922650933265686,0.9955509901046753,0.5075547695159912,0.1522224247455597,-0.4099445044994354,0.8975635170936584,0.993151068687439,0.43447554111480713,0.1521608531475067,-0.507224977016449,0.9142364859580994,0.9959291815757751,0.4986949563026428,0.37675464153289795,0.014582371339201927,0.9960141777992249,0.9995564818382263,0.45139279961586,0.3750331401824951,-0.014594814740121365,0.9966272711753845,0.9997615218162537,0.49623245000839233,0.43630772829055786,0.0620625875890255,0.8515472412109375,0.9990828037261963,0.4452475309371948,0.43461090326309204,0.14300912618637085,0.9064739346504211,0.9994274377822876,0.4877798855304718,0.492678165435791,0.41848596930503845,0.8215819001197815,0.998914361000061,0.45389506220817566,0.4978296756744385,0.4772740304470062,0.8814971446990967,0.999138593673706,0.48204976320266724,0.5018899440765381,0.44864794611930847,0.7314976453781128,0.9985492825508118,0.45459845662117004,0.503154456615448,0.5030770897865295,0.7964138388633728,0.9989070892333984,0.4882183372974396,0.5190011858940125,0.2934422492980957,0.8208487629890442,0.9979481101036072,0.44904425740242004,0.5215350985527039,0.3481142818927765,0.8650996685028076,0.9982239603996277
92,3128,True,0.4756075143814087,0.2394067496061325,-0.40023455023765564,0.9970584511756897,0.9999219179153442,0.48110443353652954,0.2379447966814041,-0.3765457570552826,0.996777355670929,0.999884843826294,0.4847809374332428,0.23822183907032013,-0.37663909792900085,0.9961730241775513,0.9998706579208374,0.48829904198646545,0.23817427456378937,-0.3766772449016571,0.9965546727180481,0.9998452663421631,0.4725320637226105,0.23785603046417236,-0.38057082891464233,0.9969615936279297,0.9998968839645386,0.47040095925331116,0.2381320297718048,-0.38075879216194153,0.9967436194419861,0.9998929500579834,0.46832212805747986,0.2381783276796341,-0.3808067739009857,0.9969370365142822,0.9998801946640015,0.49312761425971985,0.2425428181886673,-0.24353037774562836,0.995094895362854,0.9998087286949158,0.466168075799942,0.24320337176322937,-0.25720733404159546,0.9962295889854431,0.9998502731323242,0.482207328081131,0.2452116310596466,-0.34911012649536133,0.9956614375114441,0.9997064471244812,0.4723280668258667,0.2454567849636078,-0.35305270552635193,0.9959313869476318,0.9997181296348572,0.5211685299873352,0.26513800024986267,-0.20032228529453278,0.9983857870101929,0.9993798732757568,0.43197372555732727,0.2658994495868683,-0.24206599593162537,0.9981248378753662,0.9995287656784058,0.5373954772949219,0.20954561233520508,-0.2892945110797882,0.9612380862236023,0.9997771382331848,0.4151324927806854,0.21122197806835175,-0.3634106516838074,0.9611881375312805,0.9997792840003967,0.5196301341056824,0.15807995200157166,-0.3683813214302063,0.948043167591095,0.9972852468490601,0.4224981963634491,0.1589231789112091,-0.47300848364830017,0.9558954238891602,0.9983017444610596,0.5185461044311523,0.14917021989822388,-0.425216406583786,0.9076155424118042,0.994658887386322,0.42418959736824036,0.14997906982898712,-0.5378631353378296,0.9299702048301697,0.996948778629303,0.5069282054901123,0.14889340102672577,-0.4246819317340851,0.9015882611274719,0.9946033358573914,0.43196868896484375,0.14896705746650696,-0.5229594111442566,0.9268497824668884,0.9970248341560364,0.5069671273231506,0.1523146629333496,-0.37828195095062256,0.8994009494781494,0.9957324862480164,0.4337252676486969,0.15218740701675415,-0.47619616985321045,0.9187361598014832,0.9973875880241394,0.4985899329185486,0.381413996219635,0.013152643106877804,0.9963909983634949,0.9997404217720032,0.45194071531295776,0.37971600890159607,-0.013149304315447807,0.996948778629303,0.9998518228530884,0.4959358274936676,0.44031038880348206,0.041340943425893784,0.8579668998718262,0.999394416809082,0.44469040632247925,0.4382687211036682,0.0019499828340485692,0.912749707698822,0.9996485710144043,0.48749619722366333,0.4978732168674469,0.4004058837890625,0.8293262720108032,0.9989215135574341,0.45362263917922974,0.50373375415802,0.2783462703227997,0.8894819021224976,0.9992475509643555,0.4814024567604065,0.5053675174713135,0.4312989413738251,0.7372230291366577,0.9985204339027405,0.4546969532966614,0.5116602182388306,0.2972414791584015,0.8057917952537537,0.998898983001709,0.48806384205818176,0.5257777571678162,0.2652227282524109,0.8277881145477295,0.9976422190666199,0.4475898742675781,0.5302695631980896,0.11200074106454849,0.8736355900764465,0.9977993369102478
93,3162,True,0.47594499588012695,0.24087651073932648,-0.3640330731868744,0.9971722960472107,0.999232292175293,0.4810028374195099,0.23964020609855652,-0.3510235548019409,0.9968093633651733,0.9991112351417542,0.48473384976387024,0.23994946479797363,-0.3511306047439575,0.9961475729942322,0.9990705847740173,0.48783084750175476,0.2399747669696808,-0.35126370191574097,0.9965725541114807,0.9989683628082275,0.47364312410354614,0.2393953502178192,-0.3553282618522644,0.997042715549469,0.9991679191589355,0.4722082316875458,0.23961158096790314,-0.35552942752838135,0.9967624545097351,0.9991418123245239,0.4708695411682129,0.23959168791770935,-0.3555864989757538,0.9970009922981262,0.9991042017936707,0.4922041893005371,0.24444158375263214,-0.25325778126716614,0.9949207901954651,0.9987480640411377,0.47069430351257324,0.24458041787147522,-0.26889246702194214,0.9961836934089661,0.9988569021224976,0.48216497898101807,0.24716012179851532,-0.32463517785072327,0.9954876899719238,0.9976959824562073,0.47355082631111145,0.24710944294929504,-0.3291565477848053,0.9957568645477295,0.9975811243057251,0.5209170579910278,0.2666305601596832,-0.21542972326278687,0.9983360171318054,0.9983404874801636,0.4352690875530243,0.26812201738357544,-0.24840596318244934,0.9980535507202148,0.9985827207565308,0.5370442867279053,0.20778469741344452,-0.27349379658699036,0.9602020978927612,0.9994407296180725,0.41996079683303833,0.2117903232574463,-0.3393068313598633,0.9618921279907227,0.9995286464691162,0.5133883357048035,0.15872424840927124,-0.34451568126678467,0.9473518133163452,0.994635283946991,0.4256322681903839,0.1592390388250351,-0.44680044054985046,0.956821084022522,0.9972012042999268,0.5035847425460815,0.14979366958141327,-0.40312856435775757,0.9071870446205139,0.991411566734314,0.42584267258644104,0.1500364989042282,-0.5164178013801575,0.9305424690246582,0.9955508708953857,0.4989545941352844,0.1494280993938446,-0.4108404815196991,0.9009541273117065,0.9905635118484497,0.43399110436439514,0.14908599853515625,-0.5071771144866943,0.9274230003356934,0.9955224990844727,0.4978625774383545,0.1524648666381836,-0.35712572932243347,0.8991000652313232,0.9921097159385681,0.4359227120876312,0.1522272825241089,-0.4527619779109955,0.9194546937942505,0.9960198998451233,0.49350014328956604,0.3884848952293396,0.010378475300967693,0.996708869934082,0.9995094537734985,0.46246978640556335,0.3861236274242401,-0.010356931015849113,0.9972164034843445,0.9997232556343079,0.4848692715167999,0.44683247804641724,0.09078269451856613,0.8624222874641418,0.998840868473053,0.4501129686832428,0.443396657705307,0.1649591326713562,0.9133679866790771,0.999224066734314,0.48351168632507324,0.5104972124099731,0.44049838185310364,0.8348727226257324,0.9990164041519165,0.46049854159355164,0.512508749961853,0.4921463429927826,0.8907904624938965,0.9992184638977051,0.4775926470756531,0.5194867849349976,0.47017669677734375,0.7497822046279907,0.9988524913787842,0.4596331715583801,0.5218192338943481,0.5173268914222717,0.811339259147644,0.9991446733474731,0.4711335003376007,0.5345687866210938,0.3250654339790344,0.8329008221626282,0.9985276460647583,0.450263649225235,0.5341601371765137,0.37552231550216675,0.8752728700637817,0.9987799525260925
94,3196,True,0.4757969379425049,0.24072635173797607,-0.3661452829837799,0.9973887205123901,0.9997518658638,0.4806913733482361,0.2393815964460373,-0.3486383855342865,0.9970293641090393,0.9997139573097229,0.4843185842037201,0.2397184818983078,-0.3487400710582733,0.9963847398757935,0.9996967315673828,0.4873717129230499,0.23975065350532532,-0.3488476574420929,0.9967936277389526,0.9996578693389893,0.47355079650878906,0.2390831708908081,-0.3539828062057495,0.9972633719444275,0.9997257590293884,0.47218596935272217,0.2394685000181198,-0.35418298840522766,0.9969771504402161,0.9997138381004333,0.4707993268966675,0.23943285644054413,-0.3542328476905823,0.9972139596939087,0.9996906518936157,0.4919719398021698,0.2446281909942627,-0.2378104329109192,0.9951854348182678,0.9995941519737244,0.4706169664859772,0.24458222091197968,-0.2566864490509033,0.996423065662384,0.9995936751365662,0.4820040762424469,0.24695739150047302,-0.3214753568172455,0.9957090616226196,0.9992237091064453,0.47351354360580444,0.2467997521162033,-0.3270665109157562,0.9959606528282166,0.9991336464881897,0.520202100276947,0.26772603392601013,-0.1982039362192154,0.9984212517738342,0.999204695224762,0.43500861525535583,0.26869043707847595,-0.24603131413459778,0.9981276988983154,0.9992226362228394,0.5346951484680176,0.2116655558347702,-0.2627875506877899,0.9599029421806335,0.9996594190597534,0.4217786490917206,0.21370725333690643,-0.349486768245697,0.9640917181968689,0.9996944665908813,0.5106217861175537,0.15918268263339996,-0.34026071429252625,0.9466274380683899,0.9965195655822754,0.42723748087882996,0.1592457890510559,-0.44121432304382324,0.9589315056800842,0.9977003931999207,0.5037597417831421,0.1497901827096939,-0.4005773663520813,0.9051065444946289,0.9939395189285278,0.42638638615608215,0.14985975623130798,-0.5087705254554749,0.9325358271598816,0.9961618185043335,0.49455785751342773,0.1494234949350357,-0.40380528569221497,0.8985539674758911,0.993477463722229,0.43437105417251587,0.14901714026927948,-0.49561312794685364,0.9293545484542847,0.996103048324585,0.4979548156261444,0.15264032781124115,-0.3520081043243408,0.8972811698913574,0.994668185710907,0.4365174472332001,0.1520988941192627,-0.44505560398101807,0.9215389490127563,0.9965322017669678,0.4932842254638672,0.3927766680717468,0.00845432374626398,0.9970182776451111,0.9996856451034546,0.462232768535614,0.3906364142894745,-0.008413760922849178,0.9974744319915771,0.9998118281364441,0.4868588447570801,0.4542264938354492,0.04873315617442131,0.8684126138687134,0.9993283748626709,0.44999366998672485,0.4505466818809509,0.18801958858966827,0.9163286089897156,0.9995338916778564,0.4833436608314514,0.520281195640564,0.40956488251686096,0.8424744606018066,0.9991782307624817,0.46062326431274414,0.5218786597251892,0.533336341381073,0.8949339389801025,0.9992784857749939,0.4777403473854065,0.5280840396881104,0.4410194754600525,0.7585111856460571,0.9989296793937683,0.46068137884140015,0.5298976302146912,0.5596814155578613,0.8174099326133728,0.9991368651390076,0.47454705834388733,0.5392538905143738,0.26848968863487244,0.8398042321205139,0.9984591007232666,0.4459002614021301,0.537872850894928,0.40502288937568665,0.8797071576118469,0.9986553192138672
95,3230,True,0.4757835268974304,0.24103108048439026,-0.381281316280365,0.9976103901863098,0.999853253364563,0.48058798909187317,0.23953501880168915,-0.36286163330078125,0.9972695708274841,0.9998308420181274,0.4841940701007843,0.2399088442325592,-0.36296194791793823,0.9966611862182617,0.9998210072517395,0.487234503030777,0.23995578289031982,-0.36305567622184753,0.9970418810844421,0.9997969269752502,0.4735187888145447,0.2391589879989624,-0.36597180366516113,0.9974939227104187,0.9998363256454468,0.47216254472732544,0.2394838035106659,-0.3661770224571228,0.9972154498100281,0.9998278617858887,0.47076940536499023,0.23943209648132324,-0.36622217297554016,0.997439980506897,0.9998112320899963,0.49186718463897705,0.24532365798950195,-0.2472802698612213,0.9955282807350159,0.9997701048851013,0.47054779529571533,0.24532917141914368,-0.25488051772117615,0.9966986775398254,0.9997629523277283,0.48193126916885376,0.24728147685527802,-0.33505356311798096,0.9959999918937683,0.9995586276054382,0.47349098324775696,0.2470812052488327,-0.3377898037433624,0.9962344169616699,0.9994974136352539,0.5200888514518738,0.2685384154319763,-0.2097768932580948,0.9985295534133911,0.9995251893997192,0.4337981641292572,0.2703129053115845,-0.23638539016246796,0.9982385635375977,0.999518632888794,0.5334488749504089,0.21389243006706238,-0.28476521372795105,0.9607610106468201,0.9997324347496033,0.4225027859210968,0.21576838195323944,-0.33831587433815,0.9662402272224426,0.9997757077217102,0.5081015229225159,0.15944749116897583,-0.36416900157928467,0.9470983147621155,0.9966841340065002,0.4269789755344391,0.15939679741859436,-0.4356459379196167,0.961082935333252,0.9980112314224243,0.5035929083824158,0.1502128541469574,-0.42628446221351624,0.9048304557800293,0.9939407110214233,0.4265957772731781,0.14985838532447815,-0.5026518702507019,0.934660792350769,0.9964712858200073,0.4915556311607361,0.149738609790802,-0.4278884828090668,0.8980213403701782,0.9934697151184082,0.43460628390312195,0.14902263879776,-0.4884430468082428,0.931439220905304,0.9964740872383118,0.49754446744918823,0.1527293622493744,-0.3752787709236145,0.8972426056861877,0.9947580695152283,0.4366655945777893,0.15209665894508362,-0.43941569328308105,0.9238993525505066,0.9969025254249573,0.4931849241256714,0.39657464623451233,-0.0018781673861667514,0.9973020553588867,0.9997478127479553,0.46179813146591187,0.393616259098053,0.001959374872967601,0.9977110028266907,0.9998525381088257,0.48950234055519104,0.45408254861831665,-0.015232845209538937,0.8755491375923157,0.9994484782218933,0.4485073983669281,0.4529999792575836,0.19184429943561554,0.9186233878135681,0.9996246099472046,0.4838157296180725,0.5235202312469482,0.32644885778427124,0.851143479347229,0.9991726279258728,0.46050184965133667,0.5219360589981079,0.5443828701972961,0.8983935117721558,0.9993125200271606,0.47873347997665405,0.531316876411438,0.35551920533180237,0.7684263586997986,0.9988794922828674,0.4596683382987976,0.5298919081687927,0.5716952681541443,0.8234611749649048,0.9991621971130371,0.47768452763557434,0.5435861945152283,0.18122988939285278,0.8475956916809082,0.9983626008033752,0.4340527057647705,0.540724515914917,0.4144837260246277,0.8836293816566467,0.9986740350723267
96,3264,True,0.47441232204437256,0.24156033992767334,-0.26676997542381287,0.9977810978889465,0.9997918009757996,0.4767417013645172,0.23971517384052277,-0.26132333278656006,0.9974233508110046,0.999750554561615,0.4785218834877014,0.24004323780536652,-0.2613831162452698,0.9968485832214355,0.9997442364692688,0.4797801673412323,0.24004113674163818,-0.2615259289741516,0.9972019195556641,0.9997230172157288,0.47307324409484863,0.2394781857728958,-0.2730444073677063,0.9976640343666077,0.9997509121894836,0.4721311032772064,0.23979716002941132,-0.27323174476623535,0.9974008202552795,0.9997292160987854,0.4707760810852051,0.23975923657417297,-0.27323463559150696,0.9976019263267517,0.9997068047523499,0.48239076137542725,0.24559959769248962,-0.20548132061958313,0.9957520961761475,0.9996346235275269,0.47125592827796936,0.24607057869434357,-0.25142329931259155,0.9968757033348083,0.9995384216308594,0.4783514738082886,0.24785275757312775,-0.24107469618320465,0.9961920976638794,0.999313473701477,0.473388671875,0.24775902926921844,-0.2555096447467804,0.996407687664032,0.9992027878761292,0.47488003969192505,0.26984015107154846,-0.17694060504436493,0.9985710978507996,0.9993991851806641,0.4502617418766022,0.2700928747653961,-0.2483828067779541,0.9982313513755798,0.9993261098861694,0.49602827429771423,0.21375659108161926,-0.20674946904182434,0.958945095539093,0.9997853636741638,0.4728875160217285,0.21618172526359558,-0.3473304212093353,0.9649372696876526,0.9997640252113342,0.4778166115283966,0.15954609215259552,-0.2899779677391052,0.94821697473526,0.9979448914527893,0.45233598351478577,0.15966980159282684,-0.4488438367843628,0.9611177444458008,0.998542308807373,0.4744647443294525,0.15025681257247925,-0.3451886475086212,0.9092003107070923,0.9966366291046143,0.44873374700546265,0.1498965173959732,-0.5198845267295837,0.9358140230178833,0.9975983500480652,0.47477853298187256,0.1498332917690277,-0.3620699942111969,0.9026429653167725,0.9959642887115479,0.445095032453537,0.14926429092884064,-0.5157492756843567,0.9326989054679871,0.9974639415740967,0.4767947793006897,0.1527300775051117,-0.3067844808101654,0.9019796848297119,0.9968125224113464,0.44751259684562683,0.15282952785491943,-0.4569779336452484,0.925388753414154,0.9979290962219238,0.4821189045906067,0.3988567888736725,0.012340175919234753,0.997553288936615,0.9997633099555969,0.4730648398399353,0.3962973952293396,-0.012112927623093128,0.9979170560836792,0.9998517036437988,0.4713636636734009,0.4583936631679535,0.08055155724287033,0.883612871170044,0.9994363188743591,0.46319058537483215,0.46343040466308594,0.19139093160629272,0.9198597073554993,0.9995943903923035,0.47246965765953064,0.528983473777771,0.4019453227519989,0.8611029982566833,0.9994969367980957,0.4679297208786011,0.5286864042282104,0.5113762021064758,0.900973379611969,0.9995879530906677,0.46890631318092346,0.537196934223175,0.4290136694908142,0.7870745658874512,0.999423623085022,0.46775609254837036,0.5370501279830933,0.5357016921043396,0.8311380743980408,0.9995545744895935,0.4442700743675232,0.5529336333274841,0.29061073064804077,0.8570350408554077,0.9992820620536804,0.4477899670600891,0.5472227334976196,0.40539610385894775,0.8861864805221558,0.9994188547134399
97,3298,True,0.47419729828834534,0.2424725592136383,-0.06653208285570145,0.9979749917984009,0.9999492168426514,0.4739512503147125,0.23992323875427246,-0.08251495659351349,0.9976317286491394,0.9999206066131592,0.47365832328796387,0.24019832909107208,-0.08254165947437286,0.9971030950546265,0.9999191761016846,0.47287723422050476,0.24013689160346985,-0.08265145868062973,0.9974188208580017,0.9999129772186279,0.47400963306427,0.23972198367118835,-0.09540420025587082,0.9978650808334351,0.9999196529388428,0.4751818776130676,0.2399531602859497,-0.09554652124643326,0.9976238012313843,0.9999102354049683,0.4766409993171692,0.2398342788219452,-0.09549599885940552,0.9977980256080627,0.9998997449874878,0.46975600719451904,0.24558210372924805,-0.12478172779083252,0.9961017370223999,0.99989914894104,0.4802267849445343,0.24598157405853271,-0.18300855159759521,0.9971334934234619,0.9998645782470703,0.47595205903053284,0.24831104278564453,-0.0743393748998642,0.9965057969093323,0.9998444318771362,0.47466015815734863,0.24885046482086182,-0.09114649891853333,0.9967029690742493,0.9998383522033691,0.4358147084712982,0.2711902856826782,-0.12276169657707214,0.9986462593078613,0.9998067021369934,0.5090954899787903,0.26874250173568726,-0.23842351138591766,0.9983363151550293,0.9997662901878357,0.4335581362247467,0.2153862714767456,-0.12160014361143112,0.9555090665817261,0.9998643398284912,0.520265519618988,0.21588566899299622,-0.30128511786460876,0.9647676944732666,0.9997827410697937,0.4421871304512024,0.15976804494857788,-0.19219349324703217,0.9500201344490051,0.9987805485725403,0.49242088198661804,0.1596691906452179,-0.38268783688545227,0.9613054394721985,0.9991483688354492,0.4400639533996582,0.15030437707901,-0.23759670555591583,0.9150126576423645,0.997922956943512,0.48716211318969727,0.1498962789773941,-0.4481895864009857,0.937404453754425,0.9985398054122925,0.45311439037323,0.1498752236366272,-0.2647472321987152,0.908825159072876,0.9975812435150146,0.4828457832336426,0.14930489659309387,-0.4527021646499634,0.9344019293785095,0.9985873699188232,0.45539674162864685,0.15272954106330872,-0.21091912686824799,0.9081294536590576,0.9981052875518799,0.4712618589401245,0.15293647348880768,-0.3922974467277527,0.9273512363433838,0.9988692402839661,0.4648821949958801,0.4026944041252136,0.03239978849887848,0.9977888464927673,0.9999293088912964,0.490996390581131,0.398253858089447,-0.032041702419519424,0.9981122016906738,0.9999334812164307,0.45401373505592346,0.4644130766391754,0.1487484872341156,0.8921021223068237,0.9996455907821655,0.4941416084766388,0.46713605523109436,0.1561940461397171,0.92294842004776,0.9996607303619385,0.4664871096611023,0.5361000299453735,0.3929988741874695,0.8723365664482117,0.9995194673538208,0.47996512055397034,0.5365225076675415,0.3920818865299225,0.9048111438751221,0.99950110912323,0.46221816539764404,0.5456721782684326,0.4079005718231201,0.8064534664154053,0.9993909597396851,0.47629618644714355,0.5457550883293152,0.40900030732154846,0.8407499194145203,0.9994416832923889,0.44815176725387573,0.5557953715324402,0.28987494111061096,0.8665747046470642,0.9992274045944214,0.4819221496582031,0.5558037161827087,0.38033241033554077,0.8872781991958618,0.9993509650230408
98,3332,True,0.4739995300769806,0.24192079901695251,0.07559963315725327,0.9981585144996643,0.9999836683273315,0.4714021384716034,0.23939907550811768,0.05294540151953697,0.997841477394104,0.9999754428863525,0.46912848949432373,0.2395305335521698,0.05296856909990311,0.997363805770874,0.9999756813049316,0.46539735794067383,0.23927509784698486,0.052871350198984146,0.9976399540901184,0.9999747276306152,0.47571319341659546,0.23948797583580017,0.041032277047634125,0.9980608820915222,0.9999743700027466,0.4792028069496155,0.23968470096588135,0.04088807478547096,0.9978440999984741,0.9999710321426392,0.4829399585723877,0.2394872009754181,0.04098068177700043,0.9979918003082275,0.9999678134918213,0.4631316661834717,0.24489405751228333,-0.032309528440237045,0.9964589476585388,0.9999752044677734,0.4875888526439667,0.2451024353504181,-0.0885063037276268,0.9973940849304199,0.9999610185623169,0.47312426567077637,0.24822695553302765,0.05100589990615845,0.9968228936195374,0.9999674558639526,0.4767344295978546,0.24876520037651062,0.034856561571359634,0.9970000386238098,0.9999656677246094,0.4263841509819031,0.27064254879951477,-0.06388679146766663,0.9987499117851257,0.9999650716781616,0.5212370753288269,0.2682435214519501,-0.1666553020477295,0.9984667301177979,0.9999361038208008,0.42466452717781067,0.2148330956697464,-0.03677109628915787,0.9553921818733215,0.9999462366104126,0.5253992080688477,0.21565696597099304,-0.21495717763900757,0.9651685357093811,0.9998668432235718,0.43348854780197144,0.15976831316947937,-0.07648530602455139,0.9531222581863403,0.9992989301681519,0.5101531744003296,0.15985101461410522,-0.2856161892414093,0.9619062542915344,0.999312162399292,0.43046316504478455,0.1503024399280548,-0.10665035247802734,0.9219452142715454,0.9987421631813049,0.5100299715995789,0.15026219189167023,-0.3413298428058624,0.9395340085029602,0.9987792372703552,0.4382137358188629,0.14986775815486908,-0.1400885134935379,0.9162300229072571,0.9984368681907654,0.4979568123817444,0.15006078779697418,-0.3479689061641693,0.9366253018379211,0.9988207221031189,0.4444582760334015,0.15261313319206238,-0.09455201774835587,0.9154871702194214,0.9988273978233337,0.49384164810180664,0.15401874482631683,-0.2952112555503845,0.9298445582389832,0.9990789890289307,0.45215436816215515,0.4063505530357361,0.036195579916238785,0.9980069994926453,0.9999860525131226,0.4989985227584839,0.40137380361557007,-0.03576892241835594,0.9982959032058716,0.999982476234436,0.445210337638855,0.46967214345932007,0.14478565752506256,0.901479959487915,0.9998816251754761,0.5029574036598206,0.46864017844200134,0.14324550330638885,0.927256166934967,0.9998354911804199,0.4630776345729828,0.5422137975692749,0.3088555932044983,0.8839543461799622,0.9998297691345215,0.485283225774765,0.5423977375030518,0.3295452892780304,0.9095370173454285,0.9998027682304382,0.4592740833759308,0.552611231803894,0.31833940744400024,0.8250771164894104,0.9997904896736145,0.4829674959182739,0.552377462387085,0.34410303831100464,0.8523852825164795,0.9997969269752502,0.4443320035934448,0.5621905326843262,0.23637424409389496,0.8771936297416687,0.9996763467788696,0.48705700039863586,0.5600350499153137,0.32352161407470703,0.8895062208175659,0.9997410178184509
99,3366,True,0.4741431474685669,0.23990163207054138,0.08577373623847961,0.9983307123184204,0.9999880790710449,0.4708482027053833,0.23615232110023499,0.06136438995599747,0.9980412125587463,0.9999818801879883,0.4677719473838806,0.2362227439880371,0.061374127864837646,0.9976081252098083,0.9999818801879883,0.4631090462207794,0.23591706156730652,0.061285730451345444,0.9978541135787964,0.9999803304672241,0.4785183370113373,0.23617883026599884,0.04904569685459137,0.998244047164917,0.9999815225601196,0.4834134876728058,0.23623374104499817,0.0488903783261776,0.9980481266975403,0.9999792575836182,0.4880257844924927,0.23594574630260468,0.04898621141910553,0.9981771111488342,0.9999768733978271,0.4608657956123352,0.2418288290500641,-0.02669210359454155,0.9967943429946899,0.9999810457229614,0.4922434985637665,0.2414122074842453,-0.08395113050937653,0.9976388812065125,0.9999734163284302,0.4721558094024658,0.24603910744190216,0.06045137345790863,0.9971181154251099,0.9999722242355347,0.47937968373298645,0.24628698825836182,0.043823834508657455,0.9972776174545288,0.9999716281890869,0.42673400044441223,0.2698313891887665,-0.05483395233750343,0.9988424777984619,0.9999620914459229,0.5197993516921997,0.2667465806007385,-0.16279540956020355,0.9985860586166382,0.9999351501464844,0.42443498969078064,0.21443240344524384,-0.020009126514196396,0.9546257257461548,0.9999279975891113,0.527527391910553,0.21543176472187042,-0.2081267237663269,0.9659545421600342,0.9998307228088379,0.433876633644104,0.15976078808307648,-0.05877545848488808,0.9553002715110779,0.9990901947021484,0.5153622031211853,0.15935759246349335,-0.26796483993530273,0.9622688889503479,0.9989573955535889,0.4293714165687561,0.15026454627513885,-0.08733940124511719,0.9276227355003357,0.9983955025672913,0.5165241360664368,0.1501646488904953,-0.3211641013622284,0.9411296844482422,0.9981639981269836,0.43873634934425354,0.1498655378818512,-0.121161088347435,0.9222859740257263,0.9980952143669128,0.5040637254714966,0.1500987410545349,-0.3275466561317444,0.9382731318473816,0.9982581734657288,0.44288384914398193,0.15254947543144226,-0.07667037844657898,0.9214527606964111,0.9985438585281372,0.5012231469154358,0.1540004312992096,-0.27692100405693054,0.9317811131477356,0.9986284971237183,0.44686105847358704,0.405520498752594,0.04109660163521767,0.9982017874717712,0.9999783039093018,0.5043424963951111,0.40063828229904175,-0.040673818439245224,0.99845951795578,0.9999727010726929,0.44116008281707764,0.47430211305618286,0.18358026444911957,0.9095587730407715,0.9997945427894592,0.5072004795074463,0.4702061712741852,0.1364632397890091,0.9318665266036987,0.9997209906578064,0.4572768807411194,0.5471676588058472,0.3280963599681854,0.894111156463623,0.9996535778045654,0.4906175434589386,0.5434854030609131,0.28899961709976196,0.9144696593284607,0.9996010661125183,0.45433127880096436,0.5571339726448059,0.34152108430862427,0.8417108058929443,0.9995549321174622,0.4851619303226471,0.5534466505050659,0.30287784337997437,0.8635653257369995,0.9995713829994202,0.4443303048610687,0.567672610282898,0.24594463407993317,0.886189341545105,0.9993983507156372,0.49739697575569153,0.5640791654586792,0.2520636320114136,0.8923258185386658,0.9994882345199585
100,3400,True,0.4726383090019226,0.23586483299732208,0.10283956676721573,0.9984844923019409,0.9999865293502808,0.4684391915798187,0.2328745424747467,0.07582306116819382,0.9982199668884277,0.9999802112579346,0.4639824330806732,0.23286402225494385,0.07582824677228928,0.9978276491165161,0.9999805688858032,0.45988544821739197,0.23250313103199005,0.07573572546243668,0.9980458617210388,0.9999793767929077,0.47832491993904114,0.23291167616844177,0.06584508717060089,0.9984076619148254,0.99997878074646,0.4832844138145447,0.2328360378742218,0.06570328772068024,0.9982308149337769,0.9999759197235107,0.4878896176815033,0.2324078530073166,0.06581248342990875,0.9983415603637695,0.9999725818634033,0.45487073063850403,0.23835694789886475,-0.02127700299024582,0.9970953464508057,0.9999810457229614,0.49197646975517273,0.23736175894737244,-0.06860775500535965,0.9978561997413635,0.9999685287475586,0.46849140524864197,0.24354076385498047,0.07434170693159103,0.9973817467689514,0.9999707937240601,0.47918397188186646,0.2436804324388504,0.060682449489831924,0.9975249767303467,0.9999686479568481,0.4229305684566498,0.2672741711139679,-0.05460941046476364,0.9989227056503296,0.9999630451202393,0.5162972807884216,0.26359814405441284,-0.14297634363174438,0.9986869692802429,0.9999191761016846,0.42028138041496277,0.21337826550006866,-0.016695545986294746,0.9532694220542908,0.999925971031189,0.5247870683670044,0.21324880421161652,-0.17736957967281342,0.9656370282173157,0.9997976422309875,0.4299333393573761,0.1591087281703949,-0.04525906220078468,0.9570909142494202,0.9991298317909241,0.5102614760398865,0.15936508774757385,-0.23707500100135803,0.9616203308105469,0.9989432692527771,0.42474427819252014,0.14978089928627014,-0.07311339676380157,0.9327111840248108,0.9984540939331055,0.5112946033477783,0.15025776624679565,-0.2865687608718872,0.9416806697845459,0.9981626868247986,0.43214017152786255,0.14966616034507751,-0.10708214342594147,0.9277182817459106,0.9981518387794495,0.5034623742103577,0.15046529471874237,-0.29577022790908813,0.9388824701309204,0.9982684850692749,0.43854600191116333,0.15259304642677307,-0.06248316168785095,0.9267868995666504,0.998598039150238,0.4958708584308624,0.15406808257102966,-0.24689048528671265,0.9326044321060181,0.9986340403556824,0.4427506625652313,0.40527158975601196,0.03954514488577843,0.9983772039413452,0.999982476234436,0.5059130787849426,0.4005083441734314,-0.03915391489863396,0.9986066818237305,0.9999759197235107,0.43869179487228394,0.4742256700992584,0.18351523578166962,0.916560709476471,0.9997920393943787,0.5092670321464539,0.47013506293296814,0.13397035002708435,0.9352447390556335,0.9996953010559082,0.4551714062690735,0.5475090742111206,0.3312477767467499,0.9030693769454956,0.9996421337127686,0.4909941852092743,0.5437423586845398,0.3010418713092804,0.9177606701850891,0.9995539784431458,0.4536716341972351,0.5573902130126953,0.34385067224502563,0.8566107153892517,0.9995445609092712,0.4858298897743225,0.5541354417800903,0.31589120626449585,0.8728507161140442,0.9995359182357788,0.4426751732826233,0.569936990737915,0.25375479459762573,0.8938336372375488,0.9993910789489746,0.499997615814209,0.565946638584137,0.2603002190589905,0.8928242921829224,0.999455988407135
101,3434,True,0.4726506173610687,0.23085305094718933,0.12461735308170319,0.9986124634742737,0.9999760389328003,0.4684497117996216,0.2265346348285675,0.0951889231801033,0.9983623027801514,0.9999605417251587,0.46435433626174927,0.22656448185443878,0.0952078178524971,0.9980015158653259,0.9999606609344482,0.4606035351753235,0.22634616494178772,0.09511952847242355,0.99819415807724,0.9999581575393677,0.4793572723865509,0.22638404369354248,0.0891287699341774,0.9985414743423462,0.9999589920043945,0.4844634532928467,0.22626587748527527,0.08900260180234909,0.9983797073364258,0.9999537467956543,0.4892677664756775,0.22588534653186798,0.08913353830575943,0.9984715580940247,0.9999483823776245,0.45591896772384644,0.23241737484931946,-0.011158542707562447,0.9973412752151489,0.9999581575393677,0.4927915334701538,0.231641486287117,-0.04076139256358147,0.9980296492576599,0.9999393224716187,0.46823641657829285,0.2386438548564911,0.09263402968645096,0.997596263885498,0.9999428987503052,0.47949934005737305,0.23855504393577576,0.08422911167144775,0.9977263808250427,0.9999419450759888,0.42198148369789124,0.26337629556655884,-0.054698195308446884,0.9989809393882751,0.9999226331710815,0.51882404088974,0.2593518793582916,-0.112386055290699,0.9987507462501526,0.9998577833175659,0.4162871837615967,0.21136827766895294,-0.013688908889889717,0.953262448310852,0.9999023675918579,0.5297294855117798,0.20602378249168396,-0.14396537840366364,0.9641417860984802,0.9997783303260803,0.4266490638256073,0.15770718455314636,-0.021253082901239395,0.9591279625892639,0.9991782307624817,0.5127803087234497,0.15588408708572388,-0.20215223729610443,0.960138201713562,0.9990940093994141,0.42335784435272217,0.14837443828582764,-0.049138132482767105,0.9375274181365967,0.9985361099243164,0.5040833950042725,0.14733697474002838,-0.2479681372642517,0.9413155913352966,0.9984018206596375,0.4320836365222931,0.14699582755565643,-0.07876022905111313,0.9328330159187317,0.998233437538147,0.49857038259506226,0.1478695422410965,-0.26170632243156433,0.9385449886322021,0.9984514713287354,0.43528273701667786,0.15100088715553284,-0.03633132949471474,0.9318217039108276,0.9986881613731384,0.49002283811569214,0.15124158561229706,-0.21397210657596588,0.9326184988021851,0.9988007545471191,0.4435056149959564,0.40306395292282104,0.03876211494207382,0.998533308506012,0.9999678134918213,0.5053995251655579,0.39945894479751587,-0.03836338594555855,0.9987359046936035,0.9999589920043945,0.43719372153282166,0.47171419858932495,0.15377499163150787,0.9232385158538818,0.9996904134750366,0.5090567469596863,0.4677935540676117,0.1190091148018837,0.9375770688056946,0.9996108412742615,0.4556696116924286,0.5453416705131531,0.269752562046051,0.9114943742752075,0.9995217323303223,0.49082985520362854,0.5419250726699829,0.24801987409591675,0.9210201501846313,0.9994551539421082,0.4547692537307739,0.5562065839767456,0.2785246670246124,0.8701747059822083,0.9993916749954224,0.48591724038124084,0.5534856915473938,0.25841042399406433,0.8811046481132507,0.999408483505249,0.441545695066452,0.5708621740341187,0.18560032546520233,0.9014260172843933,0.9992340803146362,0.4997493326663971,0.5645254254341125,0.18995355069637299,0.8937923312187195,0.999337375164032
102,3468,True,0.47276368737220764,0.22399120032787323,0.17513534426689148,0.9987367391586304,0.9999874830245972,0.46850818395614624,0.2202068269252777,0.1477346569299698,0.9985035061836243,0.9999784231185913,0.4645013213157654,0.22028961777687073,0.1477912962436676,0.9981744885444641,0.9999784231185913,0.45970645546913147,0.22020764648914337,0.14774750173091888,0.9983459115028381,0.9999768733978271,0.48035258054733276,0.21880051493644714,0.14096148312091827,0.9986717700958252,0.9999772310256958,0.485457181930542,0.21860620379447937,0.14085528254508972,0.9985247850418091,0.9999740123748779,0.4900222718715668,0.21822114288806915,0.14102530479431152,0.9986021518707275,0.9999703168869019,0.45562756061553955,0.22520606219768524,0.04074395075440407,0.99757981300354,0.9999752044677734,0.49304577708244324,0.22406475245952606,0.008335486054420471,0.9981994032859802,0.999962568283081,0.46781492233276367,0.23174449801445007,0.142122283577919,0.9978039264678955,0.9999624490737915,0.47981274127960205,0.23140473663806915,0.1326303631067276,0.9979209303855896,0.9999616146087646,0.42115575075149536,0.2559833228588104,-0.011181896552443504,0.9990412592887878,0.9999308586120605,0.5204810500144958,0.2531273663043976,-0.07232193648815155,0.9988188147544861,0.9998642206192017,0.41483166813850403,0.20622313022613525,0.044599756598472595,0.9535868167877197,0.9999269247055054,0.5309616923332214,0.20235300064086914,-0.1132778450846672,0.9635260701179504,0.9998005032539368,0.42481905221939087,0.15475547313690186,0.0673864334821701,0.9611054062843323,0.9994556307792664,0.5152873992919922,0.15308697521686554,-0.1792302280664444,0.959286093711853,0.9993317723274231,0.4215877056121826,0.145890474319458,0.04788297042250633,0.9419504404067993,0.9990019202232361,0.5124605298042297,0.14455628395080566,-0.22139517962932587,0.9414695501327515,0.9988351464271545,0.4306437075138092,0.14583896100521088,0.019355840981006622,0.9375286102294922,0.9987855553627014,0.4991060495376587,0.14695431292057037,-0.23493489623069763,0.9387311935424805,0.9988623857498169,0.4335220456123352,0.1485844850540161,0.05428823456168175,0.9364281892776489,0.9991212487220764,0.494595468044281,0.14988712966442108,-0.19074895977973938,0.9329126477241516,0.9991318583488464,0.4425724744796753,0.3931124210357666,0.03649347275495529,0.998674750328064,0.9999697208404541,0.5053880214691162,0.38996216654777527,-0.036129746586084366,0.998853862285614,0.9999594688415527,0.4368821382522583,0.4703133702278137,0.11923880130052567,0.9291368722915649,0.9997325539588928,0.5109686851501465,0.4659430980682373,0.06771983206272125,0.940229058265686,0.9996758699417114,0.45621150732040405,0.5413525700569153,0.1974470615386963,0.9191350340843201,0.999625563621521,0.49063026905059814,0.5389165282249451,0.15806986391544342,0.924836277961731,0.9995241165161133,0.45529788732528687,0.5515705347061157,0.20334067940711975,0.8824187517166138,0.9995341300964355,0.4864029884338379,0.5498626828193665,0.16456164419651031,0.8888799548149109,0.999474823474884,0.4398139417171478,0.5681746006011963,0.10753126442432404,0.9085549712181091,0.9993748068809509,0.49986496567726135,0.5640162229537964,0.08772550523281097,0.8963208198547363,0.9993671774864197
103,3502,True,0.47244560718536377,0.21516525745391846,0.06955283880233765,0.9988456964492798,0.9999401569366455,0.46861836314201355,0.21092967689037323,0.031383950263261795,0.9986177086830139,0.9999020099639893,0.46472930908203125,0.21103516221046448,0.031373247504234314,0.9983099699020386,0.9998965263366699,0.46017783880233765,0.21092736721038818,0.031209588050842285,0.9984736442565918,0.9998842477798462,0.4789484739303589,0.21012799441814423,0.034428372979164124,0.9987789392471313,0.9998936653137207,0.4828365445137024,0.20991826057434082,0.0341828390955925,0.9986404180526733,0.9998773336410522,0.486186146736145,0.20950695872306824,0.03426133841276169,0.9987106919288635,0.9998539686203003,0.4563324749469757,0.21644261479377747,-0.017479853704571724,0.9977481365203857,0.9998016953468323,0.4878810942173004,0.21483266353607178,-0.0626857727766037,0.9983072876930237,0.9997041821479797,0.4679042398929596,0.22084155678749084,0.033173706382513046,0.9979385137557983,0.9993833303451538,0.47781914472579956,0.22024822235107422,0.03520426154136658,0.9980270266532898,0.9992967844009399,0.42779895663261414,0.24713048338890076,-0.019047103822231293,0.9989160895347595,0.9986897110939026,0.5175477266311646,0.24486246705055237,-0.11459212005138397,0.9986217617988586,0.9975401163101196,0.42095303535461426,0.19598954916000366,-0.02579541690647602,0.9497779607772827,0.9997770190238953,0.5246049761772156,0.20277996361255646,-0.1567307561635971,0.9628652334213257,0.9995244741439819,0.4316292107105255,0.15261110663414001,-0.010017205029726028,0.9592715501785278,0.9993882179260254,0.5083340406417847,0.1524016559123993,-0.23172663152217865,0.9580799341201782,0.9993016719818115,0.42848464846611023,0.1438576728105545,-0.009023569524288177,0.9409124255180359,0.9989343285560608,0.505597710609436,0.14407995343208313,-0.2761552035808563,0.9403712153434753,0.9989416003227234,0.4349944293498993,0.1444852352142334,-0.07251639664173126,0.9365001320838928,0.9988020658493042,0.49343299865722656,0.14697416126728058,-0.2838960289955139,0.937732458114624,0.998936116695404,0.43765246868133545,0.14653822779655457,-0.02525855414569378,0.9351987838745117,0.9990968704223633,0.49385541677474976,0.1497492492198944,-0.24528934061527252,0.931292712688446,0.9991477727890015,0.4524610638618469,0.37749403715133667,0.04631466418504715,0.9987920522689819,0.9998799562454224,0.4914420247077942,0.37351128458976746,-0.04616362601518631,0.9989490509033203,0.9998824596405029,0.4417724907398224,0.4603908658027649,0.07424254715442657,0.9258568286895752,0.9993970394134521,0.5097664594650269,0.45511141419410706,-0.031442247331142426,0.9411464333534241,0.9994016885757446,0.4569997489452362,0.53697669506073,0.17231933772563934,0.9212828874588013,0.9991827607154846,0.4844106435775757,0.535612940788269,0.07867357134819031,0.9267378449440002,0.9991389513015747,0.4542461931705475,0.5513019561767578,0.17673109471797943,0.8863383531570435,0.9988282322883606,0.4791381061077118,0.548220157623291,0.0839996412396431,0.8879919052124023,0.9989044666290283,0.4526631236076355,0.5679528117179871,0.05078265443444252,0.9103973507881165,0.9985767602920532,0.4990008771419525,0.5620429515838623,-0.03698652237653732,0.8982738852500916,0.9986652135848999
104,3536,True,0.47355231642723083,0.20305833220481873,0.015196442604064941,0.998944103717804,0.999967098236084,0.47101178765296936,0.19915395975112915,-0.00032193801598623395,0.9987273812294006,0.9999425411224365,0.46858057379722595,0.19916173815727234,-0.00031056496663950384,0.9984369874000549,0.9999394416809082,0.465955525636673,0.19888891279697418,-0.0003393808437976986,0.9985954761505127,0.9999338388442993,0.47887739539146423,0.19861620664596558,-0.006295626517385244,0.9988766312599182,0.9999346733093262,0.4824570417404175,0.1983691155910492,-0.006428224500268698,0.9987417459487915,0.9999251365661621,0.4848240315914154,0.19789719581604004,-0.006333527155220509,0.9988105297088623,0.9999094009399414,0.46038925647735596,0.20169100165367126,-0.013900511898100376,0.9978999495506287,0.9998990297317505,0.4850427806377411,0.20122499763965607,-0.051703378558158875,0.9983938336372375,0.9998365640640259,0.4699811637401581,0.20937082171440125,0.00620956951752305,0.9980482459068298,0.9996485710144043,0.4778026044368744,0.2088167369365692,-0.0018465574830770493,0.9981023669242859,0.999589741230011,0.4285197854042053,0.2343970090150833,-0.009804362431168556,0.9988641142845154,0.9986849427223206,0.5090571641921997,0.23389172554016113,-0.10097236931324005,0.9983274340629578,0.996905505657196,0.42493003606796265,0.1940774768590927,0.005049524828791618,0.9448512196540833,0.9997931122779846,0.5262570381164551,0.20329925417900085,-0.1397274136543274,0.9557156562805176,0.99944669008255,0.4348565936088562,0.1528540551662445,0.0009354593930765986,0.9548393487930298,0.9996102452278137,0.5071220397949219,0.15270420908927917,-0.15339525043964386,0.9465672373771667,0.9994844198226929,0.4291422963142395,0.143882617354393,-0.024836119264364243,0.9362342357635498,0.9992744326591492,0.49925291538238525,0.14498618245124817,-0.19192390143871307,0.9268086552619934,0.9992144107818604,0.4342736601829529,0.1444355547428131,-0.04058767482638359,0.9314069151878357,0.9991920590400696,0.4815060496330261,0.14702221751213074,-0.2016298919916153,0.9237405061721802,0.9991698265075684,0.4400884509086609,0.1465500295162201,-0.008399315178394318,0.9299762845039368,0.9994226694107056,0.48623865842819214,0.150226891040802,-0.16177785396575928,0.9173111915588379,0.9993534684181213,0.4546763002872467,0.36291810870170593,0.04334186017513275,0.998897135257721,0.9999076128005981,0.4754481017589569,0.35930731892585754,-0.04316697269678116,0.9990333318710327,0.9999033212661743,0.4519336223602295,0.4379045367240906,0.032676417380571365,0.9226423501968384,0.9995222091674805,0.4696720838546753,0.43580931425094604,-0.03420119732618332,0.941964864730835,0.9995508790016174,0.45840704441070557,0.5256500840187073,0.1304113119840622,0.9236647486686707,0.9994938373565674,0.4738833010196686,0.5264152884483337,0.07135076820850372,0.9290872812271118,0.9994033575057983,0.45471471548080444,0.5401347875595093,0.13461986184120178,0.8900667428970337,0.9993014335632324,0.4690167307853699,0.5386784672737122,0.07567914575338364,0.8877972364425659,0.9992520213127136,0.4594568610191345,0.553415060043335,0.007777185644954443,0.9122753143310547,0.9990469813346863,0.4763965308666229,0.5518981218338013,-0.05265619605779648,0.9002463817596436,0.9989646673202515
105,3570,True,0.47393476963043213,0.1933407038450241,-0.08803321421146393,0.9990382790565491,0.9999805688858032,0.47343799471855164,0.18801027536392212,-0.05715033784508705,0.9988355040550232,0.999963641166687,0.4729863405227661,0.18783341348171234,-0.057114072144031525,0.9985628128051758,0.9999566078186035,0.47279366850852966,0.1874425858259201,-0.056969054043293,0.9987125992774963,0.9999444484710693,0.4774740934371948,0.18825910985469818,-0.0597262904047966,0.9989731907844543,0.9999707937240601,0.4788767099380493,0.1882970929145813,-0.05974984169006348,0.9988459944725037,0.9999704360961914,0.47892171144485474,0.18810319900512695,-0.05968263000249863,0.9989122748374939,0.999966025352478,0.4718180298805237,0.1911030411720276,0.04698358103632927,0.9980401396751404,0.9998866319656372,0.4717983603477478,0.19299468398094177,0.03209477290511131,0.998511016368866,0.9999390840530396,0.4722881615161896,0.19939731061458588,-0.03730486333370209,0.9981282353401184,0.999630331993103,0.47598183155059814,0.20029446482658386,-0.03814246132969856,0.9981868863105774,0.9997093081474304,0.5020028948783875,0.22512158751487732,0.04502074420452118,0.9986321926116943,0.9933825731277466,0.4306389391422272,0.2258213460445404,0.007320927921682596,0.9980865716934204,0.9968865513801575,0.5009989142417908,0.19324739277362823,-0.022958561778068542,0.9423072338104248,0.9991114735603333,0.4295242726802826,0.20453205704689026,-0.17336615920066833,0.9582176208496094,0.9993840456008911,0.4583337604999542,0.15303494036197662,-0.030376162379980087,0.9480592608451843,0.9989184141159058,0.4470920264720917,0.15412835776805878,-0.26937487721443176,0.9477919936180115,0.9996790885925293,0.45677945017814636,0.14394822716712952,-0.05444318428635597,0.9216725826263428,0.9985365867614746,0.44688788056373596,0.1450689435005188,-0.3102831244468689,0.9243038892745972,0.9995717406272888,0.4589342474937439,0.14528857171535492,-0.10114898532629013,0.9159502387046814,0.9984104633331299,0.44997164607048035,0.14731624722480774,-0.260627806186676,0.9206753373146057,0.9994925260543823,0.46139824390411377,0.14979662001132965,-0.061609793454408646,0.9146496057510376,0.9986922144889832,0.4531492590904236,0.15035296976566315,-0.264437198638916,0.9129999279975891,0.9995724558830261,0.47845757007598877,0.34507423639297485,0.020833704620599747,0.9989816546440125,0.9997549653053284,0.4515710473060608,0.3450670540332794,-0.02096804603934288,0.9991058707237244,0.9998227953910828,0.48393160104751587,0.42430490255355835,-0.06506738811731339,0.9248479008674622,0.9992243051528931,0.43872711062431335,0.4274179935455322,-0.05590973049402237,0.9455135464668274,0.9996662139892578,0.46904128789901733,0.5124271512031555,0.09859178215265274,0.927108883857727,0.9995538592338562,0.45426347851753235,0.5172289609909058,0.06467645615339279,0.9337271451950073,0.9994052648544312,0.4574301838874817,0.5275067090988159,0.10622201859951019,0.8849118947982788,0.9993513226509094,0.45500263571739197,0.530784547328949,0.06671085208654404,0.8806328177452087,0.9991186261177063,0.5007147192955017,0.5441750884056091,-0.06915618479251862,0.9163386225700378,0.9987785220146179,0.4403553009033203,0.5470205545425415,-0.13103879988193512,0.9066208004951477,0.9981465339660645
