frame,timestamp_ms,pose_detected,lm_0_x,lm_0_y,lm_0_z,lm_0_visibility,lm_0_presence,lm_1_x,lm_1_y,lm_1_z,lm_1_visibility,lm_1_presence,lm_2_x,lm_2_y,lm_2_z,lm_2_visibility,lm_2_presence,lm_3_x,lm_3_y,lm_3_z,lm_3_visibility,lm_3_presence,lm_4_x,lm_4_y,lm_4_z,lm_4_visibility,lm_4_presence,lm_5_x,lm_5_y,lm_5_z,lm_5_visibility,lm_5_presence,lm_6_x,lm_6_y,lm_6_z,lm_6_visibility,lm_6_presence,lm_7_x,lm_7_y,lm_7_z,lm_7_visibility,lm_7_presence,lm_8_x,lm_8_y,lm_8_z,lm_8_visibility,lm_8_presence,lm_9_x,lm_9_y,lm_9_z,lm_9_visibility,lm_9_presence,lm_10_x,lm_10_y,lm_10_z,lm_10_visibility,lm_10_presence,lm_11_x,lm_11_y,lm_11_z,lm_11_visibility,lm_11_presence,lm_12_x,lm_12_y,lm_12_z,lm_12_visibility,lm_12_presence,lm_13_x,lm_13_y,lm_13_z,lm_13_visibility,lm_13_presence,lm_14_x,lm_14_y,lm_14_z,lm_14_visibility,lm_14_presence,lm_15_x,lm_15_y,lm_15_z,lm_15_visibility,lm_15_presence,lm_16_x,lm_16_y,lm_16_z,lm_16_visibility,lm_16_presence,lm_17_x,lm_17_y,lm_17_z,lm_17_visibility,lm_17_presence,lm_18_x,lm_18_y,lm_18_z,lm_18_visibility,lm_18_presence,lm_19_x,lm_19_y,lm_19_z,lm_19_visibility,lm_19_presence,lm_20_x,lm_20_y,lm_20_z,lm_20_visibility,lm_20_presence,lm_21_x,lm_21_y,lm_21_z,lm_21_visibility,lm_21_presence,lm_22_x,lm_22_y,lm_22_z,lm_22_visibility,lm_22_presence,lm_23_x,lm_23_y,lm_23_z,lm_23_visibility,lm_23_presence,lm_24_x,lm_24_y,lm_24_z,lm_24_visibility,lm_24_presence,lm_25_x,lm_25_y,lm_25_z,lm_25_visibility,lm_25_presence,lm_26_x,lm_26_y,lm_26_z,lm_26_visibility,lm_26_presence,lm_27_x,lm_27_y,lm_27_z,lm_27_visibility,lm_27_presence,lm_28_x,lm_28_y,lm_28_z,lm_28_visibility,lm_28_presence,lm_29_x,lm_29_y,lm_29_z,lm_29_visibility,lm_29_presence,lm_30_x,lm_30_y,lm_30_z,lm_30_visibility,lm_30_presence,lm_31_x,lm_31_y,lm_31_z,lm_31_visibility,lm_31_presence,lm_32_x,lm_32_y,lm_32_z,lm_32_visibility,lm_32_presence
0,0,True,0.463837593793869,0.3588904142379761,-0.1944514662027359,0.9999239444732666,0.9999746084213257,0.4599800407886505,0.3606121242046356,-0.16586631536483765,0.9999043941497803,0.9999661445617676,0.4616158902645111,0.3610442876815796,-0.16583728790283203,0.9998594522476196,0.9999624490737915,0.46285390853881836,0.3611714839935303,-0.16586236655712128,0.9998878240585327,0.9999562501907349,0.4561093747615814,0.3606826663017273,-0.20510266721248627,0.999954342842102,0.9999707937240601,0.45519256591796875,0.3611682653427124,-0.20533089339733124,0.9999483823776245,0.9999712705612183,0.4542156755924225,0.36147087812423706,-0.2053976207971573,0.999953031539917,0.9999699592590332,0.46019524335861206,0.3647270202636719,-0.043510254472494125,0.9998247027397156,0.9999544620513916,0.45128723978996277,0.370390921831131,-0.21855275332927704,0.9999282360076904,0.9999674558639526,0.47054946422576904,0.365143746137619,-0.14768554270267487,0.9997463822364807,0.9999192953109741,0.46612799167633057,0.3648381531238556,-0.19849561154842377,0.9997748732566833,0.999932050704956,0.4874317944049835,0.39297962188720703,0.06249743700027466,0.9995007514953613,0.9998108744621277,0.46066203713417053,0.392440527677536,-0.31691494584083557,0.9998503923416138,0.9999376535415649,0.47283557057380676,0.3412780463695526,0.10156641155481339,0.5716667175292969,0.9998409748077393,0.41570621728897095,0.3488108813762665,-0.4822063148021698,0.9972042441368103,0.9998263716697693,0.4444033205509186,0.294647753238678,0.03596773371100426,0.7584473490715027,0.9983071088790894,0.3938811123371124,0.30653178691864014,-0.5521350502967834,0.9917118549346924,0.9978190660476685,0.44091716408729553,0.287278950214386,0.015098994597792625,0.7094236612319946,0.9971942901611328,0.38652729988098145,0.29794371128082275,-0.6166707873344421,0.9805779457092285,0.9961032867431641,0.439731627702713,0.28763437271118164,-0.009622604586184025,0.7032912969589233,0.997134804725647,0.4009774923324585,0.2942093014717102,-0.5929991006851196,0.9786953330039978,0.9962705373764038,0.44021573662757874,0.28977125883102417,0.016178250312805176,0.7220765948295593,0.997490406036377,0.4048764407634735,0.29607540369033813,-0.5479433536529541,0.9742599129676819,0.9968286156654358,0.5276666879653931,0.4995071291923523,0.12254887819290161,0.999859094619751,0.9998905658721924,0.5032402873039246,0.49994993209838867,-0.12235713750123978,0.9999035596847534,0.9999361038208008,0.5081568360328674,0.5626229047775269,0.18144415318965912,0.7271167039871216,0.9997627139091492,0.5010455250740051,0.5581425428390503,-0.08107401430606842,0.985332190990448,0.9998279809951782,0.4751901924610138,0.6226258277893066,0.3952517509460449,0.7811826467514038,0.9997244477272034,0.47283074259757996,0.6266535520553589,0.09927579760551453,0.9762772917747498,0.9996557235717773,0.46268361806869507,0.6306462287902832,0.4102257192134857,0.7808826565742493,0.9996267557144165,0.46614548563957214,0.6377823352813721,0.11167077720165253,0.9322739839553833,0.9995957016944885,0.49085208773612976,0.6496846675872803,0.3346642851829529,0.8163299560546875,0.9993213415145874,0.4924686551094055,0.6598101258277893,0.00462298234924674,0.9627999067306519,0.9992145299911499
1,34,True,0.4639151990413666,0.35890311002731323,-0.17896829545497894,0.9998825788497925,0.9996684789657593,0.4587882161140442,0.3593460023403168,-0.15341070294380188,0.9998509287834167,0.999637246131897,0.46071571111679077,0.3610018789768219,-0.1533895879983902,0.9997774362564087,0.9996084570884705,0.46161794662475586,0.3611209988594055,-0.1534370481967926,0.999832034111023,0.9995532631874084,0.4553947448730469,0.360765665769577,-0.1926405429840088,0.9999290704727173,0.9996832609176636,0.4551662802696228,0.36117231845855713,-0.19287848472595215,0.9999176263809204,0.9996920824050903,0.4542088806629181,0.3614809811115265,-0.19298794865608215,0.9999284744262695,0.9996836185455322,0.4602815806865692,0.36483079195022583,-0.040584497153759,0.9997428059577942,0.9995399713516235,0.4512391686439514,0.37039029598236084,-0.21614156663417816,0.9998973608016968,0.9996459484100342,0.47029685974121094,0.36395952105522156,-0.13594269752502441,0.9996364116668701,0.9990724325180054,0.466185599565506,0.36393994092941284,-0.1868131011724472,0.9996769428253174,0.9991886019706726,0.4875240623950958,0.39064064621925354,0.061506763100624084,0.9991609454154968,0.9985702037811279,0.46181440353393555,0.39228546619415283,-0.3121946454048157,0.9997709393501282,0.999416708946228,0.4623054563999176,0.34117016196250916,0.0718935951590538,0.5579718351364136,0.9992271661758423,0.41574910283088684,0.3486761450767517,-0.45651382207870483,0.9969766736030579,0.9993014335632324,0.4320117235183716,0.2956616282463074,-0.0032428179401904345,0.7443621158599854,0.9919872283935547,0.38886478543281555,0.30721014738082886,-0.5233643651008606,0.990861713886261,0.9917083382606506,0.4167560040950775,0.2903398871421814,-0.025721875950694084,0.6972290873527527,0.988836407661438,0.3800376355648041,0.29884427785873413,-0.5878407955169678,0.9790007472038269,0.9873077273368835,0.4190294146537781,0.2902105450630188,-0.0529865063726902,0.6913114786148071,0.9880451560020447,0.39195770025253296,0.295333594083786,-0.5643431544303894,0.977003276348114,0.9877527952194214,0.42053794860839844,0.2940822243690491,-0.02400137111544609,0.7095507383346558,0.9887773394584656,0.39489829540252686,0.29925736784935,-0.5192127227783203,0.9724412560462952,0.9889093041419983,0.5315482020378113,0.5009437799453735,0.12244147062301636,0.999801516532898,0.9991315007209778,0.5181813836097717,0.5010157823562622,-0.12222472578287125,0.9998630285263062,0.9995587468147278,0.5104608535766602,0.5707691311836243,0.18226225674152374,0.71903395652771,0.9980506896972656,0.5113144516944885,0.5654535293579102,-0.07913892716169357,0.985287070274353,0.9984276294708252,0.47522997856140137,0.622689425945282,0.38459810614585876,0.7752137780189514,0.997381865978241,0.4736781120300293,0.625680148601532,0.09968037158250809,0.9752480983734131,0.9976972937583923,0.46259596943855286,0.6338471174240112,0.3993760943412781,0.7779327034950256,0.9966993927955627,0.4659755229949951,0.6343430280685425,0.1124773845076561,0.9322739839553833,0.9975044131278992,0.49087321758270264,0.6510470509529114,0.31283533573150635,0.8113996386528015,0.9954087138175964,0.49252673983573914,0.6591464281082153,0.0044928197748959064,0.9611078500747681,0.9961108565330505
2,68,True,0.464025616645813,0.35782942175865173,-0.2231915146112442,0.9998148679733276,0.999248206615448,0.45880305767059326,0.3573111891746521,-0.19346106052398682,0.9997608065605164,0.9991575479507446,0.4622277617454529,0.3574725389480591,-0.19348882138729095,0.9996420741081238,0.9990990161895752,0.46352216601371765,0.3571978807449341,-0.193541020154953,0.9997310638427734,0.9989842772483826,0.4557133615016937,0.360641747713089,-0.22463689744472504,0.999891996383667,0.9992874264717102,0.4553138315677643,0.3611592650413513,-0.2248518466949463,0.9998723864555359,0.9993171691894531,0.452961802482605,0.3616712689399719,-0.22496643662452698,0.9998907446861267,0.9993022680282593,0.46793001890182495,0.3637571930885315,-0.056174393743276596,0.9996181726455688,0.9990525841712952,0.4513028562068939,0.36958038806915283,-0.20661991834640503,0.9998685121536255,0.9993574023246765,0.471280038356781,0.36227500438690186,-0.1704796403646469,0.999518632888794,0.9986670017242432,0.46669530868530273,0.36322033405303955,-0.20996880531311035,0.9996024966239929,0.9988948702812195,0.5043891072273254,0.38396328687667847,0.042863428592681885,0.9991455078125,0.9985001087188721,0.4575188457965851,0.39130255579948425,-0.29053187370300293,0.9997628331184387,0.9995760321617126,0.48411527276039124,0.3366992771625519,0.04793873429298401,0.580775797367096,0.9992382526397705,0.400635302066803,0.3535056710243225,-0.4216323494911194,0.9970720410346985,0.9995220899581909,0.4509323537349701,0.2888329029083252,0.0053126513957977295,0.7550921440124512,0.9900534749031067,0.38301369547843933,0.3082655668258667,-0.5006316900253296,0.9910960793495178,0.9956395626068115,0.44947099685668945,0.28254958987236023,-0.01891893893480301,0.7038456201553345,0.98216313123703,0.3767951428890228,0.30049315094947815,-0.5605281591415405,0.9792341589927673,0.9909441471099854,0.4429489076137543,0.283517062664032,-0.04169629514217377,0.6976837515830994,0.98155677318573,0.384198933839798,0.29644453525543213,-0.538239598274231,0.9773012399673462,0.9914060831069946,0.44181138277053833,0.285912424325943,-0.014029104262590408,0.716134250164032,0.9841067790985107,0.3873263895511627,0.3006878197193146,-0.4965357184410095,0.9728239178657532,0.992749810218811,0.5568757057189941,0.4945533275604248,0.10247782617807388,0.9997809529304504,0.9986242055892944,0.5259939432144165,0.495656818151474,-0.1024518758058548,0.9998414516448975,0.9994875192642212,0.5360543727874756,0.5673151016235352,0.1476183533668518,0.7146167159080505,0.9953757524490356,0.513725221157074,0.5653610229492188,-0.054763633757829666,0.9811862111091614,0.9975438714027405,0.47514674067497253,0.6144007444381714,0.4024425148963928,0.7571225762367249,0.9931992888450623,0.4707804322242737,0.61628657579422,0.13967779278755188,0.9678176641464233,0.9929078817367554,0.4646371603012085,0.6281777620315552,0.42743411660194397,0.7641924619674683,0.9920580983161926,0.458477646112442,0.624472975730896,0.15621447563171387,0.9207586050033569,0.9922999143600464,0.4889174699783325,0.6456194519996643,0.3510589897632599,0.7950402498245239,0.9875920414924622,0.4756920635700226,0.6486808657646179,0.03763632848858833,0.9528440833091736,0.9857102632522583
3,102,True,0.46387171745300293,0.3575909435749054,-0.20576074719429016,0.9996549487113953,0.9991920590400696,0.45740431547164917,0.35649919509887695,-0.18930098414421082,0.9995050430297852,0.9991604089736938,0.45948076248168945,0.3565307855606079,-0.18925261497497559,0.9993436932563782,0.9991461038589478,0.4629243314266205,0.3558230996131897,-0.18923960626125336,0.9995033740997314,0.9990963935852051,0.4552275240421295,0.35885360836982727,-0.20793534815311432,0.9997662901878357,0.9991387128829956,0.45529425144195557,0.3611261546611786,-0.20816683769226074,0.999735414981842,0.9991199374198914,0.45310965180397034,0.36164575815200806,-0.20829500257968903,0.9997528791427612,0.9990599751472473,0.46768689155578613,0.36350053548812866,-0.08808279782533646,0.9993062615394592,0.9990159273147583,0.45431700348854065,0.36837419867515564,-0.1944771707057953,0.9996914267539978,0.9988728165626526,0.4715261161327362,0.36020803451538086,-0.16609472036361694,0.9991419315338135,0.9984007477760315,0.4670220613479614,0.3613418638706207,-0.193583145737648,0.9992056488990784,0.9981880784034729,0.5082876682281494,0.3802085518836975,-0.028161276131868362,0.999018669128418,0.9990795850753784,0.47486716508865356,0.38637226819992065,-0.256000280380249,0.9996816515922546,0.9991180300712585,0.47421756386756897,0.3356304168701172,-0.05997292697429657,0.6040199995040894,0.9996353387832642,0.422965407371521,0.3525044322013855,-0.33392444252967834,0.9958198666572571,0.9993366599082947,0.43493735790252686,0.29098445177078247,-0.10628180205821991,0.7669005990028381,0.9951529502868652,0.3869433104991913,0.3082445561885834,-0.42309480905532837,0.9889485239982605,0.9957740902900696,0.4263767600059509,0.2828805148601532,-0.1377609670162201,0.7162864804267883,0.9911386370658875,0.38137850165367126,0.3004646599292755,-0.4844287931919098,0.9757097959518433,0.9930095672607422,0.424821674823761,0.283698171377182,-0.15604308247566223,0.7104394435882568,0.9904897212982178,0.3855646252632141,0.29703202843666077,-0.46850934624671936,0.9737131595611572,0.9932471513748169,0.43045803904533386,0.2872266173362732,-0.12158775329589844,0.7265534996986389,0.9923852682113647,0.3884201943874359,0.3006470203399658,-0.4228276014328003,0.9685648083686829,0.9940882921218872,0.5631498694419861,0.4930155277252197,0.08011971414089203,0.9997367262840271,0.9992802739143372,0.5431155562400818,0.49206075072288513,-0.0800798237323761,0.9997910261154175,0.999535083770752,0.5419016480445862,0.5645781755447388,0.17423352599143982,0.7006686329841614,0.9968683123588562,0.5261643528938293,0.5617617964744568,0.026675593107938766,0.9773585796356201,0.9974164962768555,0.47954994440078735,0.5995668172836304,0.4520857036113739,0.7435525059700012,0.9945189356803894,0.4758915305137634,0.5966458320617676,0.25547683238983154,0.9600457549095154,0.9954357743263245,0.4729515016078949,0.6139702796936035,0.4776304066181183,0.751268744468689,0.9937384128570557,0.4742167592048645,0.6065304279327393,0.27579066157341003,0.9131108522415161,0.9953135251998901,0.4882083535194397,0.6326025724411011,0.39000943303108215,0.7838743925094604,0.9916414022445679,0.4769558012485504,0.6264299750328064,0.1643277257680893,0.944901168346405,0.9925200939178467
4,136,True,0.46387097239494324,0.3575980067253113,-0.1696159839630127,0.9996808767318726,0.9999485015869141,0.4587824046611786,0.3581560254096985,-0.15615275502204895,0.9995371103286743,0.9999434947967529,0.46039894223213196,0.3583377003669739,-0.15614721179008484,0.9993923902511597,0.9999414682388306,0.46315014362335205,0.35829034447669983,-0.1561857908964157,0.99953693151474,0.9999353885650635,0.45727381110191345,0.3599081337451935,-0.18517418205738068,0.9997816681861877,0.9999421834945679,0.45754292607307434,0.3618338704109192,-0.18542544543743134,0.9997552633285522,0.99993896484375,0.4566861391067505,0.36258628964424133,-0.1855059564113617,0.9997687935829163,0.9999326467514038,0.46736758947372437,0.3680020868778229,-0.07781782746315002,0.9993579983711243,0.9999219179153442,0.45898619294166565,0.37056684494018555,-0.20498080551624298,0.9997103810310364,0.999901533126831,0.4736095368862152,0.36012551188468933,-0.14064423739910126,0.9991955161094666,0.9998356103897095,0.4722256660461426,0.36143264174461365,-0.17831066250801086,0.9992541670799255,0.9998168349266052,0.5059590935707092,0.38162440061569214,0.0021366567816585302,0.9990436434745789,0.9997913241386414,0.4861389696598053,0.38545653223991394,-0.27353811264038086,0.9996829032897949,0.9998490810394287,0.4714420437812805,0.3378424048423767,-0.0066254097037017345,0.6139461398124695,0.9999067783355713,0.44225022196769714,0.3482270836830139,-0.3786483407020569,0.9954965710639954,0.9998475313186646,0.4312571585178375,0.2948562502861023,-0.07357632368803024,0.7729793190956116,0.9985747337341309,0.39982521533966064,0.30682745575904846,-0.4598369896411896,0.9884324073791504,0.9977349042892456,0.42136532068252563,0.2901791036128998,-0.0942116528749466,0.7255953550338745,0.9975700974464417,0.3914240002632141,0.300385445356369,-0.5170053839683533,0.975480318069458,0.9962068796157837,0.42322471737861633,0.2901824414730072,-0.11695069074630737,0.7196347713470459,0.9973341226577759,0.394295334815979,0.2971546947956085,-0.5027730464935303,0.9734758734703064,0.9962368011474609,0.42775091528892517,0.2915855646133423,-0.09042271226644516,0.7328616380691528,0.9978203773498535,0.3981480598449707,0.3005712032318115,-0.4586816132068634,0.9680723547935486,0.9968672394752502,0.5649704933166504,0.4892429709434509,0.08716914057731628,0.9997344017028809,0.9998227953910828,0.5565778613090515,0.48892420530319214,-0.08719287812709808,0.999786376953125,0.9998879432678223,0.5544054508209229,0.5603078007698059,0.1714002788066864,0.71173095703125,0.9994682669639587,0.5503993034362793,0.5576649308204651,-0.04028023034334183,0.9784245491027832,0.9995309114456177,0.48994216322898865,0.5963678956031799,0.36760640144348145,0.7581658959388733,0.9991779923439026,0.49682164192199707,0.59074866771698,0.13542523980140686,0.9617173671722412,0.9993014335632324,0.4887566566467285,0.6157110929489136,0.3817852735519409,0.7652090787887573,0.9990313053131104,0.5064417719841003,0.6068273782730103,0.1512223184108734,0.9176717400550842,0.9992570281028748,0.5061821937561035,0.633044421672821,0.28358718752861023,0.7964205741882324,0.9984809756278992,0.5207633376121521,0.6257913112640381,0.046106692403554916,0.9472658038139343,0.9986053109169006
5,170,True,0.4640970528125763,0.35702258348464966,-0.1742078959941864,0.9997000098228455,0.9999459981918335,0.4597323536872864,0.35864418745040894,-0.15819470584392548,0.9995585680007935,0.9999228715896606,0.4608778655529022,0.35885855555534363,-0.1581336408853531,0.9994221329689026,0.9999188184738159,0.46349403262138367,0.3606170117855072,-0.15808862447738647,0.9995599389076233,0.9999086856842041,0.4603073000907898,0.3611702620983124,-0.18715578317642212,0.999792218208313,0.9999227523803711,0.4609193503856659,0.362684428691864,-0.18742536008358002,0.9997671842575073,0.9999206066131592,0.46102404594421387,0.3634639382362366,-0.18752990663051605,0.9997792840003967,0.9999123811721802,0.46867111325263977,0.3686583936214447,-0.1013169214129448,0.9993885159492493,0.9998878240585327,0.46963801980018616,0.370822548866272,-0.23265543580055237,0.9997214674949646,0.9998761415481567,0.47367456555366516,0.3600510358810425,-0.14351974427700043,0.9992408752441406,0.9998456239700317,0.4735674262046814,0.3608826994895935,-0.17970794439315796,0.9992905259132385,0.9998347759246826,0.5054992437362671,0.3819926381111145,-0.02319178357720375,0.9990450143814087,0.9996787309646606,0.5126917958259583,0.38011273741722107,-0.2975565493106842,0.9996874332427979,0.9997671246528625,0.4652927815914154,0.33892327547073364,-0.0449577271938324,0.6297609210014343,0.9998680353164673,0.4693678617477417,0.3418080806732178,-0.39886474609375,0.9954796433448792,0.9997294545173645,0.429065078496933,0.29568177461624146,-0.1199311763048172,0.7825937867164612,0.9986575841903687,0.4292786419391632,0.30494916439056396,-0.47764676809310913,0.9882359504699707,0.9980615973472595,0.41074684262275696,0.29369837045669556,-0.1457182615995407,0.7365947961807251,0.9975528120994568,0.40863415598869324,0.29588446021080017,-0.5380398035049438,0.9752166867256165,0.9967083930969238,0.4160613715648651,0.2926098704338074,-0.1686531901359558,0.7309349179267883,0.9975038170814514,0.403267502784729,0.296138733625412,-0.535416305065155,0.9731848835945129,0.9969697594642639,0.42617878317832947,0.29232776165008545,-0.13662679493427277,0.7420687675476074,0.9980108141899109,0.4075433015823364,0.29961079359054565,-0.4824742078781128,0.9674599766731262,0.9974769949913025,0.5651728510856628,0.48567724227905273,0.09227441251277924,0.9996950030326843,0.9994612336158752,0.5658366680145264,0.4822809100151062,-0.09224969148635864,0.9997605085372925,0.999661922454834,0.5493263006210327,0.5539752244949341,0.1699724644422531,0.7013599276542664,0.9986786246299744,0.560528039932251,0.5557278990745544,-0.0656280368566513,0.9789665341377258,0.999042809009552,0.49081218242645264,0.5960094928741455,0.35489600896835327,0.7545973658561707,0.9980870485305786,0.5331456661224365,0.5952602624893188,0.07242115586996078,0.9621301293373108,0.9979907274246216,0.4861028790473938,0.6135676503181458,0.3703323304653168,0.7641525864601135,0.9976587295532227,0.5295133590698242,0.6118298768997192,0.08492263406515121,0.9190047383308411,0.9976160526275635,0.5054504871368408,0.622061014175415,0.2867891788482666,0.7923739552497864,0.9968750476837158,0.5406138300895691,0.6307407021522522,-0.02627282217144966,0.946525514125824,0.9964937567710876
6,204,True,0.4666689932346344,0.3563360273838043,-0.17155581712722778,0.9996213316917419,0.9994428753852844,0.46279221773147583,0.3585703670978546,-0.15390373766422272,0.9994361400604248,0.999334990978241,0.4639795124530792,0.3587956130504608,-0.15385523438453674,0.9992485046386719,0.9992934465408325,0.46578556299209595,0.3602975010871887,-0.15384601056575775,0.9994480013847351,0.9992061257362366,0.4620961844921112,0.3611665368080139,-0.1801835596561432,0.9997313618659973,0.9993879795074463,0.46295711398124695,0.362354576587677,-0.18040452897548676,0.9996911287307739,0.9993866682052612,0.46311551332473755,0.3632917106151581,-0.18048347532749176,0.9997180700302124,0.9993595480918884,0.4729406535625458,0.3685283362865448,-0.08630254864692688,0.9991898536682129,0.9990537762641907,0.4709336459636688,0.37084507942199707,-0.18787279725074768,0.999638020992279,0.9991807341575623,0.47602781653404236,0.35895347595214844,-0.13831855356693268,0.9990075826644897,0.9983538389205933,0.48026520013809204,0.3614223897457123,-0.17137113213539124,0.9990556836128235,0.9983866214752197,0.5105756521224976,0.38091185688972473,-0.00575662637129426,0.9987686276435852,0.997996985912323,0.500731348991394,0.3813363015651703,-0.25143158435821533,0.9995794296264648,0.9987964630126953,0.47489285469055176,0.33604270219802856,-0.03588756546378136,0.6346657276153564,0.9993000030517578,0.45874378085136414,0.34267061948776245,-0.36155569553375244,0.9951785802841187,0.9991149306297302,0.4255378842353821,0.29610738158226013,-0.10566595196723938,0.7815654873847961,0.992639422416687,0.42693546414375305,0.3050151765346527,-0.4504835307598114,0.9874311089515686,0.9927400946617126,0.41119715571403503,0.2934587299823761,-0.13580696284770966,0.7347421646118164,0.9887635707855225,0.40095338225364685,0.2969982922077179,-0.5140880942344666,0.9736664891242981,0.988919198513031,0.4157003164291382,0.29261407256126404,-0.15612538158893585,0.7290991544723511,0.9879857897758484,0.39935213327407837,0.29668503999710083,-0.4992305040359497,0.9715691804885864,0.9892802834510803,0.42218729853630066,0.2927433252334595,-0.12251397967338562,0.7394042015075684,0.9893087148666382,0.40380731225013733,0.30040010809898376,-0.4511833190917969,0.9655458331108093,0.9903283715248108,0.5700830817222595,0.48320794105529785,0.08713871985673904,0.9996175765991211,0.9981576800346375,0.5610268712043762,0.48166975378990173,-0.08703611046075821,0.9996814131736755,0.9988081455230713,0.5680159330368042,0.55497145652771,0.12465800344944,0.6939427256584167,0.9974271655082703,0.5745028853416443,0.5522801280021667,-0.06815024465322495,0.9774676561355591,0.9976450800895691,0.5350580215454102,0.6171880960464478,0.27987030148506165,0.7532433867454529,0.9959614872932434,0.5496350526809692,0.5957337021827698,0.07587429136037827,0.9596957564353943,0.9963303208351135,0.5241894721984863,0.6265504956245422,0.29148590564727783,0.762153685092926,0.9948399662971497,0.5432528257369995,0.6147285103797913,0.08721452206373215,0.9163468480110168,0.9959564805030823,0.5428847670555115,0.6370795369148254,0.18310445547103882,0.7898786664009094,0.9921221137046814,0.5601109266281128,0.6340717077255249,-0.03383311256766319,0.9431756138801575,0.9934793710708618
7,238,True,0.47174152731895447,0.3561254143714905,-0.151266947388649,0.9994776844978333,0.9989312291145325,0.4714067280292511,0.3577846586704254,-0.14703579246997833,0.9991598129272461,0.998392641544342,0.4719586968421936,0.358081191778183,-0.14698298275470734,0.99884033203125,0.9983094930648804,0.47242042422294617,0.3592115044593811,-0.1469731479883194,0.9991590976715088,0.9981557726860046,0.47148093581199646,0.35893818736076355,-0.16863298416137695,0.9995537400245667,0.998392641544342,0.4722242057323456,0.3596569001674652,-0.168767511844635,0.9994491338729858,0.998293936252594,0.4725714325904846,0.3602331876754761,-0.16877979040145874,0.9995194673538208,0.9981412887573242,0.47450628876686096,0.36828476190567017,-0.09996484220027924,0.9986442923545837,0.9972280859947205,0.4785820543766022,0.3685252070426941,-0.19312699139118195,0.9992778301239014,0.9967833757400513,0.4825957119464874,0.35911041498184204,-0.12939760088920593,0.998606264591217,0.9953393936157227,0.48420286178588867,0.36129599809646606,-0.15679101645946503,0.9985907673835754,0.9950602650642395,0.4991103708744049,0.3814204931259155,-0.05317654088139534,0.9980336427688599,0.9926867485046387,0.5088893175125122,0.3792639374732971,-0.2501622140407562,0.9990810751914978,0.9925175905227661,0.44697320461273193,0.33607926964759827,-0.09193369746208191,0.6536989212036133,0.9984288811683655,0.47467583417892456,0.3398703932762146,-0.35775768756866455,0.9936707615852356,0.9976517558097839,0.405518501996994,0.30109769105911255,-0.17799699306488037,0.7921444773674011,0.993037760257721,0.42318853735923767,0.3021228015422821,-0.45829248428344727,0.9852645397186279,0.9934543371200562,0.3973788917064667,0.2956305146217346,-0.21739667654037476,0.7475773096084595,0.9894959330558777,0.4086070954799652,0.2949520945549011,-0.5239982008934021,0.9707481861114502,0.9904346466064453,0.403452605009079,0.2941994071006775,-0.23706014454364777,0.7420119047164917,0.9886777997016907,0.4097115397453308,0.2948681116104126,-0.5131334662437439,0.9686693549156189,0.9907960891723633,0.4086683392524719,0.2962503135204315,-0.19415578246116638,0.7511809468269348,0.9901931285858154,0.4134517312049866,0.29874345660209656,-0.46153879165649414,0.9621378779411316,0.9920056462287903,0.5663998126983643,0.48121556639671326,0.07525467872619629,0.9993242621421814,0.9933854937553406,0.5680185556411743,0.4799525737762451,-0.07517914474010468,0.9994425773620605,0.9957900643348694,0.5730380415916443,0.5500215888023376,0.09542914479970932,0.6922300457954407,0.9916040301322937,0.5892415046691895,0.550262451171875,-0.06491636484861374,0.9722966551780701,0.9941317439079285,0.5711977481842041,0.6164566278457642,0.26673614978790283,0.7489509582519531,0.9913143515586853,0.5898853540420532,0.6183508634567261,0.0677022859454155,0.9528919458389282,0.9891905784606934,0.5651212334632874,0.6264013051986694,0.2813050150871277,0.7627705931663513,0.9897654056549072,0.5861203670501709,0.6331363320350647,0.07595266401767731,0.9045892357826233,0.9873566627502441,0.5883848667144775,0.6329237222671509,0.19358107447624207,0.7805240750312805,0.9885355830192566,0.6071258187294006,0.6373735666275024,-0.04410628229379654,0.9302361011505127,0.9855361580848694
8,272,True,0.47138211131095886,0.3557858467102051,-0.03603794798254967,0.9990829229354858,0.9975051283836365,0.4703647196292877,0.3562268614768982,-0.047509290277957916,0.9984840750694275,0.996071457862854,0.47002020478248596,0.3569719195365906,-0.04747292026877403,0.9978889226913452,0.9957742094993591,0.4689811170101166,0.35798004269599915,-0.04743965342640877,0.9983812570571899,0.9954022169113159,0.4712180197238922,0.3560255467891693,-0.06592705845832825,0.999083936214447,0.9961370825767517,0.4726203382015228,0.3562740683555603,-0.06604129821062088,0.9988240003585815,0.9959469437599182,0.47569021582603455,0.35611671209335327,-0.06607217341661453,0.9989553689956665,0.9956268072128296,0.47231897711753845,0.3669353723526001,-0.07462926208972931,0.9975021481513977,0.9928003549575806,0.4820273816585541,0.3637480139732361,-0.1492767632007599,0.9984949827194214,0.9926159381866455,0.4796791076660156,0.3592413365840912,-0.03499811142683029,0.997913122177124,0.9916449189186096,0.48287227749824524,0.3611881732940674,-0.05908048897981644,0.9977074861526489,0.9913546442985535,0.463819682598114,0.3855486214160919,-0.036250337958335876,0.9967417120933533,0.9863600134849548,0.5133068561553955,0.3757874369621277,-0.2196718454360962,0.9985043406486511,0.9848677515983582,0.4128381907939911,0.3462100923061371,-0.0649905800819397,0.6723461747169495,0.997700035572052,0.4944087266921997,0.3324442505836487,-0.32692405581474304,0.9921820163726807,0.9968315958976746,0.3898977041244507,0.3053009510040283,-0.15809312462806702,0.8015598058700562,0.9935959577560425,0.43769514560699463,0.2934139370918274,-0.41811683773994446,0.9824929237365723,0.9917722344398499,0.38157010078430176,0.2991120219230652,-0.19531114399433136,0.7590753436088562,0.9892920255661011,0.42942339181900024,0.2878588140010834,-0.48274749517440796,0.9670301079750061,0.9870116710662842,0.39261558651924133,0.2970588207244873,-0.2161286473274231,0.7538729310035706,0.9890514016151428,0.4190915524959564,0.29208293557167053,-0.4808177947998047,0.9649548530578613,0.9879833459854126,0.3962584137916565,0.2989981174468994,-0.17356686294078827,0.7615784406661987,0.9908265471458435,0.42126214504241943,0.2947327196598053,-0.42393404245376587,0.9573241472244263,0.9895293116569519,0.5658113956451416,0.48291030526161194,0.0755302682518959,0.999091625213623,0.9943653345108032,0.5720431208610535,0.4806968569755554,-0.0755113884806633,0.9992915391921997,0.9959489107131958,0.567209780216217,0.5415899753570557,0.11819009482860565,0.6616335511207581,0.9759554862976074,0.5995973348617554,0.5558258295059204,-0.05122387781739235,0.9580332040786743,0.9832360148429871,0.5783082842826843,0.5966765284538269,0.2609192728996277,0.7175090909004211,0.9709611535072327,0.602074921131134,0.6367603540420532,0.035171523690223694,0.9340789318084717,0.9594525694847107,0.5783628821372986,0.6062082052230835,0.2736816704273224,0.7399014234542847,0.964931070804596,0.5971388220787048,0.6500247716903687,0.039127230644226074,0.8796534538269043,0.9453313946723938,0.5915761590003967,0.6007502675056458,0.21581058204174042,0.7430133819580078,0.9705048203468323,0.6189873814582825,0.6464529037475586,-0.06492980569601059,0.8982217907905579,0.9577223658561707
9,306,True,0.47120824456214905,0.3599761128425598,-0.08957498520612717,0.9985886216163635,0.9947866201400757,0.4671429395675659,0.3581589460372925,-0.09184368699789047,0.9970552921295166,0.9912772178649902,0.4632090628147125,0.35907095670700073,-0.09180721640586853,0.9963237047195435,0.9907147884368896,0.46162596344947815,0.35974258184432983,-0.09178502857685089,0.9969803690910339,0.9902576208114624,0.46927371621131897,0.3574863374233246,-0.11056645959615707,0.9982398748397827,0.9911156892776489,0.4708300232887268,0.35746851563453674,-0.11067141592502594,0.9977574944496155,0.9905480742454529,0.4735793173313141,0.3571583032608032,-0.1106661930680275,0.9979261755943298,0.9896009564399719,0.46417123079299927,0.36727282404899597,-0.1016058400273323,0.9944592118263245,0.9823358654975891,0.47926169633865356,0.3638318181037903,-0.16226834058761597,0.996743381023407,0.9785506725311279,0.4703746438026428,0.36334389448165894,-0.07719867676496506,0.9957599639892578,0.9747500419616699,0.47524529695510864,0.36359643936157227,-0.10177517682313919,0.9953287243843079,0.9716614484786987,0.4557587802410126,0.38854071497917175,-0.09081622213125229,0.9938572645187378,0.9660599827766418,0.5075533390045166,0.3770703971385956,-0.21020472049713135,0.996807873249054,0.9435878396034241,0.4080682396888733,0.3470593988895416,-0.15132549405097961,0.6904088258743286,0.9978699684143066,0.49080178141593933,0.33457711338996887,-0.300398588180542,0.9882392287254333,0.9959039092063904,0.3881988525390625,0.3082713484764099,-0.22766995429992676,0.8094221949577332,0.993952214717865,0.43186259269714355,0.29534003138542175,-0.397718608379364,0.9772838950157166,0.9941722750663757,0.3816199004650116,0.30130839347839355,-0.27166664600372314,0.766411304473877,0.9887380599975586,0.43433982133865356,0.2899693548679352,-0.4570343494415283,0.959077775478363,0.9913278222084045,0.3887406587600708,0.2994326651096344,-0.2858246862888336,0.7612544894218445,0.9884252548217773,0.42031538486480713,0.2922130227088928,-0.4603902995586395,0.957139790058136,0.9918227791786194,0.39286282658576965,0.30248382687568665,-0.2401789128780365,0.7672713398933411,0.9907744526863098,0.42270299792289734,0.294882595539093,-0.40550872683525085,0.9480885863304138,0.9928809404373169,0.5639883875846863,0.4829055368900299,0.05603712052106857,0.9985933303833008,0.9906238913536072,0.5861185789108276,0.48069334030151367,-0.056277111172676086,0.9990273714065552,0.9931724667549133,0.5637684464454651,0.5143843293190002,0.07208296656608582,0.6408852934837341,0.9773300886154175,0.6072190403938293,0.5549821257591248,-0.052705101668834686,0.9408121705055237,0.977226734161377,0.568938136100769,0.5340644717216492,0.18331487476825714,0.7037469744682312,0.9710844159126282,0.5997995734214783,0.6212719678878784,0.030158059671521187,0.9116498827934265,0.9575902223587036,0.571520984172821,0.5388327836990356,0.19258368015289307,0.7233281135559082,0.9586381316184998,0.5976633429527283,0.6303530335426331,0.03475819155573845,0.8477746248245239,0.9378325343132019,0.5711011290550232,0.527560830116272,0.12857960164546967,0.7221881747245789,0.9637057185173035,0.6049202680587769,0.6227706670761108,-0.07713253051042557,0.8666583895683289,0.9510061144828796
10,340,True,0.4687274992465973,0.3608532249927521,-0.051639821380376816,0.9986824989318848,0.9996436834335327,0.4594539701938629,0.35941407084465027,-0.05919380113482475,0.9972681999206543,0.9993832111358643,0.4565596282482147,0.36023399233818054,-0.059197742491960526,0.9965696930885315,0.9993674159049988,0.4542842507362366,0.3608655631542206,-0.05920890346169472,0.9971907734870911,0.9993361830711365,0.4673547148704529,0.3593897521495819,-0.07934220880270004,0.9983665347099304,0.999312162399292,0.46968913078308105,0.3590216636657715,-0.07941150665283203,0.9979130625724792,0.9992152452468872,0.4732246398925781,0.3584054708480835,-0.07933615148067474,0.9980679750442505,0.9990969896316528,0.45420125126838684,0.36883294582366943,-0.07457572966814041,0.9948837757110596,0.9989907145500183,0.47632235288619995,0.36392349004745483,-0.15480895340442657,0.996951162815094,0.9983397722244263,0.459738165140152,0.36481571197509766,-0.046744298189878464,0.9960519075393677,0.9982798099517822,0.4695298969745636,0.36550599336624146,-0.07356446981430054,0.9956475496292114,0.9979687333106995,0.4420059323310852,0.39166802167892456,-0.057027678936719894,0.9939150214195251,0.9966674447059631,0.5051344633102417,0.3775080442428589,-0.20812492072582245,0.9965196251869202,0.9917782545089722,0.40508028864860535,0.35151949524879456,-0.14321519434452057,0.7122999429702759,0.9992054104804993,0.48736512660980225,0.3350626826286316,-0.2984423041343689,0.9878087639808655,0.9979569911956787,0.3861536681652069,0.31025364995002747,-0.17579007148742676,0.8229371905326843,0.9969731569290161,0.4523293673992157,0.2908499836921692,-0.3876652121543884,0.976954460144043,0.9961689114570618,0.379061222076416,0.3033581078052521,-0.21789510548114777,0.7833566665649414,0.9941733479499817,0.450560599565506,0.2831941843032837,-0.44784167408943176,0.9592278599739075,0.993890643119812,0.38455161452293396,0.3013322651386261,-0.22729277610778809,0.7783621549606323,0.9940528273582458,0.4413215219974518,0.2858055830001831,-0.44545572996139526,0.9573220610618591,0.9944909811019897,0.38802456855773926,0.303132027387619,-0.19154620170593262,0.7836412191390991,0.9953859448432922,0.4360855221748352,0.2914780378341675,-0.39221546053886414,0.9480037093162537,0.9955196380615234,0.5480678677558899,0.4835437834262848,0.061063140630722046,0.998587965965271,0.9980788230895996,0.5768754482269287,0.4804519712924957,-0.06109551712870598,0.9989596009254456,0.9978402853012085,0.5629619359970093,0.5276304483413696,0.09587862342596054,0.6562076210975647,0.9937121868133545,0.6057676076889038,0.550733208656311,-0.047339003533124924,0.9378059506416321,0.9934129118919373,0.5852386355400085,0.5573061108589172,0.23355689644813538,0.7138785123825073,0.9906020164489746,0.6034969091415405,0.6156801581382751,0.04000131040811539,0.9097146391868591,0.9835512042045593,0.5882291793823242,0.5668597221374512,0.24606236815452576,0.7366926670074463,0.9885551333427429,0.6010949015617371,0.6274606585502625,0.04528936371207237,0.8451141715049744,0.9798094034194946,0.5997642278671265,0.575163722038269,0.18263697624206543,0.7236625552177429,0.9879190325737,0.6133498549461365,0.6176294088363647,-0.0578715056180954,0.8583756685256958,0.9812998175621033
11,374,True,0.4512850344181061,0.3660256266593933,-0.0826476663351059,0.9985924363136292,0.9977914094924927,0.4405233561992645,0.3637327551841736,-0.08490022271871567,0.9972323179244995,0.9972134232521057,0.4374338686466217,0.3642863631248474,-0.085552878677845,0.9965774416923523,0.9973735809326172,0.43444180488586426,0.3647718131542206,-0.0860639289021492,0.9971619248390198,0.997465968132019,0.44897177815437317,0.36320915818214417,-0.08172078430652618,0.9983106851577759,0.9965267777442932,0.45178255438804626,0.36303019523620605,-0.0820145532488823,0.9978560209274292,0.9960804581642151,0.4545181393623352,0.3626713752746582,-0.08203577250242233,0.9979516863822937,0.9954999089241028,0.4384829103946686,0.3704921305179596,-0.13050507009029388,0.9950994849205017,0.9971730709075928,0.4532015919685364,0.3661474585533142,-0.20371361076831818,0.9969155192375183,0.993818461894989,0.44925156235694885,0.37044692039489746,-0.06892634183168411,0.9960553050041199,0.9964653253555298,0.4546512961387634,0.37025371193885803,-0.08550741523504257,0.9956817626953125,0.9952308535575867,0.42863425612449646,0.39188891649246216,-0.09744811803102493,0.9943322539329529,0.9981008172035217,0.49392169713974,0.3814830482006073,-0.23703143000602722,0.9966392517089844,0.99326092004776,0.40431416034698486,0.35013729333877563,-0.10760999470949173,0.70831698179245,0.9993076324462891,0.4843941032886505,0.33558428287506104,-0.3235207200050354,0.9798353910446167,0.9981281161308289,0.3892849385738373,0.31132441759109497,-0.18923963606357574,0.8236435055732727,0.9956165552139282,0.4537960886955261,0.2890172302722931,-0.41032537817955017,0.9709244966506958,0.9948798418045044,0.38299232721328735,0.3042948544025421,-0.23177377879619598,0.7850196957588196,0.9907410144805908,0.45079153776168823,0.280746728181839,-0.47343096137046814,0.9522390961647034,0.9917622804641724,0.38705524802207947,0.30242863297462463,-0.24984154105186462,0.7804538011550903,0.9912959337234497,0.44380149245262146,0.282589852809906,-0.4675658047199249,0.9505815505981445,0.9925726652145386,0.3907935321331024,0.305440753698349,-0.2031700313091278,0.7849844098091125,0.9933667778968811,0.4371546506881714,0.28911852836608887,-0.4144069254398346,0.9398308992385864,0.9936814308166504,0.5380417704582214,0.4808127284049988,0.06295628845691681,0.9986905455589294,0.9988364577293396,0.5681988000869751,0.4793678820133209,-0.06300242245197296,0.9990302324295044,0.9982591271400452,0.5625979900360107,0.4780641198158264,0.29922378063201904,0.6382293105125427,0.9925166964530945,0.6065321564674377,0.5154887437820435,0.12075713276863098,0.928277313709259,0.9881736636161804,0.5762370228767395,0.46659883856773376,0.553800642490387,0.6975812315940857,0.9827339053153992,0.5851832628250122,0.5321033596992493,0.34108439087867737,0.8993322849273682,0.9748550057411194,0.5763798356056213,0.4677816331386566,0.5783945918083191,0.7221348881721497,0.977980375289917,0.5826274156570435,0.5350348353385925,0.36229416728019714,0.8339093923568726,0.969144880771637,0.5885688662528992,0.4567171037197113,0.539865255355835,0.7083828449249268,0.978116512298584,0.5962536931037903,0.5287623405456543,0.2907305061817169,0.8481549620628357,0.9683613181114197
12,408,True,0.4433937072753906,0.3677157461643219,-0.09402985870838165,0.9986758232116699,0.9994922876358032,0.433491975069046,0.3646166920661926,-0.10405444353818893,0.9974093437194824,0.9991651773452759,0.43097707629203796,0.36516237258911133,-0.10481392592191696,0.9968382716178894,0.9992097616195679,0.42828959226608276,0.3657104969024658,-0.10537277162075043,0.9973318576812744,0.9992212057113647,0.44287481904029846,0.36350321769714355,-0.10483621060848236,0.9983792901039124,0.9988974332809448,0.44547584652900696,0.3633120656013489,-0.10509732365608215,0.9979859590530396,0.9987179040908813,0.4478098452091217,0.36296528577804565,-0.10516051948070526,0.9980199933052063,0.998487114906311,0.4252140522003174,0.3721272051334381,-0.18725687265396118,0.9955010414123535,0.9991636276245117,0.44797423481941223,0.3674810528755188,-0.21437102556228638,0.997062623500824,0.9980424642562866,0.4375368654727936,0.3733225464820862,-0.09173765033483505,0.9963428378105164,0.9994995594024658,0.4476344585418701,0.3717271685600281,-0.104323610663414,0.9960234761238098,0.99936443567276,0.41376593708992004,0.39584749937057495,-0.16790996491909027,0.9948588609695435,0.9994978904724121,0.48439931869506836,0.38130635023117065,-0.22863231599330902,0.9969174861907959,0.9990097284317017,0.398711621761322,0.3518771529197693,-0.20516079664230347,0.7185982465744019,0.999760091304779,0.48231908679008484,0.3361821174621582,-0.2910254895687103,0.9682878255844116,0.999479353427887,0.38514742255210876,0.3115643858909607,-0.32365304231643677,0.8342900276184082,0.9979438185691833,0.4537962079048157,0.2890430986881256,-0.4200906455516815,0.9687198400497437,0.9977668523788452,0.3793158233165741,0.3039628863334656,-0.3816749155521393,0.7982598543167114,0.995387852191925,0.45481076836586,0.2794269323348999,-0.48247289657592773,0.9515745639801025,0.9956913590431213,0.38676151633262634,0.30190736055374146,-0.3941986858844757,0.7937626838684082,0.9960187077522278,0.4474571943283081,0.2808327078819275,-0.486954003572464,0.950206995010376,0.9963151812553406,0.3900965452194214,0.30454498529434204,-0.33525440096855164,0.7968895435333252,0.9970201849937439,0.44106048345565796,0.2867838740348816,-0.4197317361831665,0.9391592741012573,0.9969649910926819,0.5192974805831909,0.479481041431427,0.025265198200941086,0.9987020492553711,0.9971761703491211,0.5672685503959656,0.47403544187545776,-0.025299908593297005,0.9990341663360596,0.9968134760856628,0.5130903720855713,0.43018993735313416,0.2686039209365845,0.6178796887397766,0.9939007759094238,0.5701503753662109,0.43218332529067993,0.21533438563346863,0.8867102861404419,0.994244396686554,0.5265336632728577,0.4334339201450348,0.6036838293075562,0.6730521321296692,0.9925912618637085,0.5618369579315186,0.4480270743370056,0.5332529544830322,0.8728920817375183,0.9914154410362244,0.5279993414878845,0.43512749671936035,0.6364383697509766,0.6969144344329834,0.9926192164421082,0.5643644332885742,0.45259156823158264,0.563158392906189,0.813075840473175,0.9914952516555786,0.534277617931366,0.42830103635787964,0.6065604090690613,0.6900097727775574,0.9935280680656433,0.5599019527435303,0.44203871488571167,0.5153638124465942,0.828291654586792,0.9912819862365723
13,442,True,0.416084885597229,0.37183690071105957,-0.07835013419389725,0.9987731575965881,0.999825656414032,0.41497498750686646,0.3694102466106415,-0.10456394404172897,0.997612714767456,0.9997093081474304,0.4136941730976105,0.36994367837905884,-0.10499396920204163,0.9971107840538025,0.9997139573097229,0.41221460700035095,0.3706006109714508,-0.10530908405780792,0.9975351691246033,0.9997047781944275,0.42166638374328613,0.3673139214515686,-0.08883265405893326,0.9984858632087708,0.999657392501831,0.42355647683143616,0.36693036556243896,-0.08891455084085464,0.9981449246406555,0.9996137022972107,0.4252212941646576,0.36657002568244934,-0.08882180601358414,0.9981477856636047,0.9995447993278503,0.4136806130409241,0.3756962716579437,-0.1977861225605011,0.9959089756011963,0.9996985197067261,0.4307105541229248,0.3699193000793457,-0.12151686102151871,0.9972773790359497,0.9994926452636719,0.41880500316619873,0.3783546984195709,-0.0943344458937645,0.9966093301773071,0.9997500777244568,0.4261612296104431,0.3758425712585449,-0.07890971004962921,0.9963594675064087,0.9997468590736389,0.41177085041999817,0.4000254273414612,-0.24232125282287598,0.9953489899635315,0.9995239973068237,0.4681013226509094,0.380600243806839,-0.0867423489689827,0.9971887469291687,0.9995666146278381,0.40395036339759827,0.354194700717926,-0.353415310382843,0.7345691323280334,0.9998296499252319,0.46939435601234436,0.3367302119731903,-0.09749945253133774,0.930587112903595,0.9996873140335083,0.3859696686267853,0.31084397435188293,-0.43988853693008423,0.8446199893951416,0.9983910918235779,0.44901666045188904,0.2901059687137604,-0.2633334696292877,0.9573351740837097,0.9983294606208801,0.39291203022003174,0.3037058711051941,-0.5044163465499878,0.8105257749557495,0.9964312314987183,0.44792523980140686,0.28106898069381714,-0.30085888504981995,0.9441145658493042,0.9964929223060608,0.39201533794403076,0.30114561319351196,-0.4949623942375183,0.8057664036750793,0.9970816969871521,0.4419771432876587,0.2817249894142151,-0.3280826210975647,0.9434482455253601,0.9969018697738647,0.3956463634967804,0.3043458163738251,-0.44075220823287964,0.8066015243530273,0.9977676868438721,0.4387877583503723,0.28762713074684143,-0.28029802441596985,0.9320376515388489,0.9975409507751465,0.5210686326026917,0.47995781898498535,-0.0501859076321125,0.9987413287162781,0.9980083107948303,0.5581144690513611,0.47108373045921326,0.05027810111641884,0.9990575909614563,0.9978199005126953,0.5111562013626099,0.44357696175575256,0.2074744552373886,0.6197926998138428,0.9934357404708862,0.5484729409217834,0.4333057403564453,0.3183896243572235,0.8214782476425171,0.9957362413406372,0.5040932297706604,0.4501923620700836,0.4989760220050812,0.653496265411377,0.9932425618171692,0.5278140902519226,0.4556163251399994,0.6052607893943787,0.8239809274673462,0.9921005368232727,0.4996684193611145,0.4528070092201233,0.5295800566673279,0.6800241470336914,0.9931237101554871,0.527282178401947,0.46140775084495544,0.6331666707992554,0.7767557501792908,0.9915424585342407,0.5021555423736572,0.4409961700439453,0.5336437225341797,0.6722055673599243,0.9951856732368469,0.5159054398536682,0.4455797076225281,0.6370125412940979,0.7887722849845886,0.9930525422096252
14,476,True,0.4106975197792053,0.3693545460700989,-0.12574437260627747,0.9988575577735901,0.9996447563171387,0.40507951378822327,0.36568132042884827,-0.14891870319843292,0.997807502746582,0.9993095397949219,0.4012413024902344,0.36680009961128235,-0.14903095364570618,0.9973589777946472,0.9992896318435669,0.3988553285598755,0.3674997389316559,-0.1491003930568695,0.9977325797080994,0.9992477893829346,0.4113923907279968,0.363596111536026,-0.1681293547153473,0.9985925555229187,0.9991793036460876,0.413309782743454,0.3631790280342102,-0.1681230366230011,0.998287558555603,0.9990466237068176,0.4168034791946411,0.36226943135261536,-0.16805078089237213,0.9982729554176331,0.9988477230072021,0.3959023058414459,0.3743198812007904,-0.1944723278284073,0.9962318539619446,0.9983324408531189,0.42235347628593445,0.3667088747024536,-0.2874380648136139,0.9974541664123535,0.9971062541007996,0.4122057557106018,0.37814393639564514,-0.1363299936056137,0.9968674778938293,0.9983611702919006,0.4215991199016571,0.3739284873008728,-0.1624850183725357,0.9966230988502502,0.9979360103607178,0.39530616998672485,0.4005243182182312,-0.20196864008903503,0.9953929781913757,0.9880346655845642,0.4603720009326935,0.3779747784137726,-0.29011714458465576,0.9970405697822571,0.9895085096359253,0.39252984523773193,0.356410413980484,-0.038386955857276917,0.7073779106140137,0.9984032511711121,0.46486955881118774,0.3367287218570709,-0.2441416233778,0.9290913939476013,0.9984311461448669,0.38824209570884705,0.31049981713294983,-0.0778321847319603,0.8282004594802856,0.9965085387229919,0.4507555365562439,0.2887715697288513,-0.2927197217941284,0.9549031853675842,0.9974257349967957,0.38886550068855286,0.3047315776348114,-0.12033980339765549,0.7926673293113708,0.9945090413093567,0.45187199115753174,0.28012219071388245,-0.3574918508529663,0.9401241540908813,0.9961094260215759,0.3924890160560608,0.30192533135414124,-0.15757694840431213,0.7884353399276733,0.9941065311431885,0.4436083137989044,0.28090548515319824,-0.36626625061035156,0.9398245215415955,0.9963125586509705,0.3956718444824219,0.30390793085098267,-0.10094087570905685,0.7936015129089355,0.9950284361839294,0.4383701682090759,0.2860814034938812,-0.30154040455818176,0.9291753172874451,0.996757447719574,0.5060850381851196,0.47634023427963257,0.02075188048183918,0.9978479743003845,0.9740205407142639,0.556367039680481,0.4628373980522156,-0.02040936052799225,0.9983586668968201,0.9818035364151001,0.4396057426929474,0.4013928472995758,0.11087960004806519,0.5792653560638428,0.989819347858429,0.49884605407714844,0.3786657154560089,-0.016717445105314255,0.7847430109977722,0.9910256266593933,0.3942914605140686,0.35006654262542725,0.31202876567840576,0.6329628229141235,0.9956745505332947,0.4553990960121155,0.3357565999031067,0.21010228991508484,0.8083640933036804,0.9971334934234619,0.39453408122062683,0.34219712018966675,0.3248057961463928,0.6574803590774536,0.9952103495597839,0.45233026146888733,0.331332802772522,0.2223498821258545,0.7616692185401917,0.9971957206726074,0.3710373342037201,0.33482685685157776,0.17683465778827667,0.6692256331443787,0.9951441287994385,0.4349803626537323,0.3196333050727844,0.060275688767433167,0.7869556546211243,0.9964445233345032
15,510,True,0.41615355014801025,0.36644789576530457,-0.2031751275062561,0.9987015724182129,0.998113751411438,0.4072672128677368,0.3640076816082001,-0.21515163779258728,0.9975512623786926,0.997336208820343,0.40375015139579773,0.3651290833950043,-0.21531234681606293,0.9971968531608582,0.9975179433822632,0.4015834927558899,0.36559298634529114,-0.21547579765319824,0.9975440502166748,0.9976217150688171,0.41262900829315186,0.36235174536705017,-0.24449193477630615,0.9983586668968201,0.9964523315429688,0.4142318665981293,0.3620778024196625,-0.24448789656162262,0.9980297088623047,0.9958795309066772,0.41750696301460266,0.3620995879173279,-0.24441951513290405,0.997897744178772,0.9951173067092896,0.3959561586380005,0.3718646168708801,-0.21467439830303192,0.9960959553718567,0.9976396560668945,0.41880539059638977,0.3668336570262909,-0.34772974252700806,0.9971349835395813,0.9939711689949036,0.41354620456695557,0.37458163499832153,-0.1953342705965042,0.9967350959777832,0.9979861974716187,0.42206957936286926,0.3736557364463806,-0.23420876264572144,0.9964094161987305,0.9970132112503052,0.3831431567668915,0.39331039786338806,-0.14560507237911224,0.9956293702125549,0.9978512525558472,0.46084004640579224,0.38679760694503784,-0.37520918250083923,0.997096061706543,0.9937947988510132,0.38536345958709717,0.35560137033462524,-0.038749270141124725,0.6710517406463623,0.9988824725151062,0.46088358759880066,0.3415544629096985,-0.4170415699481964,0.9307339191436768,0.9977860450744629,0.38596993684768677,0.3100828528404236,-0.11697984486818314,0.8093644380569458,0.9947134852409363,0.4531340003013611,0.28950387239456177,-0.41149401664733887,0.9534924030303955,0.9936375617980957,0.3849554657936096,0.30426621437072754,-0.1577519029378891,0.7775484323501587,0.9912978410720825,0.45145705342292786,0.28098782896995544,-0.48723846673965454,0.9364113807678223,0.9909029603004456,0.387313574552536,0.30155065655708313,-0.19551894068717957,0.7741572856903076,0.9911203980445862,0.4453323483467102,0.2809271812438965,-0.4860502779483795,0.9361249208450317,0.9916017651557922,0.3938813805580139,0.30312082171440125,-0.13999907672405243,0.7820888161659241,0.992622971534729,0.44104084372520447,0.2862831652164459,-0.4162884056568146,0.9250252842903137,0.9925040006637573,0.4924919903278351,0.4659389555454254,0.07891232520341873,0.9977046251296997,0.9937974810600281,0.540634274482727,0.46325188875198364,-0.07886163145303726,0.9983241558074951,0.9922642707824707,0.4504127502441406,0.3891682028770447,0.18074192106723785,0.54207843542099,0.9939940571784973,0.5030547976493835,0.4012742042541504,-0.06091868132352829,0.7804418206214905,0.9894489049911499,0.4264591336250305,0.3856021761894226,0.4241751730442047,0.610264003276825,0.9935169219970703,0.4892822206020355,0.4208029806613922,0.21520066261291504,0.8048104047775269,0.9942898750305176,0.4283144772052765,0.3813583254814148,0.44655489921569824,0.6408748626708984,0.9931001663208008,0.48828867077827454,0.4206155836582184,0.23866519331932068,0.7616923451423645,0.9947287440299988,0.41456541419029236,0.3938923478126526,0.3956272602081299,0.6579057574272156,0.9909475445747375,0.4821120500564575,0.43571534752845764,0.08832935988903046,0.7896367907524109,0.9921973347663879
16,544,True,0.41235271096229553,0.3569115996360779,-0.22060345113277435,0.9985716938972473,0.9978396892547607,0.39968350529670715,0.3581863343715668,-0.2232087254524231,0.9975237250328064,0.9964614510536194,0.3983398377895355,0.3584747314453125,-0.2233561873435974,0.9971277117729187,0.9963963627815247,0.39318960905075073,0.3602745234966278,-0.22348745167255402,0.9975205063819885,0.9962443113327026,0.4014407992362976,0.35756489634513855,-0.25762850046157837,0.9982829093933105,0.9961255192756653,0.4017191231250763,0.3574080169200897,-0.2576785385608673,0.9979094862937927,0.9958726763725281,0.4056532680988312,0.3594971299171448,-0.2576529085636139,0.997846245765686,0.9953782558441162,0.38508036732673645,0.3661705553531647,-0.19545112550258636,0.9960519671440125,0.995076596736908,0.4067081809043884,0.36456045508384705,-0.34841394424438477,0.9969607591629028,0.9936555624008179,0.41008496284484863,0.36550015211105347,-0.2022690623998642,0.9967000484466553,0.9956701993942261,0.41308775544166565,0.36539220809936523,-0.24775132536888123,0.9963365793228149,0.9950856566429138,0.3880658745765686,0.3918723464012146,-0.09501427412033081,0.995615541934967,0.9853401780128479,0.4497963786125183,0.38639944791793823,-0.3835650086402893,0.9969998598098755,0.9846856594085693,0.39144283533096313,0.35505589842796326,0.0198194719851017,0.6421071887016296,0.9952377080917358,0.4586227536201477,0.34152621030807495,-0.43034446239471436,0.9307916164398193,0.9935131669044495,0.38773876428604126,0.30928748846054077,-0.03730957582592964,0.7854671478271484,0.9874589443206787,0.45240452885627747,0.28958576917648315,-0.4086996614933014,0.950963020324707,0.989055871963501,0.3856709897518158,0.30290815234184265,-0.06199827790260315,0.7538619637489319,0.9832348823547363,0.449584424495697,0.2815239429473877,-0.4772122800350189,0.9317824244499207,0.9853229522705078,0.3875267803668976,0.29934024810791016,-0.10323316603899002,0.7515109181404114,0.9823113679885864,0.4435901641845703,0.28134074807167053,-0.47546905279159546,0.9314208030700684,0.9865586757659912,0.39434653520584106,0.3018576204776764,-0.06088864058256149,0.7628634572029114,0.983993411064148,0.4393100440502167,0.28659746050834656,-0.41188010573387146,0.9186866283416748,0.9880266189575195,0.49410736560821533,0.4597714841365814,0.09538176655769348,0.9955026507377625,0.9365784525871277,0.5280019640922546,0.45915356278419495,-0.0951986089348793,0.9969960451126099,0.950735867023468,0.47384941577911377,0.39253610372543335,0.14897744357585907,0.5006802678108215,0.9717180728912354,0.5243058800697327,0.3921419680118561,-0.09179526567459106,0.7673775553703308,0.9769138693809509,0.43647173047065735,0.3741064667701721,0.38328009843826294,0.5650903582572937,0.9827288389205933,0.49019941687583923,0.38546520471572876,0.1348569691181183,0.7865731716156006,0.9844993948936462,0.44446250796318054,0.3708638548851013,0.40637636184692383,0.6010470986366272,0.983948290348053,0.5053909420967102,0.3859300911426544,0.15441282093524933,0.7423662543296814,0.9849143624305725,0.4422464072704315,0.36757761240005493,0.3717593252658844,0.6211072206497192,0.9859134554862976,0.4983219504356384,0.3798338770866394,0.07777409255504608,0.7763391733169556,0.9846189618110657
17,578,True,0.39763402938842773,0.3535870313644409,-0.18722017109394073,0.9986615180969238,0.9995218515396118,0.38787841796875,0.35404911637306213,-0.20299652218818665,0.997715413570404,0.9991961121559143,0.38659149408340454,0.3543317914009094,-0.20298360288143158,0.9973368048667908,0.999221682548523,0.3843179941177368,0.35505932569503784,-0.2029525488615036,0.9977138042449951,0.9991710186004639,0.3914421498775482,0.35336893796920776,-0.22141918540000916,0.9984090328216553,0.9990670084953308,0.3933804929256439,0.3547988831996918,-0.2214900702238083,0.9980520009994507,0.9989690780639648,0.3943690359592438,0.35565584897994995,-0.2214764505624771,0.9980074167251587,0.9987761378288269,0.3750283122062683,0.3645003139972687,-0.12515707314014435,0.996347188949585,0.9991973042488098,0.39331814646720886,0.36249130964279175,-0.31302034854888916,0.9971623420715332,0.9986518025398254,0.3986428678035736,0.3593830168247223,-0.18890324234962463,0.9969642758369446,0.9995388984680176,0.4034385681152344,0.35870689153671265,-0.2119714319705963,0.9966099858283997,0.999417781829834,0.3738887310028076,0.3882274031639099,-0.008075484074652195,0.9959477186203003,0.998980700969696,0.43810591101646423,0.38507550954818726,-0.36884939670562744,0.9971861839294434,0.9984473586082458,0.3951196074485779,0.3520486652851105,0.07753421366214752,0.5963817238807678,0.998835027217865,0.4509059190750122,0.3406772017478943,-0.46361714601516724,0.9331446290016174,0.9984757304191589,0.38831573724746704,0.3070273697376251,-0.02828085981309414,0.7604570984840393,0.9958438277244568,0.451764851808548,0.289902001619339,-0.476691871881485,0.9525467753410339,0.9964938759803772,0.3872964084148407,0.2997383773326874,-0.044331613928079605,0.735100269317627,0.9943186640739441,0.44822388887405396,0.28126809000968933,-0.5525844693183899,0.9334930181503296,0.9951306581497192,0.3876381814479828,0.29788246750831604,-0.09106326848268509,0.7345193028450012,0.9947320222854614,0.43987366557121277,0.2814958095550537,-0.5305318832397461,0.9329113960266113,0.9960874319076538,0.3949581980705261,0.2998526990413666,-0.053131282329559326,0.7474503517150879,0.9950605034828186,0.43829914927482605,0.2864358127117157,-0.4727739095687866,0.9188480973243713,0.9965121150016785,0.4771028161048889,0.45607638359069824,0.11285679042339325,0.9953622817993164,0.9902225732803345,0.5143460035324097,0.4544338583946228,-0.11257006227970123,0.9968409538269043,0.9918245673179626,0.4541751444339752,0.38719069957733154,0.2622508406639099,0.4656967520713806,0.9960305094718933,0.4857085645198822,0.38242340087890625,-0.040475573390722275,0.774203896522522,0.996163010597229,0.5021793246269226,0.3708098530769348,0.5479172468185425,0.5277597904205322,0.9939649701118469,0.5273585319519043,0.3677290976047516,0.2613886892795563,0.7862924337387085,0.9959918856620789,0.5287182927131653,0.37073999643325806,0.5776995420455933,0.5708990097045898,0.9936519861221313,0.5590938329696655,0.3690849542617798,0.28614529967308044,0.7417824864387512,0.995693027973175,0.4955730438232422,0.3579970896244049,0.542887270450592,0.5929243564605713,0.9952965378761292,0.5136293768882751,0.35134318470954895,0.215302512049675,0.7765182852745056,0.9955748319625854
18,612,True,0.3826427161693573,0.3512544631958008,-0.1126251220703125,0.9987798929214478,0.9998717308044434,0.3719613254070282,0.3506741523742676,-0.11540575325489044,0.9979305863380432,0.999754011631012,0.37053659558296204,0.3510158658027649,-0.11557461321353912,0.9975852370262146,0.9997441172599792,0.36546605825424194,0.35261327028274536,-0.11569614708423615,0.9979285597801208,0.9997082352638245,0.37647518515586853,0.3495662808418274,-0.15290507674217224,0.9985561370849609,0.9997566342353821,0.37699440121650696,0.34997373819351196,-0.15299257636070251,0.9982303380966187,0.9997465014457703,0.37912890315055847,0.35163119435310364,-0.15302762389183044,0.9981932044029236,0.9997143149375916,0.35916176438331604,0.3614428639411926,-0.08685753494501114,0.9966893792152405,0.9996179342269897,0.3774155378341675,0.3580549657344818,-0.27670830488204956,0.9974215626716614,0.9996535778045654,0.3846886456012726,0.356601744890213,-0.09903061389923096,0.9972459673881531,0.9997674822807312,0.38800743222236633,0.35642296075820923,-0.14883968234062195,0.9969210028648376,0.9997575879096985,0.3689787983894348,0.38803985714912415,0.010941232554614544,0.9962711334228516,0.9984240531921387,0.42659711837768555,0.37684544920921326,-0.3496384918689728,0.9974045753479004,0.9992713332176208,0.3970473110675812,0.3521832823753357,0.1047883853316307,0.5548129677772522,0.9989538192749023,0.44917306303977966,0.33780544996261597,-0.41230329871177673,0.9348041415214539,0.9995380640029907,0.3864634335041046,0.30651843547821045,0.004957099910825491,0.7349451184272766,0.9979528188705444,0.45008015632629395,0.28907254338264465,-0.4455164074897766,0.9543156623840332,0.9990806579589844,0.38636308908462524,0.29938584566116333,-0.016164783388376236,0.7137565016746521,0.9972169399261475,0.44738295674324036,0.2786026895046234,-0.5181072950363159,0.9353534579277039,0.9984536170959473,0.386670857667923,0.2975631356239319,-0.06574982404708862,0.7150053381919861,0.9973410964012146,0.4358217120170593,0.2810581624507904,-0.5055781602859497,0.9346217513084412,0.998755693435669,0.39252009987831116,0.29980453848838806,-0.0214084405452013,0.7308653593063354,0.997622549533844,0.43700265884399414,0.2844238877296448,-0.451463520526886,0.9202648997306824,0.9989615678787231,0.47034475207328796,0.45595040917396545,0.10551316291093826,0.9955613017082214,0.9949376583099365,0.5082155466079712,0.4513908326625824,-0.10514075309038162,0.9970008134841919,0.997251570224762,0.4534880816936493,0.38143831491470337,0.3035515546798706,0.42818117141723633,0.9965174198150635,0.49025022983551025,0.3753907084465027,0.07027808576822281,0.7792869806289673,0.9979950189590454,0.5018610954284668,0.3303038775920868,0.6069215536117554,0.49088364839553833,0.9969925880432129,0.5311232209205627,0.337834894657135,0.35481399297714233,0.7867283821105957,0.9981650710105896,0.5213889479637146,0.3228694200515747,0.637357771396637,0.5412723422050476,0.9966874718666077,0.5538540482521057,0.3284796178340912,0.378527969121933,0.7437816262245178,0.9978811144828796,0.48703864216804504,0.316316694021225,0.5726081132888794,0.5665725469589233,0.997502863407135,0.5111446380615234,0.3146953582763672,0.28230640292167664,0.7801656126976013,0.99775630235672
19,646,True,0.3783993721008301,0.3457830250263214,-0.05745866522192955,0.9988822937011719,0.9998296499252319,0.36997637152671814,0.346354603767395,-0.051199156790971756,0.9981175065040588,0.9996585845947266,0.3676654100418091,0.34701400995254517,-0.0512801818549633,0.9978020191192627,0.9996490478515625,0.3656679689884186,0.34741201996803284,-0.05135055258870125,0.9981173276901245,0.9996210336685181,0.3719307780265808,0.3464493155479431,-0.09366735070943832,0.99868243932724,0.9996243715286255,0.37186554074287415,0.34685131907463074,-0.09372680634260178,0.9983839392662048,0.9995917677879333,0.3719206154346466,0.3474124073982239,-0.09371335804462433,0.9983553886413574,0.9995344877243042,0.3545830547809601,0.3559536635875702,-0.006333992350846529,0.9969836473464966,0.9994568228721619,0.3687906563282013,0.35369953513145447,-0.20218059420585632,0.9976415038108826,0.9992992877960205,0.37815529108047485,0.351959764957428,-0.03591008856892586,0.997494101524353,0.9997335076332092,0.38242200016975403,0.35157904028892517,-0.09228914976119995,0.9971938133239746,0.9997017979621887,0.3618130683898926,0.3831058144569397,0.09991583228111267,0.9965609908103943,0.9986706972122192,0.4040484130382538,0.3706105053424835,-0.2780577540397644,0.9975830912590027,0.9990664124488831,0.3850926160812378,0.3467232584953308,0.19644750654697418,0.5241857171058655,0.9995348453521729,0.44077593088150024,0.3324504494667053,-0.3636775612831116,0.9373552203178406,0.9996228218078613,0.38545599579811096,0.30584412813186646,0.10795673727989197,0.7146824598312378,0.9989761114120483,0.44912248849868774,0.28891271352767944,-0.34761279821395874,0.9556924104690552,0.999002993106842,0.3820694088935852,0.2993094325065613,0.10357107222080231,0.6970690488815308,0.9984369874000549,0.4479783773422241,0.2780417799949646,-0.41535457968711853,0.9368889927864075,0.9982701539993286,0.3835395276546478,0.2976188659667969,0.0536576472222805,0.7000834941864014,0.9984191656112671,0.4372379183769226,0.28020888566970825,-0.38537728786468506,0.935965359210968,0.9986011385917664,0.3920459449291229,0.2992435395717621,0.08266767859458923,0.71770840883255,0.9986610412597656,0.4381079375743866,0.2827483117580414,-0.3403380215167999,0.9210754632949829,0.9988678693771362,0.4579746127128601,0.4495035707950592,0.11225353926420212,0.9955700039863586,0.994916558265686,0.481515109539032,0.4448916018009186,-0.11190677434206009,0.9970067739486694,0.9967875480651855,0.44318509101867676,0.3710641860961914,0.1848730742931366,0.400005966424942,0.9982529282569885,0.46771934628486633,0.3690184950828552,-0.0855853334069252,0.7922255992889404,0.9986771941184998,0.5008286237716675,0.32772567868232727,0.3634569048881531,0.472705215215683,0.9980931878089905,0.5311642289161682,0.3315771222114563,0.07820984721183777,0.7996706366539001,0.9989163875579834,0.5179845690727234,0.3227246403694153,0.37985461950302124,0.5259494185447693,0.9979311227798462,0.5539128184318542,0.32746222615242004,0.0884227380156517,0.7564517855644226,0.9986956715583801,0.48240721225738525,0.31139856576919556,0.3077617287635803,0.5626527667045593,0.9980908036231995,0.5093172788619995,0.312019407749176,-0.015578191727399826,0.7939690351486206,0.998333752155304
20,680,True,0.3680928647518158,0.3437439799308777,-0.09314438700675964,0.9989643096923828,0.999880313873291,0.35940924286842346,0.34229791164398193,-0.09224279969930649,0.998279869556427,0.9997511506080627,0.35784828662872314,0.3423463702201843,-0.09232885390520096,0.9979919791221619,0.9997430443763733,0.3554011881351471,0.34258949756622314,-0.09240773320198059,0.9982820749282837,0.9997254014015198,0.36063820123672485,0.34278404712677,-0.1287788599729538,0.9987918138504028,0.9997244477272034,0.36018088459968567,0.34307199716567993,-0.12884604930877686,0.9985188841819763,0.9996951818466187,0.35966843366622925,0.3432520031929016,-0.1288319081068039,0.998496413230896,0.999650239944458,0.34582313895225525,0.34948691725730896,-0.06545073539018631,0.9972372055053711,0.9996052384376526,0.35482990741729736,0.3491496443748474,-0.22814254462718964,0.997828483581543,0.9994699358940125,0.36740827560424805,0.34892362356185913,-0.07735082507133484,0.9977117776870728,0.9997934699058533,0.37050408124923706,0.34914350509643555,-0.12304506450891495,0.9974333047866821,0.9997544884681702,0.34541916847229004,0.37671998143196106,0.03853783756494522,0.9968452453613281,0.9991663694381714,0.38867324590682983,0.36695635318756104,-0.2915354073047638,0.9977346658706665,0.999326229095459,0.3819209635257721,0.3471238911151886,0.1359688639640808,0.4944913387298584,0.9995090961456299,0.43341052532196045,0.33335304260253906,-0.3579545021057129,0.9370740056037903,0.9996371269226074,0.3789815306663513,0.3059755265712738,0.05910554900765419,0.6850191950798035,0.9991796612739563,0.4346016049385071,0.29214662313461304,-0.3108779191970825,0.9526093006134033,0.9989575147628784,0.37604913115501404,0.299773246049881,0.052213557064533234,0.6687309741973877,0.9988241791725159,0.43374350666999817,0.2858208119869232,-0.3683374524116516,0.9318877458572388,0.9982896447181702,0.3771818280220032,0.29912489652633667,0.007299523334950209,0.6727920770645142,0.9987264275550842,0.42094314098358154,0.28773432970046997,-0.3498961925506592,0.9307118654251099,0.9985485672950745,0.38359302282333374,0.30031660199165344,0.03601684421300888,0.6927777528762817,0.9988941550254822,0.42269688844680786,0.29021090269088745,-0.30656465888023376,0.9150926470756531,0.9988061189651489,0.4420696198940277,0.4370911121368408,0.10738438367843628,0.9958083629608154,0.9981364011764526,0.4683810770511627,0.4337696433067322,-0.10700049996376038,0.9970993399620056,0.9986745119094849,0.4280601143836975,0.3645465672016144,0.08034833520650864,0.3790556788444519,0.9991238713264465,0.45524027943611145,0.35378745198249817,-0.1465565413236618,0.8005096912384033,0.9991745352745056,0.46784454584121704,0.3127349019050598,0.19607718288898468,0.4656788110733032,0.9991430044174194,0.49504172801971436,0.3005090653896332,-0.030239181593060493,0.8099676370620728,0.9994421601295471,0.48442837595939636,0.3048856854438782,0.20387043058872223,0.5162402391433716,0.9989535808563232,0.5139930248260498,0.29816606640815735,-0.02538110688328743,0.7669689655303955,0.9993395209312439,0.4370312988758087,0.2922298312187195,0.10118446499109268,0.5692551732063293,0.9988403916358948,0.4670770466327667,0.2827468514442444,-0.1422000527381897,0.8071047067642212,0.9990082383155823
21,714,True,0.356719434261322,0.33261969685554504,-0.18010063469409943,0.9989548325538635,0.9996589422225952,0.34550073742866516,0.3310653567314148,-0.18272525072097778,0.998348593711853,0.9993273019790649,0.3415740430355072,0.3317147493362427,-0.18277916312217712,0.9980796575546265,0.9993062019348145,0.3386434018611908,0.3305763602256775,-0.18286103010177612,0.9983596801757812,0.9992741942405701,0.3473619222640991,0.3320440649986267,-0.21892783045768738,0.9988181591033936,0.9992820620536804,0.3471044898033142,0.3324906826019287,-0.2189730703830719,0.9985539317131042,0.9992152452468872,0.34680619835853577,0.33280426263809204,-0.2189478576183319,0.9985421895980835,0.9991069436073303,0.3291531503200531,0.34023478627204895,-0.1616515964269638,0.9973400235176086,0.9990115165710449,0.34246954321861267,0.34005796909332275,-0.32573235034942627,0.9978444576263428,0.9987382292747498,0.35388243198394775,0.33631500601768494,-0.16626664996147156,0.9978247284889221,0.9995213747024536,0.3591304421424866,0.33781418204307556,-0.21395352482795715,0.9975524544715881,0.9994527697563171,0.32437852025032043,0.3641538918018341,-0.03457130864262581,0.9970778822898865,0.9989087581634521,0.3787075877189636,0.3592360317707062,-0.35664084553718567,0.9978493452072144,0.9986860156059265,0.359817236661911,0.33289483189582825,0.10321330279111862,0.47464683651924133,0.9994184970855713,0.4288536012172699,0.32845431566238403,-0.4010615944862366,0.9359754323959351,0.9992287158966064,0.3774733543395996,0.30306774377822876,0.010136322118341923,0.6624962687492371,0.9990504384040833,0.43454936146736145,0.29175254702568054,-0.3360457420349121,0.9497698545455933,0.9982665181159973,0.37664541602134705,0.296944797039032,0.0003385229501873255,0.6449579000473022,0.9986094236373901,0.42896538972854614,0.28547734022140503,-0.41269651055336,0.9273648262023926,0.9972963929176331,0.3788396716117859,0.29187852144241333,-0.042836520820856094,0.6495692133903503,0.9984827637672424,0.4163838326931,0.28762951493263245,-0.3943786919116974,0.9261730313301086,0.9976950287818909,0.3849377930164337,0.2942783832550049,-0.011537030339241028,0.671320915222168,0.9986674785614014,0.41645053029060364,0.2897537350654602,-0.3329333961009979,0.9095174670219421,0.9980497360229492,0.4172781705856323,0.42385855317115784,0.10299760848283768,0.9959540367126465,0.9981403350830078,0.4531875550746918,0.4241821765899658,-0.10265578329563141,0.9971092343330383,0.9979650974273682,0.4155663847923279,0.35333624482154846,0.0632009208202362,0.3603503704071045,0.9983465671539307,0.45557349920272827,0.34457793831825256,-0.15198257565498352,0.793422520160675,0.9977993369102478,0.4399511516094208,0.29536426067352295,0.16538719832897186,0.45463356375694275,0.9984102249145508,0.47753551602363586,0.2899395525455475,-0.03350911661982536,0.8080968260765076,0.9986777901649475,0.45309707522392273,0.286654531955719,0.1723792552947998,0.5010560750961304,0.998013973236084,0.48851120471954346,0.2841363549232483,-0.027305573225021362,0.7637500166893005,0.9984083771705627,0.4175141155719757,0.2776198983192444,0.07730017602443695,0.5673896074295044,0.9980109333992004,0.4545503854751587,0.2671886086463928,-0.13616928458213806,0.8106504082679749,0.9981008172035217
22,748,True,0.33986136317253113,0.3216037154197693,-0.16595259308815002,0.9990192651748657,0.9998711347579956,0.3293761909008026,0.3206666111946106,-0.18154479563236237,0.9984782934188843,0.9997971653938293,0.32701772451400757,0.3212565779685974,-0.18210817873477936,0.9982361197471619,0.9997956156730652,0.32564181089401245,0.3214243948459625,-0.1822945773601532,0.9984921813011169,0.9997857213020325,0.3322639465332031,0.32165125012397766,-0.20243053138256073,0.9989082217216492,0.9997865557670593,0.33222270011901855,0.3220171332359314,-0.2025468647480011,0.9986665844917297,0.9997661709785461,0.3322470784187317,0.3223704993724823,-0.20260952413082123,0.9986551403999329,0.9997344613075256,0.3161223828792572,0.32973581552505493,-0.12342560291290283,0.997556209564209,0.9997206330299377,0.32893243432044983,0.32868772745132446,-0.3032698631286621,0.9980091452598572,0.9996422529220581,0.3400736153125763,0.32665857672691345,-0.16304618120193481,0.9979833364486694,0.9997691512107849,0.3428359031677246,0.3272722661495209,-0.1960098296403885,0.9977322816848755,0.999739944934845,0.3086093068122864,0.35550880432128906,0.008278772234916687,0.9973017573356628,0.9989694356918335,0.3650800585746765,0.34885185956954956,-0.3388868570327759,0.9979899525642395,0.999226450920105,0.34701982140541077,0.3315437436103821,0.15885961055755615,0.4510226249694824,0.9990781545639038,0.4296521842479706,0.321147084236145,-0.3695867359638214,0.9369813799858093,0.9992246627807617,0.37504786252975464,0.3031523525714874,0.18222521245479584,0.6250954270362854,0.9981070756912231,0.45893511176109314,0.2840689420700073,-0.29726988077163696,0.9466832280158997,0.9984362721443176,0.3777693510055542,0.29594624042510986,0.19533950090408325,0.6062642335891724,0.99727863073349,0.46042269468307495,0.2796006500720978,-0.34421464800834656,0.9226140975952148,0.9975503087043762,0.37904801964759827,0.2926955223083496,0.15204456448554993,0.6111631393432617,0.9969571828842163,0.451003760099411,0.279115229845047,-0.3291684091091156,0.9214186668395996,0.9978126287460327,0.3859756886959076,0.2948123812675476,0.1646457016468048,0.634095311164856,0.9972770810127258,0.4471343159675598,0.28170841932296753,-0.2929407060146332,0.9035230278968811,0.9981583952903748,0.40944933891296387,0.41405075788497925,0.10088670253753662,0.9961182475090027,0.9980637431144714,0.4401216208934784,0.4134097993373871,-0.10060476511716843,0.997175931930542,0.9982132911682129,0.40959280729293823,0.34620732069015503,0.08382062613964081,0.3503582179546356,0.998306155204773,0.45177608728408813,0.33771753311157227,-0.12565599381923676,0.7888079881668091,0.9981295466423035,0.4324280619621277,0.28768548369407654,0.17724882066249847,0.44999998807907104,0.9983131885528564,0.4770962595939636,0.2728347182273865,-0.030028413981199265,0.8092588782310486,0.9988208413124084,0.4466809928417206,0.277157723903656,0.18367591500282288,0.49390456080436707,0.9976866245269775,0.4914238750934601,0.2702295184135437,-0.024733563885092735,0.7680263519287109,0.9984287619590759,0.39946234226226807,0.2647123634815216,0.10316620022058487,0.567224383354187,0.997896671295166,0.45032799243927,0.24600808322429657,-0.12191969901323318,0.8155344724655151,0.9979400038719177
23,782,True,0.3164554536342621,0.3170461654663086,-0.12306451797485352,0.9989410042762756,0.9992961883544922,0.3063161075115204,0.31463155150413513,-0.13138587772846222,0.9985013008117676,0.9989200830459595,0.3043278157711029,0.3149682581424713,-0.13155825436115265,0.9982720613479614,0.998965859413147,0.3004452884197235,0.3160470128059387,-0.13165031373500824,0.9985299110412598,0.9989399313926697,0.310295045375824,0.3145701289176941,-0.16185569763183594,0.9988933801651001,0.9987977743148804,0.3106183707714081,0.314479798078537,-0.1618851125240326,0.9986430406570435,0.9986979961395264,0.3110344707965851,0.31439927220344543,-0.16186532378196716,0.9986456632614136,0.9985116124153137,0.2905861437320709,0.32327690720558167,-0.1092124655842781,0.9976009130477905,0.998751163482666,0.3083738088607788,0.31969010829925537,-0.2698970437049866,0.9979469180107117,0.998157799243927,0.3179115653038025,0.3220103085041046,-0.11426035314798355,0.9979755282402039,0.9993230104446411,0.32122504711151123,0.32194432616233826,-0.1558411568403244,0.9977267980575562,0.9992061257362366,0.2826780080795288,0.3520522117614746,0.003973187878727913,0.9974815845489502,0.9984824061393738,0.35147860646247864,0.3361091613769531,-0.3186344802379608,0.9981089234352112,0.9987462759017944,0.32777178287506104,0.33497387170791626,0.13573196530342102,0.4199148714542389,0.9984477758407593,0.4092979431152344,0.31003206968307495,-0.351299911737442,0.9367055296897888,0.9988868832588196,0.3743376135826111,0.30547863245010376,0.15383519232273102,0.5813033580780029,0.9950814247131348,0.4554831087589264,0.2825565040111542,-0.30307310819625854,0.9398050904273987,0.9966805577278137,0.3779354989528656,0.29980045557022095,0.16524718701839447,0.5637626051902771,0.9926763772964478,0.45812514424324036,0.27762192487716675,-0.3466470241546631,0.9127739071846008,0.9944844841957092,0.37919074296951294,0.29561761021614075,0.12232226133346558,0.5686479806900024,0.9923047423362732,0.44808098673820496,0.27641934156417847,-0.3333917260169983,0.9112547636032104,0.9952059388160706,0.3864961266517639,0.2973804771900177,0.13671919703483582,0.5920794010162354,0.9931312203407288,0.44691696763038635,0.2788080871105194,-0.2995571494102478,0.8912702798843384,0.9959832429885864,0.3825138509273529,0.40860170125961304,0.0986674427986145,0.9961602091789246,0.9971044659614563,0.4267662763595581,0.40150952339172363,-0.09847957640886307,0.997171938419342,0.9974662065505981,0.3879864513874054,0.35111865401268005,0.10730437934398651,0.34033647179603577,0.9955198764801025,0.44961005449295044,0.33220547437667847,-0.09524097293615341,0.7840186953544617,0.9967184662818909,0.416273832321167,0.3014753758907318,0.22843600809574127,0.43842753767967224,0.9964721202850342,0.48377689719200134,0.27264511585235596,0.013966785743832588,0.8106873035430908,0.9971858859062195,0.4313320517539978,0.29491811990737915,0.23907093703746796,0.48363810777664185,0.9957441687583923,0.4980242848396301,0.26848626136779785,0.021777208894491196,0.7725526094436646,0.9965115189552307,0.396369606256485,0.281924307346344,0.17886865139007568,0.5545213222503662,0.9963919520378113,0.4631100594997406,0.24147287011146545,-0.06142181158065796,0.815815269947052,0.9958387613296509
24,816,True,0.3082766830921173,0.30391815304756165,-0.07027977705001831,0.9982070922851562,0.9972199201583862,0.29674556851387024,0.3016917407512665,-0.07338345050811768,0.9981102347373962,0.9971413016319275,0.2948685884475708,0.3020319640636444,-0.07344787567853928,0.9978494048118591,0.9970306158065796,0.29260149598121643,0.30253866314888,-0.07352462410926819,0.998181939125061,0.996764063835144,0.30064478516578674,0.30041518807411194,-0.10647901147603989,0.9985217452049255,0.9974247217178345,0.3010905086994171,0.3003612160682678,-0.10650910437107086,0.9981786012649536,0.9974055886268616,0.30125266313552856,0.3001406192779541,-0.10650930553674698,0.9982824921607971,0.9972699284553528,0.28052136301994324,0.3094024062156677,-0.056096941232681274,0.9972094893455505,0.9959586262702942,0.29617980122566223,0.3047543168067932,-0.2090681940317154,0.9974867105484009,0.9970506429672241,0.3082038164138794,0.3092653155326843,-0.056986693292856216,0.9971563816070557,0.9966176152229309,0.31171274185180664,0.3084380328655243,-0.10132616013288498,0.996920108795166,0.9970082640647888,0.26926958560943604,0.3425215184688568,0.03566065430641174,0.9973347187042236,0.985346794128418,0.34290066361427307,0.3247464895248413,-0.264106422662735,0.9980997443199158,0.9956955909729004,0.30686479806900024,0.3361515700817108,0.2088702768087387,0.3881358206272125,0.9803264141082764,0.41486310958862305,0.30107319355010986,-0.2961108088493347,0.937238335609436,0.9960135221481323,0.35070037841796875,0.31807446479797363,0.3256039321422577,0.5292239785194397,0.9582830667495728,0.45949432253837585,0.2760768532752991,-0.21942409873008728,0.9276716709136963,0.9876563549041748,0.35309770703315735,0.31617167592048645,0.36075684428215027,0.5130668878555298,0.951692521572113,0.4684772789478302,0.26804378628730774,-0.24748291075229645,0.8971307277679443,0.9797449707984924,0.36069047451019287,0.3126699924468994,0.3236260712146759,0.5176590085029602,0.9469634890556335,0.46032586693763733,0.26719337701797485,-0.2312004119157791,0.8956705331802368,0.9815673232078552,0.3646126687526703,0.3128633201122284,0.31506475806236267,0.5397753119468689,0.9483287334442139,0.455574631690979,0.2699907422065735,-0.21300648152828217,0.8719698786735535,0.9843877553939819,0.37456533312797546,0.3955410420894623,0.09400701522827148,0.9954423308372498,0.9821017384529114,0.42269784212112427,0.3895777761936188,-0.093892902135849,0.9968793988227844,0.9900301694869995,0.4071434438228607,0.33969199657440186,0.1425764411687851,0.3311726450920105,0.9811459183692932,0.45884522795677185,0.3370135426521301,-0.04710592329502106,0.7665712237358093,0.9877961874008179,0.4547194242477417,0.29673531651496887,0.2497047781944275,0.42187532782554626,0.983173131942749,0.5208973288536072,0.28863251209259033,0.04604426398873329,0.7997718453407288,0.9882141351699829,0.4774821400642395,0.293759822845459,0.2596439719200134,0.46857842803001404,0.9789429306983948,0.5385009050369263,0.2862033545970917,0.05453753098845482,0.7660682201385498,0.9841994047164917,0.43970125913619995,0.27178722620010376,0.21375401318073273,0.5345598459243774,0.9863290190696716,0.49729496240615845,0.2541349530220032,-0.0466071292757988,0.8036421537399292,0.9854093194007874
25,850,True,0.2948688268661499,0.28961631655693054,0.008031736128032207,0.9982040524482727,0.9996546506881714,0.28449785709381104,0.28658634424209595,-0.0026453190948814154,0.9981964230537415,0.9997134804725647,0.28227970004081726,0.2871478199958801,-0.002695841249078512,0.9979600310325623,0.9997161030769348,0.2797480821609497,0.287852942943573,-0.002741623669862747,0.9982686042785645,0.9997016787528992,0.28775742650032043,0.28539496660232544,-0.03008369356393814,0.9985666871070862,0.9997108578681946,0.28786832094192505,0.2852416932582855,-0.030131099745631218,0.9982365369796753,0.9997034668922424,0.2878398597240448,0.28511613607406616,-0.03013499267399311,0.9983442425727844,0.9996894598007202,0.2664729058742523,0.2946785092353821,-0.016540465876460075,0.9973978400230408,0.9997064471244812,0.282019704580307,0.29007089138031006,-0.14154011011123657,0.9976217150688171,0.9997482895851135,0.2940399646759033,0.2954576909542084,0.01032874546945095,0.9972730278968811,0.9997312426567078,0.29810091853141785,0.2945755124092102,-0.026200847700238228,0.9970400333404541,0.9997408986091614,0.2560458183288574,0.3301411271095276,0.037981726229190826,0.9974942803382874,0.9986227750778198,0.3254759609699249,0.3098175525665283,-0.20873034000396729,0.998263955116272,0.9995655417442322,0.29004189372062683,0.3383226990699768,0.22943522036075592,0.37831640243530273,0.992240309715271,0.3942297101020813,0.3023478090763092,-0.22530464828014374,0.941394031047821,0.9986733198165894,0.3286621868610382,0.3402743935585022,0.4189412295818329,0.4805995225906372,0.9909844398498535,0.4588371813297272,0.2775954008102417,-0.10076065361499786,0.9053582549095154,0.9976673126220703,0.3354055881500244,0.341687947511673,0.46895772218704224,0.4653550088405609,0.9912756681442261,0.46362167596817017,0.2700347900390625,-0.10698185861110687,0.8678224086761475,0.9968554973602295,0.3407374620437622,0.3383462727069855,0.44419679045677185,0.4696132242679596,0.9908480644226074,0.45572027564048767,0.2696356177330017,-0.09336237609386444,0.8665217161178589,0.9970951080322266,0.3401334881782532,0.33707982301712036,0.4165211021900177,0.48999786376953125,0.9908214211463928,0.4528628885746002,0.2721389830112457,-0.09243287891149521,0.8369046449661255,0.997418999671936,0.36731699109077454,0.37530434131622314,0.08708816766738892,0.9957422018051147,0.9981271624565125,0.4074816405773163,0.3666960299015045,-0.08703462779521942,0.9971559643745422,0.9991758465766907,0.4079946279525757,0.3253779113292694,0.17771272361278534,0.3704047203063965,0.9954571723937988,0.48069149255752563,0.3258132338523865,-0.007371976505964994,0.7877156734466553,0.9979261159896851,0.4578853249549866,0.29947373270988464,0.2661852240562439,0.44568556547164917,0.9946033358573914,0.5557555556297302,0.2892894446849823,0.04885353147983551,0.8169187307357788,0.9963670969009399,0.4800041615962982,0.29829105734825134,0.2766573429107666,0.49801716208457947,0.9938797950744629,0.5709768533706665,0.2888805568218231,0.05724431201815605,0.7868199944496155,0.9948891401290894,0.4469311237335205,0.28128916025161743,0.2832889258861542,0.5303018689155579,0.9968273043632507,0.5563422441482544,0.26226094365119934,0.023156573995947838,0.8106856346130371,0.995315432548523
26,884,True,0.2853573262691498,0.27300965785980225,0.017675969749689102,0.9982991218566895,0.9999020099639893,0.2746637463569641,0.27022451162338257,0.0005378475761972368,0.9983305335044861,0.9999263286590576,0.2716584801673889,0.27117475867271423,0.00046262890100479126,0.9981180429458618,0.9999262094497681,0.268659383058548,0.27206698060035706,0.00044864826486445963,0.9983963966369629,0.9999202489852905,0.2785187363624573,0.2688787579536438,-0.023804455995559692,0.99866783618927,0.9999271631240845,0.2787991762161255,0.2685514986515045,-0.023869546130299568,0.9983663558959961,0.9999266862869263,0.27941325306892395,0.2680174708366394,-0.02390369400382042,0.9984667301177979,0.999923586845398,0.25762730836868286,0.27815428376197815,-0.03535592183470726,0.9976183176040649,0.9999364614486694,0.2737458348274231,0.27224498987197876,-0.1465541571378708,0.9978268146514893,0.9999539852142334,0.2838364839553833,0.2789110541343689,0.012521997094154358,0.997488796710968,0.9999290704727173,0.28831303119659424,0.277089923620224,-0.01965239644050598,0.997279167175293,0.999936580657959,0.24659790098667145,0.31799888610839844,0.022821107879281044,0.997684121131897,0.9995076656341553,0.3168131411075592,0.2915797531604767,-0.2168973982334137,0.9984312057495117,0.9998313188552856,0.2764895558357239,0.3386731445789337,0.20941729843616486,0.3834896683692932,0.9937570095062256,0.3961056172847748,0.2955673038959503,-0.19778692722320557,0.9453115463256836,0.998130738735199,0.3069651424884796,0.33427461981773376,0.42814990878105164,0.4370776414871216,0.9952831864356995,0.4518943727016449,0.27858537435531616,-0.04858442023396492,0.8685911297798157,0.998606264591217,0.31241413950920105,0.33354654908180237,0.47474920749664307,0.42232921719551086,0.9954921007156372,0.4614218771457672,0.27151820063591003,-0.051826111972332,0.8224181532859802,0.9984461665153503,0.3183596730232239,0.32906463742256165,0.4537912607192993,0.4263117015361786,0.9955263733863831,0.4535948932170868,0.2709368169307709,-0.04281116649508476,0.8216743469238281,0.9986194372177124,0.3171290159225464,0.32865411043167114,0.4271451234817505,0.4451104998588562,0.9956650137901306,0.4505327343940735,0.27368420362472534,-0.04141400754451752,0.7879093289375305,0.9987117052078247,0.37393251061439514,0.35482412576675415,0.08594315499067307,0.9960329532623291,0.9984558820724487,0.40962326526641846,0.34380629658699036,-0.08581367880105972,0.9974238276481628,0.9994242191314697,0.4133976101875305,0.3162301778793335,0.24950751662254333,0.4070828855037689,0.9947932362556458,0.48431774973869324,0.3130073845386505,0.07793223857879639,0.80771404504776,0.9981085062026978,0.49017030000686646,0.3025272488594055,0.40390798449516296,0.45717522501945496,0.9910092353820801,0.5722577571868896,0.2994449734687805,0.17106656730175018,0.8317162990570068,0.9945194125175476,0.5085389614105225,0.3031070828437805,0.42205357551574707,0.522969663143158,0.9904147386550903,0.5961602926254272,0.2976282238960266,0.185689315199852,0.8049439787864685,0.9923412799835205,0.49740269780158997,0.2881354093551636,0.4586995542049408,0.5079469680786133,0.9959793090820312,0.5914697051048279,0.27290233969688416,0.1885514110326767,0.8056920766830444,0.9937359094619751
27,918,True,0.28211838006973267,0.2574523389339447,0.01842590607702732,0.9984055161476135,0.9998981952667236,0.271451860666275,0.25560498237609863,-0.0016751085640862584,0.9984647035598755,0.9999322891235352,0.26936301589012146,0.25629130005836487,-0.0017713634297251701,0.9982736110687256,0.9999289512634277,0.2669627070426941,0.25709396600723267,-0.0017987980972975492,0.9985223412513733,0.9999215602874756,0.2748499810695648,0.2534732222557068,-0.026702722534537315,0.9987762570381165,0.9999408721923828,0.2747674584388733,0.25318822264671326,-0.0268205888569355,0.9985038638114929,0.9999443292617798,0.2746853232383728,0.2529366612434387,-0.026917338371276855,0.9985962510108948,0.9999457597732544,0.2550450563430786,0.26335811614990234,-0.047805432230234146,0.9978331923484802,0.9999434947967529,0.2688876688480377,0.25716298818588257,-0.16210994124412537,0.9980319738388062,0.9999738931655884,0.28068113327026367,0.2639946937561035,0.009975834749639034,0.9977055788040161,0.999916672706604,0.2834241986274719,0.2625160813331604,-0.022959155961871147,0.997521698474884,0.9999393224716187,0.244831845164299,0.30538567900657654,-0.01074305735528469,0.9978681206703186,0.999492883682251,0.31064262986183167,0.27644696831703186,-0.2362854778766632,0.9985857605934143,0.9999077320098877,0.2766152620315552,0.33445286750793457,0.18880526721477509,0.38580700755119324,0.9944391250610352,0.39461952447891235,0.28877368569374084,-0.2098814696073532,0.9478455781936646,0.9980740547180176,0.3083663880825043,0.33000877499580383,0.415865421295166,0.3962165117263794,0.9958479404449463,0.44996970891952515,0.2792186141014099,-0.04779208451509476,0.8178947567939758,0.9990057349205017,0.3158629238605499,0.329169362783432,0.4628501534461975,0.3821600079536438,0.996052622795105,0.4624967873096466,0.2760869562625885,-0.04907429590821266,0.7668382525444031,0.9989780187606812,0.3214585781097412,0.32454466819763184,0.44309017062187195,0.3858618140220642,0.9961259961128235,0.4561587870121002,0.27230364084243774,-0.04178374260663986,0.7667702436447144,0.9990987777709961,0.3193971514701843,0.32432764768600464,0.4154278337955475,0.4031573534011841,0.9961941242218018,0.45028334856033325,0.27455970644950867,-0.040347203612327576,0.7307844161987305,0.9991050362586975,0.38329797983169556,0.33809250593185425,0.0862313061952591,0.9963997602462769,0.9996885061264038,0.4173404574394226,0.3284308910369873,-0.08609417080879211,0.9976787567138672,0.9999061822891235,0.43081411719322205,0.3100872039794922,0.28797146677970886,0.4409064054489136,0.9950399994850159,0.5110931992530823,0.31350377202033997,0.10894407331943512,0.8261216878890991,0.9981935620307922,0.4890023171901703,0.2960272431373596,0.4603552222251892,0.46089327335357666,0.9925018548965454,0.5749130845069885,0.3056078255176544,0.21768832206726074,0.844199538230896,0.9945559501647949,0.5024757981300354,0.2962700426578522,0.48113012313842773,0.5423948764801025,0.9922775030136108,0.583774983882904,0.299709677696228,0.23444220423698425,0.8204614520072937,0.9923714399337769,0.4931933879852295,0.28457802534103394,0.5303656458854675,0.47953686118125916,0.9972835779190063,0.5952631831169128,0.2780452370643616,0.24557872116565704,0.7932619452476501,0.9951737523078918
28,952,True,0.287636935710907,0.24034281075000763,0.040353912860155106,0.9985001087188721,0.999932050704956,0.2780960202217102,0.23679646849632263,0.024962889030575752,0.9985852241516113,0.999954342842102,0.27546554803848267,0.23805680871009827,0.024877741932868958,0.9984111189842224,0.9999505281448364,0.2726684808731079,0.23844638466835022,0.024875428527593613,0.9986346960067749,0.9999432563781738,0.28074467182159424,0.23568721115589142,-0.004962661769241095,0.9988803267478943,0.9999649524688721,0.28066134452819824,0.23555465042591095,-0.005153854843229055,0.9986356496810913,0.9999692440032959,0.28050535917282104,0.23546317219734192,-0.005279943812638521,0.998721182346344,0.9999711513519287,0.2593073546886444,0.24462680518627167,-0.018242698162794113,0.9980266094207764,0.9999661445617676,0.272540420293808,0.2400500327348709,-0.1531359851360321,0.9982225298881531,0.9999890327453613,0.28635743260383606,0.246404767036438,0.03280569985508919,0.9979071617126465,0.99994957447052,0.2898424565792084,0.24509504437446594,-0.006780717987567186,0.9977506399154663,0.9999681711196899,0.24551768600940704,0.29369407892227173,0.018836505711078644,0.9980649948120117,0.9998202919960022,0.31015118956565857,0.25943809747695923,-0.2394239902496338,0.9987265467643738,0.9999767541885376,0.2869638502597809,0.3244139552116394,0.23676058650016785,0.3574049174785614,0.9980353713035583,0.3893849551677704,0.2798164188861847,-0.20244303345680237,0.9485289454460144,0.9991573095321655,0.32304584980010986,0.3208687901496887,0.45959997177124023,0.35801059007644653,0.998703122138977,0.4431303143501282,0.2795202136039734,-0.02587120793759823,0.7745851278305054,0.9995492100715637,0.32958710193634033,0.3211868405342102,0.509867787361145,0.3452771306037903,0.9987257122993469,0.4582919776439667,0.2770174741744995,-0.024830585345625877,0.7193558216094971,0.9994729161262512,0.33569103479385376,0.3137514889240265,0.4852938652038574,0.3486955761909485,0.9986497759819031,0.453430712223053,0.2730816900730133,-0.019367005676031113,0.7191498279571533,0.9995561242103577,0.33497118949890137,0.3135971426963806,0.4565349221229553,0.36458852887153625,0.9987499713897705,0.4500717520713806,0.275187611579895,-0.018406186252832413,0.6813758015632629,0.9995612502098083,0.39143794775009155,0.32766807079315186,0.09429896622896194,0.9967558979988098,0.9999674558639526,0.4265296459197998,0.3129117786884308,-0.09420779347419739,0.9979100823402405,0.9999860525131226,0.5076489448547363,0.30391746759414673,0.2845854163169861,0.4536113142967224,0.9979342222213745,0.5510624647140503,0.313835084438324,0.07521597295999527,0.8421634435653687,0.9988264441490173,0.5248990654945374,0.28914353251457214,0.44506174325942993,0.43745335936546326,0.9971153736114502,0.5643516182899475,0.31794971227645874,0.21673065423965454,0.8392233848571777,0.9977566599845886,0.5300021767616272,0.2896000146865845,0.46264687180519104,0.5271750092506409,0.9968411922454834,0.5682835578918457,0.32248204946517944,0.2360595464706421,0.8172244429588318,0.9971339702606201,0.5198594331741333,0.27768558263778687,0.5170701146125793,0.4455401599407196,0.9984917640686035,0.5698881149291992,0.3050540089607239,0.27007898688316345,0.7652443051338196,0.9980091452598572
29,986,True,0.29890409111976624,0.2277885377407074,0.08169753104448318,0.9985817670822144,0.999762237071991,0.2897213399410248,0.22389443218708038,0.05724898353219032,0.9986829161643982,0.9998193383216858,0.28766492009162903,0.22433650493621826,0.05717398226261139,0.9985257387161255,0.9998072981834412,0.2851289212703705,0.22495730221271515,0.05717043951153755,0.9987273812294006,0.9997909665107727,0.2922043204307556,0.22247512638568878,0.029646385461091995,0.9989622831344604,0.9998453855514526,0.2921290993690491,0.22220289707183838,0.029477465897798538,0.9987419247627258,0.9998611211776733,0.29211628437042236,0.22175836563110352,0.02928665466606617,0.9988231658935547,0.9998711347579956,0.26725587248802185,0.23288126289844513,-0.012760582379996777,0.998187780380249,0.9998642206192017,0.28489476442337036,0.22578167915344238,-0.13792245090007782,0.9983873963356018,0.9999474287033081,0.2977901101112366,0.23506498336791992,0.06584388762712479,0.9980844259262085,0.9998352527618408,0.3012019693851471,0.2332838773727417,0.02970387227833271,0.9979471564292908,0.9998854398727417,0.25289207696914673,0.28176620602607727,0.011999704875051975,0.9982267618179321,0.9996248483657837,0.31607455015182495,0.24621829390525818,-0.23920387029647827,0.9988530874252319,0.9999319314956665,0.2992405295372009,0.3191983103752136,0.20382654666900635,0.34139713644981384,0.9970189332962036,0.4020099639892578,0.27187061309814453,-0.17851820588111877,0.9459773898124695,0.9979894161224365,0.33088818192481995,0.30440837144851685,0.42373162508010864,0.3231777548789978,0.9987418055534363,0.4402637183666229,0.27983829379081726,0.03803956136107445,0.7071549296379089,0.9993625283241272,0.3482789993286133,0.30026617646217346,0.47613346576690674,0.31155896186828613,0.9988468885421753,0.45243775844573975,0.27987760305404663,0.045876212418079376,0.6548075079917908,0.9994502663612366,0.35664209723472595,0.2937532365322113,0.4539436399936676,0.3146984279155731,0.998894989490509,0.4466153383255005,0.2770022749900818,0.05061851069331169,0.6549316048622131,0.9995189905166626,0.3483709990978241,0.29511985182762146,0.4218459129333496,0.3292636573314667,0.9989122152328491,0.44932106137275696,0.2776276171207428,0.04614994674921036,0.6195806860923767,0.9994932413101196,0.39885765314102173,0.3205982446670532,0.10429520905017853,0.9970734119415283,0.9999310970306396,0.4334574341773987,0.30487915873527527,-0.10408971458673477,0.9981184601783752,0.9999756813049316,0.5043798089027405,0.29948437213897705,0.30089515447616577,0.48616278171539307,0.9961013793945312,0.5566626787185669,0.3147428035736084,0.07608868926763535,0.857567548751831,0.9979203343391418,0.533437967300415,0.2913821041584015,0.47302424907684326,0.445793479681015,0.993226945400238,0.578417956829071,0.33798715472221375,0.20389927923679352,0.8494270443916321,0.9947534799575806,0.5366491675376892,0.29257041215896606,0.49489501118659973,0.5475376844406128,0.9937689900398254,0.5748162865638733,0.34603673219680786,0.22349557280540466,0.8287656903266907,0.9939671754837036,0.544353187084198,0.28181561827659607,0.5676606297492981,0.42021894454956055,0.9980522394180298,0.6048816442489624,0.32983750104904175,0.26055237650871277,0.7413941621780396,0.9971023201942444
30,1020,True,0.31501269340515137,0.21747863292694092,0.0612347237765789,0.9975937604904175,0.999067485332489,0.3065618872642517,0.21251431107521057,0.04753311350941658,0.9977400302886963,0.9993317723274231,0.3046708106994629,0.21270935237407684,0.04746001586318016,0.9976527094841003,0.9993390440940857,0.30043914914131165,0.21380583941936493,0.04739610478281975,0.9979604482650757,0.999305248260498,0.3121817409992218,0.21234098076820374,0.0191953144967556,0.9984053373336792,0.9993438124656677,0.30834242701530457,0.21101383864879608,0.01902644895017147,0.9982715845108032,0.999387264251709,0.307479590177536,0.2105437070131302,0.018929515033960342,0.9983425140380859,0.9993846416473389,0.26804307103157043,0.21988709270954132,0.0002786088443826884,0.9975526928901672,0.9996005892753601,0.29678550362586975,0.21262486279010773,-0.12913689017295837,0.9982312917709351,0.9997298121452332,0.3073062002658844,0.22265665233135223,0.053135231137275696,0.9976349472999573,0.9992710947990417,0.3112771213054657,0.22172224521636963,0.015266713686287403,0.9976173043251038,0.9993539452552795,0.2627149224281311,0.26462554931640625,0.043277885764837265,0.998365581035614,0.9997269511222839,0.3248191177845001,0.23382821679115295,-0.21263769268989563,0.9989634156227112,0.999826967716217,0.3039121925830841,0.30175310373306274,0.19707942008972168,0.3137896955013275,0.9963845014572144,0.3991363048553467,0.2663896977901459,-0.187183678150177,0.9077915549278259,0.9942631125450134,0.37198686599731445,0.2949437201023102,0.3397118151187897,0.29449689388275146,0.9934641718864441,0.44082799553871155,0.2791222929954529,-0.046842917799949646,0.6519295573234558,0.9936034083366394,0.38511228561401367,0.29312753677368164,0.37377309799194336,0.2844682037830353,0.9931908249855042,0.4522440731525421,0.2802670896053314,-0.05240606144070625,0.6023548245429993,0.9939398765563965,0.39493924379348755,0.28791940212249756,0.34528419375419617,0.28745144605636597,0.9918537735939026,0.4514397382736206,0.27807503938674927,-0.04314436390995979,0.6024133563041687,0.9937293529510498,0.39097726345062256,0.28819334506988525,0.3323246240615845,0.30100417137145996,0.9926633834838867,0.4495190978050232,0.2778768539428711,-0.039088472723960876,0.5689720511436462,0.9936507344245911,0.4175347089767456,0.3144739270210266,0.10346285253763199,0.997342050075531,0.9998764991760254,0.4433744549751282,0.30147865414619446,-0.10338926315307617,0.9982938766479492,0.9998875856399536,0.5435196757316589,0.314791202545166,0.23153997957706451,0.4497576355934143,0.9858962893486023,0.5892660021781921,0.31553661823272705,-0.007727144751697779,0.8430705666542053,0.9881454706192017,0.5371684432029724,0.2929016947746277,0.42887285351753235,0.4074171185493469,0.9821959733963013,0.567733108997345,0.33157211542129517,0.1701798290014267,0.7898781895637512,0.9872667193412781,0.5354927182197571,0.299983948469162,0.43687328696250916,0.5043279528617859,0.9811353087425232,0.5678712129592896,0.33536896109580994,0.18523558974266052,0.7793765068054199,0.9870310425758362,0.5359421372413635,0.2967577874660492,0.4470539391040802,0.38713085651397705,0.9892852902412415,0.5796824097633362,0.32225069403648376,0.21042336523532867,0.695277750492096,0.9905049204826355
31,1054,True,0.34603166580200195,0.2106076031923294,0.22895437479019165,0.9977416396141052,0.9999376535415649,0.3408733904361725,0.20595800876617432,0.21319876611232758,0.9978852272033691,0.9999520778656006,0.3394456207752228,0.2061089277267456,0.21310089528560638,0.9978168606758118,0.9999579191207886,0.3359864354133606,0.20693287253379822,0.21305158734321594,0.9981014728546143,0.9999600648880005,0.3438919186592102,0.2045675814151764,0.1918453574180603,0.998502790927887,0.999934196472168,0.3432193398475647,0.20397047698497772,0.19170640408992767,0.9983866214752197,0.9999333620071411,0.34286928176879883,0.20329561829566956,0.1917061060667038,0.9984456896781921,0.9999285936355591,0.3153425455093384,0.20924027264118195,0.14339812099933624,0.9977587461471558,0.9999816417694092,0.3321034908294678,0.20271480083465576,0.04317990317940712,0.9983810186386108,0.9999685287475586,0.33642104268074036,0.21676185727119446,0.2101588100194931,0.9978383779525757,0.9999654293060303,0.3413164019584656,0.21519982814788818,0.1809578835964203,0.997821569442749,0.9999548196792603,0.2676749527454376,0.24991640448570251,0.13382437825202942,0.9985253214836121,0.9999856948852539,0.33373787999153137,0.22083830833435059,-0.05824650824069977,0.999065637588501,0.999962568283081,0.30716410279273987,0.2948366105556488,0.2545485496520996,0.3105860650539398,0.9993301630020142,0.39941877126693726,0.25707098841667175,-0.035097308456897736,0.8648291826248169,0.9977549910545349,0.3744369149208069,0.299114465713501,0.37583187222480774,0.2737289071083069,0.9985241293907166,0.440642774105072,0.27723219990730286,0.10280127823352814,0.5970292091369629,0.9977346658706665,0.3855093717575073,0.2986234128475189,0.4192299246788025,0.26413995027542114,0.9983046054840088,0.45088136196136475,0.28043752908706665,0.10287099331617355,0.5513033866882324,0.9980130195617676,0.3937827944755554,0.2939800024032593,0.3930458128452301,0.26687127351760864,0.9980058073997498,0.45095160603523254,0.2787388265132904,0.11684678494930267,0.551280677318573,0.997919499874115,0.3909420073032379,0.293731153011322,0.37204602360725403,0.27905890345573425,0.9982415437698364,0.4464695453643799,0.2778177857398987,0.11214276403188705,0.5204567313194275,0.9978804588317871,0.42319607734680176,0.31372639536857605,0.08710575848817825,0.9976028800010681,0.9999794960021973,0.44952520728111267,0.3008369207382202,-0.08734762668609619,0.9984602332115173,0.9999520778656006,0.5701149702072144,0.32052361965179443,0.08209835737943649,0.4453853666782379,0.9968301653862,0.6161338686943054,0.3218707740306854,-0.08341764658689499,0.8459051251411438,0.9944921731948853,0.5535135865211487,0.29425930976867676,0.2554378807544708,0.3760623633861542,0.9944825172424316,0.5695785880088806,0.31149178743362427,0.11523216217756271,0.7394214272499084,0.995364785194397,0.5506563186645508,0.2931538224220276,0.27669042348861694,0.47287890315055847,0.9938965439796448,0.5652651786804199,0.31133633852005005,0.14276856184005737,0.7481769919395447,0.9955294728279114,0.5454716086387634,0.28818708658218384,0.3417186439037323,0.35800084471702576,0.9955289959907532,0.5717525482177734,0.3094806671142578,0.20938456058502197,0.6522615551948547,0.9959951639175415
32,1088,True,0.3782597780227661,0.2177170217037201,0.08844471722841263,0.997641384601593,0.9995436072349548,0.37253087759017944,0.2122228592634201,0.04973933473229408,0.9978253841400146,0.9996693134307861,0.37159207463264465,0.21206232905387878,0.04961521923542023,0.9977940320968628,0.9996953010559082,0.36602774262428284,0.2137347012758255,0.04946643486618996,0.9980829954147339,0.9996981620788574,0.3743802309036255,0.21098832786083221,0.05996245890855789,0.9984675049781799,0.9996035695075989,0.37346047163009644,0.2105129212141037,0.059775907546281815,0.9983720183372498,0.9996060729026794,0.38563621044158936,0.206247478723526,0.059986844658851624,0.9984104633331299,0.99957674741745,0.34763282537460327,0.21527183055877686,-0.0415634885430336,0.9978697299957275,0.9998502731323242,0.3750656843185425,0.20490913093090057,-0.0609799288213253,0.9984614849090576,0.9998000264167786,0.3627587556838989,0.22467248141765594,0.05209619551897049,0.9979219436645508,0.9996613264083862,0.3710455596446991,0.21996259689331055,0.05977068841457367,0.9979192614555359,0.9996151924133301,0.29277145862579346,0.25217920541763306,-0.019271215423941612,0.9986603856086731,0.9999125003814697,0.3694031238555908,0.22150826454162598,-0.1623823642730713,0.9991562366485596,0.9998955726623535,0.3139789402484894,0.2945989668369293,0.09184376150369644,0.29772552847862244,0.9980534315109253,0.41749200224876404,0.254066526889801,-0.09303108602762222,0.8231343626976013,0.9974197149276733,0.3774603605270386,0.30220827460289,0.19505155086517334,0.2542301118373871,0.9964742064476013,0.435075581073761,0.2772101163864136,0.10250255465507507,0.5501552224159241,0.9960451722145081,0.3880299925804138,0.3021410405635834,0.23216454684734344,0.24651475250720978,0.9963545799255371,0.43744388222694397,0.28090959787368774,0.11575664579868317,0.5080594420433044,0.9960780739784241,0.39724501967430115,0.3003602623939514,0.20430772006511688,0.2489076554775238,0.9955050349235535,0.4368054270744324,0.2823202610015869,0.11714067310094833,0.5080265402793884,0.9956411123275757,0.3937165439128876,0.2980608344078064,0.18994903564453125,0.26022592186927795,0.9958509206771851,0.4339938163757324,0.2807702124118805,0.1096484512090683,0.4801092743873596,0.9956886172294617,0.42844319343566895,0.3188406825065613,0.07684075832366943,0.9978380799293518,0.9999431371688843,0.4637957811355591,0.3064730763435364,-0.07709334045648575,0.9986101388931274,0.9998852014541626,0.5823044776916504,0.3224564492702484,0.05100651830434799,0.43228310346603394,0.9901952147483826,0.6276642680168152,0.32259461283683777,-0.09821944683790207,0.8416281342506409,0.9888525009155273,0.5370301008224487,0.29172152280807495,0.2590249180793762,0.34371453523635864,0.9795723557472229,0.5577202439308167,0.30702871084213257,0.11971448361873627,0.6827560067176819,0.9817521572113037,0.5353150367736816,0.2897488474845886,0.2849474847316742,0.4343855082988739,0.9780521988868713,0.5288652777671814,0.30572524666786194,0.149575874209404,0.698797881603241,0.9813913106918335,0.525553286075592,0.2770884335041046,0.3547922968864441,0.32853400707244873,0.9824849963188171,0.546766459941864,0.2994031310081482,0.24457389116287231,0.6061872839927673,0.9841943383216858
33,1122,True,0.39898478984832764,0.22693106532096863,0.04446744918823242,0.9967827200889587,0.9972666501998901,0.39033043384552,0.22166140377521515,0.007173130288720131,0.9971790313720703,0.9982376098632812,0.38957372307777405,0.22128534317016602,0.007040991447865963,0.9972352981567383,0.998412013053894,0.3839412331581116,0.22345459461212158,0.0068711452186107635,0.9976604580879211,0.9984602928161621,0.4012753665447235,0.2222495824098587,0.01916631869971752,0.9980089068412781,0.9977627992630005,0.4005291759967804,0.22181324660778046,0.019086046144366264,0.9979612231254578,0.997714638710022,0.4079761803150177,0.21920490264892578,0.019384905695915222,0.9979262948036194,0.9975429773330688,0.3666720986366272,0.2232976257801056,-0.0664794072508812,0.9977813363075256,0.9991681575775146,0.39947110414505005,0.21719832718372345,-0.09687279909849167,0.9982783198356628,0.998712420463562,0.38423800468444824,0.2308199405670166,0.016642054542899132,0.9975396990776062,0.9975571632385254,0.395988792181015,0.22785739600658417,0.03955402970314026,0.9974759221076965,0.9968006610870361,0.31044232845306396,0.24745123088359833,-0.029324037954211235,0.9987456798553467,0.99943608045578,0.38805145025253296,0.22505810856819153,-0.16648194193840027,0.9992187023162842,0.9988081455230713,0.3251722753047943,0.2779175639152527,0.11544950306415558,0.2813831567764282,0.9925066828727722,0.43147990107536316,0.24860505759716034,-0.060926612466573715,0.778963029384613,0.9888035655021667,0.37277644872665405,0.2831646502017975,0.24216867983341217,0.23429366946220398,0.9891908168792725,0.4170292317867279,0.26195287704467773,0.13345648348331451,0.5062498450279236,0.9823530912399292,0.38196876645088196,0.28348416090011597,0.26609086990356445,0.22800859808921814,0.9894507527351379,0.4126227796077728,0.2642236649990082,0.1457594484090805,0.46880730986595154,0.9845091700553894,0.38996368646621704,0.28201940655708313,0.23048926889896393,0.23018872737884521,0.9872614145278931,0.40756404399871826,0.26823320984840393,0.14205960929393768,0.4689127802848816,0.9819474220275879,0.387783020734787,0.2813733220100403,0.2330605387687683,0.2409321814775467,0.9878790974617004,0.40665456652641296,0.26728495955467224,0.13780824840068817,0.44359222054481506,0.9816878437995911,0.4289322793483734,0.32118773460388184,0.06736548244953156,0.9980224967002869,0.9995161294937134,0.4695075452327728,0.31414130330085754,-0.06754133105278015,0.9987192749977112,0.998934805393219,0.5626415014266968,0.3371294438838959,0.05596117302775383,0.4123494327068329,0.9611300826072693,0.6136376857757568,0.3440724015235901,-0.07994715869426727,0.8241316080093384,0.9455034732818604,0.528178870677948,0.30454376339912415,0.21208475530147552,0.31442177295684814,0.9244024157524109,0.5410471558570862,0.32454901933670044,0.08445879817008972,0.6325438022613525,0.9362927079200745,0.5331063866615295,0.30077052116394043,0.23338808119297028,0.4001982808113098,0.9231022596359253,0.5132275223731995,0.3199581205844879,0.10994507372379303,0.6559140682220459,0.9382622838020325,0.5186952948570251,0.2956715226173401,0.2980784475803375,0.30164778232574463,0.93528151512146,0.5327325463294983,0.32271260023117065,0.2028123438358307,0.5649388432502747,0.9430539011955261
34,1156,True,0.4051859676837921,0.23480410873889923,0.396658331155777,0.9886109232902527,0.9992276430130005,0.3965977430343628,0.23049724102020264,0.37700018286705017,0.9921848773956299,0.9994379878044128,0.3966107964515686,0.22972719371318817,0.37686437368392944,0.9927313923835754,0.9995115995407104,0.3918619453907013,0.23029105365276337,0.3768095374107361,0.9935604929924011,0.9995635151863098,0.40794646739959717,0.22889749705791473,0.3733137845993042,0.9937636256217957,0.9991388320922852,0.41468697786331177,0.22700746357440948,0.37326815724372864,0.9941256046295166,0.9990724325180054,0.41847169399261475,0.2276296317577362,0.3733069896697998,0.992946207523346,0.9990019202232361,0.3781487047672272,0.22891037166118622,0.28976377844810486,0.9959174394607544,0.9996975660324097,0.41542574763298035,0.22497212886810303,0.26470643281936646,0.995143473148346,0.9993231296539307,0.39076152443885803,0.2372475117444992,0.3688444495201111,0.9933910965919495,0.9994292855262756,0.403566837310791,0.23512999713420868,0.3628495931625366,0.9939678311347961,0.9991165995597839,0.31604090332984924,0.24508166313171387,0.2265234887599945,0.9988540410995483,0.9997656941413879,0.41325241327285767,0.22751006484031677,0.15221761167049408,0.999274492263794,0.9990924596786499,0.3247821629047394,0.2794530987739563,0.33233630657196045,0.2729890048503876,0.9950096607208252,0.44956400990486145,0.24559123814105988,0.20814882218837738,0.7323570847511292,0.9942939877510071,0.3704547584056854,0.28038299083709717,0.4803941547870636,0.2177482545375824,0.9911164045333862,0.42267119884490967,0.25195425748825073,0.35719266533851624,0.4656059741973877,0.9901213645935059,0.380851149559021,0.27806371450424194,0.5263952612876892,0.21243487298488617,0.9917460083961487,0.4215314984321594,0.25022050738334656,0.36856040358543396,0.4312508702278137,0.9914048910140991,0.387570321559906,0.2763047516345978,0.49936729669570923,0.2141372412443161,0.989937424659729,0.4142192304134369,0.25581297278404236,0.37879374623298645,0.4307389259338379,0.9906693696975708,0.3864348828792572,0.2770777940750122,0.47933346033096313,0.22442062199115753,0.9907410144805908,0.41268932819366455,0.25652241706848145,0.36424720287323,0.4083164930343628,0.990154504776001,0.42665740847587585,0.32285067439079285,0.04647953063249588,0.9981729984283447,0.9994524121284485,0.48257166147232056,0.31760767102241516,-0.04687770828604698,0.9987983107566833,0.9987366795539856,0.556087851524353,0.359650194644928,-0.025969820097088814,0.43674805760383606,0.9637648463249207,0.5958006381988525,0.36273062229156494,-0.08220755308866501,0.8316423892974854,0.9622474908828735,0.5246849656105042,0.32007327675819397,0.02511727251112461,0.3072224259376526,0.9790617823600769,0.5278747081756592,0.33680787682533264,-0.055131975561380386,0.6326884031295776,0.9817653894424438,0.5134188532829285,0.3141472637653351,0.03594951704144478,0.4062287211418152,0.9842752814292908,0.49993863701820374,0.33218783140182495,-0.04616151005029678,0.6696401834487915,0.9855098724365234,0.5171688199043274,0.3157100975513458,0.10599610209465027,0.281610369682312,0.9842959642410278,0.5169440507888794,0.33845916390419006,0.03805222734808922,0.5525773167610168,0.9832738637924194
35,1190,True,0.42450761795043945,0.23985394835472107,0.5957497358322144,0.9881344437599182,0.9999583959579468,0.42439451813697815,0.23563158512115479,0.599882960319519,0.9914117455482483,0.9999736547470093,0.42128756642341614,0.2352885901927948,0.5996949672698975,0.9922716021537781,0.9999781847000122,0.41784438490867615,0.23581676185131073,0.5996440649032593,0.9931568503379822,0.9999817609786987,0.4317092001438141,0.2344285249710083,0.5881522297859192,0.9930025935173035,0.9999545812606812,0.43344971537590027,0.23317889869213104,0.5879923701286316,0.9935463666915894,0.9999487400054932,0.4346655011177063,0.2330833226442337,0.5881107449531555,0.9919931292533875,0.9999403953552246,0.402966171503067,0.2344161570072174,0.5556126832962036,0.9956970810890198,0.999987006187439,0.4268508553504944,0.23177477717399597,0.49544352293014526,0.9947234988212585,0.9999536275863647,0.4080740213394165,0.24312177300453186,0.5761091113090515,0.9934492111206055,0.9999780654907227,0.4171047508716583,0.24111846089363098,0.5586776733398438,0.9938509464263916,0.9999607801437378,0.33913305401802063,0.2538672089576721,0.44620242714881897,0.9989640712738037,0.9999866485595703,0.4023113548755646,0.23906946182250977,0.33483824133872986,0.9993413686752319,0.9999065399169922,0.37205034494400024,0.28485342860221863,0.44283172488212585,0.26540249586105347,0.9990912675857544,0.44149479269981384,0.2551226019859314,0.2863644063472748,0.7031119465827942,0.9981791973114014,0.41064202785491943,0.2835080623626709,0.4910959005355835,0.21326276659965515,0.9988371729850769,0.4236844778060913,0.2583385407924652,0.38244789838790894,0.4436597526073456,0.9979246854782104,0.414803683757782,0.2797453999519348,0.5203424692153931,0.20892487466335297,0.9988508224487305,0.4240918755531311,0.258078396320343,0.39021825790405273,0.4079892039299011,0.9981675148010254,0.4264734387397766,0.2775230407714844,0.5113748908042908,0.20924612879753113,0.9986891150474548,0.41937318444252014,0.2608366012573242,0.4105866849422455,0.4058806598186493,0.9980952143669128,0.4240667521953583,0.2786041498184204,0.49223577976226807,0.21779707074165344,0.9989294409751892,0.4177376925945282,0.2613259553909302,0.3923143744468689,0.38478896021842957,0.9981076717376709,0.42538073658943176,0.31898149847984314,0.050559066236019135,0.9983336925506592,0.9997405409812927,0.4795842468738556,0.31804758310317993,-0.05082866922020912,0.9988845586776733,0.9990758895874023,0.5716836452484131,0.35582348704338074,-0.07686007767915726,0.48113855719566345,0.9954239726066589,0.6027124524116516,0.355694055557251,-0.18114598095417023,0.8465229272842407,0.992279052734375,0.527538537979126,0.3176458775997162,-0.07176695019006729,0.3090647757053375,0.9941022992134094,0.52685546875,0.31830254197120667,-0.13610145449638367,0.6348154544830322,0.9954877495765686,0.5141979455947876,0.31320738792419434,-0.07355399429798126,0.42757174372673035,0.9941644072532654,0.5003414750099182,0.30901259183883667,-0.1279030442237854,0.6925390362739563,0.9963000416755676,0.5238426327705383,0.30961874127388,-0.031357087194919586,0.2715752422809601,0.9891052842140198,0.5203641653060913,0.33599719405174255,-0.03651394322514534,0.5516428351402283,0.9939129948616028
36,1224,True,0.40246573090553284,0.24780026078224182,0.633624792098999,0.9329867959022522,0.9996013045310974,0.399092435836792,0.2458219826221466,0.6331719160079956,0.9344783425331116,0.9997062087059021,0.3979029357433319,0.2462068498134613,0.6330506205558777,0.9385145902633667,0.9997362494468689,0.39329993724823,0.24649874866008759,0.6330500245094299,0.9410103559494019,0.9997665286064148,0.40438011288642883,0.2442065179347992,0.631585419178009,0.9370384216308594,0.9995658993721008,0.40504103899002075,0.2434375286102295,0.6314536333084106,0.9394182562828064,0.9995064735412598,0.4072791337966919,0.24314269423484802,0.6315257549285889,0.9323602914810181,0.9994239807128906,0.37594443559646606,0.2465272694826126,0.565039336681366,0.9419687986373901,0.9997311234474182,0.40014922618865967,0.2423040121793747,0.5521076321601868,0.9326356053352356,0.999239444732666,0.3886158764362335,0.24931101500988007,0.6052476763725281,0.9356316328048706,0.9995517134666443,0.3968442380428314,0.2474507987499237,0.6015756130218506,0.9327927827835083,0.9993135929107666,0.33713147044181824,0.2619175314903259,0.4325498044490814,0.999015212059021,0.999657392501831,0.4151892364025116,0.2446189671754837,0.3888889253139496,0.9993009567260742,0.99854975938797,0.37926656007766724,0.27987223863601685,0.3952130675315857,0.2585800290107727,0.999089241027832,0.4736050069332123,0.24936087429523468,0.35976698994636536,0.6517670750617981,0.998420238494873,0.43435347080230713,0.2838181257247925,0.4244009256362915,0.2111397683620453,0.9979413151741028,0.4791868329048157,0.2577507793903351,0.4349321126937866,0.41121551394462585,0.9965630173683167,0.44083172082901,0.2823164463043213,0.44241294264793396,0.2078527808189392,0.997326135635376,0.48546546697616577,0.257019579410553,0.4372232258319855,0.37880513072013855,0.9959233999252319,0.4528902769088745,0.28133636713027954,0.4274088144302368,0.2073376625776291,0.997183084487915,0.47427085041999817,0.2617567181587219,0.44143104553222656,0.37588509917259216,0.9960494637489319,0.4526192247867584,0.28177934885025024,0.4228430390357971,0.21543191373348236,0.9977883100509644,0.4691566526889801,0.2626081705093384,0.43611234426498413,0.3572874069213867,0.9965093731880188,0.4127867519855499,0.3157566785812378,0.029170341789722443,0.9984723329544067,0.9996721744537354,0.4781535565853119,0.31004008650779724,-0.029391784220933914,0.9989632964134216,0.9995124340057373,0.5297467708587646,0.35486096143722534,-0.05038459599018097,0.5217999815940857,0.9955483675003052,0.5665337443351746,0.3530348241329193,-0.16379345953464508,0.8514036536216736,0.9958480596542358,0.5335441827774048,0.35720357298851013,-0.14413388073444366,0.34955257177352905,0.9976293444633484,0.5355381369590759,0.36026105284690857,-0.17898224294185638,0.6482782959938049,0.9977415800094604,0.5355638265609741,0.3572523295879364,-0.16018544137477875,0.47219857573509216,0.9976068735122681,0.5267888307571411,0.36055445671081543,-0.19423328340053558,0.7162642478942871,0.9974915981292725,0.5379071831703186,0.36413875222206116,-0.17345121502876282,0.28744372725486755,0.9962158799171448,0.5363253355026245,0.3708253502845764,-0.20025156438350677,0.5578051805496216,0.9962653517723083
37,1258,True,0.37156739830970764,0.26278409361839294,0.6419432163238525,0.9346886873245239,0.9999982118606567,0.36620745062828064,0.2635161280632019,0.6364762783050537,0.9356042742729187,0.9999979734420776,0.36473244428634644,0.2647433876991272,0.6364560723304749,0.9392451643943787,0.9999980926513672,0.36324432492256165,0.26586174964904785,0.6365830898284912,0.9422039985656738,0.9999982118606567,0.3713545501232147,0.26006171107292175,0.6392999887466431,0.9362284541130066,0.9999969005584717,0.3739836812019348,0.25885456800460815,0.6391438841819763,0.9374525547027588,0.9999961853027344,0.37621909379959106,0.2577797770500183,0.6392813920974731,0.9305467009544373,0.9999948740005493,0.37525174021720886,0.26764094829559326,0.5472384691238403,0.9398897886276245,0.9999979734420776,0.38700181245803833,0.25667887926101685,0.5567712187767029,0.9263176321983337,0.9999920129776001,0.3743544816970825,0.2649994492530823,0.606620192527771,0.9329389333724976,0.9999949932098389,0.3808642029762268,0.2613341212272644,0.609077513217926,0.9259677529335022,0.9999922513961792,0.34639835357666016,0.28140318393707275,0.4124402701854706,0.9991019368171692,0.9999805688858032,0.4116441011428833,0.24698957800865173,0.4074538052082062,0.9993428587913513,0.9999405145645142,0.3858768939971924,0.3072298467159271,0.3424927592277527,0.26671692728996277,0.9999524354934692,0.46879053115844727,0.2516799867153168,0.37303242087364197,0.624599039554596,0.9999111890792847,0.43192994594573975,0.32917648553848267,0.3291967213153839,0.22846201062202454,0.9998925924301147,0.48031654953956604,0.2605656683444977,0.418974906206131,0.3943990468978882,0.9997877478599548,0.438189834356308,0.3351375162601471,0.31292256712913513,0.2276938259601593,0.9998531341552734,0.4858700931072235,0.2596052885055542,0.4226507544517517,0.3639063537120819,0.9996956586837769,0.4440825879573822,0.33357712626457214,0.315602570772171,0.22611169517040253,0.9998559951782227,0.47611096501350403,0.2630714178085327,0.42051196098327637,0.35927703976631165,0.9997022747993469,0.44395333528518677,0.3302132785320282,0.3290936052799225,0.2305757999420166,0.9998898506164551,0.4715363085269928,0.2632260322570801,0.417563796043396,0.342024564743042,0.9997738003730774,0.40438684821128845,0.31683874130249023,0.013859362341463566,0.9986222982406616,0.9999896287918091,0.45194724202156067,0.30007675290107727,-0.013778306543827057,0.999064028263092,0.9999898672103882,0.47916293144226074,0.35965555906295776,-0.0806208923459053,0.555995762348175,0.9998961687088013,0.5049976110458374,0.35019925236701965,-0.11464640498161316,0.8558838963508606,0.9999463558197021,0.5311119556427002,0.40275079011917114,-0.22411523759365082,0.3995765149593353,0.9999431371688843,0.5483114123344421,0.3963870406150818,-0.25089117884635925,0.6691514253616333,0.9999040365219116,0.5354833602905273,0.4077646732330322,-0.24903574585914612,0.5201629400253296,0.999923586845398,0.551161527633667,0.40660303831100464,-0.2762128412723541,0.7403810620307922,0.999845027923584,0.5456650853157043,0.41207534074783325,-0.3057267665863037,0.33221325278282166,0.9998577833175659,0.5604060888290405,0.4066929817199707,-0.33375898003578186,0.579393744468689,0.9997270703315735
38,1292,True,0.37587615847587585,0.2633275091648102,0.5737042427062988,0.9358950853347778,0.9999539852142334,0.3700648546218872,0.2626413106918335,0.573726236820221,0.9359636306762695,0.99996018409729,0.3682050406932831,0.2633841335773468,0.573718786239624,0.9388816952705383,0.9999643564224243,0.3665831983089447,0.2641023099422455,0.573781430721283,0.94306880235672,0.9999673366546631,0.3749558627605438,0.2605240046977997,0.5705045461654663,0.9351046085357666,0.9999339580535889,0.37724483013153076,0.25976336002349854,0.5703015327453613,0.935314953327179,0.9999216794967651,0.3790051341056824,0.25908443331718445,0.5703925490379333,0.929641842842102,0.9999020099639893,0.36880090832710266,0.265716016292572,0.5192339420318604,0.9379836916923523,0.9999649524688721,0.384835809469223,0.25902077555656433,0.5043179988861084,0.9234391450881958,0.9998503923416138,0.3767578601837158,0.2657025158405304,0.5523499250411987,0.9316399097442627,0.999924898147583,0.38284656405448914,0.2633955478668213,0.5473493933677673,0.9212085008621216,0.9998723268508911,0.35321664810180664,0.28120094537734985,0.4202301502227783,0.9991451501846313,0.9999076128005981,0.4088892340660095,0.256299763917923,0.3645228147506714,0.9993147253990173,0.9994747042655945,0.38572049140930176,0.30624523758888245,0.37479642033576965,0.2605249583721161,0.9998000264167786,0.4612545967102051,0.26049965620040894,0.32439857721328735,0.5799688100814819,0.9992145299911499,0.42140617966651917,0.31610825657844543,0.35008683800697327,0.23030732572078705,0.9996374845504761,0.4714759290218353,0.268656849861145,0.37586596608161926,0.3653872609138489,0.9986706972122192,0.42647093534469604,0.31881651282310486,0.3480174243450165,0.23286014795303345,0.9995102882385254,0.47662001848220825,0.26841506361961365,0.3753288686275482,0.33941128849983215,0.998473584651947,0.432527631521225,0.3170216679573059,0.32525843381881714,0.2305130660533905,0.9995331764221191,0.4677365720272064,0.27146631479263306,0.37804731726646423,0.3343075215816498,0.9984943866729736,0.4325515627861023,0.3151494562625885,0.35095760226249695,0.2335403859615326,0.9996143579483032,0.46368300914764404,0.27189090847969055,0.3768640160560608,0.318282812833786,0.9987179040908813,0.4060448110103607,0.31688955426216125,0.02563299797475338,0.9987282752990723,0.9998795986175537,0.440490186214447,0.30354511737823486,-0.025708096101880074,0.9991233944892883,0.9998581409454346,0.4725750684738159,0.3648472726345062,-0.03775717318058014,0.5793915390968323,0.9993725419044495,0.4927923083305359,0.3520849347114563,-0.09835145622491837,0.857101321220398,0.9993578791618347,0.52876877784729,0.415722131729126,-0.17720994353294373,0.4285552501678467,0.9991752505302429,0.539585530757904,0.41140657663345337,-0.2515573799610138,0.6736786365509033,0.9985670447349548,0.5330641269683838,0.42587336897850037,-0.20059368014335632,0.551811933517456,0.998607337474823,0.5432512760162354,0.4206724166870117,-0.27572953701019287,0.7488802075386047,0.9976220726966858,0.5480694770812988,0.4279650151729584,-0.24730919301509857,0.3581635057926178,0.9971920847892761,0.5674899816513062,0.4169924855232239,-0.32445839047431946,0.5802546739578247,0.9954683780670166
39,1326,True,0.3709176778793335,0.26375898718833923,0.5881900191307068,0.9255272746086121,0.9999529123306274,0.3649264872074127,0.2629789113998413,0.5813271999359131,0.9253842234611511,0.999954104423523,0.36282870173454285,0.26385554671287537,0.5813090801239014,0.9272593259811401,0.9999566078186035,0.36128175258636475,0.2647092938423157,0.5813596844673157,0.9329078793525696,0.9999580383300781,0.37060338258743286,0.26040759682655334,0.5834552049636841,0.9218810796737671,0.9999346733093262,0.3732549846172333,0.2594781517982483,0.5832663178443909,0.9210563898086548,0.9999271631240845,0.37372902035713196,0.25986742973327637,0.583348274230957,0.9159713983535767,0.999913215637207,0.36637771129608154,0.266605019569397,0.49778589606285095,0.9249430894851685,0.9999512434005737,0.3837727904319763,0.25822460651397705,0.5042551159858704,0.9101463556289673,0.9998823404312134,0.37425535917282104,0.2665387988090515,0.5560472011566162,0.9154796004295349,0.9998923540115356,0.38014766573905945,0.2638830840587616,0.5576201677322388,0.9010105133056641,0.9998600482940674,0.3474792242050171,0.2853160798549652,0.37941986322402954,0.9991413354873657,0.999593198299408,0.4119369387626648,0.2566010355949402,0.37141478061676025,0.9992738962173462,0.999321699142456,0.3796050250530243,0.31562530994415283,0.34894466400146484,0.24803858995437622,0.9987247586250305,0.4627669155597687,0.26356345415115356,0.3580773174762726,0.5398573875427246,0.9986377358436584,0.41791436076164246,0.3272854685783386,0.36718499660491943,0.21951980888843536,0.9981024861335754,0.4705910086631775,0.27413803339004517,0.4363093376159668,0.3366486430168152,0.9976412057876587,0.42300644516944885,0.33054691553115845,0.34834572672843933,0.22483059763908386,0.997965931892395,0.47545814514160156,0.27346333861351013,0.4491932690143585,0.31375569105148315,0.9972977042198181,0.43026483058929443,0.32831528782844543,0.35812780261039734,0.22213326394557953,0.9979997277259827,0.4661402106285095,0.2774445414543152,0.44807979464530945,0.3083028197288513,0.9973117113113403,0.430404394865036,0.32623738050460815,0.369015634059906,0.224203422665596,0.9982461929321289,0.46202561259269714,0.2786043584346771,0.4371300935745239,0.29389190673828125,0.9977060556411743,0.4013013541698456,0.31735724210739136,0.012752204202115536,0.9987804293632507,0.9995653033256531,0.43845921754837036,0.3017882704734802,-0.012930446304380894,0.9991471767425537,0.9996219873428345,0.4456619322299957,0.3750365972518921,-0.06721296161413193,0.606281042098999,0.9981124401092529,0.4848354756832123,0.36035725474357605,-0.09648806601762772,0.8583977818489075,0.9988157749176025,0.5085118412971497,0.4304791986942291,-0.22769148647785187,0.4623287320137024,0.9983748197555542,0.5267565250396729,0.4237438142299652,-0.2532634735107422,0.6802399158477783,0.9970793724060059,0.5161682367324829,0.4383395314216614,-0.25136855244636536,0.5841464400291443,0.9973841309547424,0.5392282605171204,0.4325036108493805,-0.2772837281227112,0.7587477564811707,0.9949321150779724,0.5275154709815979,0.4431728720664978,-0.2883881628513336,0.3794739246368408,0.9952341914176941,0.5618207454681396,0.43140482902526855,-0.3173196315765381,0.576763391494751,0.9911993145942688
40,1360,True,0.3722270131111145,0.2632664740085602,0.601582407951355,0.8952192068099976,0.9999512434005737,0.3662809133529663,0.2621859610080719,0.5991666316986084,0.8896908760070801,0.9999628067016602,0.36403071880340576,0.26301249861717224,0.5991226434707642,0.8931388854980469,0.9999665021896362,0.36233848333358765,0.26382729411125183,0.599170982837677,0.9013878703117371,0.9999696016311646,0.37192201614379883,0.25971898436546326,0.5967379212379456,0.8853343725204468,0.9999419450759888,0.37437257170677185,0.2587915062904358,0.5965881943702698,0.8864567875862122,0.9999319314956665,0.3752080202102661,0.25843846797943115,0.5966694355010986,0.8784087896347046,0.9999179840087891,0.36302587389945984,0.265272319316864,0.5298832654953003,0.8873168230056763,0.9999654293060303,0.3820938169956207,0.2572364807128906,0.5144200921058655,0.8731241822242737,0.9998835325241089,0.3731578290462494,0.26605284214019775,0.5737935304641724,0.8763073086738586,0.9999059438705444,0.3794107735157013,0.2633405327796936,0.5691457390785217,0.856333315372467,0.999864935874939,0.3420948386192322,0.28384581208229065,0.4031704068183899,0.9991434216499329,0.9997451901435852,0.40798717737197876,0.25655612349510193,0.3747917711734772,0.9992108941078186,0.9993402361869812,0.37877294421195984,0.31381934881210327,0.35622841119766235,0.24182558059692383,0.9992659687995911,0.46085023880004883,0.26349300146102905,0.3256089389324188,0.5356414318084717,0.9990910291671753,0.4108612835407257,0.33091244101524353,0.36703845858573914,0.21744951605796814,0.9985529780387878,0.47987186908721924,0.2736460864543915,0.3709496855735779,0.3287234902381897,0.9979368448257446,0.4140741527080536,0.3355156481266022,0.3577992022037506,0.22454994916915894,0.998450756072998,0.48869290947914124,0.27228811383247375,0.37436628341674805,0.30548912286758423,0.9976644515991211,0.4220978617668152,0.33337682485580444,0.3596210181713104,0.2213129699230194,0.9985601305961609,0.47923901677131653,0.2756858468055725,0.37926843762397766,0.29823699593544006,0.9978450536727905,0.4232010841369629,0.3310595154762268,0.3681671917438507,0.22196348011493683,0.9987272620201111,0.47340360283851624,0.27742132544517517,0.3733983635902405,0.28353726863861084,0.9981189370155334,0.3892347514629364,0.30989962816238403,0.015914062038064003,0.9988619089126587,0.9998443126678467,0.4302424490451813,0.29559043049812317,-0.01601133868098259,0.9991875886917114,0.9998584985733032,0.4227565824985504,0.3687858283519745,-0.08848921209573746,0.6391318440437317,0.9985294342041016,0.4737267792224884,0.35701292753219604,-0.11852460354566574,0.8669183850288391,0.9988006353378296,0.4522377848625183,0.43168383836746216,-0.2570548951625824,0.5048189163208008,0.998920202255249,0.4906409680843353,0.4175082743167877,-0.2872563302516937,0.7005481123924255,0.9983761310577393,0.4671046733856201,0.43564853072166443,-0.2823948860168457,0.6205334067344666,0.9984045624732971,0.49281784892082214,0.4226346015930176,-0.3109559118747711,0.7774971723556519,0.9976084232330322,0.468813419342041,0.4473978579044342,-0.3281435966491699,0.4136916995048523,0.9965972304344177,0.5075468420982361,0.4342076778411865,-0.3561602234840393,0.5932925343513489,0.9954879879951477
41,1394,False,,,,,,,,,,,,,,,,,,,,,,,,,,,,,,,,,,,,,,,,,,,,,,,,,,,,,,,,,,,,,,,,,,,,,,,,,,,,,,,,,,,,,,,,,,,,,,,,,,,,,,,,,,,,,,,,,,,,,,,,,,,,,,,,,,,,,,,,,,,,,,,,,,,,,,,,,,,,,,,,,,,,,
42,1428,True,0.4873448312282562,0.25595608353614807,0.2736348807811737,0.9006131291389465,0.9915111660957336,0.4885723888874054,0.2521492838859558,0.26525750756263733,0.8968972563743591,0.9905942678451538,0.48638808727264404,0.25147387385368347,0.2652193307876587,0.8996678590774536,0.9915791749954224,0.48435452580451965,0.2507888078689575,0.26503226161003113,0.908179521560669,0.9920511841773987,0.4926232695579529,0.25322145223617554,0.26141515374183655,0.8920167684555054,0.9875940680503845,0.493595153093338,0.2533060312271118,0.2611086666584015,0.8919580578804016,0.9865055680274963,0.4941428303718567,0.2533184885978699,0.261112779378891,0.8855030536651611,0.9851329326629639,0.4721326529979706,0.24846413731575012,0.22550788521766663,0.8932600617408752,0.9948399662971497,0.48578310012817383,0.2518835961818695,0.20762602984905243,0.8771555423736572,0.9891940355300903,0.4740428924560547,0.257202684879303,0.26371386647224426,0.8834806680679321,0.9957337975502014,0.4795953035354614,0.2581101357936859,0.2579866051673889,0.8645099401473999,0.9942561984062195,0.43651115894317627,0.2571876645088196,0.15488086640834808,0.9991867542266846,0.9997962117195129,0.4398280382156372,0.26869237422943115,0.16585801541805267,0.9991068243980408,0.9992239475250244,0.44363853335380554,0.2903260588645935,0.09732399135828018,0.2337571680545807,0.9979787468910217,0.4534001350402832,0.29722100496292114,0.12767483294010162,0.49034085869789124,0.9949586987495422,0.45732420682907104,0.29899170994758606,0.03862810879945755,0.21026144921779633,0.9946765899658203,0.4649737775325775,0.29584836959838867,0.14085662364959717,0.307335764169693,0.9855749607086182,0.4636605679988861,0.30103832483291626,0.029431775212287903,0.21882541477680206,0.9939217567443848,0.4702162742614746,0.2972908020019531,0.13587404787540436,0.2895562946796417,0.9859629273414612,0.46239450573921204,0.3018212914466858,0.030848367139697075,0.21508195996284485,0.9939168095588684,0.46469253301620483,0.29468202590942383,0.13140420615673065,0.28273826837539673,0.986257016658783,0.45971840620040894,0.3014265298843384,0.038739368319511414,0.2151939868927002,0.9938992261886597,0.46188923716545105,0.2932990789413452,0.13846907019615173,0.26812613010406494,0.9858981370925903,0.40291956067085266,0.344931423664093,-0.0027590179815888405,0.9989369511604309,0.9997403025627136,0.3943038582801819,0.3503350019454956,0.002092038281261921,0.9992198348045349,0.9996107220649719,0.40247273445129395,0.3800215721130371,-0.08344412595033646,0.6379415392875671,0.9985435009002686,0.4107293486595154,0.37043657898902893,-0.07037492841482162,0.8338855504989624,0.9977797865867615,0.39773672819137573,0.4432530999183655,-0.12256710976362228,0.5045658946037292,0.995489776134491,0.40811651945114136,0.4335542619228363,-0.10373613238334656,0.6851839423179626,0.996426522731781,0.3972034752368927,0.4523555636405945,-0.12730982899665833,0.598025381565094,0.9940022826194763,0.4075462818145752,0.44453415274620056,-0.10799021273851395,0.7515724897384644,0.9956164360046387,0.3892127275466919,0.4611779749393463,-0.18610964715480804,0.42894914746284485,0.9928905963897705,0.41169771552085876,0.44707971811294556,-0.149656742811203,0.594752311706543,0.9927944540977478
43,1462,True,0.48617956042289734,0.2588759660720825,0.2781025171279907,0.9096145629882812,0.9987261891365051,0.4878084361553192,0.25450438261032104,0.2879135012626648,0.9064021110534668,0.9979549646377563,0.48602747917175293,0.2538456618785858,0.287988543510437,0.9087980389595032,0.9979324340820312,0.4842553436756134,0.253203809261322,0.2879444658756256,0.916645884513855,0.9977961778640747,0.4897594451904297,0.25456979870796204,0.26242595911026,0.9021397233009338,0.9979750514030457,0.48960644006729126,0.2540646493434906,0.26207950711250305,0.9020476341247559,0.9980418682098389,0.48902955651283264,0.25361722707748413,0.2620736360549927,0.8963643312454224,0.9980369210243225,0.47208788990974426,0.24845381081104279,0.3209061026573181,0.9028413891792297,0.9985027313232422,0.47697970271110535,0.24974779784679413,0.19905021786689758,0.8886946439743042,0.9988368153572083,0.47328901290893555,0.25890785455703735,0.291458398103714,0.8939842581748962,0.9991517066955566,0.4764932096004486,0.25889602303504944,0.2580717206001282,0.8769026398658752,0.9991927742958069,0.435708224773407,0.2567960023880005,0.32877668738365173,0.999229907989502,0.999836802482605,0.4266008734703064,0.2519363462924957,0.08918968588113785,0.9991904497146606,0.9999651908874512,0.44113975763320923,0.2901194393634796,0.32182982563972473,0.21419990062713623,0.9991737008094788,0.43926700949668884,0.29054388403892517,0.009090755134820938,0.49498796463012695,0.9994833469390869,0.45670798420906067,0.30481603741645813,0.2527652680873871,0.19697529077529907,0.997962474822998,0.43862923979759216,0.3140314221382141,0.0135689377784729,0.3209502398967743,0.9974162578582764,0.4632275402545929,0.3084370493888855,0.25281578302383423,0.20703381299972534,0.9976463913917542,0.4336709678173065,0.32150405645370483,-0.002697728807106614,0.3081692159175873,0.99648118019104,0.46169543266296387,0.3094748854637146,0.2385764867067337,0.20352132618427277,0.9976069927215576,0.433381050825119,0.32233065366744995,-0.0018769772723317146,0.3017123341560364,0.9964349269866943,0.45891839265823364,0.30813857913017273,0.2436346709728241,0.20377543568611145,0.9976387023925781,0.4354928731918335,0.31984713673591614,0.015743205323815346,0.28201234340667725,0.9966841340065002,0.40133407711982727,0.33231309056282043,0.0791296660900116,0.9990330338478088,0.9998588562011719,0.3837640881538391,0.32603925466537476,-0.07946570962667465,0.9992920756340027,0.9999414682388306,0.42604413628578186,0.34672099351882935,-0.08669757843017578,0.6077226996421814,0.9992793202400208,0.40930885076522827,0.3495784401893616,-0.27583470940589905,0.8364584445953369,0.9996753931045532,0.3742595314979553,0.4118698537349701,-0.16083985567092896,0.4992739260196686,0.9990646243095398,0.3467155396938324,0.42354702949523926,-0.4095131456851959,0.7031651139259338,0.99928218126297,0.33485350012779236,0.4155910909175873,-0.1707979440689087,0.5907614231109619,0.9987892508506775,0.31349122524261475,0.42663154006004333,-0.4215708374977112,0.7585756778717041,0.9989025592803955,0.37223222851753235,0.436683714389801,-0.2260327935218811,0.4531116187572479,0.9981770515441895,0.3497049808502197,0.4475899338722229,-0.4907786548137665,0.625153124332428,0.997588038444519
44,1496,True,0.4808676838874817,0.26456719636917114,0.06627509742975235,0.9184132218360901,0.99932861328125,0.4845658540725708,0.2584916949272156,0.06222094967961311,0.9155783653259277,0.9992470741271973,0.48276302218437195,0.257345587015152,0.06207429617643356,0.9177199006080627,0.9993009567260742,0.4809419512748718,0.25622621178627014,0.06192682683467865,0.9248408079147339,0.9993409514427185,0.4867626130580902,0.25920793414115906,0.036280132830142975,0.9117975234985352,0.9990942478179932,0.4891710877418518,0.2568005919456482,0.03605096787214279,0.9117100834846497,0.9990609288215637,0.488706111907959,0.25621336698532104,0.03611009567975998,0.9065914154052734,0.9990109205245972,0.4698927104473114,0.24851801991462708,0.05653003230690956,0.91243577003479,0.9996784925460815,0.4760398864746094,0.2501729130744934,-0.0631728395819664,0.8996531963348389,0.9995259046554565,0.46766650676727295,0.26236388087272644,0.07216540724039078,0.9043084383010864,0.9996919631958008,0.47167590260505676,0.26290637254714966,0.03699531406164169,0.8889309763908386,0.9996155500411987,0.4228917360305786,0.2487667351961136,0.09528666734695435,0.9992987513542175,0.9999607801437378,0.42772677540779114,0.25130391120910645,-0.12212047725915909,0.9992669224739075,0.9999505281448364,0.43491727113723755,0.2741740345954895,0.22490401566028595,0.1995198279619217,0.9987088441848755,0.44995489716529846,0.2752937376499176,-0.11980310827493668,0.5168895721435547,0.9982458353042603,0.456999808549881,0.27986109256744385,0.16302384436130524,0.18581227958202362,0.9953649044036865,0.472617506980896,0.2742242217063904,-0.030763745307922363,0.34033992886543274,0.991603672504425,0.463911771774292,0.27918359637260437,0.16850866377353668,0.19621394574642181,0.9936234354972839,0.4799838662147522,0.273371160030365,-0.03905097767710686,0.3248530328273773,0.9889236092567444,0.463169127702713,0.2792026996612549,0.1558634489774704,0.1929028183221817,0.9932960867881775,0.4732956886291504,0.2713721990585327,-0.029990969225764275,0.3180472254753113,0.988974928855896,0.4608514904975891,0.27873972058296204,0.15764661133289337,0.19353443384170532,0.9940104484558105,0.4705139696598053,0.27114570140838623,-0.024150138720870018,0.29540786147117615,0.9900600910186768,0.3699173927307129,0.3263733386993408,0.07673102617263794,0.9991059899330139,0.9997183680534363,0.3727944791316986,0.32813793420791626,-0.07699275761842728,0.9993410110473633,0.9995884299278259,0.3926704525947571,0.34218958020210266,0.13002848625183105,0.5744639039039612,0.9991818070411682,0.39809539914131165,0.33843541145324707,-0.04040299355983734,0.8262055516242981,0.9987336993217468,0.3349374830722809,0.3645865321159363,0.235494464635849,0.48595771193504333,0.9982014894485474,0.3516765534877777,0.3525100350379944,0.059014320373535156,0.7092570662498474,0.9978652596473694,0.3215586245059967,0.3628905415534973,0.24500320851802826,0.5789157152175903,0.997766375541687,0.3386736810207367,0.35085052251815796,0.07149471342563629,0.7651816010475159,0.9977777600288391,0.320507675409317,0.3825013339519501,0.24013252556324005,0.45632389187812805,0.9965362548828125,0.33992695808410645,0.36132732033729553,0.07999400794506073,0.6443918347358704,0.9954921007156372
