frame,timestamp_ms,pose_detected,lm_0_x,lm_0_y,lm_0_z,lm_0_visibility,lm_0_presence,lm_1_x,lm_1_y,lm_1_z,lm_1_visibility,lm_1_presence,lm_2_x,lm_2_y,lm_2_z,lm_2_visibility,lm_2_presence,lm_3_x,lm_3_y,lm_3_z,lm_3_visibility,lm_3_presence,lm_4_x,lm_4_y,lm_4_z,lm_4_visibility,lm_4_presence,lm_5_x,lm_5_y,lm_5_z,lm_5_visibility,lm_5_presence,lm_6_x,lm_6_y,lm_6_z,lm_6_visibility,lm_6_presence,lm_7_x,lm_7_y,lm_7_z,lm_7_visibility,lm_7_presence,lm_8_x,lm_8_y,lm_8_z,lm_8_visibility,lm_8_presence,lm_9_x,lm_9_y,lm_9_z,lm_9_visibility,lm_9_presence,lm_10_x,lm_10_y,lm_10_z,lm_10_visibility,lm_10_presence,lm_11_x,lm_11_y,lm_11_z,lm_11_visibility,lm_11_presence,lm_12_x,lm_12_y,lm_12_z,lm_12_visibility,lm_12_presence,lm_13_x,lm_13_y,lm_13_z,lm_13_visibility,lm_13_presence,lm_14_x,lm_14_y,lm_14_z,lm_14_visibility,lm_14_presence,lm_15_x,lm_15_y,lm_15_z,lm_15_visibility,lm_15_presence,lm_16_x,lm_16_y,lm_16_z,lm_16_visibility,lm_16_presence,lm_17_x,lm_17_y,lm_17_z,lm_17_visibility,lm_17_presence,lm_18_x,lm_18_y,lm_18_z,lm_18_visibility,lm_18_presence,lm_19_x,lm_19_y,lm_19_z,lm_19_visibility,lm_19_presence,lm_20_x,lm_20_y,lm_20_z,lm_20_visibility,lm_20_presence,lm_21_x,lm_21_y,lm_21_z,lm_21_visibility,lm_21_presence,lm_22_x,lm_22_y,lm_22_z,lm_22_visibility,lm_22_presence,lm_23_x,lm_23_y,lm_23_z,lm_23_visibility,lm_23_presence,lm_24_x,lm_24_y,lm_24_z,lm_24_visibility,lm_24_presence,lm_25_x,lm_25_y,lm_25_z,lm_25_visibility,lm_25_presence,lm_26_x,lm_26_y,lm_26_z,lm_26_visibility,lm_26_presence,lm_27_x,lm_27_y,lm_27_z,lm_27_visibility,lm_27_presence,lm_28_x,lm_28_y,lm_28_z,lm_28_visibility,lm_28_presence,lm_29_x,lm_29_y,lm_29_z,lm_29_visibility,lm_29_presence,lm_30_x,lm_30_y,lm_30_z,lm_30_visibility,lm_30_presence,lm_31_x,lm_31_y,lm_31_z,lm_31_visibility,lm_31_presence,lm_32_x,lm_32_y,lm_32_z,lm_32_visibility,lm_32_presence
0,0,False,,,,,,,,,,,,,,,,,,,,,,,,,,,,,,,,,,,,,,,,,,,,,,,,,,,,,,,,,,,,,,,,,,,,,,,,,,,,,,,,,,,,,,,,,,,,,,,,,,,,,,,,,,,,,,,,,,,,,,,,,,,,,,,,,,,,,,,,,,,,,,,,,,,,,,,,,,,,,,,,,,,,,
1,34,True,0.7337865829467773,0.4669131338596344,0.14976072311401367,0.6264668703079224,0.3032589852809906,0.7462528944015503,0.462858110666275,0.13535182178020477,0.7036267518997192,0.26661959290504456,0.7477178573608398,0.4612845778465271,0.1352119743824005,0.7179232239723206,0.2971590757369995,0.7492532730102539,0.4597000479698181,0.134989932179451,0.7505783438682556,0.3234145939350128,0.7426358461380005,0.4669610559940338,0.1228649765253067,0.6670852899551392,0.21336892247200012,0.7416006922721863,0.46826091408729553,0.12289746850728989,0.6830620169639587,0.23070532083511353,0.7406043410301208,0.46943312883377075,0.12292216718196869,0.6275190114974976,0.21922560036182404,0.7486158609390259,0.45666056871414185,0.08274990320205688,0.8290526866912842,0.4648934602737427,0.7368041276931763,0.4710999131202698,0.02547414042055607,0.6927041411399841,0.2641160786151886,0.7284662127494812,0.46608275175094604,0.13910402357578278,0.6536676287651062,0.6673452854156494,0.724303662776947,0.4704357981681824,0.12271346896886826,0.5719865560531616,0.5552539825439453,0.707712709903717,0.44427570700645447,0.09147215634584427,0.9797358512878418,0.9596234560012817,0.6937735080718994,0.49004489183425903,-0.05913160741329193,0.9922477006912231,0.9003933072090149,0.6293145418167114,0.4457550048828125,0.02216847613453865,0.04663975536823273,0.6289052963256836,0.6552348136901855,0.4955798089504242,-0.0625733882188797,0.3931558430194855,0.6859631538391113,0.5616458654403687,0.46168819069862366,-0.05296208709478378,0.05307762697339058,0.40306535363197327,0.6232042908668518,0.4934272766113281,0.004075527656823397,0.23846903443336487,0.3613089919090271,0.545526385307312,0.4652946889400482,-0.06269975751638412,0.06093601509928703,0.4103281795978546,0.6136338710784912,0.4939803183078766,-0.00888550840318203,0.24210843443870544,0.35930028557777405,0.5452421307563782,0.4662249684333801,-0.0756215900182724,0.06271065771579742,0.4162728786468506,0.6151067018508911,0.4922252595424652,-0.00771700544282794,0.24853603541851044,0.3782232403755188,0.5490742921829224,0.46570777893066406,-0.059971995651721954,0.06415323913097382,0.38184690475463867,0.6173223257064819,0.49015727639198303,0.006190730258822441,0.23908981680870056,0.3714807331562042,0.5435452461242676,0.43414077162742615,0.05518290773034096,0.9585298895835876,0.7100103497505188,0.5308976769447327,0.4675365090370178,-0.05569509044289589,0.9620983004570007,0.6384615898132324,0.505926251411438,0.42177000641822815,0.08595775812864304,0.6731671690940857,0.3584224581718445,0.5479201674461365,0.5241624712944031,0.014540600590407848,0.6671282052993774,0.1367020308971405,0.47011348605155945,0.39952799677848816,0.12572944164276123,0.7593804597854614,0.18703371286392212,0.480490505695343,0.5132812857627869,0.10764505714178085,0.27425649762153625,0.08244261890649796,0.46597638726234436,0.39682915806770325,0.13581031560897827,0.8135364055633545,0.16815194487571716,0.4648798108100891,0.5076418519020081,0.11886598914861679,0.30358096957206726,0.09678589552640915,0.46127572655677795,0.3928585350513458,0.12475565075874329,0.5217024683952332,0.21653443574905396,0.4810173511505127,0.5266627669334412,0.12452612817287445,0.1656993180513382,0.11640308797359467
2,68,True,0.7337865233421326,0.47148212790489197,0.002732690656557679,0.6612368226051331,0.93198561668396,0.7447084188461304,0.46679407358169556,0.008799324743449688,0.7298838496208191,0.9135242104530334,0.7458696961402893,0.46572738885879517,0.0088004469871521,0.7422943115234375,0.9154186248779297,0.7470637559890747,0.46468767523765564,0.008609728887677193,0.7717482447624207,0.9160924553871155,0.7411755919456482,0.46880215406417847,-0.017572831362485886,0.6979393362998962,0.9141917824745178,0.7399041056632996,0.4693222939968109,-0.017545821145176888,0.7123202085494995,0.9144390821456909,0.7386558651924133,0.46985703706741333,-0.01748139038681984,0.6619971394538879,0.9114625453948975,0.7427857518196106,0.4595218300819397,0.04168068245053291,0.8436132073402405,0.9006036520004272,0.7309688329696655,0.46953877806663513,-0.07781016081571579,0.7198309898376465,0.8939400911331177,0.7282159328460693,0.47114676237106323,0.02166474610567093,0.6851351857185364,0.9306153655052185,0.7241541743278503,0.47293251752853394,-0.013490148819983006,0.6120647192001343,0.9223241209983826,0.700647234916687,0.4527188837528229,0.10018790513277054,0.979587197303772,0.9402932524681091,0.6866125464439392,0.4784155488014221,-0.1476365625858307,0.9923673272132874,0.9405969977378845,0.6283133029937744,0.4603695869445801,0.0932413712143898,0.049586277455091476,0.8612915277481079,0.6478273868560791,0.4825921058654785,-0.20307591557502747,0.4083215892314911,0.8963614106178284,0.5850179195404053,0.47196775674819946,0.039848826825618744,0.058820173144340515,0.8809299468994141,0.6297316551208496,0.4875216484069824,-0.18767718970775604,0.26173362135887146,0.900589644908905,0.5799266695976257,0.47439664602279663,0.051088597625494,0.06580469012260437,0.8852510452270508,0.6285285949707031,0.4876725673675537,-0.21586647629737854,0.2640416622161865,0.8828732967376709,0.5794012546539307,0.4739533066749573,0.024064520373940468,0.0674392580986023,0.8817828893661499,0.631126344203949,0.4870293140411377,-0.20102626085281372,0.26886171102523804,0.9004546999931335,0.5807110071182251,0.4735705256462097,0.02950548566877842,0.07060161232948303,0.8824858069419861,0.6310774087905884,0.4867573380470276,-0.18206189572811127,0.2571543753147125,0.9028238654136658,0.546676516532898,0.4427439570426941,0.09420839697122574,0.9500157237052917,0.6124350428581238,0.5413835644721985,0.46421685814857483,-0.09447112679481506,0.9535549283027649,0.6325591802597046,0.5301846265792847,0.4734323024749756,0.06841868162155151,0.6784557700157166,0.672636091709137,0.5992772579193115,0.5302241444587708,-0.0648513212800026,0.683444082736969,0.8011457920074463,0.4958060085773468,0.4882623255252838,0.13434185087680817,0.7145794630050659,0.6156457662582397,0.6714158654212952,0.6135958433151245,-0.05249573290348053,0.31996792554855347,0.6196475625038147,0.4849487841129303,0.49028706550598145,0.14545810222625732,0.7783029079437256,0.5381150841712952,0.666596531867981,0.6251970529556274,-0.05087127164006233,0.3478175699710846,0.5149089694023132,0.5069956183433533,0.4982207417488098,0.13689438998699188,0.4985668659210205,0.6234406232833862,0.74266517162323,0.6410068869590759,-0.11656362563371658,0.21781866252422333,0.6293269991874695
3,102,True,0.7335643172264099,0.4732643961906433,-0.05710449814796448,0.6709550023078918,0.4995081424713135,0.7423244714736938,0.4674318730831146,-0.05805912986397743,0.7270130515098572,0.5010921359062195,0.7432599663734436,0.4661574959754944,-0.05809157341718674,0.736842930316925,0.499512255191803,0.7442055344581604,0.4649084508419037,-0.05824438855051994,0.7638360857963562,0.5045685768127441,0.7387386560440063,0.46981772780418396,-0.08321826905012131,0.7052011489868164,0.5212764143943787,0.7371559143066406,0.47032004594802856,-0.08320263773202896,0.7192627191543579,0.5347349047660828,0.7355864644050598,0.4707728326320648,-0.08317728340625763,0.6716785430908203,0.5375308394432068,0.7384341955184937,0.45938435196876526,-0.04567163810133934,0.8392218947410583,0.5117406845092773,0.7261717319488525,0.46949538588523865,-0.16225703060626984,0.7237241268157959,0.5410671830177307,0.7280312180519104,0.4726441502571106,-0.045097704976797104,0.6965758204460144,0.6219498515129089,0.7239881157875061,0.47503527998924255,-0.07893228530883789,0.6317436695098877,0.624745786190033,0.700297474861145,0.4516085088253021,0.026124194264411926,0.9778293371200562,0.7934538722038269,0.6812635660171509,0.48063522577285767,-0.22127217054367065,0.9919741749763489,0.8354332447052002,0.6283175349235535,0.4571268558502197,0.06783710420131683,0.05039801448583603,0.5167375802993774,0.6325051784515381,0.4860200881958008,-0.23263409733772278,0.40578165650367737,0.6861642003059387,0.5816978216171265,0.47074460983276367,0.04743754491209984,0.058821916580200195,0.5467042922973633,0.6158837080001831,0.49050530791282654,-0.1707736700773239,0.25917568802833557,0.5993927121162415,0.5735278129577637,0.4724033772945404,0.057679858058691025,0.06519518792629242,0.5848734974861145,0.6148071885108948,0.4901922643184662,-0.1896028071641922,0.2597159743309021,0.5703305006027222,0.5727300643920898,0.4725833535194397,0.02765078842639923,0.06669675558805466,0.5604197382926941,0.6176531314849854,0.48821839690208435,-0.18687930703163147,0.26385289430618286,0.601076066493988,0.5751689076423645,0.47286662459373474,0.036813464015722275,0.07016284763813019,0.5430031418800354,0.6178469657897949,0.4887576699256897,-0.16815930604934692,0.2519201934337616,0.6026899814605713,0.5513361692428589,0.44369783997535706,0.08503884822130203,0.9198794960975647,0.11129047721624374,0.5463591814041138,0.4643074572086334,-0.08527076989412308,0.9275633096694946,0.1250602751970291,0.5477538108825684,0.4776921272277832,0.07590712606906891,0.6431006789207458,0.14509570598602295,0.6135146617889404,0.5256760120391846,-0.03972015529870987,0.6403337717056274,0.21037781238555908,0.5139207243919373,0.4905702471733093,0.1965382695198059,0.6511181592941284,0.09466966986656189,0.6701505184173584,0.5678414106369019,0.01628359593451023,0.3012377619743347,0.09350483119487762,0.504289984703064,0.4917687773704529,0.21320021152496338,0.7140056490898132,0.07966013252735138,0.668537974357605,0.5707414150238037,0.023769423365592957,0.33127665519714355,0.07508666068315506,0.5220057368278503,0.49764522910118103,0.23494172096252441,0.45603111386299133,0.15662260353565216,0.7212317585945129,0.5878511667251587,-0.0043409960344433784,0.20709183812141418,0.15642262995243073
4,136,False,,,,,,,,,,,,,,,,,,,,,,,,,,,,,,,,,,,,,,,,,,,,,,,,,,,,,,,,,,,,,,,,,,,,,,,,,,,,,,,,,,,,,,,,,,,,,,,,,,,,,,,,,,,,,,,,,,,,,,,,,,,,,,,,,,,,,,,,,,,,,,,,,,,,,,,,,,,,,,,,,,,,,
5,170,False,,,,,,,,,,,,,,,,,,,,,,,,,,,,,,,,,,,,,,,,,,,,,,,,,,,,,,,,,,,,,,,,,,,,,,,,,,,,,,,,,,,,,,,,,,,,,,,,,,,,,,,,,,,,,,,,,,,,,,,,,,,,,,,,,,,,,,,,,,,,,,,,,,,,,,,,,,,,,,,,,,,,,
6,204,False,,,,,,,,,,,,,,,,,,,,,,,,,,,,,,,,,,,,,,,,,,,,,,,,,,,,,,,,,,,,,,,,,,,,,,,,,,,,,,,,,,,,,,,,,,,,,,,,,,,,,,,,,,,,,,,,,,,,,,,,,,,,,,,,,,,,,,,,,,,,,,,,,,,,,,,,,,,,,,,,,,,,,
7,238,False,,,,,,,,,,,,,,,,,,,,,,,,,,,,,,,,,,,,,,,,,,,,,,,,,,,,,,,,,,,,,,,,,,,,,,,,,,,,,,,,,,,,,,,,,,,,,,,,,,,,,,,,,,,,,,,,,,,,,,,,,,,,,,,,,,,,,,,,,,,,,,,,,,,,,,,,,,,,,,,,,,,,,
8,272,False,,,,,,,,,,,,,,,,,,,,,,,,,,,,,,,,,,,,,,,,,,,,,,,,,,,,,,,,,,,,,,,,,,,,,,,,,,,,,,,,,,,,,,,,,,,,,,,,,,,,,,,,,,,,,,,,,,,,,,,,,,,,,,,,,,,,,,,,,,,,,,,,,,,,,,,,,,,,,,,,,,,,,
9,306,False,,,,,,,,,,,,,,,,,,,,,,,,,,,,,,,,,,,,,,,,,,,,,,,,,,,,,,,,,,,,,,,,,,,,,,,,,,,,,,,,,,,,,,,,,,,,,,,,,,,,,,,,,,,,,,,,,,,,,,,,,,,,,,,,,,,,,,,,,,,,,,,,,,,,,,,,,,,,,,,,,,,,,
10,340,False,,,,,,,,,,,,,,,,,,,,,,,,,,,,,,,,,,,,,,,,,,,,,,,,,,,,,,,,,,,,,,,,,,,,,,,,,,,,,,,,,,,,,,,,,,,,,,,,,,,,,,,,,,,,,,,,,,,,,,,,,,,,,,,,,,,,,,,,,,,,,,,,,,,,,,,,,,,,,,,,,,,,,
11,374,True,0.4767037332057953,0.39890414476394653,-0.06905519962310791,0.7033381462097168,0.9886809587478638,0.46564868092536926,0.40195542573928833,-0.05253755301237106,0.753302276134491,0.9888767600059509,0.46514302492141724,0.4024531841278076,-0.05249632149934769,0.7620187401771545,0.9869045615196228,0.4646424651145935,0.40293940901756287,-0.05254574865102768,0.7864859104156494,0.9844011664390564,0.4656483232975006,0.4022286832332611,-0.08976682275533676,0.7342021465301514,0.9926379919052124,0.4651433825492859,0.40288645029067993,-0.08996327966451645,0.7469726204872131,0.9936942458152771,0.4645606279373169,0.40353041887283325,-0.09008966386318207,0.7041821479797363,0.9943590760231018,0.46424031257629395,0.4115539491176605,0.024791229516267776,0.8537919521331787,0.9824147820472717,0.462740957736969,0.4120818078517914,-0.14008863270282745,0.7510148286819458,0.9946823716163635,0.48526591062545776,0.4020957946777344,-0.03737303614616394,0.7254689931869507,0.9781529903411865,0.48401424288749695,0.40216755867004395,-0.08522924035787582,0.6676453948020935,0.98723965883255,0.510813295841217,0.42724210023880005,0.11560618132352829,0.9776709675788879,0.9842721223831177,0.5000510215759277,0.43286171555519104,-0.2246604561805725,0.9926525950431824,0.9982784986495972,0.5225247144699097,0.4674176573753357,0.13635064661502838,0.04870900511741638,0.9755371809005737,0.5097594857215881,0.4765576720237732,-0.30094441771507263,0.4612976312637329,0.9942141175270081,0.5305352210998535,0.5101593136787415,0.09325525164604187,0.05740400031208992,0.9493356347084045,0.5269215703010559,0.515754222869873,-0.31242820620536804,0.31609922647476196,0.9550251960754395,0.5338847041130066,0.5231560468673706,0.09090164303779602,0.06386898458003998,0.9543362259864807,0.524077832698822,0.5282343029975891,-0.34805047512054443,0.31108903884887695,0.9420081377029419,0.5342473983764648,0.5231834053993225,0.06702926009893417,0.06528918445110321,0.9529956579208374,0.5293688774108887,0.5276827216148376,-0.3439697325229645,0.3141365945339203,0.9433771967887878,0.5342823266983032,0.5185588002204895,0.07932267338037491,0.0684867724776268,0.94729083776474,0.5313842296600342,0.5236856341362,-0.3117821216583252,0.3003409504890442,0.9456099271774292,0.6235611438751221,0.49131259322166443,0.11564972251653671,0.9274003505706787,0.99221271276474,0.6175333261489868,0.49339213967323303,-0.11535917967557907,0.934630811214447,0.9980964064598083,0.6841400265693665,0.5410405397415161,0.1396791934967041,0.617974579334259,0.9819785952568054,0.6807224750518799,0.5427435040473938,-0.10888633877038956,0.6730955243110657,0.9924680590629578,0.7092214822769165,0.6000846028327942,0.25217944383621216,0.6466620564460754,0.9866011738777161,0.712066113948822,0.6067355871200562,-0.016208462417125702,0.3673630654811859,0.9923856258392334,0.7040208578109741,0.619854748249054,0.2594594657421112,0.7053954005241394,0.9833020567893982,0.7073050141334534,0.6167240142822266,-0.009925768710672855,0.39066070318222046,0.9904604554176331,0.7438333034515381,0.6144967079162598,0.1998327076435089,0.47955211997032166,0.9798548817634583,0.756568968296051,0.617753267288208,-0.0895124152302742,0.28101804852485657,0.9842400550842285
12,408,True,0.4674903154373169,0.3981730341911316,-0.03397539258003235,0.7325185537338257,0.9902614951133728,0.456916481256485,0.4003928303718567,-0.01693989895284176,0.7771109938621521,0.989997386932373,0.4563579857349396,0.4008687138557434,-0.01692110113799572,0.784844696521759,0.98868328332901,0.4556421637535095,0.4013141989707947,-0.01697392761707306,0.8070409893989563,0.9868357181549072,0.45683085918426514,0.4004974365234375,-0.053634706884622574,0.7602805495262146,0.992347240447998,0.4562586545944214,0.40102043747901917,-0.053788989782333374,0.7718604803085327,0.9929961562156677,0.45551031827926636,0.4015241265296936,-0.05383894592523575,0.7333701848983765,0.9932608008384705,0.4538313150405884,0.40964993834495544,0.06085954234004021,0.867255687713623,0.9834696054458618,0.45362141728401184,0.4096817076206207,-0.10314825922250748,0.7755333185195923,0.9924437403678894,0.47704625129699707,0.4014992117881775,-0.0024249067064374685,0.7516889572143555,0.9790965914726257,0.4756011962890625,0.4014259874820709,-0.04997432976961136,0.6999083757400513,0.9857191443443298,0.5040996074676514,0.42816129326820374,0.14989203214645386,0.9780595898628235,0.9781322479248047,0.48993077874183655,0.4314301013946533,-0.19378195703029633,0.9932480454444885,0.9961464405059814,0.521310567855835,0.4574076235294342,0.1742066591978073,0.049909207969903946,0.9795158505439758,0.5047033429145813,0.46016573905944824,-0.289364755153656,0.5132514834403992,0.9931055903434753,0.5455959439277649,0.48473113775253296,0.12034881114959717,0.060758721083402634,0.9420403242111206,0.5233927369117737,0.4757775366306305,-0.3126051723957062,0.3764272928237915,0.9660958051681519,0.5546216368675232,0.49275603890419006,0.11832724511623383,0.06787297874689102,0.9383434057235718,0.5232126712799072,0.48153001070022583,-0.35118553042411804,0.36812296509742737,0.9514208436012268,0.5553514361381531,0.4937502443790436,0.09091269969940186,0.06932062655687332,0.9381717443466187,0.526884913444519,0.4792867600917816,-0.3438301086425781,0.37042152881622314,0.9551640748977661,0.553009033203125,0.4907352030277252,0.10509563982486725,0.07268406450748444,0.9360306859016418,0.5273816585540771,0.47822269797325134,-0.31148022413253784,0.3552020192146301,0.9588144421577454,0.6136172413825989,0.48899754881858826,0.11494721472263336,0.9339969158172607,0.9760650992393494,0.6063710451126099,0.4888858199119568,-0.11471971869468689,0.9409115314483643,0.992300271987915,0.6841235160827637,0.5346169471740723,0.1184210553765297,0.5888460874557495,0.9594072699546814,0.6805327534675598,0.5350538492202759,-0.12852899730205536,0.7013322710990906,0.9841194748878479,0.7145065069198608,0.5963371992111206,0.21422314643859863,0.6354762315750122,0.9654314517974854,0.7235193252563477,0.5989345908164978,-0.06260139495134354,0.4261488914489746,0.9803178310394287,0.7181717753410339,0.611202597618103,0.22025051712989807,0.695655107498169,0.9564698934555054,0.7223052382469177,0.6097313165664673,-0.05889333039522171,0.443570613861084,0.9737663865089417,0.75896817445755,0.6081496477127075,0.1648457646369934,0.49307164549827576,0.9546229839324951,0.7619576454162598,0.6102131009101868,-0.13998375833034515,0.34615305066108704,0.9602563977241516
13,442,True,0.4566139280796051,0.3948720097541809,-0.04366093873977661,0.7588468790054321,0.9965691566467285,0.44526243209838867,0.3967479467391968,-0.02510869689285755,0.7987435460090637,0.9961205124855042,0.4443695545196533,0.39725974202156067,-0.02504810318350792,0.8056234121322632,0.995811939239502,0.4434748888015747,0.3977677822113037,-0.0251172948628664,0.8257978558540344,0.9953698515892029,0.4457816183567047,0.39664390683174133,-0.06420150399208069,0.7836927771568298,0.9960744380950928,0.4453469514846802,0.3970263600349426,-0.06439097225666046,0.7941250801086426,0.9958859086036682,0.44487127661705017,0.39739322662353516,-0.06449461728334427,0.7595177292823792,0.9954769015312195,0.4413706362247467,0.40556448698043823,0.029923049733042717,0.8794025182723999,0.9937455654144287,0.44364750385284424,0.40447306632995605,-0.1080603376030922,0.7971505522727966,0.9931406378746033,0.46527430415153503,0.3980010747909546,-0.01218340639024973,0.775152862071991,0.9895641803741455,0.4646587073802948,0.3977954387664795,-0.06006674841046333,0.7283780574798584,0.9897904992103577,0.47105759382247925,0.42871037125587463,0.11055437475442886,0.978763997554779,0.9876627922058105,0.4781075716018677,0.4202924370765686,-0.20156323909759521,0.9935439229011536,0.9923670887947083,0.4886946380138397,0.45977139472961426,0.14194010198116302,0.05801144987344742,0.9887493848800659,0.4996984601020813,0.4270802140235901,-0.26877561211586,0.5607544183731079,0.9947385191917419,0.5273514986038208,0.4922645688056946,0.08166199922561646,0.06944930553436279,0.9780893921852112,0.5143364667892456,0.4279746115207672,-0.26276296377182007,0.43286654353141785,0.9764566421508789,0.5413808822631836,0.5032444000244141,0.0738406851887703,0.07738010585308075,0.974826455116272,0.5160475969314575,0.4294508099555969,-0.2989424169063568,0.4223855137825012,0.9636631608009338,0.5418490171432495,0.5034669637680054,0.049441490322351456,0.07867845892906189,0.975929856300354,0.5161030888557434,0.42860502004623413,-0.2903011441230774,0.4241483807563782,0.9670153856277466,0.5369417071342468,0.49975377321243286,0.06870051473379135,0.08148118853569031,0.9756435751914978,0.515109658241272,0.4292357563972473,-0.25933393836021423,0.4075459837913513,0.9718329906463623,0.5826641321182251,0.48330479860305786,0.10507809370756149,0.9394599795341492,0.9821788668632507,0.5862241983413696,0.4800640642642975,-0.10496021062135696,0.9462726712226868,0.9909942746162415,0.6613558530807495,0.5309631824493408,0.11605285108089447,0.5644083619117737,0.9733491539955139,0.6637481451034546,0.5239688158035278,-0.12406986206769943,0.7235575914382935,0.985322117805481,0.708397626876831,0.5839241743087769,0.210754856467247,0.6249862313270569,0.971464991569519,0.7130275964736938,0.5841768383979797,-0.04763171821832657,0.4768693149089813,0.9804940223693848,0.7097386717796326,0.5929073095321655,0.21737155318260193,0.685505747795105,0.9617763161659241,0.7134144306182861,0.5926223993301392,-0.042555730789899826,0.48630180954933167,0.9727713465690613,0.7412346601486206,0.5822835564613342,0.16762825846672058,0.5036078691482544,0.9639068841934204,0.7478623986244202,0.5824794769287109,-0.12834914028644562,0.40116822719573975,0.9652206301689148
14,476,True,0.44787314534187317,0.3909732401371002,0.0036703464575111866,0.7825950980186462,0.9968467354774475,0.43862831592559814,0.39141419529914856,0.015223227441310883,0.8183804750442505,0.9961206316947937,0.4380832612514496,0.39165598154067993,0.015186920762062073,0.8244571089744568,0.9960358738899231,0.43767014145851135,0.3918682634830475,0.015115436166524887,0.8428539633750916,0.9958066940307617,0.4381062090396881,0.39187130331993103,-0.018711032345891,0.8049114942550659,0.9959251880645752,0.43726810812950134,0.39241668581962585,-0.018852122128009796,0.8142843246459961,0.9957996010780334,0.43575218319892883,0.3932843804359436,-0.018828345462679863,0.7832104563713074,0.9954147338867188,0.43433523178100586,0.3980676531791687,0.0804651528596878,0.89092618227005,0.9955183267593384,0.4323975741863251,0.3997235894203186,-0.06876731663942337,0.8170064687728882,0.994642972946167,0.4560222625732422,0.39431625604629517,0.033006053417921066,0.7968806624412537,0.993922233581543,0.45480528473854065,0.3945325016975403,-0.011231288313865662,0.7546905279159546,0.9941923022270203,0.4587050974369049,0.42385944724082947,0.16736210882663727,0.9802137017250061,0.9899817109107971,0.45130541920661926,0.4178754687309265,-0.14895088970661163,0.9939565062522888,0.9926441311836243,0.48973342776298523,0.4292667806148529,0.24075306951999664,0.0704449787735939,0.989978551864624,0.47872844338417053,0.40117281675338745,-0.22195550799369812,0.6033333539962769,0.9926491379737854,0.521859884262085,0.4335502088069916,0.22985795140266418,0.07910577952861786,0.9823744893074036,0.5018400549888611,0.367413192987442,-0.1661832630634308,0.4795171618461609,0.9911808967590332,0.5325728058815002,0.4351921081542969,0.2370131015777588,0.0865442231297493,0.9781607985496521,0.5074965953826904,0.35921353101730347,-0.19373151659965515,0.46417346596717834,0.9857771992683411,0.5332154035568237,0.4354639947414398,0.2136722356081009,0.08793487399816513,0.9783605337142944,0.5054499506950378,0.35859012603759766,-0.17056426405906677,0.4647693932056427,0.9866069555282593,0.5293920636177063,0.43486133217811584,0.21852810680866241,0.09145641326904297,0.9798452258110046,0.5032241940498352,0.3629624545574188,-0.15617944300174713,0.44577163457870483,0.9894475936889648,0.5674883723258972,0.47755369544029236,0.09548789262771606,0.9443527460098267,0.9870534539222717,0.5616398453712463,0.4783558249473572,-0.09551063179969788,0.9509777426719666,0.9876847267150879,0.6468830704689026,0.5199251770973206,0.09415894746780396,0.5510106086730957,0.9861939549446106,0.6409008502960205,0.5209718346595764,-0.122134730219841,0.7414146065711975,0.9866721630096436,0.7052265405654907,0.5758540630340576,0.14891251921653748,0.6219334602355957,0.9784057140350342,0.7086514830589294,0.5756629109382629,-0.07154732942581177,0.5213298201560974,0.9771222472190857,0.7111434936523438,0.5847267508506775,0.1516903191804886,0.6828391551971436,0.9687240719795227,0.7130234837532043,0.5854505896568298,-0.0698467344045639,0.5236866474151611,0.9678816795349121,0.7413666844367981,0.5713880658149719,0.10001970827579498,0.5215901732444763,0.9615273475646973,0.7487325072288513,0.5710152387619019,-0.1466744989156723,0.45107242465019226,0.9541941285133362
15,510,True,0.44156044721603394,0.3859560787677765,0.11489050835371017,0.8036710023880005,0.9966566562652588,0.4307025372982025,0.38506144285202026,0.12190546095371246,0.8357166647911072,0.995579183101654,0.42997708916664124,0.38521498441696167,0.12190351635217667,0.8410703539848328,0.9953621029853821,0.42945200204849243,0.3854143023490906,0.12185844779014587,0.8578952550888062,0.9948809146881104,0.43054628372192383,0.3858281373977661,0.08965190500020981,0.8237680196762085,0.9957690238952637,0.42974475026130676,0.3864840269088745,0.08947480469942093,0.8321936130523682,0.9958052635192871,0.42888790369033813,0.3872092366218567,0.0894811823964119,0.8043160438537598,0.9956034421920776,0.42535319924354553,0.39278337359428406,0.15881754457950592,0.9005314111709595,0.9944121241569519,0.42539194226264954,0.39359039068222046,0.014084543101489544,0.8345410823822021,0.9955025315284729,0.4480288624763489,0.38940495252609253,0.13371306657791138,0.8157820701599121,0.9940968751907349,0.44736623764038086,0.3899956941604614,0.0914732813835144,0.7776511311531067,0.9948709011077881,0.4396103322505951,0.4210595488548279,0.2255227416753769,0.981872022151947,0.9949824213981628,0.4448331296443939,0.4108707308769226,-0.08584479987621307,0.9944741725921631,0.9976248145103455,0.4834541380405426,0.42835545539855957,0.31190425157546997,0.0676296204328537,0.9948523640632629,0.4856308698654175,0.40698185563087463,-0.14627636969089508,0.6363635063171387,0.9949083924293518,0.5230721831321716,0.42260774970054626,0.3330133557319641,0.0772259309887886,0.9883697032928467,0.506263017654419,0.38969990611076355,-0.10118848085403442,0.5087539553642273,0.990308940410614,0.5336927771568298,0.4217136800289154,0.35118982195854187,0.08571003377437592,0.9867748022079468,0.5118321776390076,0.38600683212280273,-0.12256913632154465,0.4906568229198456,0.9878056049346924,0.535895824432373,0.4203711450099945,0.325432151556015,0.08705392479896545,0.9863730669021606,0.5095009803771973,0.38475289940834045,-0.1058599129319191,0.49009329080581665,0.9879326224327087,0.531478226184845,0.4203769564628601,0.3223118782043457,0.0910184383392334,0.9872000217437744,0.5085928440093994,0.38714706897735596,-0.09298719465732574,0.4669433534145355,0.989284336566925,0.5497598648071289,0.4743576645851135,0.09348928928375244,0.9495585560798645,0.9954532384872437,0.5506151914596558,0.4727784991264343,-0.09353914111852646,0.9556969404220581,0.9969133138656616,0.6345919966697693,0.5188344120979309,0.0822567492723465,0.5349147915840149,0.9951370358467102,0.6343706846237183,0.5155159831047058,-0.12497641146183014,0.7541762590408325,0.9961284399032593,0.7008566856384277,0.5714010000228882,0.10115236788988113,0.6224728226661682,0.9933633804321289,0.7069246768951416,0.5684665441513062,-0.11372530460357666,0.5608521699905396,0.9943878054618835,0.708846390247345,0.5820686221122742,0.09975581616163254,0.6832967400550842,0.9906808733940125,0.7127707600593567,0.5788496732711792,-0.11520325392484665,0.557939887046814,0.9922019243240356,0.7358568906784058,0.571148693561554,0.04399782419204712,0.5405489206314087,0.9888888001441956,0.7449995875358582,0.5701332092285156,-0.18847264349460602,0.49662041664123535,0.9886437654495239
16,544,True,0.4359801113605499,0.37870192527770996,0.05652577430009842,0.8230520486831665,0.9992859959602356,0.42490479350090027,0.37711289525032043,0.06447481364011765,0.8518019914627075,0.9990440011024475,0.42387136816978455,0.377259761095047,0.06446483731269836,0.8565752506256104,0.9990320205688477,0.4231294095516205,0.377424418926239,0.06442700326442719,0.8718798160552979,0.9989663362503052,0.424897164106369,0.3779156804084778,0.02933085523545742,0.8411133289337158,0.9990034699440002,0.42409747838974,0.37849515676498413,0.029180629178881645,0.8486919403076172,0.9989829659461975,0.4233655333518982,0.379066526889801,0.02919824607670307,0.8236467242240906,0.9988929629325867,0.4174981713294983,0.38374629616737366,0.1117902621626854,0.910083532333374,0.9989650249481201,0.4183864891529083,0.38547974824905396,-0.04566507786512375,0.8507703542709351,0.998910665512085,0.4406004548072815,0.38268646597862244,0.07888540625572205,0.8336838483810425,0.9987363219261169,0.44056931138038635,0.38371485471725464,0.03272266685962677,0.799297571182251,0.9987493753433228,0.4298609495162964,0.41448450088500977,0.1925274282693863,0.983488142490387,0.9979498982429504,0.43651923537254333,0.40042346715927124,-0.13615751266479492,0.9949665069580078,0.9987086057662964,0.47082510590553284,0.4213712215423584,0.2830289304256439,0.07109016180038452,0.9966163039207458,0.4820854961872101,0.38310208916664124,-0.19946445524692535,0.6710443496704102,0.9979871511459351,0.5230010747909546,0.41451311111450195,0.2935563325881958,0.07960192114114761,0.9920340180397034,0.5052734613418579,0.34928014874458313,-0.13582190871238708,0.5458544492721558,0.9961997866630554,0.5337810516357422,0.41292133927345276,0.3106662929058075,0.08884698152542114,0.9904285669326782,0.5106596350669861,0.3410986363887787,-0.1619545817375183,0.5228500366210938,0.9938310384750366,0.5363947749137878,0.4116346836090088,0.2781217694282532,0.09045090526342392,0.9897571802139282,0.5068627595901489,0.3416914939880371,-0.13928154110908508,0.5213456153869629,0.9938011765480042,0.5315144658088684,0.41185253858566284,0.2797044515609741,0.09504533559083939,0.990672767162323,0.5048272609710693,0.3457575738430023,-0.12630948424339294,0.4953274428844452,0.995206892490387,0.5319686532020569,0.46946778893470764,0.0964544415473938,0.9541987180709839,0.9971501231193542,0.5376012325286865,0.46715959906578064,-0.0964309349656105,0.9599355459213257,0.9976209998130798,0.6180003881454468,0.5132694244384766,0.09215392917394638,0.5195556282997131,0.9966425895690918,0.6296557784080505,0.5084794759750366,-0.12441444396972656,0.7699511051177979,0.9972608089447021,0.6825100183486938,0.5616833567619324,0.14831827580928802,0.6216129660606384,0.9954560995101929,0.7009106874465942,0.5583492517471313,-0.08792322129011154,0.5982773900032043,0.9959056377410889,0.6891893744468689,0.5722268223762512,0.14986124634742737,0.6832625269889832,0.9936059713363647,0.706289529800415,0.5682745575904846,-0.0867374986410141,0.5909727811813354,0.9941699504852295,0.7154935002326965,0.5608694553375244,0.09803886711597443,0.5583009719848633,0.992520809173584,0.7394880652427673,0.5598236322402954,-0.156439408659935,0.5394276976585388,0.9917780160903931
17,578,True,0.4307504892349243,0.3692634403705597,0.06496040523052216,0.8381179571151733,0.9877320528030396,0.42069366574287415,0.36748719215393066,0.07439915835857391,0.8643290400505066,0.9876554608345032,0.41977694630622864,0.3676237463951111,0.07435533404350281,0.8681595921516418,0.987857460975647,0.4190651774406433,0.3678157925605774,0.07427364587783813,0.8827351927757263,0.987517774105072,0.4203278720378876,0.36847636103630066,0.0411963164806366,0.8549222350120544,0.9871578812599182,0.4193551242351532,0.3691801130771637,0.041050735861063004,0.8615882992744446,0.9870200157165527,0.418353408575058,0.36993175745010376,0.041039060801267624,0.8394020199775696,0.9863135814666748,0.41291797161102295,0.37416642904281616,0.126442089676857,0.9155915975570679,0.9884994626045227,0.41255953907966614,0.3765125870704651,-0.021747205406427383,0.8633836507797241,0.9865188002586365,0.4347345530986786,0.3736816346645355,0.08974067121744156,0.8471737504005432,0.9879128336906433,0.43398886919021606,0.37453800439834595,0.04641740024089813,0.8155885934829712,0.988131046295166,0.4252864122390747,0.39976105093955994,0.20384064316749573,0.9846519231796265,0.9922869205474854,0.4218222200870514,0.39811310172080994,-0.12186775356531143,0.9952244758605957,0.9918461441993713,0.4661649167537689,0.4039619565010071,0.2882445454597473,0.06951859593391418,0.9929434657096863,0.47966626286506653,0.39034929871559143,-0.1933322697877884,0.6949458122253418,0.9822759628295898,0.5052546262741089,0.3969806134700775,0.2970902919769287,0.07930292189121246,0.9770134091377258,0.500429630279541,0.3624808192253113,-0.13902734220027924,0.5644057393074036,0.9744775891304016,0.5151655673980713,0.39531466364860535,0.3121148943901062,0.08922236412763596,0.9721037745475769,0.5074431896209717,0.3557039201259613,-0.16238349676132202,0.5387797355651855,0.971657395362854,0.5168216824531555,0.39457839727401733,0.28824180364608765,0.09093800187110901,0.9706474542617798,0.5004947185516357,0.3551240563392639,-0.14519496262073517,0.5359319448471069,0.9705023765563965,0.5130563378334045,0.3952222764492035,0.28667983412742615,0.0963992029428482,0.9724721312522888,0.49725234508514404,0.3582461476325989,-0.1301013082265854,0.5053058862686157,0.9721425175666809,0.5225849151611328,0.46074730157852173,0.09428829699754715,0.9582334756851196,0.9955853223800659,0.518172562122345,0.46369728446006775,-0.09430244565010071,0.9635767340660095,0.9952503442764282,0.6012205481529236,0.5013086795806885,0.09056451916694641,0.5022667050361633,0.9863958358764648,0.6027241349220276,0.5068169832229614,-0.1173764318227768,0.7786996960639954,0.9874181747436523,0.6579548716545105,0.5464373230934143,0.14716021716594696,0.6036248803138733,0.9810175895690918,0.6767948865890503,0.5523554086685181,-0.08728383481502533,0.6248824000358582,0.9782214760780334,0.6568846702575684,0.5607926249504089,0.15018394589424133,0.668738603591919,0.9766214489936829,0.6826316714286804,0.5615564584732056,-0.08679796755313873,0.6098133325576782,0.9722604751586914,0.6894988417625427,0.5499160885810852,0.10371024906635284,0.5561410188674927,0.9738908410072327,0.7173314690589905,0.5542357563972473,-0.1583615392446518,0.5698936581611633,0.9613690972328186
18,612,True,0.428481787443161,0.36290985345840454,0.09346330165863037,0.8525717258453369,0.9922319650650024,0.4192122220993042,0.36046329140663147,0.10406582057476044,0.8765068054199219,0.9913785457611084,0.41843512654304504,0.36052456498146057,0.1040245071053505,0.879707932472229,0.9918087124824524,0.41777047514915466,0.3606293201446533,0.10395283997058868,0.8933086395263672,0.9917765855789185,0.41871756315231323,0.36113443970680237,0.07035686075687408,0.8683267831802368,0.9907947182655334,0.4176673889160156,0.3616391718387604,0.07021139562129974,0.8743218183517456,0.9906432032585144,0.4166291058063507,0.3621528744697571,0.07021165639162064,0.8544747829437256,0.9902070164680481,0.4100630581378937,0.3663094937801361,0.15191668272018433,0.9224004745483398,0.9931024312973022,0.40889790654182434,0.36794689297676086,0.0014625544426962733,0.8761141300201416,0.9918615818023682,0.4306942820549011,0.36768466234207153,0.11641183495521545,0.8609275817871094,0.9949518442153931,0.42984744906425476,0.3684574067592621,0.07237575203180313,0.8325702548027039,0.9948546886444092,0.4147413372993469,0.38924136757850647,0.22187605500221252,0.9861236810684204,0.9990780353546143,0.40976688265800476,0.389740526676178,-0.10382775217294693,0.9956709146499634,0.9991638660430908,0.46144935488700867,0.3953007459640503,0.2693712115287781,0.07401799410581589,0.9985557198524475,0.4692235291004181,0.38792455196380615,-0.1615544706583023,0.7199252247810364,0.9965919256210327,0.49273940920829773,0.3921984136104584,0.24328000843524933,0.08599638193845749,0.9943050742149353,0.49111273884773254,0.36837130784988403,-0.09573755413293839,0.5912905931472778,0.9911907911300659,0.5005393624305725,0.39113515615463257,0.25232934951782227,0.0949680432677269,0.9916685819625854,0.49821755290031433,0.36339423060417175,-0.1172543317079544,0.5624094605445862,0.9879441261291504,0.5005673170089722,0.3907928466796875,0.22988900542259216,0.09671808779239655,0.9913768768310547,0.4913877844810486,0.3635500967502594,-0.09852492809295654,0.5586308836936951,0.9879512190818787,0.49772605299949646,0.39112716913223267,0.2320493459701538,0.10273195058107376,0.9924518465995789,0.4882962107658386,0.3658282160758972,-0.08536592870950699,0.5241521596908569,0.9897488951683044,0.5071241855621338,0.45231732726097107,0.09496777504682541,0.9623282551765442,0.9980364441871643,0.5008178949356079,0.453726202249527,-0.09500788897275925,0.9671014547348022,0.9973161816596985,0.5850382447242737,0.49119219183921814,0.0940190851688385,0.48084768652915955,0.9926748871803284,0.5790517330169678,0.4759643077850342,-0.10463152080774307,0.773902416229248,0.9901077747344971,0.6245381236076355,0.5273369550704956,0.14111091196537018,0.5763514637947083,0.9775798916816711,0.6150193214416504,0.49866122007369995,-0.08451522886753082,0.6333263516426086,0.9733749032020569,0.6259636878967285,0.5353255271911621,0.14334668219089508,0.6489009261131287,0.9688611626625061,0.6161404252052307,0.5050228834152222,-0.08396153151988983,0.6191536784172058,0.9673017263412476,0.6506767868995667,0.5280131101608276,0.10395747423171997,0.5437415838241577,0.966877818107605,0.6391198635101318,0.493537962436676,-0.1520533412694931,0.5862000584602356,0.9546512961387634
19,646,True,0.42902034521102905,0.35559529066085815,0.0997755378484726,0.8671654462814331,0.9994308352470398,0.41959068179130554,0.3526362180709839,0.10962722450494766,0.8887346386909485,0.9993671774864197,0.41856884956359863,0.35269293189048767,0.10958661139011383,0.8915935158729553,0.9994358420372009,0.41726329922676086,0.3526255786418915,0.10954194515943527,0.9038668274879456,0.9994593262672424,0.4194190502166748,0.3528733253479004,0.07352571934461594,0.8814017176628113,0.9992904663085938,0.41819751262664795,0.35316962003707886,0.07336442917585373,0.8867971897125244,0.9992722868919373,0.41707733273506165,0.3534500002861023,0.07334976643323898,0.8689300417900085,0.9992311000823975,0.4076170325279236,0.357541024684906,0.1522434502840042,0.9300233721733093,0.9997045397758484,0.40815484523773193,0.3579907715320587,-0.008439207449555397,0.8884292244911194,0.9995385408401489,0.4302498400211334,0.36023756861686707,0.12077414989471436,0.8746885657310486,0.9997214674949646,0.42946869134902954,0.36082810163497925,0.07369399815797806,0.849176824092865,0.9996798038482666,0.40467390418052673,0.38448116183280945,0.2307717651128769,0.9875056147575378,0.9999432563781738,0.40728560090065,0.38082748651504517,-0.12134235352277756,0.9960986971855164,0.9999126195907593,0.45185309648513794,0.39463725686073303,0.2985401451587677,0.07116875052452087,0.9995809197425842,0.46567562222480774,0.3775367736816406,-0.17098458111286163,0.7439038753509521,0.9990671277046204,0.4866243600845337,0.3834366798400879,0.2921339273452759,0.0835949182510376,0.9979762434959412,0.4878706634044647,0.3558690845966339,-0.06303311139345169,0.6153924465179443,0.9972303509712219,0.4943366050720215,0.37946978211402893,0.3136277198791504,0.09284272789955139,0.9973478317260742,0.49355781078338623,0.3494965434074402,-0.07541969418525696,0.5832396149635315,0.9966216087341309,0.49708396196365356,0.378400981426239,0.28941839933395386,0.09449771791696548,0.9970589876174927,0.4862682819366455,0.3510947525501251,-0.05583001673221588,0.5781459808349609,0.9964258074760437,0.49400436878204346,0.3799895942211151,0.28211191296577454,0.10074169933795929,0.9973530769348145,0.4838551878929138,0.3538679778575897,-0.050705328583717346,0.5388312339782715,0.996841311454773,0.4895906150341034,0.4449465870857239,0.09617164731025696,0.9660935401916504,0.9999479055404663,0.4851434826850891,0.44632282853126526,-0.09626094251871109,0.9703841805458069,0.9998592138290405,0.5864094495773315,0.4741627275943756,0.005093255080282688,0.5112216472625732,0.999683141708374,0.5549792051315308,0.46471014618873596,-0.1673506498336792,0.7863823771476746,0.998967170715332,0.6458851099014282,0.5252068042755127,-0.01667097769677639,0.6065283417701721,0.9986522793769836,0.5509389638900757,0.5003976225852966,-0.11867441236972809,0.6551111936569214,0.998063862323761,0.6474441289901733,0.5353173017501831,-0.020454803481698036,0.671079695224762,0.9979280233383179,0.542844831943512,0.5066128969192505,-0.1124831810593605,0.6419158577919006,0.99801105260849,0.6806811690330505,0.5308324098587036,-0.0703415796160698,0.578655481338501,0.9964244961738586,0.5774317979812622,0.5049504041671753,-0.14653044939041138,0.6164674758911133,0.9970402121543884
20,680,True,0.42927414178848267,0.34793350100517273,0.08594430983066559,0.8803713917732239,0.999660849571228,0.4202379882335663,0.34422117471694946,0.09898461401462555,0.8997859954833984,0.9996269941329956,0.4190913438796997,0.3444005250930786,0.09892754256725311,0.9023464322090149,0.999666690826416,0.41767141222953796,0.3446590304374695,0.09869036078453064,0.9134120941162109,0.9996795654296875,0.4203212261199951,0.3441251218318939,0.07152409851551056,0.8931888341903687,0.9995391368865967,0.4192237854003906,0.3442447781562805,0.07160020619630814,0.8980355262756348,0.9995077848434448,0.41814857721328735,0.34435537457466125,0.07168909907341003,0.8819584250450134,0.9994493126869202,0.4079442024230957,0.34894222021102905,0.14578326046466827,0.9368860125541687,0.9997937083244324,0.40874946117401123,0.34858018159866333,-0.036349572241306305,0.8995164036750793,0.9995224475860596,0.42924901843070984,0.3529838025569916,0.10941646248102188,0.8871364593505859,0.9997568726539612,0.42886844277381897,0.35309499502182007,0.06976218521595001,0.8641588687896729,0.9996762275695801,0.4025478661060333,0.37545010447502136,0.2115943878889084,0.9887391328811646,0.999854564666748,0.406983345746994,0.37009507417678833,-0.1525821089744568,0.996476948261261,0.9996926784515381,0.44515737891197205,0.39423173666000366,0.28295695781707764,0.07282920926809311,0.9993312358856201,0.46795183420181274,0.37372347712516785,-0.1832447052001953,0.7675742506980896,0.998231828212738,0.48427870869636536,0.38457509875297546,0.2089175134897232,0.08746637403964996,0.9983028173446655,0.49046626687049866,0.3509712517261505,-0.09453587979078293,0.6450462937355042,0.9972407817840576,0.49323582649230957,0.38144299387931824,0.22297874093055725,0.09773039817810059,0.9979771971702576,0.496490478515625,0.3445819914340973,-0.10966742783784866,0.6112545728683472,0.99702388048172,0.496110737323761,0.3797774314880371,0.19773542881011963,0.09949123114347458,0.9977656602859497,0.4897918701171875,0.34510213136672974,-0.09072659909725189,0.6054986715316772,0.9968416690826416,0.4925910532474518,0.3809754252433777,0.1967773586511612,0.10604484379291534,0.9979084730148315,0.4870379865169525,0.3479374349117279,-0.08238384127616882,0.5635250806808472,0.9970794916152954,0.48501256108283997,0.4434141218662262,0.09693781286478043,0.9694719314575195,0.9998669624328613,0.4813377261161804,0.4457191526889801,-0.09699773043394089,0.9733173251152039,0.9996671676635742,0.5718814134597778,0.47361764311790466,-0.009440755471587181,0.5330540537834167,0.9993964433670044,0.5553414821624756,0.4797067642211914,-0.15079715847969055,0.7996476888656616,0.9982495903968811,0.6209274530410767,0.5192734599113464,0.023306239396333694,0.6279090046882629,0.9985873699188232,0.5666390061378479,0.5176271200180054,-0.007935255765914917,0.670468807220459,0.9977633953094482,0.621495246887207,0.52900630235672,0.024851372465491295,0.6830407381057739,0.9979175925254822,0.5605485439300537,0.5233984589576721,0.0060928259044885635,0.6523585915565491,0.9975829124450684,0.6552901864051819,0.5219541788101196,-0.02277633175253868,0.6056610941886902,0.9971766471862793,0.5992568731307983,0.5250927209854126,-0.01495916023850441,0.6385059356689453,0.9973811507225037
21,714,True,0.43196478486061096,0.3385099768638611,0.07373429834842682,0.8923159837722778,0.9999152421951294,0.42262306809425354,0.33489474654197693,0.08294638246297836,0.9097909927368164,0.9999170303344727,0.42163339257240295,0.3351750075817108,0.08291714638471603,0.9120932221412659,0.9999277591705322,0.4204404056072235,0.3355516493320465,0.08285307139158249,0.9220542907714844,0.9999308586120605,0.4225596487522125,0.33454060554504395,0.047205548733472824,0.9038540124893188,0.9998984336853027,0.4215562045574188,0.33459967374801636,0.04711545258760452,0.9082151055335999,0.9998921155929565,0.4205520749092102,0.33470287919044495,0.047113291919231415,0.8937451243400574,0.9998792409896851,0.41110754013061523,0.33973586559295654,0.13001799583435059,0.9431736469268799,0.9999651908874512,0.4122290313243866,0.3393462002277374,-0.0394706055521965,0.9095516204833984,0.9999181032180786,0.43250635266304016,0.3448975682258606,0.09638822078704834,0.8984043002128601,0.9999444484710693,0.4322786033153534,0.3443010747432709,0.0488005168735981,0.8777217864990234,0.9999310970306396,0.4007312059402466,0.3715980052947998,0.2169080674648285,0.9898574948310852,0.9999353885650635,0.41065651178359985,0.36192208528518677,-0.15848763287067413,0.9968212246894836,0.9998507499694824,0.4413577616214752,0.39088839292526245,0.3138394057750702,0.06993474811315536,0.9994997978210449,0.46795400977134705,0.37134093046188354,-0.22155219316482544,0.787719190120697,0.9983391761779785,0.47179239988327026,0.376891165971756,0.33635225892066956,0.08482755720615387,0.9989151954650879,0.4799790680408478,0.35450127720832825,-0.12257327884435654,0.6681123971939087,0.997668445110321,0.4785190224647522,0.37294861674308777,0.3665548861026764,0.09568161517381668,0.9988584518432617,0.4834006726741791,0.34983569383621216,-0.13804017007350922,0.6334530115127563,0.9978240728378296,0.4824562966823578,0.3709847331047058,0.343292772769928,0.09743623435497284,0.9987045526504517,0.4778822660446167,0.35215622186660767,-0.1212419718503952,0.6270724534988403,0.9976403713226318,0.47997456789016724,0.3725011944770813,0.327525794506073,0.10433618724346161,0.9987242817878723,0.47685208916664124,0.35295605659484863,-0.11228401213884354,0.5819516777992249,0.9976862668991089,0.47604453563690186,0.4433159828186035,0.0981704592704773,0.9725223779678345,0.9999699592590332,0.4753788113594055,0.4421829283237457,-0.0981748178601265,0.9759766459465027,0.9999150037765503,0.571064829826355,0.467660129070282,-0.0357612781226635,0.5612998604774475,0.9997853636741638,0.5553625226020813,0.47098731994628906,-0.18293537199497223,0.8131673336029053,0.9991939663887024,0.6300040483474731,0.5163043737411499,-0.05562068149447441,0.6572133302688599,0.9995170831680298,0.5711740851402283,0.5091096758842468,-0.06089657545089722,0.6904403567314148,0.9992984533309937,0.6319040656089783,0.526396632194519,-0.05940008535981178,0.702836811542511,0.9992864727973938,0.5655966401100159,0.5148117542266846,-0.04003218188881874,0.670339822769165,0.9992862343788147,0.6653540134429932,0.5202072858810425,-0.1159898042678833,0.6382834911346436,0.998954176902771,0.6052793860435486,0.5178966522216797,-0.07242141664028168,0.6649399995803833,0.9992015957832336
22,748,True,0.43645209074020386,0.3316929340362549,0.04956299811601639,0.9030001759529114,0.9993367791175842,0.4290012717247009,0.32776588201522827,0.05794272944331169,0.9187385439872742,0.9992997646331787,0.4277344048023224,0.32799944281578064,0.05787421390414238,0.9207949042320251,0.9993632435798645,0.4264305830001831,0.32826176285743713,0.05782966688275337,0.929778516292572,0.9993783235549927,0.4292089641094208,0.3274534344673157,0.018842894583940506,0.9134005904197693,0.9992509484291077,0.4281473457813263,0.32749801874160767,0.01874461956322193,0.9173231720924377,0.9992483258247375,0.427120178937912,0.3275826573371887,0.018673405051231384,0.9043065905570984,0.9992121458053589,0.4113588035106659,0.3320190906524658,0.10382209718227386,0.9487627744674683,0.9996784925460815,0.41574832797050476,0.33169054985046387,-0.07081316411495209,0.9185433387756348,0.9995444416999817,0.43300747871398926,0.3382717967033386,0.07120092958211899,0.9084734916687012,0.9996067881584167,0.43268975615501404,0.33781561255455017,0.02006564475595951,0.8898637294769287,0.9996142387390137,0.4038865864276886,0.3624691367149353,0.21050876379013062,0.9908437728881836,0.9996380805969238,0.4130297899246216,0.35589882731437683,-0.1843240112066269,0.9971152544021606,0.9996246099472046,0.4425649046897888,0.38569408655166626,0.2983708381652832,0.06625988334417343,0.998044490814209,0.4681849181652069,0.37059682607650757,-0.2710132896900177,0.8044787645339966,0.9962478280067444,0.46811556816101074,0.36975082755088806,0.3262730836868286,0.08119713515043259,0.9957336783409119,0.4776025414466858,0.3509622812271118,-0.18952248990535736,0.6860666275024414,0.9944520592689514,0.4729854464530945,0.3646867573261261,0.35397109389305115,0.09214463084936142,0.9958187937736511,0.4811883568763733,0.34409040212631226,-0.2054385095834732,0.6500860452651978,0.994559109210968,0.4776097238063812,0.36265236139297485,0.3304838240146637,0.09396353363990784,0.9954034090042114,0.4734742343425751,0.34433069825172424,-0.18866334855556488,0.6433022618293762,0.9942694902420044,0.47522518038749695,0.3647097945213318,0.31697413325309753,0.1010831966996193,0.9953382015228271,0.4742754101753235,0.3478170335292816,-0.17931616306304932,0.5955345630645752,0.9944631457328796,0.4698604643344879,0.4385124742984772,0.10096815973520279,0.9752602577209473,0.9999340772628784,0.46781954169273376,0.4401705861091614,-0.10091803967952728,0.9783533215522766,0.9998784065246582,0.5365302562713623,0.44254574179649353,-0.0027819243259727955,0.5585122108459473,0.9986681938171387,0.5308570265769958,0.44778555631637573,-0.24827907979488373,0.8188631534576416,0.9969973564147949,0.5595136284828186,0.4972743093967438,-0.012218029238283634,0.6583906412124634,0.9978508949279785,0.5236441493034363,0.48905259370803833,-0.1914648711681366,0.6974638104438782,0.9962490200996399,0.556289553642273,0.5071008205413818,-0.013861693441867828,0.7021586298942566,0.997262716293335,0.5142039656639099,0.4947628378868103,-0.18311531841754913,0.6754437685012817,0.9963615536689758,0.584475040435791,0.5042810440063477,-0.04581540450453758,0.6502430438995361,0.9965773224830627,0.5498948097229004,0.49850717186927795,-0.20056003332138062,0.681377649307251,0.9957728981971741
23,782,True,0.44628646969795227,0.3247254490852356,0.014563951641321182,0.9126770496368408,0.9998966455459595,0.4403415322303772,0.32041966915130615,0.025717880576848984,0.9268383383750916,0.9998823404312134,0.4392956495285034,0.32050463557243347,0.025699760764837265,0.9286850094795227,0.9998834133148193,0.4382459819316864,0.320597380399704,0.02568846009671688,0.936775803565979,0.999874472618103,0.4402496814727783,0.32030266523361206,-0.010584778152406216,0.9220400452613831,0.9998868703842163,0.4392208158969879,0.3203335404396057,-0.010673143900930882,0.925571620464325,0.999886155128479,0.43821093440055847,0.3203790783882141,-0.010683979839086533,0.9138563275337219,0.9998767375946045,0.4225062429904938,0.32354775071144104,0.08416377007961273,0.9538477063179016,0.9999145269393921,0.4269864857196808,0.3237469792366028,-0.07927088439464569,0.9266679286956787,0.9999127388000488,0.4411986172199249,0.3312374949455261,0.040465179830789566,0.9176031947135925,0.999922513961792,0.44018644094467163,0.3311719000339508,-0.0069165099412202835,0.9008525609970093,0.9999302625656128,0.4071120023727417,0.35224559903144836,0.18255671858787537,0.9917362928390503,0.9998540878295898,0.4150647819042206,0.3490363657474518,-0.18188618123531342,0.997394323348999,0.9998564720153809,0.43945422768592834,0.38122865557670593,0.2906894385814667,0.06782564520835876,0.9994878768920898,0.46102625131607056,0.36968153715133667,-0.3215448558330536,0.8232576251029968,0.9990240335464478,0.46554291248321533,0.3668076992034912,0.32123973965644836,0.09052333235740662,0.9991600513458252,0.47857436537742615,0.3434886634349823,-0.34840115904808044,0.7145769596099854,0.9989405274391174,0.4704732298851013,0.36208945512771606,0.3414064049720764,0.10313870757818222,0.9990645051002502,0.4830399751663208,0.33901113271713257,-0.3808663785457611,0.6803649663925171,0.9988003969192505,0.47500157356262207,0.3597983419895172,0.31693509221076965,0.10521069914102554,0.9990053772926331,0.4757622182369232,0.33774155378341675,-0.36199137568473816,0.673934817314148,0.9988042116165161,0.47294798493385315,0.3617073893547058,0.3118918836116791,0.11275069415569305,0.9990422129631042,0.47534146904945374,0.3390370011329651,-0.3406391441822052,0.6283254623413086,0.9988856911659241,0.46210700273513794,0.432670533657074,0.10101477056741714,0.9777246713638306,0.9999622106552124,0.46004799008369446,0.4356192648410797,-0.10095909982919693,0.9805046319961548,0.9999396800994873,0.5077103972434998,0.45960569381713867,0.0024111864622682333,0.5511388182640076,0.9992795586585999,0.5215720534324646,0.4659842848777771,-0.1960216760635376,0.8269985914230347,0.9989284873008728,0.5108699798583984,0.5020850896835327,0.016156716272234917,0.6449864506721497,0.9984861016273499,0.5083586573600769,0.5038095712661743,-0.09706033766269684,0.7090663313865662,0.997990608215332,0.5062890648841858,0.5087530612945557,-0.002381520578637719,0.6926112174987793,0.9977884292602539,0.4980461597442627,0.5078358054161072,-0.07878166437149048,0.6837471127510071,0.9976358413696289,0.5291023850440979,0.5102930665016174,0.0250933188945055,0.6546778678894043,0.9977555871009827,0.5311042070388794,0.5152260661125183,-0.08535340428352356,0.7002981305122375,0.9975664615631104
24,816,True,0.45887264609336853,0.32274603843688965,0.04238050431013107,0.9213939309120178,0.9999129772186279,0.4548081159591675,0.31760814785957336,0.059227339923381805,0.9341405630111694,0.9998764991760254,0.4541082978248596,0.3176177144050598,0.05924296751618385,0.9357994794845581,0.9998818635940552,0.4533870816230774,0.3176192343235016,0.05927606299519539,0.9430848360061646,0.9998753070831299,0.45375198125839233,0.3172867000102997,0.020257962867617607,0.9298211932182312,0.9998747110366821,0.45234161615371704,0.31710678339004517,0.02011149376630783,0.9329963326454163,0.9998761415481567,0.45089903473854065,0.3169407546520233,0.020057551562786102,0.9224570393562317,0.9998676776885986,0.43892496824264526,0.3180071711540222,0.13439910113811493,0.9584313035011292,0.9999179840087891,0.435480535030365,0.3184061050415039,-0.03934574872255325,0.9339896440505981,0.9999064207077026,0.45358750224113464,0.32929176092147827,0.0748101994395256,0.9258195161819458,0.9999243021011353,0.4503766894340515,0.3274669051170349,0.023763451725244522,0.9107492566108704,0.9999351501464844,0.4121437072753906,0.3471004068851471,0.23060521483421326,0.992553174495697,0.999896764755249,0.41408026218414307,0.33986952900886536,-0.14037944376468658,0.9976528882980347,0.9999606609344482,0.44249722361564636,0.380400151014328,0.2683258056640625,0.07341492176055908,0.9995391368865967,0.45354753732681274,0.3681856095790863,-0.21085979044437408,0.8398735523223877,0.999433696269989,0.4692821204662323,0.36145472526550293,0.17677919566631317,0.10300713777542114,0.9992201328277588,0.4796752631664276,0.3439597487449646,-0.12847474217414856,0.7401028275489807,0.9993705153465271,0.47515761852264404,0.35558953881263733,0.18521104753017426,0.11545032262802124,0.9991173148155212,0.48326483368873596,0.3358302712440491,-0.14809203147888184,0.7071645855903625,0.9992073178291321,0.4802126884460449,0.3519105911254883,0.16331294178962708,0.11787236481904984,0.9990524649620056,0.47888442873954773,0.33615610003471375,-0.12298454344272614,0.7009440064430237,0.999215841293335,0.4773359000682831,0.3539387881755829,0.1640748381614685,0.12565301358699799,0.99910968542099,0.4756745994091034,0.3379175364971161,-0.1136094331741333,0.6569541096687317,0.9993300437927246,0.4646148383617401,0.42167991399765015,0.10203655064105988,0.9799401760101318,0.9999139308929443,0.4500826597213745,0.42317214608192444,-0.10192230343818665,0.9824404120445251,0.999870777130127,0.5435283780097961,0.45976296067237854,0.015869706869125366,0.5606731176376343,0.9995442032814026,0.5318225026130676,0.4674855172634125,-0.1955416202545166,0.8379318714141846,0.9992332458496094,0.5170196890830994,0.5097948312759399,0.026949310675263405,0.6540493369102478,0.9984959363937378,0.5476386547088623,0.5130801200866699,-0.13061048090457916,0.7221914529800415,0.997586727142334,0.5081316828727722,0.5202852487564087,0.022368794307112694,0.6946212649345398,0.997694194316864,0.5409640073776245,0.5174421072006226,-0.1241479367017746,0.6888049840927124,0.9968397617340088,0.6148073673248291,0.5144771337509155,-0.016925830394029617,0.6686384081840515,0.9970951080322266,0.5826292037963867,0.5191565752029419,-0.16700884699821472,0.7166156768798828,0.9965735673904419
25,850,True,0.4701717793941498,0.3186158239841461,0.04409166797995567,0.9291934967041016,0.9998356103897095,0.46935564279556274,0.312815397977829,0.060257136821746826,0.9406733512878418,0.9997631907463074,0.46925845742225647,0.3127954602241516,0.060266848653554916,0.9421560764312744,0.99977046251297,0.46921077370643616,0.3127623498439789,0.060281410813331604,0.9487289786338806,0.9997593760490417,0.46686264872550964,0.31216150522232056,0.024531960487365723,0.9367802143096924,0.9997506737709045,0.4648016095161438,0.3111761212348938,0.024379635229706764,0.9396248459815979,0.9997449517250061,0.46212735772132874,0.3108575642108917,0.024332547560334206,0.9301590919494629,0.9997161030769348,0.4563884437084198,0.31223854422569275,0.13452182710170746,0.9624543786048889,0.9998161196708679,0.44768574833869934,0.31184080243110657,-0.022041551768779755,0.9405349493026733,0.9997585415840149,0.46503350138664246,0.32355162501335144,0.07637620717287064,0.9331380724906921,0.9998433589935303,0.46125710010528564,0.32276928424835205,0.029704192653298378,0.9195960760116577,0.999861478805542,0.43178537487983704,0.3393436074256897,0.21950098872184753,0.9932712316513062,0.9998486042022705,0.41605865955352783,0.3337579071521759,-0.10716413706541061,0.9978814125061035,0.9998915195465088,0.4458402991294861,0.3750269114971161,0.211577370762825,0.0836198478937149,0.9995688796043396,0.4501231610774994,0.36555129289627075,-0.16403384506702423,0.8534084558486938,0.9988980293273926,0.47272729873657227,0.36483919620513916,0.09448446333408356,0.12136094272136688,0.9990259408950806,0.4812215566635132,0.34555310010910034,-0.09577789157629013,0.759993851184845,0.998877227306366,0.47963300347328186,0.36235782504081726,0.09155642986297607,0.1333671510219574,0.9987620115280151,0.485336035490036,0.3386639952659607,-0.11444247514009476,0.7266944050788879,0.9986249208450317,0.4838274121284485,0.35887986421585083,0.07641400396823883,0.13613218069076538,0.99871826171875,0.4807945191860199,0.33871597051620483,-0.09644977003335953,0.7205442190170288,0.998648464679718,0.4787580668926239,0.35445624589920044,0.08349236100912094,0.14387741684913635,0.9988596439361572,0.47814804315567017,0.3399244546890259,-0.08446691185235977,0.6767296195030212,0.9988107681274414,0.46251627802848816,0.41322699189186096,0.09872802346944809,0.9819040894508362,0.9998359680175781,0.44325026869773865,0.4151418209075928,-0.09858464449644089,0.9841580986976624,0.9997407793998718,0.5394697189331055,0.46028265357017517,0.0517672598361969,0.5568636059761047,0.9991700649261475,0.5223048329353333,0.4677346646785736,-0.1645059734582901,0.8469019532203674,0.9990781545639038,0.5747237205505371,0.5133363008499146,0.041996318846940994,0.6587293148040771,0.9976625442504883,0.5560413002967834,0.5202637910842896,-0.14125406742095947,0.7399582862854004,0.9965288043022156,0.5716871023178101,0.5202112197875977,0.039658717811107635,0.6937507390975952,0.9965000152587891,0.5513795018196106,0.5310887098312378,-0.1426703929901123,0.6993155479431152,0.9946823716163635,0.6251035332679749,0.5146925449371338,-0.02171081118285656,0.6786575317382812,0.9950125813484192,0.5967711210250854,0.5300599932670593,-0.22448164224624634,0.7352051138877869,0.9924156665802002
26,884,True,0.47527876496315,0.3181104362010956,0.16135351359844208,0.9358265995979309,0.999568521976471,0.47545546293258667,0.3131050765514374,0.17678691446781158,0.9462851881980896,0.9992913007736206,0.4756375253200531,0.3128887414932251,0.17681553959846497,0.9475696682929993,0.9992803931236267,0.4758775532245636,0.3127365708351135,0.176848366856575,0.9535552263259888,0.9992221593856812,0.4728095233440399,0.31098222732543945,0.14435450732707977,0.9427559971809387,0.9993070363998413,0.47105228900909424,0.3105912506580353,0.14410804212093353,0.9452722668647766,0.9993194341659546,0.4692358374595642,0.3102720081806183,0.14405861496925354,0.9368547797203064,0.9992715716362,0.46417176723480225,0.3110106885433197,0.2406632900238037,0.9654455780982971,0.9992876648902893,0.45368602871894836,0.309966117143631,0.09425271302461624,0.9461502432823181,0.9993271827697754,0.4705958962440491,0.3237258791923523,0.18875527381896973,0.9392997622489929,0.9995487332344055,0.4669840931892395,0.3230442404747009,0.14590729773044586,0.9271717071533203,0.9996237754821777,0.44149255752563477,0.33990857005119324,0.2990310490131378,0.9938936829566956,0.9997991919517517,0.4170086681842804,0.3259499669075012,-0.0096949003636837,0.9980885982513428,0.9999274015426636,0.4473339021205902,0.3743506371974945,0.2991997301578522,0.08236128091812134,0.9997500777244568,0.44962891936302185,0.353948175907135,-0.08720225095748901,0.8615050911903381,0.9995995163917542,0.4716436564922333,0.36816245317459106,0.1456017643213272,0.12506993114948273,0.9993917942047119,0.4810539782047272,0.34189334511756897,-0.06344185769557953,0.7697329521179199,0.9992582201957703,0.4779166281223297,0.36799684166908264,0.16306890547275543,0.13904023170471191,0.9992663264274597,0.4840810000896454,0.3398902416229248,-0.08427035808563232,0.7366448640823364,0.9989641904830933,0.481314092874527,0.3580246567726135,0.09152307361364365,0.1415499746799469,0.9992086291313171,0.48054367303848267,0.33643585443496704,-0.06818966567516327,0.7305694222450256,0.9989128112792969,0.47928762435913086,0.35760247707366943,0.1426609605550766,0.1489240825176239,0.9993147850036621,0.4786635935306549,0.3365689516067505,-0.05411800742149353,0.685580313205719,0.9990400671958923,0.45654380321502686,0.4097973704338074,0.09690575301647186,0.9836843013763428,0.9997768998146057,0.44080281257629395,0.4060017168521881,-0.09678705781698227,0.9857202768325806,0.9998266100883484,0.5322653651237488,0.4601714015007019,0.0489225760102272,0.5397927761077881,0.9992238283157349,0.5130607485771179,0.4590386748313904,-0.1656591147184372,0.8529427647590637,0.9996269941329956,0.5765724778175354,0.5156289339065552,-0.015779387205839157,0.6586902737617493,0.998646080493927,0.5470448732376099,0.5211920738220215,-0.229682058095932,0.7556923031806946,0.9988310933113098,0.5717250108718872,0.5206640958786011,-0.027055583894252777,0.6983267068862915,0.9982119798660278,0.5408645868301392,0.5323439836502075,-0.23812563717365265,0.7134056091308594,0.9980776309967041,0.6219169497489929,0.5194618701934814,-0.1007956936955452,0.6872442364692688,0.9972378015518188,0.5952351689338684,0.5326696634292603,-0.3237932622432709,0.7515020966529846,0.9969232678413391
27,918,True,0.46982765197753906,0.3256586194038391,0.2640153467655182,0.9417340755462646,0.9997044205665588,0.46678516268730164,0.32182255387306213,0.27435123920440674,0.9512118101119995,0.9996901750564575,0.4665168225765228,0.3217741847038269,0.2743452191352844,0.9523481130599976,0.9997019171714783,0.46636292338371277,0.3217708468437195,0.2743731439113617,0.9578709602355957,0.9996932744979858,0.4655972719192505,0.32061249017715454,0.24834448099136353,0.948033332824707,0.999667763710022,0.4644559621810913,0.320473849773407,0.24814237654209137,0.9502615928649902,0.9996742010116577,0.4632394015789032,0.3203808665275574,0.2481619119644165,0.9427918791770935,0.9996615648269653,0.45562946796417236,0.3211464583873749,0.2986608147621155,0.9683333039283752,0.9997232556343079,0.44892117381095886,0.32084816694259644,0.18323475122451782,0.9510652422904968,0.9997039437294006,0.4663842022418976,0.3301345407962799,0.27562180161476135,0.9444676637649536,0.9994329810142517,0.46381691098213196,0.3296085000038147,0.24142909049987793,0.9334073066711426,0.999427855014801,0.4410752058029175,0.3455238938331604,0.32814204692840576,0.994433581829071,0.9995545744895935,0.4308958351612091,0.3324909210205078,0.06746920198202133,0.9982749819755554,0.9998812675476074,0.444914847612381,0.3683689832687378,0.36017942428588867,0.08105691522359848,0.9996397495269775,0.4527595043182373,0.34731513261795044,0.04026813060045242,0.8666468858718872,0.9996798038482666,0.46939748525619507,0.3655872941017151,0.35543158650398254,0.12440644204616547,0.9994449019432068,0.4782358705997467,0.34183621406555176,0.10654567182064056,0.7708796858787537,0.9990573525428772,0.47423243522644043,0.3647366166114807,0.37138810753822327,0.13799525797367096,0.9992823004722595,0.4826216399669647,0.34015923738479614,0.09834801405668259,0.737074613571167,0.9985139966011047,0.4790877103805542,0.3620075285434723,0.3533480763435364,0.1399700939655304,0.9992511868476868,0.48106491565704346,0.33885014057159424,0.11758385598659515,0.7299267053604126,0.9984487295150757,0.4775548577308655,0.36190545558929443,0.3479260504245758,0.14714983105659485,0.9994087219238281,0.4786425232887268,0.3394915759563446,0.11768017709255219,0.6831809282302856,0.9987819790840149,0.4464099407196045,0.40985798835754395,0.0900014340877533,0.9852471947669983,0.9995157718658447,0.44521141052246094,0.4023042619228363,-0.0899355486035347,0.9871247410774231,0.9998204112052917,0.4934808611869812,0.4601655900478363,0.07803577929735184,0.5163554549217224,0.9973269701004028,0.5190114974975586,0.46327462792396545,-0.12857410311698914,0.8617090582847595,0.9991692304611206,0.4805722236633301,0.4955088496208191,0.051362987607717514,0.6366371512413025,0.9980003237724304,0.5318959355354309,0.5087739825248718,-0.1867309957742691,0.7729638814926147,0.998359739780426,0.47188350558280945,0.5002657175064087,0.04216965287923813,0.6970447301864624,0.9979544878005981,0.5251015424728394,0.5136266350746155,-0.1927737593650818,0.7355207204818726,0.9977462887763977,0.5025849938392639,0.5061126351356506,0.018431110307574272,0.6741922497749329,0.997379720211029,0.5637237429618835,0.5259192585945129,-0.2467166632413864,0.7666574716567993,0.996644139289856
28,952,True,0.4908267557621002,0.3212742507457733,0.1772276610136032,0.94566410779953,0.9865587949752808,0.48882752656936646,0.3159720301628113,0.15932726860046387,0.9537181854248047,0.9906986355781555,0.48751160502433777,0.3155953288078308,0.15921363234519958,0.9553332328796387,0.9915599226951599,0.4862450361251831,0.3151947259902954,0.15893524885177612,0.9607245922088623,0.9919393658638,0.489717572927475,0.31565743684768677,0.1454715132713318,0.95176100730896,0.9900323152542114,0.48885905742645264,0.3151017427444458,0.14542986452579498,0.9542781710624695,0.9904160499572754,0.48778626322746277,0.3145604431629181,0.14547906816005707,0.9473813772201538,0.9908884763717651,0.47379249334335327,0.3118988275527954,0.15741537511348724,0.9701595902442932,0.9946234226226807,0.47561967372894287,0.31123632192611694,0.04336421191692352,0.9552743434906006,0.9943532943725586,0.4824983477592468,0.32346075773239136,0.16189058125019073,0.9472293257713318,0.9897221922874451,0.4835852384567261,0.32305899262428284,0.14072144031524658,0.9376420974731445,0.989449143409729,0.44939836859703064,0.3297136127948761,0.2083667814731598,0.9948777556419373,0.9987288117408752,0.45038682222366333,0.3236061632633209,0.06240330636501312,0.9984254837036133,0.999380350112915,0.452034592628479,0.3626128137111664,0.24785323441028595,0.07902836054563522,0.9961113333702087,0.4656120240688324,0.34492483735084534,-0.06531296670436859,0.8657014966011047,0.9976198077201843,0.4683455228805542,0.3710458278656006,0.21729636192321777,0.11968160420656204,0.9889031052589417,0.47958654165267944,0.33932167291641235,0.0351983979344368,0.7539325952529907,0.9904200434684753,0.47138747572898865,0.36710160970687866,0.2330879420042038,0.13422422111034393,0.9895064234733582,0.4839390218257904,0.3383432626724243,0.026282072067260742,0.7221841216087341,0.9891231656074524,0.4734981954097748,0.36671364307403564,0.21245408058166504,0.13610754907131195,0.988122284412384,0.4821712076663971,0.3359282314777374,0.043034687638282776,0.7155357599258423,0.9880207180976868,0.4728280007839203,0.3630107641220093,0.2087119221687317,0.14276961982250214,0.9879728555679321,0.4790109097957611,0.3364434838294983,0.04602731764316559,0.6676899790763855,0.988499104976654,0.45637068152427673,0.40191394090652466,0.09015735983848572,0.9866733551025391,0.9988641738891602,0.4532019793987274,0.4017415940761566,-0.09018754959106445,0.9883669018745422,0.9990997314453125,0.48674440383911133,0.4606718420982361,0.09719660133123398,0.4823068082332611,0.9835876822471619,0.5029394626617432,0.46468406915664673,-0.1302608698606491,0.8600420951843262,0.9879652261734009,0.4201975464820862,0.47778505086898804,0.15856987237930298,0.5951321125030518,0.9867696762084961,0.41524845361709595,0.4722469747066498,-0.07321726530790329,0.7751796841621399,0.993435263633728,0.4085012674331665,0.47498536109924316,0.16542720794677734,0.6688543558120728,0.9873305559158325,0.4165962338447571,0.47264426946640015,-0.0632086843252182,0.7477388381958008,0.9933974742889404,0.4083581566810608,0.4948362410068512,0.173545703291893,0.6389719247817993,0.9858683347702026,0.4209974408149719,0.4999465346336365,-0.05470091104507446,0.7730149030685425,0.9904981255531311
29,986,True,0.486175537109375,0.3168417811393738,0.1517895758152008,0.9464434385299683,0.9568176865577698,0.48400479555130005,0.31172269582748413,0.15363851189613342,0.9534124135971069,0.9653453826904297,0.48261651396751404,0.3114580512046814,0.15356311202049255,0.9556129574775696,0.9688364267349243,0.48128652572631836,0.3111675977706909,0.15342377126216888,0.9616134166717529,0.9705718755722046,0.4855082631111145,0.3112770915031433,0.1278650015592575,0.9528064727783203,0.9627195000648499,0.48499616980552673,0.3106365203857422,0.1277146339416504,0.9558324217796326,0.9648030996322632,0.4842682182788849,0.30999624729156494,0.1277032494544983,0.9497775435447693,0.9668970108032227,0.4696913957595825,0.3084339499473572,0.16818593442440033,0.9699994325637817,0.9802400469779968,0.47408327460289,0.30691879987716675,0.048857901245355606,0.9577404856681824,0.9786161780357361,0.47842657566070557,0.31904274225234985,0.16087448596954346,0.9465783834457397,0.9768104553222656,0.47998300194740295,0.3184223771095276,0.12662431597709656,0.939129114151001,0.9774841666221619,0.4464830160140991,0.32710880041122437,0.2170884609222412,0.9952583909034729,0.9977880716323853,0.4499462842941284,0.31913718581199646,-0.02539832890033722,0.9985612034797668,0.9992006421089172,0.4469805955886841,0.362126886844635,0.25787606835365295,0.07644971460103989,0.9957205653190613,0.4627479016780853,0.34106412529945374,-0.06165195629000664,0.8640738129615784,0.9976769089698792,0.4609832763671875,0.36950403451919556,0.23383566737174988,0.11521326750516891,0.989101231098175,0.4790993630886078,0.3300132155418396,0.01736820489168167,0.7469202280044556,0.99277663230896,0.4637242257595062,0.3700697720050812,0.25516632199287415,0.13027849793434143,0.98996502161026,0.484212189912796,0.3278208374977112,0.00644788658246398,0.717534065246582,0.9915145635604858,0.4676823914051056,0.3678947985172272,0.2353881150484085,0.13198502361774445,0.9885069131851196,0.482411652803421,0.32394829392433167,0.02828937955200672,0.7110939621925354,0.9908983111381531,0.46719157695770264,0.36581915616989136,0.22687305510044098,0.13823392987251282,0.9884716272354126,0.47881487011909485,0.32505369186401367,0.029532741755247116,0.6615136861801147,0.9913683533668518,0.4474588632583618,0.3989494740962982,0.08835532516241074,0.9879246950149536,0.9978787899017334,0.44523191452026367,0.3991546034812927,-0.08848193287849426,0.9894645810127258,0.998207688331604,0.48561346530914307,0.46149009466171265,0.08611110597848892,0.4555131196975708,0.9829965829849243,0.493359237909317,0.463803231716156,-0.12365615367889404,0.8543822169303894,0.9884321093559265,0.44816330075263977,0.487722247838974,0.12769243121147156,0.5645340085029602,0.9829452633857727,0.45278114080429077,0.4876856207847595,-0.07753217220306396,0.7749353051185608,0.990419328212738,0.43955790996551514,0.4884025454521179,0.13179589807987213,0.6503958702087402,0.9824410080909729,0.44202902913093567,0.48685795068740845,-0.0702739953994751,0.7548418641090393,0.9893641471862793,0.450583815574646,0.5032889246940613,0.1258872002363205,0.6136362552642822,0.9813264608383179,0.4574050009250641,0.5072998404502869,-0.07674732804298401,0.7753511667251587,0.9867110848426819
30,1020,True,0.52347332239151,0.314092755317688,0.0696362778544426,0.9508371353149414,0.9960378408432007,0.5320806503295898,0.3082599639892578,0.07396598905324936,0.9566896557807922,0.9960482716560364,0.5316528081893921,0.3078862428665161,0.07392971217632294,0.9587382674217224,0.9959543943405151,0.5270439982414246,0.3074078857898712,0.07383617758750916,0.9644171595573425,0.9956957101821899,0.5297354459762573,0.308521568775177,0.047707121819257736,0.9566033482551575,0.9966179728507996,0.5289891958236694,0.30778196454048157,0.04754899814724922,0.9595551490783691,0.9969298243522644,0.527999758720398,0.30704301595687866,0.04751469939947128,0.9541559815406799,0.9971985816955566,0.5169343948364258,0.30151280760765076,0.09549406915903091,0.9718648791313171,0.9967458248138428,0.5178707838058472,0.30121946334838867,-0.027001209557056427,0.9614807963371277,0.998504638671875,0.5138720870018005,0.31412091851234436,0.08061684668064117,0.9507553577423096,0.9957477450370789,0.5135860443115234,0.3136177957057953,0.04526454582810402,0.944312572479248,0.996803879737854,0.46958792209625244,0.3148530125617981,0.13489748537540436,0.9953781366348267,0.9959944486618042,0.46710848808288574,0.31501680612564087,-0.07685232907533646,0.9986407160758972,0.9987370371818542,0.4509994089603424,0.33467498421669006,0.22622860968112946,0.07551967352628708,0.982333779335022,0.462723970413208,0.3331948220729828,-0.11772530525922775,0.8667088150978088,0.9873034358024597,0.4642418324947357,0.3363274037837982,0.2659744322299957,0.10893429815769196,0.9533653259277344,0.4668771028518677,0.31913191080093384,-0.08425354212522507,0.7416523098945618,0.9725115895271301,0.4680478870868683,0.33634456992149353,0.28686028718948364,0.12367944419384003,0.9588717222213745,0.46753209829330444,0.31596770882606506,-0.10168574750423431,0.710594654083252,0.9729761481285095,0.47125938534736633,0.3364518880844116,0.2658412456512451,0.12547193467617035,0.9525916576385498,0.46635615825653076,0.3134555518627167,-0.08972112089395523,0.7049337029457092,0.9709667563438416,0.47009214758872986,0.3357221484184265,0.2584957480430603,0.13164661824703217,0.9531930685043335,0.46523040533065796,0.3141571879386902,-0.0787392109632492,0.6547381281852722,0.9713382124900818,0.45467409491539,0.39516061544418335,0.07953797280788422,0.9886307120323181,0.992770254611969,0.449163019657135,0.39744919538497925,-0.07952181249856949,0.9900935888290405,0.9943377375602722,0.48876291513442993,0.4591957926750183,0.07715170830488205,0.43795010447502136,0.9668717980384827,0.49384450912475586,0.4543154239654541,-0.1018928736448288,0.8560833930969238,0.9716451168060303,0.4612759053707123,0.4885302484035492,0.1311420202255249,0.5341987609863281,0.9431716203689575,0.4595339000225067,0.48272690176963806,-0.02052709087729454,0.7685789465904236,0.9704738259315491,0.4536099433898926,0.48972073197364807,0.13600721955299377,0.6152106523513794,0.9366424083709717,0.45051953196525574,0.4825258255004883,-0.010332664474844933,0.7497158646583557,0.9701377153396606,0.45825424790382385,0.5036653280258179,0.11719390004873276,0.5824597477912903,0.9346723556518555,0.455507755279541,0.5006841421127319,-0.013458541594445705,0.7702397108078003,0.9631211757659912
31,1054,True,0.5427287817001343,0.3117329776287079,0.05860086902976036,0.9535940289497375,0.9928109049797058,0.5499733686447144,0.3071022629737854,0.06356724351644516,0.9579834342002869,0.990820586681366,0.5475801229476929,0.3067783713340759,0.06352651119232178,0.9596676230430603,0.9905451536178589,0.5465071201324463,0.3066050410270691,0.06342510879039764,0.9653792977333069,0.9899457097053528,0.549554169178009,0.30642685294151306,0.038286108523607254,0.9584035873413086,0.9921258687973022,0.5468925833702087,0.30557551980018616,0.038133613765239716,0.9611939191818237,0.9928321838378906,0.5460299849510193,0.3049917221069336,0.038091666996479034,0.9569880366325378,0.993241548538208,0.5351172089576721,0.3022998571395874,0.08977468311786652,0.9702345132827759,0.9907943606376648,0.535428524017334,0.301476389169693,-0.026547718793153763,0.9633123874664307,0.9954363703727722,0.5316265225410461,0.3117354214191437,0.07228276133537292,0.9536198377609253,0.9947566986083984,0.5313400030136108,0.3105279207229614,0.03819211944937706,0.9486342072486877,0.996517539024353,0.4897051453590393,0.31490272283554077,0.12009922415018082,0.9955876469612122,0.9984052777290344,0.4790049195289612,0.30954861640930176,-0.07926508039236069,0.9987438321113586,0.999472439289093,0.4614202678203583,0.3465549349784851,0.1628301739692688,0.08031632006168365,0.9948331117630005,0.4627218544483185,0.34358349442481995,-0.11954772472381592,0.8634255528450012,0.9932025074958801,0.47111499309539795,0.34973374009132385,0.15648604929447174,0.10738305002450943,0.9637596011161804,0.46885281801223755,0.3678738474845886,-0.09845000505447388,0.7342464923858643,0.9739763736724854,0.4693015217781067,0.3490752875804901,0.16110843420028687,0.12108262628316879,0.9588451981544495,0.4693915843963623,0.3741721510887146,-0.11675997078418732,0.6998295783996582,0.9711678624153137,0.47327616810798645,0.3594653904438019,0.14408956468105316,0.12282218784093857,0.9551775455474854,0.4701818823814392,0.3754097521305084,-0.11064103245735168,0.6948815584182739,0.9703632593154907,0.47787874937057495,0.35210293531417847,0.1485535055398941,0.1284518837928772,0.9571082592010498,0.46899837255477905,0.37170854210853577,-0.09520287066698074,0.6437853574752808,0.9715744853019714,0.45713186264038086,0.39371681213378906,0.07157466560602188,0.989117443561554,0.9952865242958069,0.4466762840747833,0.3953213393688202,-0.07151227444410324,0.9906749725341797,0.9958444237709045,0.5007482767105103,0.45997270941734314,0.056963931769132614,0.4316944181919098,0.9826654195785522,0.5004968643188477,0.4531283974647522,-0.08253410458564758,0.8590952157974243,0.9887133836746216,0.49581408500671387,0.4997119903564453,0.11501514911651611,0.5125552415847778,0.9648844599723816,0.5030848383903503,0.4975048899650574,-0.019521601498126984,0.7702368497848511,0.9717029929161072,0.4921233355998993,0.5061864852905273,0.11783634126186371,0.5863133668899536,0.9563408493995667,0.4985101819038391,0.508296549320221,-0.014294518157839775,0.7468757629394531,0.962848961353302,0.5224764347076416,0.5170451402664185,0.08581911027431488,0.5593547821044922,0.9550581574440002,0.524760365486145,0.5059286952018738,-0.0581732913851738,0.7689486145973206,0.953962504863739
32,1088,True,0.5588585138320923,0.3145451545715332,0.033282842487096786,0.9578344821929932,0.998908519744873,0.5640664100646973,0.3101727068424225,0.041552696377038956,0.961698591709137,0.9987680315971375,0.5632667541503906,0.3098662793636322,0.041513167321681976,0.9631497859954834,0.9986496567726135,0.5624127984046936,0.3096039891242981,0.04145318269729614,0.9683948755264282,0.9984143972396851,0.5642308592796326,0.3096640110015869,0.011447460390627384,0.9621814489364624,0.9991070628166199,0.5635747313499451,0.30902954936027527,0.011269066482782364,0.964713990688324,0.9992181062698364,0.5634936094284058,0.30737242102622986,0.011187245137989521,0.9610331654548645,0.9992552399635315,0.5512667298316956,0.3049389123916626,0.08197255432605743,0.9725857377052307,0.9984299540519714,0.549653172492981,0.3028790354728699,-0.05709918215870857,0.966796875,0.9995571970939636,0.5432177782058716,0.31423720717430115,0.05179623141884804,0.957757830619812,0.9976801872253418,0.5438750982284546,0.313518226146698,0.01093565858900547,0.9535296559333801,0.9988071918487549,0.49815937876701355,0.31292080879211426,0.13577665388584137,0.9947357773780823,0.9908080697059631,0.4884410798549652,0.3045482039451599,-0.11900095641613007,0.9988051652908325,0.9988849759101868,0.4711298644542694,0.3209095597267151,0.2087700068950653,0.07538113743066788,0.9610208868980408,0.46284985542297363,0.31483370065689087,-0.1391889899969101,0.8680165410041809,0.9816106557846069,0.49375754594802856,0.3318122923374176,0.2616182863712311,0.09763959050178528,0.7993556261062622,0.48380741477012634,0.3345383405685425,-0.03393397480249405,0.7060155868530273,0.9628076553344727,0.499828964471817,0.3348560035228729,0.27882716059684753,0.11005201190710068,0.8022128343582153,0.48853543400764465,0.3415035903453827,-0.04178005829453468,0.662925660610199,0.9575835466384888,0.5079317092895508,0.34002798795700073,0.26112130284309387,0.11167622357606888,0.7748309373855591,0.49367672204971313,0.3458787202835083,-0.029700569808483124,0.6588680744171143,0.9553389549255371,0.505499541759491,0.33761268854141235,0.25307753682136536,0.11700759083032608,0.7826821208000183,0.49104973673820496,0.34238648414611816,-0.026465317234396935,0.6106427907943726,0.9578534960746765,0.458898663520813,0.39661267399787903,0.07524654269218445,0.9885140657424927,0.9806997776031494,0.4449528157711029,0.39714953303337097,-0.07483375817537308,0.99086993932724,0.9897083640098572,0.5067856907844543,0.4606591761112213,0.0747823640704155,0.4202711582183838,0.9653254747390747,0.505617082118988,0.4556725025177002,-0.09003891050815582,0.8672254681587219,0.9896306395530701,0.5216847062110901,0.5142138600349426,0.12484217435121536,0.49445444345474243,0.9443124532699585,0.5184713006019592,0.5169388651847839,-0.04023590311408043,0.7792589664459229,0.9672098159790039,0.5134904384613037,0.5210034251213074,0.12580320239067078,0.5618304014205933,0.934455931186676,0.5101094245910645,0.5269713401794434,-0.03540121763944626,0.7510322332382202,0.9570931792259216,0.5550367832183838,0.533323347568512,0.07735835015773773,0.5393798351287842,0.9226404428482056,0.551678478717804,0.5326243042945862,-0.08052686601877213,0.7742972373962402,0.9362174868583679
33,1122,True,0.5661171078681946,0.3157683312892914,0.05776318535208702,0.9550805687904358,0.9676973223686218,0.5735668540000916,0.3117560148239136,0.06476809084415436,0.9589089155197144,0.968021035194397,0.5727627873420715,0.3113839030265808,0.06470486521720886,0.9596503973007202,0.9672001600265503,0.5717813968658447,0.31103354692459106,0.06460670381784439,0.9659901261329651,0.9651806354522705,0.5739967226982117,0.3115003705024719,0.037392839789390564,0.9594956636428833,0.9717813730239868,0.5740399956703186,0.3099516034126282,0.037222933024168015,0.961776614189148,0.9732092022895813,0.573496401309967,0.30905628204345703,0.037173476070165634,0.9600101709365845,0.9736364483833313,0.5609921813011169,0.30652758479118347,0.0963955894112587,0.9684059619903564,0.9630526900291443,0.55927574634552,0.30434298515319824,-0.055927492678165436,0.9652284979820251,0.9788572788238525,0.5494791865348816,0.31692013144493103,0.07391547411680222,0.9542329907417297,0.9500240683555603,0.5492627620697021,0.314960777759552,0.03737867996096611,0.9526190757751465,0.9643126726150513,0.5119138360023499,0.3116815984249115,0.1122870221734047,0.990710437297821,0.9512476921081543,0.4957035779953003,0.3018949031829834,-0.06202232092618942,0.998026430606842,0.9686980247497559,0.4784717261791229,0.30852481722831726,0.16449643671512604,0.07549066841602325,0.9335142970085144,0.4785770773887634,0.3064769506454468,-0.0874292254447937,0.8479186296463013,0.9084341526031494,0.502484917640686,0.30942046642303467,0.20810598134994507,0.09160339832305908,0.5923548936843872,0.5042505860328674,0.30608612298965454,-0.010751117020845413,0.6717929840087891,0.7932438254356384,0.5099653601646423,0.3112809360027313,0.213114932179451,0.10341934114694595,0.5574628114700317,0.5103912949562073,0.30784881114959717,-0.019749922677874565,0.628865122795105,0.7903960943222046,0.5162867903709412,0.31448689103126526,0.20227430760860443,0.10498742759227753,0.50544673204422,0.5140676498413086,0.3080025315284729,-0.014134451746940613,0.6261181831359863,0.771243691444397,0.5123538970947266,0.31301969289779663,0.20294737815856934,0.11035361140966415,0.5314130783081055,0.5109393000602722,0.3067537546157837,-0.007070677820593119,0.5807588696479797,0.7719272971153259,0.4600197374820709,0.39382249116897583,0.06077074632048607,0.9854614734649658,0.9019696116447449,0.44418865442276,0.3943118453025818,-0.06072058156132698,0.988899290561676,0.8832208514213562,0.5084613561630249,0.4613681435585022,0.04388158395886421,0.40868955850601196,0.8338425755500793,0.5051920413970947,0.4544883370399475,-0.06720714271068573,0.8688092827796936,0.8911025524139404,0.5223904252052307,0.5186851024627686,0.08929835259914398,0.47011232376098633,0.6653121113777161,0.5184714198112488,0.518706202507019,-0.01372598297894001,0.7728459239006042,0.7602325081825256,0.5145002603530884,0.5247294902801514,0.09034290164709091,0.5303195714950562,0.6329237818717957,0.5102860331535339,0.5274509191513062,-0.0074447342194616795,0.744629979133606,0.7262621521949768,0.5493514537811279,0.5411616563796997,0.03196052461862564,0.5100480914115906,0.6091864109039307,0.5491640567779541,0.5376165509223938,-0.04538973793387413,0.7622105479240417,0.657886266708374
34,1156,True,0.5694636702537537,0.31730401515960693,0.048154935240745544,0.9576326608657837,0.9894058108329773,0.5746905207633972,0.313093364238739,0.06152965873479843,0.9610490202903748,0.9873359799385071,0.5743463635444641,0.31274521350860596,0.061494868248701096,0.9611861705780029,0.9860593676567078,0.5737512111663818,0.3123784363269806,0.06141437590122223,0.9675279855728149,0.9841570258140564,0.57475745677948,0.3127804398536682,0.028616957366466522,0.9618802070617676,0.9900087118148804,0.5744798183441162,0.31166163086891174,0.02845853753387928,0.9639080762863159,0.9905644655227661,0.5739723443984985,0.3108908534049988,0.028432408347725868,0.9627392292022705,0.9904148578643799,0.5659574866294861,0.3090899586677551,0.10824461281299591,0.9694711565971375,0.9779595136642456,0.5638764500617981,0.3063686788082123,-0.03726274520158768,0.9676789045333862,0.9895761013031006,0.5563084483146667,0.3189648389816284,0.0730830505490303,0.9563417434692383,0.9636848568916321,0.557739794254303,0.31624123454093933,0.028827834874391556,0.9557360410690308,0.9769705533981323,0.5224733352661133,0.3164254426956177,0.14106686413288116,0.9863000512123108,0.8949814438819885,0.5055699944496155,0.30303066968917847,-0.09812387824058533,0.9973928928375244,0.959396481513977,0.5072532892227173,0.3028402328491211,0.21378712356090546,0.07881808280944824,0.9369547367095947,0.4941043555736542,0.28133124113082886,-0.18107585608959198,0.8564345240592957,0.9574288725852966,0.5207706093788147,0.30125123262405396,0.2375301569700241,0.08981500566005707,0.7116879820823669,0.5185744166374207,0.274446964263916,-0.10321728140115738,0.6706312298774719,0.8964953422546387,0.5246912837028503,0.30330508947372437,0.23969344794750214,0.10094580054283142,0.6649771332740784,0.5220656394958496,0.27288907766342163,-0.12234672904014587,0.6197983026504517,0.858183741569519,0.5255168676376343,0.30620917677879333,0.22564542293548584,0.10263760387897491,0.6222710013389587,0.5244463086128235,0.27635324001312256,-0.1097646951675415,0.6176132559776306,0.8497291803359985,0.5229883193969727,0.3048795461654663,0.22914835810661316,0.10884164273738861,0.6460472941398621,0.522193431854248,0.2771833539009094,-0.09778223186731339,0.5746594667434692,0.8679095506668091,0.4630061388015747,0.3972284495830536,0.08178816735744476,0.982684850692749,0.7643597722053528,0.4461917579174042,0.3952903151512146,-0.0819072350859642,0.9867766499519348,0.7829882502555847,0.5064390897750854,0.46178215742111206,0.07758145034313202,0.38822537660598755,0.73659348487854,0.499694287776947,0.45377737283706665,-0.08784263581037521,0.8705186247825623,0.8502359390258789,0.5103186964988708,0.516129732131958,0.13821500539779663,0.4411860704421997,0.6579920649528503,0.5025267004966736,0.5176982879638672,-0.041430726647377014,0.7682799100875854,0.734793484210968,0.5007196664810181,0.5222911834716797,0.14114311337471008,0.5032750368118286,0.6529031991958618,0.49293896555900574,0.5254496932029724,-0.03648215904831886,0.7355111837387085,0.7039272785186768,0.5328385233879089,0.5348446369171143,0.09450583904981613,0.48102807998657227,0.6546923518180847,0.5304049253463745,0.533655047416687,-0.06786703318357468,0.7524387836456299,0.6607046723365784
35,1190,False,,,,,,,,,,,,,,,,,,,,,,,,,,,,,,,,,,,,,,,,,,,,,,,,,,,,,,,,,,,,,,,,,,,,,,,,,,,,,,,,,,,,,,,,,,,,,,,,,,,,,,,,,,,,,,,,,,,,,,,,,,,,,,,,,,,,,,,,,,,,,,,,,,,,,,,,,,,,,,,,,,,,,
36,1224,False,,,,,,,,,,,,,,,,,,,,,,,,,,,,,,,,,,,,,,,,,,,,,,,,,,,,,,,,,,,,,,,,,,,,,,,,,,,,,,,,,,,,,,,,,,,,,,,,,,,,,,,,,,,,,,,,,,,,,,,,,,,,,,,,,,,,,,,,,,,,,,,,,,,,,,,,,,,,,,,,,,,,,
37,1258,False,,,,,,,,,,,,,,,,,,,,,,,,,,,,,,,,,,,,,,,,,,,,,,,,,,,,,,,,,,,,,,,,,,,,,,,,,,,,,,,,,,,,,,,,,,,,,,,,,,,,,,,,,,,,,,,,,,,,,,,,,,,,,,,,,,,,,,,,,,,,,,,,,,,,,,,,,,,,,,,,,,,,,
38,1292,False,,,,,,,,,,,,,,,,,,,,,,,,,,,,,,,,,,,,,,,,,,,,,,,,,,,,,,,,,,,,,,,,,,,,,,,,,,,,,,,,,,,,,,,,,,,,,,,,,,,,,,,,,,,,,,,,,,,,,,,,,,,,,,,,,,,,,,,,,,,,,,,,,,,,,,,,,,,,,,,,,,,,,
39,1326,False,,,,,,,,,,,,,,,,,,,,,,,,,,,,,,,,,,,,,,,,,,,,,,,,,,,,,,,,,,,,,,,,,,,,,,,,,,,,,,,,,,,,,,,,,,,,,,,,,,,,,,,,,,,,,,,,,,,,,,,,,,,,,,,,,,,,,,,,,,,,,,,,,,,,,,,,,,,,,,,,,,,,,
40,1360,True,0.6021394729614258,0.30999937653541565,0.03312819451093674,0.9523894190788269,0.8787323236465454,0.6082233190536499,0.3084099590778351,0.046807050704956055,0.9566848874092102,0.8788021802902222,0.6076688766479492,0.3084658682346344,0.04674587398767471,0.9548636078834534,0.8696873784065247,0.6069912910461426,0.3083699345588684,0.04657657444477081,0.9619758725166321,0.8564193844795227,0.609058141708374,0.3079448938369751,0.013851611874997616,0.9567558169364929,0.9044230580329895,0.6089951992034912,0.30769485235214233,0.013697342947125435,0.9576320648193359,0.912693977355957,0.6063534021377563,0.3062136769294739,0.01362372376024723,0.9591410160064697,0.9168078899383545,0.5980236530303955,0.30641502141952515,0.11039236187934875,0.9608844518661499,0.8232022523880005,0.5982238054275513,0.3014953136444092,-0.04211053252220154,0.9626474976539612,0.9235478043556213,0.5904700756072998,0.31061723828315735,0.06132866442203522,0.9479954242706299,0.8166382908821106,0.592860221862793,0.3075597286224365,0.01657303236424923,0.9513245820999146,0.886201798915863,0.5536475777626038,0.3102653920650482,0.15939486026763916,0.9811867475509644,0.8665842413902283,0.5383116602897644,0.2928521931171417,-0.12065212428569794,0.9973530769348145,0.9864464998245239,0.5018401741981506,0.31549984216690063,0.20760931074619293,0.07551444321870804,0.8662202954292297,0.48494285345077515,0.271260142326355,-0.24744641780853271,0.8626835346221924,0.966474711894989,0.48538389801979065,0.34259089827537537,0.18142101168632507,0.08515922725200653,0.5336765050888062,0.491973340511322,0.28299880027770996,-0.27771541476249695,0.6824872493743896,0.8493735194206238,0.4802030920982361,0.3519954979419708,0.1896088421344757,0.09565083682537079,0.5166130661964417,0.4882185757160187,0.2855895757675171,-0.3116465210914612,0.6295719742774963,0.7982549071311951,0.48176923394203186,0.35409146547317505,0.15952573716640472,0.09740615636110306,0.5018900036811829,0.4985635578632355,0.2887612581253052,-0.2861138582229614,0.6274202466011047,0.8158659338951111,0.48339730501174927,0.3503476083278656,0.16767777502536774,0.10345824062824249,0.4955183267593384,0.497940331697464,0.28826913237571716,-0.26769328117370605,0.5844953656196594,0.8247379660606384,0.470666766166687,0.38269397616386414,0.09539711475372314,0.9767250418663025,0.7230347990989685,0.4571606516838074,0.37332290410995483,-0.09556211531162262,0.985198974609375,0.8619545698165894,0.5075415968894958,0.44514694809913635,0.06917102634906769,0.368511438369751,0.5788360834121704,0.4977019429206848,0.43317466974258423,-0.0999799445271492,0.8656599521636963,0.8273496627807617,0.5306217074394226,0.4890586733818054,0.18415141105651855,0.4091242253780365,0.5178403854370117,0.5236902236938477,0.4899476170539856,-0.045957908034324646,0.7608108520507812,0.6189435124397278,0.5248798727989197,0.4936027526855469,0.19366863369941711,0.47170785069465637,0.5075151920318604,0.519471287727356,0.4987575113773346,-0.04216841980814934,0.7238002419471741,0.5832511186599731,0.5569069385528564,0.5072301626205444,0.15379618108272552,0.44905543327331543,0.5970823168754578,0.5529243350028992,0.5036249756813049,-0.11546649038791656,0.7394988536834717,0.5642871260643005
41,1394,True,0.6025059819221497,0.3099917471408844,0.09176480770111084,0.9546716809272766,0.9876306653022766,0.6082299947738647,0.30685892701148987,0.10703234374523163,0.9591302275657654,0.9864105582237244,0.6076575517654419,0.306690514087677,0.10701611638069153,0.9570502042770386,0.9853147268295288,0.6068989038467407,0.30642035603523254,0.10694026201963425,0.9637967944145203,0.9838592410087585,0.6090556383132935,0.306058406829834,0.07122412323951721,0.959125280380249,0.9890645742416382,0.6089160442352295,0.30530446767807007,0.0710238367319107,0.9597911238670349,0.9900416731834412,0.6064311265945435,0.3041650056838989,0.0709594190120697,0.9617447853088379,0.9905281066894531,0.596472442150116,0.30298012495040894,0.17579370737075806,0.9619133472442627,0.9841982126235962,0.5957340002059937,0.29841965436935425,0.013987675309181213,0.9647000432014465,0.9923831820487976,0.5911973714828491,0.3109058141708374,0.12123080343008041,0.9508671760559082,0.9901324510574341,0.5928596258163452,0.3076480031013489,0.073661670088768,0.9546153545379639,0.9939036965370178,0.5490542650222778,0.31024420261383057,0.24768343567848206,0.9823827743530273,0.9962967038154602,0.5396623611450195,0.2936323583126068,-0.09086673706769943,0.9976055026054382,0.9996421337127686,0.488295316696167,0.32968300580978394,0.29461559653282166,0.07167825847864151,0.9937938451766968,0.48503902554512024,0.3017125725746155,-0.19896799325942993,0.8725774884223938,0.9969657063484192,0.468723326921463,0.3545982837677002,0.24678966403007507,0.08260101079940796,0.9729316830635071,0.49197661876678467,0.331508070230484,-0.23079942166805267,0.7018638849258423,0.9863311052322388,0.4614069163799286,0.36314669251441956,0.2503754794597626,0.09296754002571106,0.9675318002700806,0.4881860017776489,0.33918851613998413,-0.2633465528488159,0.6504930257797241,0.9779761433601379,0.4662991762161255,0.3630521893501282,0.2254541665315628,0.09463995695114136,0.9677057862281799,0.49858200550079346,0.3405302166938782,-0.2425488382577896,0.6483302116394043,0.9802975654602051,0.46866700053215027,0.3597601354122162,0.23370753228664398,0.10042427480220795,0.9685869216918945,0.49794310331344604,0.33801984786987305,-0.22100040316581726,0.6053407788276672,0.9817380309104919,0.4663132131099701,0.377868115901947,0.10852180421352386,0.978226363658905,0.9862322211265564,0.457885205745697,0.36707574129104614,-0.10842499136924744,0.9863902926445007,0.994288444519043,0.5044344067573547,0.44410282373428345,0.08408010005950928,0.3474275469779968,0.9561942219734192,0.497768372297287,0.43407678604125977,-0.13415177166461945,0.8686538934707642,0.9895915389060974,0.4922873079776764,0.49203044176101685,0.1302601397037506,0.3875572085380554,0.9415236115455627,0.47743356227874756,0.49418696761131287,-0.15274395048618317,0.7692258358001709,0.9485718607902527,0.47616636753082275,0.4968726634979248,0.1304159015417099,0.46051594614982605,0.9337652325630188,0.45803102850914,0.5011373162269592,-0.15496627986431122,0.732973575592041,0.9296322464942932,0.5262976884841919,0.5173400640487671,0.09317046403884888,0.4349469244480133,0.9367597699165344,0.5132758021354675,0.5198848247528076,-0.21951454877853394,0.7468831539154053,0.9114344716072083
42,1428,True,0.6047248244285583,0.30313462018966675,0.10862712562084198,0.9587140679359436,0.9970006346702576,0.608931303024292,0.2967182695865631,0.12310632318258286,0.9628106951713562,0.995989978313446,0.6083834171295166,0.29633647203445435,0.12308604270219803,0.9608498215675354,0.9955236911773682,0.6076329350471497,0.29589906334877014,0.12302164733409882,0.9669779539108276,0.9947574138641357,0.609136164188385,0.2962426543235779,0.08956202119588852,0.9628195762634277,0.9969505071640015,0.6088933944702148,0.2954827845096588,0.08935678005218506,0.9633841514587402,0.9972255229949951,0.606468141078949,0.2946918308734894,0.08930284529924393,0.9652640223503113,0.9972723126411438,0.5964823365211487,0.29347947239875793,0.1868489533662796,0.9650333523750305,0.9944056272506714,0.5944746136665344,0.2910010516643524,0.03568972647190094,0.9678823947906494,0.9977229237556458,0.5955213904380798,0.30611294507980347,0.13600075244903564,0.9551191926002502,0.9966117739677429,0.5957074761390686,0.30490368604660034,0.09152739495038986,0.9587603211402893,0.9980493783950806,0.549200713634491,0.3093484938144684,0.25738444924354553,0.9837561845779419,0.9980570673942566,0.5472186803817749,0.2936251163482666,-0.06695689260959625,0.9978384375572205,0.9998226761817932,0.49028268456459045,0.3277161419391632,0.30535969138145447,0.06800683587789536,0.9970322847366333,0.49366268515586853,0.3042965829372406,-0.1569754034280777,0.8821831345558167,0.9987303614616394,0.47297224402427673,0.3540820777416229,0.271016389131546,0.07973309606313705,0.986271858215332,0.4987645149230957,0.33077746629714966,-0.17766815423965454,0.7218450903892517,0.9946339130401611,0.4662393033504486,0.3595445454120636,0.278428852558136,0.08993402123451233,0.981843888759613,0.4948749542236328,0.33749493956565857,-0.20741669833660126,0.6723333597183228,0.9904663562774658,0.47477012872695923,0.35853415727615356,0.2539200782775879,0.09146665781736374,0.9824532270431519,0.5049147009849548,0.33880552649497986,-0.18697674572467804,0.6700491905212402,0.9917723536491394,0.4771237373352051,0.35677894949913025,0.2586078345775604,0.09704338014125824,0.9839163422584534,0.5038544535636902,0.33661872148513794,-0.16829270124435425,0.6279121041297913,0.9929662942886353,0.4678601026535034,0.37180954217910767,0.10889986157417297,0.9799656271934509,0.9936501383781433,0.4602081775665283,0.36294275522232056,-0.10877426713705063,0.9876105785369873,0.9972019195556641,0.5049520134925842,0.43360990285873413,0.08269155025482178,0.3341948091983795,0.9867528676986694,0.5023359656333923,0.4308469295501709,-0.1440119594335556,0.8701255321502686,0.9960654377937317,0.5028769373893738,0.49298253655433655,0.07246004045009613,0.37950989603996277,0.9729546904563904,0.491972953081131,0.4945201873779297,-0.17066554725170135,0.7794775366783142,0.979093074798584,0.48994648456573486,0.49977773427963257,0.06806521862745285,0.4621298909187317,0.9642415046691895,0.47834858298301697,0.5022346377372742,-0.17450326681137085,0.7450511455535889,0.9676700830459595,0.5310033559799194,0.5178596377372742,0.017955033108592033,0.43529608845710754,0.9609300494194031,0.5174680352210999,0.5187112092971802,-0.24882809817790985,0.7575891017913818,0.9569569230079651
43,1462,True,0.604659914970398,0.2972189486026764,0.13018114864826202,0.9618677496910095,0.9890748858451843,0.6070855855941772,0.28924205899238586,0.1445542275905609,0.965576708316803,0.985421359539032,0.6064648628234863,0.28884997963905334,0.14451654255390167,0.9635616540908813,0.9836792349815369,0.6052085161209106,0.28891992568969727,0.1444195806980133,0.969174325466156,0.9812426567077637,0.6067715287208557,0.2887856960296631,0.10962634533643723,0.9657608270645142,0.9896565675735474,0.6059688925743103,0.2880539894104004,0.10939875990152359,0.9662278890609741,0.9909900426864624,0.6042525172233582,0.28730764985084534,0.10931511968374252,0.9681468605995178,0.9915866851806641,0.5932832360267639,0.2861785292625427,0.20525537431240082,0.9669268131256104,0.9797994494438171,0.5911445617675781,0.2841302752494812,0.04783337935805321,0.9705061912536621,0.9931816458702087,0.5949499607086182,0.2999134659767151,0.15633755922317505,0.9584670662879944,0.9892958998680115,0.5945780277252197,0.2995375692844391,0.11013108491897583,0.9622802138328552,0.9943428039550781,0.5493491888046265,0.30367690324783325,0.2772492468357086,0.9847268462181091,0.9955611228942871,0.549448549747467,0.28738170862197876,-0.06522074341773987,0.9980430006980896,0.9996389150619507,0.5027453303337097,0.3237779140472412,0.33575767278671265,0.06353984028100967,0.9939875602722168,0.49711254239082336,0.2965540885925293,-0.16757364571094513,0.8886771202087402,0.9976558685302734,0.5026765465736389,0.3381029963493347,0.3152119815349579,0.07576803863048553,0.9726024866104126,0.49998897314071655,0.3212166130542755,-0.18560947477817535,0.7354027628898621,0.9914724230766296,0.49959996342658997,0.343445748090744,0.32665306329727173,0.08571156114339828,0.9646333456039429,0.49523594975471497,0.32821130752563477,-0.215076744556427,0.6872645616531372,0.9862056374549866,0.5066363215446472,0.3435874581336975,0.30147820711135864,0.08715737611055374,0.9647526144981384,0.5053196549415588,0.33025214076042175,-0.19401945173740387,0.6847197413444519,0.9877231121063232,0.5075128078460693,0.34196949005126953,0.3023192584514618,0.09260855615139008,0.9678826332092285,0.5044575929641724,0.32786932587623596,-0.1759922206401825,0.6427945494651794,0.9890553951263428,0.4683343768119812,0.36390069127082825,0.11133502423763275,0.981519341468811,0.9898696541786194,0.46174854040145874,0.3590342104434967,-0.11124081909656525,0.988703191280365,0.9959937334060669,0.5050185918807983,0.4273681044578552,0.0883307009935379,0.3305027484893799,0.9827423095703125,0.5016695857048035,0.42504429817199707,-0.13645204901695251,0.871674656867981,0.9951741099357605,0.506940484046936,0.49215561151504517,0.08312564343214035,0.37827685475349426,0.9678799510002136,0.48687002062797546,0.48901447653770447,-0.15912964940071106,0.7899869084358215,0.9775511622428894,0.4940810203552246,0.4993892312049866,0.07878562062978745,0.463763952255249,0.9591553807258606,0.47148996591567993,0.49675559997558594,-0.16312439739704132,0.7547774314880371,0.9663210511207581,0.5321362614631653,0.5167609453201294,0.029779143631458282,0.43661707639694214,0.9495437145233154,0.5222181081771851,0.5185405015945435,-0.23746870458126068,0.767028272151947,0.9539700746536255
44,1496,True,0.6032266020774841,0.2874213755130768,0.13705699145793915,0.9646249413490295,0.984495222568512,0.6045446395874023,0.27968937158584595,0.15128792822360992,0.9679535627365112,0.9787407517433167,0.6037105321884155,0.2795504927635193,0.1512388288974762,0.9658989906311035,0.9761421084403992,0.6025064587593079,0.2794645428657532,0.15112455189228058,0.9710618257522583,0.9724128842353821,0.6038234829902649,0.27910447120666504,0.11581795662641525,0.9684086441993713,0.9853573441505432,0.6025057435035706,0.27855390310287476,0.11559268087148666,0.968830943107605,0.9873775839805603,0.6009835004806519,0.2780393362045288,0.11551140993833542,0.9707621932029724,0.9882861971855164,0.5894925594329834,0.2782852351665497,0.21069617569446564,0.9686856269836426,0.9693543910980225,0.5854742527008057,0.27616673707962036,0.05060449615120888,0.9729410409927368,0.9904934763908386,0.5943117141723633,0.291930228471756,0.16251352429389954,0.9614956378936768,0.9865126609802246,0.5942434072494507,0.29032912850379944,0.11560981720685959,0.9654988050460815,0.9931869506835938,0.5478572249412537,0.29769426584243774,0.2813069522380829,0.9855615496635437,0.9933857321739197,0.5485000014305115,0.28241175413131714,-0.06834105402231216,0.9982264041900635,0.9994840621948242,0.5025230050086975,0.3178962171077728,0.3469717800617218,0.05919605866074562,0.991390585899353,0.4958874583244324,0.29615214467048645,-0.17963047325611115,0.8946008086204529,0.996450662612915,0.5050777792930603,0.3305940330028534,0.34068727493286133,0.071898452937603,0.9603657722473145,0.501127302646637,0.3223645091056824,-0.20289281010627747,0.7484874129295349,0.9897734522819519,0.5033766627311707,0.33636170625686646,0.3530377149581909,0.08174747973680496,0.9480207562446594,0.49703577160835266,0.33030155301094055,-0.2335664927959442,0.7020536065101624,0.9832969903945923,0.5103317499160767,0.337009459733963,0.3282013237476349,0.08311394602060318,0.9478428363800049,0.5076652765274048,0.33159974217414856,-0.21200981736183167,0.6993814706802368,0.9850926995277405,0.5105710625648499,0.33515509963035583,0.328132301568985,0.08855460584163666,0.9536720514297485,0.5064625144004822,0.3289189040660858,-0.19332382082939148,0.6579287648200989,0.9869006276130676,0.46839872002601624,0.3590448498725891,0.11397106200456619,0.9828495979309082,0.9814655780792236,0.4633297026157379,0.35499319434165955,-0.1139243021607399,0.9896578788757324,0.992354154586792,0.5055236220359802,0.42660871148109436,0.08913065493106842,0.32657042145729065,0.9710807204246521,0.5025300979614258,0.4207817018032074,-0.1373283714056015,0.8729182481765747,0.992841362953186,0.502534031867981,0.48920297622680664,0.09009449928998947,0.37333914637565613,0.9420923590660095,0.4840349555015564,0.48537540435791016,-0.15551234781742096,0.7986268997192383,0.9599425792694092,0.4879346489906311,0.4967382848262787,0.08711763471364975,0.4620186686515808,0.9272090792655945,0.46679988503456116,0.4931575655937195,-0.15805676579475403,0.7623422145843506,0.9398224353790283,0.5357490181922913,0.5159701108932495,0.043979886919260025,0.4323996901512146,0.9062090516090393,0.5223053097724915,0.5157142877578735,-0.22690176963806152,0.773972749710083,0.9154908657073975
45,1530,True,0.5922500491142273,0.2749902606010437,0.11016153544187546,0.966643214225769,0.9794561266899109,0.5911471247673035,0.27012792229652405,0.12115894258022308,0.9693912267684937,0.9750530123710632,0.5911931991577148,0.27029693126678467,0.12110748142004013,0.9670850038528442,0.9723648428916931,0.5911093950271606,0.27048560976982117,0.12099573016166687,0.9718709588050842,0.9679665565490723,0.5899811387062073,0.2685321867465973,0.1026863232254982,0.970138430595398,0.9809596538543701,0.5887789130210876,0.26818662881851196,0.10258401185274124,0.9704246520996094,0.982572078704834,0.5878164768218994,0.26785582304000854,0.10238470137119293,0.9724969267845154,0.9829121828079224,0.5815255641937256,0.270626962184906,0.17508961260318756,0.9683756232261658,0.9618103504180908,0.5766577124595642,0.2685810625553131,0.029916701838374138,0.9743195176124573,0.9851981997489929,0.5832810997962952,0.28065797686576843,0.13278676569461823,0.9626836180686951,0.9677181839942932,0.5813872218132019,0.27938711643218994,0.11189034581184387,0.9676702618598938,0.9824406504631042,0.5468127131462097,0.2938610911369324,0.25982752442359924,0.9849246144294739,0.9792962670326233,0.5438082814216614,0.2773014307022095,-0.07180574536323547,0.9983256459236145,0.9978122711181641,0.5066758990287781,0.30735594034194946,0.28202691674232483,0.05639639496803284,0.9844222068786621,0.4939088523387909,0.28356659412384033,-0.15513186156749725,0.8949378728866577,0.9926430583000183,0.504728376865387,0.3152844309806824,0.2715790569782257,0.06903675943613052,0.946815013885498,0.4980117082595825,0.31461891531944275,-0.15824787318706512,0.7486086487770081,0.9797853827476501,0.5016924142837524,0.31963154673576355,0.276841402053833,0.07834775745868683,0.9337953925132751,0.4937950074672699,0.32780522108078003,-0.18721097707748413,0.7013853788375854,0.9718157052993774,0.5069916248321533,0.3206990957260132,0.2672589123249054,0.07959234714508057,0.9360081553459167,0.5046716928482056,0.32976821064949036,-0.16717876493930817,0.6979964971542358,0.9759284853935242,0.507731556892395,0.31946998834609985,0.2641056478023529,0.08495213836431503,0.939440906047821,0.5036001205444336,0.3270135223865509,-0.1494162380695343,0.6562238335609436,0.97784823179245,0.47117292881011963,0.35984453558921814,0.10792609304189682,0.9837734699249268,0.9829378724098206,0.4628412127494812,0.35338959097862244,-0.10787039995193481,0.9903991222381592,0.9932265877723694,0.5038386583328247,0.4218774437904358,0.07737109810113907,0.3220440149307251,0.9666948914527893,0.49573519825935364,0.4103023409843445,-0.13097788393497467,0.8637756705284119,0.9907054305076599,0.5029289722442627,0.48280230164527893,0.1064007431268692,0.36389151215553284,0.9409226775169373,0.4840518534183502,0.47511014342308044,-0.15420475602149963,0.7984752655029297,0.9594430327415466,0.4901091158390045,0.4904036521911621,0.1068568304181099,0.44811153411865234,0.9283510446548462,0.4706311523914337,0.4848950505256653,-0.14966720342636108,0.7543387413024902,0.9441299438476562,0.537847101688385,0.5089337229728699,0.06072001904249191,0.4208354651927948,0.9180400967597961,0.520481526851654,0.49596676230430603,-0.20716531574726105,0.7706337571144104,0.921762228012085
46,1564,True,0.5872345566749573,0.26811671257019043,0.10453438013792038,0.9684724807739258,0.9849656820297241,0.584162712097168,0.26390936970710754,0.11842606961727142,0.9710872173309326,0.9824166297912598,0.5840915441513062,0.26409712433815,0.11837469786405563,0.9686078429222107,0.9806296229362488,0.5840226411819458,0.26426658034324646,0.1182706281542778,0.9730711579322815,0.9779222011566162,0.5827376246452332,0.2629348635673523,0.09107423573732376,0.971857488155365,0.9864431619644165,0.5816220641136169,0.2625369429588318,0.09090549498796463,0.9719556570053101,0.9876621961593628,0.5807074904441833,0.26216357946395874,0.09078901261091232,0.9741643071174622,0.9880034923553467,0.5750301480293274,0.2643425166606903,0.17674317955970764,0.9686671495437622,0.9751014709472656,0.5712046027183533,0.26231056451797485,0.041063304990530014,0.9756094217300415,0.9900240302085876,0.576269805431366,0.2745855450630188,0.12907366454601288,0.9642513394355774,0.9795666337013245,0.5757505297660828,0.27169474959373474,0.09380478411912918,0.9696389436721802,0.9884113073348999,0.5428934097290039,0.28828054666519165,0.24527564644813538,0.9853317141532898,0.9880174398422241,0.5420171618461609,0.2703501582145691,-0.05954161658883095,0.9984599947929382,0.9990800619125366,0.507026195526123,0.3043292164802551,0.28023606538772583,0.05383748933672905,0.991672694683075,0.4937037527561188,0.27504923939704895,-0.13591526448726654,0.8988315463066101,0.9969382286071777,0.504206657409668,0.31859663128852844,0.26423245668411255,0.06701136380434036,0.9661650061607361,0.49788612127304077,0.3078002333641052,-0.13419127464294434,0.754235029220581,0.9878585338592529,0.501644492149353,0.32419341802597046,0.2716675102710724,0.07582298666238785,0.955230176448822,0.49365484714508057,0.32182198762893677,-0.16073034703731537,0.7059555649757385,0.9798152446746826,0.505371630191803,0.32525116205215454,0.2532767951488495,0.07692591845989227,0.9564842581748962,0.5044905543327332,0.32667040824890137,-0.1404733508825302,0.7017632722854614,0.982721745967865,0.5060563683509827,0.32343173027038574,0.2541100084781647,0.08226056396961212,0.9595170021057129,0.503455400466919,0.3218016028404236,-0.12460964918136597,0.6590644717216492,0.984674334526062,0.47577735781669617,0.35354083776474,0.10151343047618866,0.9850473403930664,0.9904658794403076,0.4648330807685852,0.34515106678009033,-0.10144151002168655,0.9912227988243103,0.9968957901000977,0.5037845373153687,0.4132409691810608,0.07293291389942169,0.3171730041503906,0.9702901840209961,0.49431636929512024,0.3995400071144104,-0.12992115318775177,0.8622129559516907,0.9931579232215881,0.504355788230896,0.4674730896949768,0.10160830616950989,0.3571418821811676,0.9497702121734619,0.4842812716960907,0.4574314057826996,-0.13968425989151,0.8022099137306213,0.9638329148292542,0.49215176701545715,0.47441497445106506,0.101702481508255,0.4406087398529053,0.9409245848655701,0.4715999662876129,0.4664551615715027,-0.14129456877708435,0.7535690069198608,0.9508205652236938,0.53939288854599,0.4904579222202301,0.05517786368727684,0.4142102301120758,0.9399005770683289,0.5188544988632202,0.4759264588356018,-0.21430924534797668,0.7709365487098694,0.9351339340209961
47,1598,True,0.5817655324935913,0.2629525065422058,0.024830693379044533,0.9707902669906616,0.9883230328559875,0.5782555341720581,0.258132666349411,0.03693551570177078,0.9728631973266602,0.9860746264457703,0.5781287550926208,0.2582539916038513,0.03688808158040047,0.9702268242835999,0.9848737716674805,0.5780324339866638,0.25837892293930054,0.03678872063755989,0.9744211435317993,0.9829104542732239,0.5776717066764832,0.25659269094467163,0.0065317582339048386,0.9737606644630432,0.9891414642333984,0.5766667127609253,0.256288081407547,0.006380586419254541,0.973760724067688,0.9900323152542114,0.5758277177810669,0.2559804916381836,0.006261796224862337,0.9759810566902161,0.9902133345603943,0.5685083866119385,0.2585228681564331,0.09746818244457245,0.9696648120880127,0.9809951186180115,0.5654664635658264,0.2568790316581726,-0.04068548232316971,0.977281391620636,0.9922377467155457,0.5736401677131653,0.26847702264785767,0.0510801300406456,0.966437041759491,0.9832112789154053,0.570016622543335,0.2663920521736145,0.01089505571871996,0.9720476269721985,0.9909706115722656,0.539283037185669,0.283527135848999,0.1822967678308487,0.9854980707168579,0.9874306917190552,0.5386375188827515,0.26705408096313477,-0.12439657747745514,0.9985610842704773,0.9987137317657471,0.5090908408164978,0.29617688059806824,0.22183868288993835,0.05191607400774956,0.9868119359016418,0.4935808479785919,0.2669336497783661,-0.1939854770898819,0.9028608202934265,0.9944209456443787,0.5038354396820068,0.3095148503780365,0.20517192780971527,0.06406620889902115,0.9609206914901733,0.4977666139602661,0.30028924345970154,-0.16929303109645844,0.7536191344261169,0.9874140024185181,0.5013984441757202,0.31422311067581177,0.2117907851934433,0.07199842482805252,0.9514153003692627,0.49364519119262695,0.311007559299469,-0.19809874892234802,0.7005028128623962,0.9812449216842651,0.5041172504425049,0.31653526425361633,0.19279685616493225,0.07300300896167755,0.9527003765106201,0.5044621229171753,0.31801432371139526,-0.17672450840473175,0.6951991319656372,0.9842722415924072,0.5047935843467712,0.31507182121276855,0.19431328773498535,0.07834268361330032,0.9544939398765564,0.503286600112915,0.3141191303730011,-0.15972962975502014,0.6522360444068909,0.9859846830368042,0.47720959782600403,0.35110390186309814,0.10195589065551758,0.9862054586410522,0.9934185743331909,0.4649144411087036,0.34460192918777466,-0.10188471525907516,0.9919459819793701,0.9973989725112915,0.5066328048706055,0.4100247919559479,0.07717230916023254,0.32232311367988586,0.9811744689941406,0.493704617023468,0.39840179681777954,-0.1289655566215515,0.8627593517303467,0.9944577217102051,0.5055009126663208,0.4661758542060852,0.12215247750282288,0.362919420003891,0.9674351811408997,0.48137643933296204,0.4544100761413574,-0.109379842877388,0.8092535138130188,0.974270224571228,0.493550568819046,0.4732068181037903,0.12339461594820023,0.4394663870334625,0.9594363570213318,0.4687730073928833,0.4634397029876709,-0.11019380390644073,0.7547361850738525,0.9653506875038147,0.5413675904273987,0.4890822768211365,0.07515357434749603,0.4179580509662628,0.9546139240264893,0.5155236124992371,0.47041934728622437,-0.1859910935163498,0.775756299495697,0.9518320560455322
48,1632,True,0.5760159492492676,0.25858062505722046,-0.008072792552411556,0.9732903838157654,0.9892237186431885,0.5731388926506042,0.25322070717811584,0.00294588808901608,0.974951446056366,0.988652765750885,0.572803795337677,0.25326937437057495,0.002884563524276018,0.9723840951919556,0.9880330562591553,0.5724871158599854,0.2533232271671295,0.002768270205706358,0.9762566089630127,0.9869035482406616,0.5721701979637146,0.2525499761104584,-0.02971576899290085,0.9757416844367981,0.9902366995811462,0.5710808038711548,0.25220081210136414,-0.029856525361537933,0.975657045841217,0.9907575249671936,0.5708876848220825,0.2510189116001129,-0.029964597895741463,0.9778130054473877,0.9907854795455933,0.5626233220100403,0.25338107347488403,0.06432178616523743,0.9715436697006226,0.985808253288269,0.5596977472305298,0.25181832909584045,-0.0828932449221611,0.9789577126502991,0.991945207118988,0.5673094987869263,0.26182761788368225,0.018910668790340424,0.9689754843711853,0.9830297827720642,0.565265953540802,0.26077011227607727,-0.02419711835682392,0.9743647575378418,0.9892533421516418,0.5332526564598083,0.27719610929489136,0.1627562791109085,0.9857850074768066,0.9888030886650085,0.532532274723053,0.2612593472003937,-0.16679835319519043,0.998634397983551,0.9981287121772766,0.5101194381713867,0.29418206214904785,0.22010934352874756,0.05086326599121094,0.984613299369812,0.49207115173339844,0.26182466745376587,-0.24693134427070618,0.9091534614562988,0.9928911924362183,0.5053826570510864,0.31520509719848633,0.2071424126625061,0.06185050308704376,0.9569228887557983,0.49791771173477173,0.2910001575946808,-0.22127872705459595,0.7649732828140259,0.9866945743560791,0.5040680170059204,0.32156455516815186,0.21761870384216309,0.06898169964551926,0.9506546258926392,0.49446046352386475,0.2986631691455841,-0.25308957695961,0.7105609774589539,0.9816910624504089,0.505974292755127,0.32359620928764343,0.19261497259140015,0.06999976933002472,0.9518210291862488,0.5047711730003357,0.30377769470214844,-0.22976228594779968,0.704892635345459,0.984745442867279,0.5063262581825256,0.32152217626571655,0.19423936307430267,0.07546236366033554,0.9519939422607422,0.5033859014511108,0.3013981878757477,-0.21114489436149597,0.6620578169822693,0.9859243035316467,0.4769783914089203,0.34753862023353577,0.1038539856672287,0.9871166944503784,0.9950165152549744,0.46470561623573303,0.34171563386917114,-0.10375548154115677,0.9925228357315063,0.9977518916130066,0.5084895491600037,0.4121924936771393,0.10057384520769119,0.3387546241283417,0.9856393337249756,0.49628379940986633,0.40274015069007874,-0.12487976998090744,0.8673562407493591,0.9929008483886719,0.5076665878295898,0.4656851291656494,0.14754517376422882,0.38471561670303345,0.9728879928588867,0.4848836362361908,0.4568754732608795,-0.05844936519861221,0.8173426389694214,0.980798065662384,0.4958264231681824,0.4723833203315735,0.1484261155128479,0.44817790389060974,0.9634810090065002,0.4747844338417053,0.46454906463623047,-0.05482281744480133,0.7591598629951477,0.9757323265075684,0.5461214184761047,0.4868430197238922,0.0991908386349678,0.4374515414237976,0.9604663848876953,0.5172715783119202,0.47454196214675903,-0.11892420798540115,0.7840978503227234,0.970457136631012
49,1666,True,0.5711451768875122,0.25328803062438965,0.0010052249999716878,0.9755548238754272,0.9925560355186462,0.5684121251106262,0.2500266432762146,0.013124415650963783,0.9768216013908386,0.9912671446800232,0.5679581761360168,0.2500764727592468,0.013053794391453266,0.974266767501831,0.9909352660179138,0.5676160454750061,0.25015735626220703,0.012931385077536106,0.9779535531997681,0.9902617335319519,0.5673977732658386,0.24947941303253174,-0.01966426894068718,0.9775938987731934,0.992379903793335,0.5671089887619019,0.24805161356925964,-0.01980651542544365,0.9774577617645264,0.9927419424057007,0.5645277500152588,0.24713437259197235,-0.0199000034481287,0.9795406460762024,0.992620587348938,0.5570055842399597,0.2501126527786255,0.07501006126403809,0.9734260439872742,0.9906080961227417,0.552456259727478,0.24836885929107666,-0.07324899733066559,0.9805691838264465,0.9941218495368958,0.5641945600509644,0.2579214572906494,0.0274233128875494,0.9714586138725281,0.9923161268234253,0.5625147223472595,0.25715404748916626,-0.015960391610860825,0.9766144156455994,0.9950968623161316,0.528682291507721,0.2758490741252899,0.16608355939388275,0.9866505265235901,0.9958168864250183,0.5294291377067566,0.2597700357437134,-0.1559690535068512,0.9987325668334961,0.9991441965103149,0.5095420479774475,0.29530707001686096,0.2174982875585556,0.05201609060168266,0.9929479360580444,0.4935194253921509,0.24983367323875427,-0.24856480956077576,0.9158536195755005,0.9968640804290771,0.5041729211807251,0.31689366698265076,0.1894814819097519,0.06235884875059128,0.9786401987075806,0.5042006373405457,0.283383309841156,-0.22007830440998077,0.7754284739494324,0.9946368336677551,0.5023763179779053,0.32347431778907776,0.19715076684951782,0.06846025586128235,0.9732152223587036,0.4978816509246826,0.2858916223049164,-0.25132182240486145,0.7173994183540344,0.9910539984703064,0.5048083662986755,0.32516607642173767,0.1735527515411377,0.06945708394050598,0.97411048412323,0.5123482346534729,0.29475894570350647,-0.22608274221420288,0.7108852863311768,0.9927465319633484,0.5054147839546204,0.322982519865036,0.17688480019569397,0.0752468854188919,0.974910318851471,0.5094316005706787,0.29319342970848083,-0.20949162542819977,0.6683497428894043,0.9939467310905457,0.476865291595459,0.3460339903831482,0.1049688458442688,0.988199770450592,0.9976947903633118,0.4643546938896179,0.3390834331512451,-0.1048879623413086,0.993132472038269,0.9986910223960876,0.5089482069015503,0.41024360060691833,0.09888602048158646,0.3488912284374237,0.988420844078064,0.4969293773174286,0.39864054322242737,-0.12035198509693146,0.8702734112739563,0.9940833449363708,0.5077735185623169,0.4635980725288391,0.14660713076591492,0.39751753211021423,0.9716067910194397,0.4864245653152466,0.4483174681663513,-0.06707293540239334,0.823360025882721,0.9745202660560608,0.4961080253124237,0.4705318808555603,0.1477455496788025,0.4537888169288635,0.9611165523529053,0.47576916217803955,0.4559817910194397,-0.06524668633937836,0.761716365814209,0.9670635461807251,0.5477815270423889,0.4836171269416809,0.10125920921564102,0.45065081119537354,0.9596462845802307,0.5190803408622742,0.46267375349998474,-0.13150478899478912,0.7903158068656921,0.9614070057868958
50,1700,True,0.5651383996009827,0.24997195601463318,0.011832484975457191,0.9776014089584351,0.9957236051559448,0.5632873177528381,0.24573516845703125,0.024098968133330345,0.9785610437393188,0.994770348072052,0.5629996657371521,0.2457842081785202,0.02404332160949707,0.9760256409645081,0.994502067565918,0.562938928604126,0.24586620926856995,0.023943228647112846,0.9794933199882507,0.9939530491828918,0.5622987747192383,0.24525637924671173,-0.008767995983362198,0.9793956875801086,0.9956491589546204,0.55961674451828,0.24431118369102478,-0.008908013813197613,0.9792492985725403,0.9959189295768738,0.5584415197372437,0.24395284056663513,-0.008997568860650063,0.9812194108963013,0.9958990216255188,0.5524191856384277,0.24701938033103943,0.08747176826000214,0.9751902222633362,0.9935855269432068,0.547523021697998,0.2453639954328537,-0.06172749027609825,0.9821787476539612,0.9966788291931152,0.5594371557235718,0.25459033250808716,0.0388115756213665,0.9737027287483215,0.9940642714500427,0.557863175868988,0.25390368700027466,-0.004849936347454786,0.978674054145813,0.9965583682060242,0.5250509977340698,0.2747076749801636,0.17695602774620056,0.9870118498802185,0.9904187321662903,0.5250834822654724,0.25932860374450684,-0.144706130027771,0.9987865686416626,0.9985918402671814,0.5107097029685974,0.2881019413471222,0.24523189663887024,0.05157450586557388,0.9898784160614014,0.49324172735214233,0.25368109345436096,-0.2371717244386673,0.9207540154457092,0.9951895475387573,0.5067406892776489,0.30070024728775024,0.27621588110923767,0.06048763915896416,0.9798210859298706,0.5102498531341553,0.27709561586380005,-0.2030482441186905,0.7754223942756653,0.9948697090148926,0.5055152773857117,0.3046104907989502,0.2910739779472351,0.06571540236473083,0.975881814956665,0.5105923414230347,0.2817677855491638,-0.2319205403327942,0.712531566619873,0.9919483661651611,0.5070304274559021,0.30717286467552185,0.27209657430648804,0.06666569411754608,0.9763918519020081,0.5190985202789307,0.2873351573944092,-0.2063220590353012,0.7051673531532288,0.9933393597602844,0.5076195597648621,0.30593299865722656,0.26649540662765503,0.07272731512784958,0.9774441123008728,0.5158652663230896,0.28616684675216675,-0.19271895289421082,0.6627253890037537,0.9943662881851196,0.4766526520252228,0.34697237610816956,0.10709134489297867,0.9891477823257446,0.9962671399116516,0.4643891751766205,0.3416047692298889,-0.1070319190621376,0.993645191192627,0.9983602166175842,0.5081814527511597,0.4086945652961731,0.09528996050357819,0.355185866355896,0.9862332344055176,0.49518895149230957,0.39545542001724243,-0.12029287219047546,0.8737170100212097,0.9954267740249634,0.5059354305267334,0.4576903283596039,0.14511503279209137,0.40733516216278076,0.978571891784668,0.48708346486091614,0.44261470437049866,-0.07399298250675201,0.8324299454689026,0.9820339679718018,0.49465176463127136,0.46456122398376465,0.14678871631622314,0.45961928367614746,0.9718552231788635,0.476882666349411,0.4513375759124756,-0.07159332931041718,0.7693893909454346,0.9756753444671631,0.5449068546295166,0.47414112091064453,0.09971751272678375,0.45778220891952515,0.9684966802597046,0.5201957821846008,0.4514850080013275,-0.14540116488933563,0.7984397411346436,0.9672081470489502
