frame,timestamp_ms,pose_detected,lm_0_x,lm_0_y,lm_0_z,lm_0_visibility,lm_0_presence,lm_1_x,lm_1_y,lm_1_z,lm_1_visibility,lm_1_presence,lm_2_x,lm_2_y,lm_2_z,lm_2_visibility,lm_2_presence,lm_3_x,lm_3_y,lm_3_z,lm_3_visibility,lm_3_presence,lm_4_x,lm_4_y,lm_4_z,lm_4_visibility,lm_4_presence,lm_5_x,lm_5_y,lm_5_z,lm_5_visibility,lm_5_presence,lm_6_x,lm_6_y,lm_6_z,lm_6_visibility,lm_6_presence,lm_7_x,lm_7_y,lm_7_z,lm_7_visibility,lm_7_presence,lm_8_x,lm_8_y,lm_8_z,lm_8_visibility,lm_8_presence,lm_9_x,lm_9_y,lm_9_z,lm_9_visibility,lm_9_presence,lm_10_x,lm_10_y,lm_10_z,lm_10_visibility,lm_10_presence,lm_11_x,lm_11_y,lm_11_z,lm_11_visibility,lm_11_presence,lm_12_x,lm_12_y,lm_12_z,lm_12_visibility,lm_12_presence,lm_13_x,lm_13_y,lm_13_z,lm_13_visibility,lm_13_presence,lm_14_x,lm_14_y,lm_14_z,lm_14_visibility,lm_14_presence,lm_15_x,lm_15_y,lm_15_z,lm_15_visibility,lm_15_presence,lm_16_x,lm_16_y,lm_16_z,lm_16_visibility,lm_16_presence,lm_17_x,lm_17_y,lm_17_z,lm_17_visibility,lm_17_presence,lm_18_x,lm_18_y,lm_18_z,lm_18_visibility,lm_18_presence,lm_19_x,lm_19_y,lm_19_z,lm_19_visibility,lm_19_presence,lm_20_x,lm_20_y,lm_20_z,lm_20_visibility,lm_20_presence,lm_21_x,lm_21_y,lm_21_z,lm_21_visibility,lm_21_presence,lm_22_x,lm_22_y,lm_22_z,lm_22_visibility,lm_22_presence,lm_23_x,lm_23_y,lm_23_z,lm_23_visibility,lm_23_presence,lm_24_x,lm_24_y,lm_24_z,lm_24_visibility,lm_24_presence,lm_25_x,lm_25_y,lm_25_z,lm_25_visibility,lm_25_presence,lm_26_x,lm_26_y,lm_26_z,lm_26_visibility,lm_26_presence,lm_27_x,lm_27_y,lm_27_z,lm_27_visibility,lm_27_presence,lm_28_x,lm_28_y,lm_28_z,lm_28_visibility,lm_28_presence,lm_29_x,lm_29_y,lm_29_z,lm_29_visibility,lm_29_presence,lm_30_x,lm_30_y,lm_30_z,lm_30_visibility,lm_30_presence,lm_31_x,lm_31_y,lm_31_z,lm_31_visibility,lm_31_presence,lm_32_x,lm_32_y,lm_32_z,lm_32_visibility,lm_32_presence
0,0,True,0.3350434899330139,0.2792707085609436,0.22753654420375824,0.9987597465515137,0.9990049004554749,0.347392737865448,0.2773877680301666,0.26000964641571045,0.9983441829681396,0.9984696507453918,0.3474932909011841,0.2769505977630615,0.2600404620170593,0.9980892539024353,0.9982483386993408,0.3481084108352661,0.2764734923839569,0.26007384061813354,0.9986656904220581,0.9979363679885864,0.34893810749053955,0.27588367462158203,0.21830883622169495,0.9990025162696838,0.9988800883293152,0.3501684069633484,0.27493390440940857,0.21795417368412018,0.9990978240966797,0.99904865026474,0.3553430438041687,0.2736525237560272,0.2180173695087433,0.9993107318878174,0.9990491271018982,0.34524011611938477,0.2697266936302185,0.3846561312675476,0.9990472197532654,0.9973989725112915,0.3552846908569336,0.263766348361969,0.1915835440158844,0.9995144605636597,0.9990482926368713,0.32504236698150635,0.27397313714027405,0.2743130922317505,0.9954701662063599,0.9929237365722656,0.32817375659942627,0.27284008264541626,0.21785323321819305,0.9974410533905029,0.9960283041000366,0.2813645303249359,0.26365387439727783,0.44702622294425964,0.9853034019470215,0.936531662940979,0.31425178050994873,0.24703720211982727,0.09812020510435104,0.9991939663887024,0.9942979216575623,0.302072137594223,0.27315986156463623,0.621065616607666,0.2051704227924347,0.9269499778747559,0.41995301842689514,0.26303160190582275,0.15493734180927277,0.9308779835700989,0.9887663722038269,0.32324132323265076,0.2727092504501343,0.8018360733985901,0.05720873177051544,0.8772976398468018,0.3996785581111908,0.2656739354133606,0.5147312879562378,0.30691075325012207,0.9640278816223145,0.3263682425022125,0.2696002721786499,0.841981828212738,0.05313834175467491,0.8751094341278076,0.4059295952320099,0.2632873058319092,0.5478187203407288,0.2173539698123932,0.9264683723449707,0.32059621810913086,0.2706913948059082,0.8175973892211914,0.05645475909113884,0.8619005084037781,0.3764914274215698,0.2622482478618622,0.5627529621124268,0.22548094391822815,0.9167323708534241,0.317707896232605,0.2708892822265625,0.7902532815933228,0.0660877451300621,0.8694994449615479,0.37050193548202515,0.26573652029037476,0.5273837447166443,0.2298705279827118,0.9396992921829224,0.0764666497707367,0.27655354142189026,0.10790397971868515,0.716864287853241,0.1766532063484192,0.09615586698055267,0.26240283250808716,-0.10588809847831726,0.8667688369750977,0.32604438066482544,-0.0818478912115097,0.3119242191314697,-0.004120914731174707,0.13551510870456696,0.09457369148731232,-0.0841081291437149,0.2905994653701782,-0.23152899742126465,0.6717729568481445,0.27148035168647766,-0.20346873998641968,0.29301977157592773,-0.023468831554055214,0.10759814828634262,0.07758282124996185,-0.23041634261608124,0.26186707615852356,-0.351034551858902,0.49894675612449646,0.10809626430273056,-0.2163790762424469,0.28671520948410034,-0.021421853452920914,0.17673368752002716,0.08878901600837708,-0.24641336500644684,0.25075894594192505,-0.3604937791824341,0.4264300763607025,0.09506452083587646,-0.24984373152256012,0.3040924072265625,-0.0636666864156723,0.26576581597328186,0.11261005699634552,-0.28863227367401123,0.2785678803920746,-0.45810770988464355,0.5578190684318542,0.09762763231992722
1,34,True,0.33409813046455383,0.27592217922210693,0.301586776971817,0.9988574385643005,0.9998962879180908,0.3473018705844879,0.2752000093460083,0.34400907158851624,0.9984696507453918,0.9998087286949158,0.34734922647476196,0.27516502141952515,0.34406009316444397,0.9982311725616455,0.9997871518135071,0.34784650802612305,0.27502408623695374,0.3441909849643707,0.9987660646438599,0.9997534155845642,0.348832368850708,0.2720070481300354,0.29407966136932373,0.9990811944007874,0.9998416900634766,0.3500277101993561,0.27010995149612427,0.2937220335006714,0.9991680979728699,0.9998558759689331,0.3538837134838104,0.2679535150527954,0.29388484358787537,0.9993637800216675,0.9998441934585571,0.34313246607780457,0.2687734067440033,0.4843599498271942,0.9991180896759033,0.9996840953826904,0.3525044620037079,0.2587575316429138,0.25529956817626953,0.9995501041412354,0.9998206496238708,0.32126542925834656,0.2723763585090637,0.35271769762039185,0.9958165287971497,0.9990109205245972,0.32580170035362244,0.2689052224159241,0.28541311621665955,0.9976222515106201,0.9993671774864197,0.27262192964553833,0.26349523663520813,0.5441311597824097,0.9864822030067444,0.9899511933326721,0.30947497487068176,0.239486426115036,0.12134722620248795,0.9992506504058838,0.9986067414283752,0.31192266941070557,0.27638423442840576,0.6855430006980896,0.20960932970046997,0.9944217801094055,0.41289830207824707,0.26109588146209717,0.12267652899026871,0.9352384209632874,0.9980514049530029,0.37440162897109985,0.2727101445198059,0.8051975965499878,0.07068610936403275,0.9855484366416931,0.44139400124549866,0.2644614577293396,0.39610493183135986,0.34991541504859924,0.9942104816436768,0.39827626943588257,0.2683073580265045,0.8398688435554504,0.06507676839828491,0.9787951111793518,0.45736163854599,0.2617165148258209,0.4073372781276703,0.2583284378051758,0.9858432412147522,0.3970244824886322,0.2683205008506775,0.8179275393486023,0.06887766718864441,0.976965069770813,0.4468836486339569,0.2615499198436737,0.42563867568969727,0.2663199007511139,0.9840342998504639,0.39496806263923645,0.2683608829975128,0.7930774092674255,0.07999160140752792,0.9822854995727539,0.435515820980072,0.26406392455101013,0.4081652760505676,0.26876428723335266,0.990214467048645,0.07606987655162811,0.27379482984542847,0.1219671219587326,0.7370993494987488,0.5074370503425598,0.09606660902500153,0.2535500228404999,-0.11981426924467087,0.875069260597229,0.6686845421791077,-0.05935332924127579,0.3064442574977875,-0.05529777705669403,0.13240765035152435,0.32088685035705566,-0.053597498685121536,0.2865299582481384,-0.3400023579597473,0.664932370185852,0.5247766375541687,-0.18011249601840973,0.2860240042209625,-0.11455665528774261,0.10467135906219482,0.20198923349380493,-0.18856550753116608,0.2589400112628937,-0.48058903217315674,0.4872107207775116,0.25546592473983765,-0.1920383721590042,0.2800197899341583,-0.12092407047748566,0.1789315789937973,0.19880636036396027,-0.20048333704471588,0.2484959065914154,-0.49525633454322815,0.4263230562210083,0.22026321291923523,-0.2220824956893921,0.2926359176635742,-0.17779652774333954,0.2626376748085022,0.21016331017017365,-0.24268031120300293,0.2745320796966553,-0.6094646453857422,0.5522968769073486,0.21852289140224457
2,68,True,0.3326125741004944,0.2625889480113983,0.28087860345840454,0.9989516139030457,0.9998847246170044,0.3410641849040985,0.2635546326637268,0.31978216767311096,0.9985911846160889,0.9997770190238953,0.340664267539978,0.2640703618526459,0.31983333826065063,0.9983651041984558,0.9997511506080627,0.3406025171279907,0.26451340317726135,0.3199571669101715,0.9988619089126587,0.9997076392173767,0.341786652803421,0.26027482748031616,0.2750581204891205,0.9991556406021118,0.9998069405555725,0.34513843059539795,0.2584930956363678,0.2747592628002167,0.9992330074310303,0.9998156428337097,0.3465385437011719,0.2566702961921692,0.274916410446167,0.9994131326675415,0.9997938275337219,0.3307620584964752,0.26031753420829773,0.4483908712863922,0.999182939529419,0.9995844960212708,0.3395237326622009,0.24968194961547852,0.2425152063369751,0.999580442905426,0.9997414946556091,0.3179877698421478,0.2616972327232361,0.32789406180381775,0.9961602687835693,0.999104917049408,0.32130131125450134,0.2578619122505188,0.2669989764690399,0.997799813747406,0.9993626475334167,0.26656585931777954,0.2579653859138489,0.5088356733322144,0.9876410365104675,0.9933116436004639,0.30652597546577454,0.23249061405658722,0.10529929399490356,0.9993072152137756,0.998814582824707,0.31187304854393005,0.2769499719142914,0.593140184879303,0.23334339261054993,0.9983458518981934,0.40173548460006714,0.2615153193473816,0.03160250931978226,0.9409235715866089,0.9992740750312805,0.394869327545166,0.27298858761787415,0.6359223127365112,0.11192893236875534,0.9965215921401978,0.4510895907878876,0.2644418776035309,0.1855948269367218,0.4090558886528015,0.9980782270431519,0.41354095935821533,0.27016279101371765,0.6445554494857788,0.09996862709522247,0.9935228824615479,0.46970266103744507,0.26331570744514465,0.17451420426368713,0.321479856967926,0.9947400689125061,0.41454899311065674,0.26952654123306274,0.6341936588287354,0.10390371084213257,0.9934139847755432,0.4609275460243225,0.2620067298412323,0.19470369815826416,0.3285268247127533,0.9944249391555786,0.4088425934314728,0.269835889339447,0.6250392198562622,0.11627179384231567,0.9953137636184692,0.44988954067230225,0.26407352089881897,0.19570401310920715,0.3291619122028351,0.9967498779296875,0.07680293917655945,0.26132258772850037,0.1217774823307991,0.7608806490898132,0.8462831974029541,0.09642734378576279,0.2421446293592453,-0.11986752599477768,0.8859259486198425,0.9032303094863892,-0.042559944093227386,0.29102545976638794,-0.06756295263767242,0.13137055933475494,0.5065505504608154,-0.04012911766767502,0.2753176689147949,-0.32707151770591736,0.6598453521728516,0.6791865229606628,-0.14928147196769714,0.2784806787967682,-0.10397732257843018,0.10092242062091827,0.28444987535476685,-0.1614908128976822,0.25659942626953125,-0.45222774147987366,0.47309595346450806,0.30902838706970215,-0.16092275083065033,0.2735479474067688,-0.10879339277744293,0.17868268489837646,0.24944257736206055,-0.1727912575006485,0.24776923656463623,-0.4657544493675232,0.4200105667114258,0.24457062780857086,-0.18057090044021606,0.28608545660972595,-0.15578025579452515,0.25462520122528076,0.28436002135276794,-0.20278307795524597,0.27175045013427734,-0.5709050297737122,0.5409094095230103,0.2620183229446411
3,102,True,0.32816457748413086,0.2477378100156784,0.29520025849342346,0.9990447163581848,0.9999575614929199,0.33195960521698,0.24959833920001984,0.33905884623527527,0.9987145066261292,0.9999204874038696,0.331649512052536,0.2507915198802948,0.339150607585907,0.9985066056251526,0.9999139308929443,0.337597131729126,0.2545911371707916,0.3393973112106323,0.9989607334136963,0.9998993873596191,0.3364699184894562,0.24430780112743378,0.29900917410850525,0.9992279410362244,0.999920129776001,0.33809056878089905,0.24309945106506348,0.2987387478351593,0.9992959499359131,0.9999192953109741,0.33917585015296936,0.24206265807151794,0.29891809821128845,0.9994602799415588,0.999902606010437,0.32747578620910645,0.24974508583545685,0.4787684977054596,0.9992513060569763,0.9998599290847778,0.33434468507766724,0.2374686747789383,0.2981429696083069,0.9996118545532227,0.99986732006073,0.31366756558418274,0.24808743596076965,0.3448771834373474,0.9965118765830994,0.999717652797699,0.31642821431159973,0.24178294837474823,0.290589839220047,0.9979847073554993,0.9997444748878479,0.26468753814697266,0.25045475363731384,0.5184153318405151,0.9888188242912292,0.9974875450134277,0.3021944761276245,0.22024202346801758,0.16170039772987366,0.9993665218353271,0.9993529915809631,0.30671995878219604,0.27702802419662476,0.58844393491745,0.29098254442214966,0.9994217157363892,0.3777931332588196,0.25002098083496094,0.05726053565740585,0.9465415477752686,0.9997078776359558,0.39127227663993835,0.2717021107673645,0.6427115797996521,0.18224680423736572,0.999057948589325,0.44634225964546204,0.262270450592041,0.2719852030277252,0.4663684070110321,0.9995344877243042,0.40835142135620117,0.2686464488506317,0.6468765139579773,0.15828727185726166,0.9975641965866089,0.46500077843666077,0.2626846134662628,0.2622873783111572,0.3843483030796051,0.9982782602310181,0.40979254245758057,0.26731666922569275,0.6473646759986877,0.16176220774650574,0.9977572560310364,0.4560143053531647,0.2614896595478058,0.28497129678726196,0.39046934247016907,0.9982448816299438,0.4038953483104706,0.2690519094467163,0.6362230181694031,0.1763608753681183,0.998555600643158,0.4445120096206665,0.2626820504665375,0.283008873462677,0.39019957184791565,0.9990791082382202,0.081022709608078,0.25384601950645447,0.10898268967866898,0.7815908789634705,0.737328052520752,0.09920195490121841,0.22972936928272247,-0.10685283690690994,0.8952025175094604,0.8458423018455505,-0.04831552132964134,0.2775251269340515,-0.09653332829475403,0.13024835288524628,0.197167307138443,-0.04410785809159279,0.2531103491783142,-0.3145783245563507,0.6316866278648376,0.3321934640407562,-0.1625426858663559,0.2749784588813782,-0.11084853112697601,0.09407705068588257,0.053539253771305084,-0.17862758040428162,0.24780774116516113,-0.43427589535713196,0.4367063343524933,0.05934577062726021,-0.1734716296195984,0.2719404101371765,-0.11388209462165833,0.17071247100830078,0.04590354487299919,-0.19269637763500214,0.24273446202278137,-0.4479425251483917,0.3928295075893402,0.04261340573430061,-0.19716720283031464,0.2831187844276428,-0.17137908935546875,0.23619253933429718,0.054881054908037186,-0.2215191274881363,0.2634127736091614,-0.5691794157028198,0.49987277388572693,0.04807637259364128
4,136,True,0.3265640437602997,0.23581036925315857,0.3396523892879486,0.9990897178649902,0.9997623562812805,0.324392169713974,0.23057766258716583,0.37401843070983887,0.9987524747848511,0.9995632767677307,0.3315333127975464,0.2387048900127411,0.37409549951553345,0.9985384941101074,0.999521017074585,0.3335658311843872,0.2391802817583084,0.37426427006721497,0.9989880323410034,0.99944669008255,0.3269820809364319,0.22944220900535583,0.3391241133213043,0.9992533922195435,0.9996156692504883,0.327996164560318,0.22904351353645325,0.33887720108032227,0.9993100166320801,0.999632716178894,0.32953500747680664,0.22896447777748108,0.3390371799468994,0.999471127986908,0.9995966553688049,0.32299450039863586,0.2348109483718872,0.47113147377967834,0.999248206615448,0.9992189407348633,0.33112239837646484,0.22971169650554657,0.31137123703956604,0.9996107220649719,0.999516487121582,0.311996191740036,0.23542329668998718,0.3733117878437042,0.9967166185379028,0.9990153312683105,0.316681832075119,0.2377820760011673,0.32633155584335327,0.9980605840682983,0.9992536902427673,0.2648153603076935,0.228780597448349,0.5053777098655701,0.9898191094398499,0.9949432015419006,0.2979041337966919,0.22157642245292664,0.16452458500862122,0.9994154572486877,0.9988815188407898,0.30411162972450256,0.26859620213508606,0.5484540462493896,0.3294307291507721,0.9988657236099243,0.36882007122039795,0.2508681118488312,0.07976718246936798,0.951265275478363,0.9993771910667419,0.4018103778362274,0.2709377110004425,0.5857805609703064,0.23715725541114807,0.9981028437614441,0.4442709982395172,0.25987255573272705,0.24791322648525238,0.5167223215103149,0.9985771179199219,0.4181782305240631,0.26867175102233887,0.5881966352462769,0.20577333867549896,0.9955860376358032,0.46566036343574524,0.26108571887016296,0.23512808978557587,0.43937599658966064,0.9957593083381653,0.42161014676094055,0.267645001411438,0.5847204923629761,0.20882266759872437,0.9958590865135193,0.45956915616989136,0.26073068380355835,0.25474902987480164,0.4445863664150238,0.9957959651947021,0.4139765501022339,0.2692307233810425,0.5779574513435364,0.2241242676973343,0.9972553849220276,0.45376473665237427,0.26067855954170227,0.25734537839889526,0.44304370880126953,0.9976308345794678,0.09460768103599548,0.24143175780773163,0.10587837547063828,0.8000949621200562,0.7633572816848755,0.10576555132865906,0.2261921614408493,-0.10417401045560837,0.9037541151046753,0.8482478260993958,-0.04172675311565399,0.2655031383037567,-0.07389003783464432,0.13081517815589905,0.3791332244873047,-0.041808973997831345,0.2483280450105667,-0.29296112060546875,0.6111900806427002,0.5460754036903381,-0.1568446308374405,0.2628958523273468,-0.09821540117263794,0.08892965316772461,0.12785612046718597,-0.1758040487766266,0.24190619587898254,-0.40897610783576965,0.408150315284729,0.13859210908412933,-0.17061278223991394,0.2600056529045105,-0.09706620126962662,0.1649460792541504,0.10282964259386063,-0.19083993136882782,0.23749330639839172,-0.42664921283721924,0.3713947534561157,0.09528610110282898,-0.18640770018100739,0.2728491723537445,-0.1643594354391098,0.22182464599609375,0.11618735641241074,-0.21238090097904205,0.2565666139125824,-0.5320325493812561,0.4687621295452118,0.10531279444694519
5,170,True,0.32673880457878113,0.2286342829465866,0.3668782413005829,0.9990938901901245,0.9994519352912903,0.3268851339817047,0.22772598266601562,0.3944353461265564,0.9986801743507385,0.99897301197052,0.33198288083076477,0.22919829189777374,0.39456117153167725,0.9984424710273743,0.9989250302314758,0.33358919620513916,0.22962120175361633,0.39474135637283325,0.9989427328109741,0.9988136291503906,0.3292313516139984,0.22666314244270325,0.35899674892425537,0.9992226362228394,0.9990528225898743,0.3291800320148468,0.22664716839790344,0.3587268888950348,0.9992711544036865,0.9991005659103394,0.3319002687931061,0.22648057341575623,0.3589441180229187,0.9994392395019531,0.9990251064300537,0.32482558488845825,0.2264631688594818,0.4672865867614746,0.9991841912269592,0.9983606934547424,0.33172670006752014,0.22253744304180145,0.3052278161048889,0.9995737075805664,0.9988629817962646,0.312170147895813,0.22817941009998322,0.392503023147583,0.9968189001083374,0.9981123208999634,0.3170934319496155,0.22727982699871063,0.34465864300727844,0.9980742931365967,0.9985585808753967,0.2648175060749054,0.22135686874389648,0.49993637204170227,0.9907392859458923,0.9953989386558533,0.29866740107536316,0.2208481729030609,0.16031818091869354,0.9994614720344543,0.998906135559082,0.295944482088089,0.26117661595344543,0.5482507944107056,0.36502739787101746,0.9986972212791443,0.3610093891620636,0.25005024671554565,0.08484939485788345,0.9555646181106567,0.9994358420372009,0.3934699296951294,0.2714153826236725,0.5856800079345703,0.28984782099723816,0.9989216327667236,0.4431047737598419,0.2588152289390564,0.2675081789493561,0.5621883869171143,0.9993013143539429,0.409087598323822,0.27137473225593567,0.5935980677604675,0.24686208367347717,0.9977770447731018,0.4612332284450531,0.2611149549484253,0.260977566242218,0.48754945397377014,0.9980477094650269,0.4100579619407654,0.2695120573043823,0.5896528959274292,0.24908727407455444,0.9977715611457825,0.45803743600845337,0.2603767514228821,0.2814970016479492,0.4917789101600647,0.997894823551178,0.4061949849128723,0.2697146534919739,0.5783957839012146,0.26602044701576233,0.9984996318817139,0.44855809211730957,0.26043468713760376,0.2778058648109436,0.4895098805427551,0.9988216757774353,0.10068293660879135,0.2335258424282074,0.10607708990573883,0.8161384463310242,0.7002959251403809,0.11516018211841583,0.22796165943145752,-0.10421504080295563,0.9114388823509216,0.7844648957252502,-0.03260106220841408,0.2586824297904968,-0.06280037760734558,0.12366281449794769,0.2700672447681427,-0.04219646751880646,0.24818305671215057,-0.28358909487724304,0.5740605592727661,0.41259026527404785,-0.15714746713638306,0.25350427627563477,-0.08908984810113907,0.08296746015548706,0.10591990500688553,-0.18019244074821472,0.23469778895378113,-0.4081211984157562,0.37877315282821655,0.10568806529045105,-0.17250865697860718,0.2501404285430908,-0.08805099874734879,0.1574775129556656,0.08418909460306168,-0.19577674567699432,0.22826430201530457,-0.4227345287799835,0.3494408428668976,0.07268746942281723,-0.18901482224464417,0.2656992971897125,-0.15136530995368958,0.2060825526714325,0.09761473536491394,-0.21782582998275757,0.2508832514286041,-0.5218814015388489,0.4362352192401886,0.08327677845954895
6,204,True,0.32734304666519165,0.22495388984680176,0.33882859349250793,0.9991629719734192,0.99996018409729,0.3291824460029602,0.22486774623394012,0.36445164680480957,0.9987739324569702,0.9999353885650635,0.33238494396209717,0.22574186325073242,0.36453983187675476,0.9985485076904297,0.9999310970306396,0.3341690003871918,0.22644606232643127,0.3646910786628723,0.9990165829658508,0.9999212026596069,0.3307161033153534,0.22238583862781525,0.32705721259117126,0.999279797077179,0.9999409914016724,0.3302695155143738,0.21985571086406708,0.3267523944377899,0.9993218779563904,0.9999445676803589,0.33369988203048706,0.21893593668937683,0.32689791917800903,0.999477207660675,0.9999376535415649,0.3254116177558899,0.2279708832502365,0.48477041721343994,0.9992341995239258,0.9999104738235474,0.3330390453338623,0.2130507528781891,0.3262953758239746,0.9996036887168884,0.9999397993087769,0.3147023618221283,0.2256067544221878,0.3674706816673279,0.9970885515213013,0.9998733997344971,0.32099097967147827,0.2218388319015503,0.31654828786849976,0.9982287287712097,0.9999032020568848,0.2652650475502014,0.23052749037742615,0.518916130065918,0.9916329383850098,0.9993109703063965,0.3008021116256714,0.20338864624500275,0.18442420661449432,0.9995125532150269,0.9998946189880371,0.2915595471858978,0.2631548047065735,0.562682032585144,0.412095308303833,0.999805748462677,0.3695128560066223,0.2227797508239746,0.09156837314367294,0.9598788619041443,0.9999243021011353,0.38754040002822876,0.27579036355018616,0.6285787224769592,0.34928467869758606,0.9995675683021545,0.4431764781475067,0.2561221718788147,0.2654782235622406,0.6047680377960205,0.999848484992981,0.40730395913124084,0.2776589095592499,0.6333959698677063,0.29916566610336304,0.9987872242927551,0.4622865915298462,0.26063185930252075,0.25557583570480347,0.5342146158218384,0.9993960857391357,0.4084121286869049,0.2753894627094269,0.6292425394058228,0.30087870359420776,0.9988467693328857,0.45806625485420227,0.25993695855140686,0.2852107882499695,0.5374581217765808,0.9993571639060974,0.4056318998336792,0.27396494150161743,0.6199809908866882,0.31978198885917664,0.999289870262146,0.44884178042411804,0.2599370777606964,0.2789086401462555,0.5348680019378662,0.9996685981750488,0.1112297922372818,0.2418396770954132,0.10081882774829865,0.8340660333633423,0.9669994711875916,0.12302524596452713,0.218952015042305,-0.09928346425294876,0.9200366139411926,0.9839163422584534,-0.024786140769720078,0.2607731223106384,-0.05473198741674423,0.1295860856771469,0.5913183093070984,-0.04057632386684418,0.2387901246547699,-0.25511881709098816,0.5671113133430481,0.7846264839172363,-0.16001880168914795,0.2531570494174957,-0.05572986230254173,0.07997506856918335,0.25902867317199707,-0.1829412877559662,0.2273908406496048,-0.3847552537918091,0.35720500349998474,0.198980912566185,-0.17620813846588135,0.24885256588459015,-0.05974873527884483,0.15826921164989471,0.212422177195549,-0.19895727932453156,0.22194986045360565,-0.40286365151405334,0.33478105068206787,0.13615533709526062,-0.1950276494026184,0.2641705870628357,-0.14090348780155182,0.19545385241508484,0.1692689061164856,-0.2245418280363083,0.2431420385837555,-0.5237197279930115,0.41014334559440613,0.1138431504368782
7,238,True,0.3297632932662964,0.22257228195667267,0.3238004446029663,0.9992331862449646,0.9999804496765137,0.32950228452682495,0.22271235287189484,0.3651875853538513,0.9988729357719421,0.9999673366546631,0.33298924565315247,0.22591915726661682,0.3652307689189911,0.9986634850502014,0.9999650716781616,0.3346046805381775,0.22687160968780518,0.36536717414855957,0.9990964531898499,0.9999598264694214,0.3310643434524536,0.2196519821882248,0.33143308758735657,0.9993393421173096,0.999968409538269,0.3314865231513977,0.21661964058876038,0.3310719132423401,0.9993758201599121,0.9999697208404541,0.3339645266532898,0.21548525989055634,0.3311465084552765,0.999518096446991,0.9999654293060303,0.32626423239707947,0.22955086827278137,0.5067017674446106,0.999294638633728,0.9999597072601318,0.3318651020526886,0.20871035754680634,0.35676535964012146,0.9996353983879089,0.9999692440032959,0.3182883560657501,0.22361493110656738,0.3655952513217926,0.9973417520523071,0.9999338388442993,0.32286393642425537,0.21923699975013733,0.31911417841911316,0.9983739852905273,0.9999450445175171,0.26583579182624817,0.2344861477613449,0.5294471979141235,0.9924431443214417,0.9996077418327332,0.3041656017303467,0.20284278690814972,0.22614428400993347,0.9995594024658203,0.9999370574951172,0.29003196954727173,0.26338356733322144,0.5961135625839233,0.4509488642215729,0.9998179078102112,0.3739040493965149,0.21711759269237518,0.15866710245609283,0.9636780023574829,0.99992835521698,0.384207159280777,0.2782590985298157,0.6745708584785461,0.3993750810623169,0.9995641112327576,0.4440140128135681,0.25418052077293396,0.2916707694530487,0.6420371532440186,0.9998433589935303,0.40502816438674927,0.28052034974098206,0.6688655018806458,0.3427489697933197,0.9986132383346558,0.4617736339569092,0.26058465242385864,0.29534876346588135,0.5733798146247864,0.9992790818214417,0.4060021638870239,0.27858906984329224,0.6765381097793579,0.34394633769989014,0.9987531900405884,0.4561082720756531,0.26005756855010986,0.2947651445865631,0.5754379630088806,0.9992879033088684,0.403800368309021,0.2767515778541565,0.6679730415344238,0.36527201533317566,0.9992590546607971,0.4467831552028656,0.2597362995147705,0.2982664406299591,0.5725856423377991,0.9996492862701416,0.12048733979463577,0.24546024203300476,0.09346643090248108,0.8502328991889954,0.9687777757644653,0.13065072894096375,0.21787509322166443,-0.09209930896759033,0.9278128147125244,0.9846124053001404,-0.007790324278175831,0.25953900814056396,-0.022480417042970657,0.14630553126335144,0.7008118629455566,-0.03372310847043991,0.237937331199646,-0.2114259898662567,0.5744593143463135,0.8326496481895447,-0.15309804677963257,0.25442564487457275,-0.021603623405098915,0.07960032671689987,0.3098711669445038,-0.17400528490543365,0.22811070084571838,-0.33679044246673584,0.34346580505371094,0.2251700609922409,-0.17228659987449646,0.2500585913658142,-0.026629555970430374,0.16443544626235962,0.24676360189914703,-0.19071689248085022,0.22302567958831787,-0.35368236899375916,0.32894405722618103,0.15044830739498138,-0.19039534032344818,0.26462313532829285,-0.0874365046620369,0.18844321370124817,0.17237652838230133,-0.21913838386535645,0.24333898723125458,-0.4771522581577301,0.3896550238132477,0.11471790075302124
8,272,True,0.32979780435562134,0.2216939479112625,0.4025859534740448,0.99930340051651,0.9999957084655762,0.33004525303840637,0.22152066230773926,0.45794326066970825,0.9989721775054932,0.9999929666519165,0.33184894919395447,0.22304892539978027,0.45796486735343933,0.9987794160842896,0.9999923706054688,0.3326331377029419,0.2242017686367035,0.4580788016319275,0.9991766214370728,0.9999911785125732,0.3319258391857147,0.21676313877105713,0.4264388978481293,0.9993993639945984,0.9999935626983643,0.3324853181838989,0.21500682830810547,0.4260169267654419,0.9994317293167114,0.9999940395355225,0.3343765437602997,0.21375608444213867,0.4261166751384735,0.9995611906051636,0.9999932050704956,0.3240181505680084,0.22883698344230652,0.6079894304275513,0.9993574619293213,0.999991774559021,0.3261941373348236,0.20767898857593536,0.4634247124195099,0.999668538570404,0.9999945163726807,0.31832095980644226,0.2235981673002243,0.44966816902160645,0.9975825548171997,0.9999794960021973,0.32341673970222473,0.21747498214244843,0.40603992342948914,0.998517632484436,0.9999852180480957,0.2662324607372284,0.23643474280834198,0.6015293598175049,0.9931686520576477,0.9997701048851013,0.3044280707836151,0.20458193123340607,0.3282175362110138,0.9996022582054138,0.999972939491272,0.2881786823272705,0.2659854292869568,0.6828194260597229,0.47215747833251953,0.9998654127120972,0.37624499201774597,0.21735426783561707,0.25674861669540405,0.9669528603553772,0.9999551773071289,0.3824200928211212,0.2795276641845703,0.8129910826683044,0.4324316680431366,0.9995430707931519,0.44633781909942627,0.2542939782142639,0.4202287793159485,0.671824038028717,0.9998390674591064,0.4017432630062103,0.2817560136318207,0.82454514503479,0.36721575260162354,0.998736560344696,0.4632684886455536,0.26060038805007935,0.426840603351593,0.5980403423309326,0.9993100166320801,0.40239647030830383,0.2801113426685333,0.8249741196632385,0.3676976263523102,0.9988454580307007,0.4569961428642273,0.26010000705718994,0.4606238901615143,0.5978322625160217,0.999299168586731,0.4001174569129944,0.27843019366264343,0.8067446947097778,0.39184507727622986,0.9992929697036743,0.44826143980026245,0.2598235607147217,0.4352308511734009,0.5947834253311157,0.999660849571228,0.128229022026062,0.24623176455497742,0.08929365873336792,0.8649152517318726,0.9878645539283752,0.13742344081401825,0.2202140986919403,-0.08804549276828766,0.9348896741867065,0.9946753978729248,0.003970151301473379,0.26462045311927795,-0.05464901030063629,0.17441578209400177,0.9019104838371277,-0.009981954470276833,0.24184687435626984,-0.24359938502311707,0.5986546874046326,0.9549014568328857,-0.13884666562080383,0.257132887840271,-0.12506990134716034,0.08371896296739578,0.6187527775764465,-0.16070173680782318,0.23172509670257568,-0.43661731481552124,0.3434121608734131,0.49975287914276123,-0.15868470072746277,0.25183889269828796,-0.14053145051002502,0.17852798104286194,0.5164970755577087,-0.1762777864933014,0.22595146298408508,-0.46065789461135864,0.33671092987060547,0.35175657272338867,-0.18032053112983704,0.2671419680118561,-0.1915147304534912,0.1934351623058319,0.31202250719070435,-0.21228088438510895,0.2459554672241211,-0.5733444690704346,0.38622432947158813,0.225942924618721
9,306,True,0.33065348863601685,0.22193758189678192,0.38885119557380676,0.9993624687194824,0.9999874830245972,0.3306146562099457,0.22118863463401794,0.4402538239955902,0.9990555644035339,0.9999809265136719,0.3315975069999695,0.2222629338502884,0.44025418162345886,0.9988763332366943,0.9999797344207764,0.3326871991157532,0.2254641056060791,0.4403689503669739,0.9992446303367615,0.9999773502349854,0.3325391113758087,0.2181321382522583,0.409281849861145,0.99945068359375,0.9999818801879883,0.3333519399166107,0.21505042910575867,0.40888676047325134,0.9994794726371765,0.9999829530715942,0.3352442979812622,0.214055135846138,0.4090096652507782,0.9995976686477661,0.9999806880950928,0.324789822101593,0.23044438660144806,0.5834088325500488,0.9994121193885803,0.9999796152114868,0.32569533586502075,0.20796024799346924,0.44114115834236145,0.999696671962738,0.999984860420227,0.3193017840385437,0.22418847680091858,0.4347236752510071,0.9977923631668091,0.9999561309814453,0.3242746591567993,0.21934065222740173,0.3917582631111145,0.9986410737037659,0.9999667406082153,0.27010461688041687,0.23661258816719055,0.5859960317611694,0.9938165545463562,0.9996212720870972,0.3055967390537262,0.2017926275730133,0.3125481605529785,0.9996404647827148,0.9999518394470215,0.2890232503414154,0.2742217481136322,0.6711182594299316,0.48472410440444946,0.9997289776802063,0.37730374932289124,0.21956250071525574,0.25863370299339294,0.9697825908660889,0.999907374382019,0.38163459300994873,0.27973395586013794,0.7959313988685608,0.4551258087158203,0.9992526173591614,0.44758766889572144,0.25457772612571716,0.4395689368247986,0.6961253881454468,0.9997019171714783,0.40206989645957947,0.2842872738838196,0.810161828994751,0.3815898895263672,0.9982689619064331,0.46277058124542236,0.2606044411659241,0.45103031396865845,0.6151617765426636,0.9988778233528137,0.40471550822257996,0.2801416218280792,0.8115286827087402,0.3811473548412323,0.9983571171760559,0.45644527673721313,0.26020586490631104,0.4826400876045227,0.6127817034721375,0.9988150596618652,0.402864933013916,0.2780590355396271,0.7909172177314758,0.40756163001060486,0.9989326596260071,0.4506644904613495,0.25984710454940796,0.45454856753349304,0.6093591451644897,0.9993916749954224,0.13505814969539642,0.2496621310710907,0.086452916264534,0.8780750036239624,0.9835546612739563,0.14393474161624908,0.22309096157550812,-0.08533252775669098,0.9411994814872742,0.9918327331542969,0.01329077873378992,0.2667762339115143,-0.057635366916656494,0.1959991455078125,0.9006752967834473,0.007969919592142105,0.24570639431476593,-0.24600516259670258,0.6195310950279236,0.9530332088470459,-0.12344232201576233,0.2584509253501892,-0.13088050484657288,0.09132831543684006,0.6599137187004089,-0.13849565386772156,0.23511359095573425,-0.4362057149410248,0.3530181050300598,0.5537781119346619,-0.1427379548549652,0.2540052533149719,-0.14537718892097473,0.1964663714170456,0.5686993598937988,-0.15319694578647614,0.22958016395568848,-0.45842620730400085,0.3510133922100067,0.4127071499824524,-0.1674729734659195,0.26771798729896545,-0.193266361951828,0.20500139892101288,0.36140987277030945,-0.19192096590995789,0.24673159420490265,-0.5638375878334045,0.393526166677475,0.268990695476532
10,340,True,0.3302869498729706,0.22416195273399353,0.38030070066452026,0.9994015693664551,0.9999769926071167,0.33097779750823975,0.22332444787025452,0.4310382306575775,0.999110758304596,0.9999697208404541,0.3332451283931732,0.2271101176738739,0.43103429675102234,0.9989390969276428,0.9999687671661377,0.33314254879951477,0.22942689061164856,0.4311308264732361,0.9992913007736206,0.999966025352478,0.3330346941947937,0.22078442573547363,0.40034547448158264,0.9994849562644958,0.9999688863754272,0.3338834047317505,0.2190454751253128,0.39994367957115173,0.9995089769363403,0.9999700784683228,0.33483821153640747,0.21641258895397186,0.40003103017807007,0.9996193051338196,0.999966025352478,0.3253273069858551,0.23219791054725647,0.5719900727272034,0.9994500279426575,0.9999698400497437,0.32602307200431824,0.21083804965019226,0.4312477111816406,0.9997144937515259,0.9999721050262451,0.31928908824920654,0.2275955229997635,0.42569684982299805,0.9979457259178162,0.9999315738677979,0.3244645297527313,0.22211389243602753,0.38303276896476746,0.9987143874168396,0.9999399185180664,0.27291229367256165,0.24082596600055695,0.5743588805198669,0.994392991065979,0.9996503591537476,0.30613163113594055,0.2039496898651123,0.3025192320346832,0.9996740221977234,0.999936580657959,0.28898194432258606,0.2772811949253082,0.6573362946510315,0.5053296685218811,0.9998049139976501,0.37948164343833923,0.22254812717437744,0.25307995080947876,0.9723454713821411,0.9999144077301025,0.38189446926116943,0.27998441457748413,0.7745739221572876,0.48688948154449463,0.9994909763336182,0.45078611373901367,0.25488024950027466,0.4225482940673828,0.7209814190864563,0.9996613264083862,0.4017326235771179,0.285408079624176,0.7870132327079773,0.4068608283996582,0.9985877275466919,0.4723288118839264,0.26028570532798767,0.4294353425502777,0.6377255320549011,0.9985976815223694,0.40520235896110535,0.28564780950546265,0.7879765629768372,0.40565675497055054,0.9987012147903442,0.4664606750011444,0.26021820306777954,0.4611212909221649,0.633833110332489,0.9985774755477905,0.4008432626724243,0.27853214740753174,0.769193172454834,0.43450430035591125,0.9992027878761292,0.4565211534500122,0.25973576307296753,0.43698543310165405,0.6305172443389893,0.9992817044258118,0.13570953905582428,0.25590696930885315,0.0848269909620285,0.8899487257003784,0.9818772077560425,0.15038134157657623,0.22437863051891327,-0.08375848829746246,0.9468911290168762,0.9911634922027588,0.022359276190400124,0.2770693600177765,-0.02303449623286724,0.21733497083187103,0.8590896129608154,0.009654834866523743,0.24922005832195282,-0.21803580224514008,0.6338596940040588,0.915473997592926,-0.11798813939094543,0.2680436670780182,-0.08301422744989395,0.0952688679099083,0.5200213193893433,-0.12493769079446793,0.24649760127067566,-0.37056028842926025,0.3484651446342468,0.400754451751709,-0.1375943273305893,0.26314622163772583,-0.10002749413251877,0.2105305939912796,0.42744481563568115,-0.13924285769462585,0.24152839183807373,-0.3902473747730255,0.35711434483528137,0.28575077652931213,-0.15899968147277832,0.27860110998153687,-0.1456814706325531,0.20613853633403778,0.2539963722229004,-0.17371337115764618,0.25998303294181824,-0.4879775941371918,0.38298335671424866,0.1882248967885971
11,374,True,0.3298305869102478,0.22210784256458282,0.3671853244304657,0.9994323253631592,0.9999808073043823,0.32849812507629395,0.22076480090618134,0.41311585903167725,0.9991581439971924,0.9999761581420898,0.33080825209617615,0.22443842887878418,0.41313570737838745,0.9989907741546631,0.9999750852584839,0.33338627219200134,0.22960135340690613,0.4132654368877411,0.9993310570716858,0.9999730587005615,0.3296300172805786,0.21862296760082245,0.3806774616241455,0.9995160102844238,0.9999781847000122,0.33001643419265747,0.21755674481391907,0.3802858591079712,0.9995367527008057,0.9999803304672241,0.3288922905921936,0.2143000066280365,0.3803654909133911,0.9996404647827148,0.9999792575836182,0.32521432638168335,0.23161490261554718,0.5486878156661987,0.9994842410087585,0.9999771118164062,0.322979599237442,0.21153315901756287,0.41040873527526855,0.9997334480285645,0.999984860420227,0.3194369077682495,0.2269163429737091,0.4148702323436737,0.9980947375297546,0.9999570846557617,0.3234688341617584,0.22120770812034607,0.3650822043418884,0.9987984895706177,0.9999674558639526,0.27758243680000305,0.24620655179023743,0.5621358156204224,0.9949045777320862,0.9997556805610657,0.30512505769729614,0.2055724859237671,0.27602440118789673,0.999704122543335,0.9999624490737915,0.2907005548477173,0.28070342540740967,0.6209514737129211,0.542397677898407,0.9999144077301025,0.3798329532146454,0.22438235580921173,0.22374947369098663,0.9749494194984436,0.9999606609344482,0.38554635643959045,0.28078973293304443,0.7308526635169983,0.5263562202453613,0.9996902942657471,0.44975993037223816,0.2545911371707916,0.39358025789260864,0.7457917928695679,0.9997925162315369,0.40358954668045044,0.2872779071331024,0.740815281867981,0.4414519667625427,0.9989239573478699,0.4694954454898834,0.26029565930366516,0.4002068340778351,0.6633344292640686,0.9989942908287048,0.4069502055644989,0.28939130902290344,0.7407636642456055,0.43948760628700256,0.9990181922912598,0.46475833654403687,0.259884774684906,0.4358249604701996,0.658277153968811,0.9989607334136963,0.4019922614097595,0.2801748812198639,0.7253455519676208,0.47017863392829895,0.9994226694107056,0.4550047516822815,0.2595561742782593,0.4078561067581177,0.655639111995697,0.9994922876358032,0.13828802108764648,0.26489096879959106,0.08433441817760468,0.9007799625396729,0.9908171892166138,0.14773711562156677,0.23317554593086243,-0.08337463438510895,0.9520946145057678,0.9953590035438538,0.03076745942234993,0.2936968207359314,-0.024375785142183304,0.24283020198345184,0.8180624842643738,0.012484154663980007,0.2756044566631317,-0.2182130664587021,0.6575500965118408,0.9073358774185181,-0.10593441128730774,0.2864532768726349,-0.07494424283504486,0.09739358723163605,0.4326122999191284,-0.1138523668050766,0.2641910910606384,-0.36621272563934326,0.3468644618988037,0.26452112197875977,-0.12526319921016693,0.28040581941604614,-0.08986659348011017,0.2213725745677948,0.36826828122138977,-0.12800610065460205,0.25730687379837036,-0.384213387966156,0.3610312342643738,0.19014309346675873,-0.14721274375915527,0.30058664083480835,-0.13513948023319244,0.2015446573495865,0.19040028750896454,-0.16146065294742584,0.2817709743976593,-0.48065343499183655,0.3695869445800781,0.10885446518659592
12,408,True,0.32546815276145935,0.22455136477947235,0.4691150188446045,0.9994826912879944,0.9999970197677612,0.3233186900615692,0.22323396801948547,0.5240116119384766,0.9992271661758423,0.9999959468841553,0.3232302665710449,0.2267182320356369,0.5241402387619019,0.999072790145874,0.9999959468841553,0.32807302474975586,0.22975404560565948,0.5242765545845032,0.999387264251709,0.9999957084655762,0.32646870613098145,0.22108764946460724,0.4927532970905304,0.9995579719543457,0.9999959468841553,0.3267785608768463,0.2198524922132492,0.49226972460746765,0.9995766282081604,0.9999961853027344,0.32689014077186584,0.21640880405902863,0.49246105551719666,0.9996711015701294,0.9999957084655762,0.31081727147102356,0.2321358621120453,0.6647569537162781,0.9995301365852356,0.9999960660934448,0.3197157680988312,0.2122136801481247,0.5214344263076782,0.9997572898864746,0.999996542930603,0.3149712085723877,0.22825536131858826,0.5121937394142151,0.998266875743866,0.999987006187439,0.32005196809768677,0.22306108474731445,0.4680393934249878,0.9989047646522522,0.9999904632568359,0.27725106477737427,0.24807536602020264,0.6434599161148071,0.9953978657722473,0.9999277591705322,0.3034725785255432,0.2119400054216385,0.3828481137752533,0.999733030796051,0.9999910593032837,0.2902139723300934,0.2850040793418884,0.7127522826194763,0.5795941948890686,0.9999803304672241,0.3802712857723236,0.22456085681915283,0.3108307421207428,0.9773387908935547,0.9999926090240479,0.38504478335380554,0.2818842828273773,0.8592352271080017,0.5674851536750793,0.999946117401123,0.4499080181121826,0.2554711103439331,0.4978891909122467,0.7691246271133423,0.9999717473983765,0.40319305658340454,0.2869873642921448,0.8792097568511963,0.475199818611145,0.9998335838317871,0.47169071435928345,0.26030433177948,0.5128217935562134,0.6844077110290527,0.9998679161071777,0.40705230832099915,0.28954294323921204,0.8853923082351685,0.47185301780700684,0.9998348951339722,0.46573054790496826,0.25999966263771057,0.5500873327255249,0.6774221062660217,0.9998358488082886,0.401396781206131,0.2816845774650574,0.8572960495948792,0.5049653053283691,0.9999040365219116,0.4552854001522064,0.25994184613227844,0.5150519013404846,0.6765874624252319,0.9999260902404785,0.14214381575584412,0.2732728123664856,0.08365441858768463,0.9105691313743591,0.992459237575531,0.1571529358625412,0.24356302618980408,-0.08269602805376053,0.9568065404891968,0.9965950846672058,0.055293384939432144,0.3109256625175476,-0.11607591807842255,0.2433176189661026,0.7580987811088562,0.03857803717255592,0.2959495484828949,-0.323070764541626,0.6574058532714844,0.8677122592926025,-0.0826166495680809,0.30742573738098145,-0.2444118708372116,0.09307337552309036,0.3342301845550537,-0.09114601463079453,0.28431975841522217,-0.536824643611908,0.32658299803733826,0.20169903337955475,-0.10253891348838806,0.3028859496116638,-0.26677191257476807,0.21983949840068817,0.25712165236473083,-0.10728371143341064,0.2785719037055969,-0.5633224844932556,0.3523692190647125,0.12987737357616425,-0.12367549538612366,0.31949013471603394,-0.30767133831977844,0.1910175234079361,0.10600851476192474,-0.13560211658477783,0.2986995577812195,-0.6526051163673401,0.3456572890281677,0.06834302842617035
13,442,True,0.3253895044326782,0.23385298252105713,0.49050068855285645,0.9995311498641968,0.9999985694885254,0.32387447357177734,0.23397836089134216,0.5458663702011108,0.9992954134941101,0.9999979734420776,0.3237448036670685,0.23557591438293457,0.5460383892059326,0.9991550445556641,0.9999979734420776,0.32755011320114136,0.2401917278766632,0.5461910367012024,0.9994417428970337,0.9999978542327881,0.3246196508407593,0.22825638949871063,0.5139172673225403,0.9995983242988586,0.9999980926513672,0.32465726137161255,0.2274610698223114,0.5134118795394897,0.9996153712272644,0.9999982118606567,0.32799458503723145,0.22443678975105286,0.5136300921440125,0.9997008442878723,0.9999979734420776,0.31344282627105713,0.24225454032421112,0.6904460191726685,0.9995739459991455,0.9999978542327881,0.31550881266593933,0.22177013754844666,0.5438662171363831,0.999779999256134,0.9999983310699463,0.31510433554649353,0.23887114226818085,0.5348305702209473,0.9984294176101685,0.9999908208847046,0.31767669320106506,0.23108939826488495,0.490105003118515,0.9990063905715942,0.9999940395355225,0.277473121881485,0.26058000326156616,0.6728836297988892,0.9958468675613403,0.9999475479125977,0.30306270718574524,0.22399847209453583,0.4016019105911255,0.9997593760490417,0.9999948740005493,0.2943854331970215,0.28626611828804016,0.7720929384231567,0.6169583201408386,0.9999954700469971,0.3776601254940033,0.22945383191108704,0.31732216477394104,0.9795634150505066,0.9999983310699463,0.38647711277008057,0.2815787196159363,0.9608330726623535,0.6077621579170227,0.9999897480010986,0.4500095248222351,0.25577181577682495,0.4931374490261078,0.791443943977356,0.9999961853027344,0.4084464907646179,0.2867448925971985,0.9871698021888733,0.5128065347671509,0.9999620914459229,0.4704075753688812,0.2601642906665802,0.5081967711448669,0.7096150517463684,0.9999785423278809,0.4125140607357025,0.28796011209487915,0.9908194541931152,0.5076946020126343,0.9999608993530273,0.4638133943080902,0.26009470224380493,0.5450140833854675,0.7015042901039124,0.9999703168869019,0.4054214060306549,0.2839999794960022,0.9600109457969666,0.5426084399223328,0.999980092048645,0.4537116289138794,0.2600228190422058,0.5113064646720886,0.7017908692359924,0.9999880790710449,0.146050363779068,0.29003459215164185,0.08404368907213211,0.9194904565811157,0.9984000325202942,0.1599384844303131,0.2626938223838806,-0.0833095833659172,0.9611145257949829,0.9993670582771301,0.06410959362983704,0.33332714438438416,-0.1275298297405243,0.25110912322998047,0.9075093269348145,0.050918757915496826,0.32130497694015503,-0.3406975567340851,0.6746591925621033,0.9687834978103638,-0.06756867468357086,0.33029621839523315,-0.3185066878795624,0.09241079539060593,0.6800748705863953,-0.0847628116607666,0.3120719790458679,-0.6222379207611084,0.3230164349079132,0.5194128751754761,-0.09054628014564514,0.3256017565727234,-0.348673552274704,0.2325585037469864,0.577714204788208,-0.10545267164707184,0.30780285596847534,-0.6559337973594666,0.3676568865776062,0.35197824239730835,-0.10344528406858444,0.34558090567588806,-0.37444067001342773,0.1851315051317215,0.2601874768733978,-0.12689940631389618,0.32651621103286743,-0.7307472229003906,0.3336309790611267,0.17039699852466583
14,476,True,0.3262297809123993,0.244935542345047,0.4422561526298523,0.9995734095573425,0.9999982118606567,0.33407720923423767,0.2480841875076294,0.4954674243927002,0.9993540644645691,0.9999974966049194,0.333413302898407,0.2501395046710968,0.4955819845199585,0.9992263317108154,0.9999972581863403,0.3342360258102417,0.2527357041835785,0.4956672787666321,0.999488353729248,0.9999970197677612,0.32493188977241516,0.23909452557563782,0.46522966027259827,0.999632716178894,0.9999972581863403,0.3332109749317169,0.23826853930950165,0.46477067470550537,0.99964839220047,0.9999973773956299,0.333737850189209,0.23525294661521912,0.46492257714271545,0.9997256994247437,0.9999969005584717,0.32229822874069214,0.2551281452178955,0.6425358653068542,0.9996113181114197,0.9999969005584717,0.3208235800266266,0.23198160529136658,0.5056368708610535,0.9997991919517517,0.9999972581863403,0.31801334023475647,0.25243473052978516,0.4890313744544983,0.9985522627830505,0.9999762773513794,0.3178141415119171,0.24414405226707458,0.44681280851364136,0.9990821480751038,0.9999840259552002,0.28107962012290955,0.27249956130981445,0.6360709071159363,0.9962356090545654,0.9998615980148315,0.30381232500076294,0.23483982682228088,0.38329046964645386,0.9997820258140564,0.9999802112579346,0.30397969484329224,0.2908031642436981,0.7302879095077515,0.6479092240333557,0.9999918937683105,0.37697070837020874,0.23856070637702942,0.3350440263748169,0.9814374446868896,0.9999958276748657,0.39131277799606323,0.2813498377799988,0.9039288759231567,0.6409692168235779,0.9999790191650391,0.45209211111068726,0.25581735372543335,0.5431905388832092,0.8092444539070129,0.9999918937683105,0.41095253825187683,0.28633904457092285,0.9269120693206787,0.5415806770324707,0.9999094009399414,0.47126471996307373,0.25918319821357727,0.5625389814376831,0.7244739532470703,0.9999523162841797,0.41389304399490356,0.2870357632637024,0.9288944602012634,0.5345470309257507,0.9999135732650757,0.4647885262966156,0.2594563663005829,0.5958883762359619,0.7139122486114502,0.9999402761459351,0.40679699182510376,0.28472593426704407,0.9021598696708679,0.5720459818840027,0.9999586343765259,0.4550102651119232,0.259932279586792,0.5610542297363281,0.715798556804657,0.9999771118164062,0.146683007478714,0.3098655045032501,0.08218328654766083,0.9275187849998474,0.9984288811683655,0.15563039481639862,0.2744836211204529,-0.08184904605150223,0.9649877548217773,0.9991636276245117,0.05456934869289398,0.3487723469734192,-0.10387767851352692,0.27214664220809937,0.9512549042701721,0.044326264411211014,0.3383476436138153,-0.3100217878818512,0.6940074563026428,0.9804370999336243,-0.07591923326253891,0.3440844416618347,-0.315750390291214,0.09689045697450638,0.8103014230728149,-0.08515351265668869,0.3257599472999573,-0.6102266311645508,0.32684290409088135,0.6593765020370483,-0.10132300853729248,0.34017056226730347,-0.3475664258003235,0.25616079568862915,0.7263062000274658,-0.10762239247560501,0.32272571325302124,-0.6464813947677612,0.3879709839820862,0.4914729595184326,-0.10452508926391602,0.3587186932563782,-0.3634949028491974,0.18504869937896729,0.4149172604084015,-0.11955469846725464,0.3372875452041626,-0.7139599323272705,0.32824981212615967,0.27072811126708984
15,510,True,0.34074223041534424,0.26134318113327026,0.428835928440094,0.9995740056037903,0.9999691247940063,0.3452354967594147,0.2618398070335388,0.47949761152267456,0.999352753162384,0.9999544620513916,0.34487295150756836,0.2630780041217804,0.47952699661254883,0.9992321133613586,0.9999500513076782,0.3452267050743103,0.26426416635513306,0.4795571565628052,0.9994878768920898,0.9999421834945679,0.3449016511440277,0.25393298268318176,0.44801872968673706,0.9996349811553955,0.9999598264694214,0.3466927111148834,0.2515008747577667,0.4475693106651306,0.9996534585952759,0.9999632835388184,0.34611737728118896,0.2485779970884323,0.4476411044597626,0.9997261762619019,0.9999593496322632,0.3364536762237549,0.26668787002563477,0.6209280490875244,0.9996154308319092,0.9999382495880127,0.32616448402404785,0.24511030316352844,0.47668084502220154,0.999800443649292,0.9999641180038452,0.3326961398124695,0.26622939109802246,0.4748695492744446,0.9983959794044495,0.9995861649513245,0.3300885260105133,0.2583923935890198,0.43122825026512146,0.9989721179008484,0.9997554421424866,0.29049673676490784,0.2866477072238922,0.6160987019538879,0.9963171482086182,0.9954159259796143,0.3034971058368683,0.2436707764863968,0.35663342475891113,0.9997866749763489,0.9995738863945007,0.30224910378456116,0.2930813133716583,0.7311333417892456,0.6239681243896484,0.9995594620704651,0.3770407438278198,0.23948970437049866,0.33178937435150146,0.9802796840667725,0.999893307685852,0.3647308349609375,0.2792774438858032,0.9308689832687378,0.6137071847915649,0.9990654587745667,0.4515339434146881,0.25616154074668884,0.5839148759841919,0.7926943898200989,0.9997459053993225,0.3781994581222534,0.2757019102573395,0.9659217596054077,0.5141536593437195,0.9977685213088989,0.46936288475990295,0.25874030590057373,0.6161022782325745,0.6970494389533997,0.9990019202232361,0.38282665610313416,0.2743120789527893,0.9646944403648376,0.5064416527748108,0.9977339506149292,0.46429264545440674,0.25904735922813416,0.6460599303245544,0.6840013265609741,0.9988487958908081,0.37246373295783997,0.2764744460582733,0.9301607012748718,0.5454486012458801,0.9986535310745239,0.45420804619789124,0.25983887910842896,0.6026772260665894,0.6857489347457886,0.9994638562202454,0.1508832424879074,0.3326411843299866,0.08215734362602234,0.9346365332603455,0.9877471923828125,0.15749146044254303,0.29662612080574036,-0.08181187510490417,0.9684049487113953,0.9964863061904907,0.07092273235321045,0.375823438167572,-0.16169197857379913,0.3061327338218689,0.9093291759490967,0.06912938505411148,0.3614680767059326,-0.3580000102519989,0.7157377600669861,0.9726143479347229,-0.05554186552762985,0.3678221106529236,-0.3401058316230774,0.11058185994625092,0.8336922526359558,-0.06557890772819519,0.3490838408470154,-0.6276893615722656,0.3485734164714813,0.7397036552429199,-0.07527565211057663,0.36302366852760315,-0.36339089274406433,0.28586557507514954,0.805992841720581,-0.08614431321620941,0.3445793688297272,-0.6569206714630127,0.4161898195743561,0.636152446269989,-0.09347417950630188,0.38005563616752625,-0.38783949613571167,0.20105770230293274,0.5581521391868591,-0.10637395828962326,0.36375319957733154,-0.7342220544815063,0.3464124798774719,0.42094939947128296
16,544,True,0.35212084650993347,0.27958184480667114,0.3913804292678833,0.9954869151115417,0.9911381602287292,0.35638996958732605,0.2765859365463257,0.4278745949268341,0.9953373074531555,0.9888876080513,0.3559795320034027,0.2769024670124054,0.42774468660354614,0.994686484336853,0.9884182810783386,0.35587790608406067,0.27710357308387756,0.4276556670665741,0.9965934157371521,0.9875708818435669,0.356406033039093,0.2719230055809021,0.3945293128490448,0.9970998764038086,0.9918471574783325,0.35615697503089905,0.2702695429325104,0.3940568268299103,0.9975998401641846,0.9935257434844971,0.35560715198516846,0.26848453283309937,0.3939991891384125,0.9981539249420166,0.9939769506454468,0.34753069281578064,0.27514368295669556,0.5377916693687439,0.9977173209190369,0.9896809458732605,0.34463900327682495,0.2629912495613098,0.38109076023101807,0.998650074005127,0.9962313771247864,0.3438606560230255,0.281448096036911,0.4278360605239868,0.9937222003936768,0.9900557994842529,0.3422146439552307,0.2766098380088806,0.3815400302410126,0.9953908920288086,0.9946339130401611,0.2996019124984741,0.29703807830810547,0.5370607376098633,0.9962606430053711,0.9726826548576355,0.30582061409950256,0.25679612159729004,0.2652542293071747,0.9997830390930176,0.9986822009086609,0.27748721837997437,0.31830012798309326,0.7297838926315308,0.5688474178314209,0.984546959400177,0.381001740694046,0.2571978271007538,0.23262575268745422,0.9751152396202087,0.9990359544754028,0.28584039211273193,0.3133860230445862,0.8810199499130249,0.5572295188903809,0.9708269834518433,0.4535541236400604,0.2573198974132538,0.5497428178787231,0.7512165904045105,0.9948675632476807,0.2865214943885803,0.31114310026168823,0.9184744358062744,0.4679401218891144,0.9716183543205261,0.46899616718292236,0.25845229625701904,0.5500010848045349,0.6540861129760742,0.986356258392334,0.2888015806674957,0.3131939470767975,0.9065985083580017,0.4609791338443756,0.9645388722419739,0.4637179970741272,0.2589808404445648,0.6029766201972961,0.6406753063201904,0.983329713344574,0.28763315081596375,0.3125138580799103,0.877103328704834,0.4970855116844177,0.9716729521751404,0.4550386071205139,0.2599354386329651,0.5693175196647644,0.6420848369598389,0.9906421303749084,0.17197728157043457,0.35059091448783875,0.07846475392580032,0.9410067200660706,0.9839449524879456,0.16835057735443115,0.31227385997772217,-0.07851225137710571,0.9714645147323608,0.9963223934173584,0.11047913134098053,0.39903563261032104,-0.2159041315317154,0.34579163789749146,0.9420243501663208,0.09184443205595016,0.3695318102836609,-0.3977206349372864,0.7377321720123291,0.9850614666938782,-0.028558285906910896,0.3970019221305847,-0.362291157245636,0.15150316059589386,0.948554515838623,-0.05130768194794655,0.3698446452617645,-0.6261446475982666,0.39486053586006165,0.9315946102142334,-0.04660828411579132,0.3914862871170044,-0.37905973196029663,0.33257266879081726,0.9445331692695618,-0.06977348029613495,0.3660338222980499,-0.649200975894928,0.4584087133407593,0.9050799608230591,-0.07903502136468887,0.4140869081020355,-0.43085506558418274,0.25300291180610657,0.8649299740791321,-0.10233047604560852,0.3904377520084381,-0.7420403957366943,0.39598706364631653,0.8041806221008301
17,578,True,0.35108497738838196,0.2743948996067047,0.4615260362625122,0.9932397603988647,0.99708491563797,0.35492607951164246,0.27302828431129456,0.4996054768562317,0.9934074878692627,0.9969924688339233,0.35476672649383545,0.2744731605052948,0.49945777654647827,0.9925662875175476,0.9967840909957886,0.3547806143760681,0.27592235803604126,0.4993845224380493,0.9954013824462891,0.9963977336883545,0.3545123338699341,0.26788341999053955,0.47435933351516724,0.9960256814956665,0.9978845715522766,0.3540923297405243,0.26599135994911194,0.473877876996994,0.9966888427734375,0.9983460903167725,0.3534815013408661,0.26391926407814026,0.4738606810569763,0.9974988698959351,0.9984949827194214,0.3446542024612427,0.2782614827156067,0.5848759412765503,0.9968404173851013,0.996852457523346,0.34294581413269043,0.26531291007995605,0.4706532061100006,0.9981537461280823,0.9990448355674744,0.3413582146167755,0.28259915113449097,0.4884454011917114,0.9911102056503296,0.9963640570640564,0.3393005430698395,0.2749224305152893,0.45299232006073,0.9929369688034058,0.9978432655334473,0.3020244836807251,0.3098054528236389,0.5526587963104248,0.996165931224823,0.9746317863464355,0.30574238300323486,0.26948314905166626,0.3339334726333618,0.9997875094413757,0.9991896748542786,0.2727312445640564,0.3296993374824524,0.7174354791641235,0.5177447199821472,0.9884893298149109,0.4004484713077545,0.2626839280128479,0.34612417221069336,0.967065155506134,0.9995132684707642,0.28545936942100525,0.32470422983169556,0.9102697372436523,0.5064589381217957,0.981261134147644,0.4614325165748596,0.2551858425140381,0.6215851902961731,0.7123520374298096,0.9961050748825073,0.2862853407859802,0.3223933279514313,0.9481615424156189,0.4265292286872864,0.9778413772583008,0.47951415181159973,0.2545875906944275,0.6485429406166077,0.615186333656311,0.9876444935798645,0.28844398260116577,0.3255850672721863,0.9299169182777405,0.42034703493118286,0.9730477929115295,0.46795782446861267,0.2561424970626831,0.6735998392105103,0.6012635827064514,0.98481684923172,0.28821733593940735,0.3247910737991333,0.9037618637084961,0.4541419744491577,0.9803844690322876,0.4602944552898407,0.2580118775367737,0.6363740563392639,0.6038408279418945,0.9920948147773743,0.18012432754039764,0.36700868606567383,0.07199160009622574,0.9467163681983948,0.9733273386955261,0.17871971428394318,0.3359679877758026,-0.0722157433629036,0.974252462387085,0.9950233697891235,0.0955674946308136,0.41612115502357483,-0.14088448882102966,0.35718896985054016,0.9376436471939087,0.0875033289194107,0.3939778506755829,-0.27405956387519836,0.7485702037811279,0.9885100722312927,-0.02322392724454403,0.42553848028182983,-0.20162822306156158,0.15830695629119873,0.9309038519859314,-0.043477799743413925,0.4083769917488098,-0.47311118245124817,0.4118443429470062,0.9254117608070374,-0.03845599666237831,0.4231037497520447,-0.21373647451400757,0.3488691747188568,0.9225416779518127,-0.0625041201710701,0.4064742624759674,-0.49581217765808105,0.47884371876716614,0.886570930480957,-0.06533990800380707,0.44389715790748596,-0.26939404010772705,0.2682608962059021,0.8295847773551941,-0.08269299566745758,0.4326182007789612,-0.5879058241844177,0.41825756430625916,0.7850743532180786
18,612,True,0.3560374081134796,0.2952856719493866,0.5800413489341736,0.9937885999679565,0.9999750852584839,0.357303649187088,0.29259079694747925,0.6199655532836914,0.9937815070152283,0.9999657869338989,0.35680609941482544,0.29362139105796814,0.6200272440910339,0.9930367469787598,0.9999650716781616,0.356423020362854,0.2946532070636749,0.619958221912384,0.9957277774810791,0.9999591112136841,0.3572003245353699,0.28863513469696045,0.5915325880050659,0.9962843656539917,0.9999723434448242,0.3564140200614929,0.2869855463504791,0.5911467671394348,0.9969189167022705,0.9999756813049316,0.355387806892395,0.2851712107658386,0.591081976890564,0.9976560473442078,0.999975323677063,0.34516212344169617,0.2963156998157501,0.6928868293762207,0.9970312118530273,0.9999673366546631,0.3411576449871063,0.28216302394866943,0.5645051598548889,0.9982568025588989,0.9999831914901733,0.3463805615901947,0.30167025327682495,0.6001132726669312,0.991802990436554,0.999972939491272,0.34400129318237305,0.2968161702156067,0.5613599419593811,0.9933891296386719,0.9999771118164062,0.2987481653690338,0.33173567056655884,0.6447966694831848,0.9965448379516602,0.9999562501907349,0.3142777681350708,0.28807350993156433,0.40210962295532227,0.999808132648468,0.9999961853027344,0.27281874418258667,0.3735728859901428,0.739540696144104,0.4880163073539734,0.9999191761016846,0.4004126191139221,0.27216625213623047,0.3657442629337311,0.9691004753112793,0.9999963045120239,0.23360739648342133,0.3842924237251282,0.8816743493080139,0.4665299654006958,0.9997988343238831,0.4602123200893402,0.25652366876602173,0.5990307331085205,0.725338876247406,0.9999263286590576,0.2228616327047348,0.38712629675865173,0.9119385480880737,0.3943224549293518,0.9997512698173523,0.4774247407913208,0.2540121078491211,0.617235541343689,0.6329583525657654,0.9997583031654358,0.21899515390396118,0.3858807682991028,0.90184086561203,0.3883903920650482,0.9997327923774719,0.467446506023407,0.2542434632778168,0.6473424434661865,0.6111147999763489,0.9996680021286011,0.22308428585529327,0.3842550814151764,0.8763090968132019,0.4194819927215576,0.9998047947883606,0.4595768451690674,0.2575001120567322,0.6139011383056641,0.6086844801902771,0.9998559951782227,0.2154843509197235,0.38920900225639343,0.07388342916965485,0.9520435333251953,0.9999561309814453,0.21743522584438324,0.36043423414230347,-0.07388582825660706,0.9768262505531311,0.9999880790710449,0.11235493421554565,0.4409129023551941,-0.1780710071325302,0.41357335448265076,0.9998393058776855,0.12341421097517014,0.4157335162162781,-0.3972855508327484,0.7718186378479004,0.9999279975891113,-0.03402334451675415,0.45629042387008667,-0.3780018389225006,0.23299089074134827,0.9996086955070496,-0.0056391688995063305,0.41644859313964844,-0.610577404499054,0.46336859464645386,0.9995977282524109,-0.05123760923743248,0.45359474420547485,-0.4112870991230011,0.4109880328178406,0.9993360638618469,-0.006419146899133921,0.4191971719264984,-0.6388119459152222,0.528209924697876,0.9993380904197693,-0.08028483390808105,0.47323957085609436,-0.5196781754493713,0.33834517002105713,0.9976319074630737,-0.05474267527461052,0.432880163192749,-0.7417907118797302,0.4736453592777252,0.997989296913147
19,646,True,0.36322465538978577,0.29372817277908325,0.48131081461906433,0.9942603707313538,0.9999417066574097,0.36215633153915405,0.29135197401046753,0.5092288255691528,0.9942009449005127,0.9999121427536011,0.3618488311767578,0.29230931401252747,0.5091189742088318,0.9934984445571899,0.9999037981033325,0.36155030131340027,0.293291836977005,0.5090678930282593,0.9960321187973022,0.99988853931427,0.36061525344848633,0.2882782518863678,0.4878583550453186,0.9965295791625977,0.9999332427978516,0.35925114154815674,0.2872869372367859,0.48733678460121155,0.9971201419830322,0.9999420642852783,0.3576440215110779,0.28613781929016113,0.4873230755329132,0.9978007674217224,0.9999434947967529,0.3493430018424988,0.2978852093219757,0.5680555701255798,0.9972037672996521,0.9999103546142578,0.34161174297332764,0.2916559875011444,0.4530399441719055,0.9983452558517456,0.9999622106552124,0.35598376393318176,0.30136948823928833,0.48465028405189514,0.9924368858337402,0.9999548196792603,0.3521583676338196,0.2978307604789734,0.4549463093280792,0.9937968254089355,0.9999634027481079,0.3223453760147095,0.3379184305667877,0.5419303178787231,0.9968823194503784,0.9998996257781982,0.3231901526451111,0.30144426226615906,0.2809706926345825,0.9998257160186768,0.9999915361404419,0.2876388430595398,0.37993109226226807,0.6473590135574341,0.4522068202495575,0.999738872051239,0.40900740027427673,0.27797645330429077,0.17936931550502777,0.9704976081848145,0.9999908208847046,0.26267340779304504,0.3934187889099121,0.7747491598129272,0.4316467344760895,0.999413251876831,0.45946183800697327,0.2566491961479187,0.3243679404258728,0.7324233651161194,0.9997974038124084,0.25220394134521484,0.3969358801841736,0.7979899644851685,0.3661876320838928,0.9993022680282593,0.4790418744087219,0.2476690709590912,0.31819888949394226,0.6337578296661377,0.9992644190788269,0.25185930728912354,0.39702773094177246,0.7779513597488403,0.3608385920524597,0.9992150068283081,0.4687434434890747,0.24960792064666748,0.3517438769340515,0.6111167669296265,0.9991657733917236,0.2561896741390228,0.3946845233440399,0.765410304069519,0.39003267884254456,0.9994169473648071,0.46282580494880676,0.25423532724380493,0.3355444669723511,0.6096398830413818,0.9995768666267395,0.2357601821422577,0.4135238230228424,0.07447357475757599,0.9568365812301636,0.9998936653137207,0.22839808464050293,0.38732486963272095,-0.0744137391448021,0.9791411757469177,0.9999711513519287,0.1373649686574936,0.4673005938529968,-0.14220592379570007,0.45605361461639404,0.9995750784873962,0.13434484601020813,0.4299674928188324,-0.336858868598938,0.7902342677116394,0.9998384714126587,-0.0012279474176466465,0.49596697092056274,-0.2664971649646759,0.2878149151802063,0.9987138509750366,0.027802199125289917,0.4390522539615631,-0.4585268795490265,0.5067809224128723,0.9990187883377075,-0.019626546651124954,0.49610820412635803,-0.292290598154068,0.4558805525302887,0.9978649020195007,-0.0022244718857109547,0.4413612484931946,-0.477079302072525,0.5670917630195618,0.9984013438224792,-0.044472891837358475,0.5136662721633911,-0.39007124304771423,0.3919754922389984,0.9936123490333557,-0.032451242208480835,0.4586886763572693,-0.5869755744934082,0.5185463428497314,0.9955185651779175
20,680,True,0.3730202615261078,0.31231993436813354,0.2934219241142273,0.9945799112319946,0.9979923963546753,0.3687534034252167,0.30897870659828186,0.31400996446609497,0.9945452809333801,0.9977980852127075,0.3675169348716736,0.3093211054801941,0.31397587060928345,0.9938432574272156,0.9976637363433838,0.3663119077682495,0.30966755747795105,0.313906729221344,0.9962595105171204,0.9974489808082581,0.36886724829673767,0.30775463581085205,0.2837347388267517,0.996806800365448,0.9983401298522949,0.35999661684036255,0.3110874891281128,0.28332486748695374,0.9973564743995667,0.9985583424568176,0.3591647148132324,0.3105170428752899,0.28331899642944336,0.997970700263977,0.9986794590950012,0.3477063775062561,0.3162707984447479,0.3628026247024536,0.9973731637001038,0.9976531863212585,0.3454119861125946,0.31331726908683777,0.22162240743637085,0.9984660148620605,0.9990621209144592,0.3654102683067322,0.31856921315193176,0.3078492283821106,0.9925233721733093,0.9959037899971008,0.363837867975235,0.32167017459869385,0.26734328269958496,0.9939435124397278,0.9970255494117737,0.33687424659729004,0.3469269871711731,0.36890289187431335,0.9969511032104492,0.9962232112884521,0.3423350751399994,0.3288863003253937,0.09738180041313171,0.999802827835083,0.9995138645172119,0.35702019929885864,0.36155423521995544,0.4460158050060272,0.41375526785850525,0.9990025162696838,0.41124963760375977,0.2956605553627014,0.1189378872513771,0.9623355865478516,0.9998576641082764,0.3869161009788513,0.30564701557159424,0.561191737651825,0.3953990042209625,0.9974554181098938,0.456716924905777,0.26202213764190674,0.33592405915260315,0.7119168639183044,0.9985390901565552,0.3929612934589386,0.29295283555984497,0.5903066396713257,0.3376159369945526,0.9964379072189331,0.4722473919391632,0.24911253154277802,0.35044777393341064,0.6167411208152771,0.9964976906776428,0.392680287361145,0.2976865768432617,0.5734186172485352,0.33268803358078003,0.9953737854957581,0.45937374234199524,0.2505945563316345,0.37103772163391113,0.5943442583084106,0.9958167672157288,0.3906777799129486,0.30181652307510376,0.5532499551773071,0.35977670550346375,0.9966193437576294,0.45762863755226135,0.25562116503715515,0.34782832860946655,0.5933844447135925,0.9973202347755432,0.2650584876537323,0.4346940517425537,0.07544346898794174,0.9611459970474243,0.9992594122886658,0.26872411370277405,0.4229764938354492,-0.07583090662956238,0.9812172055244446,0.9996477365493774,0.14375567436218262,0.49532657861709595,0.015849469229578972,0.4847944974899292,0.9972485899925232,0.17435479164123535,0.45397013425827026,-0.13849058747291565,0.8021063804626465,0.9979447722434998,0.02495681680738926,0.511010468006134,-0.05772148817777634,0.3369646966457367,0.9926043748855591,0.07920107990503311,0.41685986518859863,-0.21515806019306183,0.547616720199585,0.9963546991348267,0.0030873192008584738,0.5099544525146484,-0.06669405102729797,0.4941587746143341,0.9899397492408752,0.06399357318878174,0.401431143283844,-0.22258056700229645,0.6037644147872925,0.9960349202156067,-0.03574328497052193,0.5274228453636169,-0.1258283108472824,0.43566223978996277,0.9821681976318359,0.04038571938872337,0.419810950756073,-0.27196481823921204,0.5582890510559082,0.9924474954605103
21,714,True,0.3797850012779236,0.3245411217212677,0.337472140789032,0.9950233697891235,0.9998998641967773,0.37283074855804443,0.32270118594169617,0.36765462160110474,0.9949972033500671,0.9998823404312134,0.3716219961643219,0.32332608103752136,0.36765623092651367,0.9943536520004272,0.9998772144317627,0.3704133629798889,0.32395654916763306,0.3676605224609375,0.9965771436691284,0.9998656511306763,0.3728196322917938,0.3213708698749542,0.33795297145843506,0.9970852136611938,0.9999067783355713,0.36960461735725403,0.3215447962284088,0.3375161588191986,0.9975916147232056,0.9999178647994995,0.36835721135139465,0.32126423716545105,0.3375387191772461,0.998143196105957,0.9999219179153442,0.35659119486808777,0.33058422803878784,0.43461287021636963,0.9975897669792175,0.9998900890350342,0.3563085198402405,0.32693031430244446,0.2989306151866913,0.9985889792442322,0.9999467134475708,0.37553805112838745,0.33184441924095154,0.35661810636520386,0.9930449724197388,0.9998531341552734,0.3710021674633026,0.3373170495033264,0.3172430694103241,0.9943180084228516,0.9998717308044434,0.345035195350647,0.37223416566848755,0.4297466576099396,0.9972344636917114,0.9998395442962646,0.3529549241065979,0.3478641211986542,0.1601908951997757,0.9998175501823425,0.9999837875366211,0.34373846650123596,0.38527652621269226,0.48179376125335693,0.37861502170562744,0.9997677206993103,0.41834592819213867,0.3160753846168518,0.13908113539218903,0.9590656757354736,0.9999902248382568,0.3535618185997009,0.3761363625526428,0.5642391443252563,0.36198627948760986,0.9994871616363525,0.42622804641723633,0.2770741283893585,0.33124467730522156,0.6961033344268799,0.999797523021698,0.3420507311820984,0.37213099002838135,0.5900865793228149,0.31109580397605896,0.9994550347328186,0.44373103976249695,0.25999224185943604,0.3399399518966675,0.6000835299491882,0.9994232654571533,0.3410797417163849,0.3756048381328583,0.5710821747779846,0.3065562844276428,0.9992806315422058,0.42527884244918823,0.26488229632377625,0.3632342517375946,0.5775764584541321,0.9992707371711731,0.34417951107025146,0.3758951723575592,0.5547983050346375,0.33139052987098694,0.999434769153595,0.4107232093811035,0.27407869696617126,0.34159454703330994,0.5777574777603149,0.9995694756507874,0.3042874038219452,0.45258504152297974,0.07779291272163391,0.9650307297706604,0.9999397993087769,0.30575355887413025,0.4359763264656067,-0.07820658385753632,0.9830941557884216,0.9999799728393555,0.21533995866775513,0.5181111097335815,-0.030820045620203018,0.5170757174491882,0.9996482133865356,0.24026384949684143,0.4700080454349518,-0.2156948745250702,0.819319486618042,0.9998571872711182,0.08636767417192459,0.5529664158821106,-0.13332314789295197,0.3924693763256073,0.9993076324462891,0.09816724807024002,0.44787710905075073,-0.35673069953918457,0.5893350839614868,0.9997233748435974,0.07157106697559357,0.550003170967102,-0.14428283274173737,0.5369227528572083,0.9990672469139099,0.0856289491057396,0.43135181069374084,-0.37122705578804016,0.6409274339675903,0.99967360496521,0.029359592124819756,0.5723295211791992,-0.24705734848976135,0.4851575195789337,0.9977872371673584,0.04871606454253197,0.44806498289108276,-0.4373367428779602,0.5993473529815674,0.9990652203559875
22,748,True,0.3962036073207855,0.33880504965782166,0.3181183636188507,0.9955098032951355,0.9999580383300781,0.3856796622276306,0.3366532325744629,0.33624088764190674,0.9954820871353149,0.9999309778213501,0.38305044174194336,0.33722251653671265,0.336322158575058,0.9948999881744385,0.9999216794967651,0.38049066066741943,0.3377908170223236,0.3363910913467407,0.9969070553779602,0.9999065399169922,0.3895217478275299,0.33461207151412964,0.30022844672203064,0.997372031211853,0.9999468326568604,0.3891535997390747,0.33456212282180786,0.2998621165752411,0.9978289604187012,0.9999483823776245,0.38907721638679504,0.33424216508865356,0.29995572566986084,0.9983247518539429,0.9999475479125977,0.36903107166290283,0.3437994420528412,0.36950355768203735,0.9978199601173401,0.9998607635498047,0.3818952441215515,0.3386024832725525,0.202992781996727,0.998725950717926,0.9999384880065918,0.39084434509277344,0.34526124596595764,0.32989010214805603,0.9936813116073608,0.9997658133506775,0.3949658274650574,0.3453409671783447,0.28204140067100525,0.9948431849479675,0.9998328685760498,0.36053550243377686,0.37225815653800964,0.3802822530269623,0.9974712133407593,0.9995191097259521,0.3868337869644165,0.3539406657218933,0.06233793869614601,0.9998298287391663,0.9999415874481201,0.36668044328689575,0.36431387066841125,0.47007086873054504,0.3486761152744293,0.9999351501464844,0.4217846393585205,0.31483814120292664,0.05864374339580536,0.9613856673240662,0.9999873638153076,0.3757087290287018,0.30451279878616333,0.5594853162765503,0.34501320123672485,0.9997616410255432,0.42889004945755005,0.2733913064002991,0.1948617547750473,0.720888078212738,0.9998250603675842,0.3863787353038788,0.2902081310749054,0.5840526819229126,0.30718696117401123,0.9996320009231567,0.44470277428627014,0.2614811658859253,0.19342295825481415,0.6326951384544373,0.9995678067207336,0.38835498690605164,0.2966359257698059,0.5589696764945984,0.3030794560909271,0.9995080232620239,0.43417853116989136,0.26426467299461365,0.21089236438274384,0.611865758895874,0.9995036125183105,0.3891892731189728,0.2971488833427429,0.5476921200752258,0.32566797733306885,0.9996657371520996,0.4225601255893707,0.2709709703922272,0.2052191197872162,0.6092422008514404,0.9996819496154785,0.3431083559989929,0.4653903543949127,0.08928550034761429,0.9685261249542236,0.9998782873153687,0.35193362832069397,0.4534982144832611,-0.08965444564819336,0.9847820401191711,0.9999430179595947,0.2843230664730072,0.5340626239776611,0.03672083094716072,0.5465413928031921,0.9997215867042542,0.2981612980365753,0.4899769723415375,-0.18030820786952972,0.8331541419029236,0.9998096823692322,0.15707196295261383,0.5567694902420044,-0.04073707386851311,0.4460824728012085,0.9994063377380371,0.1523704081773758,0.4673458933830261,-0.22747951745986938,0.6272250413894653,0.999725878238678,0.152639701962471,0.5600423812866211,-0.051298584789037704,0.5774068236351013,0.9992699027061462,0.13254164159297943,0.4522589147090912,-0.23154239356517792,0.6738572716712952,0.9997242093086243,0.12619391083717346,0.5865526795387268,-0.11375751346349716,0.5307186245918274,0.9981623291969299,0.09126231074333191,0.47465986013412476,-0.26517680287361145,0.6365751624107361,0.9993258714675903
23,782,True,0.39912763237953186,0.33569055795669556,0.16942426562309265,0.9959555864334106,0.9999867677688599,0.38791778683662415,0.3333100378513336,0.18346591293811798,0.9959269762039185,0.9999817609786987,0.38632693886756897,0.3338414132595062,0.18354125320911407,0.9954031109809875,0.9999796152114868,0.3844696879386902,0.3342408835887909,0.183574378490448,0.9972105622291565,0.999976634979248,0.39375004172325134,0.33204910159111023,0.14390839636325836,0.9976329803466797,0.9999831914901733,0.393190860748291,0.33357253670692444,0.14364928007125854,0.9980448484420776,0.9999817609786987,0.39299914240837097,0.33358100056648254,0.14374412596225739,0.9984902143478394,0.9999797344207764,0.37234488129615784,0.3419579863548279,0.21603721380233765,0.998034656047821,0.9999650716781616,0.3876152038574219,0.33800965547561646,0.03471153602004051,0.998851478099823,0.9999703168869019,0.3993767499923706,0.34189552068710327,0.18290750682353973,0.9942978024482727,0.9999369382858276,0.4058364927768707,0.3421820402145386,0.13072878122329712,0.9953474402427673,0.9999406337738037,0.3700803220272064,0.36827996373176575,0.2607556879520416,0.9977064728736877,0.9999179840087891,0.4077073037624359,0.3586468994617462,-0.10171007364988327,0.9998413920402527,0.9999620914459229,0.3850889801979065,0.3358093202114105,0.3176393210887909,0.3441101014614105,0.9999880790710449,0.4345717132091522,0.31210529804229736,-0.14352193474769592,0.9648200869560242,0.9999911785125732,0.3933386206626892,0.2865276634693146,0.348061740398407,0.3620815575122833,0.999891996383667,0.43113839626312256,0.2710932493209839,-0.10550859570503235,0.7473482489585876,0.9997549653053284,0.39740946888923645,0.277030885219574,0.35786867141723633,0.3313254415988922,0.9997994303703308,0.44815364480018616,0.2609212100505829,-0.12915964424610138,0.667015790939331,0.9994427561759949,0.40661269426345825,0.2778124213218689,0.3351823091506958,0.3273920714855194,0.999754011631012,0.4377337694168091,0.26330772042274475,-0.11362694948911667,0.6480718851089478,0.9994261264801025,0.4069719612598419,0.2792026102542877,0.33572378754615784,0.34610921144485474,0.9998262524604797,0.42732322216033936,0.2701836824417114,-0.09924785792827606,0.6443975567817688,0.9995889067649841,0.3768347501754761,0.4737311005592346,0.10269239544868469,0.9716724753379822,0.9999785423278809,0.39113596081733704,0.4636557698249817,-0.10276076942682266,0.9863014817237854,0.9999819993972778,0.33016836643218994,0.5481842756271362,0.09683476388454437,0.5762324333190918,0.9998806715011597,0.3542095124721527,0.5142772793769836,-0.14795033633708954,0.8455700278282166,0.9998562335968018,0.19959481060504913,0.581760585308075,0.08964460343122482,0.495204359292984,0.999618649482727,0.2114628106355667,0.48383116722106934,-0.10321478545665741,0.661736011505127,0.9997825026512146,0.18490490317344666,0.5764479637145996,0.08632207661867142,0.612784206867218,0.9994660019874573,0.19416895508766174,0.47143930196762085,-0.09828463941812515,0.7035319209098816,0.9997633099555969,0.15480247139930725,0.6068133115768433,0.02486223354935646,0.5727351307868958,0.9988366961479187,0.15916623175144196,0.4900785982608795,-0.13898473978042603,0.670693576335907,0.9995038509368896
24,816,True,0.40499237179756165,0.3364163637161255,0.17194879055023193,0.9963386058807373,0.9998821020126343,0.39501529932022095,0.3319416642189026,0.18755555152893066,0.9963067770004272,0.9998725652694702,0.3932275176048279,0.33466610312461853,0.18763312697410583,0.9958295226097107,0.9998651742935181,0.38834482431411743,0.3351792097091675,0.18763338029384613,0.9974709749221802,0.9998526573181152,0.39686673879623413,0.33184877038002014,0.14981813728809357,0.9978559613227844,0.9998774528503418,0.39644405245780945,0.3322969079017639,0.14958937466144562,0.9982277154922485,0.9998769760131836,0.3961212933063507,0.3322598338127136,0.14967748522758484,0.9986274838447571,0.9998723268508911,0.38026681542396545,0.34157225489616394,0.23347404599189758,0.9982141852378845,0.9998496770858765,0.38818177580833435,0.33860012888908386,0.06109935790300369,0.9989485144615173,0.9998741149902344,0.4047777056694031,0.34299778938293457,0.18951593339443207,0.9947934746742249,0.999748170375824,0.4092044532299042,0.3422010838985443,0.14011231064796448,0.9957229495048523,0.9997400641441345,0.38712137937545776,0.37787413597106934,0.2939586341381073,0.9978846907615662,0.9997645020484924,0.4147386848926544,0.3589570224285126,-0.0994056910276413,0.9998478293418884,0.999942421913147,0.4000605344772339,0.3823031187057495,0.3649108409881592,0.3188752233982086,0.9998040795326233,0.44064411520957947,0.3111187517642975,-0.19535906612873077,0.9671227931976318,0.9999672174453735,0.40934449434280396,0.38431161642074585,0.40295904874801636,0.3424280285835266,0.9996911287307739,0.43369564414024353,0.27210256457328796,-0.1589246541261673,0.7675673365592957,0.9994785189628601,0.4087788164615631,0.3856790363788605,0.4203808307647705,0.31724271178245544,0.999603807926178,0.4480117857456207,0.26362141966819763,-0.1934061497449875,0.6919416189193726,0.9988862872123718,0.4103948771953583,0.3849250078201294,0.39135605096817017,0.3137860894203186,0.9995443224906921,0.44006556272506714,0.26504209637641907,-0.16019560396671295,0.6741724014282227,0.9988234639167786,0.41173282265663147,0.3837016522884369,0.38965368270874023,0.3304285705089569,0.9996366500854492,0.4277815520763397,0.2692399322986603,-0.14782460033893585,0.6695396304130554,0.9991436004638672,0.4076237082481384,0.47832387685775757,0.12380129843950272,0.9744974970817566,0.9999343156814575,0.4167903959751129,0.4711543619632721,-0.1238892525434494,0.9876670241355896,0.9999722242355347,0.3942125141620636,0.5427250862121582,0.1698300838470459,0.562121570110321,0.9989494681358337,0.40454795956611633,0.5449050068855286,-0.139524906873703,0.8565051555633545,0.9995181560516357,0.2676960527896881,0.5405573844909668,0.2273988276720047,0.5054115653038025,0.9991201758384705,0.270825058221817,0.5361171960830688,-0.0870421826839447,0.6916609406471252,0.9996114373207092,0.2525117099285126,0.533702552318573,0.23166045546531677,0.6249727606773376,0.998997151851654,0.25308042764663696,0.524878203868866,-0.0801510289311409,0.729483962059021,0.999561607837677,0.2267310619354248,0.5562539100646973,0.2014058381319046,0.5863294005393982,0.9987849593162537,0.22515089809894562,0.5532503128051758,-0.116764597594738,0.6993298530578613,0.9993011951446533
25,850,True,0.4164521396160126,0.3351556360721588,0.2142823338508606,0.9967013001441956,0.9999914169311523,0.40829038619995117,0.3334651291370392,0.244731605052948,0.9966697692871094,0.9999898672103882,0.40598616003990173,0.3342511057853699,0.2448214590549469,0.9962378144264221,0.9999890327453613,0.4047608971595764,0.33458590507507324,0.24487926065921783,0.9977189898490906,0.9999876022338867,0.4072816073894501,0.3338485360145569,0.20129355788230896,0.9980683326721191,0.9999904632568359,0.40473809838294983,0.33449846506118774,0.2010379582643509,0.9984028935432434,0.9999901056289673,0.40356844663619995,0.3349223732948303,0.20116202533245087,0.9987627863883972,0.9999890327453613,0.39997583627700806,0.3420936167240143,0.3290037214756012,0.9983885288238525,0.9999845027923584,0.3948374390602112,0.33996009826660156,0.13429449498653412,0.9990513920783997,0.9999861717224121,0.4206348955631256,0.3421240448951721,0.2437983602285385,0.995293378829956,0.9999388456344604,0.4199015200138092,0.3420887887477875,0.18646949529647827,0.9961353540420532,0.999946117401123,0.41525179147720337,0.3727562427520752,0.3671729266643524,0.9980527758598328,0.9997798800468445,0.4132350981235504,0.36006996035575867,-0.024429848417639732,0.9998539686203003,0.9999294281005859,0.4209052622318268,0.3417484164237976,0.4344918429851532,0.309213250875473,0.999957799911499,0.43358632922172546,0.3184025287628174,-0.14598754048347473,0.9695919156074524,0.9999715089797974,0.4236934185028076,0.2957842946052551,0.4827239215373993,0.35043591260910034,0.9998077750205994,0.4271763265132904,0.2745676040649414,-0.10900283604860306,0.7875490784645081,0.9996846914291382,0.42517247796058655,0.285586953163147,0.49163949489593506,0.32768115401268005,0.999669075012207,0.43060049414634705,0.2655145227909088,-0.1399429440498352,0.7169731855392456,0.9993606209754944,0.42322537302970886,0.2878062129020691,0.47464853525161743,0.32355087995529175,0.9996122717857361,0.42731204628944397,0.2663115859031677,-0.111693374812603,0.7004706263542175,0.9993008375167847,0.4234860837459564,0.2897813320159912,0.4703728258609772,0.3406597077846527,0.9997206330299377,0.4234614968299866,0.2708650529384613,-0.09908365458250046,0.6952234506607056,0.9995108842849731,0.4434092342853546,0.47000718116760254,0.13601353764533997,0.9770450592041016,0.9999537467956543,0.4383567273616791,0.4661623537540436,-0.135940283536911,0.988898515701294,0.9999794960021973,0.47266119718551636,0.5408282279968262,0.10905630141496658,0.5722491145133972,0.9997950196266174,0.4723733365535736,0.5458319783210754,-0.18708214163780212,0.8691689968109131,0.9998815059661865,0.352180153131485,0.5697880983352661,0.13261543214321136,0.5339658260345459,0.9998335838317871,0.35262632369995117,0.5715596675872803,-0.19801412522792816,0.7208362817764282,0.9998797178268433,0.32953208684921265,0.5654683113098145,0.128644660115242,0.6497781276702881,0.999797523021698,0.3296445310115814,0.5634204149246216,-0.19884541630744934,0.7545989155769348,0.9998610019683838,0.329527884721756,0.5968447923660278,0.08836806565523148,0.6153993606567383,0.9995219707489014,0.3207803964614868,0.6028594970703125,-0.25154048204421997,0.7276888489723206,0.9996405839920044
26,884,True,0.4216253459453583,0.3395410180091858,-0.045698776841163635,0.9970285296440125,0.9999716281890869,0.41176265478134155,0.338365763425827,-0.024707801640033722,0.9969978332519531,0.9999687671661377,0.4109383821487427,0.33868706226348877,-0.024672428146004677,0.9966071248054504,0.9999673366546631,0.41026467084884644,0.3387739062309265,-0.024677438661456108,0.9979428052902222,0.9999643564224243,0.41066378355026245,0.33871379494667053,-0.0720817968249321,0.998259425163269,0.999967098236084,0.40912479162216187,0.3391841948032379,-0.07224748283624649,0.9985604882240295,0.9999639987945557,0.407744824886322,0.33941370248794556,-0.07217233628034592,0.9988842606544495,0.9999587535858154,0.4031396210193634,0.34723296761512756,0.07302336394786835,0.9985461235046387,0.9999538660049438,0.39905303716659546,0.34533625841140747,-0.14179275929927826,0.9991437196731567,0.9999347925186157,0.4258548617362976,0.34658169746398926,-0.006994875147938728,0.9957491159439087,0.9997542500495911,0.4239824414253235,0.3467645049095154,-0.06901130080223083,0.9965105652809143,0.9997499585151672,0.4248456656932831,0.3698985278606415,0.18463179469108582,0.9981111884117126,0.9991538524627686,0.4161413311958313,0.36335137486457825,-0.2570953369140625,0.9998070001602173,0.9993958473205566,0.42559656500816345,0.3272363841533661,0.25710350275039673,0.30993419885635376,0.9998002648353577,0.43254554271698,0.32116931676864624,-0.3974127173423767,0.9721323251724243,0.9998173117637634,0.4319068193435669,0.28627490997314453,0.23054718971252441,0.3645090162754059,0.9988223910331726,0.410639226436615,0.2809184193611145,-0.3813560903072357,0.8067324757575989,0.9986431002616882,0.4309958219528198,0.27489617466926575,0.2270614206790924,0.345404714345932,0.998458981513977,0.4072714149951935,0.2710033655166626,-0.4254142642021179,0.7416744232177734,0.9979674220085144,0.4287705719470978,0.2784455418586731,0.20052534341812134,0.3417452871799469,0.998144268989563,0.40870457887649536,0.27100712060928345,-0.40288245677948,0.7266257405281067,0.9977731108665466,0.42927759885787964,0.28022870421409607,0.2123042494058609,0.35863056778907776,0.998350977897644,0.4104786813259125,0.2762051224708557,-0.37423035502433777,0.7206907272338867,0.9980818033218384,0.4756181836128235,0.4748862385749817,0.14058053493499756,0.9793292880058289,0.9998655319213867,0.4647933840751648,0.4754713475704193,-0.14046743512153625,0.9899958968162537,0.9998924732208252,0.5307393074035645,0.542610228061676,0.17623843252658844,0.5717650651931763,0.9994487166404724,0.5370585918426514,0.5468940138816833,-0.16728094220161438,0.8806114792823792,0.9995123147964478,0.4301827847957611,0.5754770636558533,0.27191781997680664,0.5609303712844849,0.999638557434082,0.42609459161758423,0.5805662870407104,-0.0478472076356411,0.7472108602523804,0.9996497631072998,0.40760087966918945,0.5804185271263123,0.2776060104370117,0.6695781350135803,0.9995993971824646,0.40439143776893616,0.5786730051040649,-0.035557821393013,0.77651447057724,0.9996566772460938,0.425942063331604,0.6057375073432922,0.24091820418834686,0.6405211091041565,0.9992551207542419,0.42764440178871155,0.61323082447052,-0.07233365625143051,0.7531282901763916,0.9993454813957214
27,918,True,0.4210401177406311,0.3408699929714203,-0.06828629225492477,0.9973244667053223,0.9999855756759644,0.4113430380821228,0.3407538831233978,-0.04620521515607834,0.9972958564758301,0.9999850988388062,0.41102591156959534,0.3410174250602722,-0.046190422028303146,0.9969430565834045,0.999984860420227,0.41069158911705017,0.34113049507141113,-0.046207163482904434,0.9981465935707092,0.9999839067459106,0.4101412892341614,0.3411329984664917,-0.0956190675497055,0.998432457447052,0.9999829530715942,0.40890994668006897,0.3416450619697571,-0.09576323628425598,0.9987032413482666,0.999981164932251,0.4076288938522339,0.34197553992271423,-0.09569937735795975,0.9989947080612183,0.9999779462814331,0.4059397280216217,0.3503365218639374,0.06007861718535423,0.9986899495124817,0.9999825954437256,0.4014686942100525,0.3505406379699707,-0.16344796121120453,0.9992281198501587,0.9999692440032959,0.42679035663604736,0.3471001088619232,-0.026369573548436165,0.9961678385734558,0.9998793601989746,0.4248974323272705,0.3475787937641144,-0.090962715446949,0.996854305267334,0.9998670816421509,0.43330416083335876,0.37273088097572327,0.19017355144023895,0.9981945157051086,0.9995191097259521,0.4240570366382599,0.36910557746887207,-0.28061482310295105,0.9997713565826416,0.9995068311691284,0.43859440088272095,0.32540053129196167,0.2523731589317322,0.3221006691455841,0.9998193383216858,0.4294254183769226,0.32265952229499817,-0.4129166901111603,0.9744541049003601,0.9997938275337219,0.4344412088394165,0.2849343717098236,0.20190970599651337,0.3884817063808441,0.9991554021835327,0.4128490388393402,0.2830723822116852,-0.37253105640411377,0.8237333297729492,0.9990468621253967,0.4338456392288208,0.2729020416736603,0.19651035964488983,0.3696290850639343,0.9988221526145935,0.40385425090789795,0.27251750230789185,-0.4198775887489319,0.7630637288093567,0.9985598921775818,0.43118900060653687,0.27505427598953247,0.1701067090034485,0.36611098051071167,0.9986401200294495,0.399888277053833,0.2762502431869507,-0.3928077816963196,0.7492175102233887,0.9984672665596008,0.4326746165752411,0.27859923243522644,0.18286427855491638,0.38275158405303955,0.998823344707489,0.4034976065158844,0.280732661485672,-0.36361172795295715,0.7430304884910583,0.9987301230430603,0.5113019943237305,0.48133140802383423,0.1511075794696808,0.9813854098320007,0.9998743534088135,0.5008877515792847,0.48268088698387146,-0.1508525162935257,0.9909845590591431,0.9998878240585327,0.5869089365005493,0.5435817837715149,0.2110140323638916,0.5740039348602295,0.9995377063751221,0.5894457101821899,0.5498884916305542,-0.15836045145988464,0.891497015953064,0.9994925260543823,0.5253877639770508,0.5916110277175903,0.31692978739738464,0.5868610143661499,0.9995755553245544,0.5195115208625793,0.5977151393890381,-0.012574710883200169,0.7712573409080505,0.9995883107185364,0.4995170533657074,0.594333291053772,0.3233886659145355,0.6894834041595459,0.9994818568229675,0.4926779866218567,0.5964612364768982,0.0018927128985524178,0.7967888116836548,0.9995871186256409,0.5313003063201904,0.6280018091201782,0.28214600682258606,0.664268434047699,0.9991419315338135,0.5305884480476379,0.6399248242378235,-0.037649206817150116,0.7761650681495667,0.9992688298225403
28,952,True,0.4239678978919983,0.3405337929725647,-0.076710045337677,0.9975878596305847,0.9999369382858276,0.4149641990661621,0.3401985764503479,-0.050977807492017746,0.9975588917732239,0.999909520149231,0.41515052318573,0.34056612849235535,-0.050950054079294205,0.9972357749938965,0.9999028444290161,0.41524696350097656,0.34085461497306824,-0.05093095451593399,0.9983241558074951,0.9998900890350342,0.4129161536693573,0.3407783806324005,-0.09387049078941345,0.99858558177948,0.9999147653579712,0.4115566313266754,0.34157031774520874,-0.09396247565746307,0.9988284111022949,0.9999128580093384,0.4100916087627411,0.34225010871887207,-0.09390228241682053,0.9990915656089783,0.9999018907546997,0.4145362079143524,0.35040515661239624,0.0641326755285263,0.9988144040107727,0.9998745918273926,0.4060930609703064,0.352250874042511,-0.1280900537967682,0.9993016123771667,0.9998737573623657,0.43128809332847595,0.34602710604667664,-0.03250860050320625,0.9965381622314453,0.9996901750564575,0.428164541721344,0.3465093970298767,-0.08844299614429474,0.9971596598625183,0.999729573726654,0.45022302865982056,0.3727092444896698,0.18151937425136566,0.9981873035430908,0.997505247592926,0.43021273612976074,0.3692186176776886,-0.24881352484226227,0.9997286200523376,0.9986187219619751,0.4494478404521942,0.3263351321220398,0.22556453943252563,0.35306695103645325,0.9991003274917603,0.4279555082321167,0.32396504282951355,-0.4054030179977417,0.9768529534339905,0.9992237091064453,0.43783149123191833,0.2828604280948639,0.18744203448295593,0.4216752052307129,0.9955006241798401,0.41070446372032166,0.28175634145736694,-0.361303448677063,0.8401849865913391,0.9971357583999634,0.4357123374938965,0.2741343677043915,0.17875885963439941,0.39829221367836,0.9930375218391418,0.403534471988678,0.2734113335609436,-0.405428022146225,0.7836601138114929,0.994668185710907,0.43190884590148926,0.2751137614250183,0.1572016030550003,0.394604355096817,0.9922603964805603,0.4029098153114319,0.27611687779426575,-0.3803073465824127,0.7708520293235779,0.9943413734436035,0.4330573081970215,0.2791000008583069,0.17039072513580322,0.4123688340187073,0.9932496547698975,0.4055647552013397,0.2791901230812073,-0.35359862446784973,0.7646979689598083,0.9957345128059387,0.5311750173568726,0.4777761399745941,0.13955898582935333,0.9831686615943909,0.9978265166282654,0.5165858864784241,0.4793075621128082,-0.13935835659503937,0.9918123483657837,0.9980146884918213,0.6028178334236145,0.5326652526855469,0.11744382977485657,0.5762454867362976,0.9943135976791382,0.5976419448852539,0.5358942151069641,-0.1907372623682022,0.9005199670791626,0.9954110980033875,0.6082906723022461,0.6118186712265015,0.1661142259836197,0.5996811389923096,0.9926971793174744,0.6096842288970947,0.6278307437896729,-0.1360061913728714,0.7913306355476379,0.9863443374633789,0.5898727178573608,0.6287060976028442,0.1689571738243103,0.6980490684509277,0.9900746941566467,0.5974536538124084,0.6387056112289429,-0.13409459590911865,0.8097747564315796,0.9822145104408264,0.641741156578064,0.6379587054252625,0.11062230914831161,0.6755524277687073,0.9859166741371155,0.6315712332725525,0.6558884382247925,-0.15181627869606018,0.7940346598625183,0.9743159413337708
29,986,True,0.4281545877456665,0.3425818979740143,-0.11801797151565552,0.9978200197219849,0.9999278783798218,0.41992872953414917,0.34183868765830994,-0.09308154135942459,0.9977908730506897,0.9999148845672607,0.42013880610466003,0.3420352339744568,-0.09306992590427399,0.997490644454956,0.9999115467071533,0.42030927538871765,0.3421396017074585,-0.09306950867176056,0.998478889465332,0.999902606010437,0.4180105924606323,0.3427433967590332,-0.1383790373802185,0.9987194538116455,0.9999141693115234,0.41498565673828125,0.34402331709861755,-0.13854768872261047,0.998934805393219,0.9999092817306519,0.4139389395713806,0.344679057598114,-0.1385568231344223,0.9991743564605713,0.9998971223831177,0.41985392570495605,0.35128164291381836,0.024411125108599663,0.9989152550697327,0.9998977184295654,0.41405627131462097,0.3536793887615204,-0.17875830829143524,0.9993600249290466,0.999854326248169,0.43668946623802185,0.3477213382720947,-0.07204563170671463,0.9968604445457458,0.9997499585151672,0.4344102740287781,0.3485012352466583,-0.13107359409332275,0.9974198341369629,0.9997281432151794,0.4560701251029968,0.3731514811515808,0.14836165308952332,0.9982357621192932,0.9992235898971558,0.43520456552505493,0.3724117875099182,-0.2891225218772888,0.999666154384613,0.9988308548927307,0.4538748860359192,0.3253885507583618,0.20382580161094666,0.3706493377685547,0.9994438290596008,0.42739707231521606,0.3277207612991333,-0.46649277210235596,0.978760838508606,0.9990253448486328,0.43947821855545044,0.28251975774765015,0.14565040171146393,0.4460568428039551,0.9970319271087646,0.4128275513648987,0.2802031636238098,-0.4734085500240326,0.8543247580528259,0.9950234889984131,0.4365914762020111,0.2762301564216614,0.135077565908432,0.42086607217788696,0.9956774115562439,0.40637364983558655,0.27234506607055664,-0.526344358921051,0.8012236952781677,0.9926896691322327,0.4337025582790375,0.27517715096473694,0.11110066622495651,0.41745680570602417,0.9952502250671387,0.4080958366394043,0.2749764323234558,-0.5021176338195801,0.7893028259277344,0.9927152991294861,0.4358059763908386,0.2786974608898163,0.12741869688034058,0.4355606138706207,0.9956839084625244,0.41045933961868286,0.2785138785839081,-0.46697527170181274,0.7827491760253906,0.993694007396698,0.5612114071846008,0.47102227807044983,0.13511483371257782,0.984813392162323,0.9995179176330566,0.5422051548957825,0.4754563868045807,-0.13492543995380402,0.9925928711891174,0.9994810223579407,0.6285210847854614,0.5288345813751221,0.157345712184906,0.5937990546226501,0.9988024234771729,0.6317497491836548,0.5438569784164429,-0.13499709963798523,0.9092839360237122,0.998241662979126,0.6960108876228333,0.5872315168380737,0.2577797472476959,0.6258832216262817,0.9980814456939697,0.6574442386627197,0.6201899647712708,-0.029780006036162376,0.8100180625915527,0.9965113997459412,0.6957992315292358,0.6071691513061523,0.26168093085289,0.712872326374054,0.9973168969154358,0.6510838866233826,0.6308655738830566,-0.024167919531464577,0.8228304386138916,0.9956454038619995,0.7480612993240356,0.5997700691223145,0.16602705419063568,0.6964761018753052,0.9963550567626953,0.7023108601570129,0.6382874250411987,-0.13522040843963623,0.8111932873725891,0.9944986701011658
30,1020,True,0.42421695590019226,0.34815430641174316,-0.0818973034620285,0.9980229735374451,0.9998630285263062,0.41824954748153687,0.34829181432724,-0.07606548815965652,0.99798983335495,0.9998233914375305,0.41826045513153076,0.34848135709762573,-0.07612523436546326,0.9977099895477295,0.99982088804245,0.41815534234046936,0.34858086705207825,-0.07617586851119995,0.9986090064048767,0.9998080134391785,0.41777369379997253,0.3488980531692505,-0.10124124586582184,0.9988327026367188,0.9998034834861755,0.41692936420440674,0.3495781421661377,-0.10137121379375458,0.9990202188491821,0.9997839331626892,0.41671088337898254,0.3500603437423706,-0.10139713436365128,0.999238133430481,0.9997503161430359,0.4209316372871399,0.35634785890579224,-0.04270358383655548,0.9989951252937317,0.9997724890708923,0.42363739013671875,0.35736870765686035,-0.1528526246547699,0.9993906617164612,0.9996453523635864,0.43427687883377075,0.3514149785041809,-0.06440986692905426,0.9971358776092529,0.9996102452278137,0.4340684711933136,0.35202011466026306,-0.09719680994749069,0.9976272583007812,0.9995031356811523,0.44812333583831787,0.3756003677845001,0.01607447862625122,0.9982924461364746,0.9993752837181091,0.4653024971485138,0.3677422106266022,-0.24114570021629333,0.9996288418769836,0.998902440071106,0.43520525097846985,0.3335305452346802,0.017846275120973587,0.40429210662841797,0.9997114539146423,0.44415292143821716,0.3262442648410797,-0.3618931174278259,0.9797632694244385,0.9993395209312439,0.433029443025589,0.28808945417404175,-0.05199994519352913,0.4839690625667572,0.9981727600097656,0.4154649078845978,0.28019338846206665,-0.4506969749927521,0.8667395710945129,0.9971346855163574,0.4231783151626587,0.28195977210998535,-0.07419508695602417,0.4587724804878235,0.996577799320221,0.4107440412044525,0.27171677350997925,-0.5146182775497437,0.8174164295196533,0.9953755140304565,0.4260548949241638,0.28170841932296753,-0.10188525170087814,0.4555399417877197,0.996566891670227,0.4107057750225067,0.2762846350669861,-0.4970535635948181,0.806437611579895,0.9957596659660339,0.4336640536785126,0.2840684652328491,-0.06944393366575241,0.47212526202201843,0.9972165822982788,0.4127991497516632,0.27905285358428955,-0.449759304523468,0.7994007468223572,0.996439516544342,0.5495248436927795,0.4702610373497009,0.0924285277724266,0.9863027930259705,0.9997627139091492,0.5544708967208862,0.4699353575706482,-0.09223122149705887,0.9933075308799744,0.9997335076332092,0.62052983045578,0.5244634747505188,0.17787174880504608,0.6038251519203186,0.9979802966117859,0.624714732170105,0.5328918099403381,-0.0035841800272464752,0.9155929088592529,0.9977098703384399,0.6862382888793945,0.5836727619171143,0.35748493671417236,0.6386475563049316,0.9949265718460083,0.663188636302948,0.5925079584121704,0.15999574959278107,0.8231160640716553,0.9928436875343323,0.6890808939933777,0.5887373089790344,0.3728621304035187,0.7139331102371216,0.9933997392654419,0.6645010113716125,0.6017292737960815,0.17362423241138458,0.8277679085731506,0.9908818006515503,0.7185177206993103,0.5659801959991455,0.2990841567516327,0.7033770084381104,0.9930371642112732,0.6912899613380432,0.6043422222137451,0.07690522074699402,0.8204529881477356,0.9905266761779785
31,1054,True,0.43269118666648865,0.34966251254081726,-0.1844736486673355,0.9981999397277832,0.9998111128807068,0.4262903034687042,0.35155126452445984,-0.16984885931015015,0.9981591105461121,0.9997333884239197,0.4262515902519226,0.35165297985076904,-0.16992002725601196,0.9978846311569214,0.9997164607048035,0.4259849190711975,0.351605087518692,-0.1699780970811844,0.9987154006958008,0.9996905326843262,0.42649728059768677,0.3528066575527191,-0.20286980271339417,0.9989299774169922,0.9997172951698303,0.42652782797813416,0.3537493646144867,-0.20299184322357178,0.9990854263305664,0.9996961355209351,0.42639589309692383,0.35445016622543335,-0.20303499698638916,0.9992904663085938,0.9996486902236938,0.4314427375793457,0.3595525324344635,-0.09490494430065155,0.9990416765213013,0.999589741230011,0.43331700563430786,0.3626173436641693,-0.24430492520332336,0.9994055032730103,0.9994286894798279,0.4407302439212799,0.3538116216659546,-0.15289895236492157,0.9973737597465515,0.9994475245475769,0.44373947381973267,0.35459378361701965,-0.19622747600078583,0.9978004097938538,0.9993308782577515,0.4659751057624817,0.37465110421180725,-0.01009097695350647,0.9982658624649048,0.9983426332473755,0.4729379117488861,0.3729683458805084,-0.3314913809299469,0.9995931386947632,0.9979173541069031,0.4377637505531311,0.33370956778526306,-0.01163550652563572,0.43594080209732056,0.999483585357666,0.4518894553184509,0.3289249539375305,-0.48025113344192505,0.9810475707054138,0.9991346001625061,0.4259335398674011,0.28872793912887573,-0.1140998974442482,0.5220595598220825,0.997969925403595,0.4157584011554718,0.28189730644226074,-0.5743302702903748,0.8784136176109314,0.997711181640625,0.4199506640434265,0.2830759584903717,-0.14106498658657074,0.495962917804718,0.9963842630386353,0.413127064704895,0.2758837044239044,-0.6461763978004456,0.8322409987449646,0.9965279698371887,0.42569032311439514,0.28291457891464233,-0.16796468198299408,0.4933711886405945,0.9963345527648926,0.41259223222732544,0.27708274126052856,-0.6248056292533875,0.822090208530426,0.9967896342277527,0.4283740222454071,0.28474313020706177,-0.13355283439159393,0.5082139372825623,0.9971237778663635,0.4140681028366089,0.279302179813385,-0.5715165138244629,0.8144538998603821,0.9973070621490479,0.5650036334991455,0.4666222631931305,0.09680117666721344,0.9875844717025757,0.9989821314811707,0.5645805597305298,0.46581751108169556,-0.0967603549361229,0.9939390420913696,0.999231219291687,0.624645471572876,0.476630300283432,0.20009563863277435,0.6024871468544006,0.9949996471405029,0.608784019947052,0.5310026407241821,-0.0810314267873764,0.9229236841201782,0.996732234954834,0.6815267205238342,0.5020303726196289,0.4607827961444855,0.631036102771759,0.9920129179954529,0.6188136339187622,0.6028293371200562,0.07764193415641785,0.83762127161026,0.9880407452583313,0.6813998818397522,0.5109519958496094,0.4851919412612915,0.7007554173469543,0.991731584072113,0.6276267170906067,0.6093512773513794,0.09040968865156174,0.8327375054359436,0.9841959476470947,0.7163527011871338,0.49409738183021545,0.4325062930583954,0.6972054243087769,0.9922019243240356,0.647958517074585,0.6111800074577332,-0.028316985815763474,0.8322246074676514,0.9841646552085876
32,1088,True,0.44317418336868286,0.3491893410682678,-0.2080449014902115,0.998293936252594,0.9991002082824707,0.43791380524635315,0.3507077097892761,-0.20514312386512756,0.998105525970459,0.9986476302146912,0.437822163105011,0.3507939577102661,-0.20513716340065002,0.9979516863822937,0.9985204339027405,0.43748316168785095,0.35088983178138733,-0.2051207274198532,0.9986279606819153,0.998387336730957,0.43848446011543274,0.3517415225505829,-0.22644399106502533,0.9989156126976013,0.9987216591835022,0.4387968182563782,0.35250669717788696,-0.22652867436408997,0.9990650415420532,0.998648464679718,0.43878546357154846,0.3531653881072998,-0.22650930285453796,0.9991961121559143,0.9985122084617615,0.4430792033672333,0.3581438660621643,-0.1706714779138565,0.9987639784812927,0.9969473481178284,0.4486190378665924,0.3606320321559906,-0.267000287771225,0.9993230700492859,0.9968934059143066,0.4482741057872772,0.3528417944908142,-0.19043776392936707,0.9972100257873535,0.9953460097312927,0.4513920545578003,0.3552631735801697,-0.21825940907001495,0.9975743293762207,0.9951663017272949,0.46714210510253906,0.3757559657096863,-0.10602594912052155,0.9972779154777527,0.9909096360206604,0.48753607273101807,0.3690173029899597,-0.3193972706794739,0.9992961883544922,0.9911632537841797,0.43040895462036133,0.3365200161933899,-0.12409129738807678,0.43460574746131897,0.9996017813682556,0.4550056457519531,0.3283517360687256,-0.42133086919784546,0.9797323942184448,0.9994379878044128,0.424929141998291,0.290420800447464,-0.20905882120132446,0.5285174250602722,0.9978741407394409,0.417367160320282,0.28212863206863403,-0.4992693066596985,0.8859753012657166,0.9984205961227417,0.41326141357421875,0.2832943797111511,-0.23467284440994263,0.504432737827301,0.99604332447052,0.41478049755096436,0.276960551738739,-0.5559259057044983,0.8413957357406616,0.9974365830421448,0.4220404028892517,0.2841337025165558,-0.26286280155181885,0.5024585723876953,0.9959332346916199,0.4137292206287384,0.2772049605846405,-0.5480766892433167,0.8320086002349854,0.9974591135978699,0.42396774888038635,0.2858254313468933,-0.22589318454265594,0.5150121450424194,0.9968401193618774,0.41452518105506897,0.2791188061237335,-0.5008112788200378,0.8230599761009216,0.9979425072669983,0.5709545612335205,0.4515342712402344,0.07103807479143143,0.9886932373046875,0.9990013241767883,0.5752766728401184,0.4609068036079407,-0.07114498317241669,0.9944968223571777,0.999090313911438,0.5549705028533936,0.40585359930992126,0.11789682507514954,0.5957111120223999,0.9967543482780457,0.5715516209602356,0.48683756589889526,-0.10801540315151215,0.9205930233001709,0.992516815662384,0.554196834564209,0.34662848711013794,0.16243991255760193,0.6428403854370117,0.992202877998352,0.5571722388267517,0.5084336996078491,-0.009488393552601337,0.8275343179702759,0.9897575378417969,0.5497793555259705,0.34153681993484497,0.16382277011871338,0.7086076140403748,0.9878985285758972,0.5542027950286865,0.5112468600273132,-0.0025368353817611933,0.8148733377456665,0.9849570393562317,0.5790097117424011,0.31360289454460144,0.11443626880645752,0.7069501280784607,0.98842853307724,0.5559584498405457,0.5039860010147095,-0.09232009947299957,0.8246783018112183,0.9882904291152954
33,1122,True,0.44285932183265686,0.3461892902851105,-0.17512884736061096,0.998418927192688,0.9996945858001709,0.4378461241722107,0.3472389280796051,-0.17385737597942352,0.9982212781906128,0.9994383454322815,0.43666577339172363,0.3472106158733368,-0.17383037507534027,0.9980944991111755,0.999393105506897,0.43660739064216614,0.34740370512008667,-0.1737634390592575,0.9986892938613892,0.999319314956665,0.4373866319656372,0.34772658348083496,-0.18998104333877563,0.9989660978317261,0.9994736313819885,0.4375026226043701,0.3484489917755127,-0.19002899527549744,0.9991042017936707,0.9994404911994934,0.4389559030532837,0.34880027174949646,-0.18997366726398468,0.9992115497589111,0.9993853569030762,0.44382384419441223,0.3546685576438904,-0.14972957968711853,0.9987201690673828,0.9986943602561951,0.4455099403858185,0.3558652400970459,-0.22088712453842163,0.9992848634719849,0.9988351464271545,0.4486883878707886,0.35021618008613586,-0.16159185767173767,0.9972867965698242,0.9981071949005127,0.45026105642318726,0.35210084915161133,-0.18208448588848114,0.9976152777671814,0.998105525970459,0.46709713339805603,0.3753345012664795,-0.09306004643440247,0.9967902898788452,0.9895648956298828,0.4811032712459564,0.36723190546035767,-0.2586894631385803,0.9989808201789856,0.9935876131057739,0.4316027760505676,0.329600989818573,-0.13009245693683624,0.44891953468322754,0.9994640946388245,0.45251718163490295,0.3265148997306824,-0.36210423707962036,0.9680094122886658,0.9995920062065125,0.42486995458602905,0.285224974155426,-0.2191711664199829,0.5415985584259033,0.9985771179199219,0.41233035922050476,0.2858397960662842,-0.41507482528686523,0.8856526613235474,0.9992378950119019,0.41344600915908813,0.2803971767425537,-0.2500668168067932,0.5146822929382324,0.99692302942276,0.4105692505836487,0.2791067063808441,-0.47218626737594604,0.8423924446105957,0.9984273910522461,0.42392727732658386,0.28355103731155396,-0.275665283203125,0.5129560828208923,0.9969040751457214,0.4115152657032013,0.278071790933609,-0.46949368715286255,0.8339666128158569,0.9984948635101318,0.42277294397354126,0.28194940090179443,-0.23510189354419708,0.5238605737686157,0.9977743029594421,0.41414493322372437,0.2797383666038513,-0.4194980263710022,0.8244770169258118,0.9988679885864258,0.5849313735961914,0.44007834792137146,0.05035343021154404,0.9895070791244507,0.9968777894973755,0.5961155295372009,0.4448276460170746,-0.050350431352853775,0.9948824644088745,0.998145580291748,0.5354008078575134,0.3655315935611725,0.01840946450829506,0.5724518299102783,0.9937983155250549,0.5469250679016113,0.3910655081272125,-0.1066107526421547,0.8914088010787964,0.9937624335289001,0.5279695391654968,0.29671669006347656,0.06927193701267242,0.6284055709838867,0.992186427116394,0.5190219283103943,0.3465408980846405,-0.019298028200864792,0.8025031089782715,0.9943788647651672,0.518165647983551,0.2894422113895416,0.07015660405158997,0.6925721168518066,0.98946613073349,0.5156542062759399,0.3428467810153961,-0.01506936177611351,0.7972502112388611,0.9931116104125977,0.4762633740901947,0.2622889280319214,-0.0077867950312793255,0.6927930116653442,0.9928144812583923,0.49988898634910583,0.3172478973865509,-0.10521185398101807,0.8023391366004944,0.9945545196533203
34,1156,True,0.44659456610679626,0.3582254946231842,-0.3781973421573639,0.9984567761421204,0.9990367889404297,0.4426189064979553,0.36010199785232544,-0.38906702399253845,0.9982414841651917,0.9981635212898254,0.4384458661079407,0.362224817276001,-0.3890741169452667,0.9981437921524048,0.9979898929595947,0.4375442862510681,0.3626401424407959,-0.38907551765441895,0.9986558556556702,0.9977641105651855,0.44467321038246155,0.35969412326812744,-0.4048708975315094,0.9989408850669861,0.9981902241706848,0.44537946581840515,0.3598547875881195,-0.4049012064933777,0.9990785717964172,0.9980019927024841,0.44871950149536133,0.35850250720977783,-0.4048266112804413,0.9991459846496582,0.9977449178695679,0.44603386521339417,0.36879903078079224,-0.3796563446521759,0.998555600643158,0.9942482709884644,0.4579649567604065,0.36375099420547485,-0.45117536187171936,0.9990922808647156,0.994318425655365,0.4540778696537018,0.36236557364463806,-0.36730945110321045,0.9972522258758545,0.9947792291641235,0.45883530378341675,0.36108189821243286,-0.3879215121269226,0.9975347518920898,0.9945684671401978,0.46148383617401123,0.3812651038169861,-0.26012691855430603,0.9960305094718933,0.9773187041282654,0.5061377882957458,0.36720559000968933,-0.41819682717323303,0.9984868168830872,0.9863685965538025,0.42906272411346436,0.3368893265724182,-0.23630207777023315,0.4732106328010559,0.9988899827003479,0.4608464241027832,0.32645004987716675,-0.4500681161880493,0.9613596200942993,0.9990630745887756,0.42324715852737427,0.29297009110450745,-0.3192536234855652,0.5676855444908142,0.9969583749771118,0.4124901592731476,0.2888949513435364,-0.5185633897781372,0.8902040123939514,0.9983816146850586,0.40663397312164307,0.2830968499183655,-0.3609253764152527,0.5392264723777771,0.9944932460784912,0.40932172536849976,0.28363895416259766,-0.5922282338142395,0.8492979407310486,0.9973010420799255,0.42143571376800537,0.28581032156944275,-0.40399327874183655,0.5377918481826782,0.9939190149307251,0.4108787178993225,0.2821601629257202,-0.6005010604858398,0.8418200612068176,0.9973715543746948,0.4160391390323639,0.2846888303756714,-0.3431910276412964,0.5480350852012634,0.9951980710029602,0.4099123179912567,0.28600993752479553,-0.5286158919334412,0.8323745131492615,0.9977838397026062,0.5714734196662903,0.4343387484550476,0.05286506190896034,0.9897119998931885,0.9754210114479065,0.5971869826316833,0.4257476329803467,-0.052622392773628235,0.994708240032196,0.9815461039543152,0.5181176662445068,0.36375880241394043,-0.043095748871564865,0.5360400080680847,0.9840351939201355,0.5371614694595337,0.34534817934036255,-0.12408176064491272,0.8578925132751465,0.9891128540039062,0.48307541012763977,0.29702404141426086,0.073219433426857,0.6039949059486389,0.9921448826789856,0.5104345679283142,0.283338338136673,-0.02674439735710621,0.7862844467163086,0.9949032068252563,0.4835144579410553,0.28588539361953735,0.07957305014133453,0.6637136340141296,0.9908090829849243,0.5095246434211731,0.276069313287735,-0.02277800254523754,0.7812314629554749,0.994246780872345,0.43580949306488037,0.2761737108230591,-0.06827499717473984,0.6782844662666321,0.9913182258605957,0.489941269159317,0.257057249546051,-0.18221864104270935,0.7941882610321045,0.9933962225914001
35,1190,True,0.47105690836906433,0.36488109827041626,-0.5543912649154663,0.9984590411186218,0.9994088411331177,0.4637622535228729,0.3676040768623352,-0.5794286727905273,0.9982196092605591,0.9985235333442688,0.461899995803833,0.36812645196914673,-0.5794673562049866,0.998134434223175,0.9983217120170593,0.4603109061717987,0.3684084713459015,-0.5794886946678162,0.9985557198524475,0.9980605244636536,0.47164788842201233,0.36538490653038025,-0.5868263840675354,0.998856782913208,0.9985184073448181,0.4738195538520813,0.36502498388290405,-0.5868505239486694,0.998988926410675,0.9982635378837585,0.4794178307056427,0.3629027307033539,-0.5867565274238586,0.9990131258964539,0.9979214072227478,0.4649057686328888,0.3754939138889313,-0.5819388031959534,0.9981976747512817,0.9945569038391113,0.4904741048812866,0.36780959367752075,-0.6154231429100037,0.998745322227478,0.9946687817573547,0.4717210531234741,0.3682350814342499,-0.543692409992218,0.9972773790359497,0.9972622394561768,0.4812001585960388,0.36504095792770386,-0.5532727837562561,0.9975094199180603,0.9970592260360718,0.4626519978046417,0.3890593945980072,-0.4229421019554138,0.9957600235939026,0.9861655235290527,0.5303919911384583,0.3665740489959717,-0.513542652130127,0.9981062412261963,0.9916976690292358,0.42765510082244873,0.3540802597999573,-0.35621872544288635,0.5080885291099548,0.9990463852882385,0.49236828088760376,0.3250739276409149,-0.4942743480205536,0.9498918056488037,0.999415397644043,0.40535104274749756,0.30628257989883423,-0.4320373237133026,0.6015924215316772,0.9981314539909363,0.4271056652069092,0.2879512906074524,-0.5440574884414673,0.8938263654708862,0.9990532994270325,0.39588668942451477,0.29897522926330566,-0.485847145318985,0.5740736722946167,0.996340274810791,0.4308475852012634,0.28235945105552673,-0.615280032157898,0.8556469082832336,0.9982903599739075,0.4039238393306732,0.296275794506073,-0.5317866206169128,0.5726243853569031,0.9963362216949463,0.41745415329933167,0.2826777696609497,-0.63722163438797,0.8491023778915405,0.9984315037727356,0.40499022603034973,0.2962527573108673,-0.4571531116962433,0.5815107822418213,0.9971979856491089,0.4102461636066437,0.2892811596393585,-0.5582979917526245,0.8398889899253845,0.9986996650695801,0.5674600005149841,0.4261329770088196,0.03316705673933029,0.9903528094291687,0.9913745522499084,0.5972114205360413,0.4132803976535797,-0.03289426863193512,0.9949362277984619,0.9944624304771423,0.4950442910194397,0.3655734658241272,-0.08147614449262619,0.5080617070198059,0.9957225322723389,0.5328571200370789,0.33194178342819214,-0.1241646483540535,0.8153488636016846,0.9977241158485413,0.4513155519962311,0.3081720471382141,0.1039329245686531,0.592423141002655,0.9981247782707214,0.5074806809425354,0.28640398383140564,0.04157022014260292,0.7773793339729309,0.9989151954650879,0.451619029045105,0.29925546050071716,0.11397244036197662,0.6421623826026917,0.9976621866226196,0.5061285495758057,0.2828861176967621,0.05010861158370972,0.7668342590332031,0.9987210631370544,0.41824930906295776,0.2891208827495575,-0.03953855112195015,0.6749844551086426,0.9971745014190674,0.45181804895401,0.2611304819583893,-0.13500721752643585,0.7924825549125671,0.9979585409164429
36,1224,True,0.5293797254562378,0.37601184844970703,-0.8139524459838867,0.9986065030097961,0.9999864101409912,0.5379052758216858,0.38222751021385193,-0.8358694911003113,0.9983882904052734,0.9999631643295288,0.5361701250076294,0.3835483491420746,-0.835966944694519,0.9983115196228027,0.9999568462371826,0.5344927310943604,0.384849488735199,-0.8360381126403809,0.9986888766288757,0.9999454021453857,0.5440803170204163,0.3793935179710388,-0.8326399922370911,0.9989627599716187,0.9999651908874512,0.5464812517166138,0.37884271144866943,-0.8327480554580688,0.9990811347961426,0.9999594688415527,0.548906683921814,0.378207266330719,-0.8325605392456055,0.9991034269332886,0.9999492168426514,0.5386487245559692,0.3915937840938568,-0.7845579385757446,0.9983585476875305,0.9999018907546997,0.5601390600204468,0.38111212849617004,-0.7634998559951782,0.9988628625869751,0.9999233484268188,0.5216521620750427,0.37783128023147583,-0.7820239663124084,0.9975404739379883,0.9999638795852661,0.5311614871025085,0.374420702457428,-0.7763586044311523,0.9977507591247559,0.9999574422836304,0.5276652574539185,0.39821285009384155,-0.5559423565864563,0.9961580038070679,0.999721348285675,0.5558430552482605,0.37003326416015625,-0.6119115948677063,0.9982522130012512,0.9997761845588684,0.44535577297210693,0.3750591278076172,-0.4759114980697632,0.5537257790565491,0.9994031190872192,0.4889077842235565,0.34396892786026,-0.5509148836135864,0.9167534112930298,0.9996547698974609,0.4034545123577118,0.32692891359329224,-0.5590339303016663,0.6392172574996948,0.9989243149757385,0.4249356687068939,0.31280839443206787,-0.5882757306098938,0.8882017135620117,0.9995113611221313,0.39150872826576233,0.32013386487960815,-0.604232132434845,0.6132545471191406,0.9976968169212341,0.4280134439468384,0.30467748641967773,-0.6470072269439697,0.8548041582107544,0.9991903901100159,0.39437422156333923,0.30706170201301575,-0.6463995575904846,0.6115520000457764,0.9981943964958191,0.4171482026576996,0.30795517563819885,-0.6621406078338623,0.8493401408195496,0.9992732405662537,0.4047134816646576,0.31998807191848755,-0.5791085362434387,0.6178872585296631,0.9986670017242432,0.41125890612602234,0.3124859035015106,-0.5962115526199341,0.8392825126647949,0.9994207620620728,0.5860304236412048,0.41348057985305786,0.022107955068349838,0.9912834763526917,0.9988318085670471,0.5982450842857361,0.3999394178390503,-0.022099150344729424,0.9954054951667786,0.9989418387413025,0.541585385799408,0.3458685576915741,-0.038942500948905945,0.5394477844238281,0.9990935325622559,0.5666710138320923,0.33544114232063293,0.05322840437293053,0.8135880827903748,0.9990614056587219,0.4995015561580658,0.27219802141189575,0.2826329469680786,0.6241229176521301,0.9986076951026917,0.5158541202545166,0.28815650939941406,0.2949393093585968,0.7785805463790894,0.9986681938171387,0.4946873188018799,0.26438719034194946,0.30932047963142395,0.6683743000030518,0.9974693059921265,0.5103796124458313,0.28513845801353455,0.31830039620399475,0.7664961814880371,0.9979898929595947,0.48102006316185,0.25135597586631775,0.19085724651813507,0.6981299519538879,0.9954653382301331,0.49572983384132385,0.2673377990722656,0.1918279230594635,0.7949094176292419,0.9955732822418213
37,1258,True,0.5088474750518799,0.3819998502731323,-0.4689408242702484,0.9964975714683533,0.9937313199043274,0.5110197067260742,0.38562169671058655,-0.4632225036621094,0.997277021408081,0.9898115992546082,0.5108869075775146,0.3860379755496979,-0.4631349742412567,0.9972436428070068,0.9894359111785889,0.5106561779975891,0.38631632924079895,-0.46299344301223755,0.9973105788230896,0.9889082312583923,0.5192617177963257,0.3850514590740204,-0.5376344323158264,0.997900128364563,0.9908027648925781,0.5207630395889282,0.3847002387046814,-0.5386279225349426,0.9981255531311035,0.9906066656112671,0.5223554372787476,0.3842017948627472,-0.5389643907546997,0.9980030655860901,0.9900732040405273,0.5204482674598694,0.39041727781295776,-0.4129556119441986,0.9969799518585205,0.984649121761322,0.5380090475082397,0.385959267616272,-0.3985913097858429,0.9979876279830933,0.9880149960517883,0.5114072561264038,0.37988409399986267,-0.43773192167282104,0.9955567121505737,0.9920499920845032,0.5193121433258057,0.3811545968055725,-0.6498271226882935,0.9963667988777161,0.9915152788162231,0.5406382083892822,0.39210039377212524,-0.2786922752857208,0.9958357214927673,0.9850648045539856,0.5605078339576721,0.377882182598114,-0.2835775911808014,0.9974514842033386,0.9838932752609253,0.4760642945766449,0.3793945908546448,-0.28919947147369385,0.5572769045829773,0.9471811056137085,0.5318256616592407,0.3605155646800995,-0.18714632093906403,0.8362234830856323,0.9388223886489868,0.43637415766716003,0.34124720096588135,-0.1526976376771927,0.6500682830810547,0.883438229560852,0.47290387749671936,0.34543851017951965,-0.12512290477752686,0.8231744766235352,0.9235792756080627,0.4192054271697998,0.33337587118148804,-0.17015497386455536,0.6278139352798462,0.8081693649291992,0.46345657110214233,0.3394225537776947,-0.14942489564418793,0.8019779324531555,0.8946177363395691,0.42577701807022095,0.32903075218200684,-0.19961725175380707,0.6268871426582336,0.806966245174408,0.45788130164146423,0.3442768156528473,-0.17005059123039246,0.7982268929481506,0.9014440178871155,0.4329345226287842,0.3332076668739319,-0.16234233975410461,0.6306986212730408,0.8430670499801636,0.4599817395210266,0.3466634750366211,-0.13350214064121246,0.7903211712837219,0.9143556952476501,0.596849262714386,0.40338006615638733,0.01185304019600153,0.9915584325790405,0.9295469522476196,0.6064735651016235,0.40171051025390625,-0.011948625557124615,0.9949350953102112,0.8961238265037537,0.5475466251373291,0.3463335931301117,-0.0038887381087988615,0.5148648023605347,0.9194240570068359,0.575758695602417,0.336324006319046,0.07511097192764282,0.7852214574813843,0.9376090168952942,0.506361722946167,0.29269546270370483,0.26373404264450073,0.5961880087852478,0.8994691967964172,0.5324775576591492,0.27845054864883423,0.138492152094841,0.7693371176719666,0.8785253167152405,0.5026819109916687,0.28753048181533813,0.24969135224819183,0.6548992991447449,0.8609743118286133,0.5285090804100037,0.2738615870475769,0.14481797814369202,0.7628920674324036,0.8437047004699707,0.4875355064868927,0.2727038860321045,0.13653063774108887,0.6609959006309509,0.8234137892723083,0.5140959024429321,0.25256049633026123,0.045644182711839676,0.7832010388374329,0.7673951387405396
38,1292,True,0.5036010146141052,0.3811448812484741,-0.799229621887207,0.9958528280258179,0.9987213015556335,0.5092684030532837,0.3875279724597931,-0.8179067969322205,0.996825098991394,0.9979325532913208,0.5093397498130798,0.3882274329662323,-0.817956268787384,0.9968830943107605,0.9978185892105103,0.5090436339378357,0.38886314630508423,-0.8180814385414124,0.9968833923339844,0.9975206255912781,0.5148311257362366,0.38512372970581055,-0.815284788608551,0.997273325920105,0.9977285265922546,0.5166988968849182,0.38487187027931213,-0.8152868747711182,0.9974258542060852,0.9971725344657898,0.5204834938049316,0.38291147351264954,-0.8151898980140686,0.9971235990524292,0.9962562322616577,0.5181186199188232,0.39811021089553833,-0.7684639096260071,0.9963071942329407,0.9949854612350464,0.5394753813743591,0.38470685482025146,-0.7501192092895508,0.9969297051429749,0.9923064112663269,0.5041152834892273,0.3805968463420868,-0.7694095373153687,0.9951179027557373,0.9966678023338318,0.5142250061035156,0.3793025612831116,-0.7687219381332397,0.9957276582717896,0.995686948299408,0.5190674662590027,0.3995503783226013,-0.5698672533035278,0.9954228401184082,0.9880220890045166,0.571636438369751,0.36214232444763184,-0.5664136409759521,0.9966446757316589,0.9716998338699341,0.4743972420692444,0.3751527965068817,-0.48636507987976074,0.5839581489562988,0.9967193007469177,0.5232656002044678,0.3272818624973297,-0.5109800696372986,0.807983934879303,0.9930127263069153,0.438922256231308,0.3339127004146576,-0.5143723487854004,0.6745895147323608,0.9913623929023743,0.4588567614555359,0.28910306096076965,-0.5341333746910095,0.8147310018539429,0.9940811991691589,0.42720553278923035,0.32653895020484924,-0.5505819320678711,0.6543350219726562,0.9810964465141296,0.4513409435749054,0.28018471598625183,-0.5800892114639282,0.7967355847358704,0.9908973574638367,0.437947154045105,0.3216817378997803,-0.5885003805160522,0.6533929705619812,0.9826021194458008,0.44686996936798096,0.2872277796268463,-0.6036460995674133,0.7931388020515442,0.9923410415649414,0.4425983130931854,0.32425838708877563,-0.5298067331314087,0.6563579440116882,0.9877761602401733,0.4477463960647583,0.29970473051071167,-0.5449958443641663,0.7854299545288086,0.9935774207115173,0.5865768194198608,0.406979501247406,0.008659766986966133,0.9922308325767517,0.9961473941802979,0.615165114402771,0.3866423964500427,-0.008668807335197926,0.9951850175857544,0.9910221695899963,0.5460003018379211,0.36670389771461487,-0.06585686653852463,0.5035037398338318,0.9915246367454529,0.611214816570282,0.31718528270721436,-0.052310142666101456,0.7912726402282715,0.9913362264633179,0.4828728139400482,0.3139887750148773,0.14647576212882996,0.5815007090568542,0.9853916764259338,0.5961220860481262,0.2497042417526245,0.11842630058526993,0.7713132500648499,0.9835776090621948,0.4854617714881897,0.30648285150527954,0.1619800180196762,0.6250677704811096,0.9742400050163269,0.6001482009887695,0.24313080310821533,0.11526710540056229,0.7549050450325012,0.9751856923103333,0.4383947551250458,0.2948320806026459,0.03183463215827942,0.6414727568626404,0.9601567387580872,0.5717597603797913,0.22112710773944855,-0.000219915687921457,0.7849701046943665,0.948225736618042
39,1326,True,0.525932252407074,0.37608203291893005,-0.11045751720666885,0.9955922365188599,0.999254047870636,0.5290703773498535,0.38433849811553955,-0.10407472401857376,0.9958690404891968,0.9988858103752136,0.5299941301345825,0.3794483542442322,-0.10428858548402786,0.9966084957122803,0.9988933205604553,0.5309349894523621,0.37644970417022705,-0.10440241545438766,0.995922327041626,0.9988651275634766,0.5210250616073608,0.3775870203971863,-0.09972088783979416,0.9967071413993835,0.9989758729934692,0.5219370722770691,0.3774717450141907,-0.09974172711372375,0.997069239616394,0.9990159273147583,0.5244214534759521,0.3801644742488861,-0.09955056756734848,0.9962623119354248,0.9989963173866272,0.5424548387527466,0.3694366216659546,-0.06225844472646713,0.9953275918960571,0.999076247215271,0.5408909916877747,0.37953120470046997,-0.04137001931667328,0.9967241883277893,0.9992212057113647,0.5320191979408264,0.37318164110183716,-0.09303193539381027,0.9913930892944336,0.9991359114646912,0.5321857333183289,0.37690380215644836,-0.08719301968812943,0.9929901361465454,0.9990242719650269,0.568901538848877,0.3485916256904602,-0.05544852837920189,0.9957428574562073,0.998927891254425,0.5530763268470764,0.37420541048049927,-0.045136015862226486,0.9968423843383789,0.9982794523239136,0.5337703227996826,0.33183908462524414,-0.10440786182880402,0.5447279214859009,0.9954973459243774,0.5177797675132751,0.3584735691547394,-0.10798366367816925,0.7553383708000183,0.9883814454078674,0.4738960266113281,0.32023510336875916,-0.11533045023679733,0.6336103677749634,0.9588647484779358,0.46104222536087036,0.31355929374694824,-0.16523446142673492,0.7619166970252991,0.9763529896736145,0.45854365825653076,0.3189988434314728,-0.13343800604343414,0.6167729496955872,0.9420814514160156,0.4518061876296997,0.30143967270851135,-0.19289156794548035,0.7439773678779602,0.9742656946182251,0.4588983654975891,0.31744125485420227,-0.1337803155183792,0.6152229309082031,0.9472115635871887,0.4445795714855194,0.3004067838191986,-0.1779438853263855,0.7386850118637085,0.9771734476089478,0.4637606739997864,0.31658902764320374,-0.11614429950714111,0.6151165962219238,0.9550321698188782,0.44664111733436584,0.3064572811126709,-0.16336728632450104,0.7300329208374023,0.9796373248100281,0.6145973801612854,0.36199286580085754,0.011041060090065002,0.9929655194282532,0.9948432445526123,0.606754720211029,0.38822755217552185,-0.01115876529365778,0.9956393241882324,0.990805447101593,0.5987255573272705,0.3022109568119049,-0.04363275691866875,0.546456515789032,0.997562050819397,0.5594021677970886,0.36621949076652527,-0.06657541543245316,0.8101110458374023,0.991795003414154,0.6010415554046631,0.22048301994800568,-0.0246436670422554,0.620785117149353,0.9767223000526428,0.5447989702224731,0.373186856508255,-0.044189296662807465,0.7868166565895081,0.97580885887146,0.5990228056907654,0.21183383464813232,-0.026480142027139664,0.6601805686950684,0.9414564967155457,0.5562809705734253,0.36978262662887573,-0.04301043599843979,0.7734802961349487,0.9593042135238647,0.5684353113174438,0.19816437363624573,-0.10269781947135925,0.6724570989608765,0.8821964263916016,0.5687159895896912,0.3763130009174347,-0.1049075797200203,0.7985019087791443,0.9255199432373047
40,1360,True,0.5219298601150513,0.3439258337020874,0.023889346048235893,0.9950894713401794,0.9984897375106812,0.5199793577194214,0.3430967628955841,0.02848246321082115,0.9947171807289124,0.9973741769790649,0.519400417804718,0.34140366315841675,0.028289737179875374,0.9962248206138611,0.9974011182785034,0.518913209438324,0.3399587571620941,0.028100166469812393,0.9946334958076477,0.9973458647727966,0.5211559534072876,0.3450976014137268,0.03502480313181877,0.9959396123886108,0.9975101947784424,0.5226955413818359,0.3460431694984436,0.035035502165555954,0.9965287446975708,0.9975175857543945,0.5243598222732544,0.34739696979522705,0.035184767097234726,0.9950605630874634,0.9974051117897034,0.5258327126502991,0.337118536233902,0.048525549471378326,0.9935282468795776,0.9973661303520203,0.5335463881492615,0.3488326072692871,0.07868380844593048,0.9961803555488586,0.9977255463600159,0.5269488096237183,0.34216079115867615,0.032656650990247726,0.9874142408370972,0.998141884803772,0.5300567746162415,0.3456055521965027,0.041507963091135025,0.989801824092865,0.997818112373352,0.5517240166664124,0.32515645027160645,0.02036341279745102,0.9960299730300903,0.9988638162612915,0.5530283451080322,0.3646547794342041,0.05095610022544861,0.9969041347503662,0.9976767897605896,0.5296293497085571,0.31591182947158813,-0.053255222737789154,0.5110691785812378,0.994782030582428,0.5472730994224548,0.3573690354824066,-0.04370851442217827,0.6908502578735352,0.9880138635635376,0.49686363339424133,0.3057795763015747,-0.07422579079866409,0.5959218740463257,0.9371413588523865,0.5092339515686035,0.3279848098754883,-0.1385192722082138,0.7032402157783508,0.9788166880607605,0.4890454113483429,0.3023310899734497,-0.08501981198787689,0.5841194987297058,0.9182479381561279,0.5034686326980591,0.320895254611969,-0.16902829706668854,0.6903635263442993,0.9780482053756714,0.4889010488986969,0.301990807056427,-0.09393206983804703,0.5818880200386047,0.9180270433425903,0.494995653629303,0.31933945417404175,-0.1554228514432907,0.6850824356079102,0.978988766670227,0.4922473430633545,0.3025205731391907,-0.07832905650138855,0.579267680644989,0.9235101342201233,0.4964219927787781,0.32215720415115356,-0.1391226202249527,0.6763002276420593,0.9799266457557678,0.6195634007453918,0.34782639145851135,-0.005942664574831724,0.9936416149139404,0.9975886344909668,0.6140050888061523,0.3792392611503601,0.0057039037346839905,0.9960507750511169,0.9952729344367981,0.6043680310249329,0.28742310404777527,-0.14046573638916016,0.5896256566047668,0.9987508058547974,0.5430648922920227,0.37111330032348633,-0.12140239030122757,0.8261809349060059,0.994107723236084,0.6102542281150818,0.2122361958026886,-0.19999730587005615,0.6577033996582031,0.9843703508377075,0.5364077687263489,0.36894816160202026,-0.11280262470245361,0.8023716807365417,0.9927666187286377,0.6135954856872559,0.2050732672214508,-0.20741698145866394,0.6929180026054382,0.9630554914474487,0.5406144261360168,0.3657039403915405,-0.11220545321702957,0.7914430499076843,0.9897204041481018,0.5764599442481995,0.1859932690858841,-0.28970521688461304,0.702958345413208,0.940208911895752,0.537839949131012,0.36907708644866943,-0.1672341525554657,0.8122565746307373,0.9833418130874634
41,1394,True,0.5194721221923828,0.3242037296295166,0.10496149957180023,0.9941281080245972,0.9974013566970825,0.517437756061554,0.32296982407569885,0.11202382296323776,0.9937322735786438,0.9965309500694275,0.5188153982162476,0.3224443793296814,0.11186888068914413,0.9957713484764099,0.9966536164283752,0.5174607038497925,0.3219121992588043,0.11168405413627625,0.9935764670372009,0.996798574924469,0.5157865881919861,0.3243703842163086,0.11197875440120697,0.9953359961509705,0.9961649179458618,0.5169625878334045,0.32487356662750244,0.1118934229016304,0.9960047006607056,0.9960959553718567,0.5154131650924683,0.325505793094635,0.11195380240678787,0.9939419031143188,0.995830237865448,0.5193749070167542,0.3219887614250183,0.12869402766227722,0.9929164052009583,0.9971244931221008,0.5215027928352356,0.32716503739356995,0.12644009292125702,0.9957498908042908,0.9963254332542419,0.5165404677391052,0.3243633508682251,0.10944131016731262,0.9850341081619263,0.9980103373527527,0.5267600417137146,0.3261117935180664,0.10870567709207535,0.9874085783958435,0.997506320476532,0.5383835434913635,0.32005995512008667,0.09499858319759369,0.9963169693946838,0.9985055923461914,0.5518289804458618,0.34093621373176575,0.08352195471525192,0.9969959855079651,0.9966721534729004,0.5106433629989624,0.30414509773254395,0.069434255361557,0.4751112163066864,0.9972834587097168,0.526986837387085,0.32076403498649597,0.05468388646841049,0.6406456232070923,0.9956462979316711,0.47103944420814514,0.28607243299484253,0.08481980860233307,0.5515978932380676,0.9780217409133911,0.4919847846031189,0.2933152914047241,0.06855699419975281,0.6472555994987488,0.986434817314148,0.46144452691078186,0.28493136167526245,0.08101047575473785,0.5431176424026489,0.9677948951721191,0.49184226989746094,0.29345589876174927,0.06116922199726105,0.6365101337432861,0.9825091361999512,0.46552741527557373,0.2851908802986145,0.08024361729621887,0.540292501449585,0.9682331085205078,0.4734109342098236,0.292569637298584,0.06651600450277328,0.6311581134796143,0.9824633598327637,0.4707004129886627,0.28502577543258667,0.08374105393886566,0.5384804010391235,0.9726613759994507,0.4743199646472931,0.29174625873565674,0.06928979605436325,0.6236724853515625,0.9848223924636841,0.628038763999939,0.34250158071517944,9.631899592932314e-05,0.9942643642425537,0.9978960752487183,0.6214743852615356,0.36549174785614014,-0.0003945444477722049,0.9964370131492615,0.9968204498291016,0.60834801197052,0.2879583537578583,-0.08956095576286316,0.6274600625038147,0.9960352778434753,0.5668195486068726,0.39482930302619934,-0.10683200508356094,0.8425658345222473,0.990371823310852,0.6111085414886475,0.2134823501110077,-0.14267757534980774,0.6879943609237671,0.9427940249443054,0.5522260665893555,0.4433133006095886,-0.18042999505996704,0.8182249069213867,0.9444360733032227,0.6103515028953552,0.20893073081970215,-0.14769844710826874,0.7193148136138916,0.9099334478378296,0.5568915605545044,0.4487449526786804,-0.18786951899528503,0.8056139349937439,0.915617048740387,0.5682419538497925,0.19145306944847107,-0.1769137680530548,0.7250608801841736,0.8762522339820862,0.5366548299789429,0.4555167555809021,-0.2266504466533661,0.823660135269165,0.8641120791435242
42,1428,True,0.5098205208778381,0.327309250831604,-0.387148916721344,0.9941869974136353,0.9933850169181824,0.5077037215232849,0.3329559564590454,-0.3895002007484436,0.9939652681350708,0.9903427362442017,0.5080899000167847,0.3338511288166046,-0.3896368741989136,0.9957939982414246,0.9899153709411621,0.5074067115783691,0.3346291184425354,-0.38975271582603455,0.9938632249832153,0.9890027046203613,0.5078714489936829,0.3313402831554413,-0.4040757417678833,0.9954836964607239,0.9907180666923523,0.50911545753479,0.33115941286087036,-0.4041867256164551,0.9960650205612183,0.9900680780410767,0.5094500184059143,0.331100195646286,-0.40415194630622864,0.9942353963851929,0.9891635179519653,0.5148543119430542,0.3385246992111206,-0.3529924750328064,0.9931884407997131,0.9839187860488892,0.5199530124664307,0.33376407623291016,-0.41911253333091736,0.9958199262619019,0.9834741950035095,0.5095193982124329,0.3273833394050598,-0.3662688434123993,0.9859950542449951,0.9909849166870117,0.51680588722229,0.3251381814479828,-0.38587862253189087,0.9880958795547485,0.9907330274581909,0.5349460244178772,0.33740106225013733,-0.2476455122232437,0.9959884881973267,0.9755632877349854,0.5490047335624695,0.32140418887138367,-0.3904854953289032,0.9967144727706909,0.9730364084243774,0.5000951886177063,0.31347718834877014,-0.2253451645374298,0.47626540064811707,0.9933940768241882,0.5196794867515564,0.2967313528060913,-0.4282521903514862,0.6541439890861511,0.9936980605125427,0.4529903531074524,0.2826891243457794,-0.3114991784095764,0.5576976537704468,0.9844610095024109,0.4695533812046051,0.2737061083316803,-0.4467219412326813,0.6562117338180542,0.9791694283485413,0.44442033767700195,0.2813952565193176,-0.327378511428833,0.555056095123291,0.9775134325027466,0.4546988308429718,0.27145838737487793,-0.48666152358055115,0.6474524140357971,0.9684020280838013,0.4459444582462311,0.2782840430736542,-0.3633762300014496,0.5535004138946533,0.9766896963119507,0.4483087658882141,0.2745204269886017,-0.48335304856300354,0.6423524022102356,0.9712342023849487,0.4561862051486969,0.27912580966949463,-0.32815995812416077,0.547845721244812,0.9807202219963074,0.4555225372314453,0.27622371912002563,-0.44680362939834595,0.6303281784057617,0.9757425785064697,0.6330455541610718,0.35562416911125183,0.030166609212756157,0.9937714338302612,0.9343395829200745,0.6416555047035217,0.34860387444496155,-0.029959918931126595,0.9951313138008118,0.9098768830299377,0.6033036708831787,0.30041995644569397,-0.002105377847328782,0.609963059425354,0.8971667885780334,0.6035065054893494,0.307512491941452,-0.08116264641284943,0.8445799350738525,0.8865549564361572,0.6086284518241882,0.25345343351364136,0.060102786868810654,0.6587642431259155,0.7882405519485474,0.6077300310134888,0.2721080183982849,-0.06364849209785461,0.8082773089408875,0.7706405520439148,0.6149733066558838,0.2469826638698578,0.07217814028263092,0.6914193034172058,0.787734866142273,0.6146488785743713,0.26723432540893555,-0.05147218704223633,0.7957605123519897,0.7558631300926208,0.5729020237922668,0.24108652770519257,0.05778639018535614,0.6862324476242065,0.8073946237564087,0.5714508891105652,0.2630358636379242,-0.0671628937125206,0.7976227402687073,0.7933940887451172
43,1462,True,0.5057801008224487,0.33271127939224243,-0.6095705032348633,0.9945776462554932,0.999545156955719,0.5075015425682068,0.3379145860671997,-0.6089438796043396,0.9943463802337646,0.9993027448654175,0.5080037713050842,0.3383640944957733,-0.6090920567512512,0.9960529804229736,0.9993047714233398,0.5082015991210938,0.338748037815094,-0.6091787219047546,0.9942415952682495,0.9992997646331787,0.5087299942970276,0.33723506331443787,-0.6265531778335571,0.9957911372184753,0.9992126226425171,0.5106263756752014,0.33719903230667114,-0.6267281770706177,0.9963248372077942,0.9991641044616699,0.5121337175369263,0.3373323082923889,-0.6267163753509521,0.9946079254150391,0.9990593791007996,0.5139331221580505,0.3384498953819275,-0.5290360450744629,0.9936900734901428,0.9994729161262512,0.5256974101066589,0.3377908170223236,-0.6107332706451416,0.9960996508598328,0.9990761280059814,0.5087197422981262,0.3300076425075531,-0.5731773972511292,0.9871283173561096,0.9997633099555969,0.5134149193763733,0.32913464307785034,-0.5969209671020508,0.9890182018280029,0.9996870756149292,0.5329553484916687,0.3260654807090759,-0.3815199136734009,0.99636310338974,0.9998372793197632,0.548920750617981,0.3231043815612793,-0.5436100959777832,0.9970224499702454,0.999478280544281,0.4974342882633209,0.3032911717891693,-0.3534364402294159,0.4592479467391968,0.999875545501709,0.5059776902198792,0.29652348160743713,-0.604317843914032,0.6781439781188965,0.999619722366333,0.43045154213905334,0.2871875762939453,-0.43466389179229736,0.5426468849182129,0.9977536797523499,0.438618540763855,0.27980923652648926,-0.661994457244873,0.6683441400527954,0.9972184896469116,0.4152468740940094,0.2868393063545227,-0.456914484500885,0.5488128662109375,0.9961100220680237,0.422737717628479,0.27630874514579773,-0.7058340907096863,0.6575726270675659,0.9958634376525879,0.4131276309490204,0.2843259572982788,-0.485541969537735,0.5474344491958618,0.9963861703872681,0.4188849627971649,0.2795468270778656,-0.7072217464447021,0.6503389477729797,0.996299684047699,0.42076703906059265,0.2845306992530823,-0.4493100047111511,0.5394240617752075,0.9970425963401794,0.4253453016281128,0.2814716100692749,-0.6642023921012878,0.633098840713501,0.996727705001831,0.6322674751281738,0.34160512685775757,0.05110384151339531,0.9943864345550537,0.9995323419570923,0.6368599534034729,0.34794917702674866,-0.05086380988359451,0.9956097602844238,0.9989351630210876,0.6026582717895508,0.2845824658870697,0.013116814196109772,0.6242937445640564,0.9985724687576294,0.5999132394790649,0.3643767237663269,-0.1476869136095047,0.8596701622009277,0.9973224997520447,0.6172372698783875,0.21765069663524628,0.08149413764476776,0.6746949553489685,0.9929954409599304,0.5984218120574951,0.41946882009506226,-0.12114966660737991,0.8246068358421326,0.9877816438674927,0.6385530829429626,0.2062908411026001,0.0917002335190773,0.7055326104164124,0.9919705390930176,0.6108856201171875,0.423081636428833,-0.11464636772871017,0.8112253546714783,0.9827425479888916,0.589235782623291,0.2032839059829712,0.06669573485851288,0.6946588158607483,0.9887711405754089,0.5631086230278015,0.436103880405426,-0.16073870658874512,0.8121773600578308,0.9776580333709717
44,1496,False,,,,,,,,,,,,,,,,,,,,,,,,,,,,,,,,,,,,,,,,,,,,,,,,,,,,,,,,,,,,,,,,,,,,,,,,,,,,,,,,,,,,,,,,,,,,,,,,,,,,,,,,,,,,,,,,,,,,,,,,,,,,,,,,,,,,,,,,,,,,,,,,,,,,,,,,,,,,,,,,,,,,,
45,1530,True,0.5451939105987549,0.28248363733291626,0.21156716346740723,0.9950863122940063,0.999954342842102,0.5430077314376831,0.2812347412109375,0.2039152979850769,0.9948878288269043,0.9999147653579712,0.5410391688346863,0.281441867351532,0.2039208710193634,0.9964239597320557,0.999907374382019,0.5391784906387329,0.28160688281059265,0.20395882427692413,0.9947921633720398,0.9998979568481445,0.5467722415924072,0.28162527084350586,0.20930632948875427,0.9961807727813721,0.9999058246612549,0.547954261302948,0.2820126414299011,0.20931099355220795,0.9966578483581543,0.999893069267273,0.5487693548202515,0.28243744373321533,0.20962955057621002,0.9951106309890747,0.9998732805252075,0.5341676473617554,0.28686636686325073,0.17506186664104462,0.9942752718925476,0.9998165965080261,0.5478852391242981,0.28771644830703735,0.20145085453987122,0.9964374899864197,0.9997920393943787,0.5400857925415039,0.28579938411712646,0.2031034529209137,0.9883217215538025,0.9997828602790833,0.5451920628547668,0.28608959913253784,0.2106788009405136,0.9900246262550354,0.9997394680976868,0.5342837572097778,0.30647581815719604,0.13517586886882782,0.9966740012168884,0.999308705329895,0.5474319458007812,0.30759334564208984,0.17809242010116577,0.997174084186554,0.9993962049484253,0.5327517986297607,0.312216192483902,0.030612487345933914,0.45616182684898376,0.9958043694496155,0.5407459735870361,0.30946865677833557,0.1290147751569748,0.6217659115791321,0.9980199337005615,0.5041307210922241,0.301510214805603,-0.05112239345908165,0.5331849455833435,0.9978140592575073,0.536504864692688,0.286304771900177,0.10306975245475769,0.6242498159408569,0.9982537627220154,0.5007074475288391,0.2998061776161194,-0.0770978182554245,0.5345856547355652,0.997761607170105,0.5379814505577087,0.28132712841033936,0.07438533008098602,0.6184938549995422,0.9979652166366577,0.49928492307662964,0.3006651997566223,-0.06815958023071289,0.5304561257362366,0.9978848099708557,0.5355735421180725,0.2817498743534088,0.08352497220039368,0.6121461987495422,0.9981149435043335,0.5010485053062439,0.3006112575531006,-0.04997662082314491,0.5190954804420471,0.9979064464569092,0.5339741706848145,0.28294944763183594,0.10171298682689667,0.5954837799072266,0.998217761516571,0.5726664662361145,0.36743250489234924,-0.013429424725472927,0.9947701096534729,0.994060218334198,0.5807773470878601,0.3722226619720459,0.012995659373700619,0.9958662390708923,0.9950980544090271,0.5922927260398865,0.2890840768814087,-0.05922529846429825,0.6109721660614014,0.9962316155433655,0.602821409702301,0.2930808365345001,0.011749892495572567,0.8039683103561401,0.996755063533783,0.5989111661911011,0.21428772807121277,-0.10953748226165771,0.669921338558197,0.9972304701805115,0.6092526316642761,0.20996932685375214,-0.023539651185274124,0.7985355854034424,0.9983711838722229,0.601689875125885,0.20832231640815735,-0.11726963520050049,0.7083995342254639,0.9961743354797363,0.610127329826355,0.20324747264385223,-0.03231235221028328,0.8044352531433105,0.997943103313446,0.5851982831954956,0.1812838464975357,-0.20491939783096313,0.6949213147163391,0.9960610270500183,0.601688027381897,0.17125995457172394,-0.12021282315254211,0.7979023456573486,0.9972296357154846
46,1564,True,0.5510493516921997,0.2648247182369232,0.07349739968776703,0.9954788684844971,0.9998151659965515,0.5490440130233765,0.2611691951751709,0.08094096928834915,0.9953188896179199,0.9996651411056519,0.5485941767692566,0.26084059476852417,0.08094709366559982,0.9967078566551208,0.999624490737915,0.5483227372169495,0.2604632079601288,0.0809597298502922,0.9952279925346375,0.9995691180229187,0.5494804382324219,0.26249751448631287,0.07911337167024612,0.9964953064918518,0.999707043170929,0.5497500896453857,0.26303955912590027,0.07908064872026443,0.9969266653060913,0.9997072815895081,0.5497930645942688,0.26360660791397095,0.07925856858491898,0.9955303072929382,0.999688982963562,0.5470902323722839,0.2627970576286316,0.11558692902326584,0.9946714639663696,0.9992849230766296,0.5482748746871948,0.2671937346458435,0.10701732337474823,0.9966863393783569,0.9995819926261902,0.5506283044815063,0.2686007618904114,0.08905123919248581,0.9890584945678711,0.9989902377128601,0.551096498966217,0.26975375413894653,0.0866299495100975,0.9906819462776184,0.9991311430931091,0.5645572543144226,0.27711015939712524,0.0899597555398941,0.9967687129974365,0.997308611869812,0.5467872619628906,0.2937262952327728,0.09868182241916656,0.9972662329673767,0.998779833316803,0.5686469674110413,0.27504149079322815,0.030553659424185753,0.44307300448417664,0.9942284822463989,0.5371227860450745,0.3030020594596863,0.030684834346175194,0.580652117729187,0.9960179924964905,0.5588600635528564,0.26783937215805054,-0.00883268378674984,0.5099354386329651,0.9876865148544312,0.5212675333023071,0.28660649061203003,-0.03730425611138344,0.5913824439048767,0.9943205118179321,0.560055673122406,0.2651676535606384,-0.018618082627654076,0.5106183290481567,0.9852619767189026,0.5143402814865112,0.28294798731803894,-0.06214583292603493,0.5904500484466553,0.9927293658256531,0.5590813159942627,0.2662036120891571,-0.026517141610383987,0.5069698095321655,0.9853008389472961,0.514224648475647,0.2827315926551819,-0.06254798918962479,0.5855545997619629,0.9933185577392578,0.5591709613800049,0.267578125,-0.012961641885340214,0.49477675557136536,0.9858403205871582,0.5165673494338989,0.28366702795028687,-0.04219738766551018,0.5676353573799133,0.9937170743942261,0.6013341546058655,0.34260326623916626,-0.006206573452800512,0.9949479103088379,0.9955137372016907,0.5827128887176514,0.35632961988449097,0.006070276256650686,0.9960121512413025,0.9971442818641663,0.5969311594963074,0.28857946395874023,-0.07208744436502457,0.5956966876983643,0.995378851890564,0.5874323844909668,0.2955537438392639,-0.06124182790517807,0.7622565627098083,0.9963561296463013,0.5979215502738953,0.21738269925117493,-0.12941668927669525,0.6526925563812256,0.9950621724128723,0.5804759860038757,0.22838449478149414,-0.10653388500213623,0.7734644412994385,0.9973729848861694,0.5927613973617554,0.21280936896800995,-0.13683177530765533,0.6915109157562256,0.9930799603462219,0.581234335899353,0.2225630283355713,-0.11457882821559906,0.7907688021659851,0.9966590404510498,0.5699402093887329,0.18479034304618835,-0.2053433507680893,0.6811707615852356,0.9933299422264099,0.5696121454238892,0.19436971843242645,-0.1816483438014984,0.7828385233879089,0.996360719203949
47,1598,True,0.5849465131759644,0.26891669631004333,0.389816552400589,0.9959287643432617,0.9999997615814209,0.5821007490158081,0.265994131565094,0.4141979217529297,0.9957836270332336,0.9999994039535522,0.5826045870780945,0.26569339632987976,0.4142932891845703,0.9970342516899109,0.9999992847442627,0.5832948684692383,0.2653147280216217,0.41448354721069336,0.9957015514373779,0.9999991655349731,0.5790714025497437,0.2671521008014679,0.41149088740348816,0.9968440532684326,0.9999994039535522,0.5779845118522644,0.26760947704315186,0.4112907350063324,0.9972324371337891,0.9999994039535522,0.5765665769577026,0.26804330945014954,0.41153696179389954,0.9959751963615417,0.9999994039535522,0.5856403112411499,0.26790016889572144,0.4647601246833801,0.9951993227005005,0.9999988079071045,0.5737888813018799,0.27235111594200134,0.4549853503704071,0.9970160722732544,0.9999992847442627,0.5890220999717712,0.27251413464546204,0.4036111533641815,0.9901439547538757,0.9999990463256836,0.5858182311058044,0.2730276584625244,0.40045225620269775,0.9916075468063354,0.9999990463256836,0.6196908950805664,0.2801806926727295,0.3741653561592102,0.9970870614051819,0.999990701675415,0.5687921047210693,0.29474544525146484,0.37234780192375183,0.9975292086601257,0.9999924898147583,0.5918211340904236,0.2844846546649933,0.3352416753768921,0.442053884267807,0.9998902082443237,0.5324134230613708,0.3167426288127899,0.19204027950763702,0.5618197321891785,0.9999537467956543,0.5461589097976685,0.27876248955726624,0.38994479179382324,0.5152268409729004,0.9998247027397156,0.4609759449958801,0.31758561730384827,0.024983255192637444,0.5937838554382324,0.9997896552085876,0.5411431789398193,0.2748633921146393,0.3887728452682495,0.5150955319404602,0.9996819496154785,0.4375130236148834,0.3177168667316437,-0.0030502439476549625,0.593318521976471,0.999518871307373,0.5397993326187134,0.2766326069831848,0.3915046155452728,0.5108113288879395,0.999685525894165,0.43692511320114136,0.31901511549949646,0.0022011958062648773,0.5887086987495422,0.9995543360710144,0.5414041876792908,0.2779751420021057,0.3914138376712799,0.4967062473297119,0.9997645020484924,0.4479730427265167,0.31848248839378357,0.021042361855506897,0.5720665454864502,0.9996999502182007,0.653290331363678,0.33795326948165894,-0.00633449200540781,0.9954497814178467,0.9999099969863892,0.6185469031333923,0.3495188057422638,0.006112936418503523,0.9964087605476379,0.9999656677246094,0.5960426926612854,0.28837186098098755,-0.15825104713439941,0.6267675757408142,0.9999082088470459,0.54673832654953,0.308578222990036,-0.129449725151062,0.7764867544174194,0.9999102354049683,0.5394968390464783,0.24345001578330994,-0.28732582926750183,0.6734632253646851,0.9997677206993103,0.4800296425819397,0.30334699153900146,-0.33747389912605286,0.781345546245575,0.999731719493866,0.5389692187309265,0.240790456533432,-0.3070814311504364,0.7168713808059692,0.9994803071022034,0.47620248794555664,0.3075626492500305,-0.36745375394821167,0.806015133857727,0.999466598033905,0.4990461468696594,0.22228749096393585,-0.38718321919441223,0.7005797624588013,0.9990690350532532,0.452068954706192,0.2876836061477661,-0.4619402289390564,0.7925695180892944,0.9986647367477417
48,1632,False,,,,,,,,,,,,,,,,,,,,,,,,,,,,,,,,,,,,,,,,,,,,,,,,,,,,,,,,,,,,,,,,,,,,,,,,,,,,,,,,,,,,,,,,,,,,,,,,,,,,,,,,,,,,,,,,,,,,,,,,,,,,,,,,,,,,,,,,,,,,,,,,,,,,,,,,,,,,,,,,,,,,,
49,1666,True,0.6319204568862915,0.27643343806266785,0.23042452335357666,0.9952555894851685,0.9990782737731934,0.6390935778617859,0.2768467366695404,0.22775202989578247,0.9954246282577515,0.9989545345306396,0.6388059854507446,0.27680444717407227,0.2276879996061325,0.9965833425521851,0.9989610910415649,0.6387328505516052,0.27677977085113525,0.22759421169757843,0.9953306913375854,0.9989696741104126,0.6393610239028931,0.2782711088657379,0.2544802129268646,0.9964237213134766,0.9988055229187012,0.6393072009086609,0.27917879819869995,0.254188597202301,0.9967378377914429,0.9987623691558838,0.6388026475906372,0.27994492650032043,0.2541777491569519,0.9955772161483765,0.9986324906349182,0.631015419960022,0.28100091218948364,0.1962158977985382,0.9942207932472229,0.9989025592803955,0.6308267712593079,0.2851002812385559,0.31411921977996826,0.9959062933921814,0.9985513091087341,0.6203163266181946,0.2787051796913147,0.2169664353132248,0.9879698753356934,0.9990757703781128,0.620820164680481,0.27944809198379517,0.25134894251823425,0.9902127385139465,0.9990469813346863,0.6036720871925354,0.27663683891296387,0.025524944067001343,0.9973616600036621,0.9999165534973145,0.5659746527671814,0.3025740385055542,0.35758301615715027,0.9976165294647217,0.9996013045310974,0.6032090187072754,0.2327764481306076,-0.10411030799150467,0.49152007699012756,0.9998536109924316,0.5171530842781067,0.2833035886287689,0.38854435086250305,0.522606372833252,0.9994754195213318,0.6189302206039429,0.1948014497756958,-0.10262660682201385,0.551590621471405,0.997503936290741,0.47792086005210876,0.24738940596580505,0.356733500957489,0.5730679035186768,0.9969172477722168,0.5939933061599731,0.18456803262233734,-0.13377191126346588,0.5457561612129211,0.9952911138534546,0.4749196469783783,0.23607926070690155,0.3592967987060547,0.5728017091751099,0.9953126907348633,0.5927640795707703,0.18433550000190735,-0.10786715894937515,0.5398536920547485,0.9944735169410706,0.47024694085121155,0.2320137321949005,0.3308486342430115,0.5694057941436768,0.9946309328079224,0.6190662384033203,0.1898210495710373,-0.09306374937295914,0.5259871482849121,0.9956364035606384,0.4729202389717102,0.23306484520435333,0.3394477367401123,0.553985595703125,0.9952360987663269,0.5002564191818237,0.35859182476997375,-0.10688161104917526,0.9958896040916443,0.9998705387115479,0.48268386721611023,0.3683447241783142,0.10649324208498001,0.9967472553253174,0.9998013377189636,0.4557461738586426,0.3525833189487457,-0.09931900352239609,0.6517711281776428,0.9996140599250793,0.4594564735889435,0.360011488199234,0.13887324929237366,0.7424966096878052,0.9993636012077332,0.4048360288143158,0.39602699875831604,-0.07553673535585403,0.6860114932060242,0.999210000038147,0.4101335406303406,0.3992360234260559,0.17744745314121246,0.7573941349983215,0.9992130994796753,0.40395137667655945,0.40134716033935547,-0.07653450220823288,0.7237256169319153,0.9990274906158447,0.4060951769351959,0.40405964851379395,0.1735278069972992,0.7908220291137695,0.9992208480834961,0.36977821588516235,0.40759000182151794,-0.12534955143928528,0.7074978351593018,0.9984005093574524,0.3851432800292969,0.4069353938102722,0.15013828873634338,0.7723874449729919,0.9984660148620605
50,1700,True,0.6296316385269165,0.27600497007369995,0.11248039454221725,0.9953827857971191,0.9999450445175171,0.6359127759933472,0.2744966149330139,0.08836214244365692,0.995518147945404,0.9999263286590576,0.6302558183670044,0.2718101441860199,0.08840619027614594,0.9965265989303589,0.9999234676361084,0.6299391984939575,0.2714894413948059,0.08845145255327225,0.9953821301460266,0.99991774559021,0.6402086019515991,0.2774060368537903,0.10346090793609619,0.9964068531990051,0.9999252557754517,0.6413395404815674,0.27847811579704285,0.10320871323347092,0.9966421723365784,0.9999251365661621,0.6424359083175659,0.27941346168518066,0.10317139327526093,0.9956269264221191,0.9999165534973145,0.6285324692726135,0.27386337518692017,0.005788569338619709,0.9939801692962646,0.9999169111251831,0.6385112404823303,0.2829230725765228,0.07177785038948059,0.9957782030105591,0.9999144077301025,0.6178343296051025,0.27573078870773315,0.08739122003316879,0.9881043434143066,0.999907374382019,0.6212478280067444,0.2786863446235657,0.10724950581789017,0.9903290271759033,0.9999138116836548,0.6003612279891968,0.272413432598114,-0.07023449242115021,0.9976045489311218,0.9999227523803711,0.6262446045875549,0.3055744171142578,0.08846446871757507,0.9977740049362183,0.9998064637184143,0.5214464664459229,0.25323599576950073,-0.06065235659480095,0.5358137488365173,0.9994561076164246,0.5569390058517456,0.3296676278114319,0.11070692539215088,0.515041172504425,0.9985228180885315,0.4891735911369324,0.24487216770648956,0.028134727850556374,0.5793639421463013,0.9965852499008179,0.49785661697387695,0.33110520243644714,0.13288374245166779,0.5472943782806396,0.9960377216339111,0.48310351371765137,0.22918955981731415,0.017558496445417404,0.5692628026008606,0.9952887296676636,0.48437419533729553,0.3319208025932312,0.13724970817565918,0.5438745021820068,0.9954023361206055,0.48905038833618164,0.22942979633808136,0.017226744443178177,0.5622766613960266,0.9949589371681213,0.48169806599617004,0.3299999535083771,0.11187615990638733,0.5404108762741089,0.9953562617301941,0.4953095316886902,0.23290927708148956,0.03254786878824234,0.5445262789726257,0.9957042336463928,0.48607444763183594,0.3282712996006012,0.12201490253210068,0.5259382128715515,0.9953941106796265,0.5057166814804077,0.3374381363391876,-0.055774424225091934,0.996242344379425,0.9997766613960266,0.5328003168106079,0.3566550314426422,0.055438268929719925,0.9970101714134216,0.9997122883796692,0.43766114115715027,0.3511071503162384,-0.043250542134046555,0.6762558817863464,0.9989126920700073,0.4658314883708954,0.38197118043899536,0.09764917939901352,0.7563130259513855,0.9988635778427124,0.37323036789894104,0.3992839455604553,-0.01962398737668991,0.7056756615638733,0.9988918900489807,0.4035903215408325,0.43396225571632385,0.09429313987493515,0.7721888422966003,0.9977959394454956,0.3710438311100006,0.4096807539463043,-0.016164729371666908,0.741869330406189,0.9986440539360046,0.3872532248497009,0.44478273391723633,0.08935019373893738,0.8032572269439697,0.9973273277282715,0.34163495898246765,0.4064651429653168,-0.06339547783136368,0.7152524590492249,0.9982420206069946,0.36397120356559753,0.45493751764297485,0.02820110321044922,0.7760549187660217,0.9964297413825989
51,1734,True,0.5974603295326233,0.2711392641067505,0.3389657139778137,0.9958263635635376,0.9999916553497314,0.6047908067703247,0.26932597160339355,0.3154371976852417,0.9959514737129211,0.9999876022338867,0.6066654920578003,0.2672927975654602,0.31546470522880554,0.9968602657318115,0.9999877214431763,0.6072391867637634,0.2670060992240906,0.315521240234375,0.9958288669586182,0.9999868869781494,0.6070236563682556,0.2722375988960266,0.3521052598953247,0.9967448711395264,0.9999867677688599,0.6078045964241028,0.2730551064014435,0.35184791684150696,0.9969550371170044,0.9999864101409912,0.6086750626564026,0.27372997999191284,0.3518739640712738,0.996042788028717,0.9999843835830688,0.6137863993644714,0.2716091573238373,0.21117421984672546,0.9945600032806396,0.9999874830245972,0.6164945960044861,0.2799551486968994,0.375924676656723,0.9961804747581482,0.9999861717224121,0.5956757664680481,0.2734644412994385,0.3021429181098938,0.9892442226409912,0.99998939037323,0.5974534153938293,0.2771136462688446,0.3498229384422302,0.9912425875663757,0.9999878406524658,0.5966610312461853,0.27394601702690125,0.05746252089738846,0.9978430867195129,0.999995231628418,0.6073819398880005,0.30569538474082947,0.40468454360961914,0.997978150844574,0.9999629259109497,0.547397792339325,0.2634374499320984,0.013735495507717133,0.5815407037734985,0.9999123811721802,0.5444551110267639,0.31972819566726685,0.4666632413864136,0.4675919711589813,0.9996029734611511,0.5089718699455261,0.2469121217727661,0.10353327542543411,0.6163643598556519,0.9991631507873535,0.47383445501327515,0.3069518208503723,0.46822547912597656,0.4992188513278961,0.998969316482544,0.4984838366508484,0.24115431308746338,0.09479648619890213,0.6041857004165649,0.9985484480857849,0.45938774943351746,0.3039526343345642,0.4799555838108063,0.49770259857177734,0.998820960521698,0.5007441639900208,0.24066850543022156,0.10786256939172745,0.5969318747520447,0.9984689354896545,0.45640453696250916,0.30132153630256653,0.46078819036483765,0.49450773000717163,0.9988117218017578,0.505761444568634,0.244038388133049,0.11469728499650955,0.5781152844429016,0.9988768696784973,0.4614402651786804,0.30139869451522827,0.4580991566181183,0.48208945989608765,0.9988709092140198,0.5080037713050842,0.3399357199668884,-0.09881481528282166,0.9966105818748474,0.9999251365661621,0.5277469754219055,0.3569832742214203,0.09851988404989243,0.9972959160804749,0.9998949766159058,0.40116754174232483,0.3620319664478302,-0.11443787813186646,0.7071775197982788,0.9997535347938538,0.46174973249435425,0.3988150358200073,0.1326332837343216,0.7647972106933594,0.9996623992919922,0.37233656644821167,0.4225451350212097,-0.16651548445224762,0.732775866985321,0.9989206790924072,0.42097973823547363,0.4612598419189453,0.08536822348833084,0.786552906036377,0.9991484880447388,0.37825536727905273,0.43574899435043335,-0.16880695521831512,0.7660108208656311,0.9985016584396362,0.417492538690567,0.46774545311927795,0.07606411725282669,0.8194783926010132,0.9988538026809692,0.32065659761428833,0.4274515211582184,-0.20005568861961365,0.7374884486198425,0.9972630739212036,0.3886987864971161,0.47417253255844116,0.0534345880150795,0.7843812704086304,0.9975489974021912
52,1768,True,0.5953564643859863,0.27177101373672485,0.22264930605888367,0.9962356686592102,0.9999942779541016,0.6027005910873413,0.2700866758823395,0.18558602035045624,0.9963498115539551,0.9999922513961792,0.603232741355896,0.26842373609542847,0.18561533093452454,0.9971684217453003,0.9999926090240479,0.6046960353851318,0.2681545615196228,0.18572412431240082,0.9962390065193176,0.9999921321868896,0.6053063273429871,0.27275151014328003,0.22661910951137543,0.99705970287323,0.9999918937683105,0.6069128513336182,0.27362918853759766,0.22652827203273773,0.9972488284111023,0.9999916553497314,0.6084038019180298,0.2743615508079529,0.22660832107067108,0.9964284896850586,0.9999903440475464,0.6128271818161011,0.27230218052864075,0.07348736375570297,0.9950965642929077,0.9999935626983643,0.6160301566123962,0.28018465638160706,0.2458226978778839,0.9965548515319824,0.9999922513961792,0.5949532985687256,0.2747524380683899,0.18011829257011414,0.9903014898300171,0.9999924898147583,0.5949698686599731,0.2782251238822937,0.23434346914291382,0.9920986890792847,0.999991774559021,0.5943799614906311,0.2800099551677704,-0.05470270663499832,0.9980575442314148,0.9999914169311523,0.6106225252151489,0.31226208806037903,0.3232075870037079,0.998167097568512,0.9999524354934692,0.5413624048233032,0.26930493116378784,-0.07946904003620148,0.6230140924453735,0.9998980760574341,0.545594334602356,0.326408326625824,0.401578813791275,0.43028268218040466,0.999660849571228,0.49828627705574036,0.2524331510066986,0.01789710484445095,0.6513557434082031,0.9990560412406921,0.4746935963630676,0.313373863697052,0.4050957262516022,0.4603508412837982,0.9989774227142334,0.49015820026397705,0.24622035026550293,-0.0017761999042704701,0.6379175186157227,0.9983702301979065,0.46125856041908264,0.31005552411079407,0.4184666872024536,0.46080681681632996,0.9987837672233582,0.49380913376808167,0.24698761105537415,0.01534113846719265,0.6308348774909973,0.9983231425285339,0.45881471037864685,0.30732956528663635,0.39155611395835876,0.45795726776123047,0.9987921118736267,0.49684926867485046,0.2508038878440857,0.027176285162568092,0.6116851568222046,0.9987247586250305,0.46367335319519043,0.3079715669155121,0.3922901451587677,0.44832706451416016,0.9988448619842529,0.5041816234588623,0.34928539395332336,-0.11387945711612701,0.9969433546066284,0.9999626874923706,0.522952675819397,0.3679106533527374,0.113729327917099,0.9975572228431702,0.999953031539917,0.3900860548019409,0.37917259335517883,-0.1288415640592575,0.7350028157234192,0.9995052814483643,0.4561290740966797,0.4180096685886383,0.16181518137454987,0.7738449573516846,0.9994576573371887,0.3777533173561096,0.44213905930519104,-0.12761051952838898,0.7563714385032654,0.998284637928009,0.44048961997032166,0.47929731011390686,0.1035342887043953,0.800101101398468,0.9987478256225586,0.3947288393974304,0.4557781219482422,-0.12582670152187347,0.7869614958763123,0.9976466298103333,0.44209763407707214,0.48712024092674255,0.09809951484203339,0.834238588809967,0.9981853365898132,0.3326031267642975,0.4519985318183899,-0.16360479593276978,0.7557953596115112,0.9965169429779053,0.41199615597724915,0.492746502161026,0.11713434010744095,0.791686475276947,0.9963768124580383
53,1802,True,0.5773797035217285,0.2755596339702606,0.1997397243976593,0.9966095089912415,0.9999964237213135,0.5855464339256287,0.27273377776145935,0.17413091659545898,0.9967125058174133,0.9999948740005493,0.5861691832542419,0.27239638566970825,0.17418469488620758,0.997449517250061,0.9999949932098389,0.5870479941368103,0.272380530834198,0.17427724599838257,0.9966131448745728,0.9999946355819702,0.5843577980995178,0.2743118703365326,0.21304231882095337,0.9973490238189697,0.9999938011169434,0.5852569937705994,0.27462220191955566,0.21294693648815155,0.9975183606147766,0.9999932050704956,0.5868143439292908,0.2751343846321106,0.2130657136440277,0.9967812299728394,0.999991774559021,0.5950304865837097,0.2759357988834381,0.0961509570479393,0.9955841302871704,0.9999948740005493,0.5946374535560608,0.28096431493759155,0.25228556990623474,0.996894359588623,0.9999911785125732,0.5762113928794861,0.2802169919013977,0.17154066264629364,0.9912608861923218,0.9999923706054688,0.5761726498603821,0.2818458676338196,0.2233196645975113,0.9928714632987976,0.999987006187439,0.5790392756462097,0.2942725121974945,-0.03422548621892929,0.9982511401176453,0.9999954700469971,0.5953792333602905,0.3158191442489624,0.34450799226760864,0.9983421564102173,0.9999635219573975,0.5151652693748474,0.27912187576293945,-0.10175643861293793,0.660554826259613,0.9999723434448242,0.5125067830085754,0.31771916151046753,0.4168618619441986,0.40313172340393066,0.9999480247497559,0.45039665699005127,0.2628400921821594,-0.04965658113360405,0.6854000091552734,0.9998098015785217,0.4626613259315491,0.2987920939922333,0.3944854438304901,0.4444667398929596,0.9997995495796204,0.4444681704044342,0.2557855546474457,-0.0741524025797844,0.6725541949272156,0.9996185302734375,0.45582452416419983,0.29376888275146484,0.40470635890960693,0.4461269974708557,0.9996830224990845,0.4459601044654846,0.25484904646873474,-0.048762399703264236,0.6659433841705322,0.9996199607849121,0.45206859707832336,0.290321409702301,0.37938201427459717,0.44346871972084045,0.9996680021286011,0.44855037331581116,0.258628785610199,-0.03564220666885376,0.647731602191925,0.9997350573539734,0.4543817341327667,0.2907920479774475,0.3817956745624542,0.4359414875507355,0.9997265934944153,0.4965422749519348,0.3723084628582001,-0.11516373604536057,0.9972409605979919,0.9999397993087769,0.5217041969299316,0.3847618103027344,0.11496247351169586,0.9977913498878479,0.9999465942382812,0.3857712745666504,0.39801114797592163,-0.14066050946712494,0.7582311034202576,0.9995259046554565,0.44545385241508484,0.4368376135826111,0.13258785009384155,0.7714251279830933,0.9996180534362793,0.38048872351646423,0.4653041362762451,-0.12576289474964142,0.7770293354988098,0.9986275434494019,0.4335123598575592,0.5018032193183899,0.10356117784976959,0.8090178370475769,0.9988736510276794,0.40488874912261963,0.47579225897789,-0.12232625484466553,0.8054509162902832,0.9981642365455627,0.4366626739501953,0.5132582187652588,0.10032609105110168,0.8460246920585632,0.9982600808143616,0.33329424262046814,0.4771515429019928,-0.1519227921962738,0.7729321718215942,0.9975987076759338,0.40471136569976807,0.5131785273551941,0.07794550061225891,0.7979098558425903,0.997035026550293
54,1836,True,0.5615814924240112,0.2824850082397461,0.16438226401805878,0.996945858001709,0.9999864101409912,0.5705404281616211,0.2799202799797058,0.14863906800746918,0.9970387816429138,0.9999802112579346,0.5731592774391174,0.2803899645805359,0.14868280291557312,0.997702419757843,0.9999802112579346,0.5747472643852234,0.2805289626121521,0.14874054491519928,0.9969498515129089,0.9999781847000122,0.5686371922492981,0.28034764528274536,0.1837761104106903,0.9976089596748352,0.9999775886535645,0.5693454146385193,0.2803901135921478,0.18365658819675446,0.9977602362632751,0.9999761581420898,0.569948673248291,0.28052669763565063,0.18374352157115936,0.9970983862876892,0.999971866607666,0.585507869720459,0.2843436002731323,0.10595615953207016,0.9960232377052307,0.9999780654907227,0.5776247382164001,0.28591781854629517,0.25786542892456055,0.9972000122070312,0.9999690055847168,0.562982976436615,0.28833267092704773,0.15121890604496002,0.9921245574951172,0.9999741315841675,0.5604538321495056,0.28865140676498413,0.19787052273750305,0.993566632270813,0.9999562501907349,0.581084668636322,0.3055223822593689,-0.02985636331140995,0.9984254240989685,0.9999924898147583,0.5606401562690735,0.3209003806114197,0.3526807725429535,0.9984992146492004,0.9999538660049438,0.5112172365188599,0.2912120521068573,-0.09587102383375168,0.6942968964576721,0.9999525547027588,0.486811101436615,0.3142889142036438,0.400995135307312,0.3969287574291229,0.9999659061431885,0.4437609910964966,0.26743370294570923,-0.04841756448149681,0.7159226536750793,0.9997510313987732,0.4528355598449707,0.2951000928878784,0.33941227197647095,0.4593181014060974,0.9998175501823425,0.4390518069267273,0.2603994607925415,-0.07363929599523544,0.7035725116729736,0.999500036239624,0.44953516125679016,0.2924073338508606,0.33828437328338623,0.46020397543907166,0.9996416568756104,0.4414128065109253,0.25998836755752563,-0.0446295365691185,0.6973569989204407,0.9994943141937256,0.4483635723590851,0.28794169425964355,0.320163369178772,0.4576873183250427,0.9996335506439209,0.44109398126602173,0.26146283745765686,-0.031864237040281296,0.6800388693809509,0.999643087387085,0.45021992921829224,0.28573283553123474,0.32848963141441345,0.45091259479522705,0.9997226595878601,0.4969547390937805,0.3894153833389282,-0.1194063276052475,0.9975107312202454,0.9999123811721802,0.510486364364624,0.3965027630329132,0.11923742294311523,0.9980050921440125,0.9999361038208008,0.3815794289112091,0.4214174151420593,-0.16634319722652435,0.7806463241577148,0.9994751811027527,0.4332645535469055,0.45268329977989197,0.10536888986825943,0.7608932852745056,0.9994931221008301,0.38989630341529846,0.4953097403049469,-0.15336459875106812,0.7963656783103943,0.9974581599235535,0.4407244026660919,0.5288984179496765,0.07643529772758484,0.8110595941543579,0.9980323910713196,0.41715845465660095,0.5049850940704346,-0.14942438900470734,0.8224784135818481,0.9963979721069336,0.45319676399230957,0.5393503308296204,0.07300350069999695,0.8533022403717041,0.9971410036087036,0.3409714698791504,0.5166720151901245,-0.16759712994098663,0.7915024757385254,0.9940775632858276,0.4120081961154938,0.5491199493408203,0.04491624981164932,0.8020945191383362,0.9937742948532104
55,1870,True,0.5513179898262024,0.29323840141296387,0.1523953378200531,0.9972479343414307,0.9999898672103882,0.560456395149231,0.2910606265068054,0.14832071959972382,0.997331976890564,0.9999836683273315,0.56296306848526,0.2915925085544586,0.14837007224559784,0.9979290962219238,0.9999829530715942,0.5657854080200195,0.29210197925567627,0.1484527736902237,0.9972522854804993,0.9999804496765137,0.557600736618042,0.29072266817092896,0.18072566390037537,0.9978424906730652,0.9999803304672241,0.5577458143234253,0.2908273935317993,0.1805543303489685,0.9979763627052307,0.9999773502349854,0.5578153729438782,0.2909291982650757,0.18061913549900055,0.9973824620246887,0.9999711513519287,0.5780175924301147,0.298007071018219,0.13120679557323456,0.9964155554771423,0.9999760389328003,0.5645760297775269,0.2972649931907654,0.28218749165534973,0.997469425201416,0.9999587535858154,0.5511659979820251,0.29957276582717896,0.14937391877174377,0.9928958415985107,0.9999723434448242,0.5474532842636108,0.29977044463157654,0.19238822162151337,0.9941872954368591,0.9999520778656006,0.5752303004264832,0.3245253562927246,0.01643938571214676,0.9985812902450562,0.9999880790710449,0.5329771041870117,0.33256736397743225,0.3617788851261139,0.9986280798912048,0.999875545501709,0.5148810744285583,0.3064958453178406,-0.09491925686597824,0.7246472835540771,0.9999797344207764,0.45505714416503906,0.3195357024669647,0.39188337326049805,0.41369813680648804,0.9999784231185913,0.4447602927684784,0.2737836241722107,-0.09545669704675674,0.7431310415267944,0.9999500513076782,0.41401052474975586,0.2923113703727722,0.2829667925834656,0.4914354383945465,0.9999178647994995,0.4319315552711487,0.2694387435913086,-0.12576940655708313,0.73067706823349,0.9998751878738403,0.4073118567466736,0.287021279335022,0.27018842101097107,0.48828569054603577,0.9997988343238831,0.43535494804382324,0.2692950665950775,-0.10514774173498154,0.7246598601341248,0.9998694658279419,0.4149920642375946,0.2833509147167206,0.2606951892375946,0.48579472303390503,0.9998088479042053,0.4361531436443329,0.2703554034233093,-0.08425000309944153,0.708013117313385,0.9999170303344727,0.41943007707595825,0.28446879982948303,0.2732965648174286,0.47892045974731445,0.9998677968978882,0.4982866644859314,0.41079896688461304,-0.11658632755279541,0.9977560639381409,0.9999756813049316,0.48664483428001404,0.4103632867336273,0.11638335883617401,0.9981990456581116,0.999977707862854,0.3924305737018585,0.4532983899116516,-0.24987074732780457,0.797918438911438,0.9996906518936157,0.4247397482395172,0.46478772163391113,0.06831120699644089,0.740381121635437,0.9995631575584412,0.4194214344024658,0.5222079157829285,-0.27562931180000305,0.809474766254425,0.9979286193847656,0.4403749108314514,0.5366371870040894,0.051681846380233765,0.7966008186340332,0.9986193180084229,0.439825177192688,0.5322945713996887,-0.27772098779678345,0.831883430480957,0.9966128468513489,0.453016996383667,0.5473393797874451,0.046365734189748764,0.849212646484375,0.9979401230812073,0.37216565012931824,0.5407909154891968,-0.3464488089084625,0.8037314414978027,0.9948646426200867,0.4098975658416748,0.5539678931236267,-0.003575131995603442,0.7940693497657776,0.9961407780647278
56,1904,True,0.5392206907272339,0.2999001443386078,0.039638321846723557,0.9975208640098572,0.9999939203262329,0.5496643781661987,0.2988130748271942,0.03348394110798836,0.9975967407226562,0.999991774559021,0.5519876480102539,0.2995411157608032,0.033564791083335876,0.9981339573860168,0.9999915361404419,0.5548762083053589,0.3004175126552582,0.03366681933403015,0.9975250959396362,0.9999899864196777,0.5469011664390564,0.2981843948364258,0.06976331770420074,0.9980546236038208,0.9999912977218628,0.547036349773407,0.29841142892837524,0.0696653425693512,0.9981735348701477,0.9999903440475464,0.5473687648773193,0.2987324893474579,0.06972751021385193,0.9976401925086975,0.9999881982803345,0.5658239126205444,0.3081084191799164,0.029801400378346443,0.9967694282531738,0.9999873638153076,0.552543044090271,0.3058357834815979,0.19497980177402496,0.997715413570404,0.999984860420227,0.5372790694236755,0.3069602847099304,0.03833736106753349,0.9935950040817261,0.9999758005142212,0.5341402888298035,0.30606985092163086,0.0858692079782486,0.9947549104690552,0.9999679327011108,0.5557024478912354,0.33335551619529724,-0.08796315640211105,0.9987169504165649,0.9999525547027588,0.5121282935142517,0.3368702530860901,0.32033681869506836,0.9987354278564453,0.9998626708984375,0.49966391921043396,0.30830803513526917,-0.23054540157318115,0.7519610524177551,0.9999570846557617,0.44156545400619507,0.32451289892196655,0.34372979402542114,0.4402804374694824,0.9999738931655884,0.4480707347393036,0.27230218052864075,-0.24212974309921265,0.7677465677261353,0.9999332427978516,0.4143398702144623,0.29067328572273254,0.23224256932735443,0.5253946781158447,0.999923586845398,0.43926379084587097,0.2670244872570038,-0.28528326749801636,0.7553247213363647,0.9998629093170166,0.4078599810600281,0.2855011224746704,0.2222537398338318,0.5173233151435852,0.999826967716217,0.43578040599823,0.26681262254714966,-0.25709792971611023,0.7494897842407227,0.99985671043396,0.41213303804397583,0.28124475479125977,0.20842742919921875,0.514735996723175,0.9998335838317871,0.4424041211605072,0.2684219479560852,-0.2298896312713623,0.7335321307182312,0.9999033212661743,0.41442763805389404,0.28262391686439514,0.2206019014120102,0.508463442325592,0.9998805522918701,0.49848419427871704,0.42882075905799866,-0.12614229321479797,0.9979763031005859,0.9999721050262451,0.4800468385219574,0.42817550897598267,0.1260954737663269,0.9983741641044617,0.9999828338623047,0.39574262499809265,0.47020769119262695,-0.2372894287109375,0.8151475787162781,0.9997132420539856,0.4296494424343109,0.48920291662216187,0.12912265956401825,0.7291389107704163,0.9997993111610413,0.4162673056125641,0.5373388528823853,-0.20301692187786102,0.8242359757423401,0.9986458420753479,0.48252350091934204,0.5643618106842041,0.203134223818779,0.7959785461425781,0.9993818998336792,0.43074867129325867,0.5472685098648071,-0.2011793553829193,0.8410305976867676,0.997797966003418,0.49924230575561523,0.576602578163147,0.20736905932426453,0.851091742515564,0.9990779161453247,0.3527994155883789,0.550329864025116,-0.2736276686191559,0.8183630108833313,0.9969128370285034,0.4566482603549957,0.5795711278915405,0.15858076512813568,0.7962252497673035,0.9982654452323914
57,1938,True,0.5215428471565247,0.3148324191570282,0.12097135186195374,0.9977680444717407,0.999996542930603,0.5318701267242432,0.31327301263809204,0.11207997798919678,0.9978363513946533,0.9999943971633911,0.536257803440094,0.31396031379699707,0.11211518943309784,0.9983198046684265,0.9999940395355225,0.5396718382835388,0.3143807053565979,0.11216780543327332,0.9977718591690063,0.9999932050704956,0.5270245671272278,0.31277090311050415,0.14490939676761627,0.9982479214668274,0.9999938011169434,0.526481568813324,0.3130020499229431,0.14474044740200043,0.9983543157577515,0.999992847442627,0.5260542035102844,0.31314653158187866,0.14478826522827148,0.9978746175765991,0.9999911785125732,0.5491141080856323,0.3205691874027252,0.08780892938375473,0.99709153175354,0.9999916553497314,0.527363121509552,0.31933537125587463,0.25214508175849915,0.9979420304298401,0.9999885559082031,0.5227065682411194,0.3209446370601654,0.11059968918561935,0.9942308664321899,0.9999847412109375,0.5172573328018188,0.32066959142684937,0.15346398949623108,0.9952741265296936,0.9999790191650391,0.546915590763092,0.3419979512691498,-0.039493583142757416,0.9988441467285156,0.9999884366989136,0.49567681550979614,0.34816867113113403,0.3546352982521057,0.99885094165802,0.999948263168335,0.5047686100006104,0.31124579906463623,-0.15725518763065338,0.776689350605011,0.999988317489624,0.42588236927986145,0.33115237951278687,0.4490010440349579,0.4651848375797272,0.9999914169311523,0.4581010043621063,0.27366751432418823,-0.14358991384506226,0.7905229330062866,0.9999696016311646,0.4021500051021576,0.2921646237373352,0.412201464176178,0.5598114728927612,0.9999746084213257,0.44999581575393677,0.2662593722343445,-0.1738048791885376,0.7787981629371643,0.9999194145202637,0.3961060345172882,0.28569161891937256,0.4068189263343811,0.5493825674057007,0.9999285936355591,0.44967037439346313,0.26615583896636963,-0.1515825390815735,0.7732967138290405,0.9999009370803833,0.40099284052848816,0.2826436758041382,0.394268661737442,0.5467016696929932,0.9999250173568726,0.45250773429870605,0.27058959007263184,-0.1326044350862503,0.7586964964866638,0.9999397993087769,0.40192896127700806,0.2856391668319702,0.40191221237182617,0.5422241687774658,0.9999521970748901,0.49862778186798096,0.44072413444519043,-0.1249810978770256,0.9981779456138611,0.9999915361404419,0.4749259650707245,0.4421895444393158,0.12490443140268326,0.9985359907150269,0.9999929666519165,0.4104141294956207,0.49533897638320923,-0.2005002200603485,0.8327135443687439,0.9998582601547241,0.4125916659832001,0.5024484992027283,0.1002027839422226,0.7348196506500244,0.9998400211334229,0.49598172307014465,0.5638288259506226,-0.18547198176383972,0.8401006460189819,0.9995383024215698,0.47882041335105896,0.5719317197799683,0.10308647900819778,0.7980678081512451,0.9998103976249695,0.5131485462188721,0.5685490369796753,-0.18485093116760254,0.8553758859634399,0.9993959665298462,0.4706190824508667,0.5818461179733276,0.09677354991436005,0.857271671295166,0.9997377991676331,0.4522898495197296,0.5912204384803772,-0.2524510622024536,0.8343604207038879,0.9989787340164185,0.4343351125717163,0.5955988168716431,0.03894039988517761,0.8018331527709961,0.9993355870246887
58,1972,True,0.4893651008605957,0.3297005295753479,0.08679760992527008,0.99798983335495,0.9999960660934448,0.4991915822029114,0.3269650936126709,0.08304468542337418,0.9980515241622925,0.9999943971633911,0.502098560333252,0.32615503668785095,0.08314916491508484,0.9984865188598633,0.9999942779541016,0.5048412084579468,0.3259938359260559,0.08325161039829254,0.9979934692382812,0.9999935626983643,0.49314016103744507,0.3270452320575714,0.1180921345949173,0.998421311378479,0.9999935626983643,0.4923020303249359,0.32732075452804565,0.11797003448009491,0.9985160827636719,0.9999926090240479,0.491574227809906,0.3273990750312805,0.11811015754938126,0.9980847835540771,0.9999910593032837,0.5169176459312439,0.33094191551208496,0.08642105758190155,0.9973808526992798,0.9999918937683105,0.49728530645370483,0.33191347122192383,0.2463628202676773,0.998144805431366,0.9999878406524658,0.49520131945610046,0.33553001284599304,0.08695048093795776,0.9948006272315979,0.9999814033508301,0.48822304606437683,0.33644795417785645,0.13272204995155334,0.9957387447357178,0.9999740123748779,0.5302537083625793,0.3551035225391388,-0.0388193279504776,0.9989575147628784,0.9999830722808838,0.4776981770992279,0.3635714054107666,0.3486301302909851,0.9989497065544128,0.9999372959136963,0.4981865882873535,0.31329673528671265,-0.16278979182243347,0.7989544868469238,0.9999901056289673,0.4123518168926239,0.33598750829696655,0.43569281697273254,0.4836432635784149,0.9999909400939941,0.45523345470428467,0.2734137773513794,-0.14243507385253906,0.8111504316329956,0.9999586343765259,0.3982122242450714,0.29307442903518677,0.3823166787624359,0.5883111953735352,0.9999663829803467,0.44923630356788635,0.2658582329750061,-0.17319275438785553,0.8002520203590393,0.9998871088027954,0.3944236636161804,0.2857380509376526,0.37554803490638733,0.5759090781211853,0.9999094009399414,0.44938787817955017,0.2657705843448639,-0.15736402571201324,0.7951484322547913,0.9998482465744019,0.4002118706703186,0.2816842496395111,0.360392689704895,0.573155403137207,0.9999014139175415,0.45062777400016785,0.27050483226776123,-0.13373522460460663,0.7818998098373413,0.9999103546142578,0.4026157855987549,0.28664129972457886,0.37084439396858215,0.5712378025054932,0.9999377727508545,0.4938713014125824,0.4561840891838074,-0.1261385679244995,0.9983589053153992,0.9999887943267822,0.46971431374549866,0.4569641053676605,0.12605200707912445,0.9986812472343445,0.9999916553497314,0.41621673107147217,0.5190334320068359,-0.19297006726264954,0.8485268950462341,0.9998846054077148,0.420773446559906,0.5231178998947144,0.09726743400096893,0.7373661994934082,0.9998922348022461,0.5008407831192017,0.5899850726127625,-0.17238208651542664,0.8543550372123718,0.999713122844696,0.463248074054718,0.5940473079681396,0.08585994690656662,0.7992652058601379,0.999864935874939,0.5303245186805725,0.5936728715896606,-0.17142368853092194,0.8688725829124451,0.9996576309204102,0.479723185300827,0.6050536632537842,0.07782413810491562,0.8636507987976074,0.9998311996459961,0.4600846469402313,0.6142540574073792,-0.24494510889053345,0.8486643433570862,0.9994472861289978,0.4341171681880951,0.6201193928718567,0.015071812085807323,0.8051233887672424,0.9995927214622498
59,2006,True,0.46673914790153503,0.3418200612068176,0.03181149810552597,0.9981876015663147,0.9999905824661255,0.4765684902667999,0.3396894037723541,0.03304080292582512,0.9982433319091797,0.9999860525131226,0.4794013202190399,0.3394148051738739,0.03314176946878433,0.9986343383789062,0.9999856948852539,0.4820147156715393,0.3390553593635559,0.03322932869195938,0.9981910586357117,0.999983549118042,0.4687165915966034,0.3404851257801056,0.0687340721487999,0.9985752105712891,0.9999850988388062,0.4674708843231201,0.3410326838493347,0.06861677765846252,0.9986584782600403,0.9999830722808838,0.4662648141384125,0.3414483368396759,0.06875977665185928,0.9982712268829346,0.999980092048645,0.4917873740196228,0.3432290852069855,0.05650517717003822,0.9976390600204468,0.9999796152114868,0.4692439138889313,0.3458743393421173,0.21706858277320862,0.9983243942260742,0.9999750852584839,0.47352999448776245,0.34777337312698364,0.03813963010907173,0.9953056573867798,0.9999614953994751,0.46531975269317627,0.3489239811897278,0.0847010686993599,0.9961495399475098,0.9999501705169678,0.5111369490623474,0.3660414516925812,-0.06480943411588669,0.9990581274032593,0.9999701976776123,0.45119237899780273,0.3734251856803894,0.31718066334724426,0.9990342259407043,0.9999054670333862,0.4939098060131073,0.3203883767127991,-0.19415806233882904,0.818994402885437,0.9999852180480957,0.40508079528808594,0.3355003893375397,0.345197468996048,0.5161228775978088,0.9999836683273315,0.457309752702713,0.2768821120262146,-0.16653108596801758,0.8297019600868225,0.9998444318771362,0.39809465408325195,0.29265326261520386,0.21710819005966187,0.6199277639389038,0.9998923540115356,0.451402485370636,0.2701471745967865,-0.20103159546852112,0.8194355964660645,0.9995760321617126,0.39749306440353394,0.2847011089324951,0.1875457912683487,0.6046328544616699,0.9997294545173645,0.45093464851379395,0.27010786533355713,-0.1889219880104065,0.8146759867668152,0.9994539618492126,0.4029732942581177,0.28130829334259033,0.1863657683134079,0.6017013192176819,0.999715268611908,0.45213645696640015,0.27388107776641846,-0.16028538346290588,0.8026860356330872,0.9996601343154907,0.405290812253952,0.2856752574443817,0.20635564625263214,0.601423442363739,0.9998072981834412,0.4848180115222931,0.4683853089809418,-0.1265316754579544,0.9985212683677673,0.9999809265136719,0.4592728018760681,0.4689273238182068,0.12640874087810516,0.9988114833831787,0.999984860420227,0.42055976390838623,0.529839813709259,-0.23697520792484283,0.8627289533615112,0.9998278617858887,0.42458975315093994,0.5350998640060425,0.05754693225026131,0.7410597801208496,0.9998254179954529,0.49685075879096985,0.6025341749191284,-0.21181471645832062,0.8670700788497925,0.9994476437568665,0.4795072376728058,0.6038051843643188,0.043783821165561676,0.8022822141647339,0.9997150301933289,0.5270900130271912,0.6076875925064087,-0.2107161432504654,0.8806942701339722,0.9992663264274597,0.5040590167045593,0.6111530065536499,0.03541206195950508,0.8691172003746033,0.9996153116226196,0.4625638425350189,0.6321717500686646,-0.30484896898269653,0.8610740303993225,0.9987247586250305,0.4561160206794739,0.6274823546409607,-0.04438970610499382,0.8084529042243958,0.9990614056587219
60,2040,True,0.45884695649147034,0.3462982773780823,0.08479972183704376,0.9983659982681274,0.9999924898147583,0.4692286550998688,0.34531721472740173,0.08385126292705536,0.9984167218208313,0.99998939037323,0.47243762016296387,0.3457191586494446,0.08393101394176483,0.9987682104110718,0.9999892711639404,0.4758632779121399,0.346039354801178,0.08400458842515945,0.9983696937561035,0.9999878406524658,0.4616786539554596,0.3455278277397156,0.11891881376504898,0.998714804649353,0.9999884366989136,0.46007484197616577,0.3461291491985321,0.11876778304576874,0.9987881779670715,0.9999867677688599,0.45865824818611145,0.34670335054397583,0.11887611448764801,0.9984404444694519,0.9999842643737793,0.4845520555973053,0.35314756631851196,0.08266154676675797,0.9978721737861633,0.999984860420227,0.458891898393631,0.35375288128852844,0.2657472491264343,0.9984880685806274,0.999980092048645,0.4622846841812134,0.35256198048591614,0.08453771471977234,0.9957619905471802,0.9999692440032959,0.454426646232605,0.3530316650867462,0.1302013099193573,0.9965226054191589,0.9999622106552124,0.4962678551673889,0.3742903769016266,-0.06395997107028961,0.9991489052772522,0.999975323677063,0.4357863664627075,0.38092541694641113,0.3488156795501709,0.9991016983985901,0.9999064207077026,0.48365744948387146,0.3249610364437103,-0.16701193153858185,0.8370290994644165,0.99998939037323,0.40838634967803955,0.3359266519546509,0.3828413784503937,0.5373435616493225,0.9999786615371704,0.4603043794631958,0.2784574627876282,-0.14507919549942017,0.8463890552520752,0.999834418296814,0.40194711089134216,0.2931493818759918,0.24952064454555511,0.6430448293685913,0.9998536109924316,0.45633664727211,0.27090340852737427,-0.17826016247272491,0.8367341160774231,0.9995480179786682,0.4003930389881134,0.285810649394989,0.24646884202957153,0.6243658065795898,0.9996641874313354,0.45647749304771423,0.27071890234947205,-0.16600266098976135,0.8322935700416565,0.9994088411331177,0.40725284814834595,0.2827112376689911,0.22131071984767914,0.6211017966270447,0.9996346235275269,0.45706409215927124,0.2745160460472107,-0.1392098069190979,0.8214359879493713,0.9996291399002075,0.40905192494392395,0.28672391176223755,0.24840426445007324,0.622649073600769,0.9997430443763733,0.47851672768592834,0.47575902938842773,-0.12987586855888367,0.9986670017242432,0.9999797344207764,0.44872698187828064,0.47697392106056213,0.12972240149974823,0.998927652835846,0.999976634979248,0.4337790310382843,0.5493263006210327,-0.2629793882369995,0.875687301158905,0.9998388290405273,0.4262150228023529,0.5507054924964905,0.04494643211364746,0.7393172979354858,0.9998250603675842,0.49832603335380554,0.6225934028625488,-0.27565717697143555,0.8789306879043579,0.9995996356010437,0.4915258586406708,0.6209035515785217,0.0015732713509351015,0.8025149703025818,0.9997496008872986,0.5248742699623108,0.6283718943595886,-0.27863308787345886,0.8917619585990906,0.9994506239891052,0.5143169164657593,0.6318169832229614,-0.01089150458574295,0.8727746605873108,0.9996567964553833,0.4561079144477844,0.6511801481246948,-0.38633570075035095,0.8728927969932556,0.9990166425704956,0.4593692719936371,0.6467745304107666,-0.10193746536970139,0.8109084367752075,0.999212384223938
61,2074,True,0.43388184905052185,0.3506649434566498,-0.05630948767066002,0.998521625995636,0.9999730587005615,0.44475898146629333,0.3478453755378723,-0.05927009508013725,0.9985695481300354,0.9999688863754272,0.4482415020465851,0.34807509183883667,-0.05924451723694801,0.9988846778869629,0.9999680519104004,0.4532889425754547,0.34816688299179077,-0.05919189378619194,0.9985271692276001,0.9999639987945557,0.4370768964290619,0.34843379259109497,-0.01722150668501854,0.9988356828689575,0.9999653100967407,0.43608856201171875,0.34897732734680176,-0.017358288168907166,0.9988969564437866,0.9999607801437378,0.43529176712036133,0.34936749935150146,-0.017277579754590988,0.9985869526863098,0.999953031539917,0.46449100971221924,0.3551866412162781,-0.04424044489860535,0.9980767369270325,0.9999587535858154,0.43820321559906006,0.3567134141921997,0.14681507647037506,0.9986270666122437,0.999947190284729,0.4378807544708252,0.3567824363708496,-0.05109678953886032,0.996149480342865,0.9998742341995239,0.4305657744407654,0.35806846618652344,0.0036176624707877636,0.9968305230140686,0.9998416900634766,0.47710540890693665,0.3769081234931946,-0.16393333673477173,0.9992218613624573,0.9999113082885742,0.420740008354187,0.3855312466621399,0.265959769487381,0.9990944862365723,0.9995951056480408,0.46751341223716736,0.3268083930015564,-0.2690260708332062,0.853191614151001,0.9999668598175049,0.40089961886405945,0.3393673300743103,0.3115943372249603,0.542410135269165,0.9999129772186279,0.4546402394771576,0.2795324921607971,-0.2176046222448349,0.8609366416931152,0.9992617964744568,0.400654137134552,0.29884660243988037,0.22341382503509521,0.6530900001525879,0.9992721676826477,0.45315688848495483,0.27013513445854187,-0.2565677762031555,0.8511571884155273,0.9979957342147827,0.40040260553359985,0.2908443510532379,0.20328174531459808,0.6287208795547485,0.9985190033912659,0.45350182056427,0.27146443724632263,-0.24430520832538605,0.846867024898529,0.997634768486023,0.41070282459259033,0.2866298258304596,0.19422636926174164,0.625252366065979,0.9984108209609985,0.45353490114212036,0.27436530590057373,-0.21267877519130707,0.8369519710540771,0.9984087347984314,0.4118586778640747,0.29122260212898254,0.21166187524795532,0.628031849861145,0.9987359642982483,0.4646764397621155,0.4867764413356781,-0.13583862781524658,0.998793363571167,0.9999492168426514,0.4288824796676636,0.4888077676296234,0.13574253022670746,0.9990256428718567,0.9999432563781738,0.4462277591228485,0.566125750541687,-0.25169849395751953,0.8850275278091431,0.9996441602706909,0.42794448137283325,0.5638116002082825,0.09202779829502106,0.7248100638389587,0.9996272325515747,0.5036495327949524,0.6346752047538757,-0.15400074422359467,0.8878836631774902,0.9987395405769348,0.49678945541381836,0.6294898986816406,0.17538486421108246,0.7943148612976074,0.9993332028388977,0.5259492993354797,0.6449699997901917,-0.15060019493103027,0.898335337638855,0.9980904459953308,0.5175341963768005,0.6410223245620728,0.17624688148498535,0.868701696395874,0.9989802241325378,0.4671248495578766,0.6632850766181946,-0.33980438113212585,0.8813837170600891,0.9967005848884583,0.46579915285110474,0.6559808254241943,0.07546105980873108,0.8082151412963867,0.9979677796363831
62,2108,True,0.4101272523403168,0.35176247358322144,-0.05152316018939018,0.9986559748649597,0.9999492168426514,0.41964030265808105,0.34873825311660767,-0.058189570903778076,0.9987034201622009,0.9999470710754395,0.42426881194114685,0.3487464487552643,-0.05819598212838173,0.9989852905273438,0.999946117401123,0.4288458824157715,0.34877723455429077,-0.05816679075360298,0.9986657500267029,0.9999408721923828,0.41349443793296814,0.349750280380249,-0.015518251806497574,0.9989402890205383,0.9999425411224365,0.41269224882125854,0.3504464626312256,-0.015675900503993034,0.99898761510849,0.9999372959136963,0.41110071539878845,0.35108184814453125,-0.015640873461961746,0.99871426820755,0.999927282333374,0.44420555233955383,0.3563705086708069,-0.057438924908638,0.9982563853263855,0.9999397993087769,0.41795963048934937,0.35766905546188354,0.1352759748697281,0.9987474083900452,0.99992835521698,0.41797879338264465,0.3568640947341919,-0.05060189217329025,0.9964800477027893,0.9998062252998352,0.40943771600723267,0.3584820032119751,0.004966631066054106,0.997088611125946,0.9997572302818298,0.46261778473854065,0.37970513105392456,-0.1742056906223297,0.9992895722389221,0.9998971223831177,0.40910089015960693,0.3867284655570984,0.25644561648368835,0.9990971684455872,0.9995972514152527,0.45498865842819214,0.33102911710739136,-0.25461575388908386,0.8676398396492004,0.9999358654022217,0.39569541811943054,0.33879774808883667,0.3340320289134979,0.5294920206069946,0.9998717308044434,0.4529997408390045,0.2812567353248596,-0.17632916569709778,0.8730987906455994,0.9988866448402405,0.39985474944114685,0.3012821078300476,0.3513313829898834,0.6393948197364807,0.9990481734275818,0.45320022106170654,0.27361536026000977,-0.2082655429840088,0.8621066212654114,0.9971194267272949,0.405373215675354,0.29402607679367065,0.34779706597328186,0.6095958948135376,0.9980265498161316,0.4528617858886719,0.27438056468963623,-0.1948394626379013,0.857749879360199,0.9965924620628357,0.4123132824897766,0.2929258346557617,0.33970358967781067,0.605898916721344,0.9978172779083252,0.4516850411891937,0.27766168117523193,-0.17032217979431152,0.8487827777862549,0.9976697564125061,0.4132031798362732,0.2946552634239197,0.34123411774635315,0.61046302318573,0.9982695579528809,0.4535754323005676,0.48935309052467346,-0.13746963441371918,0.9989076852798462,0.9999439716339111,0.41699329018592834,0.4912247061729431,0.13738688826560974,0.9991141557693481,0.9999417066574097,0.45036494731903076,0.5689760446548462,-0.18770307302474976,0.8927078247070312,0.9996324777603149,0.4238533079624176,0.5645347833633423,0.12419384717941284,0.708936870098114,0.9996864795684814,0.49889275431632996,0.6396514773368835,-0.11360495537519455,0.8961548209190369,0.9987190961837769,0.4904400706291199,0.6330662369728088,0.21108894050121307,0.7884944677352905,0.9993844032287598,0.5164681673049927,0.6514889001846313,-0.10975886136293411,0.903290867805481,0.9980998635292053,0.5061153173446655,0.6444363594055176,0.21371781826019287,0.8642898797988892,0.9990180730819702,0.4563445746898651,0.6644139289855957,-0.2613459825515747,0.8898327946662903,0.9962952733039856,0.45631903409957886,0.6593683958053589,0.12339603900909424,0.809949517250061,0.9979249238967896
63,2142,True,0.41596364974975586,0.34536921977996826,0.016390280798077583,0.9987818598747253,0.9999773502349854,0.4294060468673706,0.3432731032371521,0.009932732209563255,0.9988253712654114,0.9999734163284302,0.43327853083610535,0.34347787499427795,0.009981588460505009,0.9990774989128113,0.9999732971191406,0.4401925504207611,0.3436218500137329,0.010041781701147556,0.9987924098968506,0.9999713897705078,0.4176478087902069,0.34455937147140503,0.04892224818468094,0.9990372657775879,0.9999687671661377,0.4162065386772156,0.3452860713005066,0.04876662418246269,0.9990745186805725,0.9999654293060303,0.41466882824897766,0.3458418548107147,0.048830896615982056,0.998832106590271,0.9999582767486572,0.4454423785209656,0.3525390923023224,0.04490705206990242,0.9984196424484253,0.9999654293060303,0.4150688946247101,0.35282647609710693,0.19833210110664368,0.9988571405410767,0.9999518394470215,0.42266109585762024,0.350574254989624,0.012345665134489536,0.9967814087867737,0.999907374382019,0.41342693567276,0.35215434432029724,0.06395430117845535,0.9973384737968445,0.9998906850814819,0.45666924118995667,0.3771858811378479,-0.0636504739522934,0.9993481040000916,0.9998862743377686,0.39517003297805786,0.3822507858276367,0.29592466354370117,0.9990856647491455,0.9994520545005798,0.45030516386032104,0.3318455219268799,-0.1291346400976181,0.8806294798851013,0.999951958656311,0.3855781853199005,0.33797794580459595,0.39015668630599976,0.5310037136077881,0.9998465776443481,0.45172199606895447,0.2809845805168152,-0.03829336538910866,0.883425772190094,0.9994396567344666,0.4021972119808197,0.30103445053100586,0.4385724365711212,0.6285035014152527,0.999363124370575,0.4527691602706909,0.2737687826156616,-0.0626101940870285,0.8702479004859924,0.9985750913619995,0.4082091748714447,0.2933488190174103,0.43457454442977905,0.5928491950035095,0.9987781643867493,0.45329082012176514,0.2743435204029083,-0.055753059685230255,0.8656787872314453,0.9982877373695374,0.4138151705265045,0.29301172494888306,0.43345820903778076,0.5890581011772156,0.9986476302146912,0.45224493741989136,0.2781478464603424,-0.03464190661907196,0.8575968146324158,0.9988530874252319,0.41460099816322327,0.29435819387435913,0.4317530393600464,0.5950023531913757,0.9989416003227234,0.4437682330608368,0.4856502115726471,-0.13422101736068726,0.9990109205245972,0.9999591112136841,0.40319058299064636,0.48956799507141113,0.1339734047651291,0.9991948008537292,0.9999325275421143,0.4566684663295746,0.5632132291793823,-0.17750683426856995,0.9008868336677551,0.9997640252113342,0.41574999690055847,0.5641403794288635,0.12020735442638397,0.7142335772514343,0.9997531771659851,0.49977535009384155,0.6371289491653442,-0.12940138578414917,0.903289794921875,0.9991239905357361,0.48433706164360046,0.6345402002334595,0.17233751714229584,0.7965520024299622,0.999544084072113,0.5165432095527649,0.6488868594169617,-0.12723828852176666,0.9060733914375305,0.9986857771873474,0.5005775690078735,0.6462517976760864,0.1734953224658966,0.8657991886138916,0.9992699027061462,0.461312472820282,0.6639452576637268,-0.2585163414478302,0.8968167304992676,0.9972174167633057,0.45084714889526367,0.6614915132522583,0.06132245063781738,0.8183654546737671,0.9980923533439636
64,2176,True,0.40875154733657837,0.3535575568675995,0.015195818617939949,0.9988890290260315,0.9999632835388184,0.4204869270324707,0.3508762717247009,0.01748700998723507,0.9989297389984131,0.999954104423523,0.4241551160812378,0.3513263165950775,0.01749267429113388,0.9991521239280701,0.9999524354934692,0.4279911518096924,0.35299772024154663,0.01751893013715744,0.9988996982574463,0.9999479055404663,0.41141778230667114,0.35094359517097473,0.0543958805501461,0.9991183876991272,0.9999505281448364,0.41030359268188477,0.35132917761802673,0.054224591702222824,0.9991410970687866,0.999945878982544,0.4092930257320404,0.3515045940876007,0.05428660288453102,0.9989298582077026,0.9999377727508545,0.43679410219192505,0.3591686487197876,0.046003345400094986,0.9985547065734863,0.9999356269836426,0.41031578183174133,0.3572002053260803,0.20410476624965668,0.9989432692527771,0.9999301433563232,0.41363075375556946,0.35978811979293823,0.020960820838809013,0.9970337748527527,0.9998862743377686,0.4058510363101959,0.3592510223388672,0.06896308064460754,0.9975451827049255,0.999869704246521,0.4495445191860199,0.37990570068359375,-0.06740900129079819,0.9994045495986938,0.9999148845672607,0.3896837532520294,0.38373392820358276,0.288991242647171,0.9991259574890137,0.9996901750564575,0.44492900371551514,0.33261024951934814,-0.14747045934200287,0.8922619819641113,0.9999508857727051,0.38143008947372437,0.3376207947731018,0.31458479166030884,0.5442514419555664,0.9998764991760254,0.4516538381576538,0.2849896550178528,-0.0397709459066391,0.8934250473976135,0.9992815852165222,0.40225955843925476,0.2995784878730774,0.2591589093208313,0.6422652006149292,0.9991772770881653,0.4532546103000641,0.27720925211906433,-0.09466742724180222,0.879146933555603,0.9981535077095032,0.40887659788131714,0.29244887828826904,0.2341586798429489,0.6016358733177185,0.9984386563301086,0.4536503553390503,0.2773858308792114,-0.1002117246389389,0.874520480632782,0.9978467226028442,0.4147254228591919,0.2917800545692444,0.2383664846420288,0.5976454019546509,0.9983553290367126,0.4525220990180969,0.2796601951122284,-0.05803220719099045,0.8671903610229492,0.9985364675521851,0.41411611437797546,0.2939193546772003,0.25099554657936096,0.6036665439605713,0.998620867729187,0.4342513978481293,0.4826306402683258,-0.12832696735858917,0.9991057515144348,0.9999459981918335,0.3962066173553467,0.4872128963470459,0.12796393036842346,0.9992706775665283,0.9999300241470337,0.4588044583797455,0.5574761033058167,-0.15648183226585388,0.9087543487548828,0.9998027682304382,0.4022446572780609,0.5601763725280762,0.12155645340681076,0.7244688272476196,0.9998192191123962,0.504215657711029,0.6313357949256897,-0.09908272325992584,0.910737931728363,0.9992440938949585,0.47003141045570374,0.6299452185630798,0.1811610609292984,0.8079575896263123,0.9996358156204224,0.5179727077484131,0.6392196416854858,-0.09746917337179184,0.9094365835189819,0.9987336993217468,0.4978175759315491,0.6435518860816956,0.179446280002594,0.8698700070381165,0.9993664622306824,0.4833243489265442,0.6591220498085022,-0.24895210564136505,0.9039235711097717,0.9973323345184326,0.44242846965789795,0.6580209732055664,0.06296809762716293,0.8286778926849365,0.9983977675437927
65,2210,True,0.3914232850074768,0.3526807427406311,0.030553892254829407,0.9989852905273438,0.9999605417251587,0.4023415446281433,0.3493576645851135,0.02389105223119259,0.9990240335464478,0.9999556541442871,0.4080682098865509,0.3495553135871887,0.024080123752355576,0.9992215633392334,0.999956488609314,0.41321462392807007,0.35010185837745667,0.024268455803394318,0.9989983439445496,0.9999550580978394,0.3937707245349884,0.3496037423610687,0.06065499037504196,0.9991905093193054,0.9999455213546753,0.3920958936214447,0.34998488426208496,0.060504037886857986,0.9991998672485352,0.9999393224716187,0.38977766036987305,0.3502393066883087,0.06060519069433212,0.9990163445472717,0.9999285936355591,0.42491593956947327,0.3567247986793518,0.06855818629264832,0.9986811280250549,0.9999507665634155,0.3945882022380829,0.35551717877388,0.22901847958564758,0.9990221261978149,0.9999231100082397,0.39918288588523865,0.3584586977958679,0.02613794058561325,0.997260332107544,0.9998960494995117,0.38855981826782227,0.35917162895202637,0.07409492135047913,0.9977261424064636,0.9998610019683838,0.4408699870109558,0.3788786828517914,-0.03743443638086319,0.9994553327560425,0.9999275207519531,0.37915951013565063,0.38398921489715576,0.29048100113868713,0.99913090467453,0.9994680285453796,0.4459114372730255,0.3320603370666504,-0.11881675571203232,0.902794361114502,0.9999489784240723,0.37841975688934326,0.33724668622016907,0.37498536705970764,0.541069507598877,0.9997358918190002,0.45129844546318054,0.282586932182312,-0.03508815914392471,0.9019821882247925,0.9992815852165222,0.40026503801345825,0.29848867654800415,0.4163608253002167,0.6346474289894104,0.9986863732337952,0.45344001054763794,0.2753525674343109,-0.0626029521226883,0.8859916925430298,0.998134970664978,0.4097610414028168,0.292211651802063,0.40607017278671265,0.5897409915924072,0.9977582693099976,0.45357564091682434,0.27552953362464905,-0.057506952434778214,0.8811782002449036,0.9978519678115845,0.4132491946220398,0.2909635901451111,0.4100019633769989,0.5856483578681946,0.9976000189781189,0.4522833824157715,0.27753469347953796,-0.034101616591215134,0.8745393753051758,0.9985488057136536,0.41319572925567627,0.292476624250412,0.4113396406173706,0.5918845534324646,0.9979748129844666,0.41680917143821716,0.4815017580986023,-0.12107643485069275,0.9991888403892517,0.999933123588562,0.37870627641677856,0.48896628618240356,0.1206846535205841,0.9993336200714111,0.9998494386672974,0.45650410652160645,0.5528773665428162,-0.13064023852348328,0.9156907796859741,0.9998090863227844,0.3976159691810608,0.5608604550361633,0.12599599361419678,0.7322676777839661,0.9997196793556213,0.495050311088562,0.6275280117988586,-0.1017313078045845,0.9176150560379028,0.9990882873535156,0.4501895010471344,0.6265453100204468,0.1773516833782196,0.8165798783302307,0.9994319081306458,0.5110446810722351,0.6355140805244446,-0.10216933488845825,0.9132484197616577,0.9985300302505493,0.4826198220252991,0.6399547457695007,0.17457711696624756,0.8727801442146301,0.9990757703781128,0.4749320447444916,0.6552042961120605,-0.2478979080915451,0.9105727076530457,0.9967857599258423,0.4284825921058655,0.6536573171615601,0.06279929727315903,0.8372331857681274,0.9977619647979736
66,2244,True,0.3789498209953308,0.3518301844596863,0.09149765223264694,0.9990809559822083,0.9999887943267822,0.38767382502555847,0.3476267457008362,0.09850393235683441,0.9991162419319153,0.999985933303833,0.39265963435173035,0.3477301597595215,0.0984528511762619,0.999293327331543,0.9999861717224121,0.3976464569568634,0.34787601232528687,0.0984347015619278,0.9990940690040588,0.9999855756759644,0.3799372911453247,0.3479319214820862,0.1322626918554306,0.9992645382881165,0.9999823570251465,0.3782300353050232,0.34825417399406433,0.13205350935459137,0.9992682337760925,0.9999802112579346,0.3759588599205017,0.3484184145927429,0.13212332129478455,0.9991058707237244,0.9999760389328003,0.41231849789619446,0.3535245358943939,0.13352619111537933,0.9988060593605042,0.9999843835830688,0.3811004161834717,0.3530207574367523,0.2857171595096588,0.9991088509559631,0.9999737739562988,0.38695165514945984,0.3580886721611023,0.09839197993278503,0.9975095987319946,0.9999736547470093,0.3767434358596802,0.35894519090652466,0.14266425371170044,0.9979292750358582,0.9999610185623169,0.4375309944152832,0.3764949440956116,0.026241710409522057,0.9995077252388,0.9999780654907227,0.36707165837287903,0.38359755277633667,0.33241719007492065,0.999191164970398,0.9998359680175781,0.44573721289634705,0.33104538917541504,-0.03969113528728485,0.9123088121414185,0.9999688863754272,0.36835065484046936,0.33730101585388184,0.43876224756240845,0.5435991287231445,0.9999009370803833,0.4521021842956543,0.28087887167930603,0.061446212232112885,0.9096065759658813,0.9996397495269775,0.39164412021636963,0.29805848002433777,0.5261349678039551,0.6298651695251465,0.9995049238204956,0.4540815055370331,0.27357015013694763,0.04740281030535698,0.8918207883834839,0.9990422129631042,0.40029314160346985,0.2912996709346771,0.523446798324585,0.5796786546707153,0.9990033507347107,0.4539332985877991,0.27373403310775757,0.050101056694984436,0.8867985606193542,0.9988855719566345,0.4042428731918335,0.29007044434547424,0.5292447805404663,0.5752796530723572,0.998927652835846,0.4528343081474304,0.27586787939071655,0.06412235647439957,0.8809112310409546,0.999273955821991,0.4050174653530121,0.2916485369205475,0.5229194164276123,0.581912100315094,0.9991663694381714,0.4062938988208771,0.4773539900779724,-0.1147940531373024,0.9992664456367493,0.9999547004699707,0.36418670415878296,0.4833849370479584,0.11440406739711761,0.9993956089019775,0.9999145269393921,0.44393429160118103,0.5490233302116394,-0.13578882813453674,0.922406017780304,0.9999068975448608,0.3728615939617157,0.5562673807144165,0.1082308366894722,0.7476001381874084,0.9998899698257446,0.49470439553260803,0.6217536926269531,-0.11324819177389145,0.9237586855888367,0.9994602799415588,0.4167800843715668,0.623930811882019,0.13730907440185547,0.828584611415863,0.9997251629829407,0.5037381649017334,0.6313489079475403,-0.11332815885543823,0.9163668155670166,0.9991757273674011,0.44945698976516724,0.6414662003517151,0.1317995935678482,0.8788719177246094,0.9995436072349548,0.4663594663143158,0.6503282785415649,-0.25417593121528625,0.9167762398719788,0.9981012940406799,0.38587477803230286,0.6527217626571655,0.018044687807559967,0.8484049439430237,0.9986615180969238
67,2278,True,0.37611567974090576,0.3484458029270172,0.16797447204589844,0.9991695284843445,0.9999943971633911,0.38344094157218933,0.3446672856807709,0.17770378291606903,0.9992011785507202,0.9999924898147583,0.38761648535728455,0.3447006642818451,0.177644744515419,0.9993603229522705,0.999992847442627,0.3921220600605011,0.34475070238113403,0.1776125133037567,0.9991821050643921,0.9999927282333374,0.37560245394706726,0.3452005386352539,0.20963333547115326,0.9993337988853455,0.9999898672103882,0.3738970458507538,0.3455994129180908,0.20940342545509338,0.9993346333503723,0.9999885559082031,0.3721584379673004,0.34581825137138367,0.20950165390968323,0.9991900324821472,0.999985933303833,0.40668585896492004,0.3502999544143677,0.21154919266700745,0.9989224672317505,0.999992847442627,0.3755417764186859,0.3505774140357971,0.355387806892395,0.999193012714386,0.999984860420227,0.3846762776374817,0.3539758622646332,0.17579351365566254,0.9977465271949768,0.9999891519546509,0.37448760867118835,0.3551574647426605,0.21768097579479218,0.9981247186660767,0.999982476234436,0.43359071016311646,0.37229785323143005,0.09594916552305222,0.9995561838150024,0.9999932050704956,0.3632776141166687,0.3804090619087219,0.3906330466270447,0.999258816242218,0.9999221563339233,0.4513446092605591,0.3283356726169586,0.030928529798984528,0.9209722876548767,0.9999867677688599,0.3613944947719574,0.3357708752155304,0.4777096211910248,0.5529838800430298,0.999942421913147,0.4533470869064331,0.2798216938972473,0.13769562542438507,0.9170875549316406,0.9998007416725159,0.38698384165763855,0.2978397011756897,0.5699487328529358,0.625440239906311,0.999700665473938,0.4541688561439514,0.2732231914997101,0.12823864817619324,0.89813232421875,0.9994040727615356,0.39516347646713257,0.29035109281539917,0.5691266655921936,0.5688730478286743,0.9993395209312439,0.4537235200405121,0.2726327180862427,0.1329595446586609,0.8930100202560425,0.9993133544921875,0.39952269196510315,0.2896236479282379,0.5783028602600098,0.5638943314552307,0.9992879033088684,0.45251405239105225,0.27504196763038635,0.14210031926631927,0.8878411650657654,0.9995666146278381,0.40043699741363525,0.290955513715744,0.5680555701255798,0.5713264346122742,0.9994783997535706,0.394821435213089,0.47277602553367615,-0.11228237301111221,0.9993374943733215,0.9999758005142212,0.35500603914260864,0.47834882140159607,0.11178028583526611,0.9994528293609619,0.9999432563781738,0.39425918459892273,0.5416086912155151,-0.15512409806251526,0.9285483956336975,0.9999260902404785,0.353773295879364,0.5512329339981079,0.08900463581085205,0.7614873647689819,0.9998879432678223,0.43667078018188477,0.6141486167907715,-0.17163637280464172,0.9285797476768494,0.9995390176773071,0.4285944998264313,0.6201951503753662,0.04923291131854057,0.8395957350730896,0.9996936321258545,0.4588090181350708,0.6242622137069702,-0.1736910194158554,0.9194827675819397,0.9993143081665039,0.45583051443099976,0.6344692707061768,0.03772539272904396,0.8850033283233643,0.9994951486587524,0.4012831449508667,0.6471155881881714,-0.27919265627861023,0.9215288162231445,0.9981812238693237,0.39813506603240967,0.6582778096199036,-0.05610741674900055,0.8578521609306335,0.9982049465179443
68,2312,True,0.37131187319755554,0.3468077778816223,0.24529938399791718,0.9992509484291077,0.9999979734420776,0.3775528073310852,0.34280484914779663,0.259440541267395,0.999279260635376,0.9999970197677612,0.3817114233970642,0.34285080432891846,0.259337842464447,0.9994223713874817,0.9999972581863403,0.3861282467842102,0.34299173951148987,0.25926482677459717,0.9992625117301941,0.9999971389770508,0.37044915556907654,0.34337109327316284,0.28844740986824036,0.999397873878479,0.9999955892562866,0.3687277138233185,0.34379687905311584,0.2881662845611572,0.9993971586227417,0.9999948740005493,0.3666622042655945,0.344057559967041,0.2882697284221649,0.9992676973342896,0.9999934434890747,0.40113550424575806,0.3490329384803772,0.3022438585758209,0.9990286231040955,0.9999972581863403,0.3706369698047638,0.3491503596305847,0.43337661027908325,0.9992704391479492,0.9999926090240479,0.3795721232891083,0.35227757692337036,0.25565311312675476,0.9979641437530518,0.9999961853027344,0.3697293698787689,0.35339242219924927,0.2940157651901245,0.9983044266700745,0.999992847442627,0.43411001563072205,0.3710469901561737,0.1907629817724228,0.9996002316474915,0.9999970197677612,0.3566991984844208,0.37927889823913574,0.4426957368850708,0.9993231892585754,0.999940037727356,0.45402663946151733,0.32752060890197754,0.16171936690807343,0.9287053346633911,0.9999876022338867,0.3505188524723053,0.3385697901248932,0.5603489279747009,0.5501015186309814,0.9999295473098755,0.45333975553512573,0.27914294600486755,0.3067631423473358,0.9224295616149902,0.999824583530426,0.3863832354545593,0.2976427972316742,0.7127963304519653,0.6088599562644958,0.9996598958969116,0.45411789417266846,0.27216237783432007,0.3094014823436737,0.9006063938140869,0.9995143413543701,0.3947186768054962,0.2900489866733551,0.718134880065918,0.5496798753738403,0.9993477463722229,0.45330336689949036,0.2718850076198578,0.30893436074256897,0.8949614763259888,0.9994476437568665,0.3992394804954529,0.2890998423099518,0.7283594608306885,0.5442783832550049,0.999289870262146,0.4518772065639496,0.27457478642463684,0.3110540807247162,0.8904879093170166,0.9996408224105835,0.4009561836719513,0.2907724976539612,0.7129322290420532,0.5519266128540039,0.9994507431983948,0.3909437358379364,0.47071903944015503,-0.1037500724196434,0.9994020462036133,0.999981164932251,0.34174469113349915,0.4765442907810211,0.10318871587514877,0.9995051026344299,0.9999381303787231,0.3982866406440735,0.5404898524284363,-0.15613995492458344,0.9349182844161987,0.9999675750732422,0.32226747274398804,0.5497802495956421,0.06374296545982361,0.781403660774231,0.9999315738677979,0.4461807608604431,0.6162621378898621,-0.18185916543006897,0.934166431427002,0.9997707009315491,0.36729001998901367,0.6189738512039185,0.011408602818846703,0.8530837893486023,0.9998636245727539,0.45873016119003296,0.625374436378479,-0.1850654035806656,0.92360919713974,0.9996618032455444,0.3860813081264496,0.6295207738876343,-0.0017436256166547537,0.8932689428329468,0.9997828602790833,0.4189102053642273,0.6454240083694458,-0.29852744936943054,0.9271734356880188,0.9989607334136963,0.3397205173969269,0.6547132134437561,-0.09987946599721909,0.8695388436317444,0.9989914298057556
69,2346,True,0.36886146664619446,0.34558016061782837,0.24084283411502838,0.9993235468864441,0.9999969005584717,0.3755551278591156,0.34200385212898254,0.2578965127468109,0.9993484616279602,0.9999953508377075,0.3797113299369812,0.3420208692550659,0.25775736570358276,0.9994771480560303,0.9999957084655762,0.38411861658096313,0.3422381281852722,0.25764212012290955,0.9993341565132141,0.9999955892562866,0.3677632510662079,0.34270429611206055,0.2860381007194519,0.9994542002677917,0.9999929666519165,0.365526020526886,0.3432440161705017,0.2857775092124939,0.9994513988494873,0.9999916553497314,0.36357685923576355,0.34364205598831177,0.2858924865722656,0.9993359446525574,0.9999890327453613,0.39811715483665466,0.3482183814048767,0.30887603759765625,0.9991231560707092,0.9999955892562866,0.36710450053215027,0.3490358889102936,0.4358506202697754,0.9993374347686768,0.9999867677688599,0.37651053071022034,0.35102716088294983,0.2536696493625641,0.9981554746627808,0.9999934434890747,0.3656527101993561,0.35212114453315735,0.29090362787246704,0.998461902141571,0.9999877214431763,0.43165987730026245,0.3706672489643097,0.19769328832626343,0.9996395707130432,0.9999935626983643,0.3477121889591217,0.37834224104881287,0.44186270236968994,0.9993722438812256,0.9998623132705688,0.4538215100765228,0.32662665843963623,0.17347140610218048,0.9356388449668884,0.9999804496765137,0.34299933910369873,0.33955103158950806,0.5492359399795532,0.5444024205207825,0.9998724460601807,0.4535541534423828,0.278836190700531,0.324339359998703,0.9268159866333008,0.9997531771659851,0.38490062952041626,0.2974856495857239,0.7017332911491394,0.5903702974319458,0.9995418787002563,0.45380786061286926,0.2719982862472534,0.3272455334663391,0.9016664028167725,0.9993413090705872,0.39658093452453613,0.28973475098609924,0.7065806984901428,0.5292860269546509,0.9991669654846191,0.4511416554450989,0.27214550971984863,0.32677432894706726,0.8953946828842163,0.9992551207542419,0.4001534879207611,0.2885843515396118,0.7181417942047119,0.5236736536026001,0.999086856842041,0.4499132037162781,0.2754027247428894,0.3286004364490509,0.8915653228759766,0.9995148181915283,0.40062153339385986,0.2904651165008545,0.7021912336349487,0.5314043164253235,0.9992885589599609,0.3817592263221741,0.4698083996772766,-0.09848323464393616,0.9994588494300842,0.9999687671661377,0.3276870846748352,0.4762982726097107,0.09791190177202225,0.9995508193969727,0.9998939037322998,0.39471423625946045,0.5405808687210083,-0.15588445961475372,0.9405331015586853,0.9999516010284424,0.3027181029319763,0.5482507944107056,0.04752182587981224,0.8004482388496399,0.9999110698699951,0.4354826509952545,0.6140362024307251,-0.17166365683078766,0.938745379447937,0.9997060894966125,0.3318840563297272,0.6196131110191345,0.01217292807996273,0.8658937811851501,0.9998164772987366,0.43887266516685486,0.6219494938850403,-0.17370456457138062,0.9261566400527954,0.9995859265327454,0.34618622064590454,0.6301887631416321,0.0004996893694624305,0.9011077880859375,0.9997085928916931,0.4210297763347626,0.6432564854621887,-0.28473392128944397,0.9316571354866028,0.9988313317298889,0.29859018325805664,0.6529990434646606,-0.11095917224884033,0.8805476427078247,0.9986854195594788
70,2380,True,0.36723190546035767,0.3451108932495117,0.38114896416664124,0.999390721321106,0.9999995231628418,0.3737414479255676,0.3416597247123718,0.40968582034111023,0.9994128942489624,0.9999992847442627,0.3781503438949585,0.3417089581489563,0.4095865488052368,0.9995287656784058,0.9999992847442627,0.3825882077217102,0.34176963567733765,0.4094891846179962,0.99940025806427,0.9999992847442627,0.36497676372528076,0.34225988388061523,0.43213194608688354,0.9995078444480896,0.9999986886978149,0.36265242099761963,0.34277480840682983,0.43185415863990784,0.999504804611206,0.9999983310699463,0.36018672585487366,0.34354886412620544,0.43202292919158936,0.9994010925292969,0.999997615814209,0.39642876386642456,0.3474981188774109,0.48110613226890564,0.9992102980613708,0.9999992847442627,0.362169474363327,0.348643958568573,0.5815888047218323,0.9994025230407715,0.9999966621398926,0.375718355178833,0.35065335035324097,0.3981989920139313,0.9983367323875427,0.9999983310699463,0.3634371757507324,0.35172945261001587,0.4276292026042938,0.9986124634742737,0.9999966621398926,0.4297645092010498,0.3699877858161926,0.3591458201408386,0.9996752142906189,0.9999973773956299,0.3433399796485901,0.3777958154678345,0.556286096572876,0.9994138479232788,0.9998996257781982,0.45428580045700073,0.3263266682624817,0.3668094575405121,0.9418614506721497,0.9999889135360718,0.3410210907459259,0.351188987493515,0.637959361076355,0.5265822410583496,0.9999008178710938,0.45364370942115784,0.2786073684692383,0.567230761051178,0.9303858876228333,0.9998979568481445,0.3867446482181549,0.31948480010032654,0.8240087628364563,0.5583648681640625,0.9997571110725403,0.4535507559776306,0.27154749631881714,0.5830755233764648,0.902144730091095,0.9997114539146423,0.40352892875671387,0.3122895061969757,0.8359043598175049,0.49794167280197144,0.9995309114456177,0.451508492231369,0.27177292108535767,0.5835550427436829,0.8950552344322205,0.9996962547302246,0.4051499366760254,0.3140812814235687,0.8523697853088379,0.49201327562332153,0.999518632888794,0.45034435391426086,0.27513033151626587,0.5735330581665039,0.8913288116455078,0.9997962117195129,0.4019787311553955,0.31640753149986267,0.8272568583488464,0.49906665086746216,0.999640703201294,0.37585482001304626,0.4633607268333435,-0.09138445556163788,0.9995086789131165,0.9999713897705078,0.3188666105270386,0.4683317542076111,0.09076882153749466,0.9995887279510498,0.9998598098754883,0.37424859404563904,0.5391827821731567,-0.21506384015083313,0.9461274743080139,0.9999701976776123,0.28607189655303955,0.546450138092041,-0.016856329515576363,0.8181017637252808,0.9999089241027832,0.4119859039783478,0.6117122173309326,-0.3465134799480438,0.9433794617652893,0.9997168183326721,0.306416779756546,0.6228223443031311,-0.16047725081443787,0.8769422769546509,0.9997667670249939,0.4135001003742218,0.620367169380188,-0.3624550998210907,0.9300610423088074,0.9995085000991821,0.3182297348976135,0.6368982195854187,-0.1850404590368271,0.9075523018836975,0.9995846152305603,0.38973745703697205,0.6437491178512573,-0.46918144822120667,0.936618447303772,0.9982798099517822,0.26408499479293823,0.6541599631309509,-0.27604007720947266,0.8900669813156128,0.9977546334266663
71,2414,True,0.36640578508377075,0.3434241712093353,0.31684038043022156,0.9994504451751709,0.9999973773956299,0.3737144470214844,0.3388511836528778,0.3375764489173889,0.999470055103302,0.9999964237213135,0.3779939115047455,0.3387433886528015,0.337436318397522,0.9995744228363037,0.9999966621398926,0.38265398144721985,0.33830493688583374,0.33733269572257996,0.9994590878486633,0.9999966621398926,0.36509376764297485,0.3394427001476288,0.3611122667789459,0.9995549321174622,0.9999936819076538,0.36287540197372437,0.33975130319595337,0.3608689308166504,0.9995512366294861,0.9999920129776001,0.3604082465171814,0.34005486965179443,0.3610263764858246,0.9994581937789917,0.9999890327453613,0.3960381746292114,0.3436943292617798,0.39464420080184937,0.9992879629135132,0.999996542930603,0.36271926760673523,0.3444890081882477,0.5008583068847656,0.9994593262672424,0.9999853372573853,0.3749619424343109,0.3489605784416199,0.331188827753067,0.9984955191612244,0.9999909400939941,0.3631635904312134,0.3498327136039734,0.36227574944496155,0.998742938041687,0.999981164932251,0.4259301424026489,0.3694846034049988,0.2881908118724823,0.9997071027755737,0.9999938011169434,0.3398064970970154,0.3777519464492798,0.49787554144859314,0.9994391202926636,0.9997739195823669,0.4534081220626831,0.325950562953949,0.3158818185329437,0.9474338889122009,0.9999792575836182,0.32215315103530884,0.36927106976509094,0.6142272353172302,0.5032204985618591,0.9996992349624634,0.4517207145690918,0.2792213559150696,0.5330491065979004,0.9325023889541626,0.9997922778129578,0.36924034357070923,0.3382168412208557,0.770402193069458,0.5294411182403564,0.9994435906410217,0.4519121050834656,0.2724810242652893,0.5513511896133423,0.9001219868659973,0.9994269609451294,0.38096529245376587,0.3312237858772278,0.7820314168930054,0.4737784266471863,0.9990948438644409,0.44864875078201294,0.27297455072402954,0.5520396828651428,0.8920910358428955,0.9994074106216431,0.3831089437007904,0.33076968789100647,0.7885357141494751,0.4681565761566162,0.9990769624710083,0.44733569025993347,0.27676740288734436,0.540149986743927,0.888882040977478,0.9995879530906677,0.3803021013736725,0.33318865299224854,0.771378219127655,0.47350814938545227,0.9992284774780273,0.36546894907951355,0.4592228829860687,-0.09359685331583023,0.9995536804199219,0.9999659061431885,0.3101312518119812,0.46251171827316284,0.0930570736527443,0.9996227622032166,0.9998666048049927,0.342583030462265,0.537906289100647,-0.20001259446144104,0.9507750868797302,0.9999308586120605,0.2660232186317444,0.5409619808197021,0.019783100113272667,0.8315377235412598,0.9998182654380798,0.37368181347846985,0.610531210899353,-0.28847140073776245,0.9466965198516846,0.9992548823356628,0.28668463230133057,0.6199008822441101,-0.08658763766288757,0.8853365778923035,0.9995543360710144,0.3869854807853699,0.6201942563056946,-0.29746323823928833,0.9317440390586853,0.9988831877708435,0.3014838397502899,0.6334553956985474,-0.10436339676380157,0.9119693040847778,0.9993151426315308,0.34695345163345337,0.642194390296936,-0.38835471868515015,0.9400067925453186,0.997164785861969,0.24564774334430695,0.6532546281814575,-0.1773514598608017,0.8973909616470337,0.9970105886459351
72,2448,True,0.36527174711227417,0.3432086706161499,0.3266029357910156,0.999504029750824,0.9999949932098389,0.3731290102005005,0.3381025791168213,0.34488341212272644,0.9995211362838745,0.9999929666519165,0.3773128390312195,0.33794736862182617,0.3447812497615814,0.9996152520179749,0.9999934434890747,0.38192862272262573,0.3375037908554077,0.34469127655029297,0.9995117783546448,0.9999934434890747,0.36497634649276733,0.338540256023407,0.3670204281806946,0.9995972514152527,0.9999892711639404,0.36308327317237854,0.33871057629585266,0.36669331789016724,0.9995931386947632,0.9999874830245972,0.3612646460533142,0.3388388454914093,0.366759330034256,0.9995098114013672,0.9999840259552002,0.39682430028915405,0.3423617482185364,0.3919471204280853,0.9993575215339661,0.9999935626983643,0.3645300567150116,0.342566579580307,0.4921347200870514,0.9995113611221313,0.9999821186065674,0.3739800751209259,0.34871241450309753,0.3373258113861084,0.9986390471458435,0.9999890327453613,0.36318710446357727,0.34930095076560974,0.3666941225528717,0.9988622665405273,0.9999804496765137,0.4248847961425781,0.36926397681236267,0.28756996989250183,0.9997358918190002,0.9999933242797852,0.34113726019859314,0.3775366544723511,0.48864245414733887,0.9994775652885437,0.9998576641082764,0.4515238106250763,0.32545334100723267,0.3113615810871124,0.9524295330047607,0.9999721050262451,0.3095332980155945,0.37662214040756226,0.6280370354652405,0.4826135039329529,0.9997443556785583,0.45063331723213196,0.27997809648513794,0.5255593061447144,0.9334650635719299,0.9997134804725647,0.35013172030448914,0.3560541272163391,0.8091551065444946,0.501774787902832,0.9995278120040894,0.45142045617103577,0.2734415531158447,0.5471633672714233,0.8961938619613647,0.99925297498703,0.35824623703956604,0.3519214987754822,0.8270079493522644,0.4497066140174866,0.9992198944091797,0.4480745196342468,0.2742840349674225,0.5449583530426025,0.8870640993118286,0.9992154836654663,0.36105337738990784,0.3519814908504486,0.8309346437454224,0.44445809721946716,0.9992013573646545,0.44743847846984863,0.27865245938301086,0.5312916040420532,0.8846065998077393,0.9994377493858337,0.3596838712692261,0.3535597324371338,0.8106851577758789,0.4486604630947113,0.9993298053741455,0.35963281989097595,0.454923152923584,-0.09417671710252762,0.99959397315979,0.9999456405639648,0.30484744906425476,0.45749083161354065,0.0936441719532013,0.999651312828064,0.999811589717865,0.3207955062389374,0.5346056222915649,-0.20466990768909454,0.9551573395729065,0.999937891960144,0.2567448019981384,0.5295695066452026,0.005829487461596727,0.8418874144554138,0.999798595905304,0.33861181139945984,0.6126159429550171,-0.3587043285369873,0.9506307244300842,0.9991427659988403,0.260995477437973,0.6126536130905151,-0.12085434794425964,0.8908782005310059,0.9995111227035522,0.3522549271583557,0.6226686835289001,-0.3744533658027649,0.9342888593673706,0.9985581040382385,0.28254586458206177,0.6271644234657288,-0.14000138640403748,0.9134899973869324,0.9992483258247375,0.3087438941001892,0.6467465758323669,-0.4740280210971832,0.9441789984703064,0.9958376884460449,0.21653054654598236,0.6384493708610535,-0.2092253565788269,0.9029682874679565,0.9967567324638367
73,2482,True,0.3660377860069275,0.3426898121833801,0.3807937204837799,0.9995529651641846,0.999998927116394,0.3739129900932312,0.3371370732784271,0.4041917622089386,0.9995681643486023,0.9999985694885254,0.37855538725852966,0.3369736075401306,0.4040954113006592,0.9996529221534729,0.9999986886978149,0.3833751976490021,0.3365562856197357,0.4039877951145172,0.9995599985122681,0.9999988079071045,0.3658059537410736,0.3375610113143921,0.4272293448448181,0.9996364116668701,0.9999972581863403,0.36399057507514954,0.33765339851379395,0.42694976925849915,0.9996321797370911,0.9999964237213135,0.3619769513607025,0.33761683106422424,0.4270715117454529,0.9995572566986084,0.9999948740005493,0.39815783500671387,0.3411584496498108,0.4612555503845215,0.9994211792945862,0.9999988079071045,0.366075336933136,0.3407544493675232,0.5619959831237793,0.9995591044425964,0.9999922513961792,0.37473365664482117,0.3481360971927643,0.3925044536590576,0.9987715482711792,0.9999969005584717,0.3640380799770355,0.3484777808189392,0.42223435640335083,0.9989723563194275,0.999992847442627,0.4239982068538666,0.367713987827301,0.33871757984161377,0.9997615814208984,0.9999953508377075,0.3434900641441345,0.37588930130004883,0.5564213991165161,0.9994637966156006,0.9996408224105835,0.4514121115207672,0.3252849280834198,0.33791384100914,0.9570480585098267,0.9999721050262451,0.32449573278427124,0.3722085952758789,0.6649697422981262,0.465106338262558,0.9997182488441467,0.4509355425834656,0.279524564743042,0.5383844971656799,0.9367863535881042,0.9998294115066528,0.3553789258003235,0.34514880180358887,0.8858857750892639,0.46952077746391296,0.999656081199646,0.4515235424041748,0.27264755964279175,0.5597360134124756,0.8985912799835205,0.9995982050895691,0.3718504309654236,0.35051989555358887,0.9138295650482178,0.419360876083374,0.9994304776191711,0.44821420311927795,0.2739713788032532,0.562604546546936,0.8890635371208191,0.9995608925819397,0.364585280418396,0.3369276523590088,0.9244704246520996,0.41432225704193115,0.999427080154419,0.4478987753391266,0.2784041166305542,0.5466603636741638,0.8861898183822632,0.9996806383132935,0.3640252351760864,0.3361271023750305,0.8891900181770325,0.4181179702281952,0.9995498061180115,0.35238152742385864,0.44739770889282227,-0.0948256105184555,0.9996268153190613,0.999915599822998,0.29867231845855713,0.45231103897094727,0.09427101165056229,0.9996552467346191,0.999313235282898,0.2980969250202179,0.5161008238792419,-0.34551480412483215,0.9594874978065491,0.9999643564224243,0.2454974353313446,0.5213485956192017,-0.03168846666812897,0.8521559238433838,0.9997625946998596,0.3047146797180176,0.612121045589447,-0.6043509244918823,0.9551888108253479,0.9995564818382263,0.2370918244123459,0.6089459657669067,-0.20833367109298706,0.8965500593185425,0.9994789958000183,0.3088448941707611,0.621719241142273,-0.632270872592926,0.939879834651947,0.9991047978401184,0.24959158897399902,0.6250606179237366,-0.23507408797740936,0.9165661334991455,0.9991934895515442,0.2663074731826782,0.6446688771247864,-0.7583001255989075,0.9493368268013,0.9969283938407898,0.1856946051120758,0.626972496509552,-0.31860730051994324,0.9091501235961914,0.9966447353363037
74,2516,True,0.3655431568622589,0.3419109582901001,0.3498378396034241,0.9995971322059631,0.9999985694885254,0.37338247895240784,0.3356502652168274,0.3675742745399475,0.9996107220649719,0.9999979734420776,0.37795737385749817,0.33548703789711,0.36751797795295715,0.9996869564056396,0.9999980926513672,0.3827422559261322,0.33517542481422424,0.3674597144126892,0.9996034502983093,0.9999980926513672,0.36581602692604065,0.3360343277454376,0.3926895260810852,0.9996719360351562,0.9999966621398926,0.36399638652801514,0.33606845140457153,0.3923681974411011,0.9996676445007324,0.9999958276748657,0.36249881982803345,0.33609408140182495,0.3924464285373688,0.9996004104614258,0.9999943971633911,0.3970355689525604,0.3392808735370636,0.4109438955783844,0.9994783997535706,0.9999979734420776,0.36705145239830017,0.33924999833106995,0.5236590504646301,0.9996022582054138,0.9999924898147583,0.3743775188922882,0.34772321581840515,0.35858508944511414,0.9988912343978882,0.9999957084655762,0.36383140087127686,0.34807920455932617,0.39176279306411743,0.9990717768669128,0.9999911785125732,0.42472177743911743,0.3649260699748993,0.29271557927131653,0.9997851252555847,0.9999973773956299,0.3461674451828003,0.37320375442504883,0.5226147770881653,0.9994978904724121,0.9998931884765625,0.45141956210136414,0.3215673863887787,0.2951846420764923,0.9611842632293701,0.9999879598617554,0.3100142478942871,0.37497854232788086,0.6601452827453613,0.44633975625038147,0.9998247027397156,0.4512269198894501,0.27941498160362244,0.4938534200191498,0.9399577379226685,0.999847412109375,0.3354921042919159,0.36005261540412903,0.8169447183609009,0.45285147428512573,0.9996029734611511,0.4515680968761444,0.27200210094451904,0.5101876854896545,0.900795042514801,0.9995591044425964,0.33951929211616516,0.3583115339279175,0.8312686681747437,0.40561598539352417,0.9993646740913391,0.44839048385620117,0.2736757695674896,0.5109641551971436,0.8908815383911133,0.9995483756065369,0.3418630063533783,0.35713496804237366,0.8308223485946655,0.4008544087409973,0.9993634819984436,0.4481649696826935,0.27796217799186707,0.5009773373603821,0.8882153630256653,0.9996782541275024,0.342864066362381,0.3577454686164856,0.8155909180641174,0.4032839238643646,0.9994416832923889,0.34650918841362,0.4422426223754883,-0.09585119783878326,0.9996609687805176,0.9999706745147705,0.29469773173332214,0.4467465877532959,0.09522935003042221,0.9996809363365173,0.999866247177124,0.27779603004455566,0.5092281699180603,-0.29517874121665955,0.9632028937339783,0.9999731779098511,0.22493968904018402,0.5068235993385315,-0.006594257894903421,0.86130291223526,0.9998689889907837,0.2769598662853241,0.5989540815353394,-0.4368721544742584,0.9589475989341736,0.9996086955070496,0.21171805262565613,0.5933694839477539,-0.14904196560382843,0.9019798040390015,0.9997490048408508,0.2909166216850281,0.6194937825202942,-0.45745229721069336,0.9436830878257751,0.9992781281471252,0.2335195094347,0.6080761551856995,-0.17104142904281616,0.9194092154502869,0.9996116757392883,0.24069879949092865,0.6297996044158936,-0.5641444325447083,0.9533799290657043,0.9975981116294861,0.16243988275527954,0.6103538870811462,-0.2398829162120819,0.9142799973487854,0.9981166124343872
75,2550,True,0.3643234372138977,0.34121188521385193,0.3719824552536011,0.9996365308761597,0.9999978542327881,0.3736587464809418,0.33445876836776733,0.38667064905166626,0.9996486306190491,0.9999972581863403,0.37835776805877686,0.33433377742767334,0.3865759074687958,0.9997172951698303,0.999997615814209,0.38321739435195923,0.3340790867805481,0.3864966034889221,0.9996423721313477,0.9999977350234985,0.3662068545818329,0.3346542716026306,0.4142283499240875,0.9997032284736633,0.9999949932098389,0.3645581603050232,0.3347150683403015,0.41392791271209717,0.9996985793113708,0.9999936819076538,0.3630317151546478,0.33461877703666687,0.4140251576900482,0.9996383190155029,0.9999914169311523,0.3982364535331726,0.33802276849746704,0.4219389259815216,0.9995297789573669,0.9999977350234985,0.3682020902633667,0.33774837851524353,0.5443328619003296,0.9996405243873596,0.9999885559082031,0.37180763483047485,0.34696465730667114,0.37763845920562744,0.9989973902702332,0.9999948740005493,0.36244887113571167,0.34729862213134766,0.41378992795944214,0.9991594552993774,0.9999884366989136,0.4254968762397766,0.3633477985858917,0.29697301983833313,0.9998061060905457,0.9999964237213135,0.3497449457645416,0.37059828639030457,0.5446235537528992,0.9995087385177612,0.9998026490211487,0.45168355107307434,0.31450724601745605,0.2969665825366974,0.9649268984794617,0.9999798536300659,0.32070356607437134,0.3603230118751526,0.70082688331604,0.4263559579849243,0.9997956156730652,0.45208537578582764,0.2767844796180725,0.5115450024604797,0.9423542618751526,0.9998393058776855,0.3408375084400177,0.33526042103767395,0.9122085571289062,0.4287737309932709,0.9996292591094971,0.451521635055542,0.27119696140289307,0.5311457514762878,0.9020244479179382,0.9995744824409485,0.3453561067581177,0.32718560099601746,0.9345594048500061,0.3845892548561096,0.999339759349823,0.4487641751766205,0.27326396107673645,0.531909167766571,0.8918023705482483,0.9995377063751221,0.3540191352367401,0.33015260100364685,0.9383941888809204,0.3802631199359894,0.999321699142456,0.4484094977378845,0.2759861648082733,0.5194306969642639,0.8891438841819763,0.99967360496521,0.35534489154815674,0.3339606523513794,0.9128466248512268,0.38251835107803345,0.9994503855705261,0.3384079039096832,0.4400494694709778,-0.10302768647670746,0.9996896386146545,0.9999485015869141,0.2925276756286621,0.44470280408859253,0.10234519094228745,0.99969881772995,0.999724805355072,0.26107895374298096,0.5065345168113708,-0.23958852887153625,0.9665086269378662,0.9999513626098633,0.2176319807767868,0.5079187750816345,0.02116641029715538,0.8673423528671265,0.9997809529304504,0.25614485144615173,0.5941469669342041,-0.3888075649738312,0.9621145725250244,0.9994207620620728,0.20840619504451752,0.5891104340553284,-0.1101037785410881,0.9053726196289062,0.9996209144592285,0.2642311155796051,0.6098634004592896,-0.4063619375228882,0.947312593460083,0.9990239143371582,0.22907955944538116,0.6043975353240967,-0.130934476852417,0.9219744205474854,0.9994437098503113,0.21282292902469635,0.6186034083366394,-0.5025473237037659,0.9568797945976257,0.9971745014190674,0.156126007437706,0.609761118888855,-0.19989047944545746,0.9180153012275696,0.9975900650024414
76,2584,True,0.3644634187221527,0.33945930004119873,0.34684574604034424,0.9996718764305115,0.9999966621398926,0.37442290782928467,0.33259788155555725,0.35737693309783936,0.9996827244758606,0.9999960660934448,0.3787074089050293,0.33245307207107544,0.3573090136051178,0.9997445940971375,0.9999963045120239,0.3839179277420044,0.3323032259941101,0.357253760099411,0.9996772408485413,0.9999963045120239,0.36734941601753235,0.33318445086479187,0.38967788219451904,0.9997314214706421,0.9999933242797852,0.3658716082572937,0.33311954140663147,0.38939955830574036,0.9997264742851257,0.9999920129776001,0.3648027181625366,0.33300453424453735,0.389458030462265,0.999672532081604,0.9999896287918091,0.40014976263046265,0.33632922172546387,0.3846984803676605,0.9995757341384888,0.9999959468841553,0.3704317808151245,0.3362264037132263,0.5243200659751892,0.9996747970581055,0.9999856948852539,0.3708086311817169,0.3455072343349457,0.3485735058784485,0.9990913271903992,0.9999908208847046,0.36282700300216675,0.3459116816520691,0.3913024365901947,0.9992370009422302,0.9999812841415405,0.426690936088562,0.36128929257392883,0.2694261372089386,0.9998248815536499,0.9999958276748657,0.3517466187477112,0.36924105882644653,0.5360745191574097,0.9995245933532715,0.9998527765274048,0.4513040781021118,0.30986398458480835,0.26553016901016235,0.9683634638786316,0.9999889135360718,0.3138669431209564,0.36222684383392334,0.7151885032653809,0.4066166579723358,0.9998451471328735,0.4522043764591217,0.27559465169906616,0.44255685806274414,0.946399986743927,0.9998917579650879,0.3210034668445587,0.3397056460380554,0.8753671646118164,0.41889309883117676,0.9995787739753723,0.4515976309776306,0.26955920457839966,0.45480459928512573,0.9071502089500427,0.9996873140335083,0.3193219006061554,0.33345821499824524,0.8944011330604553,0.3790609836578369,0.9993195533752441,0.4490237832069397,0.27078840136528015,0.45693540573120117,0.8971476554870605,0.9996670484542847,0.3239002525806427,0.3346810042858124,0.886454701423645,0.3757949769496918,0.9993075132369995,0.4494013786315918,0.27273473143577576,0.4501778483390808,0.8941701650619507,0.9997707009315491,0.3267618715763092,0.3369848430156708,0.8713902235031128,0.3766058683395386,0.9993935823440552,0.3250972628593445,0.43851590156555176,-0.11796154081821442,0.9997167587280273,0.9999582767486572,0.28582796454429626,0.44300398230552673,0.11738283187150955,0.9997193813323975,0.9998249411582947,0.23629270493984222,0.5022099614143372,-0.2007327675819397,0.9694433212280273,0.9999620914459229,0.21402809023857117,0.5068947076797485,0.07694622874259949,0.8668750524520874,0.9998443126678467,0.22388266026973724,0.5881062150001526,-0.3642336428165436,0.9650264978408813,0.9996297359466553,0.20454151928424835,0.5920721888542175,-0.055977459996938705,0.9054305553436279,0.9997336268424988,0.2253980189561844,0.6058029532432556,-0.3796049654483795,0.9509178400039673,0.9993394017219543,0.21665069460868835,0.6057999134063721,-0.07777996361255646,0.9231842756271362,0.9996013045310974,0.1618298441171646,0.6067653894424438,-0.48084187507629395,0.960189938545227,0.9983478784561157,0.1451815664768219,0.6012257933616638,-0.1370861679315567,0.9203693270683289,0.9985150694847107
77,2618,True,0.36467641592025757,0.3375878930091858,0.3819401264190674,0.9997020959854126,0.9999934434890747,0.3754708468914032,0.33150044083595276,0.3877048194408417,0.9997113943099976,0.9999922513961792,0.3794763684272766,0.3314875662326813,0.387663871049881,0.9997674226760864,0.9999924898147583,0.3841544985771179,0.3314360976219177,0.38763418793678284,0.9997069239616394,0.9999926090240479,0.36835649609565735,0.33215048909187317,0.4207611382007599,0.9997552633285522,0.9999889135360718,0.3672313988208771,0.33221179246902466,0.4204467236995697,0.9997498393058777,0.9999876022338867,0.36634448170661926,0.33224767446517944,0.4204276502132416,0.9997017979621887,0.9999852180480957,0.40094295144081116,0.3358706533908844,0.38817647099494934,0.999614953994751,0.9999918937683105,0.37159207463264465,0.3360150158405304,0.5363383293151855,0.9997048377990723,0.9999819993972778,0.3718000054359436,0.34341949224472046,0.37563636898994446,0.9991708993911743,0.9999881982803345,0.36265552043914795,0.3446868658065796,0.41966038942337036,0.9993038773536682,0.99997878074646,0.4242463707923889,0.3603305220603943,0.2559584081172943,0.9998419880867004,0.9999969005584717,0.35278668999671936,0.3689539134502411,0.5373276472091675,0.9995580911636353,0.9999257326126099,0.44947701692581177,0.3066536784172058,0.24754369258880615,0.9714577198028564,0.9999884366989136,0.3040667474269867,0.3832210302352905,0.7164015769958496,0.3827586770057678,0.9998201727867126,0.4520430564880371,0.2756460905075073,0.43978211283683777,0.9501728415489197,0.9998195767402649,0.29153019189834595,0.38987767696380615,0.8663201332092285,0.3975988030433655,0.9994482398033142,0.4517326354980469,0.2695518136024475,0.45211371779441833,0.9122685790061951,0.9994595646858215,0.28382936120033264,0.39219075441360474,0.8873323202133179,0.3627193570137024,0.9991925358772278,0.44919878244400024,0.2707653045654297,0.4526612460613251,0.9025620818138123,0.9994226694107056,0.2873426079750061,0.3941788375377655,0.8741320967674255,0.3600912392139435,0.9991781115531921,0.44951578974723816,0.2736223638057709,0.44725579023361206,0.8992674946784973,0.9996064305305481,0.29318732023239136,0.39313459396362305,0.861574113368988,0.36020269989967346,0.9992517828941345,0.31461670994758606,0.43585166335105896,-0.1166110560297966,0.9997429251670837,0.9999580383300781,0.2819118797779083,0.4414648115634918,0.11605672538280487,0.9997422695159912,0.9998655319213867,0.20687906444072723,0.496765673160553,-0.2012934386730194,0.9722352623939514,0.9999570846557617,0.20372390747070312,0.5067108869552612,0.07819882780313492,0.8685083985328674,0.9998319149017334,0.1846262812614441,0.5769526958465576,-0.3736822009086609,0.9679737091064453,0.9996241331100464,0.17353279888629913,0.5913837552070618,-0.06581432372331619,0.9067243933677673,0.9996590614318848,0.19248992204666138,0.5972168445587158,-0.3909980356693268,0.9546031355857849,0.9993228912353516,0.18948088586330414,0.6022411584854126,-0.08952046185731888,0.9238550662994385,0.9994763731956482,0.12336128205060959,0.5982774496078491,-0.47959932684898376,0.9634668231010437,0.9980009198188782,0.12462448328733444,0.5940612554550171,-0.14375747740268707,0.9231461882591248,0.9980754852294922
78,2652,True,0.36421042680740356,0.3359008729457855,0.36104753613471985,0.9997299909591675,0.999993085861206,0.3742341697216034,0.3306037187576294,0.3653372824192047,0.9997380971908569,0.999991774559021,0.3782162666320801,0.33087417483329773,0.3652940094470978,0.9997887015342712,0.9999921321868896,0.3825235962867737,0.33081385493278503,0.36526408791542053,0.9997345209121704,0.9999923706054688,0.3686126172542572,0.3309418261051178,0.3976081907749176,0.9997771382331848,0.9999885559082031,0.3678422272205353,0.33110523223876953,0.39731529355049133,0.9997711777687073,0.9999872446060181,0.3672029376029968,0.3312835395336151,0.397325724363327,0.9997286200523376,0.9999847412109375,0.3977954387664795,0.3356747627258301,0.3676581084728241,0.9996512532234192,0.9999915361404419,0.3725695013999939,0.33595889806747437,0.5204972624778748,0.9997320771217346,0.9999805688858032,0.3703538775444031,0.3424666225910187,0.35472264885902405,0.9992444515228271,0.999984860420227,0.3624444603919983,0.3434355854988098,0.39738717675209045,0.9993652701377869,0.9999736547470093,0.41676050424575806,0.360515832901001,0.2209412306547165,0.9998569488525391,0.9999940395355225,0.35347455739974976,0.36852315068244934,0.5229102373123169,0.9995777010917664,0.9998971223831177,0.4437177777290344,0.30782973766326904,0.19313828647136688,0.9742100238800049,0.9999845027923584,0.3054355978965759,0.3646169900894165,0.7103181481361389,0.3671538829803467,0.9999052286148071,0.4516797363758087,0.27611973881721497,0.3737451434135437,0.9526814222335815,0.999862551689148,0.3167397677898407,0.37056922912597656,0.8928723931312561,0.3837358057498932,0.9996730089187622,0.45086461305618286,0.2707068920135498,0.38416147232055664,0.9154273271560669,0.9996377229690552,0.31599438190460205,0.3700147569179535,0.9184056520462036,0.3527452349662781,0.9994325041770935,0.448517769575119,0.27215880155563354,0.3795757591724396,0.9058843851089478,0.9996011853218079,0.31882214546203613,0.39150482416152954,0.9072865843772888,0.35083135962486267,0.9994162321090698,0.4432789385318756,0.2746903896331787,0.3787173330783844,0.9022974371910095,0.9997206330299377,0.32180196046829224,0.3909940719604492,0.8894494771957397,0.35039106011390686,0.999510645866394,0.3069235384464264,0.435368150472641,-0.1207866370677948,0.9997664093971252,0.999964714050293,0.28192365169525146,0.44104090332984924,0.12029889225959778,0.9997633695602417,0.9999014139175415,0.1975880116224289,0.4931483268737793,-0.19867971539497375,0.9747292995452881,0.9999589920043945,0.2017848789691925,0.5010668039321899,0.08422969281673431,0.8652568459510803,0.9998856782913208,0.17696815729141235,0.5711185932159424,-0.3662344217300415,0.9706376194953918,0.9997071623802185,0.17770253121852875,0.5840718746185303,-0.059441566467285156,0.9065316319465637,0.9997919201850891,0.18583829700946808,0.5901200175285339,-0.38261792063713074,0.958016037940979,0.9995297193527222,0.18766170740127563,0.5973047018051147,-0.08259468525648117,0.9238791465759277,0.9996987581253052,0.10331831127405167,0.5814118385314941,-0.4708438515663147,0.9665600657463074,0.998765230178833,0.1113235130906105,0.5860074758529663,-0.13305199146270752,0.9255475401878357,0.9989915490150452
79,2686,True,0.36142468452453613,0.3353729844093323,0.36515939235687256,0.999755859375,0.9999936819076538,0.370331346988678,0.3304414451122284,0.37041279673576355,0.9997629523277283,0.9999926090240479,0.374353289604187,0.3307721018791199,0.3703652322292328,0.999808669090271,0.999993085861206,0.378462016582489,0.33077821135520935,0.37032195925712585,0.9997600317001343,0.9999933242797852,0.3650455176830292,0.3307850956916809,0.4013778567314148,0.9997978806495667,0.9999889135360718,0.3645307421684265,0.3309958577156067,0.4010993540287018,0.9997919797897339,0.9999874830245972,0.3642929494380951,0.33123812079429626,0.40110164880752563,0.9997538924217224,0.9999847412109375,0.39425837993621826,0.33550119400024414,0.3742213249206543,0.9996850490570068,0.999993085861206,0.37071847915649414,0.33596092462539673,0.5161943435668945,0.999757707118988,0.9999805688858032,0.36816835403442383,0.3416067659854889,0.36114323139190674,0.9993136525154114,0.9999854564666748,0.36006996035575867,0.34282973408699036,0.4020703136920929,0.9994231462478638,0.9999727010726929,0.41592079401016235,0.3601204752922058,0.23622804880142212,0.9998706579208374,0.999994158744812,0.3491058051586151,0.3685721158981323,0.5283390879631042,0.9995996356010437,0.9998849630355835,0.44406870007514954,0.3077014088630676,0.21717223525047302,0.9767232537269592,0.9999791383743286,0.31148308515548706,0.3632442355155945,0.7232513427734375,0.3537188470363617,0.9998756647109985,0.45167016983032227,0.2781371474266052,0.40788397192955017,0.9556751251220703,0.9998325109481812,0.3225795030593872,0.36883971095085144,0.9210747480392456,0.3730624318122864,0.9996153116226196,0.45128196477890015,0.272724449634552,0.4247942268848419,0.9195674061775208,0.9995545744895935,0.3216014504432678,0.3644406199455261,0.9489003419876099,0.3453187346458435,0.9993231296539307,0.4488770365715027,0.2736106514930725,0.41871345043182373,0.9103342294692993,0.9995087385177612,0.32301855087280273,0.38581234216690063,0.9408515691757202,0.3441673815250397,0.9993126392364502,0.4452595114707947,0.2751043438911438,0.4129597842693329,0.9066235423088074,0.999649167060852,0.3258182406425476,0.38105541467666626,0.9190910458564758,0.3433225750923157,0.9994199275970459,0.30474546551704407,0.43470945954322815,-0.12041997164487839,0.9997875094413757,0.9999344348907471,0.27894729375839233,0.4408493638038635,0.1199108138680458,0.9997822046279907,0.9997918009757996,0.1827802062034607,0.4926725924015045,-0.1993044763803482,0.9770389199256897,0.9999407529830933,0.187317356467247,0.5008550882339478,0.07811112701892853,0.8635358214378357,0.9998037219047546,0.16056646406650543,0.5736228227615356,-0.37502992153167725,0.9730048775672913,0.9994946718215942,0.1563781350851059,0.5816532373428345,-0.0854412168264389,0.9059239029884338,0.9996483325958252,0.17422054708003998,0.5902935266494751,-0.39165806770324707,0.9610679745674133,0.9991254210472107,0.16254518926143646,0.5971164703369141,-0.10976381599903107,0.9237488508224487,0.9994713664054871,0.0886249914765358,0.582808256149292,-0.4684353172779083,0.9693499207496643,0.9977025389671326,0.10284058004617691,0.5911316871643066,-0.15454836189746857,0.9275786876678467,0.9979853630065918
80,2720,True,0.3606358468532562,0.3351169228553772,0.357801228761673,0.9997792840003967,0.9999958276748657,0.3698575794696808,0.3305293917655945,0.3638266623020172,0.9997856020927429,0.999995231628418,0.3736833930015564,0.3308144509792328,0.36378395557403564,0.9998269081115723,0.9999955892562866,0.3775268495082855,0.33084428310394287,0.36374717950820923,0.9997831583023071,0.9999957084655762,0.3643684387207031,0.3307528495788574,0.3955175280570984,0.9998167753219604,0.9999926090240479,0.3638862669467926,0.33097201585769653,0.3952426016330719,0.9998109936714172,0.9999912977218628,0.36369386315345764,0.3312303423881531,0.39525923132896423,0.9997768998146057,0.9999892711639404,0.3923194110393524,0.3355831503868103,0.3708861172199249,0.9997156262397766,0.9999958276748657,0.37039896845817566,0.33600836992263794,0.512954831123352,0.9997808933258057,0.9999867677688599,0.36722221970558167,0.34134167432785034,0.3546167016029358,0.9993751049041748,0.9999884366989136,0.3591654896736145,0.3423294126987457,0.39647436141967773,0.9994747042655945,0.9999779462814331,0.4133686125278473,0.36003950238227844,0.23586736619472504,0.9998830556869507,0.9999960660934448,0.34710249304771423,0.36864596605300903,0.5292147397994995,0.9996172785758972,0.9998952150344849,0.4430989921092987,0.30836743116378784,0.21710450947284698,0.9789761900901794,0.999987006187439,0.3147663176059723,0.36360692977905273,0.7392621636390686,0.3344099223613739,0.999859094619751,0.45672497153282166,0.2798314094543457,0.40930670499801636,0.9583062529563904,0.9998835325241089,0.3271612823009491,0.3566059470176697,0.9468680620193481,0.3580454885959625,0.9995816349983215,0.4554619789123535,0.2725709080696106,0.4253371059894562,0.9231641888618469,0.9996684789657593,0.32663458585739136,0.3519092798233032,0.9785006046295166,0.33442559838294983,0.9993178844451904,0.4538699984550476,0.27349889278411865,0.4219011962413788,0.9141824841499329,0.9996405839920044,0.3283310532569885,0.3606184124946594,0.9689445495605469,0.3338080644607544,0.99930739402771,0.4491223096847534,0.2752498686313629,0.41528257727622986,0.9103586673736572,0.9997490048408508,0.3307713568210602,0.3600442111492157,0.9450892806053162,0.33222684264183044,0.999396800994873,0.3012814521789551,0.4334399104118347,-0.12134921550750732,0.9998070597648621,0.9999619722366333,0.2779145836830139,0.4398782253265381,0.12079858779907227,0.9997997879981995,0.999852180480957,0.18379747867584229,0.48999738693237305,-0.19880065321922302,0.9791240096092224,0.9999580383300781,0.1894477903842926,0.4995056688785553,0.08577860891819,0.8623636960983276,0.9998348951339722,0.1593252569437027,0.5708214044570923,-0.3783929646015167,0.9752437472343445,0.999636173248291,0.16787739098072052,0.580061674118042,-0.08208028227090836,0.9069963097572327,0.9997147917747498,0.17509455978870392,0.5886887311935425,-0.3951752185821533,0.9640045762062073,0.9993718266487122,0.1747942417860031,0.5962757468223572,-0.10541447252035141,0.9247835874557495,0.9995591044425964,0.10157474130392075,0.5855845212936401,-0.4680706858634949,0.9718995094299316,0.9982574582099915,0.11655126512050629,0.5924338102340698,-0.15105026960372925,0.9299173355102539,0.9983561635017395
81,2754,True,0.35826048254966736,0.33516788482666016,0.401266485452652,0.9997981190681458,0.9999959468841553,0.3667919933795929,0.33060091733932495,0.397539347410202,0.999803900718689,0.9999955892562866,0.37129300832748413,0.3308463394641876,0.3975314795970917,0.9998413920402527,0.9999957084655762,0.3746331036090851,0.33086591958999634,0.3975491523742676,0.9998019337654114,0.9999957084655762,0.3629997968673706,0.33082064986228943,0.4308190643787384,0.999832272529602,0.999994158744812,0.36295217275619507,0.3310418128967285,0.4305383563041687,0.9998264312744141,0.9999935626983643,0.36314690113067627,0.3312988579273224,0.4305034279823303,0.9997962117195129,0.9999926090240479,0.38940179347991943,0.3354894518852234,0.36901718378067017,0.9997410774230957,0.9999955892562866,0.3706790506839752,0.3360914885997772,0.5137495398521423,0.9998012185096741,0.9999915361404419,0.364087849855423,0.3413392901420593,0.38310113549232483,0.999427855014801,0.9999923706054688,0.35732999444007874,0.3423100411891937,0.4271305501461029,0.9995201230049133,0.9999876022338867,0.408586323261261,0.3587654232978821,0.21653832495212555,0.9998944401741028,0.9999974966049194,0.3478949964046478,0.3688005805015564,0.5261631011962891,0.9996461272239685,0.9999570846557617,0.4376705586910248,0.30951642990112305,0.1595243215560913,0.9810041785240173,0.9999892711639404,0.3150680661201477,0.39758560061454773,0.7232257127761841,0.3107280135154724,0.9998098015785217,0.4509884715080261,0.2809733748435974,0.2979485094547272,0.9609464406967163,0.9998674392700195,0.2873637080192566,0.41204220056533813,0.8566956520080566,0.3353593349456787,0.9994680285453796,0.4548247754573822,0.27320989966392517,0.3015596270561218,0.9270395636558533,0.99962317943573,0.27638697624206543,0.4149242043495178,0.8882872462272644,0.3160165548324585,0.9992852807044983,0.45371487736701965,0.2742692530155182,0.30871811509132385,0.9183560013771057,0.9996071457862854,0.27602097392082214,0.41853705048561096,0.8602246642112732,0.31555482745170593,0.9993040561676025,0.4487961530685425,0.2771158516407013,0.3060544729232788,0.9142507910728455,0.9997228980064392,0.2826935350894928,0.4172545075416565,0.8492954969406128,0.31409621238708496,0.9993416666984558,0.2986125946044922,0.43137460947036743,-0.12060290575027466,0.9998250007629395,0.9999698400497437,0.2785758078098297,0.43878403306007385,0.12005511671304703,0.9998155832290649,0.9999107122421265,0.18070527911186218,0.4887104630470276,-0.19911053776741028,0.9810203313827515,0.9999463558197021,0.19118726253509521,0.4994291663169861,0.09604597091674805,0.8604308366775513,0.9998090863227844,0.15852013230323792,0.5715477466583252,-0.37901073694229126,0.9772819876670837,0.999616265296936,0.1745452582836151,0.5813916921615601,-0.07764803618192673,0.9058092832565308,0.9996463060379028,0.17186662554740906,0.5896831750869751,-0.3962966799736023,0.9666444659233093,0.9993335604667664,0.1818474382162094,0.5972477197647095,-0.1031467542052269,0.9233960509300232,0.9994462132453918,0.09663837403059006,0.5837491750717163,-0.4633933901786804,0.9740191102027893,0.9981934428215027,0.1240578219294548,0.5925489664077759,-0.13736286759376526,0.9295876026153564,0.9983155727386475
82,2788,True,0.3589676320552826,0.3352220952510834,0.385270357131958,0.9998162984848022,0.9999963045120239,0.3673441708087921,0.3310014605522156,0.38526055216789246,0.9998212456703186,0.9999951124191284,0.3709961473941803,0.3312338590621948,0.3852679431438446,0.9998549222946167,0.9999949932098389,0.3740040361881256,0.33129942417144775,0.3852919638156891,0.9998195171356201,0.9999948740005493,0.3635147511959076,0.33118686079978943,0.41767263412475586,0.9998471736907959,0.9999940395355225,0.3634098768234253,0.3314395546913147,0.41737157106399536,0.9998413920402527,0.9999934434890747,0.36355477571487427,0.3317334055900574,0.4173598289489746,0.9998146295547485,0.9999922513961792,0.38730573654174805,0.33617860078811646,0.3646690249443054,0.9997643232345581,0.999994158744812,0.37037140130996704,0.3375408351421356,0.5122597813606262,0.9998196959495544,0.9999904632568359,0.3638749122619629,0.34135064482688904,0.3716142773628235,0.9994773864746094,0.999991774559021,0.35785090923309326,0.34233763813972473,0.4144887626171112,0.9995627403259277,0.9999877214431763,0.40389782190322876,0.35889723896980286,0.2021063268184662,0.9999046325683594,0.999997615814209,0.34578078985214233,0.370312362909317,0.5225120186805725,0.9996719360351562,0.9999644756317139,0.438460111618042,0.30943888425827026,0.15082986652851105,0.9828317761421204,0.9999939203262329,0.3033292591571808,0.3949381411075592,0.6580325961112976,0.29433220624923706,0.9999126195907593,0.4509172737598419,0.27922341227531433,0.2937036156654358,0.9637776613235474,0.9998866319656372,0.2668929696083069,0.4051958918571472,0.7323519587516785,0.32420775294303894,0.9996950626373291,0.45556873083114624,0.2724060118198395,0.2917650640010834,0.9315716028213501,0.99964439868927,0.2544904053211212,0.4074942171573639,0.748393177986145,0.30772069096565247,0.9995417594909668,0.4545991122722626,0.2735136151313782,0.30054932832717896,0.9232312440872192,0.9996210336685181,0.25612157583236694,0.4104747176170349,0.7263712286949158,0.30751389265060425,0.9995424747467041,0.4497307240962982,0.2767629325389862,0.3018637001514435,0.9189431071281433,0.9997360110282898,0.26334288716316223,0.40924930572509766,0.7228173017501831,0.3057655990123749,0.9995792508125305,0.29755598306655884,0.43158158659935,-0.12048465758562088,0.9998409748077393,0.9999773502349854,0.2764607071876526,0.4387567639350891,0.11998149752616882,0.9998301267623901,0.9999417066574097,0.17877687513828278,0.4878849387168884,-0.22127923369407654,0.9825881123542786,0.9999651908874512,0.1844925582408905,0.4977782368659973,0.09550343453884125,0.8491555452346802,0.9998894929885864,0.1578914374113083,0.5694141387939453,-0.397714227437973,0.9787371754646301,0.9997614026069641,0.15457962453365326,0.5738111734390259,-0.08731215447187424,0.8969311118125916,0.9997897744178772,0.17297013103961945,0.5884331464767456,-0.41559839248657227,0.9685488343238831,0.9995470643043518,0.15085628628730774,0.5916978716850281,-0.11208486557006836,0.9172046184539795,0.9996581077575684,0.10133402049541473,0.5814838409423828,-0.4802764058113098,0.975692093372345,0.9987993240356445,0.08908477425575256,0.5779240727424622,-0.15755987167358398,0.9262491464614868,0.9989200830459595
83,2822,True,0.3577369153499603,0.3352501690387726,0.39053723216056824,0.9998332858085632,0.999995231628418,0.3665144145488739,0.33105412125587463,0.3897528648376465,0.9998376965522766,0.9999947547912598,0.369631826877594,0.3312683403491974,0.3897469937801361,0.9998680949211121,0.9999949932098389,0.37328746914863586,0.3313095271587372,0.38976380228996277,0.9998363256454468,0.9999949932098389,0.36266136169433594,0.3312230706214905,0.4218207597732544,0.999860942363739,0.9999926090240479,0.36277225613594055,0.3314785361289978,0.42151451110839844,0.9998551607131958,0.999991774559021,0.36313238739967346,0.33177298307418823,0.4214976727962494,0.9998314380645752,0.9999902248382568,0.3871653378009796,0.3359697163105011,0.3680724799633026,0.9997864365577698,0.9999951124191284,0.36989185214042664,0.33762428164482117,0.5136487483978271,0.9998366832733154,0.9999886751174927,0.3626388907432556,0.3413642644882202,0.37798672914505005,0.9995231628417969,0.999990701675415,0.35681501030921936,0.3422946333885193,0.42040663957595825,0.9996015429496765,0.9999842643737793,0.40610212087631226,0.3589274287223816,0.21402916312217712,0.99991375207901,0.9999970197677612,0.34624183177948,0.3701228201389313,0.5242516398429871,0.9996939897537231,0.9999531507492065,0.42996951937675476,0.30897802114486694,0.18477275967597961,0.9844522476196289,0.9999904632568359,0.3067397177219391,0.39247655868530273,0.7265607118606567,0.28235042095184326,0.9999114274978638,0.44948309659957886,0.27918633818626404,0.3595935106277466,0.965317964553833,0.9998860359191895,0.2880953550338745,0.38744959235191345,0.909209132194519,0.31521910429000854,0.9996753931045532,0.45457321405410767,0.2727523446083069,0.37138015031814575,0.9336886405944824,0.9996782541275024,0.2812765836715698,0.3857957422733307,0.9395535588264465,0.3021479845046997,0.9994854927062988,0.4543300271034241,0.27384722232818604,0.3685136139392853,0.9254506230354309,0.999657154083252,0.28259721398353577,0.38768482208251953,0.925943911075592,0.30216503143310547,0.9994909763336182,0.44742530584335327,0.276701956987381,0.3649812340736389,0.9209575653076172,0.9997556805610657,0.2876133918762207,0.38796019554138184,0.9065941572189331,0.2996790111064911,0.9995427131652832,0.29788029193878174,0.43208757042884827,-0.12058456987142563,0.999855101108551,0.9999723434448242,0.2774437963962555,0.4384651780128479,0.12009688466787338,0.999843180179596,0.9999232292175293,0.17688503861427307,0.4874708652496338,-0.21928419172763824,0.9840558767318726,0.9999551773071289,0.17987827956676483,0.49444580078125,0.08843987435102463,0.8431356549263,0.9998611211776733,0.15654760599136353,0.5718807578086853,-0.4032454490661621,0.9801967740058899,0.9996893405914307,0.1561523675918579,0.5730543732643127,-0.0974520668387413,0.893395721912384,0.9997625946998596,0.17243827879428864,0.5893689393997192,-0.4205586314201355,0.970484733581543,0.9994828701019287,0.14901715517044067,0.5905005931854248,-0.1223537027835846,0.9151732921600342,0.9996424913406372,0.08503760397434235,0.5796257257461548,-0.4772145450115204,0.9774070978164673,0.9986186027526855,0.08890624344348907,0.5824329853057861,-0.16297952830791473,0.9259908199310303,0.998782217502594
84,2856,True,0.3548034727573395,0.3356814682483673,0.38022294640541077,0.9998484253883362,0.9999918937683105,0.36411699652671814,0.3315573036670685,0.38209956884384155,0.9998523592948914,0.9999915361404419,0.3668118417263031,0.33179667592048645,0.3820801079273224,0.9998798370361328,0.9999921321868896,0.36993086338043213,0.33193832635879517,0.3820782005786896,0.999851405620575,0.9999924898147583,0.3599047362804413,0.3314746022224426,0.4137190580368042,0.9998731017112732,0.999987006187439,0.3591071665287018,0.3321225047111511,0.4134218394756317,0.9998672008514404,0.9999849796295166,0.35934358835220337,0.33246105909347534,0.4134206473827362,0.9998461604118347,0.9999815225601196,0.38266903162002563,0.33683842420578003,0.3713628649711609,0.9998065233230591,0.999992847442627,0.3665422797203064,0.3382145166397095,0.5119156837463379,0.9998517036437988,0.9999774694442749,0.3612763583660126,0.3414762318134308,0.3712575137615204,0.9995638728141785,0.9999841451644897,0.3543640971183777,0.3424997925758362,0.41268104314804077,0.9996355175971985,0.9999697208404541,0.4040459096431732,0.3603065609931946,0.2275439202785492,0.9999217987060547,0.9999961853027344,0.3446838855743408,0.37008753418922424,0.5226372480392456,0.9997049570083618,0.9999017715454102,0.4321184456348419,0.3100421726703644,0.19599662721157074,0.9859274625778198,0.9999876022338867,0.30861154198646545,0.3745329678058624,0.7233494520187378,0.27272483706474304,0.9998811483383179,0.45013901591300964,0.2791573703289032,0.3607599139213562,0.9669544100761414,0.9998482465744019,0.3018198013305664,0.36084213852882385,0.9192782044410706,0.30733487010002136,0.999561607837677,0.4546601176261902,0.2726760506629944,0.37203681468963623,0.935906171798706,0.9995638728141785,0.30096185207366943,0.3575548529624939,0.9481678605079651,0.2962510287761688,0.999267041683197,0.454149067401886,0.2739622890949249,0.3693859875202179,0.9277492165565491,0.9995297193527222,0.3024616837501526,0.35951122641563416,0.9396578669548035,0.2964630424976349,0.9992761015892029,0.44828036427497864,0.27664580941200256,0.3666301369667053,0.9231845140457153,0.9996615648269653,0.3045716881752014,0.360651433467865,0.9181101322174072,0.2938012182712555,0.9993595480918884,0.2986738085746765,0.4327925145626068,-0.12031647562980652,0.9998670816421509,0.9999606609344482,0.2751917839050293,0.439058393239975,0.11982998251914978,0.9998533129692078,0.9998747110366821,0.17522074282169342,0.489504873752594,-0.2175525724887848,0.9853343367576599,0.9999387264251709,0.17837414145469666,0.4940625727176666,0.07559819519519806,0.8365035057067871,0.9997792840003967,0.16081437468528748,0.5729630589485168,-0.39915063977241516,0.9812266826629639,0.9994577765464783,0.15553458034992218,0.5710748434066772,-0.10547735542058945,0.8870670199394226,0.9996531009674072,0.1765180230140686,0.5897626876831055,-0.41587305068969727,0.9716465473175049,0.9990885257720947,0.15288998186588287,0.589899480342865,-0.12942786514759064,0.9116901755332947,0.9994907379150391,0.10195903480052948,0.5840245485305786,-0.4747564196586609,0.9787205457687378,0.9976441264152527,0.09368906915187836,0.5840991735458374,-0.16814428567886353,0.9239922761917114,0.9981600642204285
85,2890,True,0.3535001873970032,0.3360719382762909,0.3698055148124695,0.9998617768287659,0.9999932050704956,0.363025039434433,0.33215034008026123,0.3698574900627136,0.9998653531074524,0.9999927282333374,0.3663913607597351,0.3321578800678253,0.3698357939720154,0.9998902082443237,0.9999932050704956,0.3698672354221344,0.3322782516479492,0.36983245611190796,0.9998647570610046,0.9999933242797852,0.3580261170864105,0.3319545388221741,0.40333855152130127,0.9998838305473328,0.9999890327453613,0.3574080169200897,0.33244428038597107,0.40303879976272583,0.9998777508735657,0.9999872446060181,0.3574575185775757,0.33272042870521545,0.4030352234840393,0.9998591542243958,0.9999843835830688,0.38375040888786316,0.3368555009365082,0.36027655005455017,0.9998242259025574,0.9999935626983643,0.3653179705142975,0.3382350206375122,0.508348822593689,0.9998649954795837,0.9999808073043823,0.35969430208206177,0.341880202293396,0.36209848523139954,0.9995978474617004,0.9999833106994629,0.35241344571113586,0.3426966369152069,0.40643489360809326,0.9996638298034668,0.9999685287475586,0.4056040048599243,0.36032015085220337,0.22119814157485962,0.9999291300773621,0.9999961853027344,0.34290915727615356,0.3701096177101135,0.5225280523300171,0.999714732170105,0.9998916387557983,0.4333474338054657,0.3106578290462494,0.19567669928073883,0.9872440695762634,0.9999881982803345,0.3068208396434784,0.37753576040267944,0.7272881269454956,0.257824182510376,0.9998239874839783,0.45154300332069397,0.27793627977371216,0.36527350544929504,0.9685351848602295,0.9998302459716797,0.30102309584617615,0.37273454666137695,0.9055296778678894,0.29582327604293823,0.9993757605552673,0.4551980793476105,0.27241331338882446,0.37597817182540894,0.93816077709198,0.9994856119155884,0.2974671721458435,0.3721939027309418,0.9337834119796753,0.2876743972301483,0.9990529417991638,0.4547598659992218,0.2730383276939392,0.3756481111049652,0.9301649928092957,0.999445378780365,0.29993346333503723,0.3739108443260193,0.9204527139663696,0.28811147809028625,0.9990431666374207,0.44963914155960083,0.2759259045124054,0.37227970361709595,0.9255191683769226,0.9996106028556824,0.30343616008758545,0.37398141622543335,0.902179479598999,0.2851640284061432,0.9991224408149719,0.29876893758773804,0.4336702823638916,-0.12274687737226486,0.9998782277107239,0.9999614953994751,0.27567580342292786,0.4399016797542572,0.1222478523850441,0.9998626708984375,0.9998655319213867,0.17744450271129608,0.49056926369667053,-0.21739065647125244,0.9864062666893005,0.9999401569366455,0.18130217492580414,0.49446502327919006,0.08579321205615997,0.8287851810455322,0.9997444748878479,0.16393376886844635,0.5746527314186096,-0.39362749457359314,0.9821319580078125,0.9994696974754333,0.1516217440366745,0.5741604566574097,-0.0953468456864357,0.8812615275382996,0.9995511174201965,0.17915932834148407,0.5918306112289429,-0.4101727306842804,0.9727768301963806,0.999076247215271,0.1566084325313568,0.5918880701065063,-0.12081512808799744,0.9088531732559204,0.9993200302124023,0.10707787424325943,0.5916695594787598,-0.46820542216300964,0.9797986149787903,0.9974989295005798,0.09645672887563705,0.5899787545204163,-0.15025952458381653,0.9217988848686218,0.9976293444633484
86,2924,True,0.3529254198074341,0.3372496962547302,0.3724725842475891,0.9998736381530762,0.9999837875366211,0.36249661445617676,0.3336300849914551,0.3725353181362152,0.999876856803894,0.9999842643737793,0.36613956093788147,0.3332112431526184,0.372482568025589,0.9998994469642639,0.9999855756759644,0.3695826232433319,0.3333204984664917,0.3724527060985565,0.9998767375946045,0.9999865293502808,0.3580913245677948,0.33337587118148804,0.40558210015296936,0.9998930096626282,0.9999756813049316,0.3577078580856323,0.33364441990852356,0.4052625000476837,0.9998865723609924,0.9999722242355347,0.3578755557537079,0.33381110429763794,0.4052530825138092,0.9998703002929688,0.9999662637710571,0.384612113237381,0.33771851658821106,0.36091148853302,0.999840259552002,0.9999874830245972,0.36502698063850403,0.3396943211555481,0.5087504982948303,0.9998767375946045,0.9999599456787109,0.35866644978523254,0.34348446130752563,0.36384856700897217,0.9996281862258911,0.9999699592590332,0.3525920510292053,0.34423497319221497,0.40743574500083923,0.9996882081031799,0.9999406337738037,0.4064975678920746,0.36043012142181396,0.22134819626808167,0.9999353885650635,0.999993085861206,0.3434361219406128,0.37068769335746765,0.5254968404769897,0.9997100234031677,0.9997956156730652,0.4341129660606384,0.309756338596344,0.1928955316543579,0.9884172081947327,0.9999761581420898,0.30794447660446167,0.36989766359329224,0.7361265420913696,0.24625085294246674,0.9997687935829163,0.4510187804698944,0.2789434790611267,0.3656485378742218,0.9690975546836853,0.9997206330299377,0.30812186002731323,0.3520137071609497,0.9324508905410767,0.286601185798645,0.9991891980171204,0.45421668887138367,0.2740810513496399,0.3770086467266083,0.938572347164154,0.9992486834526062,0.3060745596885681,0.3479803502559662,0.9633702635765076,0.2816482186317444,0.9987547397613525,0.4540100395679474,0.27425533533096313,0.3761996328830719,0.930598258972168,0.9991626739501953,0.3090076446533203,0.34934312105178833,0.953889012336731,0.28246375918388367,0.9987195730209351,0.44670629501342773,0.2779199182987213,0.3723498582839966,0.9260044693946838,0.9993976354598999,0.31173327565193176,0.3508263826370239,0.9309139847755432,0.27938905358314514,0.9988402724266052,0.29976239800453186,0.43662720918655396,-0.12662005424499512,0.9998881816864014,0.999956488609314,0.2763994634151459,0.4427874684333801,0.12609577178955078,0.9998712539672852,0.9998555183410645,0.1723753660917282,0.4938656687736511,-0.21717476844787598,0.987446665763855,0.9999082088470459,0.17750005424022675,0.4968746602535248,0.08857519924640656,0.825240433216095,0.999640941619873,0.1691998690366745,0.5770479440689087,-0.39506667852401733,0.9830489158630371,0.999160885810852,0.15617769956588745,0.5771202445030212,-0.08509404212236404,0.8777406811714172,0.9994513392448425,0.18687555193901062,0.5983439683914185,-0.41074061393737793,0.9738393425941467,0.9986485838890076,0.16430062055587769,0.5933067798614502,-0.1097201555967331,0.9077198505401611,0.9992307424545288,0.1112154871225357,0.6023175716400146,-0.46766871213912964,0.9808838963508606,0.9965863227844238,0.10198330134153366,0.5957891345024109,-0.1373726725578308,0.9206557869911194,0.9973559379577637
87,2958,True,0.35356423258781433,0.3396095335483551,0.4093588590621948,0.9998839497566223,0.9999942779541016,0.36279064416885376,0.3362191617488861,0.4098546802997589,0.999886691570282,0.9999934434890747,0.3662013113498688,0.33592137694358826,0.4098411500453949,0.9999070763587952,0.9999933242797852,0.36998188495635986,0.3351251184940338,0.40986335277557373,0.999886691570282,0.9999932050704956,0.35838326811790466,0.336555153131485,0.4407214820384979,0.9999016523361206,0.9999912977218628,0.35800981521606445,0.33683815598487854,0.44038960337638855,0.9998952746391296,0.9999904632568359,0.35814544558525085,0.33700957894325256,0.44036054611206055,0.9998810887336731,0.9999886751174927,0.38494402170181274,0.33915555477142334,0.3893134593963623,0.9998538494110107,0.9999924898147583,0.36435219645500183,0.3427976369857788,0.5279783606529236,0.9998877644538879,0.9999862909317017,0.3593319356441498,0.3453105092048645,0.397236168384552,0.9996577501296997,0.9999896287918091,0.35311341285705566,0.34668391942977905,0.43799880146980286,0.9997139573097229,0.9999834299087524,0.4068903625011444,0.36059707403182983,0.2345622181892395,0.9999415874481201,0.9999973773956299,0.3436407148838043,0.37386077642440796,0.5278612971305847,0.9997318387031555,0.9999545812606812,0.4343457818031311,0.30983132123947144,0.20624883472919464,0.9894861578941345,0.9999915361404419,0.30641311407089233,0.40052714943885803,0.6864727735519409,0.23907481133937836,0.9998563528060913,0.4509713351726532,0.2781740427017212,0.377410888671875,0.9706555008888245,0.999835729598999,0.285470187664032,0.42355257272720337,0.782783567905426,0.27949750423431396,0.9995001554489136,0.4537001848220825,0.2735803723335266,0.3823360502719879,0.940747082233429,0.9994798302650452,0.27578020095825195,0.4302116930484772,0.7975847125053406,0.27587050199508667,0.9992823004722595,0.45279330015182495,0.27301472425460815,0.3892495036125183,0.932857871055603,0.9994569420814514,0.27908188104629517,0.4331704080104828,0.7824227213859558,0.2766159176826477,0.9993042945861816,0.4469102621078491,0.27708107233047485,0.38660213351249695,0.928112268447876,0.9996196031570435,0.2854737937450409,0.430346816778183,0.776932954788208,0.27333515882492065,0.9993460774421692,0.30130302906036377,0.4386073052883148,-0.12520360946655273,0.9998981356620789,0.9999736547470093,0.27717918157577515,0.444232314825058,0.12470569461584091,0.9998809099197388,0.9999268054962158,0.17837435007095337,0.4952618479728699,-0.2166040986776352,0.9884608387947083,0.9999487400054932,0.1807648092508316,0.5016361474990845,0.09009012579917908,0.8237051963806152,0.9997794032096863,0.1738540381193161,0.5794507265090942,-0.39273032546043396,0.9840220808982849,0.9995614886283875,0.16046784818172455,0.5854952335357666,-0.08087139576673508,0.8744940757751465,0.9995978474617004,0.18963110446929932,0.6005666255950928,-0.40849244594573975,0.9750581979751587,0.9991846680641174,0.1686784029006958,0.6002776622772217,-0.10567659884691238,0.9042109251022339,0.9993778467178345,0.11619262397289276,0.6061405539512634,-0.4618466794490814,0.9818434119224548,0.9975451827049255,0.10665102303028107,0.603671669960022,-0.1385333389043808,0.9186051487922668,0.9977748990058899
