frame,timestamp_ms,pose_detected,lm_0_x,lm_0_y,lm_0_z,lm_0_visibility,lm_0_presence,lm_1_x,lm_1_y,lm_1_z,lm_1_visibility,lm_1_presence,lm_2_x,lm_2_y,lm_2_z,lm_2_visibility,lm_2_presence,lm_3_x,lm_3_y,lm_3_z,lm_3_visibility,lm_3_presence,lm_4_x,lm_4_y,lm_4_z,lm_4_visibility,lm_4_presence,lm_5_x,lm_5_y,lm_5_z,lm_5_visibility,lm_5_presence,lm_6_x,lm_6_y,lm_6_z,lm_6_visibility,lm_6_presence,lm_7_x,lm_7_y,lm_7_z,lm_7_visibility,lm_7_presence,lm_8_x,lm_8_y,lm_8_z,lm_8_visibility,lm_8_presence,lm_9_x,lm_9_y,lm_9_z,lm_9_visibility,lm_9_presence,lm_10_x,lm_10_y,lm_10_z,lm_10_visibility,lm_10_presence,lm_11_x,lm_11_y,lm_11_z,lm_11_visibility,lm_11_presence,lm_12_x,lm_12_y,lm_12_z,lm_12_visibility,lm_12_presence,lm_13_x,lm_13_y,lm_13_z,lm_13_visibility,lm_13_presence,lm_14_x,lm_14_y,lm_14_z,lm_14_visibility,lm_14_presence,lm_15_x,lm_15_y,lm_15_z,lm_15_visibility,lm_15_presence,lm_16_x,lm_16_y,lm_16_z,lm_16_visibility,lm_16_presence,lm_17_x,lm_17_y,lm_17_z,lm_17_visibility,lm_17_presence,lm_18_x,lm_18_y,lm_18_z,lm_18_visibility,lm_18_presence,lm_19_x,lm_19_y,lm_19_z,lm_19_visibility,lm_19_presence,lm_20_x,lm_20_y,lm_20_z,lm_20_visibility,lm_20_presence,lm_21_x,lm_21_y,lm_21_z,lm_21_visibility,lm_21_presence,lm_22_x,lm_22_y,lm_22_z,lm_22_visibility,lm_22_presence,lm_23_x,lm_23_y,lm_23_z,lm_23_visibility,lm_23_presence,lm_24_x,lm_24_y,lm_24_z,lm_24_visibility,lm_24_presence,lm_25_x,lm_25_y,lm_25_z,lm_25_visibility,lm_25_presence,lm_26_x,lm_26_y,lm_26_z,lm_26_visibility,lm_26_presence,lm_27_x,lm_27_y,lm_27_z,lm_27_visibility,lm_27_presence,lm_28_x,lm_28_y,lm_28_z,lm_28_visibility,lm_28_presence,lm_29_x,lm_29_y,lm_29_z,lm_29_visibility,lm_29_presence,lm_30_x,lm_30_y,lm_30_z,lm_30_visibility,lm_30_presence,lm_31_x,lm_31_y,lm_31_z,lm_31_visibility,lm_31_presence,lm_32_x,lm_32_y,lm_32_z,lm_32_visibility,lm_32_presence
0,0,True,0.6075030565261841,0.49305373430252075,-0.2569413185119629,0.9687628746032715,0.9967321157455444,0.6182960271835327,0.49240097403526306,-0.30984723567962646,0.9746958613395691,0.9943095445632935,0.6237859129905701,0.4903499186038971,-0.31021666526794434,0.972165584564209,0.9944911003112793,0.6290945410728455,0.4883822798728943,-0.3105102777481079,0.9686391949653625,0.9945911169052124,0.6035150289535522,0.4974096417427063,-0.3103000819683075,0.9793387055397034,0.9940014481544495,0.5985057950019836,0.4988184869289398,-0.31044888496398926,0.9797564148902893,0.993959903717041,0.5937772393226624,0.5001217722892761,-0.3104698061943054,0.9784214496612549,0.9936643838882446,0.638505756855011,0.4751113951206207,-0.44322463870048523,0.96837317943573,0.9967507123947144,0.5839414000511169,0.4912990927696228,-0.447602242231369,0.982273519039154,0.9965828061103821,0.6155288815498352,0.4816855788230896,-0.29154351353645325,0.9863872528076172,0.998860239982605,0.5987482070922852,0.4878174364566803,-0.29338645935058594,0.9917399883270264,0.9990401864051819,0.6727591753005981,0.4373512268066406,-0.42287173867225647,0.999228835105896,0.9994698166847229,0.5368130207061768,0.4654753804206848,-0.36321893334388733,0.9994329810142517,0.9995148181915283,0.7071593999862671,0.4660800099372864,-0.32514825463294983,0.1994892954826355,0.9977900981903076,0.5245201587677002,0.4674859642982483,-0.2935854196548462,0.21950390934944153,0.9926649928092957,0.7140317559242249,0.5204903483390808,-0.27589061856269836,0.3173459768295288,0.9924629926681519,0.5540505647659302,0.48236507177352905,-0.3134409189224243,0.3219728171825409,0.9898048639297485,0.7249366044998169,0.5337895154953003,-0.3555957078933716,0.3007403314113617,0.9893430471420288,0.5496686100959778,0.48713892698287964,-0.3758837878704071,0.32047250866889954,0.9895969033241272,0.7051998972892761,0.5371906161308289,-0.37307024002075195,0.3024393618106842,0.9897706508636475,0.5637928247451782,0.48356565833091736,-0.41979146003723145,0.3319637179374695,0.99039626121521,0.6974092125892639,0.532045304775238,-0.2928368151187897,0.33739495277404785,0.9911102056503296,0.5698847770690918,0.4811987280845642,-0.33751922845840454,0.3472445011138916,0.9904753565788269,0.5160460472106934,0.3544432818889618,-0.020545771345496178,0.9991971850395203,0.9983330368995667,0.4444887042045593,0.37464380264282227,0.020844068378210068,0.9995591044425964,0.9984898567199707,0.6253646612167358,0.4133543074131012,0.18679095804691315,0.2887667417526245,0.9971489310264587,0.5500001311302185,0.4647071957588196,0.33833497762680054,0.118033766746521,0.9973077774047852,0.6159368753433228,0.45079365372657776,0.7325875759124756,0.17710956931114197,0.9978153705596924,0.5640152096748352,0.4771190583705902,0.7706155776977539,0.3194965422153473,0.9973713159561157,0.6181846857070923,0.4584462642669678,0.7867462038993835,0.22841030359268188,0.9977838397026062,0.5701385736465454,0.4754425585269928,0.807704508304596,0.3123585879802704,0.9977213740348816,0.5921204686164856,0.4524546265602112,0.728159487247467,0.34556955099105835,0.9967344403266907,0.5565910339355469,0.4846035838127136,0.7137905359268188,0.47720885276794434,0.9955294728279114
1,34,False,,,,,,,,,,,,,,,,,,,,,,,,,,,,,,,,,,,,,,,,,,,,,,,,,,,,,,,,,,,,,,,,,,,,,,,,,,,,,,,,,,,,,,,,,,,,,,,,,,,,,,,,,,,,,,,,,,,,,,,,,,,,,,,,,,,,,,,,,,,,,,,,,,,,,,,,,,,,,,,,,,,,,
2,68,True,0.4906601011753082,0.3827815651893616,0.5699093341827393,0.9711767435073853,0.9999456405639648,0.49018195271492004,0.3809499442577362,0.5979014039039612,0.9765541553497314,0.9999469518661499,0.4909566640853882,0.3806072175502777,0.5978965759277344,0.9741702675819397,0.9999498128890991,0.4914647042751312,0.3801596760749817,0.5979345440864563,0.9712156057357788,0.9999488592147827,0.4831852316856384,0.38004669547080994,0.5942632555961609,0.9806320071220398,0.9999258518218994,0.4820530414581299,0.3801422715187073,0.5938922166824341,0.9808198809623718,0.9999182224273682,0.48061901330947876,0.3800871670246124,0.5939157009124756,0.9797734022140503,0.9998946189880371,0.4896145164966583,0.38168370723724365,0.6440399885177612,0.9703530073165894,0.9999347925186157,0.47400999069213867,0.3825507164001465,0.6250624060630798,0.9828236699104309,0.9998518228530884,0.4966434836387634,0.38759249448776245,0.5812903642654419,0.9854410886764526,0.9998026490211487,0.48800116777420044,0.3874487280845642,0.5746356844902039,0.9900096654891968,0.9997647404670715,0.5286063551902771,0.3981441855430603,0.5572048425674438,0.9990836977958679,0.9995112419128418,0.4434145987033844,0.4030613303184509,0.5162542462348938,0.9993137121200562,0.9979853630065918,0.5159311294555664,0.42177265882492065,0.48754578828811646,0.21046589314937592,0.9995050430297852,0.44844821095466614,0.41226059198379517,0.48811042308807373,0.2159358412027359,0.996968686580658,0.47235557436943054,0.39336901903152466,0.47303709387779236,0.3223700225353241,0.9994833469390869,0.4571496248245239,0.38932305574417114,0.5471435189247131,0.3003271818161011,0.9967737793922424,0.4595184028148651,0.3891094923019409,0.46734556555747986,0.3085845410823822,0.999152421951294,0.46318739652633667,0.3848750591278076,0.5575194358825684,0.2991614043712616,0.9961376786231995,0.46429845690727234,0.38294655084609985,0.4833580553531647,0.30893662571907043,0.9991908669471741,0.46063095331192017,0.38254112005233765,0.5684055089950562,0.30897873640060425,0.996483325958252,0.4671587646007538,0.384359210729599,0.4779767394065857,0.3371317982673645,0.9994794726371765,0.4588899314403534,0.38372933864593506,0.5536440014839172,0.32250499725341797,0.9973629117012024,0.561686098575592,0.4621441960334778,0.03725564107298851,0.9989935755729675,0.9990695118904114,0.5206758379936218,0.46724575757980347,-0.03705771639943123,0.9993389248847961,0.9988195300102234,0.6295331120491028,0.5083644390106201,-0.19435414671897888,0.32436081767082214,0.9950775504112244,0.579740583896637,0.5134174227714539,-0.29493361711502075,0.17541395127773285,0.9936020970344543,0.6723959445953369,0.5677897334098816,-0.4264163076877594,0.18814001977443695,0.9808508157730103,0.6045135259628296,0.5757480263710022,-0.5319633483886719,0.311011403799057,0.9588719606399536,0.6720167994499207,0.5774157643318176,-0.45858654379844666,0.2586084008216858,0.9700955152511597,0.6025692224502563,0.5854544639587402,-0.5634648203849792,0.324850469827652,0.9465274214744568,0.701812744140625,0.5838662385940552,-0.5418863296508789,0.3468531668186188,0.9175828695297241,0.6367558836936951,0.5907250642776489,-0.6487480998039246,0.45733362436294556,0.8890101313591003
3,102,True,0.474073201417923,0.390816867351532,0.35840386152267456,0.974030613899231,0.999970555305481,0.47679442167282104,0.38675540685653687,0.39336341619491577,0.9788570404052734,0.9999430179595947,0.48037949204444885,0.3862878680229187,0.3933408558368683,0.9766908288002014,0.9999362230300903,0.4810929596424103,0.38704854249954224,0.39341723918914795,0.9740462899208069,0.999922513961792,0.46393322944641113,0.38805216550827026,0.38974612951278687,0.9825278520584106,0.9999438524246216,0.4631083905696869,0.38828980922698975,0.389510840177536,0.9826812148094177,0.9999411106109619,0.4618954062461853,0.38830244541168213,0.38958486914634705,0.9817498326301575,0.9999234676361084,0.4840306043624878,0.39063766598701477,0.49094974994659424,0.9732339382171631,0.9998689889907837,0.45986467599868774,0.39357566833496094,0.4749445915222168,0.9844766855239868,0.9998835325241089,0.4847117066383362,0.3961511552333832,0.3896518647670746,0.986727774143219,0.9997894167900085,0.471146821975708,0.39824822545051575,0.3838564157485962,0.9908469319343567,0.9998192191123962,0.5289335250854492,0.4095384478569031,0.41931241750717163,0.9989885091781616,0.9927266836166382,0.4421519935131073,0.4224817156791687,0.38621848821640015,0.9992598295211792,0.994577169418335,0.525262176990509,0.41517481207847595,0.29472577571868896,0.24649553000926971,0.9980883002281189,0.43924611806869507,0.41881662607192993,0.2719933092594147,0.2837352454662323,0.9983034133911133,0.4844910204410553,0.3883715569972992,0.26332223415374756,0.34828537702560425,0.998580813407898,0.4545294940471649,0.3891550302505493,0.28993552923202515,0.34651777148246765,0.9988825917243958,0.4716966450214386,0.3822622299194336,0.24669212102890015,0.3277457058429718,0.9976828098297119,0.4605269134044647,0.38228604197502136,0.28386232256889343,0.3309326767921448,0.9978671073913574,0.4736230969429016,0.3810488283634186,0.26589465141296387,0.32592517137527466,0.997669517993927,0.45830678939819336,0.3824913501739502,0.30063629150390625,0.3360731601715088,0.9976843595504761,0.47488632798194885,0.38367849588394165,0.26790112257003784,0.3512868285179138,0.9983933568000793,0.4578002393245697,0.3841172754764557,0.2960681915283203,0.34455135464668274,0.9984694123268127,0.570671796798706,0.4906119704246521,0.010885977186262608,0.9989238381385803,0.998228132724762,0.5171681642532349,0.5022084712982178,-0.01088594738394022,0.9992733597755432,0.9986245632171631,0.6592783331871033,0.5338901877403259,-0.2588787376880646,0.3839161992073059,0.9890033602714539,0.536946177482605,0.5683585405349731,-0.2815048396587372,0.2520446479320526,0.9946286082267761,0.6807827353477478,0.6020825505256653,-0.32816019654273987,0.23719747364521027,0.9785161018371582,0.5822576880455017,0.6421529054641724,-0.4067716896533966,0.3572259843349457,0.9649024605751038,0.6746430993080139,0.611125648021698,-0.3404211401939392,0.30056318640708923,0.9673356413841248,0.5915708541870117,0.6497600674629211,-0.4270567297935486,0.3603825569152832,0.9428656697273254,0.7163864970207214,0.6279498338699341,-0.44036462903022766,0.37654736638069153,0.892263650894165,0.5960495471954346,0.6730610132217407,-0.5547295808792114,0.48333579301834106,0.8294128179550171
4,136,True,0.47538647055625916,0.4050901532173157,0.1466870754957199,0.9763585925102234,0.9988582134246826,0.471850723028183,0.4031074047088623,0.12085839360952377,0.9805722236633301,0.9978892207145691,0.4700201749801636,0.40331992506980896,0.12088118493556976,0.9785357117652893,0.9976859092712402,0.46685701608657837,0.40364402532577515,0.12090654671192169,0.9761459231376648,0.9973180890083313,0.4664802551269531,0.40190672874450684,0.11896741390228271,0.9839653968811035,0.9980789422988892,0.4721296429634094,0.40117964148521423,0.11891607940196991,0.9841040968894958,0.9980454444885254,0.47607535123825073,0.4003590941429138,0.11898564547300339,0.9832215309143066,0.997884213924408,0.4648911654949188,0.4090335965156555,0.027524609118700027,0.9753857254981995,0.9952989220619202,0.48329272866249084,0.40368860960006714,0.019453950226306915,0.9856107234954834,0.9969511032104492,0.47701606154441833,0.4104444980621338,0.12116042524576187,0.9870859384536743,0.9901717305183411,0.47341328859329224,0.4094204306602478,0.11867143958806992,0.990943431854248,0.992241382598877,0.4417770802974701,0.4379149079322815,-0.005845485255122185,0.9972631931304932,0.9598286747932434,0.5253203511238098,0.42466339468955994,-0.04512203484773636,0.9986686110496521,0.9802389144897461,0.42346927523612976,0.40773993730545044,-0.018121959641575813,0.2777504622936249,0.99712735414505,0.5077432990074158,0.393444299697876,-0.07859040051698685,0.32289156317710876,0.9967519044876099,0.43486934900283813,0.3871018886566162,-0.025434166193008423,0.36882323026657104,0.9911043643951416,0.47143226861953735,0.3859784007072449,-0.07635638117790222,0.37007617950439453,0.9934950470924377,0.43087464570999146,0.3804912269115448,-0.04629713296890259,0.3496253490447998,0.9877968430519104,0.4627823829650879,0.382316529750824,-0.10501828789710999,0.35371169447898865,0.9912176728248596,0.43574967980384827,0.3811240792274475,-0.06453349441289902,0.3472513258457184,0.9868319034576416,0.46341726183891296,0.3841484487056732,-0.11255653202533722,0.3585047125816345,0.9907512664794922,0.43857231736183167,0.3836972713470459,-0.03428451344370842,0.368997722864151,0.9888512492179871,0.46240687370300293,0.385600209236145,-0.08250675350427628,0.3631628155708313,0.9916553497314453,0.522274374961853,0.5392187833786011,0.011462788097560406,0.9988440275192261,0.9960482716560364,0.5605936050415039,0.5257102847099304,-0.012130956165492535,0.9991262555122375,0.9969733953475952,0.6162185668945312,0.5907434225082397,0.08930055052042007,0.3825032114982605,0.9594780206680298,0.6532679796218872,0.5519145727157593,0.044270023703575134,0.28192487359046936,0.9782350063323975,0.5755851864814758,0.5929054021835327,0.1826242059469223,0.25040456652641296,0.9695013761520386,0.5886233448982239,0.5683922171592712,0.14628489315509796,0.37054675817489624,0.9819486737251282,0.5676926374435425,0.5998772382736206,0.19270355999469757,0.3103100061416626,0.9628217816352844,0.5905690789222717,0.5681245923042297,0.1580514758825302,0.3736453056335449,0.9807862639427185,0.5668855309486389,0.6085394620895386,0.19284984469413757,0.3638412356376648,0.9711978435516357,0.597681999206543,0.5638845562934875,0.16370214521884918,0.46951085329055786,0.985852837562561
5,170,True,0.4768681526184082,0.4232807159423828,0.11744912713766098,0.9787034392356873,0.9999443292617798,0.47303247451782227,0.4209100306034088,0.09550794214010239,0.9824894070625305,0.9999086856842041,0.4708706736564636,0.42149749398231506,0.09548509120941162,0.9806501865386963,0.9999077320098877,0.4671532213687897,0.4221476912498474,0.09550215303897858,0.9785028100013733,0.9999014139175415,0.470723420381546,0.41945987939834595,0.08760078996419907,0.9855518341064453,0.9998881816864014,0.4775436520576477,0.4190806448459625,0.08759748935699463,0.9856756925582886,0.9998699426651001,0.4823540449142456,0.4185347557067871,0.08770288527011871,0.9848777651786804,0.9998414516448975,0.4645735025405884,0.42774128913879395,0.017233429476618767,0.9778223633766174,0.9998431205749512,0.48843562602996826,0.4235447347164154,-0.018536923453211784,0.9870251417160034,0.9997445940971375,0.47605225443840027,0.4291419982910156,0.09579011797904968,0.9883313179016113,0.9996844530105591,0.4751216471195221,0.42845678329467773,0.08521363139152527,0.9918051362037659,0.9996368885040283,0.4370286762714386,0.4562888741493225,0.004870768170803785,0.9974154233932495,0.9991227984428406,0.5302852392196655,0.44266706705093384,-0.09986244887113571,0.9987260699272156,0.9983412027359009,0.4174332022666931,0.4136173725128174,0.01706664077937603,0.3470383882522583,0.9998881816864014,0.5241686105728149,0.3979257643222809,-0.14723432064056396,0.3882877826690674,0.9996035695075989,0.4228391945362091,0.3866417407989502,-0.01891913264989853,0.42956042289733887,0.9992691874504089,0.5102510452270508,0.38173848390579224,-0.16767583787441254,0.4290367066860199,0.9989946484565735,0.4195062518119812,0.38074877858161926,-0.03846896067261696,0.41144537925720215,0.9983595013618469,0.5068045854568481,0.3752857446670532,-0.20535369217395782,0.4124418795108795,0.9982638955116272,0.4264482259750366,0.3809305727481842,-0.06181905046105385,0.40923577547073364,0.9982938170433044,0.5012872219085693,0.3781864047050476,-0.20082026720046997,0.41667935252189636,0.9983306527137756,0.4287774860858917,0.38313087821006775,-0.030933424830436707,0.4283576011657715,0.998806357383728,0.4962562024593353,0.38079673051834106,-0.16866223514080048,0.4189413785934448,0.9986777901649475,0.5108718276023865,0.5585588812828064,0.049217741936445236,0.9989387392997742,0.999575674533844,0.5576992630958557,0.545933187007904,-0.04940926656126976,0.9991796612739563,0.9994848966598511,0.5886565446853638,0.6126896142959595,0.1314721554517746,0.3911609351634979,0.9876399636268616,0.6321781277656555,0.5728417634963989,0.04476797208189964,0.32925501465797424,0.9922029972076416,0.5679346919059753,0.595528781414032,0.29427415132522583,0.262870192527771,0.9843527674674988,0.58115154504776,0.5709840655326843,0.14390799403190613,0.40277665853500366,0.987964391708374,0.5611448287963867,0.5949954390525818,0.31254562735557556,0.332349956035614,0.9816383123397827,0.5701713562011719,0.5710412263870239,0.1550801694393158,0.4033305048942566,0.9866724014282227,0.5724875330924988,0.6039642095565796,0.32932814955711365,0.36165568232536316,0.9857352375984192,0.5827280879020691,0.5660302042961121,0.15469931066036224,0.4811617434024811,0.9882968068122864
6,204,True,0.47636693716049194,0.4336279332637787,0.1013590395450592,0.9807995557785034,0.9998717308044434,0.47164496779441833,0.43139487504959106,0.08295445144176483,0.9841859340667725,0.9998164772987366,0.4690093994140625,0.43178659677505493,0.08292842656373978,0.9825218319892883,0.9998130202293396,0.4656178057193756,0.4320921301841736,0.08291526138782501,0.9805941581726074,0.9998002648353577,0.4709591269493103,0.43043631315231323,0.06858798861503601,0.986966073513031,0.9997817873954773,0.4788770079612732,0.4309050440788269,0.06853225082159042,0.9870771765708923,0.9997499585151672,0.4838372468948364,0.43062037229537964,0.06860481947660446,0.9863503575325012,0.9997015595436096,0.46234962344169617,0.4373469352722168,0.018183276057243347,0.9799938201904297,0.999701201915741,0.48882099986076355,0.4349142014980316,-0.047362156212329865,0.9882783889770508,0.9995332956314087,0.47370046377182007,0.4387724995613098,0.0839795395731926,0.9894121289253235,0.9993830919265747,0.47637298703193665,0.4385572075843811,0.0649745985865593,0.992543637752533,0.9993137121200562,0.4319094717502594,0.46560269594192505,0.01565588265657425,0.9974309206008911,0.9986163377761841,0.5298758149147034,0.4556094706058502,-0.1440005749464035,0.9987292289733887,0.997552216053009,0.4181709587574005,0.419973224401474,0.02595737762749195,0.40701770782470703,0.9998626708984375,0.5262614488601685,0.4123188853263855,-0.21652087569236755,0.4472687840461731,0.9995112419128418,0.41949576139450073,0.386042058467865,-0.009655910544097424,0.48256978392601013,0.9987438321113586,0.5179153680801392,0.3820648789405823,-0.25473564863204956,0.4818708896636963,0.998325526714325,0.4148920774459839,0.3799210786819458,-0.026635603979229927,0.4653472602367401,0.9973192811012268,0.5167138576507568,0.375308096408844,-0.2986968159675598,0.4651893675327301,0.997183084487915,0.42250856757164,0.3802470564842224,-0.05177450180053711,0.46317949891090393,0.997083842754364,0.5054684281349182,0.3773516118526459,-0.29215216636657715,0.4688990116119385,0.9972698092460632,0.42580506205558777,0.3828575611114502,-0.022869529202580452,0.47986286878585815,0.9978869557380676,0.5034471154212952,0.37998896837234497,-0.2556487023830414,0.4689861536026001,0.9977167844772339,0.49721527099609375,0.5695530772209167,0.07270152121782303,0.9990224242210388,0.9997318387031555,0.5496021509170532,0.563721776008606,-0.07266197353601456,0.9992334246635437,0.9997208714485168,0.5789477229118347,0.6298336982727051,0.1186261996626854,0.402496337890625,0.9894898533821106,0.6326427459716797,0.6024718284606934,-0.038189828395843506,0.3842116594314575,0.9940021634101868,0.5470694899559021,0.6279415488243103,0.2536318004131317,0.28469741344451904,0.988440990447998,0.5555613040924072,0.6229124665260315,0.06018117815256119,0.44375160336494446,0.9923571348190308,0.5399841666221619,0.6236437559127808,0.2692948281764984,0.3605821132659912,0.9876469373703003,0.5428918600082397,0.6187325119972229,0.0728321298956871,0.4432927072048187,0.9917632341384888,0.5436509847640991,0.6356478929519653,0.2759037911891937,0.3665633797645569,0.9897149205207825,0.5547432899475098,0.6384381055831909,0.06654274463653564,0.5029518604278564,0.9927216172218323
7,238,True,0.4740927815437317,0.4413486421108246,0.08901917189359665,0.9826938509941101,0.9999275207519531,0.4686415493488312,0.43953996896743774,0.06538015604019165,0.9857369661331177,0.9998944997787476,0.4652494192123413,0.4399030804634094,0.06535081565380096,0.9842286705970764,0.9998931884765625,0.4611499309539795,0.44021978974342346,0.06534391641616821,0.9824959635734558,0.9998838901519775,0.4719843864440918,0.4388687014579773,0.05073529854416847,0.9882499575614929,0.9998840093612671,0.4793455898761749,0.4388957619667053,0.050614483654499054,0.988346517086029,0.9998714923858643,0.4844259023666382,0.4387543797492981,0.05065053328871727,0.9876890182495117,0.9998522996902466,0.45843568444252014,0.4463353753089905,-0.012643400579690933,0.9819633364677429,0.9998656511306763,0.48899057507514954,0.44395047426223755,-0.0793902575969696,0.9894217252731323,0.9998125433921814,0.46928057074546814,0.44786396622657776,0.06773608177900314,0.9904224276542664,0.9997958540916443,0.47749873995780945,0.4471737742424011,0.04823225736618042,0.993241548538208,0.9997842907905579,0.42753610014915466,0.473531574010849,-0.014698229730129242,0.9975586533546448,0.9994451403617859,0.525887131690979,0.46713051199913025,-0.16450728476047516,0.9987649917602539,0.999045193195343,0.41515448689460754,0.42501744627952576,0.03644702956080437,0.45806318521499634,0.999764621257782,0.5263795256614685,0.4218566417694092,-0.22790822386741638,0.5005735158920288,0.9993301630020142,0.41977542638778687,0.3862227499485016,0.026902437210083008,0.5289468765258789,0.9972277283668518,0.5198764204978943,0.38266798853874207,-0.2656947076320648,0.5301056504249573,0.9972763657569885,0.41515976190567017,0.3798447549343109,0.011834409087896347,0.5133637189865112,0.99472576379776,0.5207726955413818,0.3761713206768036,-0.30765992403030396,0.5135644674301147,0.995337724685669,0.4218027889728546,0.38014695048332214,-0.017341844737529755,0.511248767375946,0.9942578077316284,0.5088247656822205,0.37784039974212646,-0.30749794840812683,0.5168120265007019,0.9956588745117188,0.4256454110145569,0.38287612795829773,0.013157506473362446,0.5258151292800903,0.9955601692199707,0.5064730644226074,0.380301296710968,-0.2687477171421051,0.515365719795227,0.9963675737380981,0.48681312799453735,0.5843269228935242,0.06847529113292694,0.9990923404693604,0.9996652603149414,0.5453490614891052,0.5759555101394653,-0.06836379319429398,0.9992616772651672,0.9996215105056763,0.5537976026535034,0.636263370513916,0.17565372586250305,0.42957693338394165,0.9946233034133911,0.6204277873039246,0.6111623644828796,0.02714722231030464,0.4334881603717804,0.9943791031837463,0.5369919538497925,0.6596337556838989,0.29723578691482544,0.3269558548927307,0.9909195899963379,0.5543540716171265,0.6409422159194946,0.16270917654037476,0.4734593629837036,0.9888063669204712,0.533702552318573,0.6613141298294067,0.3113446831703186,0.4054361581802368,0.9892262816429138,0.5368496179580688,0.6463586091995239,0.179860457777977,0.4779422879219055,0.9890369772911072,0.534760594367981,0.6682056784629822,0.30796295404434204,0.3900231420993805,0.990724503993988,0.5608054995536804,0.6478997468948364,0.18536262214183807,0.5149518251419067,0.9919763207435608
8,272,True,0.47214481234550476,0.4434146285057068,-0.1448717564344406,0.9842290282249451,0.998590886592865,0.46956896781921387,0.4420279860496521,-0.1382809430360794,0.9869142174720764,0.9984925985336304,0.4676459729671478,0.4424108862876892,-0.1384011209011078,0.985434353351593,0.9985116124153137,0.46440428495407104,0.4426333010196686,-0.13847780227661133,0.9839832782745361,0.9984410405158997,0.47097837924957275,0.4416864812374115,-0.1526230275630951,0.9892275929450989,0.9982162117958069,0.474669486284256,0.4418843388557434,-0.1527092158794403,0.9892337322235107,0.9980319142341614,0.4770070016384125,0.44192662835121155,-0.1527327597141266,0.9886918067932129,0.9977043271064758,0.4608246386051178,0.4491909444332123,-0.09088531881570816,0.9833678007125854,0.9979479908943176,0.4795856177806854,0.4485657215118408,-0.1530926525592804,0.9901352524757385,0.9963178634643555,0.4704974591732025,0.4487278461456299,-0.12292110919952393,0.9910663962364197,0.9954049587249756,0.47351333498954773,0.4488096833229065,-0.14113770425319672,0.9935290813446045,0.9938743710517883,0.43915337324142456,0.4737010598182678,-0.05681031197309494,0.9975480437278748,0.9958661794662476,0.5147582292556763,0.47219792008399963,-0.20959798991680145,0.9984947443008423,0.989153265953064,0.45738089084625244,0.4293544292449951,-0.09085080772638321,0.5062868595123291,0.9994041919708252,0.5117389559745789,0.4302791655063629,-0.3204672038555145,0.5483376383781433,0.9985188841819763,0.46027708053588867,0.38524237275123596,-0.18329791724681854,0.569973349571228,0.9980456829071045,0.5061672925949097,0.3830694556236267,-0.36969783902168274,0.5729475021362305,0.9975748658180237,0.4610975980758667,0.37864452600479126,-0.2248956859111786,0.5519981980323792,0.996131181716919,0.5124552249908447,0.3760873079299927,-0.42690780758857727,0.554496169090271,0.9959850311279297,0.4481138586997986,0.37802428007125854,-0.23268955945968628,0.5496432185173035,0.9960005879402161,0.5029276609420776,0.37721604108810425,-0.41055968403816223,0.557017982006073,0.9960826635360718,0.45904186367988586,0.3818320631980896,-0.19427886605262756,0.5626927614212036,0.9969539642333984,0.5007606148719788,0.3799830675125122,-0.3681776821613312,0.5543155074119568,0.9967064261436462,0.5047903656959534,0.5821815729141235,0.06526768207550049,0.9991591572761536,0.9994070529937744,0.5109623670578003,0.5806834697723389,-0.06490854918956757,0.9992998242378235,0.9992882609367371,0.5570110082626343,0.6429380178451538,0.06541995704174042,0.44598352909088135,0.985673189163208,0.5337400436401367,0.6431354284286499,0.030904224142432213,0.47450095415115356,0.9868581295013428,0.5496772527694702,0.6650553345680237,0.360895037651062,0.3238101601600647,0.9758313298225403,0.5407150983810425,0.6736705303192139,0.3285837769508362,0.4753167927265167,0.9704866409301758,0.5466685891151428,0.6670190095901489,0.39339494705200195,0.39642438292503357,0.9724317789077759,0.5342789888381958,0.6769064664840698,0.35912343859672546,0.47311532497406006,0.9685420989990234,0.5531681776046753,0.6742003560066223,0.3673032522201538,0.382150799036026,0.979504406452179,0.5498661994934082,0.6829684972763062,0.328973650932312,0.5065609812736511,0.9768630266189575
9,306,True,0.4682382345199585,0.4446767270565033,-0.07464922964572906,0.9857436418533325,0.9997740387916565,0.4659818410873413,0.4442268908023834,-0.09018009155988693,0.9881359934806824,0.9996957778930664,0.4648391008377075,0.4447762072086334,-0.09032836556434631,0.9867774248123169,0.9997031092643738,0.46307361125946045,0.4450884759426117,-0.09042438864707947,0.9854863882064819,0.9996947050094604,0.4687231779098511,0.4437920153141022,-0.10030465573072433,0.9902330040931702,0.9996321201324463,0.47136586904525757,0.4440867304801941,-0.10042054951190948,0.9902169704437256,0.9995720982551575,0.47339120507240295,0.4441830515861511,-0.10042127221822739,0.9897259473800659,0.9994920492172241,0.4593825042247772,0.45172199606895447,-0.12874023616313934,0.9848944544792175,0.9996285438537598,0.4757818877696991,0.45153671503067017,-0.17334003746509552,0.9909795522689819,0.999262273311615,0.4670090973377228,0.45150867104530334,-0.08069876581430435,0.9918418526649475,0.9992740750312805,0.4706023335456848,0.4506804347038269,-0.09372435510158539,0.9940321445465088,0.9990555644035339,0.4383755922317505,0.4784776270389557,-0.12060496211051941,0.9976980686187744,0.9993829727172852,0.513477623462677,0.47407737374305725,-0.2249392569065094,0.9984433054924011,0.9978899359703064,0.4409659504890442,0.4330810010433197,-0.11756774038076401,0.551173746585846,0.9998069405555725,0.5179758071899414,0.42954596877098083,-0.28271833062171936,0.5891555547714233,0.9994231462478638,0.43800023198127747,0.3855886161327362,-0.19790145754814148,0.6102153062820435,0.9988730549812317,0.5130696296691895,0.38316965103149414,-0.34347105026245117,0.6116491556167603,0.9989860653877258,0.458615779876709,0.3795998692512512,-0.24125300347805023,0.5933659076690674,0.997642457485199,0.5164641737937927,0.37653404474258423,-0.40564173460006714,0.5934642553329468,0.9982022047042847,0.44026342034339905,0.3780941367149353,-0.2642344832420349,0.5911279916763306,0.9974812865257263,0.5066911578178406,0.37739425897598267,-0.40547141432762146,0.5956397652626038,0.9983097314834595,0.4530406594276428,0.3818933367729187,-0.21357637643814087,0.6026895642280579,0.9981786012649536,0.5010110139846802,0.3800593614578247,-0.3493189513683319,0.5919994115829468,0.9986431002616882,0.4914861023426056,0.5924552083015442,0.05063479766249657,0.9992303252220154,0.9998797178268433,0.5119085311889648,0.5856536626815796,-0.05034426599740982,0.9993433356285095,0.9998475313186646,0.5267041325569153,0.6601384878158569,0.23151376843452454,0.47887349128723145,0.9973190426826477,0.5471319556236267,0.6388847231864929,0.17742635309696198,0.5059306621551514,0.9966716766357422,0.5338465571403503,0.6832135319709778,0.4714123606681824,0.364347904920578,0.9939671754837036,0.5515283942222595,0.6697112321853638,0.4281069338321686,0.4925863742828369,0.995074450969696,0.5468221306800842,0.6884828805923462,0.49479928612709045,0.4312710165977478,0.9922388195991516,0.5468000769615173,0.6753240823745728,0.4517067074775696,0.4908425509929657,0.9947026371955872,0.5418447852134705,0.6948824524879456,0.43904876708984375,0.41023948788642883,0.9935725927352905,0.5620524287223816,0.676774263381958,0.40603107213974,0.5144818425178528,0.9957851767539978
10,340,True,0.4631679058074951,0.4493172764778137,0.013163506053388119,0.9871305823326111,0.9999003410339355,0.45942988991737366,0.44934526085853577,-0.0030535671394318342,0.9892572164535522,0.999835729598999,0.4573926627635956,0.44979342818260193,-0.003100002883002162,0.9880192279815674,0.9998339414596558,0.45435866713523865,0.4499853253364563,-0.00314140971750021,0.9868574142456055,0.9998251795768738,0.46617841720581055,0.4491196572780609,-0.017930110916495323,0.9911620020866394,0.9998213648796082,0.46922767162323,0.4494071900844574,-0.01808246038854122,0.9911386370658875,0.9997946619987488,0.47187092900276184,0.44940224289894104,-0.018045058473944664,0.9906889200210571,0.9997641444206238,0.45133382081985474,0.4553750455379486,-0.05321742594242096,0.9862914085388184,0.9997907280921936,0.47435981035232544,0.4568842351436615,-0.12085627764463425,0.9917917847633362,0.9996621608734131,0.45988765358924866,0.4561994969844818,0.0019620168022811413,0.9925751090049744,0.9997052550315857,0.46770545840263367,0.45584067702293396,-0.017497939988970757,0.9945387244224548,0.9996612071990967,0.423284649848938,0.47764596343040466,-0.052276477217674255,0.9978622198104858,0.9997003078460693,0.5072442293167114,0.475841760635376,-0.1884070336818695,0.9984533190727234,0.9992578625679016,0.42196735739707947,0.4321422576904297,-0.03529272973537445,0.5890958309173584,0.9998501539230347,0.5225532054901123,0.42889612913131714,-0.261771023273468,0.6277047991752625,0.9996894598007202,0.42603158950805664,0.385646253824234,-0.09638435393571854,0.6451422572135925,0.9990562796592712,0.5172680616378784,0.3835591673851013,-0.3248140513896942,0.6474882364273071,0.9990770816802979,0.4315600097179413,0.38000744581222534,-0.12722888588905334,0.6297455430030823,0.9981815814971924,0.5207386612892151,0.37681418657302856,-0.3798730671405792,0.6299881935119629,0.9983130693435669,0.43279922008514404,0.3788295388221741,-0.15324337780475616,0.6274151802062988,0.9979815483093262,0.5088737607002258,0.3775629997253418,-0.38184329867362976,0.6317499876022339,0.9984258413314819,0.4425583779811859,0.3819586932659149,-0.11207593977451324,0.6376134753227234,0.9984662532806396,0.505321741104126,0.3802294135093689,-0.33101409673690796,0.6276204586029053,0.9987422823905945,0.4804409146308899,0.5908507704734802,0.045559391379356384,0.9992986917495728,0.9999213218688965,0.5136932134628296,0.5863921642303467,-0.04527904838323593,0.9993892312049866,0.9999040365219116,0.5056495666503906,0.6635113954544067,0.13034208118915558,0.5262913107872009,0.9995599389076233,0.5478911995887756,0.6419955492019653,0.07675383985042572,0.5458145141601562,0.9992896318435669,0.523883044719696,0.7259762287139893,0.2232479751110077,0.42465484142303467,0.9989385008811951,0.5568867921829224,0.6933198571205139,0.23316960036754608,0.5324483513832092,0.999211311340332,0.5450881719589233,0.7309160828590393,0.22951342165470123,0.4840599596500397,0.9984353184700012,0.5514289736747742,0.7023190259933472,0.24554423987865448,0.5302751064300537,0.99908447265625,0.5318133234977722,0.7412067651748657,0.14931610226631165,0.46282777190208435,0.9980424642562866,0.5699849724769592,0.7059420347213745,0.1800304800271988,0.5466535091400146,0.9990708827972412
11,374,True,0.4601098895072937,0.4540872573852539,0.046400249004364014,0.9884089827537537,0.9999756813049316,0.4563806354999542,0.45248469710350037,0.033750273287296295,0.990318238735199,0.999957799911499,0.45453664660453796,0.4529288709163666,0.03369859606027603,0.9891995787620544,0.9999572038650513,0.4522603452205658,0.45303773880004883,0.03365346044301987,0.9881551861763,0.9999529123306274,0.463459849357605,0.45208796858787537,0.013378268107771873,0.9920362234115601,0.999953031539917,0.4663677215576172,0.45343026518821716,0.013215761631727219,0.9920127391815186,0.9999464750289917,0.4688803255558014,0.4534229636192322,0.013227359391748905,0.9916070103645325,0.9999370574951172,0.44811299443244934,0.46051397919654846,-0.003022336633875966,0.9876430034637451,0.9999436140060425,0.47041651606559753,0.46025386452674866,-0.09550036489963531,0.9925965666770935,0.9999145269393921,0.4568322002887726,0.46008044481277466,0.04006734862923622,0.9933003783226013,0.999915361404419,0.46444961428642273,0.46071797609329224,0.013294507749378681,0.9950634241104126,0.9999009370803833,0.42544010281562805,0.48156365752220154,0.018488308414816856,0.9980294108390808,0.9998220801353455,0.507124662399292,0.47974294424057007,-0.18642662465572357,0.9985525012016296,0.9996114373207092,0.4189695119857788,0.4329504370689392,0.04501567780971527,0.6241722702980042,0.9998844861984253,0.5203543901443481,0.43162983655929565,-0.27480387687683105,0.6639041304588318,0.9997245669364929,0.42511337995529175,0.38650569319725037,-0.007726788055151701,0.6768075227737427,0.9989653825759888,0.5156262516975403,0.38505977392196655,-0.30793172121047974,0.6809210181236267,0.998802661895752,0.42814695835113525,0.3801608681678772,-0.030086679384112358,0.6621213555335999,0.9978176355361938,0.5192952156066895,0.3768690824508667,-0.36223122477531433,0.6639947295188904,0.9978342652320862,0.4330287575721741,0.37982940673828125,-0.055907174944877625,0.659835934638977,0.9977568984031677,0.5088086724281311,0.3776722848415375,-0.3549860715866089,0.6653786897659302,0.9980278611183167,0.4378378987312317,0.38248518109321594,-0.02302146516740322,0.6688486337661743,0.9983322024345398,0.506244957447052,0.3804296851158142,-0.30931559205055237,0.6607998013496399,0.9984157085418701,0.4809649586677551,0.5926035642623901,0.06421221792697906,0.9993616342544556,0.9999228715896606,0.5110009908676147,0.5875656008720398,-0.06407571583986282,0.9994410872459412,0.9999185800552368,0.5032249689102173,0.6648284792900085,0.1302296668291092,0.5652474164962769,0.9996218681335449,0.5526227355003357,0.658739447593689,0.03225699067115784,0.5890257358551025,0.9995703101158142,0.5153543949127197,0.7385515570640564,0.21254035830497742,0.47702276706695557,0.9986448884010315,0.5821958184242249,0.7243485450744629,0.09641517698764801,0.5767994523048401,0.9987962245941162,0.5211182236671448,0.7472184896469116,0.21807415783405304,0.5291518568992615,0.9978121519088745,0.5835245847702026,0.7439719438552856,0.1022280603647232,0.5729409456253052,0.9982494115829468,0.5278416275978088,0.7539892196655273,0.13520702719688416,0.508050799369812,0.9969574213027954,0.5962806940078735,0.7508076429367065,0.10988716781139374,0.5865657925605774,0.9976682066917419
12,408,True,0.4597366750240326,0.45824629068374634,0.03785039857029915,0.9895592331886292,0.9999873638153076,0.45533570647239685,0.4576287865638733,0.020804518833756447,0.9912731051445007,0.9999752044677734,0.45270711183547974,0.45807933807373047,0.020804738625884056,0.9902628660202026,0.9999749660491943,0.4501757025718689,0.45816540718078613,0.02074463479220867,0.9893226027488708,0.9999727010726929,0.4630832374095917,0.45739978551864624,0.005353272892534733,0.9928231239318848,0.999974250793457,0.4659985303878784,0.4577640891075134,0.00522977951914072,0.9928001761436462,0.9999707937240601,0.4685644507408142,0.4577333331108093,0.005317904055118561,0.9924333095550537,0.9999667406082153,0.4457550346851349,0.4640127718448639,-0.028096362948417664,0.9888601303100586,0.9999699592590332,0.46991726756095886,0.4642183780670166,-0.0979403406381607,0.9933221936225891,0.9999592304229736,0.4561053514480591,0.46456995606422424,0.027016839012503624,0.9939534068107605,0.999964714050293,0.4646306335926056,0.4643653929233551,0.0065287817269563675,0.9955393671989441,0.9999641180038452,0.42164719104766846,0.4832612872123718,-0.024194715544581413,0.9981886744499207,0.9998894929885864,0.504559338092804,0.4810294508934021,-0.167404443025589,0.9986435770988464,0.9998552799224854,0.41605448722839355,0.4352903366088867,0.015127436257898808,0.6560603380203247,0.9999086856842041,0.5206924676895142,0.43143463134765625,-0.24966751039028168,0.6958449482917786,0.9998233914375305,0.4236482083797455,0.3876808285713196,-0.019354116171598434,0.7063265442848206,0.9991187453269958,0.5185824632644653,0.3856968283653259,-0.3161522448062897,0.7106513977050781,0.9991790652275085,0.42234620451927185,0.380205363035202,-0.04141951724886894,0.6932214498519897,0.9983626008033752,0.5233745574951172,0.377047061920166,-0.367777943611145,0.6945568323135376,0.9985081553459167,0.43114280700683594,0.3798961639404297,-0.07079723477363586,0.6909311413764954,0.9982073307037354,0.5095916986465454,0.37805530428886414,-0.3684757649898529,0.6955875754356384,0.9986023306846619,0.4344063997268677,0.382903516292572,-0.03512497618794441,0.6988898515701294,0.9986312985420227,0.5073115229606628,0.3807711899280548,-0.32175472378730774,0.6908842921257019,0.9989088773727417,0.4743828773498535,0.5926992297172546,0.05545854568481445,0.9994179010391235,0.9999440908432007,0.5125715732574463,0.587617039680481,-0.05520964041352272,0.9994872808456421,0.9999425411224365,0.4987376630306244,0.6600528359413147,0.0944918766617775,0.6069029569625854,0.9997918009757996,0.5523731708526611,0.6534579396247864,0.0031661444809287786,0.628535270690918,0.9998182654380798,0.5151917934417725,0.7290489673614502,0.19416223466396332,0.5278063416481018,0.9996703863143921,0.5866253972053528,0.7334151268005371,0.09157130122184753,0.6177855730056763,0.9996476173400879,0.5186493396759033,0.741289496421814,0.20232033729553223,0.5751428008079529,0.9995784163475037,0.5834314823150635,0.7438549399375916,0.09750112146139145,0.6136527061462402,0.9995512366294861,0.5104254484176636,0.7474150061607361,0.11962088197469711,0.5539932250976562,0.9993414282798767,0.5957938432693481,0.7513893842697144,0.03221099078655243,0.6243889927864075,0.9993447661399841
13,442,True,0.4585586190223694,0.4593900144100189,-0.08864491432905197,0.9905964732170105,0.9999823570251465,0.45340028405189514,0.45805588364601135,-0.101109080016613,0.9921332597732544,0.9999679327011108,0.45071160793304443,0.45844441652297974,-0.10115788877010345,0.9912222623825073,0.9999669790267944,0.4480767548084259,0.45853233337402344,-0.10122530907392502,0.9903746247291565,0.9999635219573975,0.4619777202606201,0.4592340886592865,-0.12135730683803558,0.993533194065094,0.9999673366546631,0.46481794118881226,0.45966705679893494,-0.12151122838258743,0.9935125708580017,0.999963641166687,0.46743661165237427,0.45980486273765564,-0.12145478278398514,0.9931803345680237,0.9999591112136841,0.44278648495674133,0.4658445417881012,-0.12302493304014206,0.989956259727478,0.9999566078186035,0.4682958722114563,0.46574074029922485,-0.21376287937164307,0.9939773678779602,0.9999446868896484,0.4545082151889801,0.4654995799064636,-0.08853880316019058,0.994539737701416,0.9999417066574097,0.46366411447525024,0.46561819314956665,-0.11500474810600281,0.9959681034088135,0.9999406337738037,0.419569730758667,0.4836893081665039,-0.09102257341146469,0.9983338117599487,0.9998840093612671,0.503290593624115,0.48209148645401,-0.26996371150016785,0.9987425208091736,0.9998795986175537,0.41671299934387207,0.4374881386756897,-0.07742869853973389,0.6851959228515625,0.9999284744262695,0.5195961594581604,0.4346461296081543,-0.3521277606487274,0.7248891592025757,0.9998599290847778,0.4191840589046478,0.38832807540893555,-0.16356033086776733,0.73299640417099,0.9992095232009888,0.5177018642425537,0.3887556791305542,-0.4353155791759491,0.7379361987113953,0.9992145299911499,0.41891783475875854,0.3803641200065613,-0.1972362995147705,0.7209688425064087,0.998538613319397,0.5235201716423035,0.37959060072898865,-0.49743881821632385,0.7227555513381958,0.9986415505409241,0.4291454255580902,0.3805764317512512,-0.22546230256557465,0.7186599373817444,0.9984517097473145,0.5096119046211243,0.37915125489234924,-0.4956781268119812,0.7235315442085266,0.9987266659736633,0.430794358253479,0.3831999897956848,-0.18147161602973938,0.7255956530570984,0.9987820982933044,0.5076304078102112,0.38286083936691284,-0.44021075963974,0.7186455726623535,0.9989928603172302,0.4661352038383484,0.5902662873268127,0.05615042522549629,0.9994657039642334,0.999932050704956,0.5122085809707642,0.5870893597602844,-0.055851809680461884,0.9995281100273132,0.9999432563781738,0.49006780982017517,0.6493160128593445,0.1374037265777588,0.6427103281021118,0.9997988343238831,0.535400927066803,0.6431003212928772,0.029198795557022095,0.6627061367034912,0.9998416900634766,0.5094911456108093,0.7076175212860107,0.3385440707206726,0.5712427496910095,0.9997716546058655,0.5597335696220398,0.7130059599876404,0.19963295757770538,0.6530015468597412,0.9997720122337341,0.5111604332923889,0.7173165082931519,0.3557398021221161,0.6149153113365173,0.9997144341468811,0.5561748743057251,0.7217379808425903,0.21220262348651886,0.647531270980835,0.9997146725654602,0.5096433758735657,0.7278929948806763,0.28885146975517273,0.5925183296203613,0.999576985836029,0.57047438621521,0.7316702008247375,0.1307988464832306,0.6560230851173401,0.9995893836021423
14,476,True,0.4562920033931732,0.4596887230873108,-0.12058238685131073,0.991527795791626,0.999974250793457,0.45006853342056274,0.4594140648841858,-0.13771411776542664,0.9929055571556091,0.9999581575393677,0.4467884600162506,0.4597281515598297,-0.1378338783979416,0.9920863509178162,0.9999580383300781,0.44352734088897705,0.45979180932044983,-0.13795223832130432,0.9913188815116882,0.9999544620513916,0.4604007601737976,0.45999622344970703,-0.15342411398887634,0.994171142578125,0.9999587535858154,0.4636203646659851,0.46047478914260864,-0.15360936522483826,0.9941539764404297,0.9999558925628662,0.4665367901325226,0.46064242720603943,-0.15358053147792816,0.9938506484031677,0.9999521970748901,0.4374060332775116,0.4663330912590027,-0.17142446339130402,0.9909452199935913,0.9999539852142334,0.467957079410553,0.46703019738197327,-0.2424376755952835,0.9945666790008545,0.9999473094940186,0.45172297954559326,0.4656313955783844,-0.12336158007383347,0.9950621128082275,0.9999452829360962,0.4628520905971527,0.4658719599246979,-0.14410331845283508,0.9963492751121521,0.9999456405639648,0.414045125246048,0.48231369256973267,-0.15397539734840393,0.9984748959541321,0.9999266862869263,0.5031165480613708,0.4815042018890381,-0.2736024260520935,0.9988476037979126,0.9999384880065918,0.4136079251766205,0.4375801980495453,-0.13795596361160278,0.7112293243408203,0.9999146461486816,0.518988847732544,0.4343949258327484,-0.3161841928958893,0.7506256699562073,0.9998749494552612,0.41649267077445984,0.3900364935398102,-0.20370082557201385,0.7570922374725342,0.9984661340713501,0.5185142159461975,0.38928288221359253,-0.4015760123729706,0.7626389265060425,0.999039351940155,0.4147884249687195,0.3819611370563507,-0.2422088235616684,0.7460509538650513,0.9971580505371094,0.5234010219573975,0.3799703121185303,-0.46454089879989624,0.7484087347984314,0.9982309937477112,0.42434972524642944,0.3810434639453888,-0.26846176385879517,0.743776798248291,0.9970429539680481,0.5103141069412231,0.3796057105064392,-0.46861350536346436,0.7490431070327759,0.9983385801315308,0.4261162579059601,0.38433173298835754,-0.21949604153633118,0.7497568726539612,0.9976486563682556,0.5070183873176575,0.383230060338974,-0.40916672348976135,0.7440022826194763,0.9987027645111084,0.4613347053527832,0.5887224674224854,0.048603180795907974,0.9995109438896179,0.999946117401123,0.512421727180481,0.5860645174980164,-0.048173438757658005,0.9995689988136292,0.9999586343765259,0.4739249050617218,0.6446131467819214,0.2513468563556671,0.6729120016098022,0.9997343420982361,0.5312672257423401,0.6369751691818237,0.1760481297969818,0.6909313201904297,0.9998094439506531,0.4898897707462311,0.7001765966415405,0.5571578145027161,0.6057911515235901,0.9997585415840149,0.5407840609550476,0.6960748434066772,0.431069552898407,0.6809996962547302,0.9997445940971375,0.49095243215560913,0.7149428129196167,0.5868766903877258,0.6488847732543945,0.9997281432151794,0.538482129573822,0.7051814794540405,0.4543096423149109,0.6751011610031128,0.9997029900550842,0.4960762858390808,0.7190043926239014,0.5621933937072754,0.6207236051559448,0.9996055960655212,0.5449105501174927,0.714255690574646,0.40779682993888855,0.6787742376327515,0.999556839466095
15,510,True,0.45678186416625977,0.459796279668808,-0.2250548005104065,0.9923632740974426,0.9999663829803467,0.45103758573532104,0.4609709680080414,-0.2435247004032135,0.9935938119888306,0.9999450445175171,0.44819390773773193,0.461337149143219,-0.24375273287296295,0.9928604960441589,0.9999439716339111,0.44528910517692566,0.4614318013191223,-0.24387936294078827,0.9921603202819824,0.9999382495880127,0.46058663725852966,0.46116629242897034,-0.2551514506340027,0.9947389960289001,0.9999439716339111,0.46362897753715515,0.46160635352134705,-0.2553652822971344,0.9947278499603271,0.9999396800994873,0.4663793742656708,0.46175751090049744,-0.25538572669029236,0.994446337223053,0.9999321699142456,0.43933194875717163,0.4672165811061859,-0.2712806463241577,0.9918228387832642,0.9999258518218994,0.46799251437187195,0.468270480632782,-0.32207030057907104,0.9950829744338989,0.999914288520813,0.4529845416545868,0.46537360548973083,-0.2232588231563568,0.9955083727836609,0.9998949766159058,0.46316298842430115,0.46545323729515076,-0.2381812185049057,0.9966701865196228,0.9998902082443237,0.41717174649238586,0.48105907440185547,-0.23676007986068726,0.9986003041267395,0.9998683929443359,0.5023767948150635,0.48075467348098755,-0.3263189494609833,0.9989342093467712,0.9998668432235718,0.4110493063926697,0.4376394748687744,-0.23330701887607574,0.734982967376709,0.9999270439147949,0.5180549025535583,0.43562063574790955,-0.3546060025691986,0.772930920124054,0.9998831748962402,0.4151979982852936,0.3911178708076477,-0.32678693532943726,0.7789130806922913,0.998768150806427,0.5167401432991028,0.3896922767162323,-0.4632888436317444,0.7848904728889465,0.9993981122970581,0.4124507009983063,0.38333868980407715,-0.380629301071167,0.7681826949119568,0.9973012804985046,0.5220715403556824,0.3804008662700653,-0.532916247844696,0.7715592980384827,0.9988019466400146,0.42185723781585693,0.38267946243286133,-0.40106964111328125,0.7659990787506104,0.997580885887146,0.5091236233711243,0.3804245591163635,-0.5443211197853088,0.77215176820755,0.9989111423492432,0.4234362840652466,0.3851994276046753,-0.3411642611026764,0.7707918286323547,0.9981650710105896,0.5062301754951477,0.38367143273353577,-0.4739055335521698,0.7667010426521301,0.999154806137085,0.45892471075057983,0.5851259231567383,0.039660338312387466,0.9995508790016174,0.9999333620071411,0.5091276168823242,0.583252489566803,-0.03928563743829727,0.9996038675308228,0.9999449253082275,0.474211722612381,0.6348885297775269,0.3638167083263397,0.680878758430481,0.9996334314346313,0.5238919854164124,0.6220768094062805,0.30393195152282715,0.6996373534202576,0.9997356534004211,0.487090528011322,0.6665087342262268,0.7549286484718323,0.6164968013763428,0.999679684638977,0.5137332081794739,0.664456844329834,0.6623196601867676,0.6889544129371643,0.9996768236160278,0.4857960045337677,0.670962929725647,0.7930936813354492,0.6597917079925537,0.999620795249939,0.5089496374130249,0.6718302965164185,0.6964653730392456,0.6803155541419983,0.9996175765991211,0.5012093782424927,0.6801967024803162,0.7824301719665527,0.626570999622345,0.9995036125183105,0.5235244035720825,0.6721670031547546,0.6664523482322693,0.6835602521896362,0.9994706511497498
16,544,True,0.4580724537372589,0.46052032709121704,-0.27894359827041626,0.9930969476699829,0.9997784495353699,0.45531269907951355,0.4603963792324066,-0.28713861107826233,0.9941852688789368,0.9996484518051147,0.4546244740486145,0.4609227776527405,-0.2873683571815491,0.9935254454612732,0.9996339082717896,0.45393043756484985,0.4611627161502838,-0.28748247027397156,0.9928900599479675,0.9995958209037781,0.4608828127384186,0.46132326126098633,-0.29477643966674805,0.9952297210693359,0.9996311664581299,0.46391329169273376,0.46160435676574707,-0.29494667053222656,0.995222270488739,0.999602735042572,0.4659516513347626,0.4617134928703308,-0.29495492577552795,0.9949622750282288,0.9995446801185608,0.452392041683197,0.4677181839942932,-0.28468623757362366,0.9925731420516968,0.9993973970413208,0.4666730761528015,0.467404305934906,-0.31602296233177185,0.995509147644043,0.9992944002151489,0.4573879539966583,0.4667867124080658,-0.2684042751789093,0.9958587884902954,0.9990220069885254,0.46362224221229553,0.4662487506866455,-0.2775568962097168,0.9969207048416138,0.9989607334136963,0.4516585171222687,0.48304885625839233,-0.2483074963092804,0.9986798763275146,0.9986119270324707,0.4987436830997467,0.48282456398010254,-0.3243665099143982,0.9989827871322632,0.9988052845001221,0.4414878487586975,0.43721503019332886,-0.2907032370567322,0.7496567964553833,0.9997772574424744,0.49854469299316406,0.4420325756072998,-0.37767550349235535,0.7893444895744324,0.9996881484985352,0.43258824944496155,0.39124584197998047,-0.3947955369949341,0.7949213981628418,0.998272180557251,0.5085837244987488,0.39031001925468445,-0.499665230512619,0.8028237819671631,0.9991509914398193,0.44649046659469604,0.3838597238063812,-0.4518519639968872,0.7827842831611633,0.9960965514183044,0.5073885917663574,0.3817112445831299,-0.5637152194976807,0.7897566556930542,0.9981858134269714,0.4383755922317505,0.38288038969039917,-0.4623698890209198,0.7805196642875671,0.9962781071662903,0.49881771206855774,0.38156217336654663,-0.5696344375610352,0.7903668880462646,0.9982686042785645,0.4377441108226776,0.385334312915802,-0.4067024290561676,0.7840007543563843,0.9973093271255493,0.49709853529930115,0.3844866454601288,-0.5079258680343628,0.7842329144477844,0.9986775517463684,0.4597632884979248,0.5828325152397156,0.030602730810642242,0.9995583295822144,0.9989373087882996,0.49252045154571533,0.5819439888000488,-0.03045182302594185,0.999605119228363,0.9991876482963562,0.48735424876213074,0.6087786555290222,0.2699258625507355,0.6556614637374878,0.9939548373222351,0.5032398104667664,0.583981990814209,0.2381754070520401,0.6889586448669434,0.996707022190094,0.47653642296791077,0.5941300988197327,0.6581363677978516,0.5820098519325256,0.9947888851165771,0.49102434515953064,0.5760790705680847,0.591015636920929,0.6619377732276917,0.9955739974975586,0.4707355797290802,0.5906410217285156,0.6971638798713684,0.6240307092666626,0.9944382905960083,0.48831650614738464,0.5765208005905151,0.6259700059890747,0.6529786586761475,0.9954015016555786,0.4805646240711212,0.5917510390281677,0.6828522086143494,0.5990338921546936,0.9955593347549438,0.4974883496761322,0.5671089291572571,0.5998716950416565,0.6628013253211975,0.9955615997314453
17,578,True,0.46143102645874023,0.4610171914100647,-0.29252803325653076,0.9937386512756348,0.9996391534805298,0.4626358449459076,0.46128684282302856,-0.2889392077922821,0.9946761131286621,0.9990953207015991,0.46372824907302856,0.4618297517299652,-0.2889326214790344,0.9940924644470215,0.9989327788352966,0.4648134112358093,0.46223267912864685,-0.28890639543533325,0.9935013651847839,0.9986868500709534,0.46269357204437256,0.46141570806503296,-0.28678861260414124,0.9956414699554443,0.9992707371711731,0.46406465768814087,0.4618341028690338,-0.2868569493293762,0.9956436157226562,0.9992595314979553,0.4660511910915375,0.46210724115371704,-0.28674378991127014,0.9953978061676025,0.9991936087608337,0.46719691157341003,0.4687172472476959,-0.24101944267749786,0.9931313395500183,0.9966180920600891,0.46677371859550476,0.469290167093277,-0.23221014440059662,0.9958191514015198,0.9982722997665405,0.4635142385959625,0.467413991689682,-0.2681841254234314,0.9959011673927307,0.9955744743347168,0.4640692472457886,0.46699970960617065,-0.2641223967075348,0.99692702293396,0.9962600469589233,0.49182409048080444,0.48265933990478516,-0.1968688815832138,0.9964970946311951,0.9367800951004028,0.46748214960098267,0.49064645171165466,-0.3194589912891388,0.9980309009552002,0.9757580161094666,0.49542203545570374,0.4368935227394104,-0.2559034526348114,0.7588323950767517,0.9948963522911072,0.4187282621860504,0.44268256425857544,-0.29282280802726746,0.7868916392326355,0.9973002076148987,0.48720091581344604,0.39127105474472046,-0.3070163428783417,0.7969727516174316,0.9869574308395386,0.4330076575279236,0.394115686416626,-0.3912961184978485,0.8050806522369385,0.9965984225273132,0.4887586832046509,0.3836914896965027,-0.33922889828681946,0.7794103622436523,0.9775274991989136,0.45918768644332886,0.3882574439048767,-0.47732025384902954,0.7918710708618164,0.9943860769271851,0.481771856546402,0.3830453157424927,-0.35559383034706116,0.7768426537513733,0.9775492548942566,0.44632601737976074,0.3846193552017212,-0.4666590392589569,0.7928677797317505,0.994512677192688,0.47872745990753174,0.38562560081481934,-0.31675833463668823,0.7774518728256226,0.9819611310958862,0.44825035333633423,0.3882138431072235,-0.39538928866386414,0.784226655960083,0.9953243136405945,0.47839242219924927,0.5819527506828308,0.011246461421251297,0.9945668578147888,0.8895190954208374,0.47603675723075867,0.5811048150062561,-0.011344081722199917,0.9968496561050415,0.9375922679901123,0.4816291332244873,0.5087107419967651,-0.07703788578510284,0.6215881705284119,0.9611865878105164,0.4632360637187958,0.5031532645225525,-0.026535384356975555,0.668400764465332,0.9836806058883667,0.47017210721969604,0.43921685218811035,0.0788574069738388,0.5596049427986145,0.9845794439315796,0.4766867756843567,0.4397677779197693,0.05324742943048477,0.6501579880714417,0.9873451590538025,0.4721887409687042,0.43305641412734985,0.0913575068116188,0.5951440930366516,0.9814183712005615,0.4866345226764679,0.43826135993003845,0.05495442822575569,0.6409802436828613,0.9829968214035034,0.4571080803871155,0.40050458908081055,0.0017875503981485963,0.5824078917503357,0.9849892854690552,0.46447330713272095,0.3944457173347473,-0.06960928440093994,0.6571317315101624,0.9815821647644043
18,612,True,0.4620541036128998,0.4668496251106262,-0.17926748096942902,0.9943180680274963,0.9999039173126221,0.4647282063961029,0.4672526717185974,-0.17828869819641113,0.9951608777046204,0.9997962117195129,0.467912495136261,0.46741899847984314,-0.17831867933273315,0.9946409463882446,0.9997764229774475,0.46965426206588745,0.46523317694664,-0.17832571268081665,0.9940974712371826,0.9997472167015076,0.46274057030677795,0.4674062132835388,-0.18649086356163025,0.9960319399833679,0.9998050332069397,0.46428146958351135,0.46773725748062134,-0.18668793141841888,0.9960371851921082,0.999795138835907,0.4658301770687103,0.4679555892944336,-0.18670323491096497,0.9958034157752991,0.9997687935829163,0.47332942485809326,0.47175946831703186,-0.13610056042671204,0.9937188625335693,0.9994577765464783,0.4665443003177643,0.47490572929382324,-0.07602204382419586,0.996150016784668,0.9995144605636597,0.4668680727481842,0.4738771915435791,-0.16337290406227112,0.99599289894104,0.9992019534111023,0.46437370777130127,0.4739946722984314,-0.1822814792394638,0.9969854354858398,0.9991579055786133,0.5073416233062744,0.4823336601257324,-0.08351274579763412,0.9963213205337524,0.9935188889503479,0.4529474079608917,0.4989852011203766,-0.05166984722018242,0.99751216173172,0.9932286143302917,0.5043131113052368,0.438263475894928,-0.14120610058307648,0.7609591484069824,0.9964572787284851,0.40693995356559753,0.45665740966796875,-0.0587104856967926,0.7608582973480225,0.9971721768379211,0.5013913512229919,0.3934552073478699,-0.1264001578092575,0.7911272644996643,0.9928728342056274,0.41748863458633423,0.40568557381629944,-0.08838442713022232,0.7851877212524414,0.9969556331634521,0.49838757514953613,0.38592618703842163,-0.1428270787000656,0.7706544995307922,0.9881405830383301,0.4206717610359192,0.39864903688430786,-0.11757504194974899,0.7741813659667969,0.9949305653572083,0.4947948753833771,0.38554489612579346,-0.16187015175819397,0.7680975198745728,0.9868879914283752,0.4243626892566681,0.39470699429512024,-0.12144140899181366,0.7761070728302002,0.9950156807899475,0.49461594223976135,0.38897138833999634,-0.1341051161289215,0.7667434215545654,0.9894658327102661,0.4261193573474884,0.3989151120185852,-0.09487840533256531,0.7674698233604431,0.9957208037376404,0.4856424927711487,0.5662867426872253,-0.006570878438651562,0.9935967922210693,0.9781633019447327,0.46905457973480225,0.5772042870521545,0.006264433730393648,0.9959959983825684,0.9785561561584473,0.47140049934387207,0.4687161445617676,-0.09908974170684814,0.5920677185058594,0.9888941645622253,0.44406747817993164,0.48107513785362244,-0.039653368294239044,0.6374658346176147,0.9917699098587036,0.4604659676551819,0.3948960602283478,-0.11591853201389313,0.548021674156189,0.9955897331237793,0.4551730155944824,0.4082314968109131,-0.11305301636457443,0.6378545165061951,0.9962491393089294,0.47039130330085754,0.38778018951416016,-0.12024347484111786,0.5990962982177734,0.9940449595451355,0.462781697511673,0.4033242166042328,-0.12843920290470123,0.6476513147354126,0.9950811862945557,0.43828773498535156,0.35536515712738037,-0.22079899907112122,0.5738444924354553,0.9946857690811157,0.44762498140335083,0.36720365285873413,-0.25006595253944397,0.6511563658714294,0.9939905405044556
19,646,True,0.462161123752594,0.47128361463546753,-0.5195564031600952,0.9948318004608154,0.9998483657836914,0.4642256796360016,0.47548121213912964,-0.5499715805053711,0.9955681562423706,0.9996235370635986,0.46496161818504333,0.4761512279510498,-0.5500415563583374,0.9951183199882507,0.9995585083961487,0.4620507061481476,0.47653961181640625,-0.5500398874282837,0.9945930242538452,0.9994800686836243,0.4665486216545105,0.47395697236061096,-0.5506219863891602,0.9963474869728088,0.9996390342712402,0.4698454439640045,0.47376012802124023,-0.5506340265274048,0.9963744282722473,0.9995924830436707,0.4739857017993927,0.47344422340393066,-0.5505170822143555,0.9961383938789368,0.9995251893997192,0.45781567692756653,0.4846535325050354,-0.5739607214927673,0.9941877126693726,0.9986671209335327,0.4798086881637573,0.4801437258720398,-0.5729541778564453,0.9964013695716858,0.9989155530929565,0.4645747244358063,0.47749361395835876,-0.5159736275672913,0.9962885975837708,0.9992534518241882,0.46714919805526733,0.47661322355270386,-0.5164384841918945,0.9971955418586731,0.9992915391921997,0.4266449809074402,0.5026112794876099,-0.42946481704711914,0.9964464902877808,0.9949811100959778,0.5191177725791931,0.4993794560432434,-0.451668381690979,0.9975475072860718,0.9975746273994446,0.3989710211753845,0.4638218879699707,-0.35589858889579773,0.7728115320205688,0.9993877410888672,0.49568459391593933,0.45228391885757446,-0.34496787190437317,0.7576873302459717,0.9995028972625732,0.40739551186561584,0.42029276490211487,-0.3735320270061493,0.8030667901039124,0.9983932375907898,0.43237191438674927,0.4139842987060547,-0.37018120288848877,0.7942848205566406,0.9985761642456055,0.4067994952201843,0.41051021218299866,-0.4247531592845917,0.7820918560028076,0.9963512420654297,0.4473992586135864,0.40567564964294434,-0.4234253764152527,0.7846997380256653,0.997044026851654,0.4147419333457947,0.4099372327327728,-0.45801836252212524,0.7791049480438232,0.9966892600059509,0.44527196884155273,0.40899237990379333,-0.46793845295906067,0.7870360016822815,0.9972726702690125,0.41801172494888306,0.414328008890152,-0.39099395275115967,0.776506781578064,0.9975962042808533,0.4444105327129364,0.41254955530166626,-0.39161479473114014,0.779376745223999,0.9979512095451355,0.4557722210884094,0.5567006468772888,0.0022946165408939123,0.9940448999404907,0.9964215755462646,0.4963473379611969,0.5551093220710754,-0.002193843014538288,0.9962562918663025,0.9978960752487183,0.43087348341941833,0.4830131530761719,-0.03145703300833702,0.5700793862342834,0.9965813755989075,0.452001690864563,0.4761250615119934,-0.027654485777020454,0.604525625705719,0.9977765679359436,0.4370046854019165,0.42216795682907104,0.1340019702911377,0.5603248476982117,0.998417854309082,0.4813198149204254,0.4220263361930847,0.11837836354970932,0.6329371333122253,0.9989895224571228,0.4382038414478302,0.4147420823574066,0.14391207695007324,0.5970696806907654,0.9979932308197021,0.4822016954421997,0.4067026674747467,0.13897350430488586,0.6371400356292725,0.998812198638916,0.4255264699459076,0.4010722041130066,0.031564150005578995,0.5937510132789612,0.9976910352706909,0.4765007793903351,0.38477885723114014,0.0009265771368518472,0.656000554561615,0.9981847405433655
20,680,True,0.4594589173793793,0.47763553261756897,-0.8647376894950867,0.9952892065048218,0.9999475479125977,0.4583832919597626,0.48727792501449585,-0.891663670539856,0.9959363341331482,0.9998664855957031,0.4546666741371155,0.4878963828086853,-0.8917394280433655,0.9955395460128784,0.9998430013656616,0.4519329369068146,0.4884011745452881,-0.8917232155799866,0.9950582385063171,0.9998063445091248,0.46584028005599976,0.4825572967529297,-0.8911908268928528,0.9966278672218323,0.9998552799224854,0.4693722128868103,0.48228660225868225,-0.8913108706474304,0.9966618418693542,0.9998181462287903,0.4736019968986511,0.4820081293582916,-0.8912140130996704,0.996431827545166,0.9997596144676208,0.4493553042411804,0.498993456363678,-0.8522881269454956,0.9945707321166992,0.9994358420372009,0.4912755787372589,0.4938799738883972,-0.8509949445724487,0.9965754747390747,0.9993098974227905,0.4579316973686218,0.48451265692710876,-0.8360957503318787,0.9965522289276123,0.9996839761734009,0.4667242169380188,0.4828144609928131,-0.835423469543457,0.9973368048667908,0.9996325969696045,0.4155518114566803,0.5191106796264648,-0.6464435458183289,0.9965851306915283,0.9976668357849121,0.5298722982406616,0.4975621700286865,-0.6493569612503052,0.9974707961082458,0.9967765212059021,0.3811154365539551,0.4796707034111023,-0.5461059808731079,0.7888445258140564,0.9997203946113586,0.512816309928894,0.4499374330043793,-0.5613062977790833,0.7681729197502136,0.9995949864387512,0.3665241599082947,0.44091740250587463,-0.6077084541320801,0.8176822066307068,0.9995276927947998,0.497117817401886,0.4037017822265625,-0.6272570490837097,0.8095542788505554,0.9996024966239929,0.3617473244667053,0.434398353099823,-0.6766016483306885,0.7981089949607849,0.9990941286087036,0.5023913979530334,0.39465129375457764,-0.6954859495162964,0.8008658289909363,0.9993951320648193,0.3682557940483093,0.4333171844482422,-0.7163541316986084,0.7952356934547424,0.9992480874061584,0.49890655279159546,0.3968852758407593,-0.7357804775238037,0.8030890226364136,0.9994729161262512,0.37119919061660767,0.435535728931427,-0.6280785202980042,0.7912268042564392,0.9994398951530457,0.49346864223480225,0.3987846374511719,-0.6463308334350586,0.7943181395530701,0.99955815076828,0.4517051577568054,0.5520868301391602,-0.0017192107625305653,0.9945574402809143,0.9992808699607849,0.5024885535240173,0.5411081314086914,0.0019947791006416082,0.9965147376060486,0.9991326928138733,0.3930654227733612,0.49423304200172424,-0.018474401906132698,0.5505788922309875,0.9994304776191711,0.4738234579563141,0.4758656620979309,-0.01708989404141903,0.5895965099334717,0.9993324875831604,0.363007515668869,0.4401242733001709,0.26105445623397827,0.5719060897827148,0.9997319579124451,0.44455698132514954,0.4279089570045471,0.2800593376159668,0.6260518431663513,0.9997294545173645,0.3645556569099426,0.4351235330104828,0.287614643573761,0.5917032957077026,0.9996204376220703,0.4350111782550812,0.42425641417503357,0.3076542615890503,0.6190549731254578,0.9996733665466309,0.36448198556900024,0.42204898595809937,0.10311383008956909,0.6139627695083618,0.9993628859519958,0.444687157869339,0.4042135179042816,0.13898807764053345,0.664226770401001,0.999393105506897
21,714,True,0.45817968249320984,0.4765450060367584,-0.5960461497306824,0.9957385063171387,0.9999904632568359,0.4568096101284027,0.48397764563560486,-0.6024504899978638,0.9963206648826599,0.9999721050262451,0.4534605145454407,0.48455220460891724,-0.6023756861686707,0.9959590435028076,0.9999679327011108,0.4508017301559448,0.48507675528526306,-0.6022791862487793,0.9955297112464905,0.9999607801437378,0.4649834632873535,0.4824402332305908,-0.5987994074821472,0.9969437122344971,0.9999721050262451,0.46879395842552185,0.4825456142425537,-0.5989429354667664,0.9969737529754639,0.9999680519104004,0.4732537567615509,0.4826560616493225,-0.5988472104072571,0.9967687726020813,0.9999598264694214,0.4497067630290985,0.4926784038543701,-0.5365685224533081,0.9950292110443115,0.9999129772186279,0.48906147480010986,0.49020877480506897,-0.5239723324775696,0.9968674182891846,0.9999114274978638,0.45560869574546814,0.48025235533714294,-0.5642786026000977,0.9968336224555969,0.9999572038650513,0.46520015597343445,0.4793106019496918,-0.5591640472412109,0.9975441098213196,0.9999550580978394,0.42608633637428284,0.5089336037635803,-0.4062650501728058,0.9968673586845398,0.9997809529304504,0.5195111036300659,0.49496498703956604,-0.4112110435962677,0.9975352883338928,0.9994722008705139,0.4020310342311859,0.4685017168521881,-0.3504994809627533,0.8021436929702759,0.9998956918716431,0.5053775906562805,0.4534394145011902,-0.4620181918144226,0.7573755979537964,0.9997503161430359,0.38549163937568665,0.43141788244247437,-0.39224153757095337,0.8277535438537598,0.9998156428337097,0.45614194869995117,0.42034244537353516,-0.4323660433292389,0.8100126385688782,0.9997754693031311,0.37602317333221436,0.42829379439353943,-0.4377377927303314,0.8089437484741211,0.9996218681335449,0.4467949867248535,0.4137848913669586,-0.45113465189933777,0.8033256530761719,0.9996452331542969,0.3845019042491913,0.42835527658462524,-0.4668078124523163,0.8059836626052856,0.9996640682220459,0.43859580159187317,0.41758155822753906,-0.5155844688415527,0.805227518081665,0.9996899366378784,0.3891734182834625,0.428886741399765,-0.40662848949432373,0.7991544008255005,0.9997629523277283,0.4378224313259125,0.4194223880767822,-0.45899683237075806,0.7940797209739685,0.999751627445221,0.4543500542640686,0.5337129235267639,-0.01213070284575224,0.9950737953186035,0.9998974800109863,0.502383828163147,0.5303370356559753,0.012179136276245117,0.9968042373657227,0.9998421669006348,0.39092957973480225,0.49815115332603455,-0.10314978659152985,0.5763259530067444,0.9998428821563721,0.473835289478302,0.4768936038017273,-0.05481208115816116,0.6109080910682678,0.9997841715812683,0.3433416485786438,0.459705114364624,0.012450219132006168,0.5990798473358154,0.9998772144317627,0.4562825858592987,0.4274887442588806,0.051196321845054626,0.648051917552948,0.9998577833175659,0.3486747443675995,0.453763484954834,0.02212219312787056,0.6114320755004883,0.999786913394928,0.4528751075267792,0.4260665774345398,0.057393185794353485,0.6375850439071655,0.9998195767402649,0.32261377573013306,0.4378395974636078,-0.10911725461483002,0.6349069476127625,0.9996495246887207,0.457364022731781,0.3972228169441223,-0.05935397744178772,0.6820646524429321,0.9996618032455444
22,748,True,0.4221385419368744,0.46933799982070923,-0.5273248553276062,0.9961552619934082,0.9999978542327881,0.4161069095134735,0.47594308853149414,-0.5489322543144226,0.9966819882392883,0.9999939203262329,0.4131819009780884,0.4767206311225891,-0.5488541722297668,0.9963570237159729,0.9999935626983643,0.4103866517543793,0.47795018553733826,-0.5487038493156433,0.995970606803894,0.9999924898147583,0.4262012839317322,0.4731430113315582,-0.5429330468177795,0.9972416162490845,0.9999935626983643,0.43115001916885376,0.47205406427383423,-0.5430144667625427,0.9972693920135498,0.9999926090240479,0.4360877573490143,0.47111859917640686,-0.5429291129112244,0.9970842599868774,0.999990701675415,0.41695135831832886,0.4800366461277008,-0.5512169003486633,0.9955126643180847,0.9999899864196777,0.4571184515953064,0.47189587354660034,-0.5231005549430847,0.9971684813499451,0.999987006187439,0.425422340631485,0.46873754262924194,-0.520052433013916,0.9971404075622559,0.9999933242797852,0.43773841857910156,0.46689000725746155,-0.5120599865913391,0.9977784156799316,0.9999923706054688,0.4253213703632355,0.4996897578239441,-0.4254128038883209,0.9971733093261719,0.999963641166687,0.5174751281738281,0.4680212438106537,-0.3877190351486206,0.9977707862854004,0.999956488609314,0.3936428427696228,0.4883745312690735,-0.34702247381210327,0.7928111553192139,0.9999033212661743,0.5134950280189514,0.451526015996933,-0.4188116788864136,0.7473008036613464,0.9998157620429993,0.34484222531318665,0.47448357939720154,-0.3581371009349823,0.811984121799469,0.9999099969863892,0.45761412382125854,0.4253543019294739,-0.3277519941329956,0.7904060482978821,0.9997727274894714,0.3349968194961548,0.4734972417354584,-0.37425774335861206,0.7926985621452332,0.9998701810836792,0.4482473134994507,0.41750210523605347,-0.3482818305492401,0.781040370464325,0.9996762275695801,0.34587526321411133,0.4711094796657562,-0.38276371359825134,0.7879646420478821,0.9998834133148193,0.437146931886673,0.42245736718177795,-0.3807505667209625,0.7811362743377686,0.999716579914093,0.35342976450920105,0.4688199460506439,-0.35080572962760925,0.777287483215332,0.9999094009399414,0.43751174211502075,0.42518186569213867,-0.3407061696052551,0.7702373266220093,0.999778687953949,0.4524897336959839,0.5333265066146851,-0.014652597717940807,0.9955564141273499,0.9999518394470215,0.4990599751472473,0.5187181234359741,0.014775903895497322,0.9970996379852295,0.9999479055404663,0.3732430040836334,0.508325457572937,-0.11086004227399826,0.6040250658988953,0.9999357461929321,0.49613142013549805,0.47434544563293457,-0.09582283347845078,0.6353879570960999,0.9999436140060425,0.3057715594768524,0.4605087637901306,0.0012067371280863881,0.6308152079582214,0.9999125003814697,0.5026971697807312,0.40490585565567017,0.01706329919397831,0.6746247410774231,0.9999141693115234,0.3001682758331299,0.4579123854637146,0.008198906667530537,0.6335671544075012,0.9998519420623779,0.48542436957359314,0.41432327032089233,0.027012549340724945,0.6586354374885559,0.9998810291290283,0.28439798951148987,0.4325641095638275,-0.11691505461931229,0.6634762287139893,0.9995997548103333,0.49530282616615295,0.3883524537086487,-0.08323008567094803,0.7055933475494385,0.9996678829193115
23,782,True,0.41189947724342346,0.4360279440879822,0.19475670158863068,0.9965384006500244,0.9999997615814209,0.4047180712223053,0.43839120864868164,0.21479399502277374,0.9970120191574097,0.9999995231628418,0.404148131608963,0.4387737810611725,0.21484750509262085,0.9967188835144043,0.9999995231628418,0.4037206768989563,0.43924522399902344,0.2149476855993271,0.9963718056678772,0.9999995231628418,0.4069804251194,0.4385557174682617,0.1997247040271759,0.9975166916847229,0.9999994039535522,0.40845128893852234,0.43914756178855896,0.19955801963806152,0.9975414872169495,0.9999994039535522,0.4096758961677551,0.43975895643234253,0.1996760219335556,0.997374951839447,0.9999992847442627,0.40157759189605713,0.4375939965248108,0.24938417971134186,0.9959586262702942,0.9999995231628418,0.4179954528808594,0.44585004448890686,0.18124651908874512,0.9974504709243774,0.9999991655349731,0.4196765422821045,0.4381938576698303,0.20177805423736572,0.9974238276481628,0.9999996423721313,0.4229203462600708,0.43882113695144653,0.18190409243106842,0.9979986548423767,0.9999995231628418,0.4463864266872406,0.45931991934776306,0.21678055822849274,0.9974539875984192,0.9999971389770508,0.4535152316093445,0.46105384826660156,0.11162986606359482,0.9979908466339111,0.9999945163726807,0.47716382145881653,0.43683332204818726,0.17278775572776794,0.7810335755348206,0.9999843835830688,0.43878284096717834,0.4622999131679535,0.03402772918343544,0.755555272102356,0.9998962879180908,0.5024747848510742,0.40268826484680176,0.14662307500839233,0.8158724904060364,0.9999185800552368,0.39462849497795105,0.44905194640159607,-0.010709119960665703,0.7972771525382996,0.999880313873291,0.49612656235694885,0.39347392320632935,0.13288292288780212,0.7926907539367676,0.9998262524604797,0.3816165030002594,0.4454910159111023,-0.027772683650255203,0.7818883657455444,0.9998160004615784,0.4925258755683899,0.39324575662612915,0.13211984932422638,0.7882237434387207,0.9998212456703186,0.3753929138183594,0.44617170095443726,-0.03068774752318859,0.7807719707489014,0.9998326301574707,0.4943537414073944,0.3951077163219452,0.1406008005142212,0.7787492275238037,0.9998806715011597,0.380815327167511,0.4466317296028137,-0.014914185740053654,0.7692998051643372,0.9998773336410522,0.45615488290786743,0.5258784294128418,0.019104406237602234,0.9959889650344849,0.9999061822891235,0.4766826331615448,0.5197761058807373,-0.018992915749549866,0.9973682761192322,0.9999182224273682,0.3996463418006897,0.4989689886569977,-0.012947091832756996,0.6200999021530151,0.9999406337738037,0.4530550241470337,0.4710853099822998,-0.05423589423298836,0.6668294072151184,0.9999358654022217,0.35237401723861694,0.4662771224975586,0.0473405085504055,0.631079375743866,0.9999114274978638,0.44714266061782837,0.43305888772010803,-0.04912935942411423,0.6937481760978699,0.999829888343811,0.3491704761981964,0.4626157283782959,0.04634671285748482,0.6440484523773193,0.999848484992981,0.44951164722442627,0.43347567319869995,-0.055481307208538055,0.6833800673484802,0.9997829794883728,0.325845330953598,0.45023012161254883,-0.027152543887495995,0.6671463251113892,0.9996649026870728,0.43030837178230286,0.4130973219871521,-0.12356434017419815,0.7227411866188049,0.9994446635246277
24,816,True,0.4150755703449249,0.4344204068183899,0.22036246955394745,0.9968810677528381,0.9999992847442627,0.4112451672554016,0.4404424726963043,0.22255301475524902,0.997308611869812,0.9999978542327881,0.40905171632766724,0.4409824311733246,0.22265560925006866,0.9970441460609436,0.999997615814209,0.4068843424320221,0.4415270686149597,0.22291840612888336,0.9967324733734131,0.9999973773956299,0.4187633991241455,0.43949374556541443,0.21912939846515656,0.9977626800537109,0.9999972581863403,0.42225414514541626,0.439455509185791,0.21899956464767456,0.9977843761444092,0.9999969005584717,0.42543894052505493,0.4394185543060303,0.21913805603981018,0.9976346492767334,0.9999959468841553,0.4112701117992401,0.4458463191986084,0.2148071676492691,0.9963588714599609,0.9999967813491821,0.4372275173664093,0.4442773759365082,0.1953180730342865,0.9977012872695923,0.999994158744812,0.4177304208278656,0.4341224730014801,0.21297089755535126,0.9976780414581299,0.9999986886978149,0.426533579826355,0.4333112835884094,0.20750634372234344,0.9981954097747803,0.9999984502792358,0.4227931499481201,0.45567330718040466,0.17647144198417664,0.9977045655250549,0.999980092048645,0.4876193702220917,0.4452849328517914,0.16756267845630646,0.9981830716133118,0.9999550580978394,0.4134281873703003,0.43844836950302124,0.18532142043113708,0.727917492389679,0.9999408721923828,0.4995833933353424,0.4226683974266052,0.1552811563014984,0.7411485910415649,0.9998526573181152,0.4105991721153259,0.4034714698791504,0.2007959932088852,0.7687761783599854,0.9999575614929199,0.4473755359649658,0.39579057693481445,0.17107665538787842,0.7737906575202942,0.9999206066131592,0.39989548921585083,0.3969459533691406,0.1935695856809616,0.7485880255699158,0.9999158382415771,0.4354855418205261,0.3895963728427887,0.16626600921154022,0.7525838613510132,0.9998661279678345,0.4126156270503998,0.396539568901062,0.19565819203853607,0.7422477602958679,0.999929666519165,0.4225832223892212,0.3940596580505371,0.16247372329235077,0.7466267347335815,0.9998992681503296,0.41639456152915955,0.3972066640853882,0.2021937221288681,0.7327137589454651,0.9999536275863647,0.4233013689517975,0.39523187279701233,0.16971047222614288,0.7320696711540222,0.9999305009841919,0.4577813446521759,0.5151112675666809,0.0013463181676343083,0.9963813424110413,0.9999698400497437,0.5001247525215149,0.5104356408119202,-0.0015596386510878801,0.9976199865341187,0.999956488609314,0.40563952922821045,0.500099778175354,-0.05533033609390259,0.6307680606842041,0.9999165534973145,0.4548555612564087,0.48570600152015686,-0.06591453403234482,0.6836405396461487,0.9999058246612549,0.36830466985702515,0.43161720037460327,-0.05402949079871178,0.6101396679878235,0.9999067783355713,0.4043136239051819,0.42313313484191895,-0.1143648698925972,0.6863404512405396,0.9998468160629272,0.36856809258461,0.42910605669021606,-0.05578712001442909,0.6292595267295837,0.9998378753662109,0.402586966753006,0.4220314919948578,-0.12302689254283905,0.6790456771850586,0.9997783303260803,0.3477958142757416,0.39470070600509644,-0.07928331941366196,0.6470555067062378,0.999582827091217,0.3851689100265503,0.3866215646266937,-0.15340133011341095,0.7152805924415588,0.9994356036186218
25,850,True,0.4176115393638611,0.4191364347934723,0.3793000876903534,0.9971835613250732,0.9999998807907104,0.4143924415111542,0.4282205104827881,0.38913044333457947,0.9975722432136536,0.9999996423721313,0.4105793535709381,0.4292021691799164,0.3891471028327942,0.9973331689834595,0.9999996423721313,0.40749117732048035,0.43017739057540894,0.38941967487335205,0.9970544576644897,0.9999996423721313,0.42564520239830017,0.42628636956214905,0.3812774121761322,0.9979810118675232,0.9999996423721313,0.43112266063690186,0.4260033071041107,0.3811708092689514,0.9979996085166931,0.9999995231628418,0.4359309673309326,0.42568644881248474,0.38147464394569397,0.9978649020195007,0.9999994039535522,0.4191511869430542,0.43621960282325745,0.38573235273361206,0.9967162609100342,0.9999996423721313,0.4497263729572296,0.4303525984287262,0.34498128294944763,0.9979230761528015,0.9999991655349731,0.42393672466278076,0.41819944977760315,0.37229999899864197,0.9979036450386047,0.9999997615814209,0.4306403398513794,0.41607731580734253,0.36016616225242615,0.9983688592910767,0.9999997615814209,0.4269367754459381,0.44029656052589417,0.3017860949039459,0.997933566570282,0.9999984502792358,0.49980494379997253,0.4251406788825989,0.29780831933021545,0.9983630776405334,0.9999964237213135,0.41201645135879517,0.4367525577545166,0.3331134021282196,0.6618860960006714,0.9999867677688599,0.53105628490448,0.40381431579589844,0.2768210172653198,0.7207479476928711,0.9999536275863647,0.39761143922805786,0.4269558787345886,0.38475507497787476,0.705360472202301,0.9999725818634033,0.4960858225822449,0.3880975842475891,0.3175201117992401,0.7392459511756897,0.9999274015426636,0.38768666982650757,0.4300214648246765,0.3847765326499939,0.6935930252075195,0.9999361038208008,0.4960783123970032,0.3830246925354004,0.3295627236366272,0.7188416719436646,0.999833345413208,0.396664559841156,0.43003353476524353,0.39312776923179626,0.687044084072113,0.9999501705169678,0.4869237542152405,0.3851316571235657,0.32226231694221497,0.7076388001441956,0.9998815059661865,0.3998735547065735,0.426743745803833,0.3896099925041199,0.6775460243225098,0.9999697208404541,0.4866173565387726,0.3881475329399109,0.3174125552177429,0.6871426105499268,0.9999333620071411,0.4649912416934967,0.4817326068878174,-0.008303569629788399,0.9967427253723145,0.9999977350234985,0.5052953362464905,0.476430743932724,0.00816421676427126,0.997857391834259,0.9999973773956299,0.39756661653518677,0.48202425241470337,-0.07859385013580322,0.6539596915245056,0.9999760389328003,0.4399869740009308,0.4784373342990875,-0.07214614748954773,0.7083286643028259,0.9999803304672241,0.36422428488731384,0.4234490394592285,-0.10057133436203003,0.5931249856948853,0.9999470710754395,0.37747836112976074,0.4113887846469879,-0.19435405731201172,0.6919576525688171,0.9999171495437622,0.36457112431526184,0.41980165243148804,-0.10544317960739136,0.6341909170150757,0.999902606010437,0.3755156099796295,0.41013607382774353,-0.210167795419693,0.6964701414108276,0.9998602867126465,0.34257614612579346,0.392144113779068,-0.09085293859243393,0.637342095375061,0.9996672868728638,0.3575209379196167,0.37686747312545776,-0.21248289942741394,0.7230516672134399,0.9995115995407104
26,884,True,0.4240522086620331,0.42591148614883423,0.005068860948085785,0.9974052309989929,0.9999798536300659,0.42100977897644043,0.4312383532524109,-0.0037174576427787542,0.9977850317955017,0.9999523162841797,0.41789546608924866,0.431581974029541,-0.0036950206849724054,0.9975637197494507,0.9999512434005737,0.41510820388793945,0.4319199025630951,-0.003534498158842325,0.997321367263794,0.99994957447052,0.4303991198539734,0.4303337037563324,0.0035476298071444035,0.99814772605896,0.9999358654022217,0.43481695652008057,0.43014711141586304,0.0034288892056792974,0.9981569647789001,0.9999281167984009,0.43886011838912964,0.42995351552963257,0.003546216059476137,0.9980400800704956,0.9999099969863892,0.42195308208465576,0.434460312128067,0.008989582769572735,0.9969987869262695,0.9999526739120483,0.45013073086738586,0.4320506155490875,0.013888346031308174,0.9980742931365967,0.9998940229415894,0.427004337310791,0.4247094988822937,0.0005497088422998786,0.9980618953704834,0.9999827146530151,0.43474334478378296,0.423773854970932,0.00876710843294859,0.9984872937202454,0.9999780654907227,0.42882317304611206,0.43201589584350586,-0.04009103402495384,0.9981303215026855,0.9999716281890869,0.5002986192703247,0.4291548728942871,0.0665743425488472,0.9984875917434692,0.9998387098312378,0.3768106997013092,0.41123923659324646,0.013684915378689766,0.651418149471283,0.9999319314956665,0.5004574656486511,0.40538448095321655,0.12465082854032516,0.6886065006256104,0.9997275471687317,0.34535568952560425,0.4015694558620453,0.04495639353990555,0.6782619953155518,0.9997606873512268,0.4450788199901581,0.3899708688259125,0.1447145938873291,0.7019569277763367,0.9995885491371155,0.333792507648468,0.4034682810306549,0.02585243061184883,0.6648379564285278,0.9995403289794922,0.43604084849357605,0.3859887719154358,0.14195527136325836,0.6807039976119995,0.9994158744812012,0.3433878719806671,0.403806209564209,0.021478082984685898,0.6561506986618042,0.9995800852775574,0.4277033507823944,0.3891438841819763,0.1199704185128212,0.6682266592979431,0.9995037317276001,0.34849676489830017,0.40195226669311523,0.04326373711228371,0.644585132598877,0.9996908903121948,0.4279293119907379,0.39038732647895813,0.13489367067813873,0.64792400598526,0.9995822310447693,0.46969467401504517,0.48810282349586487,-0.05557694286108017,0.9970510005950928,0.9999371767044067,0.509781539440155,0.488142192363739,0.05537490174174309,0.9980502724647522,0.9998546838760376,0.4011029005050659,0.4766276478767395,-0.11428887397050858,0.6748971343040466,0.9998534917831421,0.4448161721229553,0.4731394648551941,0.01196957565844059,0.707236647605896,0.9997177720069885,0.3648724853992462,0.4203697741031647,-0.0612112358212471,0.5965017080307007,0.9998268485069275,0.38612136244773865,0.4150436520576477,-0.016484227031469345,0.6869790554046631,0.99968421459198,0.36642345786094666,0.41918832063674927,-0.05529264360666275,0.631492555141449,0.9997411370277405,0.38267022371292114,0.41452470421791077,-0.02790900319814682,0.6916891932487488,0.9996336698532104,0.34377145767211914,0.388672798871994,-0.08355480432510376,0.6355745792388916,0.9993553757667542,0.3646639883518219,0.38246050477027893,-0.015030845999717712,0.7165157794952393,0.9990891218185425
27,918,False,,,,,,,,,,,,,,,,,,,,,,,,,,,,,,,,,,,,,,,,,,,,,,,,,,,,,,,,,,,,,,,,,,,,,,,,,,,,,,,,,,,,,,,,,,,,,,,,,,,,,,,,,,,,,,,,,,,,,,,,,,,,,,,,,,,,,,,,,,,,,,,,,,,,,,,,,,,,,,,,,,,,,
28,952,True,0.489136666059494,0.509945809841156,0.09351623058319092,0.9975637793540955,0.9997888207435608,0.49312037229537964,0.5135406851768494,0.10515820980072021,0.9979515075683594,0.9997559189796448,0.49393099546432495,0.5133499503135681,0.10512052476406097,0.9977582097053528,0.9997684359550476,0.49489352107048035,0.5132682919502258,0.10502614825963974,0.9975375533103943,0.9997565150260925,0.4927031695842743,0.5139338374137878,0.07226841151714325,0.9982706308364868,0.9997112154960632,0.493176132440567,0.5139902830123901,0.07210797816514969,0.9982911348342896,0.9996991157531738,0.49373748898506165,0.5141107439994812,0.07208013534545898,0.9981746077537537,0.9996669292449951,0.5055163502693176,0.5099194645881653,0.14587505161762238,0.997197687625885,0.999775230884552,0.5028878450393677,0.5109009742736816,-0.004599671810865402,0.9980935454368591,0.9996387958526611,0.49375611543655396,0.5060005784034729,0.11277467012405396,0.9979661107063293,0.9997671246528625,0.4933120608329773,0.5067574381828308,0.06870690733194351,0.9982027411460876,0.9997137188911438,0.5148810744285583,0.4857441782951355,0.2219720482826233,0.9982782602310181,0.9998762607574463,0.5057251453399658,0.4947829842567444,-0.08953817933797836,0.9986270666122437,0.9999300241470337,0.5142634510993958,0.4874454438686371,0.33336278796195984,0.5937601327896118,0.9996515512466431,0.4825562834739685,0.5107660293579102,-0.14573688805103302,0.7081392407417297,0.9998229146003723,0.497024267911911,0.501812756061554,0.32042405009269714,0.6323184370994568,0.9976766705513,0.4746513366699219,0.5357035398483276,-0.045541729778051376,0.7170787453651428,0.9982860684394836,0.5000759959220886,0.5056486129760742,0.3520536422729492,0.6277394890785217,0.9971784353256226,0.47399359941482544,0.543452262878418,-0.060995250940322876,0.6934720277786255,0.9975071549415588,0.492889404296875,0.5070635080337524,0.3132079839706421,0.6209630370140076,0.9966855645179749,0.4807870090007782,0.5422397255897522,-0.029462426900863647,0.681059718132019,0.997403085231781,0.4905484616756439,0.5063377618789673,0.30477985739707947,0.6115986108779907,0.9970937967300415,0.48043695092201233,0.539689838886261,-0.03039390966296196,0.6580240726470947,0.9978336691856384,0.4695003032684326,0.4118993878364563,0.11602334678173065,0.9973071813583374,0.9998406171798706,0.4644378125667572,0.4137443006038666,-0.11603343486785889,0.9982312917709351,0.9999202489852905,0.40127184987068176,0.45270776748657227,0.14381273090839386,0.6305628418922424,0.9999010562896729,0.38033944368362427,0.46344175934791565,-0.13162000477313995,0.7332100868225098,0.9999459981918335,0.34312763810157776,0.40650758147239685,0.2404376119375229,0.5769426822662354,0.9999246597290039,0.33498555421829224,0.4073253571987152,-0.04706866294145584,0.7131747603416443,0.9999299049377441,0.34829455614089966,0.3938053846359253,0.24461019039154053,0.6175447702407837,0.9999181032180786,0.33404242992401123,0.3951980471611023,-0.041160017251968384,0.7144530415534973,0.9999297857284546,0.3181493878364563,0.3930014371871948,0.26573431491851807,0.6269647479057312,0.9998481273651123,0.2949294149875641,0.4062560200691223,-0.0300991702824831,0.7389245629310608,0.9998176693916321
29,986,True,0.4895245134830475,0.4963734745979309,0.08466900885105133,0.997578501701355,0.9994826316833496,0.49383243918418884,0.5010845065116882,0.08848626166582108,0.9979237914085388,0.9993756413459778,0.49632322788238525,0.5012250542640686,0.08849120885133743,0.9978044629096985,0.9994131326675415,0.49856215715408325,0.5030935406684875,0.0884508416056633,0.9975621104240417,0.9994057416915894,0.4930557608604431,0.5010709762573242,0.05544281378388405,0.9981886148452759,0.9993236064910889,0.49349716305732727,0.5013560056686401,0.05531379207968712,0.9982684850692749,0.9993307590484619,0.4940330982208252,0.5017428398132324,0.055269476026296616,0.9981113076210022,0.9993115663528442,0.5096011161804199,0.5018734335899353,0.10311596840620041,0.9970199465751648,0.9996309280395508,0.5029905438423157,0.5005404353141785,-0.043695032596588135,0.9978989958763123,0.9995823502540588,0.4944727122783661,0.4937693476676941,0.0963185727596283,0.9978687167167664,0.9998723268508911,0.4937872588634491,0.49394720792770386,0.05310311168432236,0.9980992674827576,0.9998646974563599,0.5244483947753906,0.47726011276245117,0.1759042888879776,0.9984436631202698,0.999984860420227,0.502750039100647,0.4809483587741852,-0.1388828009366989,0.9987634420394897,0.9999943971633911,0.5144596099853516,0.42754435539245605,0.2088754028081894,0.5421209931373596,0.9994515776634216,0.4944249093532562,0.43279680609703064,-0.1897462010383606,0.7200778126716614,0.9997643828392029,0.4887184500694275,0.39673078060150146,0.15378226339817047,0.586213231086731,0.9971469044685364,0.4759230315685272,0.3974088728427887,-0.13032343983650208,0.7256937026977539,0.997651994228363,0.48811498284339905,0.3881085515022278,0.17098402976989746,0.5838386416435242,0.996475875377655,0.4739934802055359,0.3826673626899719,-0.15397289395332336,0.6974097490310669,0.996285080909729,0.48388779163360596,0.38868626952171326,0.1400507390499115,0.5780309438705444,0.9962641596794128,0.4717596769332886,0.3855774998664856,-0.1370508074760437,0.685482382774353,0.9966498017311096,0.48335859179496765,0.39113014936447144,0.1405341923236847,0.5688993334770203,0.9964672327041626,0.4751022458076477,0.38477209210395813,-0.12247589975595474,0.6575466990470886,0.9970826506614685,0.4681694805622101,0.40838590264320374,0.11712802946567535,0.9975183010101318,0.9996033310890198,0.4605500400066376,0.4110811650753021,-0.1171918734908104,0.9983863830566406,0.9998612403869629,0.4125049114227295,0.45292019844055176,0.15089298784732819,0.5795401930809021,0.9996503591537476,0.3830749988555908,0.465629518032074,-0.12907865643501282,0.7443892359733582,0.9998509883880615,0.35072845220565796,0.4071672558784485,0.2732968330383301,0.5410599112510681,0.9996115565299988,0.3285897672176361,0.4204011559486389,-0.021562356501817703,0.724245548248291,0.9997684359550476,0.3465796411037445,0.401641845703125,0.28201988339424133,0.5852800011634827,0.9995868802070618,0.3238275647163391,0.4066801965236664,-0.010971934534609318,0.7259147763252258,0.9997547268867493,0.3172263503074646,0.4014555811882019,0.3016897141933441,0.594986617565155,0.9995397329330444,0.2817906141281128,0.43227019906044006,0.002732653170824051,0.7471395134925842,0.9995467066764832
30,1020,True,0.4967239797115326,0.4772682189941406,0.43559789657592773,0.9975571632385254,0.9999908208847046,0.5066729187965393,0.4775140881538391,0.44477784633636475,0.9977566599845886,0.9999887943267822,0.5089879631996155,0.47664323449134827,0.4447532594203949,0.9976601600646973,0.9999898672103882,0.5111672282218933,0.47589945793151855,0.4448219835758209,0.9974874258041382,0.9999908208847046,0.5029615759849548,0.47992199659347534,0.4213108420372009,0.9978680610656738,0.9999841451644897,0.5054618120193481,0.47948676347732544,0.4211106300354004,0.997810959815979,0.9999829530715942,0.5012931227684021,0.4815540909767151,0.42121341824531555,0.9977497458457947,0.9999796152114868,0.5189225673675537,0.4734537601470947,0.42393192648887634,0.9967095255851746,0.9999939203262329,0.5060871243476868,0.48073506355285645,0.32192903757095337,0.9973957538604736,0.9999815225601196,0.4981744885444641,0.4740374982357025,0.42697301506996155,0.9978899359703064,0.9999961853027344,0.4946311116218567,0.4764585494995117,0.3959047496318817,0.9979883432388306,0.9999949932098389,0.5241232514381409,0.4505680501461029,0.399276465177536,0.9985918402671814,0.9999979734420776,0.5038137435913086,0.47949522733688354,0.1570856273174286,0.9988867044448853,0.9999980926513672,0.509064793586731,0.4108940064907074,0.36658790707588196,0.495651513338089,0.99998939037323,0.4891219735145569,0.43847113847732544,0.08561427146196365,0.7202586531639099,0.9999805688858032,0.4798904359340668,0.38318032026290894,0.34328633546829224,0.5606033205986023,0.9999685287475586,0.46958261728286743,0.40016287565231323,0.09762867540121078,0.7180107235908508,0.9999414682388306,0.4668457806110382,0.37488916516304016,0.3355032503604889,0.5607371926307678,0.9999431371688843,0.4687626361846924,0.39061087369918823,0.07976913452148438,0.6877299547195435,0.9998779296875,0.46497318148612976,0.3768673837184906,0.32887014746665955,0.5549848675727844,0.9999463558197021,0.4625075161457062,0.3894052803516388,0.0886620432138443,0.6758365631103516,0.9998906850814819,0.4667052924633026,0.38057398796081543,0.33512359857559204,0.543928861618042,0.999964714050293,0.4641546905040741,0.39188551902770996,0.10121883451938629,0.6444713473320007,0.9999220371246338,0.46811121702194214,0.3994755744934082,0.10729790478944778,0.9977524876594543,0.9999551773071289,0.4557630717754364,0.41114649176597595,-0.10697131603956223,0.9985403418540955,0.999985933303833,0.4045647084712982,0.4554879069328308,0.09780973941087723,0.5523602962493896,0.9998786449432373,0.3787404000759125,0.4655386805534363,-0.14087361097335815,0.7641807198524475,0.999963641166687,0.3297373354434967,0.43080934882164,0.06992342323064804,0.531829297542572,0.9998296499252319,0.30682694911956787,0.4399634897708893,-0.16207127273082733,0.7313963174819946,0.9998267292976379,0.3336365520954132,0.4214412569999695,0.05721290782094002,0.5981680154800415,0.9997970461845398,0.31481704115867615,0.42606496810913086,-0.16859100759029388,0.7441685199737549,0.9997561573982239,0.2935173213481903,0.4389428496360779,0.028361011296510696,0.6002538800239563,0.9996204376220703,0.2785716950893402,0.45601439476013184,-0.20675918459892273,0.7528659105300903,0.9995812773704529
31,1054,True,0.4829532206058502,0.46073800325393677,0.37448257207870483,0.9976977705955505,0.9999946355819702,0.48898595571517944,0.4623039662837982,0.3943729102611542,0.997894823551178,0.9999924898147583,0.48893627524375916,0.4621497690677643,0.39434105157852173,0.997827410697937,0.9999926090240479,0.48873400688171387,0.4619899392127991,0.39443227648735046,0.997653067111969,0.9999927282333374,0.4907858669757843,0.4631831645965576,0.37743043899536133,0.9979219436645508,0.9999912977218628,0.4925379157066345,0.4635513424873352,0.3772382140159607,0.9978601336479187,0.999990701675415,0.4924796223640442,0.46407514810562134,0.3773304522037506,0.9978089332580566,0.9999889135360718,0.4933144748210907,0.4622686803340912,0.42835789918899536,0.9969205260276794,0.9999936819076538,0.4991146922111511,0.46421676874160767,0.35600653290748596,0.9975187182426453,0.9999874830245972,0.48191484808921814,0.45886683464050293,0.3848719298839569,0.9980567097663879,0.9999943971633911,0.48316696286201477,0.45974063873291016,0.36236101388931274,0.9980923533439636,0.9999927282333374,0.48390528559684753,0.4469126760959625,0.39689749479293823,0.9987244606018066,0.999996542930603,0.5170065760612488,0.46678271889686584,0.2237558364868164,0.9989973902702332,0.9999983310699463,0.44693511724472046,0.4228588938713074,0.35273030400276184,0.45519137382507324,0.9999858140945435,0.5169106125831604,0.44537433981895447,0.1110345646739006,0.7337816953659058,0.9999916553497314,0.42143651843070984,0.3994382619857788,0.24563096463680267,0.5290734767913818,0.9999701976776123,0.4714171886444092,0.43293705582618713,0.06605447828769684,0.7242527604103088,0.999962568283081,0.41215384006500244,0.3919680714607239,0.22056515514850616,0.5301112532615662,0.9999523162841797,0.4662267863750458,0.4287559390068054,0.04844355583190918,0.6924330592155457,0.9999055862426758,0.41600579023361206,0.391851544380188,0.23217114806175232,0.5233766436576843,0.999961256980896,0.45771798491477966,0.42974796891212463,0.059131886810064316,0.6804646849632263,0.9999194145202637,0.41990742087364197,0.39490512013435364,0.2442144751548767,0.5126081705093384,0.9999715089797974,0.4618641436100006,0.43030887842178345,0.070191390812397,0.6479896306991577,0.9999395608901978,0.45119208097457886,0.40150371193885803,0.07112320512533188,0.9979735016822815,0.9999806880950928,0.46144554018974304,0.41708531975746155,-0.07099413126707077,0.9986840486526489,0.9999953508377075,0.3779444694519043,0.4554307460784912,-0.0295913964509964,0.560929000377655,0.9998852014541626,0.39953142404556274,0.4654005169868469,-0.17530186474323273,0.7845405340194702,0.9999849796295166,0.3071722984313965,0.4719482362270355,-0.10279566794633865,0.5506051778793335,0.9999325275421143,0.3081386685371399,0.4724007248878479,-0.2543928027153015,0.7466667890548706,0.9999569654464722,0.3041764497756958,0.472139447927475,-0.1179421991109848,0.6312883496284485,0.9999289512634277,0.29962167143821716,0.47003430128097534,-0.26404687762260437,0.7636363506317139,0.999932050704956,0.2784910202026367,0.4852076470851898,-0.17919090390205383,0.6263551712036133,0.9998044371604919,0.2773541808128357,0.485583633184433,-0.3373458981513977,0.7683261036872864,0.9998168349266052
32,1088,True,0.4640268087387085,0.4638952314853668,0.3143320381641388,0.9979007244110107,0.9999926090240479,0.46245455741882324,0.4623071253299713,0.32390883564949036,0.9980659484863281,0.9999850988388062,0.4619831442832947,0.46238774061203003,0.3239242434501648,0.9980095624923706,0.9999822378158569,0.46132951974868774,0.46249088644981384,0.3238975703716278,0.9978422522544861,0.9999799728393555,0.46450796723365784,0.4612606167793274,0.32498136162757874,0.9980906248092651,0.9999880790710449,0.46486932039260864,0.4606079161167145,0.32476523518562317,0.9980363249778748,0.9999890327453613,0.46525460481643677,0.45991724729537964,0.3248773515224457,0.997999906539917,0.9999889135360718,0.4620620310306549,0.45983609557151794,0.3258528709411621,0.9971787929534912,0.9999781847000122,0.46870845556259155,0.45568808913230896,0.33429715037345886,0.9977508783340454,0.9999921321868896,0.4643838703632355,0.4630662500858307,0.3121353089809418,0.9982094168663025,0.9999902248382568,0.46539124846458435,0.4620916247367859,0.3126436471939087,0.9982462525367737,0.9999938011169434,0.4583549499511719,0.45662403106689453,0.3051801025867462,0.9988455176353455,0.9999812841415405,0.4871867597103119,0.4457382559776306,0.2791536748409271,0.9990954399108887,0.9999978542327881,0.4205225706100464,0.4699819087982178,0.2391214519739151,0.5012187361717224,0.9999284744262695,0.5164169073104858,0.4370984137058258,0.27609220147132874,0.7048065662384033,0.9999834299087524,0.39967700839042664,0.485961377620697,0.23925229907035828,0.5702990293502808,0.9998565912246704,0.47350800037384033,0.4232676923274994,0.2976500988006592,0.7124850153923035,0.9999381303787231,0.3921334147453308,0.49053144454956055,0.23463167250156403,0.5680817365646362,0.9997449517250061,0.46749332547187805,0.417834609746933,0.3003222644329071,0.684037446975708,0.9998767375946045,0.39127087593078613,0.489352285861969,0.2399268001317978,0.5613272786140442,0.9997782111167908,0.45853275060653687,0.41813772916793823,0.29513606429100037,0.673981785774231,0.999880313873291,0.39295896887779236,0.4874193072319031,0.23993943631649017,0.5485659241676331,0.9998354911804199,0.46220409870147705,0.4208923280239105,0.294633150100708,0.6401951909065247,0.9999181032180786,0.44439437985420227,0.4298388361930847,0.008734160102903843,0.9981656074523926,0.9999490976333618,0.4566188454627991,0.42501235008239746,-0.00895785354077816,0.9988119602203369,0.9999833106994629,0.37038031220436096,0.46400728821754456,-0.07826577126979828,0.6037857532501221,0.9999163150787354,0.3926539421081543,0.45338764786720276,-0.06104133278131485,0.7976792454719543,0.9999525547027588,0.3002500832080841,0.49926406145095825,-0.18382525444030762,0.5943546891212463,0.9999558925628662,0.30317023396492004,0.4824308753013611,-0.15331578254699707,0.7678132653236389,0.9999570846557617,0.2949393689632416,0.505590558052063,-0.1991262435913086,0.6674231290817261,0.9999315738677979,0.28984764218330383,0.48806124925613403,-0.16001354157924652,0.7839999794960022,0.9999308586120605,0.2697990834712982,0.5062393546104431,-0.25179222226142883,0.6623529195785522,0.9996923208236694,0.2785460948944092,0.48955971002578735,-0.22340820729732513,0.7884252667427063,0.9996994733810425
33,1122,True,0.45161259174346924,0.4577876031398773,-0.38592708110809326,0.9980972409248352,0.9999756813049316,0.452553391456604,0.45887064933776855,-0.39613690972328186,0.9982389807701111,0.9999438524246216,0.4520677924156189,0.4595041871070862,-0.3960854113101959,0.9981878399848938,0.9999386072158813,0.4514261782169342,0.4601362645626068,-0.39613765478134155,0.9980335235595703,0.9999271631240845,0.4557865262031555,0.45691218972206116,-0.3973446786403656,0.9982646107673645,0.9999524354934692,0.4568376839160919,0.45624977350234985,-0.3974825441837311,0.9982138276100159,0.9999550580978394,0.45804816484451294,0.4555361866950989,-0.3974158465862274,0.9981846213340759,0.9999512434005737,0.45646554231643677,0.4620153307914734,-0.3696925640106201,0.9974271059036255,0.9999507665634155,0.46744900941848755,0.4549780488014221,-0.3730334937572479,0.9979658722877502,0.9999713897705078,0.4535973072052002,0.4588877260684967,-0.3673305809497833,0.9983721375465393,0.9999791383743286,0.4557311534881592,0.45705848932266235,-0.3692665994167328,0.998410701751709,0.9999843835830688,0.453002005815506,0.45917433500289917,-0.25751495361328125,0.9989572763442993,0.9999935626983643,0.4911879599094391,0.44620805978775024,-0.28478553891181946,0.999184787273407,0.999997615814209,0.4044477343559265,0.473917156457901,-0.18573729693889618,0.5373607873916626,0.9999054670333862,0.5086740851402283,0.4266524910926819,-0.1912490278482437,0.7236959338188171,0.9999282360076904,0.35207390785217285,0.4742714762687683,-0.13718964159488678,0.598541259765625,0.9997727274894714,0.4964474141597748,0.3839816451072693,-0.1317974478006363,0.7285261750221252,0.9996145963668823,0.33499738574028015,0.4759981632232666,-0.13341549038887024,0.590830385684967,0.999666690826416,0.49296337366104126,0.3716364800930023,-0.1273522675037384,0.6990939378738403,0.999394416809082,0.3344435393810272,0.4747341275215149,-0.14975708723068237,0.5844911932945251,0.9996762275695801,0.483345627784729,0.3717997670173645,-0.1584804356098175,0.6912491917610168,0.9993751645088196,0.3410045802593231,0.4736427366733551,-0.14335446059703827,0.5697727799415588,0.999738872051239,0.4824769198894501,0.37768739461898804,-0.14277143776416779,0.6595476865768433,0.9995018243789673,0.4448281228542328,0.4393175542354584,0.01866716332733631,0.9983418583869934,0.9999785423278809,0.4570150077342987,0.4272134304046631,-0.018809746950864792,0.9989261627197266,0.9999843835830688,0.3758811950683594,0.4665972590446472,0.01453822199255228,0.6368468403816223,0.9999288320541382,0.39259347319602966,0.4534428119659424,0.02749251201748848,0.7812714576721191,0.999923825263977,0.3104930520057678,0.4886762499809265,0.07526444643735886,0.6295276284217834,0.9999338388442993,0.31061655282974243,0.48212093114852905,0.186012402176857,0.7689654231071472,0.9999358654022217,0.30640414357185364,0.49018749594688416,0.09514133632183075,0.6944172978401184,0.999923825263977,0.29666998982429504,0.485877126455307,0.20133927464485168,0.779673159122467,0.9999266862869263,0.280965119600296,0.4999549984931946,-0.017981085926294327,0.6907730102539062,0.9997829794883728,0.29724612832069397,0.4915851950645447,0.1498095989227295,0.793777585029602,0.9998360872268677
34,1156,True,0.4562527537345886,0.45391973853111267,-0.3071955740451813,0.998238205909729,0.9998757839202881,0.4632938802242279,0.45440712571144104,-0.31699174642562866,0.9983648061752319,0.9997634291648865,0.46379920840263367,0.45526736974716187,-0.3169551491737366,0.9983171820640564,0.9997056126594543,0.46367964148521423,0.456137090921402,-0.3170008063316345,0.9981611371040344,0.9996210336685181,0.4620875418186188,0.45189738273620605,-0.31051552295684814,0.998399555683136,0.9998397827148438,0.46278131008148193,0.45097780227661133,-0.3106555640697479,0.9983536005020142,0.9998595714569092,0.4619782269001007,0.4500247538089752,-0.31061968207359314,0.9983373880386353,0.9998619556427002,0.4666343331336975,0.45870241522789,-0.2998999357223511,0.9976251125335693,0.9996707439422607,0.4748043417930603,0.4494198262691498,-0.2686110734939575,0.9981568455696106,0.9999217987060547,0.4631902873516083,0.45598354935646057,-0.29270800948143005,0.9984721541404724,0.9997666478157043,0.46165844798088074,0.4534286558628082,-0.2847391366958618,0.9985276460647583,0.9998742341995239,0.45521876215934753,0.46268168091773987,-0.2166168987751007,0.9990504384040833,0.9998639822006226,0.49288210272789,0.44492682814598083,-0.1836850494146347,0.9992632865905762,0.9999918937683105,0.408549964427948,0.48663172125816345,-0.15176600217819214,0.5745923519134521,0.9991816878318787,0.5080897212028503,0.4284264147281647,-0.1010524332523346,0.7170671224594116,0.9998681545257568,0.3850253224372864,0.4882967472076416,-0.07986932247877121,0.6271839141845703,0.9992183446884155,0.5042462348937988,0.38644322752952576,-0.04440413415431976,0.7248762249946594,0.9992823004722595,0.3766363263130188,0.49083495140075684,-0.07499101758003235,0.6147052645683289,0.9990248680114746,0.503682553768158,0.37582358717918396,-0.05300165340304375,0.6976650357246399,0.9988044500350952,0.3766080141067505,0.48875027894973755,-0.0798269733786583,0.6087791919708252,0.9990010857582092,0.4992437958717346,0.37678325176239014,-0.0606856606900692,0.6929903626441956,0.9986866116523743,0.37971413135528564,0.48693186044692993,-0.08081956952810287,0.5917360782623291,0.9991368651390076,0.4973151385784149,0.378166139125824,-0.050182320177555084,0.6629496812820435,0.9989639520645142,0.4465732276439667,0.44734811782836914,-0.007674201857298613,0.9984998106956482,0.9998598098754883,0.46432334184646606,0.43470773100852966,0.007577613461762667,0.9990299344062805,0.9999539852142334,0.3716910183429718,0.4678493142127991,-0.02408405765891075,0.6686707139015198,0.9994872808456421,0.3924301564693451,0.4505080580711365,0.03488122671842575,0.7597123384475708,0.9997256398200989,0.3185219168663025,0.5063338875770569,0.04850611090660095,0.6630414724349976,0.9997857213020325,0.3359663784503937,0.48914939165115356,0.1359887421131134,0.7756043672561646,0.9997922778129578,0.3188813030719757,0.5129517912864685,0.05920930579304695,0.7212574481964111,0.9997591376304626,0.32850533723831177,0.496507465839386,0.1455441117286682,0.7806909680366516,0.9997571110725403,0.29320818185806274,0.5137203335762024,0.010516579262912273,0.716870129108429,0.9993417859077454,0.3165956139564514,0.4963081479072571,0.09418987482786179,0.8010090589523315,0.9993976354598999
35,1190,False,,,,,,,,,,,,,,,,,,,,,,,,,,,,,,,,,,,,,,,,,,,,,,,,,,,,,,,,,,,,,,,,,,,,,,,,,,,,,,,,,,,,,,,,,,,,,,,,,,,,,,,,,,,,,,,,,,,,,,,,,,,,,,,,,,,,,,,,,,,,,,,,,,,,,,,,,,,,,,,,,,,,,
36,1224,True,0.3717420697212219,0.5396844148635864,-0.037880416959524155,0.9945158362388611,0.9994552731513977,0.3677375912666321,0.5453246831893921,-0.0760497897863388,0.9959330558776855,0.9992558360099792,0.368287056684494,0.5460894703865051,-0.0762140229344368,0.9957717657089233,0.9992570281028748,0.3687422573566437,0.5468307137489319,-0.07629555463790894,0.995413064956665,0.9992326498031616,0.363613098859787,0.5424013137817383,-0.051343079656362534,0.9954530596733093,0.9992541670799255,0.3613341748714447,0.5410468578338623,-0.05147638916969299,0.9954075217247009,0.9992859959602356,0.35916709899902344,0.5397546291351318,-0.051503781229257584,0.995918869972229,0.9992499947547913,0.36521342396736145,0.5441091060638428,-0.19506500661373138,0.994402289390564,0.9995259046554565,0.351502388715744,0.5342732071876526,-0.08208037912845612,0.996118426322937,0.9995527863502502,0.3741573691368103,0.5358310341835022,-0.07314400374889374,0.993127703666687,0.9995545744895935,0.37017762660980225,0.5327033996582031,-0.040440283715724945,0.9942834973335266,0.9995597004890442,0.3904326260089874,0.533288836479187,-0.24773094058036804,0.9990130662918091,0.9996331930160522,0.3449336290359497,0.5019601583480835,-0.046919483691453934,0.9992263317108154,0.9990076422691345,0.396809458732605,0.5718589425086975,-0.2517431080341339,0.6138510704040527,0.9993840456008911,0.3564130663871765,0.4966326355934143,0.04368177428841591,0.657784104347229,0.9952918291091919,0.3730201721191406,0.6090022921562195,-0.1762801557779312,0.6567579507827759,0.9970279335975647,0.37398019433021545,0.5148935317993164,0.05995067581534386,0.6634549498558044,0.993475615978241,0.36884552240371704,0.6205653548240662,-0.20971406996250153,0.6420480608940125,0.9948937892913818,0.37479373812675476,0.5179639458656311,0.05892924591898918,0.6411606073379517,0.993695080280304,0.3603448271751404,0.617569088935852,-0.20246560871601105,0.6365698575973511,0.9947407841682434,0.3779171109199524,0.5211811065673828,0.029373524710536003,0.6375241875648499,0.9936607480049133,0.3615739941596985,0.6115919351577759,-0.1732349395751953,0.6167095303535461,0.9959784746170044,0.37960270047187805,0.5208762884140015,0.047375380992889404,0.6103705763816833,0.9937031865119934,0.4895153343677521,0.4560090899467468,-0.042543813586235046,0.9986088871955872,0.9998244643211365,0.4647054970264435,0.44284114241600037,0.04267115518450737,0.9990843534469604,0.9997082352638245,0.514555037021637,0.42146024107933044,0.11260928958654404,0.665620744228363,0.9971785545349121,0.46748703718185425,0.41218000650405884,0.3034527003765106,0.7216129899024963,0.9958244562149048,0.4388442039489746,0.38314762711524963,0.34537985920906067,0.6474311351776123,0.9966908693313599,0.4378112256526947,0.3850512206554413,0.5029323697090149,0.7311304211616516,0.9950280785560608,0.4244389832019806,0.3777432143688202,0.3710002899169922,0.7077770829200745,0.9956525564193726,0.4352291226387024,0.38237130641937256,0.5225280523300171,0.7487362623214722,0.9937102794647217,0.43070709705352783,0.3736570477485657,0.3914535939693451,0.6906951665878296,0.9957838654518127,0.42343437671661377,0.3740255534648895,0.5346310138702393,0.7549493908882141,0.9946386218070984
37,1258,True,0.40064820647239685,0.5618273019790649,-0.06286489963531494,0.9933995604515076,0.9990413784980774,0.39326778054237366,0.5644021034240723,-0.09894318878650665,0.995130181312561,0.9989898800849915,0.39274895191192627,0.5644077062606812,-0.09897437691688538,0.9951313734054565,0.999039351940155,0.39192602038383484,0.5645866394042969,-0.09899262338876724,0.9947742223739624,0.9990429282188416,0.391928106546402,0.5642648935317993,-0.055752888321876526,0.992803692817688,0.9989084005355835,0.3941197693347931,0.5618168115615845,-0.05579626187682152,0.992567241191864,0.9989042282104492,0.3920792043209076,0.5609473586082458,-0.055729661136865616,0.9940068125724792,0.9988759160041809,0.37705332040786743,0.5601481795310974,-0.2027508169412613,0.9937176704406738,0.99930739402771,0.3755955994129181,0.555232584476471,-0.006178379524499178,0.9945760369300842,0.999083399772644,0.3963382840156555,0.5537598729133606,-0.0938839241862297,0.9905657768249512,0.9985199570655823,0.3925919830799103,0.550879716873169,-0.04040241613984108,0.9900196194648743,0.9981417655944824,0.38234084844589233,0.542215883731842,-0.28698641061782837,0.9990569353103638,0.9998220801353455,0.36008694767951965,0.5345938205718994,0.09216351807117462,0.9991918206214905,0.9997169375419617,0.397280216217041,0.5779327750205994,-0.36830979585647583,0.650138795375824,0.9997368454933167,0.37168052792549133,0.56910240650177,0.15569068491458893,0.6043717265129089,0.9998034834861755,0.3784794211387634,0.6199511289596558,-0.3204387426376343,0.6861331462860107,0.9990668892860413,0.37390831112861633,0.602186381816864,0.09162528812885284,0.6246929168701172,0.999267041683197,0.37273499369621277,0.6288986206054688,-0.365643173456192,0.6724333763122559,0.9986806511878967,0.37376904487609863,0.6169667840003967,0.09303228557109833,0.6108205318450928,0.9989582300186157,0.36525121331214905,0.6257258057594299,-0.34270843863487244,0.6671803593635559,0.9983750581741333,0.373211532831192,0.6165344715118408,0.06252454966306686,0.6080105900764465,0.9987614154815674,0.36614349484443665,0.6244357228279114,-0.31208348274230957,0.6465501189231873,0.9987263083457947,0.37751078605651855,0.6138675808906555,0.07507975399494171,0.5858335494995117,0.9989194869995117,0.4882795512676239,0.4632905125617981,-0.1119714304804802,0.9987351894378662,0.9999409914016724,0.47129663825035095,0.46494588255882263,0.11206559836864471,0.9991632103919983,0.9999294281005859,0.5367246270179749,0.42251110076904297,-0.08896403759717941,0.6903901100158691,0.9989588260650635,0.49794045090675354,0.422172486782074,0.23403021693229675,0.6786932349205017,0.9987983703613281,0.4489133954048157,0.375641793012619,0.09894102811813354,0.6737252473831177,0.9995833039283752,0.4382942318916321,0.3836190700531006,0.44063687324523926,0.683965265750885,0.9993246793746948,0.42526066303253174,0.3739074170589447,0.11902495473623276,0.7318657040596008,0.9995953440666199,0.427986741065979,0.3820638358592987,0.4619896411895752,0.7302308678627014,0.9994428753852844,0.45733270049095154,0.34937232732772827,0.11327552795410156,0.7108584046363831,0.9994481205940247,0.43556737899780273,0.3582349121570587,0.48540687561035156,0.7164576053619385,0.9993869066238403
38,1292,True,0.4092668294906616,0.5825960636138916,-0.11613042652606964,0.9867637157440186,0.9879215955734253,0.399575799703598,0.5844375491142273,-0.14750200510025024,0.9906532764434814,0.9895979166030884,0.3988650143146515,0.5840098261833191,-0.147555872797966,0.9907318949699402,0.9899175763130188,0.3979782462120056,0.5835962891578674,-0.14762528240680695,0.9904142618179321,0.9900756478309631,0.3981820344924927,0.5842134952545166,-0.10397469997406006,0.9834213852882385,0.9899641871452332,0.3972852826118469,0.5833919048309326,-0.1040419191122055,0.9820504784584045,0.9903119802474976,0.3956391513347626,0.582783579826355,-0.10402968525886536,0.9867473840713501,0.9908045530319214,0.3860437273979187,0.5770837068557739,-0.23394116759300232,0.987386167049408,0.9922710657119751,0.38322821259498596,0.576731264591217,-0.0350276455283165,0.9863396883010864,0.9932183623313904,0.4090001881122589,0.5769301652908325,-0.1417550891637802,0.9792929291725159,0.9884777665138245,0.4009431302547455,0.5788787603378296,-0.08442650735378265,0.9759592413902283,0.9877724051475525,0.3830723762512207,0.5634702444076538,-0.31399375200271606,0.9989462494850159,0.9990894794464111,0.3784743547439575,0.558128833770752,0.05276574194431305,0.9989062547683716,0.9990887641906738,0.3854502737522125,0.5942878723144531,-0.38152918219566345,0.6802862882614136,0.9991101622581482,0.3695407807826996,0.5871924161911011,0.11111291497945786,0.5491378903388977,0.999555766582489,0.36931779980659485,0.6238967180252075,-0.32731160521507263,0.7053262591362,0.9951613545417786,0.368360698223114,0.6131324172019958,0.06801862269639969,0.5764002799987793,0.997637152671814,0.36429575085639954,0.6325541734695435,-0.372833251953125,0.6916407942771912,0.9931081533432007,0.3635711967945099,0.6209352612495422,0.06278729438781738,0.5681188702583313,0.9964483976364136,0.3615349233150482,0.6295183300971985,-0.3570215106010437,0.6861793398857117,0.9910921454429626,0.3659258186817169,0.6209694147109985,0.034554921090602875,0.5660326480865479,0.9957577586174011,0.3631613850593567,0.626306414604187,-0.3225589394569397,0.6638067364692688,0.9929840564727783,0.37023159861564636,0.6178334355354309,0.04935170337557793,0.5476424694061279,0.9962303042411804,0.48499900102615356,0.47629284858703613,-0.11006812751293182,0.9988270401954651,0.9998292922973633,0.477859228849411,0.4797534942626953,0.11013713479042053,0.999221920967102,0.999895453453064,0.48227041959762573,0.4225079119205475,-0.015307540073990822,0.7123246788978577,0.9985041618347168,0.4918299913406372,0.4322792887687683,0.2564951181411743,0.648054838180542,0.999039351940155,0.4388052225112915,0.3774498701095581,0.1341467946767807,0.7028288245201111,0.9995170831680298,0.47490382194519043,0.38410431146621704,0.4337072968482971,0.6746789813041687,0.9995787739753723,0.4241873025894165,0.37421441078186035,0.14588941633701324,0.7557111382484436,0.999504566192627,0.4676753282546997,0.38193100690841675,0.4484429657459259,0.735461413860321,0.9995934367179871,0.45967984199523926,0.3508128523826599,0.06752467900514603,0.7355050444602966,0.9993694424629211,0.48308098316192627,0.3681914508342743,0.40833309292793274,0.7154564261436462,0.9995297193527222
39,1326,True,0.4064331352710724,0.6305292844772339,-0.00135797169059515,0.9826685190200806,0.9727457165718079,0.3928930163383484,0.6373923420906067,-0.0162569098174572,0.9865314364433289,0.9722299575805664,0.39266878366470337,0.6375061273574829,-0.01639649085700512,0.986065685749054,0.974780797958374,0.39218491315841675,0.6376341581344604,-0.016531221568584442,0.9869287014007568,0.9760183095932007,0.391248494386673,0.635250449180603,-0.014039503410458565,0.9784379005432129,0.9677427411079407,0.38939788937568665,0.6351339817047119,-0.014100397936999798,0.9759244918823242,0.967699408531189,0.3872595429420471,0.6350282430648804,-0.014183782041072845,0.9817553758621216,0.9665143489837646,0.38573265075683594,0.6349297761917114,-0.05771194398403168,0.982782244682312,0.985037624835968,0.3813570737838745,0.6306526064872742,-0.03440672159194946,0.9811087846755981,0.975739598274231,0.4053363800048828,0.6269023418426514,-0.009751828387379646,0.9752084016799927,0.9744783639907837,0.3950037360191345,0.624614417552948,-0.006135039962828159,0.971484363079071,0.9675296545028687,0.3925555646419525,0.604901909828186,-0.04679384082555771,0.9972987771034241,0.9856751561164856,0.37481436133384705,0.594637930393219,-0.039295751601457596,0.9976823329925537,0.9818984866142273,0.38587188720703125,0.6080547571182251,-0.06134030967950821,0.6460422277450562,0.9922056794166565,0.3635914623737335,0.5866203308105469,0.03254888951778412,0.5127695202827454,0.991596519947052,0.3696868419647217,0.6223528981208801,-0.029760172590613365,0.6524982452392578,0.9881384968757629,0.36875152587890625,0.603863537311554,0.12442837655544281,0.532500147819519,0.9888644218444824,0.36465442180633545,0.6309417486190796,-0.03634655103087425,0.6387848854064941,0.9845607280731201,0.365720272064209,0.6081914305686951,0.12179221212863922,0.5268731117248535,0.9868571162223816,0.36168670654296875,0.628427267074585,-0.04597261920571327,0.6342720985412598,0.9829986691474915,0.3711010813713074,0.6079551577568054,0.11338042467832565,0.5250617861747742,0.9865419864654541,0.3635238707065582,0.623529314994812,-0.03579258918762207,0.6145535707473755,0.9858571290969849,0.3728080689907074,0.6061578392982483,0.12134060263633728,0.509332537651062,0.9879514575004578,0.4786205291748047,0.5072678327560425,-0.004319244995713234,0.9988441467285156,0.9997246861457825,0.47346657514572144,0.5031920671463013,0.004237186163663864,0.9992091655731201,0.9997796416282654,0.4732881188392639,0.444926917552948,0.05393273010849953,0.6846544146537781,0.9942764639854431,0.47757983207702637,0.4412858486175537,0.09815801680088043,0.6348029375076294,0.9943155646324158,0.45088276267051697,0.3903011679649353,0.16618826985359192,0.6827238202095032,0.990921676158905,0.4698505699634552,0.38580554723739624,0.2109825313091278,0.6594057083129883,0.9930320978164673,0.4527209401130676,0.38105273246765137,0.1729254573583603,0.7230132222175598,0.9887219667434692,0.4713870882987976,0.3808043599128723,0.21919146180152893,0.7129002213478088,0.9915545582771301,0.45486122369766235,0.3786180317401886,0.12310762703418732,0.7101892828941345,0.9883365035057068,0.4672858715057373,0.3771926760673523,0.17537903785705566,0.6946755647659302,0.9920788407325745
40,1360,True,0.419710248708725,0.6217666864395142,-0.013639898039400578,0.9771255850791931,0.9853249192237854,0.41196122765541077,0.6272452473640442,-0.04421663656830788,0.981979250907898,0.9846950173377991,0.4119514524936676,0.627550482749939,-0.044321026653051376,0.9809396862983704,0.9857398867607117,0.41188672184944153,0.6280943751335144,-0.04441044479608536,0.9822975993156433,0.9861198663711548,0.4056510031223297,0.6253799200057983,-0.021134426817297935,0.9712737798690796,0.9838742017745972,0.404649943113327,0.625401496887207,-0.02120155468583107,0.9676592350006104,0.9837601184844971,0.4036746025085449,0.6256486177444458,-0.021211029961705208,0.9752490520477295,0.9835677146911621,0.40609750151634216,0.62636798620224,-0.12292079627513885,0.9771834015846252,0.9887039065361023,0.39864060282707214,0.623586118221283,-0.025222955271601677,0.9732373952865601,0.9865865707397461,0.4194270670413971,0.6200814247131348,-0.039413779973983765,0.9677186012268066,0.9847538471221924,0.4119842052459717,0.6177016496658325,-0.00837827567011118,0.9629954099655151,0.9826927185058594,0.4258989095687866,0.6087937951087952,-0.1307171881198883,0.9971790909767151,0.9976275563240051,0.37978044152259827,0.5928533673286438,0.019351841881871223,0.9971514344215393,0.9956381916999817,0.42556774616241455,0.6416269540786743,-0.2062453329563141,0.6752474904060364,0.9989020824432373,0.36418113112449646,0.6138743758201599,0.0795423686504364,0.4719919264316559,0.9988024234771729,0.39553993940353394,0.6593004465103149,-0.13690237700939178,0.6707674860954285,0.9937626719474792,0.37458091974258423,0.6411634683609009,0.1043117344379425,0.4942987859249115,0.9946092367172241,0.38865822553634644,0.6658556461334229,-0.1658129245042801,0.6556344628334045,0.9901565313339233,0.37322646379470825,0.6483426690101624,0.10852702707052231,0.49255436658859253,0.9920457601547241,0.38478371500968933,0.6617046594619751,-0.18088430166244507,0.6510424613952637,0.9878495335578918,0.37998664379119873,0.6478899121284485,0.09696461260318756,0.4914460778236389,0.9910534024238586,0.3864586353302002,0.6577739119529724,-0.1445179581642151,0.6298756003379822,0.9904246926307678,0.38205868005752563,0.6452009677886963,0.10096800327301025,0.47860708832740784,0.9922246932983398,0.47948455810546875,0.5064470767974854,-0.057399682700634,0.9989007115364075,0.99965500831604,0.4660765826702118,0.5012103319168091,0.05732171982526779,0.9992243051528931,0.9997226595878601,0.49033525586128235,0.441289484500885,-0.01561113353818655,0.6983488202095032,0.9955600500106812,0.46075186133384705,0.43933480978012085,0.17767184972763062,0.6062569618225098,0.9967266321182251,0.490648090839386,0.3890961706638336,0.07492290437221527,0.7023968696594238,0.9952515363693237,0.44338327646255493,0.38395756483078003,0.28004026412963867,0.6466668844223022,0.9957823753356934,0.4726060628890991,0.37978294491767883,0.08269628137350082,0.7403762936592102,0.9936438798904419,0.4450412392616272,0.37704524397850037,0.2880503237247467,0.7118687033653259,0.9949172735214233,0.49591967463493347,0.37693527340888977,0.027445869520306587,0.7218406200408936,0.9934333562850952,0.4576558768749237,0.37671583890914917,0.2547268271446228,0.6773535013198853,0.9945313334465027
41,1394,True,0.43381568789482117,0.6228979825973511,-0.3129647672176361,0.9784939289093018,0.9980440139770508,0.43050602078437805,0.6271125674247742,-0.335039347410202,0.9828500151634216,0.9974070191383362,0.4305139183998108,0.627037763595581,-0.3351645767688751,0.9817690849304199,0.9974237680435181,0.4303862750530243,0.6270999908447266,-0.3352600038051605,0.9831600189208984,0.9972881078720093,0.4291740953922272,0.6272501945495605,-0.3190193474292755,0.9728751182556152,0.9973946809768677,0.42880693078041077,0.6273331642150879,-0.3191766142845154,0.9693968892097473,0.9971996545791626,0.4284033179283142,0.6274751424789429,-0.3191297650337219,0.9765487909317017,0.9971057772636414,0.4273204803466797,0.6252076625823975,-0.3567715585231781,0.9778602123260498,0.9970690608024597,0.42397698760032654,0.6244811415672302,-0.28213897347450256,0.9743655920028687,0.996502161026001,0.43183353543281555,0.6177640557289124,-0.3119507431983948,0.9693772196769714,0.9970954656600952,0.43113771080970764,0.6162812113761902,-0.28991034626960754,0.9650754332542419,0.9965164661407471,0.4479481875896454,0.6055034399032593,-0.3500347137451172,0.9972265958786011,0.9986269474029541,0.4106360077857971,0.6020337343215942,-0.22353795170783997,0.9969419836997986,0.9968295693397522,0.43243417143821716,0.6525267362594604,-0.45564278960227966,0.7060471177101135,0.9995998740196228,0.3960995674133301,0.6459268927574158,-0.259012907743454,0.485517680644989,0.9994321465492249,0.4259292185306549,0.6952822804450989,-0.5413995385169983,0.7009515762329102,0.9976229071617126,0.39795351028442383,0.6936897039413452,-0.37125176191329956,0.5191996693611145,0.9950630068778992,0.4291095733642578,0.7060760259628296,-0.6026566028594971,0.6864458322525024,0.9960022568702698,0.39522087574005127,0.7050419449806213,-0.42074206471443176,0.5163801908493042,0.9922568798065186,0.4248161315917969,0.7054791450500488,-0.6061666011810303,0.6820389628410339,0.995233952999115,0.39924100041389465,0.7065178155899048,-0.4327530264854431,0.5150790810585022,0.9920478463172913,0.4225345253944397,0.6998922228813171,-0.5485794544219971,0.6617639064788818,0.9963699579238892,0.4021666347980499,0.7018338441848755,-0.38456737995147705,0.5025776624679565,0.9933313727378845,0.4735752046108246,0.5088462829589844,-0.040838852524757385,0.9989410042762756,0.9994822144508362,0.46534088253974915,0.5062912702560425,0.040855661034584045,0.999210774898529,0.999464213848114,0.49291127920150757,0.4411887526512146,0.013427278958261013,0.7191879749298096,0.9984955787658691,0.45269837975502014,0.4428024888038635,0.12761373817920685,0.6210923790931702,0.9982494711875916,0.4926871061325073,0.3893686830997467,0.1772730052471161,0.724094033241272,0.9985993504524231,0.4186691641807556,0.3895048201084137,0.3129573166370392,0.6602300405502319,0.9987356066703796,0.47698962688446045,0.38179558515548706,0.19299806654453278,0.7596448063850403,0.9980911612510681,0.42086318135261536,0.3774820566177368,0.3271809220314026,0.7250120639801025,0.9983816146850586,0.4939376413822174,0.3784659802913666,0.11460980027914047,0.7370259761810303,0.9976263642311096,0.42243775725364685,0.38038480281829834,0.2536936104297638,0.6831998229026794,0.9981663823127747
42,1428,True,0.44872212409973145,0.6294055581092834,-0.2781802713871002,0.9802753925323486,0.9983001351356506,0.44841814041137695,0.6306524872779846,-0.31198573112487793,0.984072744846344,0.9973107576370239,0.4502254128456116,0.6305756568908691,-0.31209123134613037,0.9830723404884338,0.9974195957183838,0.4545276165008545,0.6309221386909485,-0.31219473481178284,0.9843096137046814,0.9972184896469116,0.44042545557022095,0.631083607673645,-0.3001408576965332,0.9749955534934998,0.997488260269165,0.43673187494277954,0.6333352327346802,-0.30027610063552856,0.9718776941299438,0.9973114728927612,0.43437686562538147,0.6336442232131958,-0.30022409558296204,0.978316068649292,0.9972852468490601,0.4597610533237457,0.626348078250885,-0.3698514699935913,0.9793424606323242,0.9970207810401917,0.4290480613708496,0.6282471418380737,-0.31577274203300476,0.9762803912162781,0.9972286820411682,0.4525715410709381,0.6239940524101257,-0.28667381405830383,0.9719911217689514,0.9982840418815613,0.44425705075263977,0.6262946724891663,-0.2705014944076538,0.9681656956672668,0.9983065128326416,0.4976118803024292,0.6129664778709412,-0.3604636788368225,0.9973341226577759,0.998768150806427,0.40273192524909973,0.6106054782867432,-0.26373448967933655,0.997044563293457,0.9990243911743164,0.49499642848968506,0.6637147068977356,-0.4283718168735504,0.7319745421409607,0.9994252920150757,0.3909389078617096,0.662382960319519,-0.2883754372596741,0.5087411999702454,0.9996125102043152,0.4763301908969879,0.7098096013069153,-0.5242747068405151,0.7277971506118774,0.997468113899231,0.39236748218536377,0.7169350385665894,-0.4278445839881897,0.5563197135925293,0.9974625110626221,0.48333540558815,0.7216706275939941,-0.5919640064239502,0.7147100567817688,0.9963048696517944,0.3921492397785187,0.7232155203819275,-0.4918552339076996,0.5551290512084961,0.9959122538566589,0.4677404761314392,0.7206068634986877,-0.6087067723274231,0.7104706168174744,0.9959612488746643,0.3946850597858429,0.7237716913223267,-0.5087205767631531,0.5538755655288696,0.9959872364997864,0.46204695105552673,0.7145818471908569,-0.5364631414413452,0.6911519169807434,0.9966180920600891,0.3974378705024719,0.7225329279899597,-0.4430573880672455,0.5406147837638855,0.9966757297515869,0.4817390441894531,0.5121845006942749,-0.03539949283003807,0.99901282787323,0.9997760653495789,0.45533454418182373,0.5084013342857361,0.035421889275312424,0.9992488026618958,0.9998350143432617,0.5063143372535706,0.4441337585449219,0.11795942485332489,0.74097740650177,0.9984242916107178,0.4104374051094055,0.4478747844696045,0.17441390454769135,0.6344113945960999,0.9990371465682983,0.5006353855133057,0.3906589150428772,0.39263051748275757,0.7444925904273987,0.9986652135848999,0.4088924527168274,0.3917497992515564,0.46146535873413086,0.6720458269119263,0.9992126226425171,0.49105170369148254,0.38288557529449463,0.41898879408836365,0.7792679667472839,0.9982879757881165,0.4149353504180908,0.37994441390037537,0.48653072118759155,0.7365833520889282,0.9989790916442871,0.5115284323692322,0.3793131411075592,0.33699411153793335,0.7483096122741699,0.9982706308364868,0.4160669147968292,0.37991586327552795,0.4094977378845215,0.6813477873802185,0.9988529682159424
43,1462,True,0.4704790413379669,0.6437653303146362,-0.557929515838623,0.9821349382400513,0.9997852444648743,0.4727373719215393,0.6441930532455444,-0.5872847437858582,0.9854541420936584,0.9995566010475159,0.47492629289627075,0.6439529657363892,-0.5873838067054749,0.9845252633094788,0.9995131492614746,0.48085495829582214,0.6441062092781067,-0.5874189734458923,0.9856293201446533,0.9994155168533325,0.46327027678489685,0.6444492340087891,-0.5851224064826965,0.9772745966911316,0.9996238946914673,0.46005702018737793,0.6447422504425049,-0.5853209495544434,0.9744689464569092,0.9995972514152527,0.45083343982696533,0.6421537399291992,-0.5852587223052979,0.9802821278572083,0.9995740056037903,0.4914553463459015,0.635584831237793,-0.5889399647712708,0.9809425473213196,0.999164342880249,0.4431999921798706,0.6369442939758301,-0.5771989226341248,0.9783943891525269,0.9994962215423584,0.47287246584892273,0.6403101682662964,-0.5421119332313538,0.9745451211929321,0.9994375109672546,0.4635379910469055,0.6407885551452637,-0.5383759140968323,0.9711587429046631,0.9995239973068237,0.5206912159919739,0.6237304210662842,-0.48265689611434937,0.9972769618034363,0.996418833732605,0.4060005247592926,0.6253877878189087,-0.49968841671943665,0.9971484541893005,0.998852014541626,0.5346027612686157,0.6817502975463867,-0.5208052396774292,0.7547413110733032,0.999140739440918,0.3929021954536438,0.6845513582229614,-0.5184981226921082,0.545374870300293,0.9996340274810791,0.5364449620246887,0.7364662885665894,-0.6386651396751404,0.750956654548645,0.99787437915802,0.3926997184753418,0.7344685792922974,-0.65143883228302,0.5931825637817383,0.9985359907150269,0.5449194312095642,0.7487360239028931,-0.7192783951759338,0.7385170459747314,0.9964861869812012,0.39111900329589844,0.7408458590507507,-0.7291213274002075,0.5923978090286255,0.9974898099899292,0.5362535119056702,0.748542070388794,-0.74411940574646,0.7343604564666748,0.9968427419662476,0.39283573627471924,0.7407876253128052,-0.7549912929534912,0.5912633538246155,0.997674286365509,0.5305641293525696,0.7434216737747192,-0.6560283899307251,0.7145777940750122,0.9974919557571411,0.4015427827835083,0.7362657785415649,-0.6683650016784668,0.5772225856781006,0.9981136322021484,0.4818580150604248,0.5315937995910645,0.0035227425396442413,0.9990655183792114,0.9994614720344543,0.44109004735946655,0.5340819954872131,-0.003399392357096076,0.9992945790290833,0.9997386336326599,0.5042659044265747,0.4631282389163971,0.18862491846084595,0.7489625215530396,0.9990660548210144,0.3886491656303406,0.46885237097740173,0.13468502461910248,0.6599386930465698,0.9996271133422852,0.5028991103172302,0.4023691713809967,0.5718100666999817,0.7570602893829346,0.9993890523910522,0.4042823910713196,0.3977648913860321,0.4551294445991516,0.6973091959953308,0.9996708631515503,0.4935848116874695,0.3938494324684143,0.6085898876190186,0.7887855768203735,0.9991596937179565,0.41082048416137695,0.38746514916419983,0.48442569375038147,0.7515695691108704,0.9994522929191589,0.5012516975402832,0.3922048509120941,0.5248616337776184,0.7496799826622009,0.9989966750144958,0.40411168336868286,0.3863231837749481,0.3925710916519165,0.6964961290359497,0.9991775155067444
44,1496,True,0.48100942373275757,0.6620896458625793,-0.35636377334594727,0.9836236238479614,0.9996289014816284,0.487705260515213,0.6639636754989624,-0.39844563603401184,0.9863808751106262,0.9993557333946228,0.4906364381313324,0.6640264987945557,-0.39926692843437195,0.9854822754859924,0.9993616938591003,0.4939700961112976,0.6643576622009277,-0.39958682656288147,0.9864505529403687,0.9993256330490112,0.47576284408569336,0.6627157926559448,-0.3073005974292755,0.9791162014007568,0.9993399977684021,0.4715059995651245,0.6620334386825562,-0.3074013292789459,0.9765794277191162,0.9992684721946716,0.46479398012161255,0.6611530184745789,-0.3074474036693573,0.9817723631858826,0.9992089867591858,0.5011162757873535,0.6607115268707275,-0.5442013144493103,0.9819166660308838,0.9992148876190186,0.4587028920650482,0.6566647291183472,-0.31176695227622986,0.979966938495636,0.9989867806434631,0.48457786440849304,0.6541486978530884,-0.4159305691719055,0.9764816761016846,0.9993278980255127,0.47110897302627563,0.6534737348556519,-0.27736517786979675,0.9734746217727661,0.9992986917495728,0.5326093435287476,0.6394004225730896,-0.3269239068031311,0.9973313808441162,0.9991828799247742,0.41543036699295044,0.6414792537689209,-0.28818100690841675,0.9971297383308411,0.9987173080444336,0.5530471205711365,0.6922155618667603,-0.33592545986175537,0.7777144908905029,0.9996333122253418,0.3974009156227112,0.6860217452049255,-0.3102338910102844,0.5860713720321655,0.999344527721405,0.5676891803741455,0.7481359243392944,-0.4608709216117859,0.7744371294975281,0.9973289966583252,0.3940064609050751,0.7351444363594055,-0.3850623667240143,0.6291117072105408,0.9972317814826965,0.5819552540779114,0.7617121934890747,-0.5034005641937256,0.7629559636116028,0.9956098198890686,0.3888615369796753,0.7420316934585571,-0.4352809488773346,0.6273482441902161,0.9959143996238708,0.5778375267982483,0.7623516321182251,-0.4885190427303314,0.7590397596359253,0.9950717091560364,0.3966960608959198,0.743451714515686,-0.4517402648925781,0.6261631846427917,0.9960198998451233,0.5690029859542847,0.7561377286911011,-0.4470727741718292,0.7406931519508362,0.9959879517555237,0.40096515417099,0.7416170835494995,-0.39666566252708435,0.6119844913482666,0.9965481162071228,0.48603901267051697,0.535327136516571,0.006002430804073811,0.9991207122802734,0.9996641874313354,0.43765708804130554,0.5363861322402954,-0.005976778455078602,0.9993168115615845,0.9996938705444336,0.5028477311134338,0.46281367540359497,0.16912072896957397,0.7708722352981567,0.999228835105896,0.40692266821861267,0.46708211302757263,0.09432411193847656,0.6870249509811401,0.999320387840271,0.4978152811527252,0.39854851365089417,0.3342299461364746,0.7787678241729736,0.9991859793663025,0.4079410135746002,0.3972328007221222,0.2785141170024872,0.7220631241798401,0.999286949634552,0.49126768112182617,0.39078882336616516,0.3474070727825165,0.8074792623519897,0.9988376498222351,0.41435760259628296,0.3877811133861542,0.29376816749572754,0.7697528600692749,0.9990228414535522,0.4981323778629303,0.3878445029258728,0.2293930947780609,0.7685309052467346,0.9984244108200073,0.40993601083755493,0.3843679130077362,0.20499028265476227,0.7147762179374695,0.998760461807251
45,1530,True,0.4962131977081299,0.6701153516769409,-0.30801329016685486,0.9850294589996338,0.9998539686203003,0.5083783864974976,0.6750475168228149,-0.33553963899612427,0.9874362349510193,0.9997419714927673,0.5117489099502563,0.6754780411720276,-0.33677244186401367,0.9865596890449524,0.9997350573539734,0.5151944756507874,0.6761152744293213,-0.33729541301727295,0.9874395132064819,0.9997155070304871,0.4941565990447998,0.6736763715744019,-0.2414310872554779,0.980932354927063,0.999736487865448,0.48598942160606384,0.6708856821060181,-0.2415357530117035,0.9786168336868286,0.9997102618217468,0.48112770915031433,0.6709596514701843,-0.2415475994348526,0.9832842350006104,0.9996834993362427,0.5202568173408508,0.6704882383346558,-0.5302826166152954,0.9831812381744385,0.9996827840805054,0.47255948185920715,0.6672003865242004,-0.28259822726249695,0.9816439151763916,0.9996194839477539,0.4971120059490204,0.6656053066253662,-0.40475985407829285,0.9783757925033569,0.9997150301933289,0.4822302460670471,0.6624627709388733,-0.21770939230918884,0.9756800532341003,0.9997089505195618,0.5417361259460449,0.649324893951416,-0.2721528708934784,0.9974012970924377,0.9994829893112183,0.4274292290210724,0.6562120318412781,-0.27387645840644836,0.9971179366111755,0.9990761280059814,0.5758538842201233,0.7000888586044312,-0.267099529504776,0.7980363965034485,0.9997499585151672,0.40592828392982483,0.699117124080658,-0.2694469094276428,0.6231717467308044,0.9994454979896545,0.5941478610038757,0.755311131477356,-0.32981956005096436,0.7952108979225159,0.9985843896865845,0.4055679440498352,0.7504239082336426,-0.30528101325035095,0.6611211895942688,0.997683048248291,0.608672022819519,0.766588568687439,-0.37535107135772705,0.7845938205718994,0.997435986995697,0.39675840735435486,0.7605642080307007,-0.3508596122264862,0.6582277417182922,0.9963471293449402,0.601931095123291,0.7675493359565735,-0.39961645007133484,0.7808876633644104,0.997225821018219,0.4077732563018799,0.7601516246795654,-0.36976465582847595,0.6569385528564453,0.9964494705200195,0.5974571108818054,0.7638022899627686,-0.34056398272514343,0.7637068033218384,0.9978564381599426,0.4139707684516907,0.7562723755836487,-0.3169851005077362,0.6427713632583618,0.9970647692680359,0.48669934272766113,0.5369259119033813,0.00785811897367239,0.9991670250892639,0.9997745156288147,0.4367620348930359,0.5398378372192383,-0.0077602858655154705,0.9993327260017395,0.9997361302375793,0.4990653693675995,0.4621504843235016,0.12956780195236206,0.7889577746391296,0.9993608593940735,0.4148405194282532,0.4662579596042633,0.11637700349092484,0.7084692716598511,0.9992427825927734,0.4955218732357025,0.3969666063785553,0.3074204921722412,0.79676353931427,0.9991891980171204,0.4131016135215759,0.3958737254142761,0.2893105745315552,0.7418472170829773,0.998989999294281,0.4867444634437561,0.38993242383003235,0.31871315836906433,0.8235534429550171,0.9988309741020203,0.42193302512168884,0.38499751687049866,0.3029114007949829,0.7835840582847595,0.9986067414283752,0.4934059679508209,0.38545846939086914,0.22306101024150848,0.7822885513305664,0.998445451259613,0.4135896563529968,0.38376086950302124,0.21830186247825623,0.7261332869529724,0.998488187789917
46,1564,True,0.5123873949050903,0.6817376017570496,-0.053115665912628174,0.9861534237861633,0.9996100068092346,0.5205273628234863,0.6830725073814392,-0.08308017998933792,0.9882066249847412,0.9994980096817017,0.5227607488632202,0.6832864880561829,-0.0832173153758049,0.9873003363609314,0.9995149374008179,0.5287493467330933,0.6840929388999939,-0.08329518884420395,0.988154947757721,0.9995203018188477,0.5089988112449646,0.6826088428497314,-0.07866551727056503,0.9824981689453125,0.9994027614593506,0.5055460333824158,0.6823269128799438,-0.07880186289548874,0.980375349521637,0.9993318915367126,0.5025802850723267,0.6826428771018982,-0.07876894623041153,0.9845336675643921,0.9992679953575134,0.5298480987548828,0.681182861328125,-0.17451225221157074,0.9842485189437866,0.9994875192642212,0.4872387647628784,0.6794147491455078,-0.17050985991954803,0.9829453825950623,0.9990929365158081,0.5076076984405518,0.6741281747817993,-0.080574631690979,0.9799451231956482,0.9994068145751953,0.49683913588523865,0.6742517948150635,-0.0693073719739914,0.9773730635643005,0.9992045760154724,0.5448464751243591,0.6569507122039795,-0.1680360585451126,0.997425377368927,0.9995361566543579,0.43328163027763367,0.6587062478065491,-0.2319311797618866,0.9970484375953674,0.9982530474662781,0.5776455402374268,0.7033098936080933,-0.18180331587791443,0.817321240901947,0.9997573494911194,0.4114311635494232,0.7045538425445557,-0.2040221095085144,0.6539174914360046,0.9988895058631897,0.6051913499832153,0.7590242028236389,-0.2061692327260971,0.8147001266479492,0.9982807636260986,0.4154602885246277,0.759297251701355,-0.24136240780353546,0.6854852437973022,0.9959508180618286,0.6197776794433594,0.7699027061462402,-0.24499784409999847,0.8046271204948425,0.9964182376861572,0.41527265310287476,0.7679803371429443,-0.27851027250289917,0.6795809864997864,0.9941852688789368,0.6144626140594482,0.7711116671562195,-0.25599223375320435,0.8011637330055237,0.9959852695465088,0.4289739429950714,0.7680352926254272,-0.2978636622428894,0.6780865788459778,0.9943723678588867,0.6092209219932556,0.7663053274154663,-0.21433597803115845,0.7853372097015381,0.9970890879631042,0.42907604575157166,0.7665396332740784,-0.2548021674156189,0.6632839441299438,0.9951738715171814,0.48313525319099426,0.5356977581977844,0.029573218896985054,0.9992098212242126,0.9995332956314087,0.43724724650382996,0.5408966541290283,-0.029561718925833702,0.999340295791626,0.9994701743125916,0.4709317982196808,0.46450552344322205,0.14816029369831085,0.7938178777694702,0.9981354475021362,0.41839903593063354,0.46845418214797974,0.10334080457687378,0.7245959639549255,0.9980992674827576,0.4938710927963257,0.4037644863128662,0.3387199640274048,0.8045621514320374,0.9971843361854553,0.4334569275379181,0.40414077043533325,0.25517624616622925,0.7541778087615967,0.9968850016593933,0.4805881083011627,0.3947432339191437,0.3557688295841217,0.8327659368515015,0.9963341951370239,0.43616074323654175,0.3893161416053772,0.26787424087524414,0.7927457690238953,0.9960340857505798,0.4824361205101013,0.3883952498435974,0.2766442894935608,0.78445965051651,0.9960655570030212,0.4197845458984375,0.3886064887046814,0.18759532272815704,0.7302728295326233,0.995827853679657
47,1598,True,0.5199472904205322,0.6810585260391235,-0.08405894041061401,0.9872004389762878,0.999360978603363,0.529242217540741,0.6849253177642822,-0.11786412447690964,0.9889254570007324,0.9990113973617554,0.5317364931106567,0.6849868893623352,-0.11793399602174759,0.9880334138870239,0.9990257024765015,0.5372310876846313,0.6854661703109741,-0.11800013482570648,0.9888255596160889,0.9990023970603943,0.520779550075531,0.6851173639297485,-0.11255944520235062,0.9838988780975342,0.9989744424819946,0.5146234035491943,0.6853827238082886,-0.1127036064863205,0.9819592237472534,0.9988880753517151,0.5102996230125427,0.6838606595993042,-0.1126525029540062,0.985664427280426,0.9988419413566589,0.5369575023651123,0.6804155111312866,-0.20351408421993256,0.9851666688919067,0.9989288449287415,0.4956715404987335,0.6816024780273438,-0.17928339540958405,0.9841256141662598,0.9985995888710022,0.5163784623146057,0.6740576028823853,-0.10605069994926453,0.9812911748886108,0.9990465044975281,0.5037055015563965,0.6748020052909851,-0.09791526943445206,0.9789584875106812,0.9989131689071655,0.5486574769020081,0.6565093398094177,-0.21681277453899384,0.9974191784858704,0.9991857409477234,0.44888272881507874,0.6626472473144531,-0.2076157182455063,0.9969066381454468,0.9984157085418701,0.5836851596832275,0.699332058429718,-0.239034041762352,0.833815336227417,0.9994003772735596,0.42208218574523926,0.7133784890174866,-0.18655255436897278,0.6827858090400696,0.9989206790924072,0.6108227372169495,0.7536939978599548,-0.21169611811637878,0.8316582441329956,0.9964261651039124,0.4208885729312897,0.7662789225578308,-0.2431197315454483,0.7114263772964478,0.9950580596923828,0.6331856846809387,0.7631427645683289,-0.2854650318622589,0.8222292065620422,0.9939265847206116,0.4205132722854614,0.7779998183250427,-0.29070746898651123,0.7046502828598022,0.9923186302185059,0.6257174611091614,0.7656994462013245,-0.3041008710861206,0.8189120292663574,0.9932925701141357,0.4320492744445801,0.777671217918396,-0.3076275587081909,0.7031792998313904,0.9926584362983704,0.6131190061569214,0.761538565158844,-0.23110805451869965,0.8042110800743103,0.9946421384811401,0.43112242221832275,0.7738600373268127,-0.25607648491859436,0.688494086265564,0.993850588798523,0.4825218915939331,0.5369457602500916,0.01217395719140768,0.9992179274559021,0.9994369149208069,0.4342360496520996,0.5411083102226257,-0.012148578651249409,0.999305009841919,0.9994193315505981,0.4682971239089966,0.46271759271621704,0.15635868906974792,0.8087347745895386,0.9982150793075562,0.42079871892929077,0.4667179584503174,0.16051532328128815,0.7369775772094727,0.9980689883232117,0.4910655617713928,0.40112775564193726,0.3760567605495453,0.81889408826828,0.9981606602668762,0.43283703923225403,0.4015074670314789,0.35980305075645447,0.7645663619041443,0.9976890087127686,0.4775119721889496,0.392855703830719,0.3971312642097473,0.8461823463439941,0.997730553150177,0.4360712766647339,0.38878053426742554,0.37646421790122986,0.8010270595550537,0.9972211122512817,0.4812834858894348,0.3867569863796234,0.3168722689151764,0.7951070666313171,0.9971731901168823,0.42174381017684937,0.3867447078227997,0.24785076081752777,0.7330954670906067,0.9972121119499207
48,1632,True,0.5186389684677124,0.6814771294593811,-0.05799189582467079,0.9884536862373352,0.9999558925628662,0.5289730429649353,0.6843175888061523,-0.08623044192790985,0.9899930357933044,0.9999257326126099,0.5317590832710266,0.6841059923171997,-0.08625318109989166,0.9891853928565979,0.999923825263977,0.5351760387420654,0.6841892004013062,-0.08630448579788208,0.9898950457572937,0.9999169111251831,0.5188316106796265,0.6849262118339539,-0.09189558774232864,0.9854811429977417,0.9999268054962158,0.5148046016693115,0.6850814819335938,-0.0920620709657669,0.9837355017662048,0.9999196529388428,0.5112488269805908,0.6851970553398132,-0.0920061320066452,0.9870628714561462,0.9999140501022339,0.5368140339851379,0.67757248878479,-0.15989944338798523,0.9865946769714355,0.9999033212661743,0.5013576149940491,0.6790721416473389,-0.18084505200386047,0.985673189163208,0.9998891353607178,0.5174202919006348,0.6758922338485718,-0.07633525878190994,0.983100175857544,0.999902606010437,0.5058078169822693,0.6752220392227173,-0.08301687985658646,0.9810011982917786,0.9998968839645386,0.5492852926254272,0.6502023935317993,-0.16765713691711426,0.997588574886322,0.9998304843902588,0.4497985541820526,0.6602292060852051,-0.21670682728290558,0.9971104264259338,0.9997829794883728,0.5857740044593811,0.6986568570137024,-0.17901194095611572,0.8483126759529114,0.9998190999031067,0.43117544054985046,0.7151464223861694,-0.23552396893501282,0.71275794506073,0.9997223019599915,0.610167384147644,0.7520655393600464,-0.23041561245918274,0.8471637964248657,0.998728334903717,0.43466630578041077,0.7703568935394287,-0.30465495586395264,0.7383008599281311,0.998221218585968,0.6305230259895325,0.7604397535324097,-0.27755382657051086,0.8386075496673584,0.9978182315826416,0.43083110451698303,0.7813403606414795,-0.35911619663238525,0.7314806580543518,0.9969624876976013,0.62244713306427,0.7613712549209595,-0.2966260313987732,0.8354794383049011,0.9975938200950623,0.44262969493865967,0.7811411023139954,-0.36804598569869995,0.7300323247909546,0.9971434473991394,0.6130923628807068,0.7597255706787109,-0.24356772005558014,0.8219365477561951,0.9981397390365601,0.44823846220970154,0.7755699157714844,-0.3141385018825531,0.7160906195640564,0.9977670907974243,0.4821418225765228,0.5351453423500061,0.023731591179966927,0.9992735385894775,0.9998669624328613,0.4337701201438904,0.5390674471855164,-0.02351303957402706,0.999343752861023,0.9998730421066284,0.46929410099983215,0.4622502326965332,0.18995335698127747,0.8249349594116211,0.999468982219696,0.4213138222694397,0.46872204542160034,0.15391279757022858,0.7574147582054138,0.9994767308235168,0.48786935210227966,0.39988136291503906,0.42124900221824646,0.8343660235404968,0.9994444251060486,0.43269097805023193,0.40007010102272034,0.3589573800563812,0.7815338373184204,0.9992713332176208,0.4788203239440918,0.3915119767189026,0.44281598925590515,0.8601496815681458,0.9993390440940857,0.43626636266708374,0.38838058710098267,0.37607935070991516,0.8142263889312744,0.9991570711135864,0.479360967874527,0.38565927743911743,0.36427468061447144,0.8103760480880737,0.9991191029548645,0.4209733307361603,0.38567012548446655,0.2850581705570221,0.748011589050293,0.9990750551223755
49,1666,True,0.5212720036506653,0.6782701015472412,-0.1676885038614273,0.9895356297492981,0.9995021820068359,0.5288039445877075,0.6794704794883728,-0.1792970448732376,0.9908814430236816,0.9991996884346008,0.5300635695457458,0.6790910959243774,-0.17936953902244568,0.990115225315094,0.9991708993911743,0.5317018628120422,0.6789478063583374,-0.17939552664756775,0.9907875657081604,0.9991028308868408,0.5221186280250549,0.6800817847251892,-0.19577434659004211,0.9868588447570801,0.9991970658302307,0.5203324556350708,0.6799442768096924,-0.19592496752738953,0.9852677583694458,0.9991235136985779,0.5187076926231384,0.6799450516700745,-0.19589926302433014,0.988270103931427,0.9990379810333252,0.5321342349052429,0.6727209091186523,-0.18385908007621765,0.9877506494522095,0.9987080097198486,0.5110710859298706,0.6725444197654724,-0.26355576515197754,0.98696368932724,0.9985131621360779,0.5178515315055847,0.670068621635437,-0.16449567675590515,0.9846331477165222,0.998507559299469,0.5127149224281311,0.6705229878425598,-0.1850912868976593,0.9827316403388977,0.9983412027359009,0.5464217066764832,0.6455965638160706,-0.1981274038553238,0.9976452589035034,0.9982163310050964,0.4528508186340332,0.6572959423065186,-0.3052307665348053,0.9972218871116638,0.997996985912323,0.5747812986373901,0.696829080581665,-0.22133444249629974,0.857897937297821,0.9996026158332825,0.4411940276622772,0.7118602395057678,-0.36112794280052185,0.739227294921875,0.9995121955871582,0.58855801820755,0.7497184872627258,-0.2994803786277771,0.8589236736297607,0.998187243938446,0.444875031709671,0.7664443254470825,-0.4422157406806946,0.7620214223861694,0.9984177350997925,0.6025794744491577,0.7589114904403687,-0.35563406348228455,0.8502638339996338,0.9964545965194702,0.4635608196258545,0.7772127389907837,-0.5123925805091858,0.7545103430747986,0.9969160556793213,0.5901224613189697,0.7601710557937622,-0.3813958168029785,0.8472364544868469,0.9960830211639404,0.46021297574043274,0.7776451706886292,-0.5145958662033081,0.7531015872955322,0.9970777034759521,0.586307942867279,0.7564753890037537,-0.32011836767196655,0.8348739147186279,0.9970787763595581,0.4594617486000061,0.7734634280204773,-0.45061203837394714,0.7396851778030396,0.9977657794952393,0.4762863218784332,0.5314978361129761,0.033291589468717575,0.999308168888092,0.9994977712631226,0.43524137139320374,0.5356336832046509,-0.03309354931116104,0.9993647336959839,0.9996298551559448,0.45503345131874084,0.460505872964859,0.1891666203737259,0.8222764730453491,0.9959152340888977,0.42071089148521423,0.46616730093955994,0.1316329538822174,0.7661488056182861,0.9974188804626465,0.46142980456352234,0.41149815917015076,0.46535781025886536,0.8248136043548584,0.9950631260871887,0.4316435158252716,0.4093555808067322,0.3536888659000397,0.7806746959686279,0.9955006241798401,0.459250271320343,0.40684667229652405,0.49242672324180603,0.8547148704528809,0.9941137433052063,0.4349418580532074,0.39912715554237366,0.3724108934402466,0.8066540360450745,0.9944901466369629,0.4640275835990906,0.3962530195713043,0.4235162138938904,0.7983466386795044,0.9945783615112305,0.4240240454673767,0.39812222123146057,0.2847089469432831,0.7424999475479126,0.994946300983429
50,1700,True,0.5246041417121887,0.6756277084350586,-0.188987597823143,0.9904734492301941,0.9993583559989929,0.5323759913444519,0.6760588884353638,-0.2118081897497177,0.9915878772735596,0.9987338185310364,0.5372275710105896,0.6755815744400024,-0.21192200481891632,0.9908651113510132,0.9986386895179749,0.5407267808914185,0.6755475997924805,-0.21197518706321716,0.9914765357971191,0.998462438583374,0.5219107866287231,0.6764057874679565,-0.22598201036453247,0.9880198836326599,0.9988579750061035,0.5187124013900757,0.6763378381729126,-0.22615838050842285,0.9865769743919373,0.9987989664077759,0.5140638947486877,0.6767905950546265,-0.22613951563835144,0.9892652630805969,0.9987204074859619,0.5426703691482544,0.6696746349334717,-0.24674220383167267,0.9886240363121033,0.9976420998573303,0.5082457661628723,0.6696871519088745,-0.3148234784603119,0.9880202412605286,0.9981428384780884,0.5246192216873169,0.6682760715484619,-0.19185175001621246,0.9858458638191223,0.997803270816803,0.5119238495826721,0.6686209440231323,-0.20984970033168793,0.9841466546058655,0.9979987740516663,0.5598337054252625,0.6428349018096924,-0.21042726933956146,0.9974205493927002,0.9950451850891113,0.4550352692604065,0.6546444296836853,-0.35006409883499146,0.9971802234649658,0.997309684753418,0.5784772634506226,0.6883881092071533,-0.2444438338279724,0.8596366047859192,0.9985365867614746,0.45305052399635315,0.7144845128059387,-0.4088846743106842,0.7632178664207458,0.9991146922111511,0.5914457440376282,0.7440804243087769,-0.37219417095184326,0.8655519485473633,0.994965136051178,0.45969560742378235,0.7712299823760986,-0.5120486617088318,0.783687174320221,0.996970534324646,0.6073430776596069,0.7511473894119263,-0.4350675344467163,0.8568967580795288,0.9921407699584961,0.4578038156032562,0.7813798189163208,-0.5883083939552307,0.7760728001594543,0.994659960269928,0.5973376631736755,0.7517250776290894,-0.4611087739467621,0.8538905382156372,0.9923511147499084,0.4681471586227417,0.7796852588653564,-0.5976521968841553,0.7747663259506226,0.9951243996620178,0.592002272605896,0.7499002814292908,-0.39124029874801636,0.8415388464927673,0.9935470223426819,0.4691618084907532,0.7776542901992798,-0.5232145190238953,0.7614439129829407,0.9960558414459229,0.4817999601364136,0.5301612615585327,0.037275075912475586,0.9992453455924988,0.9979652166366577,0.4367401897907257,0.5346388220787048,-0.03709275275468826,0.9993036389350891,0.9986011385917664,0.46094271540641785,0.4608897268772125,0.2699592709541321,0.8183146119117737,0.9946436882019043,0.4208448529243469,0.46520861983299255,0.20712225139141083,0.7699257135391235,0.9970243573188782,0.4636496305465698,0.4078156352043152,0.6156421899795532,0.8193477392196655,0.9957822561264038,0.4268386960029602,0.4082564413547516,0.509794294834137,0.7823171615600586,0.9959575533866882,0.46136969327926636,0.4027637541294098,0.6506906151771545,0.8514121770858765,0.9950352907180786,0.43422797322273254,0.398440957069397,0.5370033979415894,0.7986331582069397,0.994785726070404,0.4591238796710968,0.3941807746887207,0.595928966999054,0.7878730893135071,0.9948195815086365,0.4205176532268524,0.394580215215683,0.45417335629463196,0.7381001114845276,0.995073139667511
51,1734,True,0.5186377763748169,0.6682392954826355,-0.20355938374996185,0.9913572072982788,0.99969482421875,0.5266720652580261,0.6692863702774048,-0.22578021883964539,0.9922858476638794,0.9993314743041992,0.5301793217658997,0.6690253019332886,-0.2259206622838974,0.9915986657142639,0.9992712140083313,0.5355873703956604,0.6690543293952942,-0.22597870230674744,0.9921638369560242,0.9991555213928223,0.5156404376029968,0.6693602800369263,-0.2409401834011078,0.9891226291656494,0.9994099140167236,0.5122359991073608,0.6691884398460388,-0.2411506474018097,0.9878085851669312,0.9993816614151001,0.5085506439208984,0.6693210005760193,-0.24114994704723358,0.9902242422103882,0.9993155002593994,0.5378478765487671,0.6636182069778442,-0.26602181792259216,0.9894868731498718,0.9987425208091736,0.5031264424324036,0.6628754734992981,-0.33619436621665955,0.9890466332435608,0.9990392923355103,0.5204377770423889,0.661101758480072,-0.20660853385925293,0.9870394468307495,0.9987517595291138,0.5074589848518372,0.661078691482544,-0.22642607986927032,0.9855212569236755,0.9989125728607178,0.5600934624671936,0.6399255990982056,-0.23496082425117493,0.997382640838623,0.9969196319580078,0.45316940546035767,0.6464128494262695,-0.3728161156177521,0.9973089694976807,0.9984737038612366,0.569320559501648,0.684722363948822,-0.28068920969963074,0.8516981601715088,0.9992984533309937,0.45654207468032837,0.699499785900116,-0.4630855917930603,0.784258246421814,0.9995163679122925,0.5762924551963806,0.7384514212608337,-0.4204505980014801,0.8683853149414062,0.9975887537002563,0.4610351026058197,0.7573596239089966,-0.6037298440933228,0.8027358651161194,0.9989466071128845,0.5885175466537476,0.7460690140724182,-0.4937388598918915,0.8594161868095398,0.9961153268814087,0.45967385172843933,0.7634212970733643,-0.6898123025894165,0.7947369813919067,0.9981195330619812,0.5809205174446106,0.7463478446006775,-0.5193373560905457,0.8566061854362488,0.9963679313659668,0.4670262932777405,0.7650184631347656,-0.6992839574813843,0.7935527563095093,0.9983495473861694,0.5737580060958862,0.7448428869247437,-0.4407879412174225,0.8440602421760559,0.9969624876976013,0.47800683975219727,0.7596645951271057,-0.616366446018219,0.7799636721611023,0.9986396431922913,0.4844282269477844,0.5246360898017883,0.04234931617975235,0.999259889125824,0.9991233944892883,0.43737027049064636,0.5329858064651489,-0.04215007647871971,0.9993230700492859,0.9994458556175232,0.46420297026634216,0.46025729179382324,0.3263561427593231,0.8022868037223816,0.9969300627708435,0.4205312132835388,0.4644344449043274,0.26047182083129883,0.7706234455108643,0.9984356760978699,0.46456700563430786,0.40583696961402893,0.7169008255004883,0.8013288974761963,0.9972690939903259,0.425436794757843,0.40541163086891174,0.6064539551734924,0.7810227274894714,0.997485876083374,0.46208328008651733,0.4013940393924713,0.7564148902893066,0.8361641764640808,0.9966712594032288,0.4351736307144165,0.3943665027618408,0.6380248665809631,0.7870057225227356,0.9966607093811035,0.46082258224487305,0.3933640122413635,0.7096357345581055,0.7688539624214172,0.9968003034591675,0.42105647921562195,0.3928733468055725,0.5567110180854797,0.7330876588821411,0.9969755411148071
52,1768,True,0.5197415947914124,0.6647378206253052,-0.18907657265663147,0.992120623588562,0.9994751811027527,0.5269564986228943,0.6668073534965515,-0.21218279004096985,0.9928920269012451,0.9990406632423401,0.5323142409324646,0.6669459939002991,-0.2123262882232666,0.9922248125076294,0.9989699125289917,0.5363701581954956,0.6669946312904358,-0.21240957081317902,0.9927462935447693,0.9987970590591431,0.5177532434463501,0.6663704514503479,-0.22929313778877258,0.9900922179222107,0.9991559982299805,0.5149532556533813,0.6660292148590088,-0.22951634228229523,0.9888902902603149,0.9991227984428406,0.510200560092926,0.6659108996391296,-0.22954972088336945,0.9910596609115601,0.9990348815917969,0.5432795882225037,0.6607849597930908,-0.25888311862945557,0.9902395606040955,0.9983090162277222,0.5072614550590515,0.6603060364723206,-0.33774611353874207,0.9899605512619019,0.9987457990646362,0.5209903717041016,0.6578534245491028,-0.19336073100566864,0.9880459904670715,0.9979608058929443,0.5087699890136719,0.6576496362686157,-0.2134510725736618,0.9866943955421448,0.9982782602310181,0.5640610456466675,0.6375670433044434,-0.20413871109485626,0.9972297549247742,0.9945740103721619,0.4517920911312103,0.6449402570724487,-0.39041849970817566,0.9973888993263245,0.9980826377868652,0.5694324374198914,0.6825228929519653,-0.21816255152225494,0.8211451172828674,0.9984890222549438,0.46120771765708923,0.698641836643219,-0.4892490804195404,0.8020582795143127,0.9992687106132507,0.5733703374862671,0.7350419759750366,-0.41813722252845764,0.8593287467956543,0.9943760633468628,0.4686245322227478,0.7542873620986938,-0.6157065629959106,0.8187490701675415,0.9982813596725464,0.5769022107124329,0.7432358264923096,-0.44656503200531006,0.8515243530273438,0.9915277361869812,0.4689052700996399,0.7635275721549988,-0.7045776844024658,0.810361385345459,0.9969522953033447,0.5798470973968506,0.7435572743415833,-0.457655668258667,0.8489719033241272,0.9923155307769775,0.47487151622772217,0.7629836797714233,-0.7070600986480713,0.8092818856239319,0.9973791837692261,0.560117781162262,0.7421517372131348,-0.4023115038871765,0.8362761735916138,0.9932897686958313,0.4834987223148346,0.7567138671875,-0.6246284246444702,0.7952470779418945,0.9977929592132568,0.48898807168006897,0.518691897392273,0.0596943236887455,0.9992644786834717,0.998744010925293,0.4379679262638092,0.5269399881362915,-0.059497252106666565,0.9993398785591125,0.9993452429771423,0.46840235590934753,0.458904892206192,0.422614723443985,0.7852587699890137,0.9957834482192993,0.42110565304756165,0.46319523453712463,0.310712993144989,0.7758147716522217,0.9980068802833557,0.48325932025909424,0.406219482421875,0.8466393947601318,0.7833653688430786,0.9959474205970764,0.4253276288509369,0.40488380193710327,0.6949453353881836,0.7825317978858948,0.9967017769813538,0.4792724549770355,0.3999313712120056,0.890137255191803,0.8245073556900024,0.9950675964355469,0.435019850730896,0.39315909147262573,0.7314553260803223,0.781025767326355,0.9958398342132568,0.4614154100418091,0.39261001348495483,0.8535995483398438,0.7491327524185181,0.99577796459198,0.41976016759872437,0.391789048910141,0.6596391797065735,0.7292160987854004,0.9963286519050598
53,1802,False,,,,,,,,,,,,,,,,,,,,,,,,,,,,,,,,,,,,,,,,,,,,,,,,,,,,,,,,,,,,,,,,,,,,,,,,,,,,,,,,,,,,,,,,,,,,,,,,,,,,,,,,,,,,,,,,,,,,,,,,,,,,,,,,,,,,,,,,,,,,,,,,,,,,,,,,,,,,,,,,,,,,,
54,1836,True,0.4751337766647339,0.4290255904197693,-0.01926252618432045,0.9928963780403137,0.9999849796295166,0.4802466034889221,0.42504096031188965,0.012800449505448341,0.9935806393623352,0.9999706745147705,0.4836723208427429,0.425159752368927,0.012838201597332954,0.9929710030555725,0.9999642372131348,0.48723819851875305,0.4251876771450043,0.01290691178292036,0.993450403213501,0.9999517202377319,0.4683859646320343,0.4257509708404541,-0.0034859597217291594,0.9910701513290405,0.999976634979248,0.463900625705719,0.4263474941253662,-0.0037038179580122232,0.9899858236312866,0.9999775886535645,0.45936065912246704,0.4268375337123871,-0.0036913880612701178,0.9919424653053284,0.9999737739562988,0.4903087317943573,0.4312981963157654,0.15726082026958466,0.991174578666687,0.9999186992645264,0.450806200504303,0.43252140283584595,0.08346453309059143,0.9909482002258301,0.9999656677246094,0.48288866877555847,0.4360824525356293,0.034703969955444336,0.9891412258148193,0.9997424483299255,0.4674209952354431,0.4365406632423401,0.01299956627190113,0.9879547357559204,0.9998310804367065,0.5153797268867493,0.4617629051208496,0.1982222944498062,0.9974144101142883,0.9957601428031921,0.42290639877319336,0.46430864930152893,0.07151884585618973,0.9975613355636597,0.9986960291862488,0.5224223732948303,0.40909940004348755,0.2891426682472229,0.8262468576431274,0.9990518689155579,0.4031483232975006,0.42346829175949097,0.07933888584375381,0.819003164768219,0.9993589520454407,0.4949650168418884,0.37994223833084106,0.41879239678382874,0.8359825611114502,0.9982331991195679,0.4222768247127533,0.3881186842918396,0.245673269033432,0.8097023963928223,0.9994468092918396,0.4836748242378235,0.37535756826400757,0.4197266399860382,0.8095865845680237,0.9972327351570129,0.42108452320098877,0.38025957345962524,0.2433941513299942,0.7814903855323792,0.9989590644836426,0.48073095083236694,0.3773251175880432,0.42755475640296936,0.8055777549743652,0.99699866771698,0.42860710620880127,0.3832765817642212,0.25341808795928955,0.779179036617279,0.9987993240356445,0.48052898049354553,0.378656804561615,0.4197360575199127,0.7989554405212402,0.9977191090583801,0.4319552183151245,0.38718438148498535,0.2504483461380005,0.7669024467468262,0.9991704225540161,0.5433651804924011,0.5697353482246399,0.03658639267086983,0.9992997646331787,0.9990782737731934,0.4759652316570282,0.5738067626953125,-0.036712273955345154,0.9993789792060852,0.9995500445365906,0.5615866780281067,0.6556034088134766,0.0275605246424675,0.7910961508750916,0.9990699887275696,0.48257774114608765,0.6555860638618469,-0.03786223754286766,0.7915088534355164,0.9996392726898193,0.511497974395752,0.721691370010376,0.19615772366523743,0.7917783856391907,0.9988617897033691,0.4857417345046997,0.7393428087234497,0.05493685230612755,0.7986478805541992,0.9988079071044922,0.5035625696182251,0.7294856309890747,0.20873317122459412,0.8191937208175659,0.9986012578010559,0.48075544834136963,0.7515029907226562,0.05858190730214119,0.7802220582962036,0.998286783695221,0.531946063041687,0.7549927830696106,0.08618980646133423,0.7638331651687622,0.9963578581809998,0.4923008680343628,0.7681061625480652,-0.1005416214466095,0.7504858374595642,0.9948805570602417
55,1870,True,0.4740492105484009,0.4294033646583557,0.0613357238471508,0.9935956597328186,0.999988317489624,0.47957631945610046,0.4254477918148041,0.09555137157440186,0.9942046999931335,0.9999760389328003,0.4832560122013092,0.4255390167236328,0.09557370096445084,0.9936501383781433,0.9999709129333496,0.48685482144355774,0.4255497455596924,0.09563454240560532,0.9940890669822693,0.999961256980896,0.46771201491355896,0.42611679434776306,0.08486182242631912,0.9919522404670715,0.9999809265136719,0.4634030759334564,0.4266695976257324,0.0846245288848877,0.9909749031066895,0.9999815225601196,0.4589824378490448,0.427130788564682,0.08466312289237976,0.9927385449409485,0.9999781847000122,0.49030688405036926,0.43138962984085083,0.2373048961162567,0.9920271635055542,0.9999345541000366,0.45121732354164124,0.43255215883255005,0.18883322179317474,0.9918392300605774,0.9999716281890869,0.4822022616863251,0.4361702501773834,0.11251414567232132,0.9901286363601685,0.9998040795326233,0.466950386762619,0.4366198480129242,0.09837138652801514,0.9890989065170288,0.9998769760131836,0.5176080465316772,0.4616383910179138,0.2502994239330292,0.9975825548171997,0.9961568713188171,0.4258662760257721,0.46450504660606384,0.16744762659072876,0.9976844191551208,0.9984368681907654,0.5222567319869995,0.4114833474159241,0.3490400016307831,0.8341315984725952,0.999204695224762,0.4032926857471466,0.4301554262638092,0.1638614535331726,0.8320894837379456,0.9994496703147888,0.4951428174972534,0.38139063119888306,0.47415482997894287,0.8249443769454956,0.998151957988739,0.41875678300857544,0.38951918482780457,0.31040364503860474,0.7945026159286499,0.999539852142334,0.48376601934432983,0.3760395646095276,0.47560521960258484,0.7858666777610779,0.9969255328178406,0.4166170656681061,0.38105037808418274,0.3093787729740143,0.7502082586288452,0.9990406632423401,0.4807308614253998,0.37757182121276855,0.4765457212924957,0.7801865935325623,0.9965360164642334,0.42325860261917114,0.3833073079586029,0.31749698519706726,0.7468631267547607,0.9988516569137573,0.48053178191185,0.3802703619003296,0.4748108685016632,0.7775731086730957,0.9973899722099304,0.4263930916786194,0.387382447719574,0.3129861056804657,0.7368703484535217,0.9992420673370361,0.544323742389679,0.5676019787788391,0.029068727046251297,0.9993161559104919,0.9986987113952637,0.476682186126709,0.572411298751831,-0.02934866026043892,0.9993973970413208,0.9991129040718079,0.5605940222740173,0.6530665159225464,0.00408957852050662,0.7890531420707703,0.9984447360038757,0.48500916361808777,0.6547760367393494,-0.02688624896109104,0.7986100316047668,0.9993384480476379,0.5096390843391418,0.7167415022850037,0.1305817812681198,0.7828510999679565,0.9984028935432434,0.4874493479728699,0.7390040159225464,0.0025875065475702286,0.8076668977737427,0.9976392984390259,0.5020089745521545,0.7256184816360474,0.14083914458751678,0.8071332573890686,0.9981158971786499,0.4839886426925659,0.7505990266799927,-0.001594799803569913,0.7739917635917664,0.9966421127319336,0.522669792175293,0.750616192817688,0.04049041122198105,0.7647153735160828,0.9953863024711609,0.494970440864563,0.7631970047950745,-0.1462736278772354,0.7649151682853699,0.9905727505683899
56,1904,True,0.47435882687568665,0.428910493850708,0.03738648444414139,0.9942195415496826,0.9999816417694092,0.47974827885627747,0.4248277544975281,0.07230886071920395,0.9947571158409119,0.9999628067016602,0.4834393262863159,0.4248814582824707,0.07234183698892593,0.9942486882209778,0.9999545812606812,0.48705703020095825,0.424876868724823,0.0724121630191803,0.994654655456543,0.9999380111694336,0.46794945001602173,0.42548316717147827,0.05728234350681305,0.9927404522895813,0.9999704360961914,0.4636744558811188,0.42600369453430176,0.05702121928334236,0.9918583035469055,0.9999715089797974,0.4593774974346161,0.42643648386001587,0.05703982338309288,0.993449866771698,0.9999661445617676,0.4907059073448181,0.4303296208381653,0.22005769610404968,0.9927807450294495,0.9998989105224609,0.4523738920688629,0.43135708570480347,0.15075093507766724,0.9926353096961975,0.9999567270278931,0.4824959337711334,0.4354400038719177,0.09008041024208069,0.9909665584564209,0.9996402263641357,0.46760961413383484,0.43597251176834106,0.07065001130104065,0.9900897145271301,0.9997708201408386,0.5190573930740356,0.4595877230167389,0.23818206787109375,0.9976910948753357,0.992344081401825,0.4288870394229889,0.46392545104026794,0.13237513601779938,0.9977749586105347,0.9974908828735352,0.5226601958274841,0.41205891966819763,0.33341550827026367,0.8358528017997742,0.9984474778175354,0.40588870644569397,0.4294775128364563,0.13501134514808655,0.8446747660636902,0.9990333318710327,0.49941813945770264,0.38257578015327454,0.4728848338127136,0.8030843138694763,0.9972754120826721,0.41878360509872437,0.39012932777404785,0.2926819622516632,0.7793872356414795,0.9992203712463379,0.4906342923641205,0.3771195709705353,0.47738367319107056,0.7506616711616516,0.9958464503288269,0.4167690575122833,0.3818211853504181,0.2886326313018799,0.7192647457122803,0.9984419941902161,0.4858222007751465,0.37940332293510437,0.48086273670196533,0.7439895272254944,0.9953469634056091,0.4224640727043152,0.3835015594959259,0.3000278174877167,0.7152436971664429,0.998113751411438,0.48506978154182434,0.3815828263759613,0.47402605414390564,0.746371328830719,0.9963914752006531,0.425527960062027,0.38760673999786377,0.2981720268726349,0.7074684500694275,0.998728334903717,0.5452413558959961,0.5641427636146545,0.029515067115426064,0.9993115663528442,0.9978234767913818,0.47756657004356384,0.5684583187103271,-0.029774470254778862,0.9994007349014282,0.9986176490783691,0.5597479343414307,0.6469770669937134,0.010189392603933811,0.7808787822723389,0.9976435303688049,0.4878506660461426,0.6498639583587646,-0.027310652658343315,0.8030834794044495,0.9990358352661133,0.5079794526100159,0.715009331703186,0.1518668383359909,0.7746201753616333,0.9972769618034363,0.4881802797317505,0.7321401238441467,0.015317722223699093,0.8138617873191833,0.9965948462486267,0.49950751662254333,0.7201281785964966,0.16325213015079498,0.7928236126899719,0.99677973985672,0.48451462388038635,0.7429724335670471,0.014782347716391087,0.7617486715316772,0.9951581358909607,0.5198399424552917,0.7470604181289673,0.05636102706193924,0.7666395902633667,0.9925047159194946,0.4964342415332794,0.7585769295692444,-0.1392279714345932,0.776682436466217,0.9869847297668457
57,1938,True,0.4749438762664795,0.42810407280921936,0.23484133183956146,0.9947957992553711,0.9999995231628418,0.4802949130535126,0.42400068044662476,0.27547502517700195,0.9952774047851562,0.9999988079071045,0.4840151369571686,0.42401260137557983,0.27548134326934814,0.9948188066482544,0.9999986886978149,0.4876740872859955,0.423980712890625,0.2755962312221527,0.9951860308647156,0.9999982118606567,0.46864980459213257,0.4247260093688965,0.2644197940826416,0.9934638142585754,0.999998927116394,0.4645148515701294,0.4252685010433197,0.2641322910785675,0.992669403553009,0.999998927116394,0.46046677231788635,0.42574191093444824,0.2642453908920288,0.9941025376319885,0.9999986886978149,0.4917052090167999,0.42925548553466797,0.4129992723464966,0.993496835231781,0.9999971389770508,0.4545407295227051,0.4305867552757263,0.3634297549724579,0.9933685660362244,0.9999980926513672,0.4831734597682953,0.43443673849105835,0.2813511788845062,0.9918501973152161,0.9999898672103882,0.46868646144866943,0.43503713607788086,0.2664242088794708,0.9910670518875122,0.9999924898147583,0.5213067531585693,0.45876914262771606,0.39566129446029663,0.9979076385498047,0.9996709823608398,0.4320318102836609,0.46358293294906616,0.3222472369670868,0.9979720115661621,0.9997290968894958,0.5228787064552307,0.41224583983421326,0.4974513053894043,0.8458765745162964,0.999897837638855,0.40388748049736023,0.4325870871543884,0.3277412950992584,0.8544379472732544,0.9998835325241089,0.4992809593677521,0.3832753598690033,0.6654039621353149,0.7984619140625,0.9998078942298889,0.41843265295028687,0.3906900882720947,0.5077732801437378,0.7619475722312927,0.9999123811721802,0.49191853404045105,0.3776780962944031,0.6753454208374023,0.734492838382721,0.9996169805526733,0.4161449372768402,0.38240864872932434,0.5153259634971619,0.6878665685653687,0.9997901320457458,0.4855967164039612,0.38047364354133606,0.679125964641571,0.7261801958084106,0.9995959401130676,0.4220554828643799,0.3841709792613983,0.5265418887138367,0.6825812458992004,0.999752938747406,0.484835147857666,0.3824423551559448,0.6676912903785706,0.7315870523452759,0.9997326731681824,0.42469558119773865,0.3876637816429138,0.5120308995246887,0.676037073135376,0.9998576641082764,0.545335590839386,0.5585300922393799,0.023364679887890816,0.9993624091148376,0.9997612833976746,0.4780017137527466,0.563409686088562,-0.023519203066825867,0.9994480013847351,0.9997820258140564,0.5594519972801208,0.6374138593673706,-0.034027211368083954,0.7885159254074097,0.9997606873512268,0.48853904008865356,0.644112229347229,-0.06322181969881058,0.8136090040206909,0.9998695850372314,0.5347735285758972,0.7037970423698425,0.012520767748355865,0.7739652395248413,0.9996145963668823,0.49006885290145874,0.7309167981147766,-0.11932148039340973,0.8231481313705444,0.9993878602981567,0.5272383093833923,0.7109545469284058,0.01037447340786457,0.7935060262680054,0.999506950378418,0.4883864223957062,0.7411355376243591,-0.133979931473732,0.7673889398574829,0.9990148544311523,0.5400562882423401,0.7318781614303589,-0.09374441206455231,0.7751439809799194,0.9984310269355774,0.4973263144493103,0.7569490671157837,-0.27700522541999817,0.7914131879806519,0.9965366125106812
58,1972,True,0.4763433635234833,0.4270292818546295,0.34260717034339905,0.9953120350837708,0.9999994039535522,0.4819827675819397,0.4235072135925293,0.3837786912918091,0.9957389235496521,0.9999988079071045,0.48575904965400696,0.423576295375824,0.38384243845939636,0.995324432849884,0.9999986886978149,0.4893847703933716,0.4235617220401764,0.3839836120605469,0.9956602454185486,0.9999983310699463,0.4703771471977234,0.4241545796394348,0.37498587369918823,0.9941110610961914,0.999998927116394,0.4662609398365021,0.42469024658203125,0.3746218681335449,0.9933957457542419,0.999998927116394,0.46231377124786377,0.4251502454280853,0.3747193217277527,0.9946876764297485,0.9999986886978149,0.49330106377601624,0.42883849143981934,0.5094577074050903,0.9941338896751404,0.9999973773956299,0.4569756090641022,0.43021291494369507,0.46878862380981445,0.9940260052680969,0.9999983310699463,0.48463714122772217,0.4330877661705017,0.38272449374198914,0.9926310777664185,0.9999926090240479,0.4702998995780945,0.43358054757118225,0.37018999457359314,0.991936206817627,0.9999946355819702,0.5233988165855408,0.4579163193702698,0.47328981757164,0.9981032609939575,0.9998096823692322,0.4322793185710907,0.4620215892791748,0.42410948872566223,0.9981531500816345,0.9998334646224976,0.5228873491287231,0.40959471464157104,0.5821319222450256,0.8556186556816101,0.9999434947967529,0.3977532386779785,0.43236222863197327,0.4376862943172455,0.8631348013877869,0.9999287128448486,0.4988763928413391,0.3851171135902405,0.8059617877006531,0.7766155004501343,0.9999198913574219,0.42031949758529663,0.39065974950790405,0.642661988735199,0.7251421213150024,0.999954342842102,0.491005539894104,0.3801518678665161,0.823972225189209,0.6973316073417664,0.9998393058776855,0.4190613329410553,0.38238823413848877,0.6608787775039673,0.6398546099662781,0.9998856782913208,0.4852593243122101,0.3816547691822052,0.8339121341705322,0.6872588992118835,0.9998317956924438,0.4234999418258667,0.38449999690055847,0.673492968082428,0.6338014602661133,0.9998708963394165,0.48470214009284973,0.3844676613807678,0.8113455772399902,0.6952298879623413,0.9998934268951416,0.4259391725063324,0.3876532316207886,0.6482017040252686,0.6284339427947998,0.9999294281005859,0.5458064079284668,0.5557111501693726,0.0163718368858099,0.9994031190872192,0.9997615218162537,0.4777129590511322,0.5584992170333862,-0.016534315422177315,0.9994845390319824,0.9997988343238831,0.545194685459137,0.6396292448043823,-0.07762030512094498,0.8011232018470764,0.9998772144317627,0.4879392385482788,0.6388736367225647,-0.1032428964972496,0.8215225338935852,0.999907374382019,0.5103492736816406,0.7071018218994141,-0.11734180152416229,0.78310626745224,0.9997661709785461,0.48963895440101624,0.7204629778862,-0.21105706691741943,0.8281705975532532,0.9996016621589661,0.502208411693573,0.7192003130912781,-0.13106591999530792,0.8020856976509094,0.9996476173400879,0.48350775241851807,0.7322438955307007,-0.23229137063026428,0.7726274728775024,0.9993608593940735,0.5093861222267151,0.735021710395813,-0.2499881386756897,0.7892125844955444,0.9985331296920776,0.48692551255226135,0.7482982873916626,-0.3756176829338074,0.803382933139801,0.9974006414413452
59,2006,True,0.4784403443336487,0.4248220920562744,0.44101887941360474,0.9957796931266785,0.9999998807907104,0.4841758608818054,0.4219403862953186,0.48979681730270386,0.9961616396903992,0.9999997615814209,0.48804566264152527,0.42212557792663574,0.4898591637611389,0.995788037776947,0.9999997615814209,0.4916759431362152,0.4222510755062103,0.4900796711444855,0.9960917830467224,0.9999996423721313,0.4724199175834656,0.42255347967147827,0.4781619906425476,0.9946978688240051,0.9999997615814209,0.4682046175003052,0.4231843948364258,0.4777909517288208,0.9940540194511414,0.9999997615814209,0.46432000398635864,0.4237546920776367,0.47797855734825134,0.9952172636985779,0.9999997615814209,0.4954094886779785,0.42825642228126526,0.6269033551216125,0.994716465473175,0.9999994039535522,0.45883598923683167,0.42957061529159546,0.5753867030143738,0.9946215152740479,0.9999996423721313,0.4871600568294525,0.4311447739601135,0.4839315712451935,0.9933543801307678,0.9999979734420776,0.4729270040988922,0.4314499795436859,0.4678557515144348,0.9927335381507874,0.9999985694885254,0.5257734656333923,0.4571165144443512,0.5775349736213684,0.9982845187187195,0.9998940229415894,0.43364134430885315,0.46059638261795044,0.5072450041770935,0.9983289241790771,0.9999080896377563,0.5229199528694153,0.4090111255645752,0.6699775457382202,0.8618519902229309,0.9999665021896362,0.4019842743873596,0.4270673394203186,0.5116726756095886,0.8710575699806213,0.9999618530273438,0.4970683753490448,0.385304719209671,0.8787233233451843,0.7697064280509949,0.9999628067016602,0.4217301607131958,0.3897029459476471,0.7434860467910767,0.704545259475708,0.9999794960021973,0.4879421293735504,0.3804193139076233,0.8972312211990356,0.6793866753578186,0.9999125003814697,0.42002907395362854,0.3816714882850647,0.7671635150909424,0.6050101518630981,0.9999387264251709,0.4830954372882843,0.38154280185699463,0.9105064272880554,0.6672766804695129,0.9999113082885742,0.425883024930954,0.38419628143310547,0.7844740748405457,0.5969837307929993,0.9999289512634277,0.4829842448234558,0.38435477018356323,0.8854277729988098,0.6769205331802368,0.9999485015869141,0.4264306426048279,0.38662010431289673,0.751819372177124,0.5920321345329285,0.9999654293060303,0.5460953712463379,0.5522722601890564,0.018166834488511086,0.9994401335716248,0.999810516834259,0.47739821672439575,0.5549997687339783,-0.018312526866793633,0.9995232820510864,0.9998472929000854,0.5456212759017944,0.6343591809272766,-0.12177886813879013,0.8101263046264648,0.9998564720153809,0.487874299287796,0.6332409381866455,-0.16309863328933716,0.8317693471908569,0.9999210834503174,0.5055161118507385,0.7063736319541931,-0.18698391318321228,0.7813751697540283,0.9997677206993103,0.49378374218940735,0.7204161882400513,-0.33855515718460083,0.831768274307251,0.9995367527008057,0.4979925751686096,0.7148952484130859,-0.20514610409736633,0.8059474229812622,0.9996377229690552,0.494658499956131,0.7339168787002563,-0.3689640462398529,0.779358446598053,0.9990749359130859,0.5126172304153442,0.7318155765533447,-0.30722755193710327,0.7960532307624817,0.9983373880386353,0.5005192756652832,0.7484819293022156,-0.5141222476959229,0.8124207258224487,0.9958426356315613
60,2040,True,0.47924524545669556,0.422297865152359,0.3782915472984314,0.9962002038955688,0.9999997615814209,0.4846470355987549,0.4196433126926422,0.42272841930389404,0.9965410828590393,0.9999992847442627,0.4883825480937958,0.41984209418296814,0.4227730631828308,0.9962040781974792,0.9999991655349731,0.49195027351379395,0.41999849677085876,0.4229387938976288,0.9964795112609863,0.999998927116394,0.473570853471756,0.42045480012893677,0.4139542877674103,0.9952253103256226,0.9999994039535522,0.46964606642723083,0.4212353229522705,0.41359269618988037,0.9946455359458923,0.9999994039535522,0.4659428894519806,0.4219983220100403,0.4137312173843384,0.9956933259963989,0.9999991655349731,0.49614596366882324,0.42655429244041443,0.550307035446167,0.9952380061149597,0.9999982118606567,0.4606597125530243,0.42876869440078735,0.5103467702865601,0.9951562881469727,0.9999988079071045,0.4878687858581543,0.42915114760398865,0.417238712310791,0.9939995408058167,0.9999947547912598,0.47442734241485596,0.42973947525024414,0.40496623516082764,0.9934462904930115,0.9999958276748657,0.5278103947639465,0.4558655619621277,0.5012612342834473,0.9984421730041504,0.9997381567955017,0.4343486428260803,0.4606114327907562,0.45511600375175476,0.9984628558158875,0.9997130036354065,0.5316267013549805,0.40879330039024353,0.594720184803009,0.867885947227478,0.9998636245727539,0.3989652395248413,0.4305421710014343,0.4657096564769745,0.876935601234436,0.9998348951339722,0.4960041344165802,0.3842291831970215,0.8088750839233398,0.7545263171195984,0.9998525381088257,0.42065998911857605,0.38966941833496094,0.6845337152481079,0.6804359555244446,0.9999188184738159,0.48643311858177185,0.3796202540397644,0.8296533226966858,0.654251217842102,0.9997403025627136,0.41907137632369995,0.38161319494247437,0.7073698043823242,0.5718942880630493,0.9998224377632141,0.48185089230537415,0.38011565804481506,0.8402252793312073,0.6405494213104248,0.9997338652610779,0.425384521484375,0.3839671015739441,0.7229642868041992,0.562872052192688,0.9997988343238831,0.48188820481300354,0.38329246640205383,0.814832329750061,0.6521338820457458,0.9998238682746887,0.42642566561698914,0.3862054944038391,0.691923975944519,0.5586339235305786,0.9998849630355835,0.5462002754211426,0.5480066537857056,0.010184034705162048,0.9994494915008545,0.9995588660240173,0.4770629107952118,0.5517266988754272,-0.010330522432923317,0.9995288848876953,0.9995768666267395,0.5466143488883972,0.6308290958404541,-0.12139074504375458,0.8243361115455627,0.9998569488525391,0.48369014263153076,0.6237923502922058,-0.14062200486660004,0.843199610710144,0.9998708963394165,0.5056134462356567,0.7078041434288025,-0.19265495240688324,0.795673131942749,0.9997420907020569,0.4907941222190857,0.7087345719337463,-0.2524842917919159,0.840499758720398,0.9995817542076111,0.49832969903945923,0.7157648801803589,-0.20972877740859985,0.8163370490074158,0.9996029734611511,0.49077579379081726,0.7217599749565125,-0.2747948467731476,0.7870618104934692,0.9993430972099304,0.516594648361206,0.7347638607025146,-0.33818966150283813,0.8105890154838562,0.9982099533081055,0.49717453122138977,0.7401763200759888,-0.4190486967563629,0.8243201971054077,0.9972310662269592
61,2074,True,0.4791926145553589,0.4193335175514221,0.45218726992607117,0.9965797066688538,0.9999998807907104,0.4846813678741455,0.417377769947052,0.5032991766929626,0.9968856573104858,0.9999997615814209,0.48845553398132324,0.417672723531723,0.503346860408783,0.9965820908546448,0.9999996423721313,0.49208933115005493,0.41786471009254456,0.5035301446914673,0.9968305230140686,0.9999996423721313,0.47350841760635376,0.4180372655391693,0.4924858510494232,0.9957019090652466,0.9999997615814209,0.46955519914627075,0.4187997281551361,0.49209481477737427,0.995180070400238,0.9999997615814209,0.46581315994262695,0.41956233978271484,0.49226096272468567,0.9961232542991638,0.9999996423721313,0.4965939521789551,0.4250796437263489,0.6422082185745239,0.9957121014595032,0.9999992847442627,0.4604821801185608,0.42710328102111816,0.5922632217407227,0.9956396818161011,0.9999995231628418,0.4877876341342926,0.4266589283943176,0.49340328574180603,0.99459308385849,0.9999983310699463,0.4742559790611267,0.4272305369377136,0.4781571626663208,0.9940972328186035,0.9999988079071045,0.5285919904708862,0.45364975929260254,0.5726438164710999,0.9985917806625366,0.9998557567596436,0.43336212635040283,0.45863789319992065,0.5173184275627136,0.9986034035682678,0.999884843826294,0.5377060174942017,0.41692978143692017,0.6447291374206543,0.8723859190940857,0.9999134540557861,0.39627644419670105,0.43312868475914,0.4920521080493927,0.8840288519859314,0.9999294281005859,0.4959958791732788,0.3838992714881897,0.8379361629486084,0.7485859394073486,0.999913215637207,0.4197423756122589,0.389624685049057,0.7028337121009827,0.6734066605567932,0.9999672174453735,0.48642006516456604,0.3793293833732605,0.8612447381019592,0.6404877305030823,0.9998373985290527,0.4182939827442169,0.3808566927909851,0.7271038293838501,0.5523183345794678,0.9999197721481323,0.4818692207336426,0.3795204758644104,0.872491180896759,0.6247498989105225,0.9998301267623901,0.4248383939266205,0.3833274245262146,0.7479750514030457,0.5408697128295898,0.999907374382019,0.4819042682647705,0.3828430771827698,0.8448930382728577,0.6369061470031738,0.9998929500579834,0.4253073036670685,0.3860165774822235,0.7124760746955872,0.5361144542694092,0.9999510049819946,0.5457443594932556,0.5429314374923706,0.007344449404627085,0.9994699358940125,0.9996963739395142,0.4732385277748108,0.5477002859115601,-0.007520678453147411,0.9995443224906921,0.9997088313102722,0.5480038523674011,0.6234158277511597,-0.20507121086120605,0.8393977880477905,0.9998890161514282,0.4750315845012665,0.6119108200073242,-0.2150709629058838,0.8559409976005554,0.999910831451416,0.5165514945983887,0.6999822854995728,-0.3224988877773285,0.810214102268219,0.9997735619544983,0.4888256788253784,0.6979355812072754,-0.37550926208496094,0.8504287600517273,0.9996696710586548,0.5060725808143616,0.712560772895813,-0.34451696276664734,0.8272237181663513,0.9996178150177002,0.4903068542480469,0.7101840376853943,-0.403947651386261,0.7969669699668884,0.999415397644043,0.5351089239120483,0.7338943481445312,-0.47820019721984863,0.8244972229003906,0.9978141784667969,0.4954572319984436,0.7281969785690308,-0.555671751499176,0.8363580703735352,0.9968791007995605
62,2108,True,0.4791784882545471,0.4192744195461273,0.4174439013004303,0.9969214200973511,0.9999998807907104,0.48462557792663574,0.4170520305633545,0.46757370233535767,0.9971963167190552,0.9999997615814209,0.48841574788093567,0.4172619879245758,0.46762901544570923,0.9969229102134705,0.9999997615814209,0.49207383394241333,0.4173627495765686,0.467804491519928,0.9971468448638916,0.9999997615814209,0.47344350814819336,0.4179958403110504,0.45835256576538086,0.996131181716919,0.9999998807907104,0.469503790140152,0.41885924339294434,0.45798012614250183,0.9956614971160889,0.9999997615814209,0.46579599380493164,0.4196838438510895,0.4581487774848938,0.9965104460716248,0.9999997615814209,0.4966142773628235,0.4246881604194641,0.6081950068473816,0.9961395263671875,0.9999995231628418,0.4605214297771454,0.4272180497646332,0.5657708644866943,0.9960750341415405,0.9999996423721313,0.4877292215824127,0.42677372694015503,0.4599453806877136,0.9951282739639282,0.9999985694885254,0.4741867184638977,0.42754822969436646,0.4469529390335083,0.9946836233139038,0.999998927116394,0.5286518335342407,0.45293623208999634,0.5390475392341614,0.998726487159729,0.999863862991333,0.4332631528377533,0.45880231261253357,0.498699814081192,0.9987272024154663,0.9998807907104492,0.5310672521591187,0.41636133193969727,0.599528431892395,0.8756613731384277,0.9999258518218994,0.3963872194290161,0.4351632595062256,0.4719938039779663,0.8883082270622253,0.9999334812164307,0.49640709161758423,0.38337936997413635,0.7762276530265808,0.7455279231071472,0.9999159574508667,0.41939184069633484,0.389310747385025,0.6673493981361389,0.6651954650878906,0.9999669790267944,0.48640283942222595,0.3791046142578125,0.7956574559211731,0.6313766837120056,0.9998348951339722,0.4180750548839569,0.3802887499332428,0.6905779242515564,0.5339857935905457,0.9999171495437622,0.48187074065208435,0.3789626359939575,0.8080195188522339,0.6136638522148132,0.9998255372047424,0.42459437251091003,0.3826199173927307,0.7098410129547119,0.5203477740287781,0.999903678894043,0.4819091260433197,0.3821374177932739,0.7834117412567139,0.6261854767799377,0.9998903274536133,0.42475879192352295,0.38543158769607544,0.6760263442993164,0.5153655409812927,0.9999480247497559,0.5444331169128418,0.5395482778549194,0.0024243835359811783,0.9994931221008301,0.9997896552085876,0.4693877696990967,0.5430615544319153,-0.0026373439468443394,0.9995598196983337,0.9997867941856384,0.5493276119232178,0.6156688332557678,-0.2082202434539795,0.852764368057251,0.9999057054519653,0.464743047952652,0.6018456816673279,-0.20807234942913055,0.8668225407600403,0.9999231100082397,0.522579550743103,0.6922870874404907,-0.31101685762405396,0.8226832151412964,0.9998101592063904,0.4788775146007538,0.6868861317634583,-0.3504871428012848,0.8585243225097656,0.9997562766075134,0.5101367831230164,0.7012320160865784,-0.3306103050708771,0.8360046744346619,0.999679446220398,0.4862920641899109,0.6959951519966125,-0.37599724531173706,0.8048499226570129,0.9995773434638977,0.5305464863777161,0.7230967283248901,-0.4554039537906647,0.8360620737075806,0.9981593489646912,0.47815102338790894,0.7184774279594421,-0.5151278972625732,0.8461922407150269,0.997646152973175
63,2142,True,0.47872671484947205,0.41860079765319824,0.47338658571243286,0.9972290992736816,1.0,0.48434796929359436,0.4166850447654724,0.527673065662384,0.9974762201309204,0.9999998807907104,0.4881485104560852,0.4168899953365326,0.5277253985404968,0.997230052947998,0.9999998807907104,0.49181556701660156,0.4169866442680359,0.52793288230896,0.9974318146705627,0.9999998807907104,0.4732503592967987,0.41777926683425903,0.5159537196159363,0.9965177774429321,0.9999998807907104,0.4693945050239563,0.41872256994247437,0.5155670642852783,0.9960950016975403,0.9999998807907104,0.4657644033432007,0.4195900857448578,0.5157620906829834,0.9968591332435608,0.9999998807907104,0.49649518728256226,0.424480140209198,0.672983705997467,0.9965248703956604,0.9999997615814209,0.4603966176509857,0.4272327423095703,0.6194693446159363,0.9964671730995178,0.9999998807907104,0.48740148544311523,0.426270067691803,0.5168581008911133,0.9956125617027283,0.9999994039535522,0.4739995300769806,0.42717742919921875,0.5004981756210327,0.9952131509780884,0.9999995231628418,0.5284026265144348,0.45219796895980835,0.5970499515533447,0.9988504648208618,0.9999315738677979,0.43177375197410583,0.4582197666168213,0.5376543402671814,0.9988469481468201,0.9999314546585083,0.527592658996582,0.4165027141571045,0.6360249519348145,0.8779938220977783,0.9999630451202393,0.40751808881759644,0.43438997864723206,0.5040251612663269,0.8939375877380371,0.9999649524688721,0.49647408723831177,0.3833461105823517,0.7979103326797485,0.7448450922966003,0.9999535083770752,0.4192611277103424,0.38933053612709045,0.7115468978881836,0.6643183827400208,0.9999834299087524,0.486532986164093,0.37911492586135864,0.8168108463287354,0.6245872974395752,0.9998989105224609,0.4177854359149933,0.38028067350387573,0.7374669313430786,0.521580159664154,0.9999542236328125,0.4819396436214447,0.37899285554885864,0.8326367139816284,0.6049119830131531,0.9998935461044312,0.4234601855278015,0.38262566924095154,0.7585090398788452,0.5053264498710632,0.9999459981918335,0.48198238015174866,0.3821021318435669,0.8057867884635925,0.6175788640975952,0.9999374151229858,0.4245285391807556,0.3854900002479553,0.7215022444725037,0.49968820810317993,0.9999734163284302,0.5415518283843994,0.5376081466674805,0.004109865520149469,0.9995235800743103,0.9998430013656616,0.46539634466171265,0.540282130241394,-0.004279827233403921,0.9995837211608887,0.9998351335525513,0.5496690273284912,0.6090664267539978,-0.2657453715801239,0.8650646805763245,0.9999300241470337,0.46017056703567505,0.6020534634590149,-0.279933899641037,0.8772648572921753,0.9999359846115112,0.5355108380317688,0.6897619366645813,-0.40943485498428345,0.8327866792678833,0.9998018145561218,0.4727889597415924,0.6856701374053955,-0.4578113555908203,0.8642727732658386,0.9997192025184631,0.5181156396865845,0.6996010541915894,-0.4345720410346985,0.8445895910263062,0.9996229410171509,0.48228365182876587,0.6944353580474854,-0.48776477575302124,0.8127057552337646,0.9994590878486633,0.539862871170044,0.7208042144775391,-0.5599367022514343,0.8459572196006775,0.9976547956466675,0.4706018567085266,0.7165411710739136,-0.6276982426643372,0.854045033454895,0.9969207048416138
64,2176,True,0.47840064764022827,0.41859760880470276,0.5214636325836182,0.9975061416625977,1.0,0.483866423368454,0.416698694229126,0.5799233913421631,0.9977284669876099,1.0,0.48763856291770935,0.4169576168060303,0.579998254776001,0.997506856918335,1.0,0.491367369890213,0.4171038269996643,0.5802577137947083,0.9976884722709656,1.0,0.47313034534454346,0.4175768494606018,0.566364586353302,0.9968658685684204,1.0,0.46935272216796875,0.418450266122818,0.5659631490707397,0.9964854121208191,1.0,0.46570613980293274,0.4192594587802887,0.5661711096763611,0.9971731305122375,1.0,0.4960719645023346,0.42446082830429077,0.7321653366088867,0.9968721270561218,1.0,0.4602621793746948,0.4266805052757263,0.6697497963905334,0.996820330619812,1.0,0.4868122935295105,0.42622384428977966,0.5663081407546997,0.9960504174232483,0.9999997615814209,0.4738721251487732,0.42678213119506836,0.5470174551010132,0.995691180229187,0.9999998807907104,0.528325617313385,0.4518565535545349,0.6502233147621155,0.9989621043205261,0.999957799911499,0.4300153851509094,0.4576455056667328,0.5792909860610962,0.9989587664604187,0.9999673366546631,0.5362261533737183,0.42912182211875916,0.6370973587036133,0.8767871260643005,0.9999750852584839,0.4099057614803314,0.4321445822715759,0.5084390044212341,0.9010117650032043,0.9999815225601196,0.4981922209262848,0.38386422395706177,0.75746089220047,0.7458581328392029,0.9999769926071167,0.41855913400650024,0.38934940099716187,0.6800369620323181,0.6728435754776001,0.9999924898147583,0.4940216541290283,0.379033625125885,0.7959557175636292,0.6226146817207336,0.9999459981918335,0.417308509349823,0.38031473755836487,0.7003273963928223,0.5192534327507019,0.9999769926071167,0.48897188901901245,0.3791409134864807,0.7886595726013184,0.6015722751617432,0.9999464750289917,0.42220646142959595,0.38262996077537537,0.7210144996643066,0.49994322657585144,0.9999741315841675,0.4879342019557953,0.3821313977241516,0.7633184790611267,0.6136000156402588,0.9999721050262451,0.423508882522583,0.385233998298645,0.6893039345741272,0.4939717650413513,0.9999887943267822,0.5378289818763733,0.5349517464637756,0.00531091308221221,0.9995553493499756,0.9999083280563354,0.46179699897766113,0.537878155708313,-0.005563514772802591,0.9996126890182495,0.9999161958694458,0.5500553846359253,0.6044822335243225,-0.3181625306606293,0.8766539096832275,0.9999352693557739,0.4551297128200531,0.6017820239067078,-0.35529300570487976,0.8878511786460876,0.9999539852142334,0.5396222472190857,0.6872055530548096,-0.5374876856803894,0.8405134677886963,0.999749481678009,0.4652722179889679,0.6886861324310303,-0.6072229743003845,0.8699324727058411,0.9996126294136047,0.5228009223937988,0.7007391452789307,-0.5727331042289734,0.8520776033401489,0.9994412064552307,0.47793716192245483,0.6998229026794434,-0.6462157368659973,0.8217028975486755,0.9991024732589722,0.546856164932251,0.7158740758895874,-0.6989628076553345,0.8542881011962891,0.9958921670913696,0.4636971354484558,0.7168352603912354,-0.7920237183570862,0.8613484501838684,0.9946152567863464
65,2210,True,0.4778171479701996,0.41888323426246643,0.5344976782798767,0.9977554678916931,1.0,0.4827701151371002,0.41681256890296936,0.5928608179092407,0.997955322265625,1.0,0.4864647686481476,0.4170483946800232,0.5929359793663025,0.9977558255195618,1.0,0.49017733335494995,0.41725286841392517,0.5931985974311829,0.9979193806648254,1.0,0.47235560417175293,0.4176572263240814,0.5771723985671997,0.9971790909767151,1.0,0.468685120344162,0.4184870719909668,0.5767520666122437,0.9968366622924805,1.0,0.4651319682598114,0.4192269742488861,0.5769698023796082,0.9974556565284729,1.0,0.4946631193161011,0.4243493974208832,0.7429795861244202,0.9971844553947449,0.9999998807907104,0.45933741331100464,0.42630642652511597,0.6712100505828857,0.9971380829811096,1.0,0.4861523509025574,0.42643165588378906,0.5791086554527283,0.9964436292648315,0.9999997615814209,0.4733327627182007,0.4270274043083191,0.5571103096008301,0.9961207509040833,0.9999998807907104,0.5273275971412659,0.4514703154563904,0.6624111533164978,0.9990625381469727,0.9999505281448364,0.4283524751663208,0.45718473196029663,0.5799567699432373,0.9990585446357727,0.9999562501907349,0.5266504287719727,0.4255031645298004,0.6905606389045715,0.875861644744873,0.999976396560669,0.4102567434310913,0.4284190535545349,0.5257089138031006,0.9063762426376343,0.9999803304672241,0.4982089698314667,0.38355934619903564,0.8403843641281128,0.7446086406707764,0.9999741315841675,0.4185832142829895,0.3893232047557831,0.7343930006027222,0.6726678013801575,0.9999910593032837,0.49134010076522827,0.3789864480495453,0.8587347865104675,0.6176100373268127,0.9999396800994873,0.41732850670814514,0.3800870478153229,0.7599266171455383,0.5084798336029053,0.9999724626541138,0.48712387681007385,0.37904420495033264,0.8742555379867554,0.5947265625,0.9999382495880127,0.42227989435195923,0.3825944662094116,0.7831643223762512,0.4863269627094269,0.9999680519104004,0.4882810711860657,0.3817453682422638,0.8472234010696411,0.6066780090332031,0.9999665021896362,0.4235057532787323,0.3852526843547821,0.7451378703117371,0.48019909858703613,0.999985933303833,0.53554368019104,0.5341241955757141,0.007805648259818554,0.9995793700218201,0.9998571872711182,0.4592122435569763,0.5362263321876526,-0.007853120565414429,0.9996351003646851,0.9998747110366821,0.5502622723579407,0.6038974523544312,-0.299358993768692,0.8864132761955261,0.9999357461929321,0.45036405324935913,0.5996902585029602,-0.34510520100593567,0.8966932892799377,0.9999451637268066,0.542298436164856,0.6869686841964722,-0.48960232734680176,0.8453245759010315,0.99977046251297,0.4558803141117096,0.689118504524231,-0.5747938752174377,0.8726771473884583,0.9995926022529602,0.5264816880226135,0.7012940049171448,-0.521681547164917,0.8589891195297241,0.9995309114456177,0.46546483039855957,0.698889434337616,-0.611663281917572,0.829005241394043,0.9991299510002136,0.5541477799415588,0.7113613486289978,-0.6490606069564819,0.8621326088905334,0.9968997240066528,0.45269936323165894,0.7169668078422546,-0.7621632814407349,0.8677648901939392,0.9953721165657043
66,2244,True,0.47742319107055664,0.42070847749710083,0.4771268963813782,0.9979798197746277,1.0,0.48181164264678955,0.41755184531211853,0.5319603681564331,0.9981595277786255,1.0,0.48534485697746277,0.41771945357322693,0.5320197343826294,0.9979798793792725,1.0,0.48896074295043945,0.4179672300815582,0.5322526097297668,0.9981271624565125,1.0,0.47194725275039673,0.41829752922058105,0.5168079733848572,0.9974610209465027,1.0,0.46839621663093567,0.41902580857276917,0.5164185166358948,0.9971528053283691,1.0,0.464910626411438,0.41964349150657654,0.5166096091270447,0.9977099299430847,1.0,0.49329864978790283,0.424494206905365,0.67903071641922,0.9974654912948608,0.9999998807907104,0.45871803164482117,0.42632001638412476,0.6100897789001465,0.9974240660667419,0.9999998807907104,0.4854637682437897,0.42777782678604126,0.5218074917793274,0.9967973828315735,0.9999996423721313,0.4730292856693268,0.42806297540664673,0.5007389187812805,0.9965072274208069,0.9999997615814209,0.5259525775909424,0.4516746997833252,0.6118596196174622,0.9991530776023865,0.9999473094940186,0.42648354172706604,0.45716041326522827,0.5246276259422302,0.9991486668586731,0.9999611377716064,0.5313550233840942,0.4268704950809479,0.6574736833572388,0.8734849095344543,0.9999759197235107,0.41031429171562195,0.42836707830429077,0.47441232204437256,0.9115174412727356,0.9999793767929077,0.4981975257396698,0.3835383951663971,0.8171758651733398,0.7423491477966309,0.9999688863754272,0.4182242453098297,0.38958799839019775,0.6737737655639648,0.676125705242157,0.9999901056289673,0.49291160702705383,0.37895599007606506,0.8352643251419067,0.611071765422821,0.9999282360076904,0.4169618487358093,0.38017183542251587,0.6936964392662048,0.5026572942733765,0.9999711513519287,0.4877520203590393,0.37899819016456604,0.8514615297317505,0.5870642066001892,0.9999253749847412,0.4214504361152649,0.38264238834381104,0.712964653968811,0.47840166091918945,0.9999655485153198,0.4881303608417511,0.3816939890384674,0.8242644667625427,0.59969562292099,0.9999581575393677,0.423032283782959,0.3853897750377655,0.682461142539978,0.47153615951538086,0.9999839067459106,0.5304037928581238,0.5349620580673218,0.010818480513989925,0.9996083974838257,0.9998966455459595,0.4549899697303772,0.538091778755188,-0.010786207392811775,0.9996601343154907,0.9999053478240967,0.5475448369979858,0.6032962799072266,-0.2562014162540436,0.8952345252037048,0.999948263168335,0.4460364878177643,0.5980708003044128,-0.30119311809539795,0.9048148989677429,0.9999587535858154,0.5449851155281067,0.6872840523719788,-0.4115311801433563,0.8535823225975037,0.9998276233673096,0.4495146572589874,0.6876434087753296,-0.4921482503414154,0.8781641125679016,0.999729573726654,0.5315030217170715,0.6999133229255676,-0.4395725131034851,0.8657072186470032,0.999659538269043,0.4600543677806854,0.6963850259780884,-0.5239240527153015,0.8354912996292114,0.9994401335716248,0.5611762404441833,0.7085530757904053,-0.567855179309845,0.8701426386833191,0.9978140592575073,0.4487423896789551,0.7152820825576782,-0.6721757054328918,0.8744817972183228,0.9970042109489441
67,2278,True,0.4764302968978882,0.42148104310035706,0.45611029863357544,0.9981817603111267,1.0,0.48067381978034973,0.4182707667350769,0.5101176500320435,0.9983433485031128,1.0,0.48415032029151917,0.41839665174484253,0.5101795792579651,0.9981816411018372,1.0,0.4876953959465027,0.4184979796409607,0.510409951210022,0.9983142614364624,1.0,0.47091564536094666,0.4189835488796234,0.49597156047821045,0.9977147579193115,1.0,0.4673827588558197,0.4196504056453705,0.4955986738204956,0.9974373579025269,1.0,0.46388354897499084,0.4201884865760803,0.49579739570617676,0.9979388117790222,1.0,0.49172690510749817,0.4245799481868744,0.6583287119865417,0.9977185726165771,0.9999998807907104,0.45735397934913635,0.4264293313026428,0.594208836555481,0.9976814985275269,1.0,0.4842279553413391,0.4284927248954773,0.501326858997345,0.9971163868904114,0.9999997615814209,0.4720201790332794,0.4286782145500183,0.4816938638687134,0.9968555569648743,0.9999998807907104,0.5240249633789062,0.45181989669799805,0.5973854660987854,0.9992355704307556,0.9999680519104004,0.42506301403045654,0.4572114050388336,0.5142115950584412,0.9992304444313049,0.9999707937240601,0.535920262336731,0.4286159873008728,0.6441009044647217,0.874254584312439,0.9999805688858032,0.4100385308265686,0.42837047576904297,0.4677017629146576,0.9164159893989563,0.999982476234436,0.50002121925354,0.3837358057498932,0.7937057614326477,0.7436264157295227,0.9999783039093018,0.41824162006378174,0.3896278738975525,0.6607995629310608,0.6792784929275513,0.9999918937683105,0.4944835305213928,0.37918275594711304,0.8085238933563232,0.6085977554321289,0.9999492168426514,0.4168468117713928,0.38021212816238403,0.68268883228302,0.49692845344543457,0.9999756813049316,0.48870158195495605,0.37921708822250366,0.8245598673820496,0.5836226344108582,0.9999479055404663,0.421495646238327,0.3826541602611542,0.7003946304321289,0.4708442986011505,0.9999710321426392,0.4883379340171814,0.3818664848804474,0.8005459308624268,0.5964152812957764,0.9999707937240601,0.4227967858314514,0.38539811968803406,0.669154167175293,0.4634549021720886,0.9999862909317017,0.5266920328140259,0.5358749032020569,0.011620467528700829,0.9996359944343567,0.9999179840087891,0.45260316133499146,0.5392982363700867,-0.011564799584448338,0.9996834993362427,0.9999110698699951,0.5450167655944824,0.6067054867744446,-0.2408486306667328,0.9037107825279236,0.9999591112136841,0.4429590404033661,0.6018734574317932,-0.27896925806999207,0.912469208240509,0.9999641180038452,0.5460779666900635,0.6890031099319458,-0.3520779609680176,0.8624832630157471,0.9998528957366943,0.4438169300556183,0.6897610425949097,-0.43293872475624084,0.8841800689697266,0.9997708201408386,0.5350856184959412,0.7014752626419067,-0.37696346640586853,0.8722485899925232,0.9997038245201111,0.4527476727962494,0.6982100009918213,-0.4607120156288147,0.841848611831665,0.9995189905166626,0.5659258961677551,0.7110248804092407,-0.5021749138832092,0.8779420852661133,0.9979727864265442,0.4397692382335663,0.7180551886558533,-0.6106874346733093,0.8809047341346741,0.9972900152206421
68,2312,True,0.47581514716148376,0.4217473566532135,0.4635148048400879,0.9983634948730469,1.0,0.4801085889339447,0.4185822904109955,0.5172733068466187,0.998508632183075,1.0,0.4835655689239502,0.41872113943099976,0.517318069934845,0.9983630180358887,1.0,0.48705601692199707,0.4187820553779602,0.5175314545631409,0.9984825253486633,0.9999998807907104,0.47020989656448364,0.4191715717315674,0.5026748776435852,0.9979430437088013,1.0,0.4666523337364197,0.4197660982608795,0.5022963881492615,0.9976933598518372,1.0,0.4629562497138977,0.4202447533607483,0.5024939775466919,0.9981447458267212,1.0,0.49067288637161255,0.4245991110801697,0.6638670563697815,0.9979461431503296,0.9999998807907104,0.4558701515197754,0.4264829754829407,0.5974684953689575,0.9979130625724792,0.9999998807907104,0.4832838177680969,0.42870181798934937,0.5082323551177979,0.9974028468132019,0.9999996423721313,0.47099316120147705,0.4287340044975281,0.4879165291786194,0.9971685409545898,0.9999997615814209,0.5227373838424683,0.45192551612854004,0.6026138067245483,0.9993096590042114,0.9999594688415527,0.4231046438217163,0.4570007920265198,0.5158562660217285,0.9993038773536682,0.9999648332595825,0.538652777671814,0.429665744304657,0.6593926548957825,0.8746141791343689,0.9999749660491943,0.4102718234062195,0.42836493253707886,0.48491978645324707,0.9202077388763428,0.9999773502349854,0.49898019433021545,0.38461416959762573,0.814245343208313,0.742414116859436,0.999970555305481,0.4190547466278076,0.3896436095237732,0.698238730430603,0.677977442741394,0.9999884366989136,0.49408531188964844,0.379555881023407,0.8295695185661316,0.6034573316574097,0.9999302625656128,0.4176484942436218,0.3802140951156616,0.7237704992294312,0.4884210228919983,0.9999645948410034,0.481883704662323,0.37994086742401123,0.8456538915634155,0.5776075124740601,0.9999278783798218,0.4216826558113098,0.382668673992157,0.7399144768714905,0.46093130111694336,0.9999573230743408,0.4880412518978119,0.38228172063827515,0.821233868598938,0.5908644795417786,0.9999598264694214,0.42325088381767273,0.38525888323783875,0.7066789269447327,0.4535202383995056,0.9999802112579346,0.5227262377738953,0.536864161491394,0.012477275915443897,0.9996578097343445,0.9998735189437866,0.44848620891571045,0.5402630567550659,-0.012421896681189537,0.9997022747993469,0.9998620748519897,0.5416720509529114,0.6086052060127258,-0.20470784604549408,0.911210298538208,0.99993896484375,0.43548744916915894,0.6040449738502502,-0.2486075758934021,0.9193697571754456,0.9999493360519409,0.5444538593292236,0.6900224089622498,-0.34873250126838684,0.8694034218788147,0.9997808337211609,0.43596771359443665,0.6912837624549866,-0.4285028278827667,0.8896039724349976,0.9996854066848755,0.5357263088226318,0.7024067640304565,-0.36684510111808777,0.8776724338531494,0.9995797276496887,0.44612520933151245,0.7002304196357727,-0.45554208755493164,0.8480330109596252,0.9993500113487244,0.5648762583732605,0.7134040594100952,-0.4987000823020935,0.8840023279190063,0.9971566200256348,0.43306487798690796,0.7197393178939819,-0.5893843173980713,0.8864763379096985,0.9962054491043091
69,2346,True,0.4737114906311035,0.4227049946784973,0.4580745995044708,0.9985271096229553,1.0,0.4780721068382263,0.4193122982978821,0.5128256678581238,0.9986575841903687,1.0,0.48159271478652954,0.41935816407203674,0.5128819942474365,0.9985264539718628,1.0,0.48513683676719666,0.41929179430007935,0.513111412525177,0.9986340999603271,1.0,0.46792110800743103,0.420116126537323,0.49879366159439087,0.9981486201286316,1.0,0.4643304646015167,0.4207318425178528,0.49842292070388794,0.9979239106178284,1.0,0.4606803059577942,0.42118412256240845,0.49862539768218994,0.9983301758766174,1.0,0.48891276121139526,0.42490488290786743,0.6634522080421448,0.9981512427330017,1.0,0.45391982793807983,0.42704567313194275,0.6001471281051636,0.9981216192245483,1.0,0.4812639355659485,0.4295446276664734,0.5040002465248108,0.9976616501808167,0.9999998807907104,0.46876174211502075,0.42979174852371216,0.48456892371177673,0.9974510073661804,0.9999998807907104,0.5218328833580017,0.4523269534111023,0.6037967801094055,0.9993762373924255,0.9999692440032959,0.42158520221710205,0.4570396840572357,0.515575110912323,0.9993703365325928,0.9999675750732422,0.5244557857513428,0.42620715498924255,0.6490206122398376,0.8763397932052612,0.9999788999557495,0.40944889187812805,0.4283137917518616,0.47214245796203613,0.9245851635932922,0.9999791383743286,0.49991574883461,0.38473352789878845,0.7973588109016418,0.7446328997612,0.9999747276306152,0.4186771512031555,0.3896426260471344,0.6712373495101929,0.679793119430542,0.9999904632568359,0.49453282356262207,0.37954312562942505,0.811295211315155,0.6028991937637329,0.999937891960144,0.4175396263599396,0.38021594285964966,0.696194589138031,0.4824199676513672,0.9999706745147705,0.48476389050483704,0.3801645338535309,0.8273295164108276,0.576332151889801,0.9999372959136963,0.4217146039009094,0.382671982049942,0.7119941115379333,0.45354223251342773,0.9999654293060303,0.4880482256412506,0.3822706341743469,0.8041588664054871,0.589709997177124,0.9999655485153198,0.4229868948459625,0.38527345657348633,0.6784802675247192,0.4462544620037079,0.9999839067459106,0.5196425914764404,0.5373566150665283,0.015262646600604057,0.9996809363365173,0.9999163150787354,0.44513481855392456,0.5408092737197876,-0.015196590684354305,0.999722421169281,0.9999035596847534,0.5376262068748474,0.6091242432594299,-0.2264106273651123,0.9178342819213867,0.9999430179595947,0.4313773810863495,0.6052866578102112,-0.27302032709121704,0.9257791638374329,0.9999567270278931,0.5428226590156555,0.6905701756477356,-0.375463604927063,0.8751740455627441,0.9997935891151428,0.4265187978744507,0.6931517720222473,-0.4639918804168701,0.8949134349822998,0.9996528625488281,0.5335044860839844,0.7025496959686279,-0.402290016412735,0.8823370933532715,0.9995883107185364,0.4405125379562378,0.7029022574424744,-0.4954032003879547,0.8539239168167114,0.999226450920105,0.56322181224823,0.7144832015037537,-0.5276836156845093,0.8893657922744751,0.997048556804657,0.4340057671070099,0.7226643562316895,-0.6397126317024231,0.8919764757156372,0.9954445362091064
70,2380,True,0.47114214301109314,0.4230024218559265,0.4517461955547333,0.9986743330955505,1.0,0.47610029578208923,0.4198160767555237,0.505117654800415,0.9987915754318237,1.0,0.4798123240470886,0.41990137100219727,0.5051651000976562,0.9986734986305237,1.0,0.48355475068092346,0.4198330044746399,0.5053795576095581,0.9987704753875732,0.9999998807907104,0.46551576256752014,0.4205853044986725,0.49100035429000854,0.9983336329460144,1.0,0.46189600229263306,0.42119747400283813,0.4906242787837982,0.9981313347816467,1.0,0.45832112431526184,0.4216234087944031,0.4908123314380646,0.9984970092773438,1.0,0.48764529824256897,0.4255674481391907,0.651949942111969,0.9983357787132263,0.9999998807907104,0.4519374370574951,0.4273757338523865,0.5883861780166626,0.998309314250946,0.9999998807907104,0.47907671332359314,0.4300399720668793,0.4964367747306824,0.9978945255279541,0.9999997615814209,0.4660460650920868,0.430164635181427,0.4769343137741089,0.9977051615715027,0.9999998807907104,0.5208394527435303,0.4534614086151123,0.5915635228157043,0.9994359612464905,0.9999598264694214,0.4194908142089844,0.4572397768497467,0.5125397443771362,0.9994301199913025,0.9999675750732422,0.5214453935623169,0.42625918984413147,0.6389118432998657,0.8749572038650513,0.999971866607666,0.4088284373283386,0.42866572737693787,0.427308052778244,0.9289599657058716,0.9999768733978271,0.5014355182647705,0.38496214151382446,0.7931185960769653,0.7437930107116699,0.999962329864502,0.41867968440055847,0.3897136449813843,0.5963339805603027,0.6865437626838684,0.9999881982803345,0.4955095052719116,0.3794906735420227,0.8108542561531067,0.5996389985084534,0.9999099969863892,0.4178151488304138,0.3802655041217804,0.6155261397361755,0.48395204544067383,0.9999637603759766,0.48740044236183167,0.3802313208580017,0.82221919298172,0.5723794102668762,0.9999070167541504,0.42174196243286133,0.382771760225296,0.6316460371017456,0.4536306858062744,0.9999563694000244,0.48859456181526184,0.38226062059402466,0.7990588545799255,0.586373507976532,0.9999473094940186,0.42329543828964233,0.3854835629463196,0.6033824682235718,0.446364164352417,0.9999788999557495,0.5170279741287231,0.5416510701179504,0.01603448949754238,0.9997031092643738,0.9999171495437622,0.44186434149742126,0.5432132482528687,-0.01600348949432373,0.99974125623703,0.9999123811721802,0.5336305499076843,0.6126230955123901,-0.20040224492549896,0.923745334148407,0.9999319314956665,0.42561593651771545,0.611265242099762,-0.24707302451133728,0.9312866926193237,0.9999499320983887,0.5406465530395508,0.6969300508499146,-0.3402952551841736,0.8802123665809631,0.9997592568397522,0.4224766194820404,0.6981831789016724,-0.41922932863235474,0.898820698261261,0.9996598958969116,0.5324036478996277,0.7059723138809204,-0.3691514730453491,0.8851540684700012,0.9995291233062744,0.43196895718574524,0.7069067358970642,-0.4486871063709259,0.8567866683006287,0.9992721676826477,0.5611609816551208,0.7196946740150452,-0.4971979260444641,0.8934500217437744,0.9967328310012817,0.42851802706718445,0.7251683473587036,-0.588689386844635,0.8957737684249878,0.9957354068756104
71,2414,True,0.46785062551498413,0.4256381094455719,0.4540577232837677,0.9988068342208862,1.0,0.4734627306461334,0.4224544167518616,0.5083966851234436,0.9989122748374939,1.0,0.47738486528396606,0.42248257994651794,0.5084612369537354,0.9988059997558594,1.0,0.4812999665737152,0.4222949147224426,0.5086928606033325,0.9988933205604553,1.0,0.4623343050479889,0.42317232489585876,0.4960923492908478,0.9985001683235168,1.0,0.45887964963912964,0.42364102602005005,0.4957180917263031,0.998318076133728,1.0,0.4555317759513855,0.4238918721675873,0.4959260821342468,0.9986472129821777,1.0,0.48568323254585266,0.42761898040771484,0.659997820854187,0.9985020160675049,1.0,0.44998452067375183,0.42901697754859924,0.6051921844482422,0.9984782934188843,1.0,0.47631698846817017,0.4324665069580078,0.5005547404289246,0.9981043338775635,0.9999998807907104,0.4627588391304016,0.43251365423202515,0.4834466576576233,0.997934103012085,0.9999998807907104,0.5179452300071716,0.4554580748081207,0.594152569770813,0.9994900822639465,0.9999709129333496,0.4174658954143524,0.4582149088382721,0.5240846872329712,0.9994841814041138,0.999971866607666,0.5189192891120911,0.42607927322387695,0.618536114692688,0.8771288990974426,0.9999840259552002,0.40727919340133667,0.42934828996658325,0.4361517131328583,0.9321998357772827,0.9999847412109375,0.5019175410270691,0.3850827217102051,0.7343575954437256,0.7484013438224792,0.9999761581420898,0.4183260500431061,0.38973429799079895,0.6030686497688293,0.691421389579773,0.9999923706054688,0.4958527088165283,0.37946343421936035,0.7408417463302612,0.6026613116264343,0.9999402761459351,0.4177165925502777,0.38028377294540405,0.6210063695907593,0.48359835147857666,0.9999762773513794,0.4882553517818451,0.38007014989852905,0.7608108520507812,0.5748224854469299,0.9999390840530396,0.4217678904533386,0.38277468085289,0.6384441256523132,0.4520108997821808,0.999971866607666,0.48865416646003723,0.38225802779197693,0.7419224977493286,0.5884508490562439,0.9999661445617676,0.42305341362953186,0.3855092525482178,0.61033034324646,0.4445248246192932,0.9999866485595703,0.5145297646522522,0.5454070568084717,0.014333127997815609,0.9997254610061646,0.999948263168335,0.4391159415245056,0.5461407899856567,-0.014321917667984962,0.9997604489326477,0.9999427795410156,0.5288375020027161,0.6157593131065369,-0.2574976980686188,0.9291337132453918,0.9999523162841797,0.4220678508281708,0.6142697334289551,-0.28499558568000793,0.9362781643867493,0.9999642372131348,0.5342438220977783,0.7045117020606995,-0.4129984676837921,0.8849309086799622,0.9998220801353455,0.4173644185066223,0.70673006772995,-0.47866290807724,0.9030585289001465,0.9997480511665344,0.5261656641960144,0.7128018140792847,-0.4416050910949707,0.8887244462966919,0.9996272325515747,0.4263201951980591,0.7174603343009949,-0.5106844305992126,0.8621077537536621,0.9994250535964966,0.5547551512718201,0.7297899723052979,-0.5740208625793457,0.8975235223770142,0.9974094033241272,0.4230506122112274,0.7327157258987427,-0.659765899181366,0.900126576423645,0.996528685092926
72,2448,True,0.46565455198287964,0.42776012420654297,0.42230334877967834,0.998926043510437,1.0,0.4714655876159668,0.4245121479034424,0.4715173840522766,0.9990207552909851,1.0,0.4755242168903351,0.42444896697998047,0.4715762138366699,0.9989250302314758,0.9999998807907104,0.47957101464271545,0.4241783022880554,0.4717731773853302,0.9990037083625793,0.9999998807907104,0.45998018980026245,0.42535462975502014,0.4651319682598114,0.9986499547958374,1.0,0.4565494656562805,0.4257980287075043,0.4647950828075409,0.9984860420227051,1.0,0.4533122479915619,0.4260179400444031,0.46499091386795044,0.9987822771072388,0.9999998807907104,0.4843541383743286,0.42946237325668335,0.6144908666610718,0.998651385307312,0.9999998807907104,0.4483092427253723,0.43096843361854553,0.5916807651519775,0.9986302256584167,0.9999998807907104,0.47436732053756714,0.4342678189277649,0.4665246605873108,0.9982924461364746,0.9999996423721313,0.46045681834220886,0.43450242280960083,0.4575350880622864,0.9981396198272705,0.9999997615814209,0.5156955718994141,0.4577263295650482,0.5490322709083557,0.9995379447937012,0.999956488609314,0.41668733954429626,0.46006566286087036,0.5150424838066101,0.9995304346084595,0.9999505281448364,0.5186156630516052,0.42579856514930725,0.5832932591438293,0.8825271129608154,0.999971866607666,0.40488481521606445,0.4276554584503174,0.4326491057872772,0.934907853603363,0.9999721050262451,0.5019960999488831,0.38517269492149353,0.7269761562347412,0.756282389163971,0.9999594688415527,0.41837018728256226,0.3896496593952179,0.5743013024330139,0.6953250169754028,0.9999867677688599,0.4960661232471466,0.3794386386871338,0.7359221577644348,0.6104323863983154,0.999906063079834,0.4178369641304016,0.38023439049720764,0.5868363380432129,0.48348790407180786,0.9999626874923706,0.4887414574623108,0.38002392649650574,0.7523781657218933,0.5822257995605469,0.999902606010437,0.421785831451416,0.38257893919944763,0.6041903495788574,0.45107120275497437,0.9999563694000244,0.4886426329612732,0.38228440284729004,0.7347619533538818,0.5946301817893982,0.9999417066574097,0.42322760820388794,0.3851129710674286,0.58023601770401,0.4432480037212372,0.9999773502349854,0.5105975866317749,0.5503278374671936,0.00474768690764904,0.9997405409812927,0.9999053478240967,0.43690112233161926,0.5506539344787598,-0.004892671946436167,0.99977046251297,0.9998631477355957,0.5246313214302063,0.6270451545715332,-0.21210388839244843,0.9344175457954407,0.9999356269836426,0.41780123114585876,0.6218617558479309,-0.20136237144470215,0.9398514628410339,0.9999288320541382,0.5245003700256348,0.7162889242172241,-0.3493580222129822,0.8919745087623596,0.9997935891151428,0.41371044516563416,0.7138113379478455,-0.34988918900489807,0.9057189226150513,0.999692440032959,0.5147743821144104,0.7299767732620239,-0.37638190388679504,0.8933835625648499,0.9995741248130798,0.4219949543476105,0.7270965576171875,-0.37738290429115295,0.8636832237243652,0.9993880987167358,0.5501432418823242,0.7411426305770874,-0.5538338422775269,0.9031976461410522,0.9974121451377869,0.4041498899459839,0.7391784191131592,-0.5254979729652405,0.9030070900917053,0.9967634677886963
73,2482,True,0.46229666471481323,0.42892104387283325,0.3533950448036194,0.9990331530570984,0.9999998807907104,0.4687747657299042,0.42550474405288696,0.3985106945037842,0.9991181492805481,0.9999997615814209,0.4730980396270752,0.4255213737487793,0.39855703711509705,0.9990317821502686,0.9999996423721313,0.47725987434387207,0.4252411723136902,0.3987182080745697,0.999102771282196,0.9999995231628418,0.45694786310195923,0.4263521134853363,0.39359062910079956,0.998784601688385,0.9999997615814209,0.4535559415817261,0.4268937110900879,0.3932690918445587,0.9986369609832764,0.9999997615814209,0.4502618610858917,0.42712506651878357,0.39340320229530334,0.9989036321640015,0.9999996423721313,0.4821009039878845,0.43084222078323364,0.534416675567627,0.9987852573394775,0.9999994039535522,0.4461430013179779,0.4323158264160156,0.5131974816322327,0.9987667202949524,0.9999996423721313,0.4714027941226959,0.4354743957519531,0.39587461948394775,0.9984604716300964,0.9999986886978149,0.45668360590934753,0.43588438630104065,0.38881605863571167,0.9983237385749817,0.9999990463256836,0.513740062713623,0.46056658029556274,0.4731130003929138,0.9995770454406738,0.9998495578765869,0.4150872230529785,0.46321552991867065,0.4458833932876587,0.9995683431625366,0.999910831451416,0.5178744196891785,0.42754048109054565,0.486472487449646,0.8851112127304077,0.9999256134033203,0.39233753085136414,0.4363081455230713,0.33867040276527405,0.9380106329917908,0.9999481439590454,0.504296064376831,0.3860074579715729,0.6109325885772705,0.7623197436332703,0.9998971223831177,0.41774609684944153,0.38970527052879333,0.4121647775173187,0.707984209060669,0.9999710321426392,0.4995396137237549,0.37962526082992554,0.6157057285308838,0.6174482107162476,0.9997923970222473,0.4177705645561218,0.38088223338127136,0.41242170333862305,0.4979843497276306,0.9999277591705322,0.49197307229042053,0.3800622522830963,0.6290067434310913,0.5891092419624329,0.9997794032096863,0.42195290327072144,0.3826272189617157,0.4316689670085907,0.46507641673088074,0.9999167919158936,0.490878164768219,0.38264310359954834,0.6171965003013611,0.6005429625511169,0.9998565912246704,0.42360177636146545,0.3853335678577423,0.41746994853019714,0.45590856671333313,0.9999514818191528,0.5088711380958557,0.5588212013244629,-0.001670718309469521,0.9997552037239075,0.9998836517333984,0.4349023997783661,0.5593131184577942,0.0014429115690290928,0.999782145023346,0.9998828172683716,0.5177580118179321,0.6408852338790894,-0.16314108669757843,0.9385514855384827,0.9998854398727417,0.4134505093097687,0.6330868005752563,-0.14517955482006073,0.941864550113678,0.9999080896377563,0.5150570869445801,0.7252703905105591,-0.22524097561836243,0.8974934816360474,0.9997274279594421,0.4091474711894989,0.722814679145813,-0.2402336746454239,0.9072993397712708,0.9996554851531982,0.5052443146705627,0.7390576601028442,-0.24248379468917847,0.8949581384658813,0.999489426612854,0.4188137948513031,0.7355927228927612,-0.2616368532180786,0.8609917759895325,0.9993727803230286,0.5313006639480591,0.7508737444877625,-0.38991835713386536,0.9069274663925171,0.9975355863571167,0.38811615109443665,0.7465445399284363,-0.41454747319221497,0.9043559432029724,0.9971319437026978
74,2516,True,0.46173855662345886,0.4323517382144928,0.2644818127155304,0.9991294145584106,0.9999997615814209,0.4684460163116455,0.42881837487220764,0.3086383044719696,0.9992054104804993,0.9999995231628418,0.4727412760257721,0.42893996834754944,0.30870768427848816,0.9991272687911987,0.9999994039535522,0.4768410623073578,0.42880183458328247,0.30887022614479065,0.9991915225982666,0.9999991655349731,0.4563243091106415,0.4291556477546692,0.3008207380771637,0.9989054799079895,0.9999995231628418,0.45284008979797363,0.42952078580856323,0.30051207542419434,0.9987725019454956,0.9999995231628418,0.44953998923301697,0.4296775460243225,0.30063697695732117,0.9990125894546509,0.9999992847442627,0.4814271330833435,0.4342878758907318,0.4537087678909302,0.9989049434661865,0.9999986886978149,0.44527605175971985,0.4347638189792633,0.41820937395095825,0.9988892078399658,0.9999991655349731,0.4707355201244354,0.43912845849990845,0.3121579885482788,0.9986094236373901,0.9999971389770508,0.45579731464385986,0.4390695095062256,0.30120277404785156,0.9984879493713379,0.9999979734420776,0.5122836232185364,0.4646710455417633,0.41259345412254333,0.9996076226234436,0.9997734427452087,0.41390570998191833,0.4667535424232483,0.36532774567604065,0.9995998740196228,0.9998747110366821,0.5177647471427917,0.4312290549278259,0.40569645166397095,0.885587751865387,0.9999175071716309,0.3940733075141907,0.4345317482948303,0.27032068371772766,0.9412410855293274,0.9999393224716187,0.5065685510635376,0.3866364061832428,0.4860556721687317,0.766842782497406,0.999842643737793,0.41773632168769836,0.3897358179092407,0.3457971215248108,0.7205380201339722,0.9999603033065796,0.5052896738052368,0.3798917233943939,0.4824856221675873,0.6234155297279358,0.9996745586395264,0.4175286293029785,0.3807660937309265,0.34294435381889343,0.5132237672805786,0.9998968839645386,0.495501846075058,0.3801761269569397,0.49517732858657837,0.5953168272972107,0.9996576309204102,0.42197808623313904,0.3826599419116974,0.3600808382034302,0.4804147481918335,0.9998835325241089,0.49369990825653076,0.38304153084754944,0.4898551106452942,0.6069325804710388,0.9997716546058655,0.4236823618412018,0.3853394091129303,0.35028618574142456,0.47070786356925964,0.999931812286377,0.5065784454345703,0.5664046406745911,0.0006761870463378727,0.9997672438621521,0.9998798370361328,0.4326632618904114,0.5657737851142883,-0.0008591752266511321,0.9997910261154175,0.9998855590820312,0.5150023698806763,0.6466113328933716,-0.17642110586166382,0.9388787746429443,0.9998395442962646,0.4082370400428772,0.6356150507926941,-0.18272177875041962,0.9420894384384155,0.9998847246170044,0.5104936361312866,0.7341248989105225,-0.24244679510593414,0.8987791538238525,0.9995638728141785,0.404585599899292,0.7288097739219666,-0.2867143750190735,0.9077240228652954,0.9994932413101196,0.5012562870979309,0.7460342645645142,-0.25817713141441345,0.8907870054244995,0.9992167949676514,0.41285833716392517,0.7415403127670288,-0.3069823682308197,0.8555231690406799,0.9990717172622681,0.5230037569999695,0.7580212950706482,-0.40267422795295715,0.9070737957954407,0.9966691136360168,0.3818250298500061,0.7531751394271851,-0.4654198884963989,0.9046258330345154,0.9961031675338745
75,2550,True,0.4612889289855957,0.43391332030296326,0.31466540694236755,0.9992161989212036,0.9999998807907104,0.4681893587112427,0.4305437207221985,0.36195775866508484,0.9992843866348267,0.9999997615814209,0.47258198261260986,0.4306796193122864,0.36202889680862427,0.9992138743400574,0.9999997615814209,0.4766992926597595,0.4305849075317383,0.3622022867202759,0.9992718696594238,0.9999997615814209,0.455657422542572,0.4308348298072815,0.3571071922779083,0.9990145564079285,0.9999997615814209,0.45208385586738586,0.4311981797218323,0.3567938208580017,0.9988948106765747,0.9999997615814209,0.44865497946739197,0.4313852787017822,0.35694894194602966,0.9991109371185303,0.9999997615814209,0.481059730052948,0.43639126420021057,0.5058318376541138,0.9990134239196777,0.9999995231628418,0.4446556568145752,0.43679842352867126,0.4809371829032898,0.9989997148513794,0.9999996423721313,0.4705381989479065,0.4406833052635193,0.35952499508857727,0.9987456798553467,0.9999988079071045,0.4552163779735565,0.44067105650901794,0.3525567948818207,0.9986369609832764,0.999998927116394,0.5119690895080566,0.46790939569473267,0.44278374314308167,0.9996395111083984,0.9999023675918579,0.41349267959594727,0.4699244499206543,0.41633427143096924,0.9996259212493896,0.9998971223831177,0.5175355076789856,0.43077898025512695,0.42150193452835083,0.890870213508606,0.9999563694000244,0.3866221606731415,0.4424200654029846,0.32483047246932983,0.9433637261390686,0.9999535083770752,0.5065072178840637,0.3866460919380188,0.5001220703125,0.7780055999755859,0.9999122619628906,0.4162074625492096,0.39000412821769714,0.3772942125797272,0.733592689037323,0.9999644756317139,0.5009326934814453,0.37994658946990967,0.49392932653427124,0.638694703578949,0.9998080134391785,0.41694000363349915,0.38090071082115173,0.3707107901573181,0.531989574432373,0.9999148845672607,0.4931512176990509,0.3802313208580017,0.5066730380058289,0.6110038161277771,0.9998019337654114,0.421487033367157,0.38281553983688354,0.38698479533195496,0.499750554561615,0.9999070167541504,0.49136489629745483,0.3830324709415436,0.5042130947113037,0.6217253804206848,0.9998711347579956,0.42316505312919617,0.38545912504196167,0.3804629147052765,0.48935553431510925,0.9999433755874634,0.5053776502609253,0.5681813955307007,-0.0028856387361884117,0.9997814893722534,0.9999240636825562,0.43153730034828186,0.5679717063903809,0.0026481510140001774,0.9998030662536621,0.9999252557754517,0.5097963809967041,0.6475459933280945,-0.1821592152118683,0.9418960213661194,0.9999231100082397,0.4103945791721344,0.6394692659378052,-0.17278479039669037,0.9444494247436523,0.9999442100524902,0.5032132267951965,0.7384085059165955,-0.24064160883426666,0.9027467966079712,0.9998233914375305,0.40229636430740356,0.7346326112747192,-0.2730424106121063,0.9111474752426147,0.9997805953025818,0.49400633573532104,0.7469066381454468,-0.2564714550971985,0.8914815187454224,0.9996880292892456,0.4123355448246002,0.7467544078826904,-0.29523178935050964,0.8562023043632507,0.9996064305305481,0.5124846696853638,0.7618225812911987,-0.40587884187698364,0.9097412824630737,0.998566210269928,0.38176417350769043,0.7586950063705444,-0.45959973335266113,0.9075796008110046,0.9980934262275696
76,2584,True,0.4605819284915924,0.4349555969238281,0.30466538667678833,0.9992942214012146,0.9999998807907104,0.4675542116165161,0.4318195879459381,0.3505678176879883,0.9993551969528198,0.9999995231628418,0.47189974784851074,0.4319535195827484,0.35063230991363525,0.9992914199829102,0.9999995231628418,0.4759940207004547,0.43186163902282715,0.350795716047287,0.9993438720703125,0.9999994039535522,0.45542454719543457,0.4321695864200592,0.34648194909095764,0.9991125464439392,0.9999996423721313,0.4519502818584442,0.4325372278690338,0.3461650609970093,0.999004602432251,0.9999996423721313,0.44857484102249146,0.4327049255371094,0.3463011085987091,0.9991992712020874,0.9999995231628418,0.4799736440181732,0.43804699182510376,0.4901811480522156,0.9991105198860168,0.999998927116394,0.4446655809879303,0.4386654794216156,0.4715637266635895,0.9990989565849304,0.9999992847442627,0.4693697988986969,0.4418044090270996,0.34792715311050415,0.9988674521446228,0.9999979734420776,0.45433956384658813,0.4419819712638855,0.3420465886592865,0.998770534992218,0.9999983310699463,0.5107786059379578,0.47049784660339355,0.42972806096076965,0.9996675252914429,0.9998648166656494,0.4127872884273529,0.4715098738670349,0.4064418077468872,0.9996510148048401,0.9998965263366699,0.5283603072166443,0.4354202151298523,0.4064517915248871,0.8953650593757629,0.9999420642852783,0.3883272707462311,0.44139042496681213,0.31152135133743286,0.9463036060333252,0.9999516010284424,0.5063177943229675,0.3868457078933716,0.4738827049732208,0.7879232168197632,0.9998941421508789,0.41623345017433167,0.3900126814842224,0.3621136248111725,0.7485140562057495,0.9999594688415527,0.5027562975883484,0.3799446225166321,0.465051531791687,0.6524249315261841,0.999774158000946,0.4173610210418701,0.38090914487838745,0.35286152362823486,0.553490400314331,0.9999014139175415,0.4952435791492462,0.380193829536438,0.47633805871009827,0.6252045035362244,0.9997637867927551,0.42263513803482056,0.3828226327896118,0.36972829699516296,0.5218902230262756,0.9998912811279297,0.49312078952789307,0.3831126093864441,0.47679078578948975,0.6353205442428589,0.9998455047607422,0.4243100881576538,0.3854650855064392,0.3656088411808014,0.5109769105911255,0.9999332427978516,0.501666247844696,0.5722975134849548,-0.0031840798910707235,0.9997956156730652,0.9999063014984131,0.4291560649871826,0.5714024305343628,0.0029219964053481817,0.9998151659965515,0.999911904335022,0.5030531883239746,0.6556218862533569,-0.13467851281166077,0.9445856809616089,0.9999035596847534,0.40397655963897705,0.6488796472549438,-0.12283674627542496,0.9465618133544922,0.9999277591705322,0.4965554177761078,0.7463308572769165,-0.16889560222625732,0.9072038531303406,0.9997528195381165,0.3992832601070404,0.7397830486297607,-0.19366726279258728,0.9143398404121399,0.9997089505195618,0.4877864122390747,0.7547693848609924,-0.18327391147613525,0.8916544318199158,0.9995566010475159,0.41098737716674805,0.7521054148674011,-0.21312887966632843,0.8561732769012451,0.9994737505912781,0.508715808391571,0.7706296443939209,-0.33647358417510986,0.9123793840408325,0.9980410933494568,0.38163235783576965,0.7662798166275024,-0.375775009393692,0.9100140333175659,0.99770587682724
77,2618,True,0.4606947898864746,0.43713146448135376,0.21016497910022736,0.9993636012077332,0.9999990463256836,0.4676203727722168,0.43424898386001587,0.252074271440506,0.9994176626205444,0.9999977350234985,0.47189509868621826,0.43445897102355957,0.2521442174911499,0.9993593096733093,0.9999972581863403,0.4758789539337158,0.43446311354637146,0.2522839307785034,0.9994069933891296,0.9999963045120239,0.4554588198661804,0.4345146715641022,0.24783316254615784,0.9991998672485352,0.9999979734420776,0.4518957734107971,0.43493038415908813,0.24754859507083893,0.9991022944450378,0.9999978542327881,0.44849342107772827,0.43517908453941345,0.24764114618301392,0.999277651309967,0.9999972581863403,0.4794439971446991,0.4409988820552826,0.3915322721004486,0.9991945624351501,0.9999935626983643,0.4440656304359436,0.4415898323059082,0.3729062080383301,0.9991867542266846,0.9999958276748657,0.469314306974411,0.44432491064071655,0.2554479241371155,0.9989712834358215,0.9999884366989136,0.45420151948928833,0.4442784786224365,0.24977710843086243,0.9988861680030823,0.9999905824661255,0.5096864104270935,0.47411054372787476,0.3359715938568115,0.9996763467788696,0.9995515942573547,0.41195639967918396,0.4748593270778656,0.3069543242454529,0.9996535181999207,0.9996790885925293,0.5217485427856445,0.4340519309043884,0.24191074073314667,0.8985509276390076,0.9998897314071655,0.3898313343524933,0.4399227201938629,0.12020061165094376,0.9494492411613464,0.999894380569458,0.5062162280082703,0.38681867718696594,0.23476746678352356,0.797767698764801,0.9997091889381409,0.416276752948761,0.39001792669296265,0.04552172124385834,0.7674652934074402,0.9998860359191895,0.5024821162223816,0.3799374997615814,0.20983730256557465,0.6669356226921082,0.9994376301765442,0.41744330525398254,0.38118255138397217,0.012492054142057896,0.5843682885169983,0.9997630715370178,0.49447181820869446,0.38018566370010376,0.22389571368694305,0.6405307054519653,0.9994008541107178,0.4228995740413666,0.3828262686729431,0.03290052339434624,0.5544877052307129,0.9997432827949524,0.4921844005584717,0.38316863775253296,0.23627206683158875,0.6502253413200378,0.9995724558830261,0.42455771565437317,0.3854701519012451,0.04720479995012283,0.5427953600883484,0.9998170733451843,0.5007539987564087,0.5771947503089905,-0.004542010370641947,0.999811053276062,0.9999074935913086,0.42810940742492676,0.5765575766563416,0.0042505222372710705,0.9998284578323364,0.9999306201934814,0.49684956669807434,0.6622073650360107,-0.1532844752073288,0.9458523988723755,0.9998127818107605,0.4038587212562561,0.6536725759506226,-0.13685713708400726,0.9474678039550781,0.9998867511749268,0.4888966381549835,0.7530626058578491,-0.15392938256263733,0.910304069519043,0.9995811581611633,0.3983924090862274,0.7448832988739014,-0.1729000359773636,0.917454719543457,0.9996181726455688,0.4794520437717438,0.7619374394416809,-0.162650927901268,0.8893391489982605,0.9992733597755432,0.41250401735305786,0.7586272358894348,-0.18745295703411102,0.8566941618919373,0.9993345141410828,0.49528977274894714,0.7781798839569092,-0.32981398701667786,0.9134642481803894,0.9977414608001709,0.37873923778533936,0.772577702999115,-0.3659491240978241,0.9123977422714233,0.997655987739563
78,2652,True,0.4591822624206543,0.44109898805618286,0.09015903621912003,0.9994223713874817,0.9999920129776001,0.4664905071258545,0.43794387578964233,0.12237463146448135,0.9994688630104065,0.9999831914901733,0.47089526057243347,0.43801766633987427,0.12241537123918533,0.9994135499000549,0.9999799728393555,0.4749033749103546,0.43783631920814514,0.12247268110513687,0.9994578957557678,0.9999740123748779,0.45410528779029846,0.4384302496910095,0.12186584621667862,0.9992746710777283,0.9999852180480957,0.45070868730545044,0.4388352930545807,0.12160466611385345,0.9991851449012756,0.999984622001648,0.44752952456474304,0.4390593469142914,0.1216469258069992,0.9993438124656677,0.9999814033508301,0.47843343019485474,0.4437359869480133,0.24787747859954834,0.9992601275444031,0.9999587535858154,0.4436127841472626,0.444789320230484,0.246430441737175,0.9992605447769165,0.999974250793457,0.4683099091053009,0.4476560056209564,0.13374653458595276,0.9990417957305908,0.9999336004257202,0.4530334174633026,0.4478040337562561,0.1334318369626999,0.9989714026451111,0.9999423027038574,0.5088357925415039,0.4754437804222107,0.212210550904274,0.9996786117553711,0.9992596507072449,0.4117099344730377,0.477032333612442,0.210592582821846,0.9996399283409119,0.9994248151779175,0.5178195834159851,0.43174251914024353,0.12957794964313507,0.9039765000343323,0.9997714161872864,0.39123472571372986,0.439049631357193,0.08272036164999008,0.9510801434516907,0.9997434020042419,0.5051575303077698,0.38660845160484314,0.1106845885515213,0.8085176348686218,0.9989527463912964,0.4162946343421936,0.3900167644023895,0.018347101286053658,0.7832866907119751,0.9995017051696777,0.4983569383621216,0.37949222326278687,0.08105790615081787,0.6825265884399414,0.9979637861251831,0.41746091842651367,0.38125017285346985,-0.020383186638355255,0.6114027500152588,0.9990231990814209,0.49217504262924194,0.37974101305007935,0.08944961428642273,0.6572895050048828,0.9977713823318481,0.42297977209091187,0.3828068971633911,-0.004101810045540333,0.5835868120193481,0.9989539384841919,0.48987269401550293,0.382970929145813,0.10955309122800827,0.6669791340827942,0.998349666595459,0.4246754050254822,0.38548165559768677,0.01769639179110527,0.572130560874939,0.999184787273407,0.49917107820510864,0.5810717344284058,-0.010598035529255867,0.9998225569725037,0.9997389912605286,0.4265599846839905,0.5800134539604187,0.010223247110843658,0.9998378753662109,0.9997885823249817,0.4917127788066864,0.6683441400527954,-0.08058027923107147,0.9442765712738037,0.9996545314788818,0.40205612778663635,0.6609956622123718,-0.04082862660288811,0.945556640625,0.9997501969337463,0.4815942049026489,0.7573930025100708,-0.005456229671835899,0.9123574495315552,0.9990888833999634,0.396851122379303,0.7505398988723755,0.0032844559755176306,0.9198520183563232,0.9993137121200562,0.47131338715553284,0.764365553855896,-0.004363941960036755,0.8841946721076965,0.9985052347183228,0.410592645406723,0.7634425163269043,-0.0011745045194402337,0.856829822063446,0.9988877177238464,0.4821997880935669,0.7847503423690796,-0.17228132486343384,0.9126559495925903,0.9962030053138733,0.38115301728248596,0.7785128951072693,-0.17253868281841278,0.9138095378875732,0.9966338276863098
