frame,timestamp_ms,pose_detected,lm_0_x,lm_0_y,lm_0_z,lm_0_visibility,lm_0_presence,lm_1_x,lm_1_y,lm_1_z,lm_1_visibility,lm_1_presence,lm_2_x,lm_2_y,lm_2_z,lm_2_visibility,lm_2_presence,lm_3_x,lm_3_y,lm_3_z,lm_3_visibility,lm_3_presence,lm_4_x,lm_4_y,lm_4_z,lm_4_visibility,lm_4_presence,lm_5_x,lm_5_y,lm_5_z,lm_5_visibility,lm_5_presence,lm_6_x,lm_6_y,lm_6_z,lm_6_visibility,lm_6_presence,lm_7_x,lm_7_y,lm_7_z,lm_7_visibility,lm_7_presence,lm_8_x,lm_8_y,lm_8_z,lm_8_visibility,lm_8_presence,lm_9_x,lm_9_y,lm_9_z,lm_9_visibility,lm_9_presence,lm_10_x,lm_10_y,lm_10_z,lm_10_visibility,lm_10_presence,lm_11_x,lm_11_y,lm_11_z,lm_11_visibility,lm_11_presence,lm_12_x,lm_12_y,lm_12_z,lm_12_visibility,lm_12_presence,lm_13_x,lm_13_y,lm_13_z,lm_13_visibility,lm_13_presence,lm_14_x,lm_14_y,lm_14_z,lm_14_visibility,lm_14_presence,lm_15_x,lm_15_y,lm_15_z,lm_15_visibility,lm_15_presence,lm_16_x,lm_16_y,lm_16_z,lm_16_visibility,lm_16_presence,lm_17_x,lm_17_y,lm_17_z,lm_17_visibility,lm_17_presence,lm_18_x,lm_18_y,lm_18_z,lm_18_visibility,lm_18_presence,lm_19_x,lm_19_y,lm_19_z,lm_19_visibility,lm_19_presence,lm_20_x,lm_20_y,lm_20_z,lm_20_visibility,lm_20_presence,lm_21_x,lm_21_y,lm_21_z,lm_21_visibility,lm_21_presence,lm_22_x,lm_22_y,lm_22_z,lm_22_visibility,lm_22_presence,lm_23_x,lm_23_y,lm_23_z,lm_23_visibility,lm_23_presence,lm_24_x,lm_24_y,lm_24_z,lm_24_visibility,lm_24_presence,lm_25_x,lm_25_y,lm_25_z,lm_25_visibility,lm_25_presence,lm_26_x,lm_26_y,lm_26_z,lm_26_visibility,lm_26_presence,lm_27_x,lm_27_y,lm_27_z,lm_27_visibility,lm_27_presence,lm_28_x,lm_28_y,lm_28_z,lm_28_visibility,lm_28_presence,lm_29_x,lm_29_y,lm_29_z,lm_29_visibility,lm_29_presence,lm_30_x,lm_30_y,lm_30_z,lm_30_visibility,lm_30_presence,lm_31_x,lm_31_y,lm_31_z,lm_31_visibility,lm_31_presence,lm_32_x,lm_32_y,lm_32_z,lm_32_visibility,lm_32_presence
0,0,True,0.4161086082458496,0.3085040748119354,0.4465716779232025,0.9999767541885376,0.9999994039535522,0.4060923159122467,0.3031660318374634,0.47115880250930786,0.9999618530273438,0.9999991655349731,0.4042970538139343,0.3031330108642578,0.47127193212509155,0.9999589920043945,0.9999991655349731,0.40192121267318726,0.30286842584609985,0.4714134931564331,0.9999721050262451,0.9999990463256836,0.4131068289279938,0.3022456169128418,0.42641782760620117,0.9999865293502808,0.9999990463256836,0.4126952588558197,0.30190443992614746,0.42611396312713623,0.9999879598617554,0.9999990463256836,0.41216686367988586,0.30128204822540283,0.42633065581321716,0.9999855756759644,0.999998927116394,0.38556477427482605,0.30423682928085327,0.5154940485954285,0.999975323677063,0.9999988079071045,0.3994396924972534,0.3017897605895996,0.3115103244781494,0.9999855756759644,0.9999983310699463,0.41163337230682373,0.31493017077445984,0.46073681116104126,0.9998757839202881,0.9999945163726807,0.41481462121009827,0.31201934814453125,0.40093299746513367,0.9998800754547119,0.9999945163726807,0.3605369031429291,0.3319733142852783,0.5223097205162048,0.9999165534973145,0.9999775886535645,0.40296876430511475,0.32024168968200684,0.12601089477539062,0.9999817609786987,0.9999908208847046,0.38899803161621094,0.3003719449043274,0.5947870016098022,0.2630588412284851,0.9999948740005493,0.4567312002182007,0.2791564166545868,0.13050010800361633,0.9848644137382507,0.9999943971633911,0.4092575013637543,0.2573450803756714,0.6493722200393677,0.55795818567276,0.9999842643737793,0.47707676887512207,0.23591642081737518,0.2922719717025757,0.9556868076324463,0.9999567270278931,0.41427183151245117,0.24632617831230164,0.6741331815719604,0.6521238684654236,0.9999722242355347,0.48241233825683594,0.22770516574382782,0.29172271490097046,0.9418005347251892,0.9999083280563354,0.424865186214447,0.24630212783813477,0.6541749238967896,0.6408990025520325,0.9999648332595825,0.47003284096717834,0.228240966796875,0.31092408299446106,0.9352350831031799,0.9998949766159058,0.4197840094566345,0.24939575791358948,0.6377122402191162,0.6453090310096741,0.9999785423278809,0.4644136130809784,0.23379464447498322,0.30472660064697266,0.9163617491722107,0.9999368190765381,0.32558733224868774,0.42572107911109924,0.13597159087657928,0.9999912977218628,0.9999909400939941,0.33860063552856445,0.41612595319747925,-0.13577409088611603,0.9999895095825195,0.9999939203262329,0.28094106912612915,0.5001233220100403,0.07556787133216858,0.9165111780166626,0.9999635219573975,0.2695128321647644,0.4837873578071594,-0.26733508706092834,0.9855952262878418,0.9999680519104004,0.14577439427375793,0.5107102990150452,-0.014144803397357464,0.9662296772003174,0.9999730587005615,0.11068424582481384,0.4816350042819977,-0.34713444113731384,0.9838532209396362,0.9999704360961914,0.1272924244403839,0.5049725770950317,-0.033006563782691956,0.9878355860710144,0.999972939491272,0.08718347549438477,0.47187691926956177,-0.3592528998851776,0.9878861904144287,0.9999704360961914,0.10861771553754807,0.5336849689483643,-0.09889499098062515,0.9742709994316101,0.9999113082885742,0.05897143855690956,0.5020901560783386,-0.4216781556606293,0.9844405651092529,0.9999208450317383
1,34,True,0.42773154377937317,0.3039585053920746,0.38206207752227783,0.9999717473983765,0.9999905824661255,0.41901808977127075,0.29933884739875793,0.4075033366680145,0.9999540448188782,0.9999864101409912,0.41679686307907104,0.29956933856010437,0.4076310396194458,0.999947190284729,0.9999856948852539,0.4146052598953247,0.2997305691242218,0.4077003598213196,0.9999653100967407,0.9999845027923584,0.42245590686798096,0.29808375239372253,0.3637067675590515,0.9999834895133972,0.9999878406524658,0.42326024174690247,0.29968905448913574,0.36341825127601624,0.999984622001648,0.9999881982803345,0.4227598309516907,0.2990831434726715,0.36360540986061096,0.9999830722808838,0.9999880790710449,0.3988727033138275,0.30240049958229065,0.470703125,0.9999688863754272,0.9999817609786987,0.40778419375419617,0.29893237352371216,0.2728050947189331,0.9999831914901733,0.9999865293502808,0.42271286249160767,0.3112279176712036,0.4043765664100647,0.999851405620575,0.9999423027038574,0.424676775932312,0.3097417950630188,0.34612900018692017,0.9998646378517151,0.9999570846557617,0.37148094177246094,0.3317968249320984,0.5017470717430115,0.9998646378517151,0.9997771382331848,0.40548738837242126,0.3151387572288513,0.09887147694826126,0.9999780058860779,0.9999649524688721,0.4048386812210083,0.2971278429031372,0.5700247883796692,0.25291693210601807,0.9999456405639648,0.46262502670288086,0.2754473090171814,0.10090085119009018,0.9831889867782593,0.9999722242355347,0.44249874353408813,0.2563452124595642,0.6364432573318481,0.5414509177207947,0.9998456239700317,0.483511358499527,0.232696533203125,0.2813809812068939,0.949652373790741,0.9998530149459839,0.44475215673446655,0.24509605765342712,0.6603017449378967,0.6353272795677185,0.9997503161430359,0.48790159821510315,0.22434036433696747,0.27623802423477173,0.9345385432243347,0.9996806383132935,0.4519212543964386,0.2459269016981125,0.6378482580184937,0.623162031173706,0.9996716976165771,0.4805745780467987,0.22527630627155304,0.29862505197525024,0.9273927211761475,0.9996106028556824,0.43686333298683167,0.24891193211078644,0.6229137182235718,0.6305586099624634,0.9997835755348206,0.47593867778778076,0.23058255016803741,0.29382094740867615,0.9100611209869385,0.999772846698761,0.3352675139904022,0.4254380762577057,0.13606348633766174,0.9999834895133972,0.999854326248169,0.34424588084220886,0.4161262512207031,-0.13586343824863434,0.9999858736991882,0.9999357461929321,0.30358612537384033,0.4991722106933594,0.0699264332652092,0.916813850402832,0.9998435974121094,0.28922054171562195,0.49135342240333557,-0.2555086016654968,0.9855329394340515,0.999916672706604,0.17978331446647644,0.5280477404594421,0.0044487593695521355,0.9653701782226562,0.9999114274978638,0.14518879354000092,0.5273436307907104,-0.3401414752006531,0.9841331839561462,0.9999104738235474,0.15546512603759766,0.5367068648338318,-0.010787451639771461,0.987992525100708,0.9999017715454102,0.12715762853622437,0.5132899284362793,-0.35444968938827515,0.9878606796264648,0.9998973608016968,0.16748841106891632,0.5654841661453247,-0.0798511803150177,0.9738965034484863,0.99974125623703,0.12352149933576584,0.5544509887695312,-0.43237778544425964,0.9843279123306274,0.9997522234916687
2,68,True,0.42648977041244507,0.3037053942680359,0.39049258828163147,0.9999540448188782,0.9999839067459106,0.4178077280521393,0.29910117387771606,0.4171845614910126,0.9999289512634277,0.999974250793457,0.41570037603378296,0.29939767718315125,0.417308509349823,0.999911904335022,0.999972939491272,0.4136107265949249,0.2996441423892975,0.4174368679523468,0.9999459385871887,0.9999692440032959,0.4217137098312378,0.29765790700912476,0.37606579065322876,0.9999695420265198,0.99997878074646,0.4227408468723297,0.2978464961051941,0.37578341364860535,0.9999715089797974,0.9999805688858032,0.42262598872184753,0.2972148358821869,0.3759501874446869,0.9999732375144958,0.9999809265136719,0.3973251283168793,0.3018699586391449,0.48195645213127136,0.9999520182609558,0.9999650716781616,0.4068194627761841,0.2975623309612274,0.2859096825122833,0.9999741911888123,0.9999792575836182,0.42287713289260864,0.31042033433914185,0.4134759306907654,0.9997859597206116,0.9999239444732666,0.42426371574401855,0.3089655935764313,0.3583453595638275,0.9998169541358948,0.9999452829360962,0.37037259340286255,0.33560827374458313,0.5037742853164673,0.9998058080673218,0.9996485710144043,0.40519213676452637,0.31481263041496277,0.13219767808914185,0.99997478723526,0.9999628067016602,0.4035852253437042,0.3257831037044525,0.5720149278640747,0.24246759712696075,0.9998021721839905,0.4631738066673279,0.2750703692436218,0.10734675824642181,0.9808357954025269,0.9999690055847168,0.4393371641635895,0.30086877942085266,0.643519401550293,0.5160326957702637,0.9997431635856628,0.48312631249427795,0.23252543807029724,0.31154945492744446,0.9383339285850525,0.999847412109375,0.4301215410232544,0.2928701341152191,0.6670975089073181,0.6078435182571411,0.9996906518936157,0.48807579278945923,0.22431612014770508,0.30766692757606506,0.9183204770088196,0.9996213912963867,0.43641188740730286,0.29456979036331177,0.6453627943992615,0.5951548218727112,0.9995785355567932,0.47954291105270386,0.22599999606609344,0.33222678303718567,0.9097864031791687,0.9995187520980835,0.4347587525844574,0.29710420966148376,0.6304702162742615,0.6045957207679749,0.9996931552886963,0.4747738838195801,0.23145493865013123,0.3226262331008911,0.8959788084030151,0.9997403025627136,0.34261131286621094,0.42379632592201233,0.131276473402977,0.9999630451202393,0.9995020627975464,0.3494351804256439,0.4150267243385315,-0.13122162222862244,0.9999770522117615,0.9998027682304382,0.33260512351989746,0.49948930740356445,0.031823452562093735,0.9166760444641113,0.9996950626373291,0.326888769865036,0.4975060522556305,-0.25672027468681335,0.9854429960250854,0.9998443126678467,0.23405465483665466,0.5800526738166809,-0.09392251074314117,0.9660627245903015,0.9998449087142944,0.21735574305057526,0.5676929950714111,-0.4122358560562134,0.9838190674781799,0.9997681975364685,0.20852647721767426,0.5879457592964172,-0.11669321358203888,0.9884429574012756,0.9998021721839905,0.18609227240085602,0.5726222395896912,-0.43477290868759155,0.9867103695869446,0.9996812343597412,0.2484901398420334,0.6105612516403198,-0.20302064716815948,0.9747114181518555,0.9995817542076111,0.23510876297950745,0.6042183637619019,-0.5330354571342468,0.9834803342819214,0.9994063377380371
3,102,True,0.42957067489624023,0.30365651845932007,0.31365907192230225,0.9999477863311768,0.999990701675415,0.42009636759757996,0.29875579476356506,0.33296501636505127,0.9999217391014099,0.9999815225601196,0.41842299699783325,0.2990013062953949,0.33311790227890015,0.9998981356620789,0.9999802112579346,0.4130421578884125,0.29962366819381714,0.3332515060901642,0.9999377727508545,0.999976634979248,0.4220743477344513,0.2971268892288208,0.2877013385295868,0.999965488910675,0.999984622001648,0.4223159849643707,0.29716283082962036,0.2874828577041626,0.9999662041664124,0.9999852180480957,0.42185190320014954,0.2965923547744751,0.2876291275024414,0.9999701380729675,0.999984622001648,0.3964473307132721,0.30192044377326965,0.38767391443252563,0.9999415874481201,0.9999710321426392,0.4063017666339874,0.29760223627090454,0.182327002286911,0.9999701976776123,0.9999814033508301,0.4224388897418976,0.3102093040943146,0.3358768820762634,0.9997720718383789,0.9999494552612305,0.42380645871162415,0.30889928340911865,0.2755325734615326,0.9998098015785217,0.9999656677246094,0.3692808747291565,0.33551719784736633,0.4468812644481659,0.9997616410255432,0.9996908903121948,0.4047915041446686,0.3149717450141907,0.022625811398029327,0.9999710321426392,0.9999511241912842,0.40685805678367615,0.3186070919036865,0.5557959079742432,0.24531523883342743,0.9999037981033325,0.46296653151512146,0.2752208411693573,-0.01716608740389347,0.9807968139648438,0.999945878982544,0.43872252106666565,0.27162331342697144,0.6125161647796631,0.5198227167129517,0.9998282194137573,0.4830150902271271,0.2325233519077301,0.13921688497066498,0.9382491111755371,0.9998592138290405,0.4454677104949951,0.27142804861068726,0.6354254484176636,0.6096618175506592,0.9997406601905823,0.4886479377746582,0.22282131016254425,0.12530073523521423,0.9173768758773804,0.9996833801269531,0.4526694416999817,0.2703816294670105,0.611601710319519,0.5962699055671692,0.9996539354324341,0.47928541898727417,0.22598521411418915,0.14347152411937714,0.90874844789505,0.9996248483657837,0.44493886828422546,0.26890525221824646,0.598967969417572,0.6078948974609375,0.999756395816803,0.4743712842464447,0.2315102517604828,0.1478981077671051,0.896501362323761,0.9997884631156921,0.3462323248386383,0.42390966415405273,0.13651718199253082,0.9999401569366455,0.9995762705802917,0.35187479853630066,0.41595593094825745,-0.13645121455192566,0.9999679923057556,0.9997640252113342,0.3433130383491516,0.5049723386764526,0.07456416636705399,0.9137577414512634,0.9998227953910828,0.3429296314716339,0.5056267976760864,-0.21123871207237244,0.9847482442855835,0.9998793601989746,0.30078187584877014,0.5855714082717896,0.015221982263028622,0.9659461975097656,0.9999086856842041,0.3005576729774475,0.5892340540885925,-0.328363835811615,0.9834555983543396,0.9998427629470825,0.2751578688621521,0.601245105266571,-0.0005200619925744832,0.9889010787010193,0.9998811483383179,0.2756129503250122,0.6063692569732666,-0.3482215702533722,0.9855244159698486,0.999785840511322,0.3393403887748718,0.614723265171051,-0.0964944064617157,0.9750217795372009,0.9998087286949158,0.35316088795661926,0.621735692024231,-0.5244131684303284,0.9826080799102783,0.9996709823608398
4,136,True,0.4305647909641266,0.302851140499115,0.331033319234848,0.999900221824646,0.9999560117721558,0.4213353395462036,0.2956404387950897,0.34814682602882385,0.999872624874115,0.9999254941940308,0.42007163166999817,0.29560625553131104,0.3482460677623749,0.9998266100883484,0.9999221563339233,0.41724446415901184,0.2971380949020386,0.34832650423049927,0.9998959898948669,0.9999111890792847,0.4221859276294708,0.29491427540779114,0.3030274212360382,0.99993497133255,0.9999322891235352,0.42200860381126404,0.2946741580963135,0.3027536869049072,0.9999308586120605,0.9999344348907471,0.42133575677871704,0.2939665615558624,0.30288711190223694,0.9999470710754395,0.9999302625656128,0.3958626091480255,0.2996896803379059,0.39429953694343567,0.9998876452445984,0.999900221824646,0.40594619512557983,0.29495593905448914,0.19001242518424988,0.999938428401947,0.9999210834503174,0.4222647249698639,0.3089136481285095,0.3507537245750427,0.9996716380119324,0.9998559951782227,0.4245798885822296,0.3082510828971863,0.29051145911216736,0.9997323751449585,0.9998914003372192,0.36822688579559326,0.3320149779319763,0.449817955493927,0.9997109174728394,0.9995482563972473,0.4034922420978546,0.3127298355102539,0.02992149256169796,0.9999635219573975,0.9998687505722046,0.40571004152297974,0.30886155366897583,0.5733731389045715,0.2438199371099472,0.9999048709869385,0.461109459400177,0.2750019431114197,-0.013133641332387924,0.9783027172088623,0.999925971031189,0.4450013339519501,0.26400142908096313,0.6668094396591187,0.5071892738342285,0.9998107552528381,0.4809950590133667,0.23240676522254944,0.1580410897731781,0.9304186105728149,0.9997979998588562,0.44863682985305786,0.2567215859889984,0.6992089152336121,0.5933085083961487,0.9996941089630127,0.48568195104599,0.2230404168367386,0.14940530061721802,0.9077837467193604,0.999560534954071,0.45523375272750854,0.2561212182044983,0.6738131046295166,0.5801482200622559,0.9995890259742737,0.4774361848831177,0.22570295631885529,0.16752855479717255,0.8986892104148865,0.9994656443595886,0.4543517231941223,0.2586616575717926,0.6548081636428833,0.5934123396873474,0.9997143149375916,0.4730490446090698,0.23125073313713074,0.16730043292045593,0.8865442872047424,0.9996905326843262,0.349457323551178,0.42452359199523926,0.13767637312412262,0.999917209148407,0.999534010887146,0.3598816394805908,0.4177885949611664,-0.13763800263404846,0.9999584555625916,0.9996967315673828,0.38008037209510803,0.5083624720573425,0.09480245411396027,0.8806980848312378,0.9995920062065125,0.3882274627685547,0.5065885186195374,-0.1865852326154709,0.9785972237586975,0.9996925592422485,0.400288462638855,0.5822740793228149,0.043613217771053314,0.9461807608604431,0.9996969699859619,0.41450226306915283,0.5884064435958862,-0.28721854090690613,0.9774038791656494,0.9996687173843384,0.3886547088623047,0.59772789478302,0.02963663823902607,0.9831213355064392,0.999612033367157,0.40221524238586426,0.6006535291671753,-0.30375438928604126,0.9803230166435242,0.9995336532592773,0.4478832185268402,0.6048938035964966,-0.05220886692404747,0.9652954936027527,0.9995125532150269,0.46969074010849,0.5998662114143372,-0.42539477348327637,0.9773711562156677,0.9993671774864197
5,170,True,0.433141827583313,0.30066436529159546,0.16887611150741577,0.9998602867126465,0.9998001456260681,0.4233757555484772,0.2946301996707916,0.182698056101799,0.9998362064361572,0.9996500015258789,0.4213647246360779,0.2946733832359314,0.18276336789131165,0.9997717142105103,0.9996272325515747,0.4187277555465698,0.2954502999782562,0.18280525505542755,0.9998616576194763,0.9995697140693665,0.423849493265152,0.29285699129104614,0.13245180249214172,0.9999114871025085,0.9996941089630127,0.42290446162223816,0.29262521862983704,0.13222575187683105,0.9999051690101624,0.9997097849845886,0.42175331711769104,0.29197958111763,0.132290318608284,0.9999300837516785,0.9996980428695679,0.3984263837337494,0.2971947491168976,0.2433152049779892,0.9998488426208496,0.9994736313819885,0.40574583411216736,0.29226037859916687,0.01622043363749981,0.9999146461486816,0.9996684789657593,0.4236263632774353,0.3063977360725403,0.1970595270395279,0.9995855093002319,0.9992684721946716,0.42473217844963074,0.3059973120689392,0.13041622936725616,0.9996776580810547,0.9994819760322571,0.3685709536075592,0.32843396067619324,0.34550678730010986,0.9995414614677429,0.99726402759552,0.3986886441707611,0.3120187222957611,-0.12389837205410004,0.99994295835495,0.9994396567344666,0.4118942618370056,0.2915593087673187,0.5016981363296509,0.24534949660301208,0.9995429515838623,0.4564063251018524,0.2750985026359558,-0.16845963895320892,0.9774342179298401,0.9997170567512512,0.4507320523262024,0.24660174548625946,0.5668529272079468,0.488008975982666,0.9992663264274597,0.4796246290206909,0.23257417976856232,0.021771419793367386,0.9264614582061768,0.9993977546691895,0.4515373706817627,0.2341073453426361,0.5967784523963928,0.564960241317749,0.9988319277763367,0.4854734539985657,0.22298404574394226,0.004509446211159229,0.9021822214126587,0.9987528324127197,0.45618751645088196,0.2353409230709076,0.5653656721115112,0.5532897114753723,0.9985288381576538,0.47792595624923706,0.22562547028064728,0.02654208615422249,0.8933238983154297,0.9985722303390503,0.4561924934387207,0.23992542922496796,0.552186131477356,0.5675188302993774,0.9988853335380554,0.47479748725891113,0.22969476878643036,0.033299341797828674,0.8799346089363098,0.9990792274475098,0.36123257875442505,0.43008655309677124,0.14744913578033447,0.99982088804245,0.9977229237556458,0.37015023827552795,0.426083505153656,-0.14750654995441437,0.9999164938926697,0.9986929297447205,0.433024525642395,0.5147780179977417,0.1532433032989502,0.8166552782058716,0.9969706535339355,0.4477987587451935,0.5038011074066162,-0.1297229826450348,0.9711110591888428,0.9985356330871582,0.46998628973960876,0.5667265057563782,0.22622227668762207,0.8878369331359863,0.9974516034126282,0.48915350437164307,0.5686871409416199,-0.13964171707630157,0.9712930917739868,0.9983090162277222,0.46989068388938904,0.5760197043418884,0.23073260486125946,0.9439248442649841,0.9969629645347595,0.4824778735637665,0.578959584236145,-0.14334668219089508,0.9715918302536011,0.9975672960281372,0.5152755379676819,0.5870985984802246,0.19365297257900238,0.9250355958938599,0.9974367022514343,0.5386418104171753,0.5789006948471069,-0.22402623295783997,0.9708986282348633,0.9970933198928833
6,204,True,0.4303050935268402,0.2978123724460602,0.1777591109275818,0.9998303651809692,0.9997596144676208,0.4190976321697235,0.29122817516326904,0.19236530363559723,0.9998098611831665,0.9995641112327576,0.41735976934432983,0.291237473487854,0.19240932166576385,0.9997305274009705,0.9995379447937012,0.4156953990459442,0.2913610637187958,0.19244174659252167,0.9998391270637512,0.999470055103302,0.41817501187324524,0.290484756231308,0.14384134113788605,0.9998931288719177,0.9996154308319092,0.4168241620063782,0.29027169942855835,0.14362302422523499,0.9998832941055298,0.9996351003646851,0.4153584837913513,0.28978121280670166,0.14369739592075348,0.9999167919158936,0.9996127486228943,0.39592984318733215,0.2948545813560486,0.2541545331478119,0.9998215436935425,0.9993364214897156,0.40091782808303833,0.2916490435600281,0.03480983152985573,0.9998930096626282,0.9995463490486145,0.42048102617263794,0.3035992383956909,0.20560230314731598,0.99952232837677,0.9992613196372986,0.4208277761936188,0.30317872762680054,0.1413598507642746,0.9996367692947388,0.9994438290596008,0.3776351809501648,0.3275168240070343,0.3518773317337036,0.9994655251502991,0.9975696206092834,0.3964904248714447,0.311445951461792,-0.10984443128108978,0.9999247193336487,0.9994027614593506,0.41813912987709045,0.28740859031677246,0.5153744220733643,0.24552476406097412,0.9996174573898315,0.45536285638809204,0.27297282218933105,-0.16648700833320618,0.9766704440116882,0.9998416900634766,0.45488691329956055,0.24363228678703308,0.5891396999359131,0.4695633351802826,0.9993120431900024,0.4793470501899719,0.23249852657318115,0.0320676825940609,0.9220503568649292,0.9995912909507751,0.4636634886264801,0.23319101333618164,0.619784414768219,0.5384280681610107,0.9988382458686829,0.4851078391075134,0.22232885658740997,0.01817162148654461,0.89500492811203,0.999004065990448,0.46469205617904663,0.2333970069885254,0.5893392562866211,0.5282177329063416,0.9985080361366272,0.47802048921585083,0.22527654469013214,0.040027815848588943,0.8861926198005676,0.9988216757774353,0.4629819691181183,0.23816439509391785,0.5748910307884216,0.5435473918914795,0.9989120960235596,0.47470957040786743,0.22956538200378418,0.0431949757039547,0.8719689249992371,0.999298095703125,0.3760986030101776,0.4334026873111725,0.14681699872016907,0.9997702836990356,0.9983431100845337,0.383768767118454,0.4290238320827484,-0.14689520001411438,0.9998871684074402,0.9989503026008606,0.4746696949005127,0.500951886177063,0.15632763504981995,0.761679470539093,0.9969700574874878,0.482737272977829,0.4827657639980316,-0.12316063046455383,0.9629267454147339,0.9982343912124634,0.5227521061897278,0.5399544835090637,0.21197977662086487,0.8384807705879211,0.9973184466362,0.536916971206665,0.5612374544143677,-0.12689486145973206,0.9640507102012634,0.9977918863296509,0.5188193321228027,0.553682267665863,0.21490997076034546,0.9093402624130249,0.9969051480293274,0.5483299493789673,0.5655323266983032,-0.12937499582767487,0.9614533185958862,0.9970316886901855,0.565689742565155,0.5435873866081238,0.1823044717311859,0.8915627598762512,0.9971854090690613,0.609463095664978,0.5529330968856812,-0.20084698498249054,0.9637643098831177,0.9967092275619507
7,238,True,0.42991235852241516,0.2966836094856262,0.08832971006631851,0.999769926071167,0.9991311430931091,0.4202418327331543,0.2900223433971405,0.10300688445568085,0.9997630715370178,0.9987859129905701,0.4187856912612915,0.2900030314922333,0.10300472378730774,0.9996492266654968,0.9987183809280396,0.4175022542476654,0.2899331748485565,0.10296158492565155,0.9997977614402771,0.9985570311546326,0.41888266801834106,0.28959816694259644,0.05427512526512146,0.9998498558998108,0.9988381266593933,0.41728559136390686,0.28939762711524963,0.054120879620313644,0.9998239278793335,0.9988312125205994,0.4156751036643982,0.2890193462371826,0.05415725335478783,0.9998816847801208,0.9987456798553467,0.39701569080352783,0.2927820086479187,0.1715431958436966,0.9997701644897461,0.9979318380355835,0.40097224712371826,0.29108765721321106,-0.04965013265609741,0.9998341202735901,0.998231828212738,0.4222713112831116,0.30145519971847534,0.11909206956624985,0.9993889927864075,0.9964280724525452,0.4217023551464081,0.3011741638183594,0.05442861467599869,0.9995157718658447,0.9968982934951782,0.38250020146369934,0.3217029273509979,0.27316898107528687,0.9992145895957947,0.9906623959541321,0.39410310983657837,0.31124556064605713,-0.17125831544399261,0.9998252391815186,0.9970393776893616,0.42396625876426697,0.28257274627685547,0.3981822431087494,0.24345432221889496,0.9982085227966309,0.452289879322052,0.2712929844856262,-0.26035618782043457,0.9763240218162537,0.9993311166763306,0.4535750448703766,0.24204032123088837,0.38320648670196533,0.4515048563480377,0.9969387054443359,0.47519248723983765,0.23266787827014923,-0.11707251518964767,0.9213449954986572,0.9978988170623779,0.4575999677181244,0.23398956656455994,0.39922967553138733,0.5140209197998047,0.9958149790763855,0.48185980319976807,0.2222483605146408,-0.1443195343017578,0.8926908373832703,0.9960099458694458,0.4626818299293518,0.23408877849578857,0.3686619699001312,0.5055209398269653,0.9950449466705322,0.47734490036964417,0.2252792865037918,-0.11539316922426224,0.8842143416404724,0.9957242012023926,0.4607272148132324,0.23881220817565918,0.3672291338443756,0.5215640664100647,0.9959079027175903,0.4744986593723297,0.22966381907463074,-0.10369785875082016,0.8690794706344604,0.9970596432685852,0.3994694650173187,0.432869017124176,0.1452871412038803,0.9996069073677063,0.9961198568344116,0.4058186709880829,0.4294482171535492,-0.14536960422992706,0.9997703433036804,0.9974265694618225,0.524300217628479,0.47934088110923767,0.18012334406375885,0.7138317823410034,0.990911602973938,0.5390936732292175,0.47585535049438477,-0.10597679018974304,0.959052324295044,0.9928081035614014,0.5621790885925293,0.5098093748092651,0.2843939960002899,0.7867569923400879,0.9906150102615356,0.5700885653495789,0.5190743803977966,-0.026034865528345108,0.955405056476593,0.9897304773330688,0.554912805557251,0.5143059492111206,0.29273521900177,0.8684783577919006,0.9895601272583008,0.5571132898330688,0.525058388710022,-0.019343186169862747,0.9489372968673706,0.9886504411697388,0.5836422443389893,0.5102828741073608,0.27726754546165466,0.8529362082481384,0.9914125204086304,0.5944741368293762,0.5183185338973999,-0.05684145167469978,0.9549915790557861,0.9890608787536621
8,272,True,0.4260263741016388,0.2895987629890442,-0.0006371302879415452,0.9997449517250061,0.9996910095214844,0.4144209623336792,0.2853969633579254,0.006557392422109842,0.999753475189209,0.9997358918190002,0.4123273193836212,0.2853056788444519,0.00650179386138916,0.999639630317688,0.9997461438179016,0.4102204144001007,0.28511843085289,0.006412968505173922,0.9997857213020325,0.9997385144233704,0.41490742564201355,0.28591662645339966,-0.03998052701354027,0.9998315572738647,0.9996882677078247,0.4140002727508545,0.2861621677875519,-0.04007628187537193,0.9998037815093994,0.9996638298034668,0.412855863571167,0.28623324632644653,-0.04008450359106064,0.9998579621315002,0.9996292591094971,0.39017578959465027,0.2893224358558655,0.059683576226234436,0.9997628331184387,0.999734103679657,0.3999107778072357,0.2897554039955139,-0.15137998759746552,0.9998030662536621,0.9995447993278503,0.4211570620536804,0.2959088385105133,0.026639867573976517,0.9993513822555542,0.9991205334663391,0.42149782180786133,0.2967452108860016,-0.03491049259901047,0.999430775642395,0.9989769458770752,0.3807993531227112,0.3166404068470001,0.18536697328090668,0.9991271495819092,0.998441755771637,0.40113770961761475,0.31058239936828613,-0.25804418325424194,0.9997473359107971,0.9983121156692505,0.42285725474357605,0.28315919637680054,0.33993667364120483,0.25629371404647827,0.9991662502288818,0.4535020589828491,0.27210405468940735,-0.32127678394317627,0.9754129648208618,0.9990930557250977,0.44930124282836914,0.24491021037101746,0.32451707124710083,0.4566132724285126,0.9973825812339783,0.4768005311489105,0.23250070214271545,-0.21761734783649445,0.9216535091400146,0.9966591596603394,0.4487161338329315,0.23591749370098114,0.3391553461551666,0.5141233205795288,0.9964152574539185,0.48188087344169617,0.22238969802856445,-0.2608606815338135,0.8926917910575867,0.9952253103256226,0.44876953959465027,0.2360861599445343,0.297882616519928,0.5078505277633667,0.9960336089134216,0.476535826921463,0.22529447078704834,-0.23434513807296753,0.8847476243972778,0.9953215718269348,0.44978705048561096,0.2407388985157013,0.3058622181415558,0.5231944918632507,0.9966816306114197,0.4742090404033661,0.22866186499595642,-0.20612852275371552,0.8686055541038513,0.9961757659912109,0.4180651903152466,0.4282851219177246,0.14860054850578308,0.9995675683021545,0.9993127584457397,0.4427488148212433,0.42837128043174744,-0.1484563797712326,0.9997389912605286,0.999407172203064,0.539559543132782,0.44021791219711304,0.28513675928115845,0.6676242351531982,0.9974076151847839,0.5826991200447083,0.4502900540828705,-0.08361896872520447,0.9563490152359009,0.9966373443603516,0.5519790649414062,0.48234838247299194,0.41589266061782837,0.7434573173522949,0.9970093369483948,0.571293294429779,0.4877864420413971,0.07916132360696793,0.9473840594291687,0.9967063069343567,0.5461044907569885,0.4881296753883362,0.4279783368110657,0.8347523212432861,0.9967971444129944,0.547025740146637,0.49733680486679077,0.09703314304351807,0.9412135481834412,0.9970448613166809,0.5743664503097534,0.48942360281944275,0.449436217546463,0.8165081739425659,0.9967553019523621,0.5838302373886108,0.505077600479126,0.11643367260694504,0.9455798268318176,0.9964924454689026
9,306,True,0.42647284269332886,0.29042893648147583,-0.08448680490255356,0.9997079372406006,0.9994088411331177,0.4145808219909668,0.2863543927669525,-0.07098976522684097,0.9997279644012451,0.999504566192627,0.4123497009277344,0.2860034108161926,-0.07105578482151031,0.9996143579483032,0.999518632888794,0.41024601459503174,0.28586745262145996,-0.0711524710059166,0.9997565746307373,0.9995064735412598,0.4151611626148224,0.28676772117614746,-0.12076692283153534,0.9997966289520264,0.9994422793388367,0.4142951965332031,0.2869831919670105,-0.12084191292524338,0.9997687339782715,0.9994063377380371,0.4131903648376465,0.2870265543460846,-0.12085220217704773,0.9998151659965515,0.999360978603363,0.39240938425064087,0.2898339331150055,0.009383101016283035,0.9997383952140808,0.9995287656784058,0.4007434546947479,0.2901739478111267,-0.21567320823669434,0.9997547268867493,0.9992550015449524,0.42126354575157166,0.29663529992103577,-0.0479823499917984,0.9992892742156982,0.9983433485031128,0.4219615161418915,0.2974933981895447,-0.11367958784103394,0.9993166923522949,0.998045802116394,0.3812882602214813,0.31653016805648804,0.14115092158317566,0.998950719833374,0.9964955449104309,0.40424224734306335,0.3165830969810486,-0.3103371560573578,0.9995707273483276,0.996241569519043,0.42247721552848816,0.28380289673805237,0.2730548083782196,0.2527770400047302,0.9964264035224915,0.4567800760269165,0.2743942141532898,-0.3798997104167938,0.9753081202507019,0.9970391988754272,0.4377111792564392,0.24579541385173798,0.23260906338691711,0.441243439912796,0.9884911775588989,0.47407785058021545,0.23744681477546692,-0.26869985461235046,0.9230649471282959,0.9844326972961426,0.43471819162368774,0.23744873702526093,0.24006542563438416,0.4947466552257538,0.9871087670326233,0.47316741943359375,0.2270924597978592,-0.3121086061000824,0.8938051462173462,0.9803495407104492,0.43465834856033325,0.23813331127166748,0.2051655650138855,0.4901181161403656,0.9859483242034912,0.46358588337898254,0.23229467868804932,-0.29512396454811096,0.8865211009979248,0.9799720644950867,0.43727603554725647,0.24373957514762878,0.21521316468715668,0.5056796073913574,0.9863296151161194,0.4632982909679413,0.23474974930286407,-0.2608321011066437,0.8691836595535278,0.9823490977287292,0.4516066610813141,0.4222692847251892,0.14809204638004303,0.9994412064552307,0.9978955984115601,0.4583449959754944,0.4279814660549164,-0.14791938662528992,0.999632716178894,0.9979421496391296,0.5682219862937927,0.4119284749031067,0.2562715411186218,0.6270409226417542,0.9956473708152771,0.6053457260131836,0.4294132590293884,-0.12034844607114792,0.9507207870483398,0.992113471031189,0.5680413246154785,0.4601529538631439,0.40842196345329285,0.695271372795105,0.9963830709457397,0.5763235092163086,0.4771525263786316,0.09322930127382278,0.9281530380249023,0.9954221844673157,0.5593660473823547,0.46673935651779175,0.4224052131175995,0.7913941144943237,0.9964674711227417,0.5586602687835693,0.48121458292007446,0.1181805208325386,0.9225075840950012,0.9962975382804871,0.593515932559967,0.4698111414909363,0.4649050831794739,0.7713347673416138,0.9960160851478577,0.5980643630027771,0.4961291253566742,0.17371660470962524,0.9266786575317383,0.9958218336105347
10,340,True,0.42643025517463684,0.28911179304122925,-0.07572195678949356,0.999696671962738,0.9993690848350525,0.41454318165779114,0.28579947352409363,-0.06945374608039856,0.9997208118438721,0.9994910955429077,0.41233864426612854,0.285708487033844,-0.06958091259002686,0.9996134042739868,0.9995476603507996,0.41022804379463196,0.28570646047592163,-0.06971294432878494,0.9997482299804688,0.9995750784873962,0.4158608317375183,0.28559640049934387,-0.1141679435968399,0.9997823238372803,0.9993019104003906,0.4153529703617096,0.28567880392074585,-0.11422106623649597,0.9997550845146179,0.999230146408081,0.41475677490234375,0.2856891453266144,-0.11421553045511246,0.999792218208313,0.9991315007209778,0.39404165744781494,0.28954455256462097,-0.00917869620025158,0.999738872051239,0.999687671661377,0.4032391309738159,0.29033058881759644,-0.21106860041618347,0.9997351169586182,0.999140739440918,0.4235246777534485,0.29539433121681213,-0.04550151899456978,0.9992995262145996,0.9991875290870667,0.42535829544067383,0.29580962657928467,-0.10443699359893799,0.9992932081222534,0.9988597631454468,0.3857472240924835,0.31744110584259033,0.13346929848194122,0.998945415019989,0.9988707900047302,0.4225303530693054,0.31491151452064514,-0.3057638704776764,0.9995130896568298,0.9971004128456116,0.43068352341651917,0.28710827231407166,0.29001349210739136,0.2628720700740814,0.9976927042007446,0.4710487425327301,0.2767748236656189,-0.3587348461151123,0.9737798571586609,0.9939430356025696,0.4440484642982483,0.24643230438232422,0.2898028492927551,0.4485725462436676,0.991772472858429,0.4770171642303467,0.23737502098083496,-0.25842076539993286,0.9228576421737671,0.9833645224571228,0.43848809599876404,0.23830285668373108,0.3068404197692871,0.49728015065193176,0.9890698194503784,0.47408348321914673,0.2274034321308136,-0.29904255270957947,0.8935566544532776,0.9804107546806335,0.4358654320240021,0.23893940448760986,0.268549382686615,0.4944345951080322,0.988598108291626,0.4641474783420563,0.23171284794807434,-0.27881094813346863,0.8868282437324524,0.9814218282699585,0.44016212224960327,0.2431587278842926,0.2723056674003601,0.5103003978729248,0.9897527694702148,0.4646396338939667,0.23448428511619568,-0.24936063587665558,0.8681004643440247,0.9831517934799194,0.4629642963409424,0.41729193925857544,0.14773067831993103,0.9992068409919739,0.9963018894195557,0.4858158528804779,0.42135387659072876,-0.14756590127944946,0.9993937015533447,0.9943128824234009,0.5469840168952942,0.3778320252895355,0.2663992643356323,0.5817503929138184,0.9939152598381042,0.5919780135154724,0.39079830050468445,-0.11000186204910278,0.9419237375259399,0.9870058298110962,0.565952479839325,0.42498883605003357,0.4422064423561096,0.6462903618812561,0.990580141544342,0.5783296227455139,0.4376574158668518,0.12162502855062485,0.9055708646774292,0.9857327342033386,0.5625244975090027,0.43264126777648926,0.4609464108943939,0.7471136450767517,0.9905911087989807,0.5662145614624023,0.4427505135536194,0.14853204786777496,0.9016293287277222,0.9882152080535889,0.590748131275177,0.4316290020942688,0.515162467956543,0.722853422164917,0.990066647529602,0.600335419178009,0.4510774612426758,0.20023109018802643,0.9011549949645996,0.9872459173202515
11,374,True,0.4327981173992157,0.29003751277923584,-0.06913484632968903,0.9996901750564575,0.9997561573982239,0.4224238395690918,0.28650009632110596,-0.06647902727127075,0.9997115731239319,0.9997596144676208,0.4202733635902405,0.2863937020301819,-0.0665617436170578,0.9996086359024048,0.9997748732566833,0.41812020540237427,0.2864183485507965,-0.06664718687534332,0.9997377991676331,0.9997745156288147,0.4270744025707245,0.28624454140663147,-0.10684628784656525,0.9997689723968506,0.9997026324272156,0.42796093225479126,0.2863047122955322,-0.10690555721521378,0.9997332692146301,0.9996784925460815,0.428786963224411,0.2862526476383209,-0.10689166188240051,0.9997691512107849,0.9996367692947388,0.40807992219924927,0.28985869884490967,-0.023584570735692978,0.9997317790985107,0.99982750415802,0.4235020875930786,0.29082974791526794,-0.20637688040733337,0.9997189044952393,0.9996563196182251,0.43167176842689514,0.29547804594039917,-0.0454966276884079,0.999302864074707,0.9995953440666199,0.43667635321617126,0.29644179344177246,-0.09886078536510468,0.9992717504501343,0.9994788765907288,0.3953370451927185,0.31773024797439575,0.09697647392749786,0.9989029169082642,0.9985890984535217,0.4429091513156891,0.3150312304496765,-0.28958407044410706,0.9994522333145142,0.9976233839988708,0.42372792959213257,0.28796106576919556,0.2744799554347992,0.2616043984889984,0.9967742562294006,0.4827338755130768,0.27793580293655396,-0.31902721524238586,0.9695597290992737,0.9956148862838745,0.42494162917137146,0.24859312176704407,0.3087999224662781,0.4376642107963562,0.9888694286346436,0.48145899176597595,0.23695287108421326,-0.20493853092193604,0.9153500199317932,0.9890652894973755,0.42240193486213684,0.23911161720752716,0.3276636004447937,0.48433175683021545,0.9856495261192322,0.47517281770706177,0.22731328010559082,-0.24119925498962402,0.8836740255355835,0.9866015315055847,0.42380285263061523,0.23923034965991974,0.28548526763916016,0.4831711947917938,0.9847992658615112,0.46441903710365295,0.2315623015165329,-0.22422249615192413,0.8773239254951477,0.9871686697006226,0.4275428056716919,0.24395713210105896,0.29134419560432434,0.4995003938674927,0.986722469329834,0.4669059216976166,0.23383882641792297,-0.1971074640750885,0.8572394251823425,0.9888650178909302,0.4776298403739929,0.4087446630001068,0.13741792738437653,0.9987684488296509,0.9932066202163696,0.5071866512298584,0.4142189919948578,-0.13731591403484344,0.9991919994354248,0.9933356046676636,0.5383069515228271,0.3447019159793854,0.26803815364837646,0.5448351502418518,0.9934850335121155,0.589245080947876,0.3675018846988678,-0.0754537358880043,0.9387458562850952,0.9887990355491638,0.5738279223442078,0.36768344044685364,0.4384438395500183,0.6139637231826782,0.9891229271888733,0.5978376865386963,0.41744059324264526,0.12666447460651398,0.8948516249656677,0.9842380881309509,0.5800446271896362,0.37379512190818787,0.45674195885658264,0.7217230796813965,0.9883975386619568,0.5946982502937317,0.42458590865135193,0.14941252768039703,0.8914872407913208,0.9845571517944336,0.5826908946037292,0.3630829155445099,0.4885924458503723,0.6947793364524841,0.9896433353424072,0.6115677952766418,0.422069251537323,0.16671375930309296,0.8893208503723145,0.983632504940033
12,408,True,0.442438542842865,0.29054003953933716,-0.04744575917720795,0.9996923804283142,0.9997819066047668,0.43322354555130005,0.2872423529624939,-0.04445447027683258,0.9997161030769348,0.99980229139328,0.431130975484848,0.2873218059539795,-0.04454735666513443,0.9996219277381897,0.9998212456703186,0.4289596974849701,0.2874238193035126,-0.04463379830121994,0.9997407793998718,0.9998268485069275,0.43855729699134827,0.2874724268913269,-0.08515974134206772,0.9997689723968506,0.9997361302375793,0.4394700825214386,0.28748995065689087,-0.08523786067962646,0.9997369050979614,0.9997077584266663,0.4403778612613678,0.28750649094581604,-0.08522690087556839,0.999763011932373,0.9996695518493652,0.41758233308792114,0.29201775789260864,-0.004082233179360628,0.9997383952140808,0.999885082244873,0.4355442523956299,0.29254215955734253,-0.18900538980960846,0.9997153282165527,0.9997237324714661,0.4430035948753357,0.2957645058631897,-0.025231467559933662,0.999329149723053,0.9997885823249817,0.4471563994884491,0.29674088954925537,-0.07913803309202194,0.9992753863334656,0.999703586101532,0.40493953227996826,0.318072646856308,0.11396168917417526,0.9989480376243591,0.9995890259742737,0.45858633518218994,0.31518465280532837,-0.27374500036239624,0.9994562864303589,0.9990943670272827,0.42776477336883545,0.2888219952583313,0.28630682826042175,0.25973960757255554,0.9985477328300476,0.49455273151397705,0.2778635323047638,-0.3035949468612671,0.96797776222229,0.9979985356330872,0.426388680934906,0.2504645586013794,0.3288865387439728,0.4362446963787079,0.9942552447319031,0.48482245206832886,0.23658642172813416,-0.19618356227874756,0.914699912071228,0.9927685260772705,0.4244772493839264,0.24079473316669464,0.35074204206466675,0.4824598431587219,0.9920722842216492,0.4818514883518219,0.22714579105377197,-0.2340567708015442,0.8827537298202515,0.9900659322738647,0.4265904426574707,0.2401094138622284,0.30863866209983826,0.4830472767353058,0.9914810657501221,0.47295257449150085,0.22994700074195862,-0.2170192450284958,0.876943051815033,0.9907214641571045,0.4296307861804962,0.24430222809314728,0.3118281364440918,0.49941280484199524,0.9927724003791809,0.475739449262619,0.23278188705444336,-0.18900759518146515,0.8555772304534912,0.9919641017913818,0.5009298920631409,0.40805500745773315,0.1346644014120102,0.9986699223518372,0.9971485733985901,0.5379205346107483,0.4092574119567871,-0.13452933728694916,0.9991077780723572,0.9971374273300171,0.5478112101554871,0.34897318482398987,0.26745492219924927,0.506130039691925,0.9976345300674438,0.6015065908432007,0.3525238633155823,-0.08540365844964981,0.9290791749954224,0.9956679344177246,0.5781581401824951,0.3950726389884949,0.42603781819343567,0.5767011046409607,0.9960959553718567,0.596966028213501,0.4001085162162781,0.1340390294790268,0.8777561783790588,0.9964498281478882,0.5799638628959656,0.4024270176887512,0.44314032793045044,0.6857090592384338,0.9962230920791626,0.5897179245948792,0.40565791726112366,0.16013021767139435,0.8793491125106812,0.997249186038971,0.5924628973007202,0.401886522769928,0.4925997853279114,0.6576380133628845,0.9957318902015686,0.609711766242981,0.4120219349861145,0.21775832772254944,0.8714293241500854,0.9965083003044128
13,442,True,0.4629225730895996,0.2931693196296692,-0.08252441883087158,0.9996920824050903,0.9997995495796204,0.45418718457221985,0.29091888666152954,-0.0740036740899086,0.999714195728302,0.9997860789299011,0.4524436593055725,0.2911030352115631,-0.07409460097551346,0.9996258616447449,0.9998002648353577,0.4506904184818268,0.2911989390850067,-0.07417358458042145,0.9997383952140808,0.9998010993003845,0.4572056531906128,0.2909884452819824,-0.1164979636669159,0.9997650980949402,0.999725878238678,0.4575890004634857,0.29104965925216675,-0.11657842248678207,0.9997334480285645,0.99969482421875,0.4579383432865143,0.2911143898963928,-0.11655810475349426,0.9997527599334717,0.9996527433395386,0.4377381205558777,0.29509294033050537,-0.020454170182347298,0.9997326731681824,0.9998600482940674,0.45190101861953735,0.29658395051956177,-0.21405361592769623,0.9997028112411499,0.9997045397758484,0.4619119465351105,0.2979958653450012,-0.05702175945043564,0.9993529319763184,0.9997795224189758,0.46529099345207214,0.29965293407440186,-0.11342503130435944,0.9992812275886536,0.9996829032897949,0.4257957935333252,0.3194694519042969,0.08716216683387756,0.9989844560623169,0.9994538426399231,0.4702630341053009,0.3182707130908966,-0.2923274040222168,0.9994510412216187,0.9989452958106995,0.44089728593826294,0.2889947295188904,0.210782989859581,0.2568458616733551,0.9972561001777649,0.5017171502113342,0.2778151035308838,-0.3327959179878235,0.9676498174667358,0.9973267316818237,0.4270627796649933,0.2506565451622009,0.18337279558181763,0.4360877573490143,0.9899388551712036,0.48642751574516296,0.23655486106872559,-0.23231472074985504,0.9165648221969604,0.989676296710968,0.4285934865474701,0.24050267040729523,0.19280840456485748,0.4818035066127777,0.9869053959846497,0.481264591217041,0.2271302044391632,-0.2717473804950714,0.8842377662658691,0.9856629967689514,0.4283944368362427,0.2397773712873459,0.15412941575050354,0.48379209637641907,0.9860548377037048,0.47372081875801086,0.22838819026947021,-0.25675973296165466,0.8789360523223877,0.9868883490562439,0.4349849224090576,0.24364595115184784,0.1653721034526825,0.49993136525154114,0.9874869585037231,0.47732552886009216,0.23198454082012177,-0.22596831619739532,0.8563057780265808,0.9885597825050354,0.5266214609146118,0.40159502625465393,0.13179686665534973,0.9984365105628967,0.9935293793678284,0.5647178888320923,0.403865247964859,-0.1316545307636261,0.9989127516746521,0.9936610460281372,0.553446352481842,0.3300049901008606,0.24812878668308258,0.46920713782310486,0.9965092539787292,0.607844352722168,0.33808231353759766,-0.11614267528057098,0.9193071126937866,0.9936184883117676,0.584173858165741,0.37201938033103943,0.3918878436088562,0.5339993834495544,0.994159460067749,0.604324996471405,0.3787282407283783,0.10258526355028152,0.8482245802879333,0.9940073490142822,0.5868933796882629,0.3791077733039856,0.4096166789531708,0.6411724090576172,0.994453489780426,0.5986453294754028,0.38434433937072754,0.1300598531961441,0.8553308844566345,0.9953538179397583,0.5940504670143127,0.37662142515182495,0.4617293179035187,0.6137604713439941,0.9944717884063721,0.6141549944877625,0.38879314064979553,0.19666612148284912,0.8433137536048889,0.9950147271156311
14,476,True,0.4674000144004822,0.29474955797195435,-0.032296378165483475,0.9997074007987976,0.9999148845672607,0.45885589718818665,0.2929401993751526,-0.033870793879032135,0.9997254014015198,0.9999042749404907,0.45628389716148376,0.29355674982070923,-0.033986397087574005,0.9996450543403625,0.9999114274978638,0.4532511532306671,0.29325467348098755,-0.03408398479223251,0.9997469782829285,0.999913215637207,0.46363356709480286,0.2922591269016266,-0.07124689966440201,0.9997745156288147,0.9998719692230225,0.4648922085762024,0.29209333658218384,-0.07134360074996948,0.9997454881668091,0.9998561143875122,0.4661732614040375,0.2919538617134094,-0.07131727784872055,0.9997577667236328,0.9998339414596558,0.44459646940231323,0.3003399968147278,-0.020053274929523468,0.99974524974823,0.9999420642852783,0.4650939106941223,0.297141969203949,-0.18697278201580048,0.9997139573097229,0.9998726844787598,0.4664638936519623,0.29983702301979065,-0.01792224682867527,0.9993937611579895,0.9999233484268188,0.47214028239250183,0.2999638617038727,-0.06763503700494766,0.9993197321891785,0.9998915195465088,0.4334871172904968,0.3246110677719116,0.07655485719442368,0.9990623593330383,0.9998433589935303,0.49256181716918945,0.31567618250846863,-0.2658687233924866,0.9994896650314331,0.9997406601905823,0.43749216198921204,0.29418352246284485,0.2273688167333603,0.2650601863861084,0.9991752505302429,0.5092511177062988,0.2759477496147156,-0.2967040240764618,0.9649898409843445,0.999212384223938,0.4249924421310425,0.2534169554710388,0.24211008846759796,0.4535180926322937,0.9961457252502441,0.48614388704299927,0.23642297089099884,-0.20760224759578705,0.916280210018158,0.9977021813392639,0.4256044030189514,0.24439695477485657,0.24889378249645233,0.4966738522052765,0.9939529299736023,0.4761037230491638,0.22825519740581512,-0.25252440571784973,0.883281409740448,0.9964286684989929,0.4267229437828064,0.2432931661605835,0.20796319842338562,0.4994915723800659,0.993668258190155,0.47183936834335327,0.22862689197063446,-0.23795880377292633,0.8785027861595154,0.9967431426048279,0.431122362613678,0.2452099621295929,0.2239888310432434,0.5152531266212463,0.9949865341186523,0.469914972782135,0.23344144225120544,-0.20252519845962524,0.8557020425796509,0.9972363710403442,0.5545503497123718,0.39931613206863403,0.12320693582296371,0.9984322190284729,0.9971764087677002,0.595445990562439,0.390503466129303,-0.12309199571609497,0.9989110827445984,0.997745931148529,0.5505425333976746,0.3258119523525238,0.3043539226055145,0.4351954758167267,0.997967541217804,0.6128366589546204,0.3210570216178894,-0.0176113061606884,0.9050501585006714,0.9970346689224243,0.5754328370094299,0.3532434105873108,0.5031507015228271,0.5065215229988098,0.9966675639152527,0.6024765372276306,0.35405251383781433,0.2358020395040512,0.8349148631095886,0.9977825284004211,0.5796201229095459,0.3556908965110779,0.5243896245956421,0.6150342226028442,0.9966128468513489,0.5970102548599243,0.35711586475372314,0.26484373211860657,0.8484368920326233,0.998245358467102,0.5781377553939819,0.36258387565612793,0.5518897771835327,0.5870468616485596,0.996309220790863,0.6042441725730896,0.3685991168022156,0.2998237907886505,0.8322191834449768,0.9976632595062256
15,510,True,0.4759751558303833,0.2958100438117981,-0.11671239137649536,0.9997220039367676,0.9999449253082275,0.4663769602775574,0.2941419780254364,-0.12486540526151657,0.9997409582138062,0.9998745918273926,0.46426552534103394,0.2946956753730774,-0.12487845122814178,0.9996653199195862,0.9998636245727539,0.4620151221752167,0.29477936029434204,-0.12487916648387909,0.9997579455375671,0.9998477697372437,0.4712877869606018,0.2930050492286682,-0.16335457563400269,0.9997861981391907,0.9998730421066284,0.47222498059272766,0.292763888835907,-0.16342030465602875,0.9997581839561462,0.9998605251312256,0.4732201397418976,0.2925388216972351,-0.16339024901390076,0.9997689723968506,0.9998403787612915,0.45300018787384033,0.30177825689315796,-0.12956850230693817,0.9997434020042419,0.9996825456619263,0.4697531759738922,0.2978207468986511,-0.30610495805740356,0.9997227191925049,0.9996851682662964,0.4751264452934265,0.30155128240585327,-0.11319950222969055,0.9994310736656189,0.999642014503479,0.48045411705970764,0.30073922872543335,-0.16412462294101715,0.9993585348129272,0.9996082186698914,0.4493803381919861,0.3292636275291443,-0.009379788301885128,0.99892657995224,0.9951826930046082,0.5030402541160583,0.3154276907444,-0.34290266036987305,0.9993094801902771,0.9974642992019653,0.4382479786872864,0.29410117864608765,0.128602534532547,0.26183420419692993,0.9989207983016968,0.510156512260437,0.2725234627723694,-0.36971160769462585,0.9639233946800232,0.9994232654571533,0.425676167011261,0.25404882431030273,0.08181164413690567,0.45217782258987427,0.9986423850059509,0.4858132600784302,0.2363707721233368,-0.28812986612319946,0.9187048673629761,0.9991047978401184,0.42341092228889465,0.24549055099487305,0.05917518958449364,0.48908481001853943,0.9980841875076294,0.4739651679992676,0.22891826927661896,-0.35194459557533264,0.8842648863792419,0.9985613226890564,0.4263606667518616,0.24537162482738495,0.013110492378473282,0.49308204650878906,0.9977260231971741,0.47081413865089417,0.22891020774841309,-0.345553457736969,0.8799164295196533,0.9986261129379272,0.4317776560783386,0.245319202542305,0.05565697327256203,0.5146934390068054,0.9980870485305786,0.46994748711586,0.2333691120147705,-0.2888094484806061,0.8589833378791809,0.9988464117050171,0.5758534073829651,0.39165550470352173,0.10508312284946442,0.9983800649642944,0.9958861470222473,0.6086369752883911,0.38071441650390625,-0.10485104471445084,0.9987982511520386,0.9976724982261658,0.5161702632904053,0.3282845616340637,0.11548012495040894,0.40758103132247925,0.9975652694702148,0.6095015406608582,0.30143076181411743,-0.08425971120595932,0.8964144587516785,0.9980213642120361,0.45890358090400696,0.2832034230232239,0.25168201327323914,0.5029887557029724,0.9988452196121216,0.529624342918396,0.2496022880077362,0.07385776191949844,0.8397330641746521,0.9991804957389832,0.46333858370780945,0.27210912108421326,0.2583213448524475,0.6051617860794067,0.9985841512680054,0.5331375002861023,0.24246349930763245,0.07368604093790054,0.8493427634239197,0.9991243481636047,0.41423675417900085,0.2802981436252594,0.11236060410737991,0.5966669321060181,0.9983798265457153,0.48609620332717896,0.23783645033836365,-0.09624017030000687,0.8405225276947021,0.9986968636512756
16,544,True,0.47726860642433167,0.2957988381385803,-0.08499829471111298,0.9997139573097229,0.9998295307159424,0.4671311378479004,0.29404914379119873,-0.09440860897302628,0.9997391700744629,0.9996525049209595,0.46489524841308594,0.294566810131073,-0.09441493451595306,0.9996668696403503,0.9996353387832642,0.46143874526023865,0.2948639988899231,-0.09443097561597824,0.9997506737709045,0.9996015429496765,0.47271496057510376,0.29297971725463867,-0.12837542593479156,0.9997820258140564,0.9996492862701416,0.47394484281539917,0.29269829392433167,-0.1284267157316208,0.9997530579566956,0.9996259212493896,0.47506192326545715,0.2923566699028015,-0.12840624153614044,0.999762773513794,0.9995834231376648,0.4556490182876587,0.3013467490673065,-0.10676271468400955,0.9997118711471558,0.9992305040359497,0.47361230850219727,0.2977059483528137,-0.26098668575286865,0.9997094869613647,0.9992567896842957,0.4764092266559601,0.3015519082546234,-0.08340684324502945,0.9994365572929382,0.9992282390594482,0.4827885627746582,0.3004538416862488,-0.12839139997959137,0.9993627071380615,0.9991878867149353,0.4555031955242157,0.3287461996078491,0.0003700857632793486,0.9987765550613403,0.9940444827079773,0.5103946328163147,0.3115963339805603,-0.29902198910713196,0.999191164970398,0.997534990310669,0.44216635823249817,0.2940295338630676,0.1441303789615631,0.25804024934768677,0.9984685778617859,0.5100055932998657,0.27191486954689026,-0.32680386304855347,0.957302451133728,0.9991503953933716,0.4261959195137024,0.25409138202667236,0.13279876112937927,0.44148746132850647,0.9971515536308289,0.4841473400592804,0.2362711876630783,-0.22515356540679932,0.912749171257019,0.9983603358268738,0.4237217903137207,0.24711973965168,0.1201852411031723,0.4719531536102295,0.995784342288971,0.47414588928222656,0.22887417674064636,-0.2753497064113617,0.8742842674255371,0.9974778294563293,0.42739880084991455,0.24541500210762024,0.07551570236682892,0.4766734540462494,0.9950132966041565,0.4688369035720825,0.23057985305786133,-0.2662690281867981,0.8703836798667908,0.9974918365478516,0.43207991123199463,0.24535620212554932,0.10925927758216858,0.502930223941803,0.9958882927894592,0.4695621430873871,0.23360660672187805,-0.22238856554031372,0.8524228930473328,0.9978975057601929,0.5860806107521057,0.38077443838119507,0.0888809934258461,0.9982380270957947,0.9949040412902832,0.6177063584327698,0.3695826232433319,-0.08866575360298157,0.9986770749092102,0.997121274471283,0.515924334526062,0.31897884607315063,0.07438063621520996,0.3867110311985016,0.9960705041885376,0.5860680937767029,0.2953118085861206,-0.08998338878154755,0.8859400153160095,0.9970056414604187,0.45844852924346924,0.2624043822288513,0.1997675746679306,0.4964984059333801,0.9979333877563477,0.5346746444702148,0.23050956428050995,0.019579866901040077,0.8434662818908691,0.998608410358429,0.4615890383720398,0.2506048381328583,0.2055700272321701,0.5939260721206665,0.9975098371505737,0.5404969453811646,0.2221689671278,0.020906148478388786,0.8500089049339294,0.9984806180000305,0.4153840243816376,0.25627461075782776,0.06809107214212418,0.6008346080780029,0.9972749352455139,0.5023781061172485,0.2164117395877838,-0.1339760422706604,0.8472151160240173,0.9977191090583801
17,578,True,0.479982852935791,0.29580315947532654,-0.08980082720518112,0.9996580481529236,0.9997079968452454,0.469518780708313,0.29438310861587524,-0.10535235702991486,0.9997058510780334,0.9994021654129028,0.4652370512485504,0.2948504090309143,-0.10536710172891617,0.9996306300163269,0.9994101524353027,0.46379971504211426,0.296235054731369,-0.10541249066591263,0.9997128844261169,0.9993764758110046,0.4752068817615509,0.293209969997406,-0.12498832494020462,0.9997431039810181,0.9993467926979065,0.4769360423088074,0.29288893938064575,-0.1249927431344986,0.9997021555900574,0.9992823004722595,0.47837385535240173,0.2925216853618622,-0.12495197355747223,0.9997169971466064,0.9991833567619324,0.4633350372314453,0.30214574933052063,-0.13720081746578217,0.9996128678321838,0.9988906979560852,0.4800736606121063,0.29759472608566284,-0.2288976013660431,0.9996204972267151,0.9986048340797424,0.47514691948890686,0.3019248843193054,-0.0947091281414032,0.9993944764137268,0.9992546439170837,0.48321396112442017,0.30043575167655945,-0.12118269503116608,0.999312162399292,0.9991735816001892,0.4585351347923279,0.32834842801094055,-0.06570129841566086,0.9987197518348694,0.9972646236419678,0.516767144203186,0.30839043855667114,-0.23079732060432434,0.9991084933280945,0.9978863596916199,0.4402916729450226,0.29293709993362427,0.04310406744480133,0.27032920718193054,0.9994516968727112,0.5207461714744568,0.2702352702617645,-0.23512473702430725,0.9433622360229492,0.999427855014801,0.424506813287735,0.25380221009254456,0.030390312895178795,0.4516335129737854,0.9986028075218201,0.48436665534973145,0.2349274456501007,-0.19338639080524445,0.9038683772087097,0.9988986253738403,0.42306438088417053,0.24708004295825958,0.010443500243127346,0.47549331188201904,0.9975848197937012,0.4761256277561188,0.22851499915122986,-0.24890640377998352,0.8626246452331543,0.9982359409332275,0.4259606599807739,0.24536731839179993,-0.02755778282880783,0.4807703197002411,0.9972497820854187,0.4689878225326538,0.23047682642936707,-0.24807173013687134,0.859171986579895,0.9982819557189941,0.4303033649921417,0.24539156258106232,0.0109764588996768,0.5104511380195618,0.9978572726249695,0.4718397855758667,0.2332880198955536,-0.20635776221752167,0.8439016342163086,0.9985771179199219,0.5908976197242737,0.37238451838493347,0.048936326056718826,0.9982777833938599,0.998629093170166,0.622848629951477,0.35620900988578796,-0.048797640949487686,0.9986986517906189,0.9988324046134949,0.5158255100250244,0.3210573196411133,0.034821294248104095,0.37976977229118347,0.9979982972145081,0.5852062106132507,0.2866872251033783,-0.061756473034620285,0.8766104578971863,0.9982709884643555,0.46357476711273193,0.2705339193344116,0.1485685259103775,0.5021188855171204,0.9984632730484009,0.5636199712753296,0.21972684562206268,0.02673380635678768,0.8505809307098389,0.9988705515861511,0.4665848910808563,0.26091712713241577,0.15337008237838745,0.5905405282974243,0.9980108141899109,0.5705680251121521,0.21067683398723602,0.035581812262535095,0.8545737266540527,0.9987151622772217,0.42130160331726074,0.26313015818595886,0.021132443100214005,0.6112618446350098,0.9976769089698792,0.5151997804641724,0.202277272939682,-0.09979711472988129,0.8548197746276855,0.9979591369628906
18,612,True,0.47951868176460266,0.295497328042984,-0.12567639350891113,0.9995505809783936,0.9995943903923035,0.4719003438949585,0.2936861217021942,-0.14960868656635284,0.9996423125267029,0.9992668032646179,0.46873801946640015,0.2948109209537506,-0.14964061975479126,0.9995693564414978,0.9993029832839966,0.4667063355445862,0.29624253511428833,-0.14971229434013367,0.9996458888053894,0.9992750287055969,0.47640538215637207,0.2922847867012024,-0.15996481478214264,0.999665379524231,0.9991909861564636,0.4789447784423828,0.2910577654838562,-0.1599600911140442,0.9996128082275391,0.9991183876991272,0.48012349009513855,0.2905040979385376,-0.15991701185703278,0.9996283650398254,0.9990052580833435,0.46385395526885986,0.301955908536911,-0.20435768365859985,0.9994735717773438,0.9987778067588806,0.482868492603302,0.2956998348236084,-0.2525884807109833,0.9994727969169617,0.9984810948371887,0.4755285382270813,0.301700234413147,-0.1380813866853714,0.9992964863777161,0.9992403984069824,0.48289141058921814,0.29920199513435364,-0.15239055454730988,0.9992280006408691,0.9992284774780273,0.4612317681312561,0.32800573110580444,-0.137202650308609,0.9987308979034424,0.9987137317657471,0.5166922807693481,0.30267849564552307,-0.22072464227676392,0.9991313219070435,0.9991275668144226,0.44008105993270874,0.29299062490463257,-0.038215070962905884,0.29093241691589355,0.999835729598999,0.5182966589927673,0.2642471194267273,-0.17070691287517548,0.9252148270606995,0.9998117089271545,0.4246465563774109,0.2537386417388916,-0.022501680999994278,0.46903449296951294,0.9993332028388977,0.47709205746650696,0.23556701838970184,-0.0953248143196106,0.8977694511413574,0.9994933605194092,0.42344552278518677,0.24659700691699982,-0.0447784848511219,0.4847882390022278,0.998594343662262,0.4723784625530243,0.22951474785804749,-0.13526083528995514,0.8550969958305359,0.9990122318267822,0.42693883180618286,0.24443387985229492,-0.08048489689826965,0.48991939425468445,0.9983002543449402,0.4653085470199585,0.2330475151538849,-0.14586544036865234,0.852387547492981,0.9989873766899109,0.43094402551651,0.24478375911712646,-0.040128886699676514,0.5228767395019531,0.9987959861755371,0.4686938524246216,0.23466043174266815,-0.1035628393292427,0.8402838706970215,0.9992115497589111,0.593837559223175,0.36252886056900024,0.024817774072289467,0.9983969926834106,0.9995669722557068,0.6300300359725952,0.3454968333244324,-0.024707453325390816,0.9987961649894714,0.999626874923706,0.515726625919342,0.31760305166244507,0.012085902504622936,0.38419967889785767,0.9988716244697571,0.599373459815979,0.26785874366760254,-0.035256728529930115,0.8664448857307434,0.9991801381111145,0.4622795879840851,0.27310889959335327,0.11529666185379028,0.5201693177223206,0.9989792108535767,0.5931519269943237,0.19528551399707794,0.04959779232740402,0.8593212366104126,0.999413251876831,0.4625979959964752,0.2656938433647156,0.11827090382575989,0.5952324867248535,0.9986781477928162,0.5962991714477539,0.18709805607795715,0.04835369810461998,0.8617146015167236,0.9993405938148499,0.4260775148868561,0.26364850997924805,-0.02710152231156826,0.6301242709159851,0.9983887672424316,0.5679241418838501,0.17221954464912415,-0.08314448595046997,0.8637295961380005,0.9988325238227844
19,646,True,0.4798874855041504,0.2905433475971222,-0.1632319688796997,0.9994952082633972,0.9997857213020325,0.47429996728897095,0.2913113832473755,-0.18434926867485046,0.9996087551116943,0.9995397329330444,0.4746752083301544,0.2931467890739441,-0.1843765527009964,0.9995288252830505,0.9995446801185608,0.47202131152153015,0.2950260639190674,-0.18443650007247925,0.9996116757392883,0.999517560005188,0.4789247214794159,0.2885906994342804,-0.19975236058235168,0.999620258808136,0.9995026588439941,0.48053300380706787,0.28773239254951477,-0.1997418999671936,0.9995461106300354,0.9994478821754456,0.4816400408744812,0.2871435284614563,-0.19968609511852264,0.9995777010917664,0.9993686079978943,0.4681476652622223,0.30164188146591187,-0.22820404171943665,0.9993717074394226,0.9992181062698364,0.4842318296432495,0.29149341583251953,-0.2999853193759918,0.9993508458137512,0.9990645051002502,0.4811488389968872,0.29760652780532837,-0.17146307229995728,0.9992813467979431,0.9996517896652222,0.4872191250324249,0.29425278306007385,-0.1925625056028366,0.9992080330848694,0.9996341466903687,0.46690648794174194,0.3275609612464905,-0.15076874196529388,0.9987989068031311,0.9993385672569275,0.5185874700546265,0.29823288321495056,-0.26446089148521423,0.9991698861122131,0.9993889331817627,0.4391966462135315,0.2934803366661072,-0.0233622919768095,0.3080439865589142,0.9998555183410645,0.5173867344856262,0.2602599263191223,-0.24084031581878662,0.9198200702667236,0.999845027923584,0.42284029722213745,0.25406599044799805,-0.014382356777787209,0.4871905446052551,0.9996541738510132,0.47370851039886475,0.23645725846290588,-0.21670345962047577,0.8978077173233032,0.9996069073677063,0.42153245210647583,0.24702897667884827,-0.03242460638284683,0.49718642234802246,0.9992870688438416,0.4602002501487732,0.23239147663116455,-0.264697402715683,0.8546019196510315,0.999221920967102,0.42526525259017944,0.24480724334716797,-0.07159050554037094,0.5024329423904419,0.9991773962974548,0.4554961025714874,0.23647662997245789,-0.2743992805480957,0.8522384166717529,0.9992458820343018,0.42980626225471497,0.24593086540699005,-0.03241985663771629,0.5369661450386047,0.9994101524353027,0.45955368876457214,0.2381330281496048,-0.22506730258464813,0.841352641582489,0.9994303584098816,0.5881584882736206,0.3526122272014618,0.03851296007633209,0.9985096454620361,0.9996441602706909,0.6273139715194702,0.3348953127861023,-0.038336820900440216,0.9988778829574585,0.9996185302734375,0.515504777431488,0.3026241660118103,0.018857629969716072,0.38221055269241333,0.9991846680641174,0.5928332209587097,0.25475195050239563,-0.057893577963113785,0.8556750416755676,0.9991657733917236,0.4701865017414093,0.2550255060195923,0.10732414573431015,0.528742253780365,0.9991405010223389,0.5905017256736755,0.18106678128242493,0.03435709327459335,0.8652046918869019,0.9994457364082336,0.46574631333351135,0.24676761031150818,0.10938076674938202,0.5919139385223389,0.9989043474197388,0.5947713851928711,0.1714792102575302,0.03493987023830414,0.8647664189338684,0.9993823766708374,0.4421178102493286,0.2461564540863037,-0.023879095911979675,0.6416608691215515,0.9986951947212219,0.5656269788742065,0.16109570860862732,-0.09930640459060669,0.8700578808784485,0.999089241027832
20,680,True,0.48649629950523376,0.2858152389526367,-0.16576547920703888,0.9995213747024536,0.9999433755874634,0.48009830713272095,0.28665584325790405,-0.18433846533298492,0.9996316432952881,0.9998618364334106,0.47461044788360596,0.2872883081436157,-0.1843428760766983,0.9995554685592651,0.9998557567596436,0.4721669554710388,0.28856757283210754,-0.1843714565038681,0.9996335506439209,0.9998371601104736,0.4841843545436859,0.28310832381248474,-0.20488964021205902,0.9996412396430969,0.9998608827590942,0.48549240827560425,0.2824588716030121,-0.2048974335193634,0.9995678663253784,0.9998452663421631,0.4871921241283417,0.28112804889678955,-0.2048538476228714,0.9996007680892944,0.9998186230659485,0.46846649050712585,0.29643744230270386,-0.22285965085029602,0.9993942379951477,0.999686598777771,0.4880561828613281,0.28613975644111633,-0.31808483600616455,0.9993792772293091,0.9996963739395142,0.4881631135940552,0.2921026349067688,-0.17231690883636475,0.9993298053741455,0.9998518228530884,0.495012491941452,0.2889639735221863,-0.20016294717788696,0.9992609024047852,0.9998519420623779,0.4658585488796234,0.3206474184989929,-0.13446645438671112,0.9988731741905212,0.9994145631790161,0.5239598751068115,0.2916388511657715,-0.29711467027664185,0.9992282390594482,0.9996488094329834,0.4325489401817322,0.2943115234375,0.006178093608468771,0.31747379899024963,0.9998952150344849,0.5146185755729675,0.2551174759864807,-0.2916979193687439,0.922084629535675,0.9999333620071411,0.42051297426223755,0.2547772228717804,0.008258265443146229,0.5023061633110046,0.9997857213020325,0.4724837839603424,0.2364356517791748,-0.24168622493743896,0.9024806022644043,0.999835729598999,0.421024352312088,0.24763433635234833,-0.006673621479421854,0.5083259344100952,0.9995299577713013,0.46003711223602295,0.2326750010251999,-0.2902548313140869,0.8596046566963196,0.9996143579483032,0.42425134778022766,0.24633042514324188,-0.05032377317547798,0.5140869617462158,0.9994508624076843,0.457480788230896,0.23565149307250977,-0.2943972945213318,0.8574510216712952,0.9996343851089478,0.42699581384658813,0.24771681427955627,-0.011922180652618408,0.5511302351951599,0.9996222257614136,0.45941847562789917,0.23855054378509521,-0.2465653270483017,0.8477495908737183,0.9997395873069763,0.5978344678878784,0.34204351902008057,0.05041342228651047,0.9986283779144287,0.9997929930686951,0.6336163282394409,0.32486414909362793,-0.05017419904470444,0.9989704489707947,0.9998449087142944,0.5150172114372253,0.2979244291782379,0.026321105659008026,0.3799903094768524,0.9991834759712219,0.5974846482276917,0.2512463331222534,-0.0732082948088646,0.8573403358459473,0.9994484782218933,0.45793282985687256,0.2504817843437195,0.11504003405570984,0.5345472097396851,0.9991014003753662,0.5838252305984497,0.17776352167129517,-0.002353641437366605,0.8739259839057922,0.9994562268257141,0.457681268453598,0.24155446887016296,0.11740026623010635,0.5872130990028381,0.9988365769386292,0.5860079526901245,0.16797561943531036,-0.001660510548390448,0.870609700679779,0.9993287324905396,0.4158574342727661,0.2432946413755417,-0.009800255298614502,0.6511458158493042,0.9986907839775085,0.5598525404930115,0.1587018221616745,-0.139607235789299,0.8782824873924255,0.9990376234054565
21,714,True,0.48772096633911133,0.28140565752983093,-0.19398227334022522,0.9995341897010803,0.9998847246170044,0.47832438349723816,0.2816699147224426,-0.21221789717674255,0.9996383786201477,0.9997150301933289,0.475274920463562,0.282511442899704,-0.21222832798957825,0.9995647668838501,0.9997096657752991,0.4723787009716034,0.28448206186294556,-0.21225601434707642,0.9996387958526611,0.9996815919876099,0.4833608865737915,0.27788087725639343,-0.23214074969291687,0.9996447563171387,0.9997041821479797,0.48472121357917786,0.27714043855667114,-0.232136532664299,0.9995661377906799,0.9996689558029175,0.486010879278183,0.27630895376205444,-0.23208516836166382,0.9996027946472168,0.999613344669342,0.4715866148471832,0.2905990779399872,-0.24483634531497955,0.9993788599967957,0.9994469285011292,0.49047350883483887,0.2812572419643402,-0.33663371205329895,0.9993757605552673,0.9993720650672913,0.48864156007766724,0.28697383403778076,-0.19785720109939575,0.9993613958358765,0.9997661709785461,0.49696749448776245,0.28415393829345703,-0.2246840000152588,0.9992950558662415,0.9997555613517761,0.46942588686943054,0.31696397066116333,-0.15700314939022064,0.9989306330680847,0.9993464350700378,0.5310311913490295,0.2849879860877991,-0.3204606771469116,0.999273419380188,0.9994601607322693,0.4300679564476013,0.2954593002796173,-0.04318159818649292,0.33115720748901367,0.9998999834060669,0.5144524574279785,0.2502104640007019,-0.3416058123111725,0.9242804646492004,0.9999113082885742,0.4170267879962921,0.25539353489875793,-0.0692572370171547,0.5203725695610046,0.9997522234916687,0.47247305512428284,0.23417873680591583,-0.322054386138916,0.9072275161743164,0.9997641444206238,0.4177987277507782,0.24815890192985535,-0.0912543386220932,0.5228444933891296,0.9994181394577026,0.46114689111709595,0.2326173335313797,-0.3777576982975006,0.8651301860809326,0.999444305896759,0.42082956433296204,0.24740366637706757,-0.13465334475040436,0.5288493037223816,0.9993484616279602,0.4564407765865326,0.23542015254497528,-0.3804562985897064,0.8631219863891602,0.9994889497756958,0.42437151074409485,0.2492024153470993,-0.09000661969184875,0.5667710304260254,0.999555766582489,0.45928195118904114,0.23809580504894257,-0.3272057771682739,0.8542376160621643,0.9996376037597656,0.604901134967804,0.336101233959198,0.05235648527741432,0.9987218976020813,0.9996682405471802,0.6392026543617249,0.3160845637321472,-0.052185337990522385,0.9990444183349609,0.9997072815895081,0.5149270296096802,0.2937626838684082,0.03784574568271637,0.37811756134033203,0.9990079998970032,0.5941130518913269,0.24595589935779572,-0.07480401545763016,0.8541596531867981,0.999056875705719,0.46410438418388367,0.2493172436952591,0.13506846129894257,0.5394632816314697,0.9985912442207336,0.5835987329483032,0.17654867470264435,0.012677934020757675,0.878887951374054,0.9991151690483093,0.4653579592704773,0.23995783925056458,0.1388673633337021,0.5829361081123352,0.9980708956718445,0.5870001912117004,0.1664597988128662,0.01706106588244438,0.8726006150245667,0.99891197681427,0.4246765971183777,0.24470055103302002,0.022928062826395035,0.656524121761322,0.997911274433136,0.557938814163208,0.16048790514469147,-0.10315177589654922,0.8823742866516113,0.9985718727111816
22,748,True,0.4961753785610199,0.27671104669570923,-0.3435715138912201,0.9995740652084351,0.9999786615371704,0.4865066409111023,0.2753369212150574,-0.3497081398963928,0.99965500831604,0.9999600648880005,0.4835178256034851,0.27733510732650757,-0.34969738125801086,0.999595582485199,0.9999591112136841,0.4816073477268219,0.27831271290779114,-0.34970614314079285,0.9996561408042908,0.9999551773071289,0.48973706364631653,0.27327436208724976,-0.3737848997116089,0.9996650815010071,0.9999604225158691,0.49339717626571655,0.27352577447891235,-0.3738279640674591,0.9995901584625244,0.9999560117721558,0.4939498007297516,0.2732090353965759,-0.3737824857234955,0.9996195435523987,0.9999476671218872,0.4836077392101288,0.2840215861797333,-0.3169949948787689,0.9994086623191833,0.9999439716339111,0.49647438526153564,0.2772863507270813,-0.42459237575531006,0.9994233250617981,0.9999313354492188,0.49657487869262695,0.28179696202278137,-0.321829229593277,0.9994074106216431,0.9999547004699707,0.5021454095840454,0.2790435552597046,-0.3535286486148834,0.9993497133255005,0.9999537467956543,0.48059239983558655,0.3126153349876404,-0.18614448606967926,0.9989951252937317,0.9999089241027832,0.5341290235519409,0.28291356563568115,-0.42538103461265564,0.9993347525596619,0.9999215602874756,0.4300574064254761,0.2953717112541199,-0.12220904976129532,0.3559107780456543,0.9999873638153076,0.5124742388725281,0.25093787908554077,-0.4712151288986206,0.9300639629364014,0.9999896287918091,0.4152928590774536,0.25523215532302856,-0.1950518786907196,0.5405607223510742,0.9999126195907593,0.4678327441215515,0.23456525802612305,-0.4749020040035248,0.9149526357650757,0.9999299049377441,0.4158637225627899,0.24812939763069153,-0.20937132835388184,0.5415441989898682,0.9997517466545105,0.4506619870662689,0.2340688407421112,-0.5278093814849854,0.8756250143051147,0.9998266100883484,0.4203203022480011,0.24724328517913818,-0.2540314495563507,0.5469604730606079,0.999756395816803,0.45187386870384216,0.2353959083557129,-0.5254559516906738,0.873630166053772,0.9998362064361572,0.4224618673324585,0.24909324944019318,-0.21554310619831085,0.5804099440574646,0.9998407363891602,0.45872610807418823,0.23778080940246582,-0.4768521189689636,0.8650113940238953,0.999890923500061,0.6043569445610046,0.3276106119155884,0.06539769470691681,0.9988473653793335,0.9999934434890747,0.6446936130523682,0.31898194551467896,-0.06531235575675964,0.9991396069526672,0.999994158744812,0.5229477286338806,0.2650791108608246,0.0501224622130394,0.40929481387138367,0.9999536275863647,0.717207670211792,0.2716832458972931,-0.08184494823217392,0.8666967153549194,0.9999339580535889,0.519625186920166,0.20251686871051788,0.15160444378852844,0.5735234618186951,0.9998347759246826,0.806304395198822,0.22892718017101288,0.014900965616106987,0.8887319564819336,0.9997695088386536,0.5342971682548523,0.19244077801704407,0.15765094757080078,0.613460898399353,0.9996758699417114,0.8216643333435059,0.2303074151277542,0.024538414552807808,0.8810824751853943,0.999452531337738,0.47283366322517395,0.1842001974582672,0.061486855149269104,0.6816427111625671,0.9996633529663086,0.8142858743667603,0.2048249989748001,-0.06595747917890549,0.8910390734672546,0.9993081092834473
23,782,True,0.5026530623435974,0.27024710178375244,-0.2636363208293915,0.9995841383934021,0.9997227787971497,0.4914838671684265,0.2743919789791107,-0.26294413208961487,0.9995518922805786,0.9995597004890442,0.49184802174568176,0.2736593186855316,-0.262958824634552,0.9995594024658203,0.9995525479316711,0.49029624462127686,0.2747502326965332,-0.262990802526474,0.9995550513267517,0.9995284080505371,0.4945807158946991,0.27225789427757263,-0.2915438413619995,0.9996159672737122,0.9995664954185486,0.49571600556373596,0.2722635567188263,-0.2915879786014557,0.9995514750480652,0.9995330572128296,0.4958898425102234,0.27211257815361023,-0.29155460000038147,0.9995452761650085,0.9994791150093079,0.4910568594932556,0.2822086215019226,-0.22540798783302307,0.9992678165435791,0.9994314312934875,0.500895082950592,0.2772044837474823,-0.3472761809825897,0.9994238615036011,0.9993072748184204,0.504322350025177,0.27751824259757996,-0.23932316899299622,0.9992932081222534,0.9994051456451416,0.5065948963165283,0.27683621644973755,-0.2766987681388855,0.9992899894714355,0.9994056224822998,0.5031976103782654,0.30167824029922485,-0.13114070892333984,0.9989649057388306,0.999568521976471,0.5343787670135498,0.2844114899635315,-0.38262277841567993,0.9993566870689392,0.999527096748352,0.4318159222602844,0.2889949679374695,-0.04425922408699989,0.3888137638568878,0.9999548196792603,0.5136450529098511,0.25288382172584534,-0.47428202629089355,0.9364667534828186,0.9999263286590576,0.4158931374549866,0.254122257232666,-0.12671995162963867,0.5669803619384766,0.9993489384651184,0.468765527009964,0.23389184474945068,-0.504076361656189,0.922619640827179,0.9995620846748352,0.4156014323234558,0.2468961477279663,-0.137457475066185,0.5648042559623718,0.9985619187355042,0.45325767993927,0.23384852707386017,-0.559011697769165,0.8862291574478149,0.9992225170135498,0.4194231629371643,0.24611397087574005,-0.17617091536521912,0.5693219304084778,0.9985864162445068,0.45326903462409973,0.23460252583026886,-0.5445692539215088,0.8842944502830505,0.9992559552192688,0.4211106300354004,0.24805589020252228,-0.14597904682159424,0.5981794595718384,0.9988951086997986,0.45878100395202637,0.23619444668293,-0.5011954307556152,0.8760120868682861,0.9994412064552307,0.6256007552146912,0.31700605154037476,0.09166077524423599,0.9989452362060547,0.999783456325531,0.6522649526596069,0.31753966212272644,-0.09170833230018616,0.9992190599441528,0.9996901750564575,0.6240370273590088,0.25931164622306824,0.06972292065620422,0.4524230360984802,0.9997593760490417,0.7117080688476562,0.2790362238883972,-0.15266966819763184,0.8783772587776184,0.9988470077514648,0.6598575115203857,0.19033291935920715,0.12374623864889145,0.6115207076072693,0.9979840517044067,0.8110636472702026,0.26861268281936646,-0.061122290790081024,0.8958529233932495,0.9977905750274658,0.6764686107635498,0.18016007542610168,0.12291164696216583,0.6478258967399597,0.9946516752243042,0.8206323981285095,0.26886123418807983,-0.05526084452867508,0.8861734867095947,0.9953629970550537,0.6313965320587158,0.1674005687236786,0.05891737341880798,0.7093162536621094,0.9935469031333923,0.8179016709327698,0.25485628843307495,-0.13637642562389374,0.8979741334915161,0.9941933751106262
24,816,True,0.514894425868988,0.27106019854545593,-0.23881098628044128,0.9994834661483765,0.9980447292327881,0.5072175860404968,0.27001625299453735,-0.22922125458717346,0.9990499019622803,0.9976900815963745,0.5075557827949524,0.26968497037887573,-0.2292838841676712,0.9993204474449158,0.9978370070457458,0.5074158310890198,0.26975226402282715,-0.22937549650669098,0.9990553259849548,0.9978454113006592,0.5060855150222778,0.27056533098220825,-0.2559959590435028,0.9992895722389221,0.9974473714828491,0.5048120021820068,0.27171510457992554,-0.25603511929512024,0.9992684721946716,0.9972923398017883,0.5038858652114868,0.2721160352230072,-0.25602638721466064,0.999092161655426,0.9970558881759644,0.5113048553466797,0.2752892076969147,-0.1531640738248825,0.9986653327941895,0.9978440999984741,0.5077544450759888,0.2775237262248993,-0.27258723974227905,0.999297022819519,0.9964775443077087,0.5222676992416382,0.2748066782951355,-0.20665711164474487,0.9987003207206726,0.9970442652702332,0.5208369493484497,0.2758621871471405,-0.24180522561073303,0.9989063143730164,0.9968205690383911,0.5424339771270752,0.2845751643180847,-0.03356294706463814,0.998730480670929,0.9988200068473816,0.5293186902999878,0.2873457074165344,-0.3747410774230957,0.9993065595626831,0.9979179501533508,0.4921970069408417,0.2598639130592346,-0.005538384895771742,0.4175405204296112,0.9999023675918579,0.48354220390319824,0.268886923789978,-0.427632212638855,0.9420803189277649,0.9994339346885681,0.4655873477458954,0.23576411604881287,-0.09320210665464401,0.5832616090774536,0.9971840977668762,0.4513242542743683,0.24311336874961853,-0.4629596173763275,0.9287084341049194,0.9956297874450684,0.44502973556518555,0.23566336929798126,-0.1044352650642395,0.5747448205947876,0.9942194223403931,0.4430723786354065,0.23828503489494324,-0.5157265067100525,0.8936701416969299,0.9942032694816589,0.4449452757835388,0.23664851486682892,-0.13608215749263763,0.5782333612442017,0.9946554899215698,0.44059163331985474,0.23774969577789307,-0.4924272894859314,0.8914984464645386,0.9946229457855225,0.4481734335422516,0.2377280741930008,-0.11068657785654068,0.6039679646492004,0.9956264495849609,0.44777145981788635,0.23861896991729736,-0.45674705505371094,0.8832818269729614,0.995410144329071,0.6605323553085327,0.3018737733364105,0.0965203270316124,0.9989952445030212,0.9994760155677795,0.66649329662323,0.3170059323310852,-0.09672997891902924,0.9992735385894775,0.9988446235656738,0.6618355512619019,0.24813762307167053,0.04028910771012306,0.49850454926490784,0.9992886781692505,0.7360567450523376,0.28682589530944824,-0.2050359547138214,0.8897470235824585,0.9942382574081421,0.6707598567008972,0.17136627435684204,0.07250507920980453,0.6465579867362976,0.9923997521400452,0.8307298421859741,0.28251200914382935,-0.11042148619890213,0.9016287922859192,0.9865143895149231,0.7067162394523621,0.1704714596271515,0.07144175469875336,0.6800018548965454,0.9825673699378967,0.8484048843383789,0.28860148787498474,-0.1042284294962883,0.8891960978507996,0.9767111539840698,0.6694733500480652,0.15475912392139435,0.006213854998350143,0.7346046566963196,0.9742047190666199,0.8632474541664124,0.27596524357795715,-0.19367845356464386,0.9031722545623779,0.9700940847396851
25,850,True,0.5172061324119568,0.2710113823413849,-0.20990784466266632,0.9995289444923401,0.9999825954437256,0.5107985734939575,0.2700437903404236,-0.20429210364818573,0.9991334676742554,0.9999706745147705,0.5133405327796936,0.2698410153388977,-0.20442095398902893,0.999374508857727,0.999972939491272,0.5142912268638611,0.26965153217315674,-0.20464736223220825,0.9991326928138733,0.9999750852584839,0.5078384280204773,0.27168112993240356,-0.22957389056682587,0.9993553161621094,0.9999653100967407,0.5066140294075012,0.27270761132240295,-0.22979696094989777,0.9993352293968201,0.9999622106552124,0.5023720264434814,0.27349597215652466,-0.22976209223270416,0.9991743564605713,0.9999587535858154,0.520933985710144,0.2728687822818756,-0.08239337801933289,0.9987868070602417,0.9999852180480957,0.5098558664321899,0.278730571269989,-0.1989366114139557,0.9993637800216675,0.999971866607666,0.5257980227470398,0.27349045872688293,-0.1783062219619751,0.998813271522522,0.9999871253967285,0.5226849913597107,0.2756049633026123,-0.2116594761610031,0.9990074038505554,0.999987006187439,0.5554096102714539,0.2797520160675049,0.023769397288560867,0.998856246471405,0.9999954700469971,0.5259252190589905,0.2982744574546814,-0.2563706934452057,0.9993749260902405,0.9999916553497314,0.5282608866691589,0.2453899085521698,0.03954191878437996,0.446058452129364,0.999991774559021,0.45351579785346985,0.2908955514431,-0.37186676263809204,0.947059690952301,0.9999574422836304,0.4802244007587433,0.2294410765171051,-0.052566833794116974,0.6064645051956177,0.9998499155044556,0.4230305254459381,0.25353503227233887,-0.3840150535106659,0.9333884119987488,0.9997753500938416,0.4618164002895355,0.22917337715625763,-0.070358507335186,0.5919321179389954,0.9995961785316467,0.4200698733329773,0.2461405098438263,-0.43348440527915955,0.8986790180206299,0.9995307922363281,0.4535161852836609,0.2315940409898758,-0.09628322720527649,0.5939360857009888,0.999664306640625,0.4241626262664795,0.24303343892097473,-0.4148012697696686,0.8959110975265503,0.9996377229690552,0.4631250202655792,0.23214855790138245,-0.06868619471788406,0.6177221536636353,0.9997606873512268,0.42572465538978577,0.24595904350280762,-0.37789392471313477,0.8877130150794983,0.9997093081474304,0.6775997877120972,0.29824158549308777,0.09329695254564285,0.9990952610969543,0.9999878406524658,0.6697884798049927,0.3214966356754303,-0.0934772714972496,0.9993448853492737,0.9999632835388184,0.7154375910758972,0.24388842284679413,0.04978135600686073,0.5470790266990662,0.9999243021011353,0.6964834928512573,0.35475558042526245,-0.15758202970027924,0.9003254771232605,0.9996963739395142,0.7454321384429932,0.20906174182891846,0.08981365710496902,0.6810699105262756,0.9987176656723022,0.8143525123596191,0.4196333885192871,-0.10016714781522751,0.910758912563324,0.9961942434310913,0.7537992596626282,0.20827975869178772,0.09045212715864182,0.7104698419570923,0.9975887537002563,0.8358235955238342,0.4271407127380371,-0.09754447638988495,0.8980997204780579,0.9949945211410522,0.7495396137237549,0.18911467492580414,0.0272128414362669,0.7590365409851074,0.9925561547279358,0.7320740818977356,0.4370829164981842,-0.17966219782829285,0.9110933542251587,0.9860988855361938
26,884,True,0.5246584415435791,0.26887086033821106,-0.1494046151638031,0.9986175894737244,0.975129246711731,0.5173044204711914,0.27046945691108704,-0.15238289535045624,0.9972214698791504,0.9665775895118713,0.5169376134872437,0.2712253928184509,-0.15252742171287537,0.9971279501914978,0.9675450921058655,0.5162472724914551,0.27192503213882446,-0.15267512202262878,0.9966912865638733,0.9675449728965759,0.5193901658058167,0.26950979232788086,-0.17252393066883087,0.9981374740600586,0.9625727534294128,0.5202028155326843,0.2696102261543274,-0.17258323729038239,0.9980397820472717,0.959143340587616,0.520538330078125,0.2697395980358124,-0.17254409193992615,0.9978000521659851,0.9552258253097534,0.5189582109451294,0.27695518732070923,-0.11616907268762589,0.9968456625938416,0.9529460668563843,0.5273987650871277,0.2743028402328491,-0.217795267701149,0.9979844689369202,0.9251110553741455,0.5250231623649597,0.27606192231178284,-0.13384157419204712,0.9965202808380127,0.9349590539932251,0.5258048176765442,0.27580559253692627,-0.160836324095726,0.9973341226577759,0.9229210019111633,0.5337849855422974,0.2872481644153595,-0.04176852107048035,0.9971745014190674,0.9625985026359558,0.5551014542579651,0.2790610194206238,-0.2641235589981079,0.9975969195365906,0.8571743369102478,0.4857172966003418,0.2778964042663574,-0.05191139504313469,0.4828625023365021,0.9955316781997681,0.48958489298820496,0.2636684775352478,-0.3696925640106201,0.9494843482971191,0.9782207608222961,0.4353654682636261,0.25026851892471313,-0.1508740484714508,0.6295506358146667,0.9357765316963196,0.4327833354473114,0.2501162886619568,-0.4226624071598053,0.9347023963928223,0.9396777749061584,0.4261917173862457,0.2442430555820465,-0.17381705343723297,0.6124933362007141,0.8926841020584106,0.4269137978553772,0.241563081741333,-0.47551608085632324,0.9005776643753052,0.9236078262329102,0.42813730239868164,0.24266207218170166,-0.20134902000427246,0.6136547327041626,0.8942581415176392,0.42462587356567383,0.2396198958158493,-0.4622470736503601,0.897738516330719,0.9315760731697083,0.43269872665405273,0.24401840567588806,-0.16675356030464172,0.6357710957527161,0.9045853614807129,0.4339721202850342,0.24549052119255066,-0.42080679535865784,0.8884648084640503,0.934761643409729,0.679302453994751,0.3155611753463745,0.0923478975892067,0.9980944991111755,0.8330894708633423,0.6796548962593079,0.3088757395744324,-0.09274349361658096,0.9968909025192261,0.6939448714256287,0.7868969440460205,0.2892175316810608,0.0901690274477005,0.5696380138397217,0.9168077707290649,0.7212778925895691,0.27603641152381897,-0.035578254610300064,0.8979544639587402,0.7901188135147095,0.8623425960540771,0.2654378116130829,0.15747706592082977,0.6921294331550598,0.7493539452552795,0.7534183859825134,0.25326499342918396,0.04724528640508652,0.8960092067718506,0.7024178504943848,0.8752533793449402,0.262517511844635,0.1640046089887619,0.7216103672981262,0.6030824780464172,0.7634508013725281,0.2508177161216736,0.05279659852385521,0.8845446705818176,0.6262141466140747,0.8687137365341187,0.2519320845603943,0.11452247947454453,0.7565131783485413,0.6178887486457825,0.7288123965263367,0.2357165515422821,-0.019024845212697983,0.8891628980636597,0.6862536668777466
27,918,True,0.5285956859588623,0.27038490772247314,-0.20324692130088806,0.9984527230262756,0.9956392049789429,0.5222101211547852,0.27078908681869507,-0.18198972940444946,0.9969205856323242,0.9943349361419678,0.5236281752586365,0.27246764302253723,-0.18213604390621185,0.9966506361961365,0.9946715235710144,0.5245673060417175,0.2725961208343506,-0.18231201171875,0.9963555335998535,0.9946138262748718,0.5211060643196106,0.27123644948005676,-0.2031879425048828,0.9979403018951416,0.994234025478363,0.5193137526512146,0.2702787220478058,-0.20333285629749298,0.9978291988372803,0.9940401315689087,0.5190719962120056,0.271037757396698,-0.2033785879611969,0.9976405501365662,0.9938871264457703,0.5299403071403503,0.2766073942184448,-0.09516823291778564,0.996442973613739,0.9946120977401733,0.5240945816040039,0.2748856842517853,-0.1997700184583664,0.9978677034378052,0.9935153722763062,0.5350701808929443,0.2741333544254303,-0.158993199467659,0.9962227940559387,0.9953741431236267,0.5332111120223999,0.2760849893093109,-0.18644767999649048,0.9972928166389465,0.9955440163612366,0.5582705736160278,0.2802463471889496,-0.004337191116064787,0.9973050951957703,0.9979602098464966,0.5438673496246338,0.29873043298721313,-0.23189912736415863,0.9976701736450195,0.9966185092926025,0.5074828267097473,0.24725429713726044,-0.01685318537056446,0.5226964354515076,0.9988318085670471,0.46680399775505066,0.2881814241409302,-0.3395361602306366,0.9538449645042419,0.9954352974891663,0.45878928899765015,0.23773209750652313,-0.10474272817373276,0.6530472636222839,0.985760509967804,0.4251527488231659,0.25603991746902466,-0.3943606913089752,0.9389744400978088,0.9843568205833435,0.4417926073074341,0.23673215508460999,-0.12550249695777893,0.628097414970398,0.9784495234489441,0.4198513329029083,0.2486034631729126,-0.444134384393692,0.9053422808647156,0.9796208739280701,0.4419929087162018,0.23701748251914978,-0.14482204616069794,0.6277540922164917,0.9795441031455994,0.4234919548034668,0.24481308460235596,-0.4236930310726166,0.9023416638374329,0.9828460812568665,0.44506916403770447,0.23831689357757568,-0.11803240329027176,0.6482025980949402,0.9809370636940002,0.4273888170719147,0.247589111328125,-0.40810084342956543,0.8928021192550659,0.9837803840637207,0.6869167685508728,0.3088949918746948,0.09041209518909454,0.9981684684753418,0.9915338158607483,0.6747667789459229,0.3169179856777191,-0.09069395065307617,0.9966699481010437,0.9731265902519226,0.7883272767066956,0.3017922639846802,0.089948371052742,0.6062530875205994,0.9973401427268982,0.707373857498169,0.2764580249786377,-0.09164558351039886,0.9022902250289917,0.9883542060852051,0.8710355758666992,0.30897724628448486,0.1748044788837433,0.7167162895202637,0.9872708916664124,0.7259979248046875,0.2380174696445465,0.022330373525619507,0.8942800164222717,0.9855983853340149,0.8836575150489807,0.31180959939956665,0.1801646500825882,0.7420246005058289,0.9743580222129822,0.7327880859375,0.23406574130058289,0.028978096321225166,0.8820618987083435,0.9816193580627441,0.9027312397956848,0.2960527241230011,0.10466256737709045,0.7734003663063049,0.9488620758056641,0.7155212163925171,0.21614763140678406,-0.03769288212060928,0.8887791633605957,0.9702084064483643
28,952,True,0.5212783217430115,0.27030766010284424,-0.11585734784603119,0.9985991716384888,0.9999558925628662,0.5145070552825928,0.2713720500469208,-0.0988520011305809,0.997212827205658,0.999922513961792,0.5147475600242615,0.2724446952342987,-0.09890074282884598,0.9969609975814819,0.9999270439147949,0.5144627690315247,0.2737494111061096,-0.09901026636362076,0.9966966509819031,0.9999244213104248,0.5149899125099182,0.2717472314834595,-0.12339283525943756,0.9981359839439392,0.9999178647994995,0.513559103012085,0.2711794972419739,-0.12352199852466583,0.9980342388153076,0.9999094009399414,0.513410747051239,0.27184194326400757,-0.12354837357997894,0.9978645443916321,0.9998996257781982,0.5216983556747437,0.2781539559364319,-0.026312081143260002,0.9967710375785828,0.9999291896820068,0.5214784145355225,0.2751465141773224,-0.1391373574733734,0.9980642795562744,0.9998964071273804,0.5273224115371704,0.2732575535774231,-0.08439933508634567,0.9965804219245911,0.9999518394470215,0.5277649164199829,0.27434858679771423,-0.11668285727500916,0.9975535273551941,0.9999452829360962,0.5499743819236755,0.2853466868400574,0.05169243738055229,0.9975591897964478,0.9999488592147827,0.54078608751297,0.29994112253189087,-0.1898806095123291,0.9978818893432617,0.9998458623886108,0.493171364068985,0.2530384957790375,0.05851771682500839,0.5543834567070007,0.9999337196350098,0.47284817695617676,0.28225210309028625,-0.29265284538269043,0.9571502208709717,0.9995703101158142,0.453753799200058,0.23950505256652832,-0.04007083177566528,0.6768547296524048,0.9992013573646545,0.42759159207344055,0.25589361786842346,-0.3367554843425751,0.9428172707557678,0.9988453388214111,0.4401775896549225,0.23700156807899475,-0.05543272942304611,0.649440586566925,0.9985415935516357,0.4219091534614563,0.24945899844169617,-0.3877626061439514,0.910592794418335,0.9983516931533813,0.4381575286388397,0.2406434267759323,-0.07319603115320206,0.647781252861023,0.9986900687217712,0.4254574775695801,0.24729597568511963,-0.3626837134361267,0.9074382185935974,0.9987009763717651,0.4440998435020447,0.23836681246757507,-0.05188938230276108,0.6667015552520752,0.9989458918571472,0.4285983741283417,0.24896594882011414,-0.3343542516231537,0.8976103663444519,0.998824417591095,0.6844871044158936,0.31526288390159607,0.09792663902044296,0.9983440041542053,0.999847412109375,0.6735863089561462,0.31789860129356384,-0.09810472279787064,0.996968686580658,0.9996570348739624,0.7814975380897522,0.31577080488204956,0.15493521094322205,0.6435027718544006,0.9998840093612671,0.6728906631469727,0.256115198135376,-0.1326676607131958,0.9106451869010925,0.9997153878211975,0.8755029439926147,0.33181390166282654,0.25747281312942505,0.7432550191879272,0.9993782043457031,0.6756394505500793,0.19905652105808258,-0.029020247980952263,0.9035654664039612,0.999653697013855,0.8861770629882812,0.34206002950668335,0.26408714056015015,0.765925407409668,0.9987894892692566,0.683951199054718,0.19130194187164307,-0.022700931876897812,0.8923261761665344,0.9994857311248779,0.9015613198280334,0.32188910245895386,0.17812888324260712,0.7937570214271545,0.9976373910903931,0.6489920020103455,0.17248770594596863,-0.1273311972618103,0.8983335494995117,0.999079704284668
29,986,True,0.5209057331085205,0.27116209268569946,-0.1866777241230011,0.9986672401428223,0.999160647392273,0.5138874650001526,0.2714035212993622,-0.1481691300868988,0.997374415397644,0.9988262057304382,0.5144493579864502,0.27156439423561096,-0.14824847877025604,0.9970799684524536,0.998863697052002,0.5148628950119019,0.271574467420578,-0.14827603101730347,0.9968894124031067,0.9988024234771729,0.5125029683113098,0.2723284363746643,-0.18292352557182312,0.9982436299324036,0.9988094568252563,0.5112937688827515,0.27228739857673645,-0.18313263356685638,0.99813312292099,0.9987850785255432,0.5109192132949829,0.27255237102508545,-0.1832432895898819,0.9979993104934692,0.99871826171875,0.5225408673286438,0.2769639790058136,-0.04781363904476166,0.9968754649162292,0.9988007545471191,0.5169132351875305,0.27666816115379333,-0.17885920405387878,0.9981966614723206,0.9985978007316589,0.5288698673248291,0.27377814054489136,-0.11935233324766159,0.996766209602356,0.9986822009086609,0.5267944931983948,0.27562016248703003,-0.1661759912967682,0.9976998567581177,0.998764157295227,0.5644403100013733,0.28125208616256714,0.061876676976680756,0.9977335929870605,0.99912029504776,0.5371993184089661,0.30665531754493713,-0.22771809995174408,0.9980368614196777,0.9989746809005737,0.5229472517967224,0.24949054419994354,0.06340997666120529,0.5833879709243774,0.9996138215065002,0.46848243474960327,0.28879523277282715,-0.35599836707115173,0.961246132850647,0.9986467957496643,0.4665519595146179,0.234895259141922,-0.040515244007110596,0.6963311433792114,0.996822714805603,0.4245145916938782,0.2572547495365143,-0.3723876476287842,0.9477207660675049,0.9962577819824219,0.4525022804737091,0.23312720656394958,-0.06011812388896942,0.6640152335166931,0.9946452379226685,0.416983962059021,0.2513732612133026,-0.42625167965888977,0.9173601269721985,0.994272768497467,0.44096633791923523,0.23924699425697327,-0.07699929177761078,0.6618017554283142,0.9947248101234436,0.4221230745315552,0.24849827587604523,-0.39848336577415466,0.9143093228340149,0.9948257803916931,0.44879671931266785,0.23842914402484894,-0.05341969430446625,0.6798876523971558,0.9954030513763428,0.42423880100250244,0.25080806016921997,-0.36530762910842896,0.9047644734382629,0.9954670667648315,0.6848379373550415,0.31542378664016724,0.09978889673948288,0.9984862208366394,0.9986438155174255,0.6710230708122253,0.32075363397598267,-0.09997136890888214,0.9971553087234497,0.9965674877166748,0.7847173810005188,0.3179856836795807,0.08979260921478271,0.6678776144981384,0.9985988736152649,0.7227327227592468,0.30371591448783875,-0.13723185658454895,0.912407398223877,0.994540274143219,0.8865895867347717,0.3429200053215027,0.24070033431053162,0.7573060989379883,0.994283139705658,0.7590454816818237,0.3133069574832916,0.04054456576704979,0.8880066871643066,0.9887912273406982,0.8970584273338318,0.3518158793449402,0.2558959126472473,0.7742834687232971,0.9904927611351013,0.7631716132164001,0.3173454701900482,0.05768868699669838,0.8699681758880615,0.9888858795166016,0.9256017208099365,0.328653484582901,0.17132505774497986,0.8011015057563782,0.9804278016090393,0.7782200574874878,0.30182304978370667,-0.008742236532270908,0.8839205503463745,0.9853571057319641
30,1020,True,0.51267409324646,0.27151933312416077,-0.21325765550136566,0.9987859725952148,0.999967098236084,0.5117507576942444,0.27034077048301697,-0.18223349750041962,0.9976019859313965,0.9999513626098633,0.5127184987068176,0.270006388425827,-0.1822478473186493,0.9973490834236145,0.9999481439590454,0.5137416124343872,0.2695239186286926,-0.18225514888763428,0.9971575140953064,0.9999421834945679,0.5043872594833374,0.27273839712142944,-0.2104628086090088,0.998397171497345,0.9999545812606812,0.5034763813018799,0.27314621210098267,-0.21063999831676483,0.998299241065979,0.999954342842102,0.5028756260871887,0.27340805530548096,-0.21072183549404144,0.9981690645217896,0.9999504089355469,0.5195147395133972,0.2739534080028534,-0.06172505393624306,0.997116208076477,0.9999402761459351,0.5120290517807007,0.27764013409614563,-0.18340259790420532,0.9983627796173096,0.9999493360519409,0.5275285243988037,0.27489274740219116,-0.15635646879673004,0.9969950914382935,0.9999222755432129,0.5186247229576111,0.27612704038619995,-0.19451647996902466,0.9978729486465454,0.9999358654022217,0.5665163993835449,0.2802945375442505,0.04187971353530884,0.9979137182235718,0.9998620748519897,0.5288026332855225,0.30977314710617065,-0.22590377926826477,0.998224675655365,0.9999065399169922,0.5296083092689514,0.2513560950756073,0.05450603738427162,0.5983364582061768,0.9999761581420898,0.4611126780509949,0.28904324769973755,-0.35334303975105286,0.9641660451889038,0.9998828172683716,0.46885251998901367,0.23677615821361542,-0.05677646026015282,0.7021417617797852,0.9997474551200867,0.42270058393478394,0.2564448118209839,-0.3823874592781067,0.949659526348114,0.9995261430740356,0.4498586356639862,0.23413173854351044,-0.08013622462749481,0.663154661655426,0.999474823474884,0.4164877235889435,0.2508832514286041,-0.4350455701351166,0.9175832271575928,0.9992555975914001,0.44645798206329346,0.239034965634346,-0.08968986570835114,0.659867525100708,0.9995139837265015,0.4207976162433624,0.2490951120853424,-0.4092801511287689,0.91400545835495,0.9993323683738708,0.4549948275089264,0.2387586086988449,-0.06808382272720337,0.6772191524505615,0.9996360540390015,0.4251970946788788,0.25085458159446716,-0.3760758638381958,0.9041736125946045,0.9994528889656067,0.6794174909591675,0.3080201745033264,0.09898477047681808,0.9986311197280884,0.9999630451202393,0.6711714863777161,0.3297426700592041,-0.09905243664979935,0.997437059879303,0.9999521970748901,0.7333362102508545,0.2658945620059967,0.0831497460603714,0.6935204267501831,0.999915361404419,0.7382510900497437,0.34021100401878357,-0.15560007095336914,0.9195261597633362,0.9997045397758484,0.766977071762085,0.21541646122932434,0.10652120411396027,0.7784906029701233,0.9994599223136902,0.8190842270851135,0.36676540970802307,-0.0666232481598854,0.8943052291870117,0.9992609620094299,0.7884314656257629,0.21007120609283447,0.10477552562952042,0.7937422394752502,0.9990758895874023,0.8281370997428894,0.3698362708091736,-0.06151466444134712,0.8725470304489136,0.9987844824790955,0.7392061948776245,0.19176597893238068,0.028391731902956963,0.8179223537445068,0.9983892440795898,0.8463903665542603,0.36892181634902954,-0.16948699951171875,0.8904516696929932,0.9984991550445557
31,1054,True,0.5127548575401306,0.2734639346599579,-0.12423871457576752,0.9987930655479431,0.9994768500328064,0.5112221240997314,0.27132850885391235,-0.09969950467348099,0.9976881742477417,0.9992194175720215,0.5148681402206421,0.2707129120826721,-0.09970571845769882,0.9973657727241516,0.9992368221282959,0.515477180480957,0.27053409814834595,-0.09977574646472931,0.9971924424171448,0.9992144107818604,0.5057564377784729,0.273600697517395,-0.13113775849342346,0.9984645843505859,0.9992653727531433,0.5052210092544556,0.27332037687301636,-0.1313234120607376,0.998371422290802,0.999241828918457,0.503913938999176,0.27445393800735474,-0.13139504194259644,0.9982497096061707,0.9992260932922363,0.5188103914260864,0.2752196192741394,0.005389250814914703,0.9971439242362976,0.999278724193573,0.5131978988647461,0.27977052330970764,-0.13579022884368896,0.9984279870986938,0.9992722868919373,0.5296339392662048,0.2747815251350403,-0.08007761836051941,0.9970743656158447,0.9995315074920654,0.5180230736732483,0.2763754427433014,-0.12151506543159485,0.997998833656311,0.9995810389518738,0.560361921787262,0.28384482860565186,0.11328032612800598,0.9980729222297668,0.9997932314872742,0.5287185311317444,0.3086220324039459,-0.20342816412448883,0.998363196849823,0.999711811542511,0.5265864729881287,0.2511835992336273,0.11447824537754059,0.5993236899375916,0.9998321533203125,0.46300238370895386,0.28808608651161194,-0.31010735034942627,0.9665343165397644,0.9990981817245483,0.47120699286460876,0.23453763127326965,0.0015537249855697155,0.7008943557739258,0.9986530542373657,0.422899454832077,0.25623756647109985,-0.32428407669067383,0.951827883720398,0.9966135621070862,0.4496223032474518,0.2350146472454071,-0.013982478529214859,0.6566919684410095,0.9980269074440002,0.41701096296310425,0.2507016360759735,-0.3709731996059418,0.9205873608589172,0.9957786798477173,0.4488552212715149,0.23853833973407745,-0.02918158657848835,0.6521559953689575,0.9980810880661011,0.4212469756603241,0.24903345108032227,-0.34750983119010925,0.9168670773506165,0.9964861869812012,0.45370179414749146,0.23882806301116943,-0.010955357924103737,0.669116735458374,0.9983052015304565,0.42436927556991577,0.25051259994506836,-0.31707289814949036,0.9062955379486084,0.9966282248497009,0.6891929507255554,0.31022408604621887,0.11432210355997086,0.9987580180168152,0.9996322393417358,0.6681177020072937,0.3297669291496277,-0.11440896987915039,0.9976338148117065,0.9990620017051697,0.7978527545928955,0.34109264612197876,0.1402047723531723,0.7202132940292358,0.9998272061347961,0.6769244074821472,0.2956015467643738,-0.1562047153711319,0.9176498055458069,0.9993205070495605,0.9076238870620728,0.34519079327583313,0.1545218825340271,0.7972485423088074,0.9989843964576721,0.6530604362487793,0.2517600953578949,-0.10994037985801697,0.8960902690887451,0.9989591836929321,0.924102783203125,0.3518947958946228,0.14630642533302307,0.8115566968917847,0.9978208541870117,0.6569228768348694,0.2504325211048126,-0.11124926805496216,0.8777309656143188,0.9985320568084717,0.9238554239273071,0.3433170020580292,0.05436331033706665,0.8328707218170166,0.995872437953949,0.6263524889945984,0.21808922290802002,-0.2345922887325287,0.8955290913581848,0.9979448914527893
32,1088,True,0.512319803237915,0.27851685881614685,-0.19221831858158112,0.9989067316055298,0.9999845027923584,0.5106449723243713,0.2762529253959656,-0.16108661890029907,0.99790358543396,0.9999808073043823,0.513491690158844,0.27535706758499146,-0.16100530326366425,0.9976206421852112,0.99997878074646,0.5149126052856445,0.2734564542770386,-0.1609380543231964,0.9974530339241028,0.9999760389328003,0.5056078433990479,0.27811649441719055,-0.1886732578277588,0.9986091256141663,0.999984622001648,0.5046858787536621,0.27924421429634094,-0.18886642158031464,0.9985266327857971,0.9999855756759644,0.5031982660293579,0.2803441286087036,-0.1889597326517105,0.9984118342399597,0.9999856948852539,0.519432008266449,0.2760300040245056,-0.03981686010956764,0.9974038600921631,0.9999772310256958,0.5124903917312622,0.2867017686367035,-0.1627286821603775,0.9985819458961487,0.9999874830245972,0.526797890663147,0.2803308963775635,-0.13483288884162903,0.9973337054252625,0.9999672174453735,0.5178043842315674,0.2832828164100647,-0.17017711699008942,0.9981772303581238,0.9999772310256958,0.5683820247650146,0.2845327854156494,0.07551886141300201,0.998221755027771,0.9999393224716187,0.5254390239715576,0.31321969628334045,-0.2218191772699356,0.9985237121582031,0.9999833106994629,0.53714519739151,0.2536068260669708,0.09298371523618698,0.6110396981239319,0.9999853372573853,0.462643563747406,0.28851526975631714,-0.3310011625289917,0.9694578647613525,0.9999687671661377,0.47358179092407227,0.2358134239912033,0.00019027243251912296,0.7053026556968689,0.9997681975364685,0.4229627251625061,0.2562892436981201,-0.3705101013183594,0.9553993344306946,0.9996737241744995,0.45763590931892395,0.2353244572877884,-0.015591831877827644,0.657082736492157,0.9995318651199341,0.41359031200408936,0.2517786920070648,-0.4218626618385315,0.9251440763473511,0.9994812607765198,0.45780450105667114,0.23777802288532257,-0.03412235155701637,0.6520624756813049,0.9995773434638977,0.4176434278488159,0.24936816096305847,-0.3981505036354065,0.9213642477989197,0.9994872808456421,0.46032965183258057,0.2384834736585617,-0.013626771047711372,0.6690872311592102,0.9996734857559204,0.42296794056892395,0.2507832944393158,-0.36443498730659485,0.9113423228263855,0.9996036887168884,0.6803007125854492,0.3132624626159668,0.11072652786970139,0.9988805055618286,0.9999867677688599,0.6695916652679443,0.3414877653121948,-0.11088702827692032,0.9978702068328857,0.9999954700469971,0.6576334238052368,0.27133792638778687,0.12736795842647552,0.743721604347229,0.9999768733978271,0.7730429172515869,0.36104220151901245,-0.15286469459533691,0.925473153591156,0.9999399185180664,0.6512784957885742,0.2242806851863861,0.14937472343444824,0.8148748278617859,0.9999393224716187,0.8652172684669495,0.3993304371833801,-0.1041589006781578,0.9051389694213867,0.9996323585510254,0.6611146926879883,0.21803486347198486,0.14809657633304596,0.8287270069122314,0.9998900890350342,0.8732203245162964,0.40825825929641724,-0.10493428260087967,0.8863191604614258,0.9991188645362854,0.6252860426902771,0.20448115468025208,0.08408962935209274,0.8477316498756409,0.999715268611908,0.9135808944702148,0.38946962356567383,-0.24563655257225037,0.9046977162361145,0.9985442161560059
33,1122,True,0.5125659704208374,0.2827889621257782,-0.18333178758621216,0.9989689588546753,0.9998487234115601,0.5139933228492737,0.2809999883174896,-0.150740846991539,0.9980326890945435,0.999810516834259,0.5174925327301025,0.27932456135749817,-0.1507459282875061,0.9978057146072388,0.999800980091095,0.5192140936851501,0.27801957726478577,-0.15077607333660126,0.9976102709770203,0.9997848868370056,0.5090168118476868,0.2826855182647705,-0.17991779744625092,0.9987002611160278,0.9998263716697693,0.5048617124557495,0.2825331389904022,-0.18009240925312042,0.9986311197280884,0.9998281002044678,0.503035306930542,0.28446319699287415,-0.1801690012216568,0.9985058903694153,0.9998233914375305,0.5248655080795288,0.2812311053276062,-0.025727424770593643,0.9975502490997314,0.999797523021698,0.5116977691650391,0.2917448878288269,-0.1578507274389267,0.998698890209198,0.9998393058776855,0.5262379050254822,0.2858348488807678,-0.12867774069309235,0.9973870515823364,0.9997722506523132,0.5186455845832825,0.28783395886421204,-0.16658371686935425,0.9982225298881531,0.9998140931129456,0.5697625875473022,0.2855663001537323,0.07968133687973022,0.9983530640602112,0.9997774958610535,0.5229823589324951,0.31546562910079956,-0.22438248991966248,0.9986617565155029,0.999900221824646,0.5435966849327087,0.2554066777229309,0.08706644177436829,0.607369065284729,0.9999454021453857,0.4632645845413208,0.2903292775154114,-0.33123403787612915,0.9716708660125732,0.9998477697372437,0.4816786050796509,0.2337641417980194,-0.008689536713063717,0.6980852484703064,0.999220609664917,0.4237029552459717,0.2577473223209381,-0.37232762575149536,0.9569337368011475,0.9987877011299133,0.46831443905830383,0.2312040627002716,-0.026263820007443428,0.6460448503494263,0.9984657764434814,0.415354460477829,0.2526479959487915,-0.42214271426200867,0.9261042475700378,0.9979434609413147,0.46612662076950073,0.2333664894104004,-0.043367620557546616,0.6405085325241089,0.9985879063606262,0.4183807373046875,0.24955904483795166,-0.39735740423202515,0.9221468567848206,0.9981548190116882,0.4682809114456177,0.2349310666322708,-0.02247556857764721,0.6573761701583862,0.9988715052604675,0.42308205366134644,0.2517021894454956,-0.36523792147636414,0.9121379256248474,0.9984748959541321,0.683165967464447,0.3180095851421356,0.10775307565927505,0.9989855885505676,0.9998884201049805,0.6688368320465088,0.35037094354629517,-0.10795701295137405,0.9980791807174683,0.9998487234115601,0.6777730584144592,0.2793562114238739,0.11568284779787064,0.7620911598205566,0.999776303768158,0.7377740740776062,0.3638347387313843,-0.1489240974187851,0.9315385818481445,0.9991601705551147,0.6970067024230957,0.23356568813323975,0.11694586277008057,0.8299538493156433,0.9978581070899963,0.7903364300727844,0.3985433280467987,-0.0882984921336174,0.9100853800773621,0.9971690773963928,0.7078405022621155,0.2285107672214508,0.11382068693637848,0.8428593277931213,0.9960965514183044,0.7961399555206299,0.40365129709243774,-0.08484955132007599,0.8893606662750244,0.9955970644950867,0.6875604391098022,0.2120998203754425,0.05462130531668663,0.8591569662094116,0.9934291243553162,0.8089613318443298,0.40208855271339417,-0.18736954033374786,0.9091601371765137,0.9939302206039429
34,1156,True,0.5114834308624268,0.28575900197029114,-0.16207003593444824,0.9990639686584473,0.9999805688858032,0.5129731893539429,0.2834526002407074,-0.1309746950864792,0.9982144236564636,0.9999721050262451,0.516048789024353,0.28253117203712463,-0.13096128404140472,0.9980147480964661,0.9999690055847168,0.5173847675323486,0.281527042388916,-0.13094957172870636,0.9978287220001221,0.999964714050293,0.5059728622436523,0.28503334522247314,-0.15876050293445587,0.9988226890563965,0.9999767541885376,0.5028648972511292,0.28535357117652893,-0.15894734859466553,0.9987611770629883,0.9999775886535645,0.4998297393321991,0.28747206926345825,-0.15899337828159332,0.9986445903778076,0.999976634979248,0.5232019424438477,0.28172534704208374,0.0016925877425819635,0.9977718591690063,0.9999688863754272,0.505745530128479,0.29491907358169556,-0.12363605201244354,0.9988252520561218,0.9999804496765137,0.5260075926780701,0.28908634185791016,-0.11005999147891998,0.9976080060005188,0.999963641166687,0.5176073312759399,0.29062265157699585,-0.14652229845523834,0.9983774423599243,0.9999740123748779,0.5676699876785278,0.2870086431503296,0.10095718502998352,0.9985001087188721,0.9999393224716187,0.5159786343574524,0.3192102313041687,-0.19346623122692108,0.9987937808036804,0.9999818801879883,0.5441606640815735,0.25636518001556396,0.09170402586460114,0.6104570627212524,0.9999810457229614,0.46415790915489197,0.29430684447288513,-0.32351210713386536,0.9741012454032898,0.9999567270278931,0.48754170536994934,0.2316264808177948,-0.005187810864299536,0.6977904438972473,0.9997678399085999,0.42289620637893677,0.25800761580467224,-0.3706287741661072,0.9596776962280273,0.9997631907463074,0.47639673948287964,0.22730648517608643,-0.026217032223939896,0.641172468662262,0.9995036125183105,0.41543757915496826,0.25302761793136597,-0.4189813733100891,0.9294393658638,0.9995500445365906,0.4731561839580536,0.22922244668006897,-0.03742503747344017,0.6348446607589722,0.9995402097702026,0.41817885637283325,0.24992260336875916,-0.39549538493156433,0.9254394769668579,0.99957674741745,0.4751531481742859,0.23135621845722198,-0.017299305647611618,0.6520637273788452,0.9996528625488281,0.42222076654434204,0.2523185610771179,-0.3636094331741333,0.915605902671814,0.9996675252914429,0.6800817847251892,0.32233700156211853,0.09915095567703247,0.9990852475166321,0.9999840259552002,0.6658522486686707,0.35563433170318604,-0.09933990985155106,0.9982706904411316,0.999987006187439,0.6784447431564331,0.280778706073761,0.07506093382835388,0.7772246599197388,0.9999364614486694,0.746997594833374,0.38451093435287476,-0.15920355916023254,0.9363404512405396,0.9998401403427124,0.6937095522880554,0.24598069489002228,0.06627294421195984,0.8427456021308899,0.9996316432952881,0.8063057661056519,0.4388536512851715,-0.12796461582183838,0.9146221876144409,0.9991236329078674,0.7042459845542908,0.24476146697998047,0.06259550899267197,0.8554294109344482,0.9993160963058472,0.8104658126831055,0.44278374314308167,-0.12739890813827515,0.8924329280853271,0.9983850717544556,0.6776490807533264,0.22857317328453064,0.007617839612066746,0.8695082664489746,0.9986737966537476,0.8370551466941833,0.44438400864601135,-0.23351478576660156,0.9140578508377075,0.997747004032135
35,1190,True,0.4979839324951172,0.2861078381538391,-0.15735459327697754,0.9991547465324402,0.9999896287918091,0.49900028109550476,0.28406307101249695,-0.13087812066078186,0.9983848333358765,0.9999868869781494,0.5019474625587463,0.2827288806438446,-0.13085000216960907,0.9982076287269592,0.9999861717224121,0.5033126473426819,0.28192439675331116,-0.130838543176651,0.9980357885360718,0.9999852180480957,0.4944344758987427,0.28604012727737427,-0.15916651487350464,0.9989373683929443,0.999988317489624,0.4923863410949707,0.2867317497730255,-0.15933960676193237,0.998882532119751,0.9999884366989136,0.4847763478755951,0.28814175724983215,-0.1593339443206787,0.9987756609916687,0.9999878406524658,0.5083392858505249,0.2833683490753174,-0.00468713091686368,0.9979856610298157,0.9999878406524658,0.4880966544151306,0.29637837409973145,-0.13228625059127808,0.9989413022994995,0.9999898672103882,0.5107704401016235,0.2896232306957245,-0.1081252321600914,0.9978324174880981,0.9999788999557495,0.5021359324455261,0.29220420122146606,-0.14509765803813934,0.9985313415527344,0.9999842643737793,0.5667065382003784,0.29223355650901794,0.10006671398878098,0.9986364245414734,0.9999672174453735,0.5026736259460449,0.3198287785053253,-0.19734340906143188,0.9989127516746521,0.9999902248382568,0.5399071574211121,0.2592410743236542,0.10012339800596237,0.6169434189796448,0.9999785423278809,0.45965439081192017,0.2960757911205292,-0.3327290713787079,0.976442813873291,0.9999704360961914,0.4919813275337219,0.23235759139060974,0.004444434307515621,0.7027975916862488,0.9997517466545105,0.42242833971977234,0.2578766942024231,-0.39831191301345825,0.9627028703689575,0.999871015548706,0.4841451346874237,0.22634117305278778,-0.016710719093680382,0.6443585753440857,0.9995104074478149,0.415973037481308,0.25251802802085876,-0.4421190917491913,0.9337953329086304,0.9997499585151672,0.4771093726158142,0.229696124792099,-0.029052667319774628,0.6376257538795471,0.999531626701355,0.41785919666290283,0.24998457729816437,-0.4160432517528534,0.9299106001853943,0.9997548460960388,0.4788883328437805,0.23173847794532776,-0.008237998001277447,0.6543338298797607,0.999637246131897,0.4220131039619446,0.25219833850860596,-0.38977935910224915,0.9205894470214844,0.9998152852058411,0.6695989370346069,0.33711719512939453,0.09381743520498276,0.9991753101348877,0.9999828338623047,0.6527815461158752,0.3616160750389099,-0.09402114897966385,0.998443067073822,0.9999905824661255,0.6798629760742188,0.3266630470752716,0.07168556749820709,0.7955032587051392,0.9999649524688721,0.7417313456535339,0.40359988808631897,-0.0960351750254631,0.9416251182556152,0.9999127388000488,0.6764749884605408,0.3239959478378296,0.10004115849733353,0.8564597368240356,0.9998200535774231,0.7841495871543884,0.46447595953941345,-0.020119022578001022,0.9213994741439819,0.9994240999221802,0.6770477294921875,0.3217998147010803,0.09891869127750397,0.867723822593689,0.999581515789032,0.7877655029296875,0.4713206887245178,-0.014982666820287704,0.8996679186820984,0.9989288449287415,0.6632497310638428,0.3261573016643524,0.02055874839425087,0.8805357813835144,0.998908281326294,0.810164213180542,0.4822815954685211,-0.11381686478853226,0.9209035634994507,0.9978328347206116
36,1224,True,0.49375271797180176,0.2885807156562805,-0.15434934198856354,0.9992364645004272,0.9999837875366211,0.49086880683898926,0.2857341766357422,-0.12805485725402832,0.9985404014587402,0.9999775886535645,0.4952569007873535,0.28389647603034973,-0.1280866265296936,0.9983810186386108,0.9999768733978271,0.49692216515541077,0.28328055143356323,-0.12811952829360962,0.9982244968414307,0.9999761581420898,0.4873603284358978,0.2875514626502991,-0.1589524894952774,0.9990413188934326,0.9999793767929077,0.48560646176338196,0.28842657804489136,-0.15915124118328094,0.9989922046661377,0.9999794960021973,0.4802405834197998,0.2908133566379547,-0.15914858877658844,0.9988949298858643,0.9999786615371704,0.4996759295463562,0.2875169515609741,0.0015373704954981804,0.9981809258460999,0.9999836683273315,0.47810256481170654,0.2992785573005676,-0.13943134248256683,0.9990460276603699,0.9999856948852539,0.5081519484519958,0.29102981090545654,-0.10486900806427002,0.9980405569076538,0.9999839067459106,0.49204742908477783,0.29480332136154175,-0.14535942673683167,0.9986730813980103,0.9999877214431763,0.5592203140258789,0.29978713393211365,0.10792127251625061,0.9987668991088867,0.999975323677063,0.4932551085948944,0.3231842815876007,-0.20763586461544037,0.9990202784538269,0.999991774559021,0.5371158719062805,0.26513203978538513,0.12436550855636597,0.6172192096710205,0.9999716281890869,0.45436298847198486,0.2977008819580078,-0.3733505308628082,0.9785268306732178,0.9999734163284302,0.49492526054382324,0.23229733109474182,0.053579479455947876,0.7061815857887268,0.9995514750480652,0.4211074709892273,0.2583795189857483,-0.434103786945343,0.9653416275978088,0.9998435974121094,0.48683419823646545,0.22630886733531952,0.035522542893886566,0.6463293433189392,0.9990930557250977,0.4156959056854248,0.2525070011615753,-0.4825989305973053,0.9375962615013123,0.9996644258499146,0.482163667678833,0.22841131687164307,0.02013041265308857,0.6396571397781372,0.9991194605827332,0.4170509874820709,0.2502339482307434,-0.456590861082077,0.9338107109069824,0.9996738433837891,0.483370304107666,0.2305939495563507,0.03929329663515091,0.6566929221153259,0.9993146657943726,0.4209684133529663,0.2524700164794922,-0.4268002510070801,0.9247592687606812,0.9997517466545105,0.6644428968429565,0.3512071669101715,0.09327206015586853,0.9992572665214539,0.9999822378158569,0.6409619450569153,0.37150418758392334,-0.09344954788684845,0.9985982775688171,0.9999886751174927,0.6997000575065613,0.3378680348396301,0.0684530958533287,0.81356281042099,0.9999525547027588,0.7217575907707214,0.42279142141342163,-0.0909644365310669,0.9465956687927246,0.9999127388000488,0.7113707065582275,0.348614901304245,0.10101725161075592,0.8692294955253601,0.9997127652168274,0.7255522608757019,0.49423694610595703,-0.0055016884580254555,0.9283497929573059,0.9992314577102661,0.7048063278198242,0.3507869839668274,0.1057194396853447,0.8782498240470886,0.9994441866874695,0.7243838906288147,0.501897931098938,3.608914266806096e-05,0.9071030020713806,0.9987541437149048,0.7233692407608032,0.35012516379356384,0.03511209040880203,0.8903622031211853,0.9983646273612976,0.7332627773284912,0.5220598578453064,-0.10548784583806992,0.9275490045547485,0.9970922470092773
37,1258,True,0.48666509985923767,0.2885662913322449,-0.10665865242481232,0.9992572665214539,0.9987781643867493,0.4808529019355774,0.28692254424095154,-0.08309471607208252,0.9985905289649963,0.9982171654701233,0.4835405945777893,0.28538206219673157,-0.083224818110466,0.9983850717544556,0.9983855485916138,0.4838730990886688,0.2851424217224121,-0.08336224406957626,0.9982826709747314,0.998531699180603,0.4791374206542969,0.2884397506713867,-0.12330388277769089,0.9990898966789246,0.9978454113006592,0.47812384366989136,0.2892676293849945,-0.12347983568906784,0.9990405440330505,0.9976832866668701,0.47574397921562195,0.29080110788345337,-0.12351217120885849,0.9989489316940308,0.9974737763404846,0.4833856225013733,0.2886195778846741,0.033787306398153305,0.9982362985610962,0.9990535378456116,0.4731542468070984,0.29913607239723206,-0.14229696989059448,0.9991027116775513,0.9980748891830444,0.4918915331363678,0.29167309403419495,-0.05993126705288887,0.9981515407562256,0.999330997467041,0.48535096645355225,0.29455214738845825,-0.11216020584106445,0.9987321496009827,0.9992566704750061,0.5432118773460388,0.30503159761428833,0.16232611238956451,0.9988579750061035,0.9996809959411621,0.4914231300354004,0.3225395381450653,-0.24782240390777588,0.9990851283073425,0.9993539452552795,0.5333799719810486,0.27033260464668274,0.19029314815998077,0.607123851776123,0.9997091889381409,0.4555802643299103,0.2959751784801483,-0.39949744939804077,0.9800817370414734,0.9983494281768799,0.4891205132007599,0.23245278000831604,0.10875473916530609,0.7133733630180359,0.9975938200950623,0.42079776525497437,0.25789642333984375,-0.42817530035972595,0.9670036435127258,0.9964859485626221,0.4815116822719574,0.22703571617603302,0.09488512575626373,0.6548566818237305,0.9950732588768005,0.4158604145050049,0.25215139985084534,-0.480254203081131,0.9404296278953552,0.9945865869522095,0.4761713147163391,0.2291831076145172,0.07621123641729355,0.6486924886703491,0.995400607585907,0.41789668798446655,0.25004616379737854,-0.45546212792396545,0.9367030262947083,0.9951424598693848,0.47905561327934265,0.2310885190963745,0.09227551519870758,0.6651346683502197,0.996256947517395,0.42122045159339905,0.25214847922325134,-0.4197562634944916,0.927217960357666,0.9955716133117676,0.6625406742095947,0.3762015104293823,0.11066564917564392,0.9993248581886292,0.9996009469032288,0.6344726085662842,0.38698771595954895,-0.1107294112443924,0.9986934065818787,0.9988272786140442,0.7602986693382263,0.4155126214027405,0.0705152228474617,0.8247074484825134,0.9981181621551514,0.6553769707679749,0.4546035826206207,-0.1395200788974762,0.9496778249740601,0.995153546333313,0.8392737507820129,0.46962302923202515,0.16715218126773834,0.8767151832580566,0.9807713627815247,0.6399791836738586,0.5246586799621582,-0.010653730481863022,0.9327561259269714,0.9752742648124695,0.8422355651855469,0.4790636897087097,0.17392407357692719,0.8790931701660156,0.968329131603241,0.6392408609390259,0.5330708026885986,-0.013146225363016129,0.9071405529975891,0.9733099341392517,0.8964307904243469,0.4653712213039398,0.08540884405374527,0.8909415602684021,0.9366248846054077,0.6491771340370178,0.5425072908401489,-0.12151139229536057,0.9288837313652039,0.9472090005874634
38,1292,True,0.48804935812950134,0.29333847761154175,-0.11468217521905899,0.9993029236793518,0.9996080994606018,0.48413002490997314,0.29151445627212524,-0.08902062475681305,0.9986706972122192,0.9991967082023621,0.48587357997894287,0.2908596992492676,-0.08911256492137909,0.9984463453292847,0.9991681575775146,0.48621389269828796,0.2904762327671051,-0.08920688927173615,0.9983757734298706,0.9991528987884521,0.4818352460861206,0.2932397723197937,-0.12751097977161407,0.9991521835327148,0.9992724061012268,0.4802156984806061,0.29475530982017517,-0.12769944965839386,0.9991031289100647,0.9992942810058594,0.47814318537712097,0.2957044243812561,-0.1277371048927307,0.9990222454071045,0.999263346195221,0.4870893657207489,0.29313841462135315,0.03661929443478584,0.9983339309692383,0.9993394017219543,0.47739702463150024,0.30402109026908875,-0.1368340104818344,0.9991747140884399,0.9994456171989441,0.4950897991657257,0.2980119585990906,-0.06568926572799683,0.9982947111129761,0.9997226595878601,0.4896969795227051,0.2999107539653778,-0.11572712659835815,0.9988303184509277,0.9997871518135071,0.5400230288505554,0.3129566013813019,0.15086854994297028,0.998944878578186,0.9995552897453308,0.4900493621826172,0.32851070165634155,-0.2433399260044098,0.9991666674613953,0.999794065952301,0.5216048359870911,0.27323246002197266,0.15543290972709656,0.6188948154449463,0.9995792508125305,0.4552716016769409,0.2966431975364685,-0.3861744701862335,0.9818088412284851,0.999588668346405,0.4853271543979645,0.23662622272968292,0.06897487491369247,0.724392831325531,0.9977051615715027,0.421697199344635,0.2576970160007477,-0.3834882378578186,0.968881368637085,0.999110758304596,0.47303542494773865,0.23260906338691711,0.04774115979671478,0.6632983684539795,0.9953861832618713,0.41641077399253845,0.2519318759441376,-0.43474194407463074,0.9425840377807617,0.9980208873748779,0.46997955441474915,0.23227934539318085,0.03299063444137573,0.6573326587677002,0.9955423474311829,0.41818967461586,0.2498006373643875,-0.4078839123249054,0.9387736320495605,0.998126208782196,0.47596752643585205,0.23500604927539825,0.053273241966962814,0.6739129424095154,0.9964596629142761,0.4218442142009735,0.25195038318634033,-0.3743254244327545,0.9291446805000305,0.9985752105712891,0.6602678894996643,0.39257434010505676,0.1086977869272232,0.9993831515312195,0.9994640946388245,0.6280568242073059,0.4079121947288513,-0.10873907804489136,0.9988104701042175,0.9994915723800659,0.745815098285675,0.4347902238368988,0.07374490797519684,0.83590167760849,0.9977206587791443,0.6582099199295044,0.4994383454322815,-0.13166353106498718,0.9536929726600647,0.9981887936592102,0.8268259763717651,0.4807400107383728,0.23423315584659576,0.881028413772583,0.9891892671585083,0.661749005317688,0.5947660207748413,-0.021881386637687683,0.9385054707527161,0.9829711318016052,0.8277162909507751,0.4937971234321594,0.24712200462818146,0.8762536644935608,0.9843800067901611,0.6597055792808533,0.5992382764816284,-0.017477860674262047,0.9105128645896912,0.9742189645767212,0.8745384812355042,0.4778239130973816,0.16513335704803467,0.8897491693496704,0.9682984948158264,0.666068971157074,0.6165202856063843,-0.17737220227718353,0.9333244562149048,0.94589763879776
39,1326,True,0.48391082882881165,0.29609930515289307,-0.09531716257333755,0.9993401169776917,0.999634861946106,0.48370179533958435,0.29561230540275574,-0.07517771422863007,0.9987260699272156,0.9994295239448547,0.4846958518028259,0.29544302821159363,-0.07526895403862,0.9985070824623108,0.999441921710968,0.4847049415111542,0.29528504610061646,-0.07538838684558868,0.9984685778617859,0.9994593262672424,0.4819229543209076,0.2965675890445709,-0.11225266009569168,0.9992051124572754,0.9993563294410706,0.48091861605644226,0.29727035760879517,-0.11245013028383255,0.9991651177406311,0.9993174076080322,0.47935739159584045,0.2977212071418762,-0.11245168000459671,0.9990867376327515,0.9992511868476868,0.4820452928543091,0.3003603219985962,0.024244308471679688,0.9984375238418579,0.9995263814926147,0.47777456045150757,0.3039245009422302,-0.14056365191936493,0.9992294907569885,0.9992714524269104,0.49163416028022766,0.30093705654144287,-0.05619363859295845,0.998399555683136,0.9995852112770081,0.48827695846557617,0.30197471380233765,-0.10420440882444382,0.9988894462585449,0.9995444416999817,0.5303630232810974,0.32331281900405884,0.13329827785491943,0.9990040063858032,0.9996651411056519,0.4920024573802948,0.326056569814682,-0.2433830052614212,0.9992143511772156,0.9995623230934143,0.5055029392242432,0.2790506184101105,0.14141817390918732,0.6315125823020935,0.999893307685852,0.4606090486049652,0.29185065627098083,-0.3758334219455719,0.9827818274497986,0.9996846914291382,0.47321659326553345,0.2397649735212326,0.06834542751312256,0.7354990839958191,0.9993744492530823,0.43800783157348633,0.24797466397285461,-0.38615626096725464,0.968399703502655,0.9989390969276428,0.47138524055480957,0.23321762681007385,0.05050615221261978,0.6746280193328857,0.9985517859458923,0.4260989725589752,0.24354135990142822,-0.43837347626686096,0.9418961405754089,0.9978169202804565,0.4625878930091858,0.23567219078540802,0.03568941727280617,0.6686059832572937,0.9985978007316589,0.4278259575366974,0.24293291568756104,-0.41464918851852417,0.9379360675811768,0.997974693775177,0.46721598505973816,0.23742029070854187,0.05364323779940605,0.6835238337516785,0.9989728927612305,0.4330178201198578,0.244950532913208,-0.379411518573761,0.928096354007721,0.9984641075134277,0.6460411548614502,0.41216787695884705,0.10786546766757965,0.9994351267814636,0.9997958540916443,0.6153213381767273,0.4208345413208008,-0.10790002346038818,0.998906672000885,0.9996857643127441,0.7374095320701599,0.48950737714767456,0.07896047085523605,0.8356982469558716,0.998781144618988,0.6353911757469177,0.5169385671615601,-0.13120460510253906,0.9555137157440186,0.9982897639274597,0.7513296604156494,0.5457385778427124,0.20692108571529388,0.8812015056610107,0.9939542412757874,0.5885165929794312,0.584904670715332,-0.030951587483286858,0.9427332282066345,0.9944301247596741,0.7408786416053772,0.5556038022041321,0.21421431005001068,0.872378945350647,0.990849494934082,0.5828144550323486,0.5908526182174683,-0.030047893524169922,0.9139742851257324,0.9927283525466919,0.8073911070823669,0.5566924810409546,0.1263778954744339,0.887204647064209,0.9851775765419006,0.5816618800163269,0.6062694787979126,-0.17831817269325256,0.936252236366272,0.9863813519477844
40,1360,True,0.49130338430404663,0.2985808849334717,-0.11467642337083817,0.999378502368927,0.9998014569282532,0.48567327857017517,0.2986779808998108,-0.09376618266105652,0.9988094568252563,0.9997925162315369,0.4850773215293884,0.29868006706237793,-0.09380282461643219,0.9986018538475037,0.9998132586479187,0.4862396717071533,0.29864799976348877,-0.09386291354894638,0.998574435710907,0.9998266100883484,0.4854414165019989,0.2994410991668701,-0.11770409345626831,0.9992622137069702,0.9997335076332092,0.48439568281173706,0.30000343918800354,-0.11781933158636093,0.9992282390594482,0.9997058510780334,0.48310360312461853,0.3004385232925415,-0.11789211630821228,0.999148428440094,0.9996689558029175,0.484740287065506,0.30503010749816895,0.015749337151646614,0.9985733032226562,0.99989914894104,0.48025771975517273,0.3069233298301697,-0.19040262699127197,0.9992963671684265,0.9997356534004211,0.493703156709671,0.3047873377799988,-0.07370935380458832,0.9985169768333435,0.9998347759246826,0.49240827560424805,0.3056853413581848,-0.10893816500902176,0.9989525079727173,0.9997671246528625,0.5138800740242004,0.3271864652633667,0.1189379170536995,0.9990903735160828,0.9999779462814331,0.4922572374343872,0.32815951108932495,-0.30633193254470825,0.9992823600769043,0.9998592138290405,0.4939076006412506,0.2853352129459381,0.14737991988658905,0.6031584143638611,0.9999382495880127,0.46767503023147583,0.2917017936706543,-0.42536675930023193,0.983956515789032,0.9996397495269775,0.47193849086761475,0.24248361587524414,0.06967875361442566,0.7185724973678589,0.9991098046302795,0.445588082075119,0.24479174613952637,-0.4384785592556,0.9692384004592896,0.9976761937141418,0.4708133637905121,0.23599322140216827,0.05297185108065605,0.662777841091156,0.9980068802833557,0.433371901512146,0.2396543323993683,-0.4989149272441864,0.9434041976928711,0.9962647557258606,0.4634603261947632,0.23708248138427734,0.026915566995739937,0.6574549078941345,0.9979434609413147,0.4402238130569458,0.2374015748500824,-0.47445815801620483,0.9394736289978027,0.996309220790863,0.4671195447444916,0.23992860317230225,0.050066836178302765,0.6736520528793335,0.9984493255615234,0.43768349289894104,0.24153566360473633,-0.4318794310092926,0.9294630885124207,0.9969424605369568,0.6279701590538025,0.42383211851119995,0.11858368664979935,0.9994911551475525,0.9999587535858154,0.594598650932312,0.4328128397464752,-0.11857645958662033,0.9990140795707703,0.9998289346694946,0.713803768157959,0.48186546564102173,0.22913525998592377,0.8502537608146667,0.99977046251297,0.6045730710029602,0.5100236535072327,-0.062430523335933685,0.9596547484397888,0.9991466999053955,0.7778117060661316,0.5312921404838562,0.43106240034103394,0.8910757303237915,0.9970279335975647,0.5184718370437622,0.5437851548194885,0.1995348185300827,0.947619616985321,0.9961131811141968,0.7752698063850403,0.5445315837860107,0.4470521807670593,0.8816315531730652,0.9952829480171204,0.5019693374633789,0.545575737953186,0.22556918859481812,0.9213815927505493,0.9959349632263184,0.8264939785003662,0.5386809706687927,0.3883059620857239,0.8949885368347168,0.9908649325370789,0.5232732892036438,0.5579412579536438,0.17431649565696716,0.9408072829246521,0.994361400604248
41,1394,True,0.49793776869773865,0.30508801341056824,-0.060521140694618225,0.999380886554718,0.9993860721588135,0.48718589544296265,0.3040607273578644,-0.044733550399541855,0.9988487958908081,0.9993464350700378,0.4855493903160095,0.30403780937194824,-0.04492146149277687,0.9986242055892944,0.999398946762085,0.48765185475349426,0.30380702018737793,-0.04514022544026375,0.9986328482627869,0.9994416832923889,0.487537682056427,0.30468082427978516,-0.08567710220813751,0.9992996454238892,0.9992111921310425,0.48609182238578796,0.30502957105636597,-0.08589325100183487,0.9992659091949463,0.9991525411605835,0.48447778820991516,0.30511143803596497,-0.08591529726982117,0.9991877675056458,0.9990791082382202,0.4843288064002991,0.30909743905067444,0.034525152295827866,0.9986652731895447,0.9996399879455566,0.4813177287578583,0.31177666783332825,-0.17641688883304596,0.9993413686752319,0.9992730021476746,0.49607184529304504,0.3127208352088928,-0.027539623901247978,0.9985764026641846,0.9993891716003418,0.4961700737476349,0.3133663535118103,-0.08194463700056076,0.9989690780639648,0.9992679953575134,0.5029546618461609,0.33850693702697754,0.1262979954481125,0.9991366267204285,0.9998854398727417,0.4874591529369354,0.3319757282733917,-0.28407397866249084,0.99931800365448,0.9996622800827026,0.4760622978210449,0.28929948806762695,0.20386183261871338,0.5664746165275574,0.9998438358306885,0.4719479978084564,0.2829482853412628,-0.3897566795349121,0.9845655560493469,0.9994543194770813,0.4737025499343872,0.2449924498796463,0.18949492275714874,0.6891447901725769,0.9973278045654297,0.445725679397583,0.2411024570465088,-0.3285829722881317,0.9684803485870361,0.9955348968505859,0.47598928213119507,0.2364443987607956,0.1840139776468277,0.6409597992897034,0.9940685033798218,0.43494969606399536,0.23947766423225403,-0.378886342048645,0.9425706267356873,0.9920457601547241,0.4665325880050659,0.23876436054706573,0.15028007328510284,0.6367287039756775,0.9936019778251648,0.4391334652900696,0.2380213439464569,-0.3566316068172455,0.9385597109794617,0.9921891689300537,0.4688164293766022,0.24103836715221405,0.16802361607551575,0.6550902128219604,0.9952319264411926,0.43929973244667053,0.24109867215156555,-0.3219541013240814,0.9286121726036072,0.9936554431915283,0.6034024357795715,0.44222965836524963,0.11604048311710358,0.9995401501655579,0.999915599822998,0.5763510465621948,0.4452674388885498,-0.11605797708034515,0.9991058707237244,0.9997856020927429,0.6544366478919983,0.5211547017097473,0.19744108617305756,0.8573961853981018,0.9994213581085205,0.5393391251564026,0.5221773982048035,-0.06075470149517059,0.962214469909668,0.9981198906898499,0.6604171991348267,0.5852293968200684,0.35498082637786865,0.8951285481452942,0.9940137267112732,0.4844665825366974,0.5575389862060547,0.15788356959819794,0.9505467414855957,0.994317352771759,0.6518298387527466,0.5943635702133179,0.3682418465614319,0.8836842179298401,0.9902054667472839,0.4714334309101105,0.5579407811164856,0.17918214201927185,0.92622971534729,0.9943140745162964,0.6868146657943726,0.6044348478317261,0.3044682741165161,0.8965643644332886,0.9816210865974426,0.47537922859191895,0.575543999671936,0.1247728243470192,0.9427220225334167,0.9899424314498901
42,1428,True,0.4968658983707428,0.3028029203414917,-0.05685656890273094,0.9994387030601501,0.9999638795852661,0.4854910969734192,0.3002135157585144,-0.03494406118988991,0.9989557266235352,0.999966025352478,0.48448440432548523,0.300053209066391,-0.035124603658914566,0.9987520575523376,0.9999701976776123,0.4849359393119812,0.29990723729133606,-0.03532854840159416,0.9987615346908569,0.9999728202819824,0.4845774471759796,0.3010360598564148,-0.08703505247831345,0.9993659853935242,0.9999539852142334,0.48281168937683105,0.30164700746536255,-0.08723102509975433,0.9993366003036499,0.9999487400054932,0.480774849653244,0.30216184258461,-0.0871923491358757,0.9992643594741821,0.999940037727356,0.4766902029514313,0.3048836290836334,0.07354549318552017,0.9987959861755371,0.9999845027923584,0.4716719686985016,0.3098234534263611,-0.1737322211265564,0.9994058012962341,0.9999513626098633,0.4928430914878845,0.30887481570243835,-0.013093029148876667,0.9987112283706665,0.999954104423523,0.4914773404598236,0.3093842566013336,-0.08215247094631195,0.9990643262863159,0.9999353885650635,0.4886115491390228,0.3388543426990509,0.21357665956020355,0.9992146492004395,0.9999818801879883,0.4704414904117584,0.3303462564945221,-0.29708337783813477,0.9993774890899658,0.9999088048934937,0.47465887665748596,0.2887320816516876,0.3660880923271179,0.5308253765106201,0.9999417066574097,0.46864306926727295,0.278502881526947,-0.3857288658618927,0.9857487082481384,0.9998581409454346,0.47630584239959717,0.24951286613941193,0.39697137475013733,0.6480710506439209,0.9994531273841858,0.4605424106121063,0.23779407143592834,-0.20794543623924255,0.9679138660430908,0.9994333386421204,0.4798707664012909,0.23960646986961365,0.40920037031173706,0.6048034429550171,0.9988797307014465,0.45854276418685913,0.23096933960914612,-0.2410467565059662,0.9407243728637695,0.9989175796508789,0.4755297899246216,0.24047768115997314,0.3727917969226837,0.6012119054794312,0.998737633228302,0.45924827456474304,0.2336292713880539,-0.21450704336166382,0.9363662004470825,0.9988033771514893,0.47230175137519836,0.24291500449180603,0.3755249083042145,0.6219534873962402,0.99908447265625,0.45923516154289246,0.23612013459205627,-0.19639532268047333,0.9261403679847717,0.9991494417190552,0.5775308012962341,0.45396000146865845,0.13123802840709686,0.9995858073234558,0.9999816417694092,0.5436440706253052,0.4520772099494934,-0.13115303218364716,0.9991928339004517,0.9999229907989502,0.6299765706062317,0.5268480181694031,0.15638741850852966,0.8706603050231934,0.9998717308044434,0.4804759919643402,0.5292888879776001,-0.04909557104110718,0.9655476808547974,0.999504804611206,0.654988169670105,0.6129755973815918,0.2844086289405823,0.9046051502227783,0.9985852241516113,0.3792520761489868,0.5454680919647217,0.24742858111858368,0.9545786380767822,0.9984096884727478,0.6392507553100586,0.6254779696464539,0.2911648154258728,0.8933591842651367,0.997739315032959,0.35770103335380554,0.5416883230209351,0.2791169285774231,0.9324672222137451,0.9985381364822388,0.6683720350265503,0.6339369416236877,0.22162507474422455,0.9052668809890747,0.9949151277542114,0.3693053424358368,0.5670021176338196,0.2638058662414551,0.9468719363212585,0.9979367256164551
43,1462,True,0.48984935879707336,0.3052288293838501,0.0041882349178195,0.9994716644287109,0.9998471736907959,0.4720819294452667,0.30127856135368347,0.02019313909113407,0.9990285038948059,0.9998074173927307,0.47018906474113464,0.301719605922699,0.02008749172091484,0.9988303780555725,0.999812662601471,0.468887597322464,0.30214446783065796,0.01993514969944954,0.998859167098999,0.9998108744621277,0.47267431020736694,0.3009711802005768,-0.02798100933432579,0.9994097352027893,0.999789297580719,0.4713385999202728,0.30125555396080017,-0.028223909437656403,0.9993801116943359,0.9997848868370056,0.47075459361076355,0.3021588921546936,-0.028224928304553032,0.9993172287940979,0.9997640252113342,0.463495135307312,0.3061210811138153,0.097691610455513,0.9988899827003479,0.9998548030853271,0.45897531509399414,0.3078397810459137,-0.1261865794658661,0.9994420409202576,0.9998002648353577,0.4820302426815033,0.3135583698749542,0.037060633301734924,0.99879390001297,0.9997871518135071,0.4808146059513092,0.31316715478897095,-0.02637217566370964,0.9991061687469482,0.9997742772102356,0.4670547842979431,0.34350746870040894,0.21387633681297302,0.9992682933807373,0.999854326248169,0.4555976986885071,0.3289504647254944,-0.27735936641693115,0.9994242191314697,0.9998699426651001,0.4798037111759186,0.3219567537307739,0.3478046655654907,0.49236440658569336,0.9996814727783203,0.46631762385368347,0.2717042565345764,-0.3808707892894745,0.9858709573745728,0.999784529209137,0.5041354894638062,0.30656641721725464,0.36800307035446167,0.603242039680481,0.9986963868141174,0.46632638573646545,0.2382478266954422,-0.2637682259082794,0.9625672101974487,0.9989393353462219,0.5114260911941528,0.3032415211200714,0.3824341297149658,0.5657224655151367,0.9979380965232849,0.4658927619457245,0.23090603947639465,-0.3026066720485687,0.93147212266922,0.9977686405181885,0.5104647874832153,0.30444371700286865,0.3448886275291443,0.5630730986595154,0.9977185726165771,0.4653894603252411,0.23300743103027344,-0.2694033980369568,0.9263056516647339,0.9977082014083862,0.5072422027587891,0.305197149515152,0.34824779629707336,0.5840399265289307,0.9982289671897888,0.4658910930156708,0.2366163432598114,-0.2515625059604645,0.9158418774604797,0.9983687996864319,0.5292285680770874,0.4566827714443207,0.12921148538589478,0.9996190071105957,0.9999203681945801,0.5147057175636292,0.45041781663894653,-0.12922635674476624,0.9992620348930359,0.9999077320098877,0.5514558553695679,0.5268913507461548,0.21876761317253113,0.8637566566467285,0.9992257356643677,0.5054270625114441,0.5228449702262878,-0.056610580533742905,0.9671401381492615,0.9989898800849915,0.5247474908828735,0.5775557160377502,0.33383801579475403,0.9002146124839783,0.9971165657043457,0.4340129494667053,0.5618598461151123,0.13481801748275757,0.9570072889328003,0.9976673126220703,0.5133069157600403,0.5839711427688599,0.34250307083129883,0.8863281011581421,0.9961585402488708,0.4218783378601074,0.5628951787948608,0.1537637859582901,0.9348726272583008,0.9975881576538086,0.5309452414512634,0.5963923335075378,0.2779810130596161,0.9015554785728455,0.994729220867157,0.42696261405944824,0.5851179361343384,0.0854516327381134,0.948796808719635,0.996436357498169
44,1496,True,0.47534269094467163,0.3062908351421356,0.14511238038539886,0.9995120167732239,0.9999412298202515,0.4583352506160736,0.30091485381126404,0.16183939576148987,0.9991097450256348,0.9999209642410278,0.45642128586769104,0.3015166223049164,0.16175289452075958,0.9989249110221863,0.9999240636825562,0.4547979533672333,0.3021007478237152,0.1616840958595276,0.9989603161811829,0.9999252557754517,0.4612743854522705,0.30094078183174133,0.11488999426364899,0.9994602799415588,0.999914288520813,0.45798084139823914,0.3003068268299103,0.11462299525737762,0.9994336366653442,0.9999127388000488,0.45855051279067993,0.3014642894268036,0.11467844992876053,0.9993767142295837,0.9999064207077026,0.44206568598747253,0.30745357275009155,0.22868260741233826,0.9989910125732422,0.9999531507492065,0.4478333294391632,0.30692005157470703,0.015079430304467678,0.9994887709617615,0.9999359846115112,0.4672510325908661,0.31438323855400085,0.17317692935466766,0.9988821744918823,0.9999381303787231,0.4672173261642456,0.31372684240341187,0.11149418354034424,0.9991639852523804,0.9999346733093262,0.4449753165245056,0.3478592336177826,0.33807510137557983,0.999336838722229,0.9999748468399048,0.4435499906539917,0.3281049430370331,-0.15560829639434814,0.9994787573814392,0.9999759197235107,0.46991586685180664,0.34512731432914734,0.5169282555580139,0.45132976770401,0.9999196529388428,0.459414541721344,0.2737544775009155,-0.25334471464157104,0.9859603643417358,0.9999481439590454,0.49888381361961365,0.3391631245613098,0.610083281993866,0.5570355653762817,0.9996665716171265,0.4650244414806366,0.23760263621807098,-0.1256733536720276,0.9580829739570618,0.9996646642684937,0.5014578104019165,0.3390001058578491,0.6437315344810486,0.5256993770599365,0.999421238899231,0.4653662443161011,0.22952815890312195,-0.14772777259349823,0.9252457618713379,0.9992241859436035,0.49907997250556946,0.3395371437072754,0.6085983514785767,0.523385763168335,0.9993334412574768,0.46481776237487793,0.2327961027622223,-0.11946690827608109,0.9194912314414978,0.9991428852081299,0.49723005294799805,0.3386392295360565,0.5951806902885437,0.5438306927680969,0.999504566192627,0.4612692892551422,0.2366408109664917,-0.11323126405477524,0.9084973931312561,0.999416708946228,0.48936927318573,0.45077618956565857,0.13829003274440765,0.999656617641449,0.9999833106994629,0.46912357211112976,0.44177594780921936,-0.1385825276374817,0.999334454536438,0.9999676942825317,0.5199373364448547,0.5266227126121521,0.19470134377479553,0.8641068339347839,0.9998903274536133,0.46015456318855286,0.5127448439598083,-0.14412611722946167,0.9681637287139893,0.9997735619544983,0.5132246017456055,0.6020923852920532,0.10508140176534653,0.907491147518158,0.999516487121582,0.33546438813209534,0.5592676401138306,-0.1278586983680725,0.9600875973701477,0.9994920492172241,0.4997621774673462,0.6146496534347534,0.09448162466287613,0.8935133814811707,0.999231219291687,0.3033919930458069,0.5617688894271851,-0.12550044059753418,0.938825249671936,0.9994377493858337,0.5474491715431213,0.6207734942436218,0.004368434194475412,0.9088228940963745,0.9983751773834229,0.3417404294013977,0.5921698212623596,-0.19022850692272186,0.9525150656700134,0.9988667964935303
45,1530,True,0.4530395567417145,0.3045847415924072,0.29580482840538025,0.9995529651641846,0.9999938011169434,0.4446813762187958,0.2999902665615082,0.32391470670700073,0.9991859793663025,0.9999905824661255,0.4437809884548187,0.3003728985786438,0.3239574730396271,0.9990153312683105,0.9999901056289673,0.44294556975364685,0.30076777935028076,0.32408407330513,0.9990541934967041,0.9999895095825195,0.4417770504951477,0.3004002273082733,0.27978238463401794,0.9995082020759583,0.9999910593032837,0.43580499291419983,0.2997467517852783,0.2794611155986786,0.9994843006134033,0.9999914169311523,0.4343036115169525,0.3012907803058624,0.27954530715942383,0.9994335770606995,0.9999910593032837,0.43236735463142395,0.3058949410915375,0.4089832007884979,0.9990790486335754,0.9999904632568359,0.4274255633354187,0.3062979578971863,0.21053855121135712,0.9995331764221191,0.999991774559021,0.45112600922584534,0.3119114339351654,0.3263378143310547,0.9989575743675232,0.9999772310256958,0.44925180077552795,0.31174978613853455,0.2683351933956146,0.9992126822471619,0.9999806880950928,0.4316287040710449,0.3456050753593445,0.48484060168266296,0.999389111995697,0.9999353885650635,0.42403101921081543,0.3250899612903595,0.0325806587934494,0.999527633190155,0.9999774694442749,0.46090659499168396,0.3294690251350403,0.6313391327857971,0.415576308965683,0.9999648332595825,0.4597637951374054,0.2679218351840973,-0.01431355345994234,0.9857779145240784,0.9999750852584839,0.4845987558364868,0.31169846653938293,0.7382252216339111,0.517073392868042,0.9999172687530518,0.4665989875793457,0.23799720406532288,0.15523190796375275,0.9495538473129272,0.9998959302902222,0.48661524057388306,0.3083615303039551,0.7669587731361389,0.4907779097557068,0.9998582601547241,0.4693905711174011,0.23058561980724335,0.14523929357528687,0.9142311215400696,0.9997588992118835,0.4874894320964813,0.30994635820388794,0.7391059994697571,0.4883662760257721,0.999840497970581,0.46743762493133545,0.23363737761974335,0.16565918922424316,0.9075494408607483,0.9997206330299377,0.48601874709129333,0.3103531002998352,0.7248355150222778,0.5084866881370544,0.9998890161514282,0.4649468660354614,0.2370036095380783,0.1664322167634964,0.8956688642501831,0.9998214840888977,0.4513697624206543,0.4428293704986572,0.13995081186294556,0.9996895790100098,0.9999752044677734,0.4301239550113678,0.434705913066864,-0.14008809626102448,0.9993990063667297,0.9999772310256958,0.45636680722236633,0.5261778831481934,0.13636954128742218,0.8616431951522827,0.9999402761459351,0.4068070650100708,0.5097042322158813,-0.20531198382377625,0.9695156812667847,0.9999357461929321,0.4120975136756897,0.6039187908172607,-0.001979171298444271,0.913817286491394,0.9999234676361084,0.2879735827445984,0.5678899884223938,-0.2851811945438385,0.962964653968811,0.9999200105667114,0.3907962441444397,0.6198614239692688,-0.02333143539726734,0.9012372493743896,0.9998971223831177,0.2633020877838135,0.578642725944519,-0.2962929606437683,0.942844033241272,0.999904990196228,0.4508187174797058,0.6290865540504456,-0.12608078122138977,0.915636420249939,0.9997071623802185,0.2857227921485901,0.6117973923683167,-0.3913380205631256,0.9560150504112244,0.9997889399528503
46,1564,True,0.43619105219841003,0.3035769462585449,0.36040034890174866,0.9995583295822144,0.9999911785125732,0.4266948699951172,0.2992110848426819,0.38905104994773865,0.9992114305496216,0.9999886751174927,0.4258085787296295,0.2995932698249817,0.3890804648399353,0.9990496635437012,0.9999889135360718,0.42484331130981445,0.29976290464401245,0.3893037438392639,0.9991109371185303,0.9999884366989136,0.42444339394569397,0.29667043685913086,0.3464150130748749,0.9995280504226685,0.9999885559082031,0.4223785102367401,0.2961612939834595,0.34615400433540344,0.9995118975639343,0.9999887943267822,0.4209313690662384,0.29633861780166626,0.34620511531829834,0.9994648694992065,0.999988317489624,0.41367557644844055,0.3046981990337372,0.4665268063545227,0.999126672744751,0.9999891519546509,0.4112260937690735,0.3006342053413391,0.273377388715744,0.9995534420013428,0.9999887943267822,0.4347853660583496,0.31137222051620483,0.38622742891311646,0.998918354511261,0.9999758005142212,0.4338856637477875,0.31026536226272583,0.32998019456863403,0.9991447329521179,0.9999767541885376,0.40100371837615967,0.3439936339855194,0.5208055377006531,0.9994374513626099,0.9999566078186035,0.4091857969760895,0.31559324264526367,0.08334980905056,0.9995726943016052,0.9999885559082031,0.43137282133102417,0.34506338834762573,0.6027916073799133,0.38245779275894165,0.999976634979248,0.45501238107681274,0.2656537890434265,0.02737075462937355,0.9862172603607178,0.999993085861206,0.4580550193786621,0.33768460154533386,0.6511144638061523,0.4838619828224182,0.9999599456787109,0.46636784076690674,0.23477201163768768,0.19544459879398346,0.9492323398590088,0.9999363422393799,0.4607880413532257,0.33562931418418884,0.6743618249893188,0.4628109931945801,0.9999363422393799,0.47037044167518616,0.22675064206123352,0.1870877593755722,0.9127204418182373,0.9998241066932678,0.46556994318962097,0.33760228753089905,0.6497579216957092,0.46030858159065247,0.99992835521698,0.4671400785446167,0.23037943243980408,0.21325431764125824,0.9054697155952454,0.9998067021369934,0.4637170433998108,0.3372364640235901,0.6377065777778625,0.4795840084552765,0.9999516010284424,0.4649696350097656,0.2328481376171112,0.20842114090919495,0.8941687941551208,0.9998822212219238,0.41421014070510864,0.4344147741794586,0.14136755466461182,0.9997194409370422,0.9999823570251465,0.4011198580265045,0.4335002303123474,-0.1416323482990265,0.999457836151123,0.9999897480010986,0.390733003616333,0.5149860382080078,0.11194998770952225,0.853308916091919,0.9999175071716309,0.38198068737983704,0.5053972601890564,-0.22889845073223114,0.970867395401001,0.9999420642852783,0.29686611890792847,0.5871024131774902,-0.016529006883502007,0.9195619821548462,0.9999485015869141,0.25301089882850647,0.5573564171791077,-0.33629462122917175,0.965748131275177,0.9999494552612305,0.2757079601287842,0.5943378806114197,-0.03774009272456169,0.9094277024269104,0.9999419450759888,0.22512617707252502,0.5574946999549866,-0.350213885307312,0.9472268223762512,0.9999403953552246,0.3082053065299988,0.616044819355011,-0.11717171967029572,0.9218418002128601,0.9998819828033447,0.24656565487384796,0.5910876989364624,-0.4325926899909973,0.9592806696891785,0.9998898506164551
47,1598,True,0.41854768991470337,0.29342949390411377,0.36395031213760376,0.99955153465271,0.9999680519104004,0.4121565818786621,0.28658148646354675,0.38557010889053345,0.9992133378982544,0.9999639987945557,0.41158807277679443,0.2890036702156067,0.38558727502822876,0.9990612864494324,0.9999650716781616,0.4102470278739929,0.2888616919517517,0.385729044675827,0.9991492033004761,0.9999651908874512,0.41203027963638306,0.2853250503540039,0.34250518679618835,0.9995431303977966,0.9999626874923706,0.4106757342815399,0.28478115797042847,0.34223097562789917,0.9995355606079102,0.999963641166687,0.4094422161579132,0.28415244817733765,0.3423178493976593,0.9994917511940002,0.9999631643295288,0.3902629017829895,0.29070496559143066,0.44735223054885864,0.9991716146469116,0.9999675750732422,0.3962041735649109,0.28534209728240967,0.2528206408023834,0.9995735287666321,0.9999665021896362,0.4164291322231293,0.30068278312683105,0.38680920004844666,0.9988516569137573,0.9999014139175415,0.41606876254081726,0.2988658845424652,0.32995638251304626,0.9990848898887634,0.9999141693115234,0.3735704720020294,0.3321310877799988,0.50616055727005,0.999472439289093,0.9998748302459717,0.3884609639644623,0.2983434498310089,0.07760940492153168,0.9996125102043152,0.9999693632125854,0.41692543029785156,0.3304818272590637,0.6004616618156433,0.3536832928657532,0.9999526739120483,0.45035845041275024,0.26560869812965393,0.04910790175199509,0.9851386547088623,0.9999779462814331,0.44595658779144287,0.31674808263778687,0.6654350757598877,0.4531264901161194,0.9999239444732666,0.47490862011909485,0.23201636970043182,0.2292165905237198,0.9452481865882874,0.9999016523361206,0.44965502619743347,0.31883639097213745,0.694671094417572,0.4365330636501312,0.9998741149902344,0.4790080189704895,0.22442090511322021,0.2273620218038559,0.9086946845054626,0.9997714161872864,0.45485445857048035,0.32221439480781555,0.6725567579269409,0.43398013710975647,0.9998573064804077,0.4720456302165985,0.2260613739490509,0.2519678473472595,0.9009596705436707,0.9997395873069763,0.4532095491886139,0.3203597664833069,0.6539347171783447,0.4531536400318146,0.9999039173126221,0.4699108600616455,0.23027543723583221,0.24367474019527435,0.8892123699188232,0.999840259552002,0.37717872858047485,0.42542847990989685,0.14135068655014038,0.9997445344924927,0.9999569654464722,0.3703823387622833,0.4150587022304535,-0.14162343740463257,0.9995097517967224,0.9999799728393555,0.3673131763935089,0.5029319524765015,0.10953263938426971,0.8308274745941162,0.9998192191123962,0.38167834281921387,0.5007281303405762,-0.21743223071098328,0.9688010215759277,0.9998666048049927,0.23975376784801483,0.5622522830963135,0.011705598793923855,0.9144688844680786,0.9999048709869385,0.2395068258047104,0.5534083843231201,-0.3166261911392212,0.9665517210960388,0.9998844861984253,0.21797767281532288,0.588297963142395,-0.004808744881302118,0.9122456908226013,0.9998946189880371,0.2135366052389145,0.5393801331520081,-0.3290848433971405,0.950289785861969,0.9998610019683838,0.2231978476047516,0.5822011828422546,-0.04353150352835655,0.920697808265686,0.9997623562812805,0.22967906296253204,0.5756380558013916,-0.3886737525463104,0.9609144926071167,0.999729335308075
48,1632,True,0.40147095918655396,0.2920859158039093,0.44511115550994873,0.9995706081390381,0.9999966621398926,0.3990399241447449,0.28722941875457764,0.47245797514915466,0.9992464780807495,0.9999938011169434,0.39151328802108765,0.2880854904651642,0.4724864959716797,0.9990984797477722,0.9999934434890747,0.39032500982284546,0.2876760959625244,0.47260719537734985,0.999201774597168,0.999992847442627,0.3961043059825897,0.2855580449104309,0.4286992847919464,0.9995737075805664,0.9999938011169434,0.3950614035129547,0.28494831919670105,0.4283335506916046,0.9995683431625366,0.9999938011169434,0.3937687873840332,0.2843015789985657,0.42845433950424194,0.9995303153991699,0.9999929666519165,0.37344691157341003,0.28976067900657654,0.5327081084251404,0.9992258548736572,0.999993085861206,0.37566646933555603,0.28513315320014954,0.3330792486667633,0.9996026754379272,0.9999936819076538,0.39104148745536804,0.29895853996276855,0.4660670757293701,0.998894214630127,0.9999891519546509,0.39417800307273865,0.29780134558677673,0.40738004446029663,0.999122142791748,0.999990701675415,0.34242382645606995,0.327323317527771,0.5464956760406494,0.999520480632782,0.9999799728393555,0.3628685474395752,0.29977697134017944,0.15750494599342346,0.9996502995491028,0.9999923706054688,0.3807041049003601,0.3044213652610779,0.6375590562820435,0.33627602458000183,0.9999951124191284,0.4363851845264435,0.26606371998786926,0.09408744424581528,0.9844838976860046,0.9999947547912598,0.4182218313217163,0.264759361743927,0.7098405957221985,0.4359166920185089,0.9999759197235107,0.47189250588417053,0.2332693338394165,0.25301870703697205,0.939429759979248,0.9999605417251587,0.42336276173591614,0.25417301058769226,0.7335017919540405,0.42144063115119934,0.9999457597732544,0.4775486886501312,0.2235666960477829,0.2505708634853363,0.9006140232086182,0.9998899698257446,0.4295973479747772,0.256020724773407,0.7171624898910522,0.41851121187210083,0.9999395608901978,0.46907955408096313,0.22690239548683167,0.27346980571746826,0.8919763565063477,0.9998751878738403,0.42843419313430786,0.2591174244880676,0.6993036270141602,0.4391002357006073,0.999963641166687,0.46731871366500854,0.22983431816101074,0.26507067680358887,0.8789231181144714,0.9999337196350098,0.3377673625946045,0.41905608773231506,0.13555282354354858,0.9997694492340088,0.9999939203262329,0.3237290382385254,0.40759721398353577,-0.13547492027282715,0.9995580911636353,0.9999957084655762,0.32720670104026794,0.4972151219844818,-0.0498289093375206,0.8204582929611206,0.999958872795105,0.31152403354644775,0.482028067111969,-0.33133941888809204,0.962876558303833,0.9999639987945557,0.23942847549915314,0.5458089113235474,-0.19150252640247345,0.8968093991279602,0.9999253749847412,0.2124517410993576,0.5014528036117554,-0.48807424306869507,0.9617556929588318,0.9999197721481323,0.22508271038532257,0.5493602752685547,-0.21434296667575836,0.9098536372184753,0.9998958110809326,0.1929090917110443,0.4968242049217224,-0.5087981224060059,0.9506111741065979,0.9998830556869507,0.2255920171737671,0.5727838277816772,-0.2617209255695343,0.9143404960632324,0.9997381567955017,0.19677883386611938,0.517196774482727,-0.5814606547355652,0.9597692489624023,0.9997667670249939
49,1666,True,0.4016128182411194,0.28960713744163513,0.4149753451347351,0.9983639121055603,0.9999527931213379,0.3992547392845154,0.2840954661369324,0.4413323998451233,0.9978822469711304,0.9999368190765381,0.39685380458831787,0.2847617566585541,0.44123631715774536,0.9976739883422852,0.9999418258666992,0.39566725492477417,0.2849774956703186,0.44126051664352417,0.9985049962997437,0.9999450445175171,0.3984048068523407,0.2816861867904663,0.4019685387611389,0.9987581372261047,0.9999212026596069,0.3970746695995331,0.2804914712905884,0.4016249477863312,0.9989148378372192,0.9999173879623413,0.395495742559433,0.2792218327522278,0.40173277258872986,0.9988700151443481,0.9999061822891235,0.3789379596710205,0.2816229462623596,0.5065737962722778,0.9986220002174377,0.9999606609344482,0.376555472612381,0.2761079668998718,0.3255777060985565,0.9990158081054688,0.9999257326126099,0.3908267915248871,0.2954833507537842,0.43740174174308777,0.9978554844856262,0.999954342842102,0.3910621702671051,0.2928048372268677,0.3845269978046417,0.9979844689369202,0.999946117401123,0.33716267347335815,0.31819653511047363,0.5145695209503174,0.9995631575584412,0.9999830722808838,0.3547961115837097,0.29043859243392944,0.16527849435806274,0.9996821284294128,0.9999792575836182,0.3604974150657654,0.32704323530197144,0.5823074579238892,0.3160703778266907,0.9999778270721436,0.4172634482383728,0.25794416666030884,0.09846990555524826,0.9828541278839111,0.9999803304672241,0.37677738070487976,0.34573042392730713,0.6189945936203003,0.4053036570549011,0.9998908042907715,0.46652132272720337,0.23371872305870056,0.27703970670700073,0.9129374027252197,0.999835729598999,0.38007041811943054,0.3492608666419983,0.6360628604888916,0.3925461173057556,0.9998136162757874,0.47424760460853577,0.2248210608959198,0.27418339252471924,0.8638424277305603,0.999548614025116,0.38202959299087524,0.3534359335899353,0.6198214888572693,0.3897499740123749,0.9997970461845398,0.46319380402565,0.23141244053840637,0.3030937612056732,0.8532684445381165,0.9995085000991821,0.3797503113746643,0.3512748181819916,0.6093990802764893,0.4100348949432373,0.999859094619751,0.46117469668388367,0.23245887458324432,0.2904025912284851,0.8392555713653564,0.9997256398200989,0.295612633228302,0.411261647939682,0.1168312281370163,0.9997912645339966,0.9999822378158569,0.2921481132507324,0.39172208309173584,-0.1167469248175621,0.9995983839035034,0.999976396560669,0.2578301429748535,0.4946382939815521,-0.03362155705690384,0.803943395614624,0.999789297580719,0.27123674750328064,0.4582096040248871,-0.27745622396469116,0.9569680690765381,0.9996957778930664,0.1571035236120224,0.5443202257156372,-0.18255583941936493,0.8839520215988159,0.999455988407135,0.15210245549678802,0.47009190917015076,-0.41904857754707336,0.9534043073654175,0.999342143535614,0.1407848447561264,0.5482164621353149,-0.2064017802476883,0.9083802103996277,0.9992905855178833,0.13112300634384155,0.4670049250125885,-0.4368046522140503,0.9497552514076233,0.9991810917854309,0.1381577104330063,0.5705682039260864,-0.28906160593032837,0.9073269963264465,0.9984666109085083,0.1364358514547348,0.4883756637573242,-0.5171240568161011,0.955108642578125,0.9984115362167358
50,1700,True,0.37907207012176514,0.2893984615802765,0.48003315925598145,0.9984171390533447,0.9999905824661255,0.38017112016677856,0.28395429253578186,0.5024683475494385,0.9979394674301147,0.999987006187439,0.3783046305179596,0.2841233015060425,0.5024023652076721,0.9977297782897949,0.9999876022338867,0.3766251802444458,0.28406575322151184,0.5024353265762329,0.9985660314559937,0.9999878406524658,0.38127654790878296,0.2821875214576721,0.4651624858379364,0.9988092184066772,0.9999847412109375,0.38073378801345825,0.28105682134628296,0.46481674909591675,0.9989491105079651,0.999984860420227,0.3798738718032837,0.2798880934715271,0.46498045325279236,0.998920738697052,0.9999831914901733,0.36185353994369507,0.27986854314804077,0.5378506779670715,0.9986893534660339,0.9999914169311523,0.3658181130886078,0.27464908361434937,0.36532464623451233,0.9990583062171936,0.999988317489624,0.36645394563674927,0.2927296459674835,0.4915655255317688,0.9979537129402161,0.9999885559082031,0.3689501881599426,0.29075831174850464,0.4403137266635895,0.9980505704879761,0.9999878406524658,0.314079612493515,0.296653151512146,0.5105468034744263,0.9996021389961243,0.9999793767929077,0.33221304416656494,0.28165924549102783,0.21522553265094757,0.9997121095657349,0.9999804496765137,0.3579167127609253,0.30298513174057007,0.6014760732650757,0.30085596442222595,0.99994957447052,0.41869819164276123,0.2597758173942566,0.12588128447532654,0.9807673096656799,0.9999327659606934,0.3972351551055908,0.2866223454475403,0.6976712942123413,0.38596031069755554,0.9998849630355835,0.47546523809432983,0.23142488300800323,0.2537732720375061,0.9011882543563843,0.9997705817222595,0.40393346548080444,0.27896469831466675,0.7218666076660156,0.3750359117984772,0.9997708201408386,0.4877682626247406,0.21997666358947754,0.2518697679042816,0.8469066619873047,0.9994637370109558,0.4072767496109009,0.2803012728691101,0.713979184627533,0.37221747636795044,0.9997707009315491,0.4803003966808319,0.22184589505195618,0.27787554264068604,0.8347217440605164,0.9994530081748962,0.4049234986305237,0.2819979190826416,0.6934831738471985,0.3927463889122009,0.9998600482940674,0.47202715277671814,0.22616863250732422,0.26659491658210754,0.8185882568359375,0.9997096657752991,0.2549554705619812,0.38377898931503296,0.0995524600148201,0.9998043179512024,0.9999556541442871,0.25342944264411926,0.3752005994319916,-0.09960934519767761,0.9996306300163269,0.9999521970748901,0.2006208449602127,0.4409809112548828,-0.02518453076481819,0.7960830330848694,0.9997418522834778,0.23491939902305603,0.44683748483657837,-0.25959312915802,0.9540565609931946,0.9995266199111938,0.09214262664318085,0.4589695930480957,-0.17370101809501648,0.8554012775421143,0.9991255402565002,0.14357241988182068,0.461470365524292,-0.4113849103450775,0.9404391050338745,0.9983541965484619,0.07742015272378922,0.46006718277931213,-0.19783079624176025,0.8970249891281128,0.9987004995346069,0.13026878237724304,0.4602053761482239,-0.43051329255104065,0.9451127648353577,0.9976786971092224,0.060018640011548996,0.4696632921695709,-0.23378172516822815,0.8887938857078552,0.9968980550765991,0.11999276280403137,0.4753194749355316,-0.478378027677536,0.9461666345596313,0.995790958404541
51,1734,True,0.35548192262649536,0.2790336608886719,0.47164925932884216,0.9984578490257263,0.999969482421875,0.35732170939445496,0.27335137128829956,0.488142192363739,0.997986912727356,0.9999494552612305,0.35532915592193604,0.2730002999305725,0.4881140887737274,0.997771143913269,0.999950647354126,0.3533741533756256,0.2726093530654907,0.48816874623298645,0.9986186027526855,0.9999494552612305,0.3597053587436676,0.2722472846508026,0.4535820782184601,0.9988418817520142,0.9999452829360962,0.35979562997817993,0.2710804343223572,0.4532064199447632,0.9989644885063171,0.9999459981918335,0.359573632478714,0.2698421776294708,0.45335960388183594,0.9989562034606934,0.9999415874481201,0.34046757221221924,0.26669538021087646,0.5099543929100037,0.9987419247627258,0.9999605417251587,0.3468092679977417,0.2617097496986389,0.3505929410457611,0.9990879893302917,0.9999605417251587,0.3430284559726715,0.27964943647384644,0.47991520166397095,0.9980262517929077,0.9999620914459229,0.3466430902481079,0.2783854305744171,0.43274667859077454,0.9981066584587097,0.999963641166687,0.29376500844955444,0.27841752767562866,0.48707419633865356,0.9996362328529358,0.999950647354126,0.313578337430954,0.2649821639060974,0.20913827419281006,0.9997388124465942,0.9999810457229614,0.33250585198402405,0.29522016644477844,0.5642611980438232,0.28781014680862427,0.9998723268508911,0.40949028730392456,0.2554844915866852,0.1445634514093399,0.9786016345024109,0.9999513626098633,0.3755761384963989,0.28208592534065247,0.643008828163147,0.3638182580471039,0.9998266100883484,0.4746370017528534,0.23010924458503723,0.30036675930023193,0.88886958360672,0.9998561143875122,0.384729266166687,0.2754199504852295,0.6677889227867126,0.353903204202652,0.999703586101532,0.49100029468536377,0.22089171409606934,0.30362045764923096,0.8286333680152893,0.9996193647384644,0.3893042206764221,0.2767602801322937,0.659246563911438,0.3510076105594635,0.999688982963562,0.48412707448005676,0.22148366272449493,0.3353036344051361,0.8148889541625977,0.9996053576469421,0.38651588559150696,0.2783222794532776,0.6387733221054077,0.3706333339214325,0.9997889399528503,0.47222527861595154,0.22624826431274414,0.31602537631988525,0.7965911030769348,0.9997885823249817,0.2318112552165985,0.3597915470600128,0.08269383758306503,0.9998093247413635,0.9998898506164551,0.23448340594768524,0.35077783465385437,-0.08288390934467316,0.9996553659439087,0.9999181032180786,0.17371758818626404,0.4090387225151062,-0.05866894870996475,0.7761243581771851,0.9995402097702026,0.1898796260356903,0.40182018280029297,-0.2542829215526581,0.9426867365837097,0.9994513392448425,0.063259556889534,0.4339418411254883,-0.18846426904201508,0.8155897855758667,0.9984563589096069,0.09878309071063995,0.42788243293762207,-0.3989240825176239,0.9183125495910645,0.9982560276985168,0.049920517951250076,0.4356590211391449,-0.20777320861816406,0.8734098076820374,0.9976584911346436,0.08639451861381531,0.4285193979740143,-0.41535377502441406,0.9337597489356995,0.9974719882011414,0.027560947462916374,0.44479694962501526,-0.24579228460788727,0.8616713881492615,0.9953246116638184,0.07214881479740143,0.4414832592010498,-0.4611501097679138,0.9305328726768494,0.9952768087387085
52,1768,True,0.33315375447273254,0.23372061550617218,0.3835434019565582,0.997489869594574,0.9951388835906982,0.3394649624824524,0.2322581261396408,0.3943215310573578,0.9974566698074341,0.9935067892074585,0.3402514159679413,0.23240438103675842,0.39423882961273193,0.9970284700393677,0.9940155744552612,0.34062284231185913,0.2323455512523651,0.3941939175128937,0.9981215596199036,0.9941821694374084,0.3357049822807312,0.2339729368686676,0.3981229066848755,0.9983931183815002,0.9913510084152222,0.33521121740341187,0.233864426612854,0.3977791965007782,0.998315155506134,0.9908419847488403,0.3345220685005188,0.23358137905597687,0.39780643582344055,0.9984723329544067,0.989535927772522,0.34150418639183044,0.23873157799243927,0.39557498693466187,0.9978788495063782,0.994296133518219,0.33215057849884033,0.23675501346588135,0.4432898759841919,0.9984362721443176,0.9894200563430786,0.32789695262908936,0.23810860514640808,0.3901132345199585,0.9959533214569092,0.993907630443573,0.3255656063556671,0.2381356656551361,0.3916822075843811,0.9959568381309509,0.9917755126953125,0.3335845172405243,0.2531549334526062,0.23390041291713715,0.9996311068534851,0.999503493309021,0.28616610169410706,0.26121169328689575,0.41794633865356445,0.9988780617713928,0.9948021173477173,0.3890092968940735,0.24970877170562744,0.13432219624519348,0.3462781012058258,0.9994146823883057,0.3066810667514801,0.27666229009628296,0.4177294373512268,0.8832546472549438,0.9904946088790894,0.4624423682689667,0.23038330674171448,0.1330254077911377,0.397644579410553,0.9940028786659241,0.33503130078315735,0.27749311923980713,0.4392232596874237,0.804254412651062,0.9871391654014587,0.47526729106903076,0.22630128264427185,0.1253012716770172,0.3803035020828247,0.9897261261940002,0.34252989292144775,0.2814891040325165,0.4536338746547699,0.7517504692077637,0.989476203918457,0.4719596803188324,0.2235032618045807,0.14480607211589813,0.37609198689460754,0.9893972873687744,0.34077104926109314,0.27615222334861755,0.44360944628715515,0.7393754124641418,0.9887133836746216,0.46204498410224915,0.22933129966259003,0.1416166126728058,0.39150741696357727,0.9911611080169678,0.33758339285850525,0.27375417947769165,0.4341144263744354,0.722392737865448,0.9880298972129822,0.2594054937362671,0.33613598346710205,-0.08169513195753098,0.9998000860214233,0.9998726844787598,0.2187981903553009,0.33726558089256287,0.0812554657459259,0.9996098279953003,0.9995796084403992,0.17754778265953064,0.33435067534446716,-0.32352450489997864,0.7903587818145752,0.9986802935600281,0.1279512494802475,0.3522762656211853,-0.12002413719892502,0.8937761187553406,0.9947840571403503,0.10924682766199112,0.3776192367076874,-0.5272228717803955,0.8145740628242493,0.9955086708068848,0.06418131291866302,0.38257431983947754,-0.3424547016620636,0.8745417594909668,0.9901916980743408,0.10605552792549133,0.38594168424606323,-0.5466277599334717,0.8713528513908386,0.9924873113632202,0.0589626245200634,0.3871263265609741,-0.36495259404182434,0.8995004296302795,0.9879216551780701,0.06712453067302704,0.38337674736976624,-0.637523353099823,0.8564228415489197,0.9877023100852966,0.038428355008363724,0.3902607262134552,-0.4467969238758087,0.8965256810188293,0.9813645482063293
53,1802,True,0.33181366324424744,0.22309347987174988,0.42303574085235596,0.994192898273468,0.9984856247901917,0.33987662196159363,0.22193725407123566,0.4245608448982239,0.9954531192779541,0.9983880519866943,0.3399534523487091,0.22206981480121613,0.42440566420555115,0.99467933177948,0.9986764788627625,0.34015360474586487,0.22221024334430695,0.42425909638404846,0.9966512322425842,0.9989516735076904,0.3400464653968811,0.22257809340953827,0.44319605827331543,0.9960974454879761,0.997107207775116,0.34028053283691406,0.22297558188438416,0.4429912865161896,0.9948453903198242,0.9965261816978455,0.34024617075920105,0.22327694296836853,0.44309914112091064,0.9954685568809509,0.9959433674812317,0.3332746624946594,0.22354678809642792,0.398531436920166,0.9956629276275635,0.9989978671073914,0.3375132381916046,0.2268071472644806,0.477475643157959,0.9946898221969604,0.9944394826889038,0.32329049706459045,0.22586886584758759,0.40993911027908325,0.9926912188529968,0.9990230798721313,0.32394564151763916,0.22595176100730896,0.4325326681137085,0.9919894933700562,0.9982247948646545,0.31837737560272217,0.23419693112373352,0.24859991669654846,0.9996553063392639,0.9998575448989868,0.292836993932724,0.24353602528572083,0.42368417978286743,0.9985929727554321,0.9976487755775452,0.3745705783367157,0.22802571952342987,0.18479883670806885,0.3963981866836548,0.9998243451118469,0.35593196749687195,0.2558686435222626,0.4117344617843628,0.8192177414894104,0.9983785152435303,0.4544176459312439,0.21847207844257355,0.21352653205394745,0.42944878339767456,0.9992570281028748,0.41560694575309753,0.2416764795780182,0.42690059542655945,0.7595685124397278,0.9984306693077087,0.46960750222206116,0.2151569128036499,0.19752386212348938,0.409799724817276,0.9986580610275269,0.4564998745918274,0.24556295573711395,0.42566561698913574,0.7174308896064758,0.998176097869873,0.4700877368450165,0.21604494750499725,0.2008359432220459,0.4050920307636261,0.9985767602920532,0.458054780960083,0.23328354954719543,0.42874619364738464,0.7056400775909424,0.9981945157051086,0.46110764145851135,0.21798348426818848,0.21523983776569366,0.4188906252384186,0.9989412426948547,0.4438152611255646,0.23045647144317627,0.42605409026145935,0.6871222853660583,0.9983779191970825,0.21976271271705627,0.30853110551834106,-0.09264998883008957,0.9998102784156799,0.9999103546142578,0.2000475823879242,0.31449374556541443,0.09224952012300491,0.9996121525764465,0.9995206594467163,0.11920344829559326,0.3156704902648926,-0.28385061025619507,0.8096758127212524,0.9994908571243286,0.1119527742266655,0.33627790212631226,0.14567720890045166,0.8582479953765869,0.9969292283058167,0.0977800264954567,0.3529272675514221,-0.41291454434394836,0.8268283009529114,0.998635470867157,0.08344326913356781,0.3587929606437683,0.05067542940378189,0.8476408123970032,0.9964749217033386,0.10159601271152496,0.3589310944080353,-0.42586749792099,0.8774449825286865,0.9981631636619568,0.0821138322353363,0.3606263995170593,0.0354139469563961,0.8780043125152588,0.9967077970504761,0.07067650556564331,0.3611645996570587,-0.48157691955566406,0.8612042665481567,0.9966014623641968,0.06323757022619247,0.3666059970855713,0.0038099107332527637,0.8695572018623352,0.995369017124176
54,1836,True,0.3295034170150757,0.23052017390727997,0.4982113838195801,0.9944939613342285,0.9998970031738281,0.3353347182273865,0.22644869983196259,0.5125405788421631,0.9956793189048767,0.999859094619751,0.3347165882587433,0.22682711482048035,0.5123732089996338,0.9949917793273926,0.9998661279678345,0.33448752760887146,0.22703950107097626,0.5124054551124573,0.9968484044075012,0.999868631362915,0.3378415107727051,0.22488340735435486,0.47689977288246155,0.9963374137878418,0.999842643737793,0.33883941173553467,0.2241225689649582,0.47667333483695984,0.9952505230903625,0.9998602867126465,0.33999717235565186,0.22333082556724548,0.47679516673088074,0.9958052635192871,0.9998553991317749,0.31537890434265137,0.21915113925933838,0.5200322270393372,0.9960163831710815,0.9999085664749146,0.3352401852607727,0.21512654423713684,0.3692447543144226,0.9951037168502808,0.9999028444290161,0.31916937232017517,0.22978921234607697,0.501483678817749,0.9931569695472717,0.9999343156814575,0.3221002519130707,0.2273886501789093,0.4533778727054596,0.9924655556678772,0.9999254941940308,0.2590416967868805,0.21294479072093964,0.5047207474708557,0.9996819496154785,0.9999454021453857,0.31310826539993286,0.20294442772865295,0.2819940149784088,0.9987329244613647,0.9999775886535645,0.2925233542919159,0.24776044487953186,0.574110746383667,0.3767148554325104,0.9996862411499023,0.35834774374961853,0.22911599278450012,0.1494545191526413,0.8360174298286438,0.9998705387115479,0.3826912045478821,0.24229562282562256,0.6300485134124756,0.4109526574611664,0.9994857311248779,0.4776192009449005,0.2286931276321411,0.2782374620437622,0.7793330550193787,0.9995692372322083,0.3871310353279114,0.23962223529815674,0.6564443111419678,0.39003464579582214,0.999183714389801,0.5101915597915649,0.23159566521644592,0.2737571597099304,0.7380568981170654,0.9989861845970154,0.3981707692146301,0.24000020325183868,0.6402258276939392,0.38512057065963745,0.9991589784622192,0.5018026828765869,0.22565874457359314,0.40439799427986145,0.7268471717834473,0.9989489912986755,0.3915271759033203,0.24233026802539825,0.6228461861610413,0.39911964535713196,0.9993889331817627,0.4882371723651886,0.2252705842256546,0.33457982540130615,0.7084867358207703,0.9993160963058472,0.14752382040023804,0.2883869409561157,0.07716227322816849,0.999793291091919,0.9995085000991821,0.18991494178771973,0.28173863887786865,-0.07729707658290863,0.9996212720870972,0.9996539354324341,0.0821012556552887,0.34930163621902466,0.020400650799274445,0.8236201405525208,0.9969039559364319,0.20812150835990906,0.3454481065273285,0.0024168791715055704,0.8715131282806396,0.9960134029388428,0.030653657391667366,0.36363840103149414,-0.059472255408763885,0.8401371240615845,0.9921209812164307,0.14531399309635162,0.37287774682044983,-0.13541385531425476,0.8559479713439941,0.9916620254516602,0.025399871170520782,0.357386976480484,-0.06776302307844162,0.8872324228286743,0.9913301467895508,0.1396670639514923,0.37184083461761475,-0.14261320233345032,0.8831875324249268,0.9910908937454224,-0.012059004046022892,0.38069501519203186,-0.08633148670196533,0.8687270879745483,0.9856584668159485,0.12831465899944305,0.3964003920555115,-0.1395108699798584,0.8736848831176758,0.9863420128822327
55,1870,True,0.32305750250816345,0.19125083088874817,0.4990287721157074,0.9932515025138855,0.9976763129234314,0.32479503750801086,0.18724103271961212,0.530288577079773,0.9944835305213928,0.9980539083480835,0.32324421405792236,0.18786196410655975,0.5300309062004089,0.9936797618865967,0.9983177185058594,0.32185307145118713,0.18851202726364136,0.5300682783126831,0.9960780143737793,0.9985923171043396,0.32794663310050964,0.18380354344844818,0.49522340297698975,0.9952148199081421,0.997282862663269,0.3284936845302582,0.18201516568660736,0.4950088858604431,0.9943638443946838,0.9973145127296448,0.32890382409095764,0.1801033914089203,0.4950530529022217,0.9950010180473328,0.9971380233764648,0.30871719121932983,0.18451955914497375,0.6013666391372681,0.9957383275032043,0.9989534616470337,0.32257550954818726,0.17745786905288696,0.4405550956726074,0.994466245174408,0.9971629977226257,0.31697431206703186,0.19633615016937256,0.5196961760520935,0.9926105737686157,0.99915611743927,0.31954243779182434,0.1948259174823761,0.4720103442668915,0.9911922216415405,0.998796820640564,0.24809661507606506,0.2025001347064972,0.591471254825592,0.9996610283851624,0.9996554851531982,0.2980351448059082,0.17298680543899536,0.2509264051914215,0.9988536834716797,0.999665379524231,0.30879661440849304,0.24581506848335266,0.5886273980140686,0.37665534019470215,0.9996699094772339,0.36553192138671875,0.19811896979808807,0.11842760443687439,0.851001501083374,0.9995823502540588,0.3799504041671753,0.24620375037193298,0.5650657415390015,0.4274754822254181,0.999546468257904,0.4737226665019989,0.2232082635164261,0.1597212255001068,0.7975788712501526,0.9989945292472839,0.39398887753486633,0.24738343060016632,0.5716366171836853,0.40003153681755066,0.9991486072540283,0.49861565232276917,0.22372372448444366,0.14637696743011475,0.7568173408508301,0.997556209564209,0.40253937244415283,0.24769122898578644,0.569062352180481,0.39410680532455444,0.9992727637290955,0.4941994845867157,0.22228939831256866,0.2021072953939438,0.7459180355072021,0.9979062080383301,0.39767900109291077,0.24251577258110046,0.5591747760772705,0.4077226221561432,0.9994862079620361,0.48248231410980225,0.22337858378887177,0.18589553236961365,0.7281926870346069,0.998488187789917,0.14837546646595,0.26411205530166626,0.09936526417732239,0.9997317790985107,0.9992976188659668,0.16890455782413483,0.24648626148700714,-0.0996423214673996,0.9995703101158142,0.9994033575057983,0.15615439414978027,0.33609825372695923,0.0013170840684324503,0.8343294262886047,0.9797419309616089,0.17835229635238647,0.3165189325809479,-0.19622169435024261,0.8835768103599548,0.9791935086250305,0.06772272288799286,0.34679555892944336,-0.09097228944301605,0.8503073453903198,0.9674959778785706,0.09100708365440369,0.35182324051856995,-0.3034016788005829,0.8655552268028259,0.9432098865509033,0.05048781633377075,0.34009847044944763,-0.10395536571741104,0.8950139880180359,0.9668852090835571,0.07471919804811478,0.3513283133506775,-0.3127220869064331,0.8864018321037292,0.93309086561203,0.04264675825834274,0.37579548358917236,-0.12553773820400238,0.8751431107521057,0.9402022957801819,0.06555693596601486,0.38226383924484253,-0.33757564425468445,0.8774853944778442,0.9008781313896179
56,1904,True,0.31891685724258423,0.1763203889131546,0.472153902053833,0.9810730218887329,0.9934715032577515,0.3165794610977173,0.17336641252040863,0.48931464552879333,0.984602689743042,0.9934356212615967,0.31440097093582153,0.17367205023765564,0.48908665776252747,0.9808852076530457,0.9939793348312378,0.3123162090778351,0.1740003377199173,0.48906680941581726,0.9868848323822021,0.9947616457939148,0.32172691822052,0.1715068221092224,0.46088406443595886,0.985550582408905,0.9922816157341003,0.32474762201309204,0.16790583729743958,0.46069929003715515,0.9833120703697205,0.992389976978302,0.3252459764480591,0.16687044501304626,0.4607025980949402,0.986531138420105,0.9928915500640869,0.30097445845603943,0.17064020037651062,0.5266275405883789,0.9906771183013916,0.9957919120788574,0.31611746549606323,0.1633652001619339,0.39478182792663574,0.9863773584365845,0.9938902854919434,0.3121281564235687,0.1830989271402359,0.4825230836868286,0.985924482345581,0.9974898099899292,0.314400851726532,0.18020561337471008,0.4433721899986267,0.9822515249252319,0.9971672892570496,0.23546619713306427,0.1812315285205841,0.5074912905693054,0.9996057152748108,0.9976083040237427,0.3056536316871643,0.1682216227054596,0.22398312389850616,0.9989584684371948,0.99928218126297,0.290364533662796,0.23346194624900818,0.5395795702934265,0.36605456471443176,0.9972597360610962,0.37269890308380127,0.2013125717639923,0.11760939657688141,0.8649958968162537,0.9989470839500427,0.3704259991645813,0.24413812160491943,0.5502995252609253,0.4189731478691101,0.9962384700775146,0.4776673913002014,0.22220735251903534,0.16012457013130188,0.8148418068885803,0.9954433441162109,0.3756428062915802,0.24824920296669006,0.5648279786109924,0.3899514675140381,0.9948045611381531,0.4982927441596985,0.2244310826063156,0.1510104537010193,0.7758685350418091,0.9898489117622375,0.38513150811195374,0.2503451108932495,0.5516185760498047,0.38345804810523987,0.9956141710281372,0.49620741605758667,0.2237379550933838,0.18675732612609863,0.7653760313987732,0.9915310144424438,0.3785969316959381,0.2485959827899933,0.5427396297454834,0.39817628264427185,0.9963347911834717,0.48483797907829285,0.2246062308549881,0.17806608974933624,0.747952938079834,0.9930294156074524,0.13903476297855377,0.23856766521930695,0.09334484487771988,0.9995596408843994,0.9955452680587769,0.15826015174388885,0.23257772624492645,-0.0934692919254303,0.9994264245033264,0.9972411394119263,0.19266800582408905,0.3151780664920807,-0.01650962047278881,0.8446047902107239,0.9119022488594055,0.11900036036968231,0.3010078966617584,-0.2190142273902893,0.8948530554771423,0.9632301926612854,0.11634425073862076,0.3546701967716217,-0.10438216477632523,0.8588248491287231,0.9297496676445007,0.004927109461277723,0.33865949511528015,-0.33458998799324036,0.8779184818267822,0.8950022459030151,0.08992155641317368,0.3571367859840393,-0.11559589207172394,0.8986528515815735,0.9387649893760681,-0.0147699611261487,0.3388821482658386,-0.34154945611953735,0.8949703574180603,0.862143874168396,0.08535940200090408,0.39015617966651917,-0.1314285546541214,0.87324059009552,0.9002236723899841,-0.028812702745199203,0.36904671788215637,-0.37967270612716675,0.8854939341545105,0.8256444334983826
57,1938,True,0.3220970630645752,0.17369912564754486,0.4631006121635437,0.9805205464363098,0.9995074272155762,0.31746524572372437,0.1679246723651886,0.4851810038089752,0.9843502640724182,0.9995347261428833,0.3167543113231659,0.1683019995689392,0.48500344157218933,0.9805697798728943,0.9995880722999573,0.31636616587638855,0.16862621903419495,0.485065758228302,0.9868198037147522,0.9996274709701538,0.3274521827697754,0.16782620549201965,0.4548569619655609,0.9851782917976379,0.9994581341743469,0.32902002334594727,0.16711154580116272,0.454681396484375,0.983073890209198,0.9994685053825378,0.3303411602973938,0.16660480201244354,0.4547286927700043,0.9864898324012756,0.999476969242096,0.3093869686126709,0.16822771728038788,0.5336613059043884,0.9907315373420715,0.9997337460517883,0.3241279721260071,0.15824076533317566,0.3944448232650757,0.98660808801651,0.9996077418327332,0.3101438879966736,0.1755998134613037,0.47696876525878906,0.9866306781768799,0.9998619556427002,0.3131082355976105,0.17300143837928772,0.4356028735637665,0.9830438494682312,0.9998443126678467,0.23756413161754608,0.1670236885547638,0.5210751295089722,0.9996176362037659,0.9998082518577576,0.3120349645614624,0.1559150516986847,0.21263830363750458,0.9990617632865906,0.9999465942382812,0.28186267614364624,0.22109439969062805,0.5608900189399719,0.37273913621902466,0.9997861981391907,0.37695586681365967,0.17940965294837952,0.10436060279607773,0.878234326839447,0.9998719692230225,0.3634984791278839,0.24419347941875458,0.5698387026786804,0.42830708622932434,0.9994080066680908,0.47336116433143616,0.21837091445922852,0.1471649557352066,0.8312962055206299,0.9992961883544922,0.3627661466598511,0.24981741607189178,0.5775822401046753,0.39259231090545654,0.998936116695404,0.49223780632019043,0.22309641540050507,0.13428963720798492,0.7930821180343628,0.9978494644165039,0.3720806837081909,0.2523866891860962,0.5614281892776489,0.3854057192802429,0.9990841150283813,0.4901130199432373,0.22302019596099854,0.17306047677993774,0.7829664349555969,0.9982035160064697,0.3657715618610382,0.2513926029205322,0.5600708723068237,0.40139421820640564,0.9993314743041992,0.4798503518104553,0.2232336699962616,0.16563677787780762,0.765842616558075,0.9987149238586426,0.12807388603687286,0.2255578488111496,0.0985451489686966,0.9995037913322449,0.9989346861839294,0.16695468127727509,0.2164992392063141,-0.09846082329750061,0.9994080066680908,0.9995118379592896,0.14511987566947937,0.3019104599952698,0.005531884729862213,0.8450289964675903,0.9627649784088135,0.1533997654914856,0.30598464608192444,-0.20894567668437958,0.9051194787025452,0.9924794435501099,0.03814435750246048,0.3385555148124695,-0.05476638302206993,0.8541791439056396,0.9388340711593628,0.044080182909965515,0.34919649362564087,-0.347343772649765,0.8886548280715942,0.9225566983222961,0.011805593967437744,0.3370799124240875,-0.06635676324367523,0.8965879082679749,0.9388400316238403,0.018735140562057495,0.34846216440200806,-0.3568849265575409,0.9027376770973206,0.8860286474227905,0.024730144068598747,0.37284690141677856,-0.08170049637556076,0.8610877990722656,0.912052571773529,0.02634872868657112,0.3852674663066864,-0.3920471966266632,0.8913155794143677,0.8437122106552124
58,1972,True,0.3252527415752411,0.1618068367242813,0.4447464048862457,0.9775101542472839,0.9980131387710571,0.32402387261390686,0.1584428995847702,0.4647333025932312,0.982223391532898,0.9979453682899475,0.3226025700569153,0.16512678563594818,0.4645708203315735,0.9776558876037598,0.9981691837310791,0.3211653232574463,0.16512799263000488,0.4646148979663849,0.9851213693618774,0.9983674883842468,0.33046966791152954,0.15593433380126953,0.43495097756385803,0.9826120138168335,0.9974890947341919,0.33172380924224854,0.1553959846496582,0.4347604513168335,0.9800558090209961,0.9974835515022278,0.3332095146179199,0.1548151969909668,0.4348139464855194,0.9845516681671143,0.9974905252456665,0.3122466504573822,0.15391805768013,0.5094687342643738,0.9893438220024109,0.9987329840660095,0.3286951780319214,0.15171685814857483,0.3753455579280853,0.9843463897705078,0.9977465271949768,0.3157117962837219,0.16578683257102966,0.45860740542411804,0.985755443572998,0.9992108345031738,0.3189525306224823,0.16330265998840332,0.41775384545326233,0.981480062007904,0.9990542531013489,0.2471647709608078,0.15758883953094482,0.5130339860916138,0.9995962977409363,0.9992789626121521,0.3125227093696594,0.14568082988262177,0.1799531728029251,0.9991511702537537,0.999664306640625,0.2922261655330658,0.2138175219297409,0.5637549161911011,0.36678338050842285,0.9994695782661438,0.37989819049835205,0.18465913832187653,0.09792820364236832,0.8894777894020081,0.999524712562561,0.3763788342475891,0.24178913235664368,0.5671038031578064,0.42627644538879395,0.9989246726036072,0.47409406304359436,0.21617253124713898,0.15903690457344055,0.8440550565719604,0.9983155727386475,0.3765314221382141,0.24630124866962433,0.5759492516517639,0.3879023790359497,0.998275876045227,0.4921257495880127,0.2208041399717331,0.14852434396743774,0.8061732649803162,0.9961748123168945,0.3803170621395111,0.2452002316713333,0.5584172010421753,0.38041749596595764,0.9984843134880066,0.4911614656448364,0.22101891040802002,0.17931635677814484,0.7963773608207703,0.9966253042221069,0.3788309395313263,0.24415680766105652,0.5565863251686096,0.39716705679893494,0.9988116025924683,0.4823341369628906,0.21982666850090027,0.17475438117980957,0.7790826559066772,0.9973611235618591,0.13252480328083038,0.21127478778362274,0.10704831779003143,0.9993947744369507,0.9978905320167542,0.16340304911136627,0.20297566056251526,-0.10695154219865799,0.9993346333503723,0.9984361529350281,0.16845811903476715,0.2991781234741211,0.008210675790905952,0.8426124453544617,0.9612298011779785,0.13891790807247162,0.2808172106742859,-0.21110570430755615,0.9140117764472961,0.985592782497406,0.09273621439933777,0.3512415885925293,-0.06902745366096497,0.8511946201324463,0.9508674740791321,0.013168727979063988,0.32221874594688416,-0.34598106145858765,0.8970317840576172,0.9210174679756165,0.06275886297225952,0.35373538732528687,-0.08240660279989243,0.8941519260406494,0.9524288773536682,-0.015926940366625786,0.32140418887138367,-0.35626548528671265,0.9063805341720581,0.8899537324905396,0.04862862825393677,0.39157211780548096,-0.10651661455631256,0.8519003391265869,0.935558557510376,-0.0010846771765500307,0.3598439395427704,-0.39868462085723877,0.8940859436988831,0.8680629730224609
59,2006,True,0.3220027983188629,0.14969675242900848,0.5049957036972046,0.9777418375015259,0.9954120516777039,0.3156314194202423,0.14172658324241638,0.5167198777198792,0.9827940464019775,0.996180534362793,0.3149588406085968,0.14247672259807587,0.5166600346565247,0.978424072265625,0.9967628717422485,0.31771978735923767,0.1441725790500641,0.5166475176811218,0.9856950044631958,0.9970856308937073,0.32674720883369446,0.1437256634235382,0.4956212639808655,0.983017086982727,0.9947153925895691,0.3284505009651184,0.14368900656700134,0.49541062116622925,0.9805867671966553,0.9947080612182617,0.33060407638549805,0.14349883794784546,0.4955805540084839,0.98491370677948,0.9943910241127014,0.3104376792907715,0.14022116363048553,0.5215998888015747,0.9897769689559937,0.9978395700454712,0.3297954201698303,0.14255371689796448,0.42755770683288574,0.9845427870750427,0.9949060678482056,0.3121693432331085,0.15073303878307343,0.5056212544441223,0.9858585596084595,0.9982613921165466,0.32021012902259827,0.1495150625705719,0.47698625922203064,0.980978786945343,0.9975293278694153,0.24423809349536896,0.14507468044757843,0.5036817789077759,0.9993942975997925,0.998934805393219,0.3229403495788574,0.1470184624195099,0.24305576086044312,0.9992265701293945,0.999534010887146,0.28279542922973633,0.20698824524879456,0.5137587785720825,0.3508891761302948,0.9992343187332153,0.3879106640815735,0.18046346306800842,0.15473835170269012,0.8946664333343506,0.9992589354515076,0.36221665143966675,0.23687949776649475,0.47895562648773193,0.4174706041812897,0.9988160133361816,0.47348055243492126,0.21419331431388855,0.16518843173980713,0.8438740968704224,0.996364414691925,0.37860819697380066,0.24129414558410645,0.4808511435985565,0.38080906867980957,0.9979851245880127,0.4903797507286072,0.2190692126750946,0.15380513668060303,0.8069788813591003,0.9918894171714783,0.38069987297058105,0.23956263065338135,0.4675092101097107,0.37324440479278564,0.9983250498771667,0.4910086691379547,0.21900245547294617,0.18215863406658173,0.7968431115150452,0.9928815364837646,0.37322553992271423,0.24046671390533447,0.4694199860095978,0.3896702527999878,0.9985920786857605,0.4773979187011719,0.21775254607200623,0.17780405282974243,0.7773352265357971,0.9945276379585266,0.14468643069267273,0.1953885853290558,0.09702122956514359,0.9991346597671509,0.9977492690086365,0.18994373083114624,0.19685682654380798,-0.09715130180120468,0.9992839694023132,0.9990239143371582,0.09273742884397507,0.24856385588645935,-0.0015550306998193264,0.8314306735992432,0.9247465133666992,0.1680133044719696,0.2868901491165161,-0.16394317150115967,0.9211353063583374,0.9803706407546997,-0.000814764469396323,0.2668655812740326,-0.05656203627586365,0.8135335445404053,0.8253756761550903,0.06026063114404678,0.3438953757286072,-0.3465048670768738,0.9000572562217712,0.7987160682678223,-0.021658431738615036,0.2669627070426941,-0.0645633414387703,0.8694832921028137,0.7872137427330017,0.04087163507938385,0.34678781032562256,-0.36358022689819336,0.905206024646759,0.6763706803321838,-0.012917399406433105,0.28656846284866333,-0.04560595005750656,0.8102518916130066,0.7758805155754089,0.009991745464503765,0.3801383674144745,-0.39331507682800293,0.8816407322883606,0.5805339813232422
60,2040,True,0.31148049235343933,0.1461593061685562,0.6025078892707825,0.9773516654968262,0.9985113739967346,0.3126632869243622,0.142501100897789,0.6078888177871704,0.9829887747764587,0.9986501336097717,0.31060367822647095,0.14175596833229065,0.6078643202781677,0.9789379239082336,0.9988152980804443,0.3092486560344696,0.14102384448051453,0.607819139957428,0.985996425151825,0.998914361000061,0.3207242488861084,0.14372560381889343,0.5903118252754211,0.9833817481994629,0.9981706142425537,0.32324710488319397,0.14383593201637268,0.5900974273681641,0.9812964797019958,0.998356282711029,0.32577916979789734,0.1438361257314682,0.5902367234230042,0.985164225101471,0.9982580542564392,0.30521509051322937,0.13691040873527527,0.5736451148986816,0.9901367425918579,0.9993042945861816,0.3260887563228607,0.14205610752105713,0.49220335483551025,0.9847418665885925,0.9986144304275513,0.3014265298843384,0.14554043114185333,0.5895990133285522,0.9853342175483704,0.9994680285453796,0.31234315037727356,0.14820291101932526,0.5650542378425598,0.9793572425842285,0.9992188215255737,0.2459488958120346,0.13158686459064484,0.5092828273773193,0.9993392825126648,0.9996168613433838,0.3319495618343353,0.15216678380966187,0.3150075078010559,0.9992995858192444,0.999811589717865,0.26006996631622314,0.18160302937030792,0.4977673888206482,0.32982397079467773,0.9982944130897522,0.39003515243530273,0.18770205974578857,0.25343066453933716,0.8976007103919983,0.9993016719818115,0.3093529939651489,0.22075295448303223,0.4885997474193573,0.39400380849838257,0.9978229999542236,0.44392186403274536,0.21591396629810333,0.33037298917770386,0.8378897905349731,0.9966817498207092,0.32694730162620544,0.22533266246318817,0.493388831615448,0.3593790829181671,0.9965059757232666,0.45927029848098755,0.2203436642885208,0.33852097392082214,0.7997020483016968,0.993194580078125,0.32958608865737915,0.23011699318885803,0.47078898549079895,0.35177671909332275,0.9969859719276428,0.4504610598087311,0.21996279060840607,0.3535569906234741,0.7887583374977112,0.993560791015625,0.3235766291618347,0.2293601781129837,0.47504428029060364,0.36893367767333984,0.9973909258842468,0.43946024775505066,0.2192237377166748,0.3413581848144531,0.768417239189148,0.9950215816497803,0.1582874208688736,0.17712458968162537,0.07237228006124496,0.9991415739059448,0.9995614886283875,0.20801442861557007,0.19757305085659027,-0.0728377103805542,0.9993359446525574,0.9998201727867126,0.015005456283688545,0.20430056750774384,-0.04032134637236595,0.8468356728553772,0.9794004559516907,0.16561347246170044,0.274723082780838,-0.13967639207839966,0.9288028478622437,0.9860020875930786,-0.09174106270074844,0.19494536519050598,-0.17943206429481506,0.8288452625274658,0.9408233761787415,0.05798709765076637,0.33707839250564575,-0.3362031877040863,0.9074230194091797,0.8939701914787292,-0.10406982898712158,0.19304966926574707,-0.19401037693023682,0.8796653747558594,0.9262188673019409,0.03365866094827652,0.3445587754249573,-0.35500022768974304,0.9097638726234436,0.8394106030464172,-0.1366022378206253,0.19999532401561737,-0.18491823971271515,0.8197841048240662,0.889181911945343,0.03925618156790733,0.36600175499916077,-0.3754078447818756,0.8828490376472473,0.7360007166862488
61,2074,True,0.3078005015850067,0.1525948941707611,0.724959671497345,0.9781251549720764,0.9999866485595703,0.31253448128700256,0.14950397610664368,0.7204856872558594,0.9840992093086243,0.9999902248382568,0.31040579080581665,0.1482369303703308,0.7204779982566833,0.9804308414459229,0.9999915361404419,0.308415949344635,0.1468748152256012,0.720550000667572,0.986875057220459,0.9999922513961792,0.31997692584991455,0.15156146883964539,0.7056681513786316,0.984272301197052,0.9999840259552002,0.3229563534259796,0.15177634358406067,0.705470860004425,0.9822911620140076,0.9999831914901733,0.32582888007164,0.15190082788467407,0.7056188583374023,0.9856880307197571,0.9999805688858032,0.30715659260749817,0.14005598425865173,0.6417627334594727,0.9908555150032043,0.9999953508377075,0.32781827449798584,0.14735069870948792,0.5725449323654175,0.9854920506477356,0.999984860420227,0.30094489455223083,0.14869424700737,0.6954892873764038,0.9863198399543762,0.999993085861206,0.30750733613967896,0.1492941826581955,0.6741048097610474,0.9801473021507263,0.9999873638153076,0.24329005181789398,0.11768343299627304,0.5221335887908936,0.9993834495544434,0.9999738931655884,0.33788055181503296,0.15234966576099396,0.37781959772109985,0.9993686079978943,0.9999841451644897,0.18741202354431152,0.1453394889831543,0.4982418417930603,0.33160465955734253,0.9996176958084106,0.37681737542152405,0.19463583827018738,0.31868404150009155,0.9061978459358215,0.9998605251312256,0.14914974570274353,0.1862058937549591,0.5172361731529236,0.38428589701652527,0.9988706707954407,0.39657583832740784,0.22646066546440125,0.3749385476112366,0.8449639081954956,0.9983251690864563,0.14100417494773865,0.1919812560081482,0.5256915092468262,0.349765419960022,0.9981448650360107,0.4078677296638489,0.2401006519794464,0.381833553314209,0.8054124116897583,0.9959596991539001,0.14309337735176086,0.1980421096086502,0.5163397192955017,0.3412182629108429,0.9984843134880066,0.4019466042518616,0.23697249591350555,0.3946492075920105,0.794066309928894,0.9963393211364746,0.14774279296398163,0.19661900401115417,0.5144895315170288,0.35862600803375244,0.9986966252326965,0.3954125642776489,0.23217734694480896,0.3854024112224579,0.7721042037010193,0.9971662163734436,0.16847094893455505,0.16634570062160492,0.06497342884540558,0.9991991519927979,0.999890923500061,0.22277837991714478,0.19452352821826935,-0.06521691381931305,0.9993951916694641,0.9999678134918213,0.02881639078259468,0.178964763879776,-0.036201003938913345,0.8591890335083008,0.9932676553726196,0.14140720665454865,0.2660659849643707,-0.147070050239563,0.9358336329460144,0.9979928731918335,-0.07327797263860703,0.1989654153585434,-0.17254436016082764,0.8382417559623718,0.9876145124435425,0.04053395241498947,0.32504981756210327,-0.388887882232666,0.9155572652816772,0.9818428158760071,-0.08884351700544357,0.20001240074634552,-0.19168080389499664,0.8876470923423767,0.9858543276786804,0.015023982152342796,0.3301110863685608,-0.4113209545612335,0.9175809621810913,0.9677704572677612,-0.11039287596940994,0.2054375857114792,-0.18969208002090454,0.8201618194580078,0.9796939492225647,0.026584548875689507,0.3526688516139984,-0.427272766828537,0.8888558745384216,0.9388151168823242
62,2108,True,0.31034061312675476,0.1348985731601715,0.9301974177360535,0.9788818359375,0.9999995231628418,0.3121177554130554,0.13422814011573792,0.9222580194473267,0.9842778444290161,0.9999995231628418,0.31050655245780945,0.13348239660263062,0.9223054647445679,0.98093181848526,0.9999996423721313,0.30593305826187134,0.13012412190437317,0.9225042462348938,0.9867393970489502,0.9999996423721313,0.3197104036808014,0.13802549242973328,0.9195705652236938,0.984208881855011,0.9999992847442627,0.32176071405410767,0.13853490352630615,0.9192944169044495,0.9822297096252441,0.9999992847442627,0.32392194867134094,0.1388069987297058,0.9193986058235168,0.9851972460746765,0.9999990463256836,0.30175843834877014,0.12947127223014832,0.7978336811065674,0.9903227686882019,0.9999996423721313,0.32855507731437683,0.14198355376720428,0.7825658321380615,0.9851495623588562,0.999998927116394,0.30174365639686584,0.13842247426509857,0.8819292783737183,0.9862803816795349,0.9999991655349731,0.3103470802307129,0.14313964545726776,0.877061128616333,0.9800586104393005,0.9999986886978149,0.24684187769889832,0.1184602603316307,0.6087371110916138,0.9994425177574158,0.9999972581863403,0.34191256761550903,0.15865929424762726,0.5516976714134216,0.9994311332702637,0.9999954700469971,0.17155906558036804,0.14308689534664154,0.5255972743034363,0.34451818466186523,0.999983549118042,0.3256019055843353,0.1963493376970291,0.46403926610946655,0.8736246228218079,0.9999802112579346,0.12506437301635742,0.18241949379444122,0.5288055539131165,0.3860226273536682,0.999950647354126,0.2914712727069855,0.23689356446266174,0.48792868852615356,0.8039259910583496,0.9999339580535889,0.11569517850875854,0.1871073991060257,0.5361418128013611,0.35144126415252686,0.9999271631240845,0.2849619686603546,0.24990710616111755,0.49742868542671204,0.7614021301269531,0.9998964071273804,0.12078284472227097,0.194660946726799,0.5357514023780823,0.3419363796710968,0.9999394416809082,0.27769774198532104,0.24607093632221222,0.5122442841529846,0.7476958632469177,0.9999191761016846,0.12554317712783813,0.1949000209569931,0.5309321284294128,0.3576367199420929,0.9999511241912842,0.27902188897132874,0.24276451766490936,0.4953460693359375,0.7265232801437378,0.9999350309371948,0.18008793890476227,0.16156455874443054,0.05101337283849716,0.9992784261703491,0.9999947547912598,0.2446063756942749,0.19065654277801514,-0.0513753667473793,0.9994552731513977,0.9999972581863403,0.08184261620044708,0.19309845566749573,-0.2265647053718567,0.8632205128669739,0.9998501539230347,0.15276464819908142,0.2423221617937088,-0.31510114669799805,0.9399983882904053,0.999943733215332,-0.005546321626752615,0.23915211856365204,-0.5079823732376099,0.8383088707923889,0.9998699426651001,0.04063922166824341,0.3030201494693756,-0.6701398491859436,0.9197000861167908,0.9998255372047424,-0.024249257519841194,0.24755780398845673,-0.545386791229248,0.8932337760925293,0.9998257756233215,0.011174323968589306,0.3124506175518036,-0.7111051678657532,0.9239987730979919,0.9996827840805054,-0.032543037086725235,0.25160202383995056,-0.5631880164146423,0.8092738389968872,0.9997711777687073,0.018484609201550484,0.3301149606704712,-0.758721649646759,0.8894972205162048,0.9994999170303345
63,2142,True,0.26362115144729614,0.14420661330223083,0.9566707015037537,0.979426383972168,0.9999998807907104,0.25688430666923523,0.1406954526901245,0.9552901387214661,0.9835088849067688,1.0,0.2535240054130554,0.13850869238376617,0.955328106880188,0.9803557991981506,1.0,0.25000521540641785,0.13602551817893982,0.9554614424705505,0.9859200119972229,1.0,0.26599475741386414,0.1469075083732605,0.9575008749961853,0.982325553894043,0.9999998807907104,0.26891037821769714,0.1488056182861328,0.9572912454605103,0.9799215197563171,0.9999998807907104,0.2715188264846802,0.15035699307918549,0.9574048519134521,0.9825655817985535,0.9999997615814209,0.25033682584762573,0.1293739527463913,0.8514878153800964,0.9886122345924377,1.0,0.2759574353694916,0.15268565714359283,0.8599314093589783,0.9814825057983398,0.9999996423721313,0.26116469502449036,0.1414206176996231,0.9139191508293152,0.9856243133544922,0.9999997615814209,0.271288126707077,0.14911559224128723,0.9160682559013367,0.9778540730476379,0.9999992847442627,0.23681913316249847,0.11658088117837906,0.6291990876197815,0.9994916319847107,0.9999991655349731,0.3053128123283386,0.16492369771003723,0.6569750905036926,0.9994809627532959,0.9999808073043823,0.18694986402988434,0.1369020938873291,0.4808802604675293,0.378879576921463,0.9999978542327881,0.28931480646133423,0.19817951321601868,0.508609414100647,0.8129779100418091,0.9999885559082031,0.155059352517128,0.1521807163953781,0.35571908950805664,0.42494890093803406,0.9999960660934448,0.24341602623462677,0.2192980945110321,0.404589980840683,0.7702260613441467,0.9999768733978271,0.15115675330162048,0.14844979345798492,0.3324432373046875,0.3897271454334259,0.9999951124191284,0.24635617434978485,0.22145888209342957,0.40057530999183655,0.7251990437507629,0.9999736547470093,0.15976430475711823,0.1573280692100525,0.3547244369983673,0.3788891136646271,0.9999969005584717,0.22877803444862366,0.21120986342430115,0.41668611764907837,0.7091178297996521,0.9999853372573853,0.1620725393295288,0.16191460192203522,0.3634832203388214,0.3944842517375946,0.9999971389770508,0.2243853062391281,0.21016088128089905,0.40777817368507385,0.6924657225608826,0.9999871253967285,0.2283955216407776,0.13994574546813965,0.03252406790852547,0.9993505477905273,0.9999998807907104,0.2747662663459778,0.16973085701465607,-0.032550714910030365,0.9995097517967224,0.9999998807907104,0.10090676695108414,0.18792173266410828,-0.36888033151626587,0.8719761371612549,0.9999892711639404,0.15738004446029663,0.24080221354961395,-0.4409851133823395,0.9436810612678528,0.9999856948852539,0.011639619246125221,0.24591848254203796,-0.7140904068946838,0.8495204448699951,0.9999790191650391,0.047707196325063705,0.2914000153541565,-0.794343888759613,0.9255515336990356,0.9999666213989258,-0.004577454179525375,0.2538738548755646,-0.7606193423271179,0.9024642109870911,0.9999657869338989,0.0254560224711895,0.2950740456581116,-0.839221715927124,0.930890679359436,0.999951958656311,-0.019616924226284027,0.2662607729434967,-0.7771360874176025,0.8182561993598938,0.9999402761459351,0.00940649677067995,0.3153734505176544,-0.8662346005439758,0.8954417109489441,0.999929666519165
64,2176,True,0.282033234834671,0.12223591655492783,0.7273547053337097,0.9783506393432617,0.9999749660491943,0.2806066870689392,0.11674966663122177,0.681763231754303,0.9820306301116943,0.9999713897705078,0.27886539697647095,0.11529926210641861,0.6819819808006287,0.9792683124542236,0.9999734163284302,0.2768518924713135,0.11393091827630997,0.6821456551551819,0.9843277931213379,0.9999749660491943,0.28623542189598083,0.1206064373254776,0.7975287437438965,0.9795714616775513,0.9999595880508423,0.2884296774864197,0.12215739488601685,0.7970553040504456,0.9770996570587158,0.9999533891677856,0.2904314398765564,0.12357020378112793,0.7964497208595276,0.9795074462890625,0.999946117401123,0.2740810811519623,0.11165232956409454,0.540945291519165,0.9852969646453857,0.9999785423278809,0.2958192229270935,0.1264532208442688,0.6507608890533447,0.9786732196807861,0.9999411106109619,0.28010833263397217,0.12296988815069199,0.6441823244094849,0.9838817715644836,0.9999830722808838,0.28704002499580383,0.12789203226566315,0.8079074621200562,0.9759153723716736,0.9999711513519287,0.2813231647014618,0.11662840843200684,0.3473355174064636,0.9995386004447937,0.9999935626983643,0.3110659420490265,0.15191100537776947,0.5048491358757019,0.9995138645172119,0.9999607801437378,0.21659187972545624,0.11172398179769516,0.2107410877943039,0.42128196358680725,0.9999109506607056,0.2828468084335327,0.17317095398902893,0.4623928368091583,0.757335364818573,0.9998613595962524,0.15376146137714386,0.13706019520759583,0.17353402078151703,0.45965376496315,0.9997685551643372,0.21258506178855896,0.18535780906677246,0.4271581768989563,0.722343921661377,0.999450147151947,0.1357654184103012,0.14365854859352112,0.14864280819892883,0.42614153027534485,0.9996514320373535,0.1997859925031662,0.18785738945007324,0.42342448234558105,0.6798401474952698,0.9992150068283081,0.13717429339885712,0.1465437412261963,0.15596865117549896,0.4145430028438568,0.9996931552886963,0.19066348671913147,0.18539978563785553,0.41683778166770935,0.6632603406906128,0.999346911907196,0.14615632593631744,0.14262203872203827,0.17757290601730347,0.4236920475959778,0.999729573726654,0.19418852031230927,0.1838974505662918,0.4216238558292389,0.6478214263916016,0.9994112253189087,0.24328984320163727,0.1596788614988327,-0.027218760922551155,0.9994118213653564,0.9999797344207764,0.2692493498325348,0.17911559343338013,0.026631582528352737,0.999550998210907,0.9999781847000122,0.10900311172008514,0.20323169231414795,-0.2430458515882492,0.8818502426147461,0.9996225833892822,0.1616395264863968,0.2243012636899948,-0.0516795851290226,0.9407603144645691,0.9994626641273499,0.020087115466594696,0.26299038529396057,-0.43399307131767273,0.8595945835113525,0.9989066123962402,0.05348116531968117,0.27057400345802307,-0.2111586183309555,0.9181331396102905,0.9988048076629639,-0.0039352597668766975,0.27184024453163147,-0.45950600504875183,0.905698299407959,0.998218834400177,0.039208248257637024,0.28380414843559265,-0.23535260558128357,0.9254732131958008,0.9979977011680603,-0.013608907349407673,0.2774440050125122,-0.44979986548423767,0.8208791017532349,0.9964338541030884,0.02554376609623432,0.2930871844291687,-0.2733011543750763,0.876891016960144,0.9962792992591858
65,2210,True,0.3075215518474579,0.12844350934028625,0.548643946647644,0.980426013469696,0.9999700784683228,0.3142319619655609,0.12551233172416687,0.5381394624710083,0.9837672710418701,0.9999650716781616,0.315642386674881,0.12451943010091782,0.5382997989654541,0.9812793731689453,0.999963641166687,0.3171449899673462,0.12356428802013397,0.538374125957489,0.9858253598213196,0.9999616146087646,0.3033003807067871,0.12672753632068634,0.5733393430709839,0.9815363883972168,0.9999628067016602,0.30196020007133484,0.12742139399051666,0.5730375647544861,0.9793074727058411,0.9999607801437378,0.3002728819847107,0.12764587998390198,0.5728675127029419,0.9814854860305786,0.9999581575393677,0.3243412971496582,0.12296261638402939,0.4736260771751404,0.9866922497749329,0.9999526739120483,0.3168618381023407,0.1339554488658905,0.6353504061698914,0.9807668924331665,0.999948263168335,0.3095518946647644,0.12877576053142548,0.5178513526916504,0.9853755235671997,0.9999639987945557,0.3079524040222168,0.13254372775554657,0.5667332410812378,0.9782066941261292,0.9999536275863647,0.3313341736793518,0.12033849954605103,0.283828467130661,0.9995837807655334,0.9999911785125732,0.3154647946357727,0.157695472240448,0.517605185508728,0.9995409846305847,0.9999639987945557,0.29544663429260254,0.10798873752355576,0.13963954150676727,0.47783714532852173,0.9998942613601685,0.2674359679222107,0.16238020360469818,0.47974103689193726,0.6968157291412354,0.9998828172683716,0.20262953639030457,0.09510206431150436,0.08660311996936798,0.5090710520744324,0.9996205568313599,0.16748656332492828,0.15318931639194489,0.4362599551677704,0.6772354245185852,0.999451220035553,0.19266192615032196,0.09042461216449738,0.06244299188256264,0.4759683609008789,0.9994389414787292,0.15585076808929443,0.1597699075937271,0.4330925941467285,0.6397426128387451,0.9992952346801758,0.19283527135849,0.09197615832090378,0.09091810882091522,0.4640998840332031,0.9995102882385254,0.14725686609745026,0.1601664125919342,0.4160536825656891,0.6237744092941284,0.9994027614593506,0.1963077187538147,0.09324592351913452,0.10038947314023972,0.46865546703338623,0.9995152950286865,0.15259894728660583,0.16001686453819275,0.4257762134075165,0.6092914938926697,0.9993782043457031,0.26718899607658386,0.16731274127960205,-0.07770269364118576,0.999466598033905,0.9999123811721802,0.2644972503185272,0.19070962071418762,0.0769355371594429,0.9995816349983215,0.9998877048492432,0.12856855988502502,0.19472114741802216,-0.18697015941143036,0.8934553861618042,0.9994275569915771,0.15269610285758972,0.22431528568267822,0.014199361205101013,0.9295933246612549,0.9989424347877502,0.05063210055232048,0.26172274351119995,-0.39552468061447144,0.8729014992713928,0.9983855485916138,0.06097925454378128,0.2704916298389435,-0.15125839412212372,0.9101536870002747,0.9989668130874634,0.047053735703229904,0.2765815854072571,-0.4174530804157257,0.9142010807991028,0.9972509741783142,0.05152840167284012,0.28504520654678345,-0.17269380390644073,0.9195057153701782,0.9983540773391724,-0.008536853827536106,0.26178866624832153,-0.4609389901161194,0.8365371823310852,0.9961265921592712,0.023905377835035324,0.27231842279434204,-0.2143208384513855,0.8693428039550781,0.9972688555717468
66,2244,True,0.3079959750175476,0.13291004300117493,0.5939273834228516,0.9823776483535767,0.9999986886978149,0.31627216935157776,0.13085797429084778,0.6184964776039124,0.9853835701942444,0.9999986886978149,0.320893257856369,0.13299338519573212,0.6186386346817017,0.98314368724823,0.9999988079071045,0.324328750371933,0.132869690656662,0.6186408996582031,0.9872365593910217,0.9999986886978149,0.304086297750473,0.13075986504554749,0.6457256078720093,0.9833740592002869,0.9999979734420776,0.30276593565940857,0.13116736710071564,0.6453201770782471,0.9813656806945801,0.999997615814209,0.29792943596839905,0.12861952185630798,0.6454203128814697,0.9833266139030457,0.9999967813491821,0.3342708945274353,0.13061264157295227,0.7259119749069214,0.9880165457725525,0.9999985694885254,0.2990741431713104,0.1342392861843109,0.7741630673408508,0.9826825261116028,0.9999951124191284,0.3149121105670929,0.13827036321163177,0.6008599996566772,0.9868229031562805,0.9999973773956299,0.30113542079925537,0.13499101996421814,0.631657063961029,0.9803621768951416,0.9999954700469971,0.3486362099647522,0.13733407855033875,0.5392521619796753,0.9996148943901062,0.9999895095825195,0.25619590282440186,0.15029719471931458,0.7085621953010559,0.9995316863059998,0.9999010562896729,0.3453570604324341,0.13535399734973907,0.3094317615032196,0.5236058831214905,0.9999511241912842,0.18607720732688904,0.14710131287574768,0.5300884246826172,0.6716999411582947,0.999864935874939,0.30565345287323,0.09249909222126007,0.20835815370082855,0.5532894134521484,0.9999420642852783,0.18517819046974182,0.10877475887537003,0.35094571113586426,0.6846631169319153,0.9997283816337585,0.2965499758720398,0.08164255321025848,0.17020608484745026,0.5214885473251343,0.9998817443847656,0.18703065812587738,0.09879040718078613,0.2957984507083893,0.648993194103241,0.9995204210281372,0.29483020305633545,0.07913900911808014,0.19730031490325928,0.5101128220558167,0.9999085664749146,0.19006945192813873,0.09600358456373215,0.2978929877281189,0.6333319544792175,0.9996448755264282,0.2966262698173523,0.08331809937953949,0.2162170559167862,0.5118933916091919,0.9999302625656128,0.1921810358762741,0.10109049081802368,0.3341207206249237,0.6184875965118408,0.9997367262840271,0.2753976583480835,0.17887663841247559,-0.056042786687612534,0.9995080232620239,0.9999691247940063,0.2366594672203064,0.1818396896123886,0.05576048791408539,0.9996070265769958,0.9999538660049438,0.1941625326871872,0.19773122668266296,-0.2960188388824463,0.9022391438484192,0.999883770942688,0.13468652963638306,0.20044931769371033,-0.1923862099647522,0.9255572557449341,0.9993651509284973,0.10552175343036652,0.26528334617614746,-0.5688528418540955,0.8691247701644897,0.9980953335762024,0.06316341459751129,0.2666645050048828,-0.42339321970939636,0.8805251121520996,0.9976582527160645,0.09402309358119965,0.2778152525424957,-0.6073903441429138,0.9083418250083923,0.9947159886360168,0.05960274860262871,0.27834808826446533,-0.4648532569408417,0.9039279222488403,0.9957644939422607,0.06607265025377274,0.2730407416820526,-0.7194362282752991,0.8361933827400208,0.9765686988830566,0.027575921267271042,0.2801160216331482,-0.5743131041526794,0.8436899781227112,0.9807578325271606
67,2278,True,0.30590173602104187,0.1340247392654419,0.5548334717750549,0.9841389060020447,0.9999998807907104,0.312052845954895,0.135294109582901,0.6047606468200684,0.9868432879447937,0.9999997615814209,0.3167087435722351,0.13653983175754547,0.6047714948654175,0.9848269820213318,0.9999997615814209,0.32332542538642883,0.13730791211128235,0.6048546433448792,0.9885112643241882,0.9999997615814209,0.29965829849243164,0.1334807574748993,0.6159173250198364,0.9850348234176636,0.9999996423721313,0.29681968688964844,0.13329708576202393,0.6154935359954834,0.983226478099823,0.9999996423721313,0.29164615273475647,0.1312883198261261,0.6156412959098816,0.9849917888641357,0.9999995231628418,0.3287712633609772,0.13273140788078308,0.7137032151222229,0.9892112612724304,0.9999997615814209,0.2865041196346283,0.13559648394584656,0.7418972253799438,0.9844107627868652,0.9999992847442627,0.3128269612789154,0.14141935110092163,0.5818726420402527,0.9881296753883362,0.9999985694885254,0.29630813002586365,0.13845044374465942,0.5948478579521179,0.9823108315467834,0.9999982118606567,0.34443777799606323,0.164901465177536,0.5759222507476807,0.9996455311775208,0.9999868869781494,0.23996274173259735,0.14653795957565308,0.6610931158065796,0.999562680721283,0.9999433755874634,0.36983025074005127,0.1437959522008896,0.5436034202575684,0.5592067241668701,0.9999825954437256,0.19490526616573334,0.12077347934246063,0.5351548194885254,0.671425461769104,0.9999357461929321,0.38900724053382874,0.11488167196512222,0.7010152339935303,0.5854302048683167,0.9999552965164185,0.24185416102409363,0.09658653289079666,0.46866175532341003,0.6900733113288879,0.9999574422836304,0.39158502221107483,0.10483630001544952,0.7125223875045776,0.5470249652862549,0.9998811483383179,0.1938520073890686,0.08954872936010361,0.4603210985660553,0.6468484401702881,0.999924898147583,0.3890845477581024,0.10294316709041595,0.7318137288093567,0.5343736410140991,0.999896764755249,0.2518025040626526,0.09045560657978058,0.48807036876678467,0.6295458078384399,0.9999366998672485,0.3881048858165741,0.10572008043527603,0.7110306024551392,0.5342686772346497,0.9999407529830933,0.23655730485916138,0.09429024159908295,0.4741416871547699,0.6122853755950928,0.9999581575393677,0.2624918818473816,0.20421287417411804,-0.03962116688489914,0.9995397329330444,0.9999911785125732,0.20441371202468872,0.19032911956310272,0.039369672536849976,0.9996387958526611,0.9999957084655762,0.2762834429740906,0.18411117792129517,-0.3636414706707001,0.9102693796157837,0.9999780654907227,0.14177002012729645,0.21470248699188232,-0.28099358081817627,0.930633008480072,0.9999643564224243,0.18483659625053406,0.21049121022224426,-0.5843627452850342,0.870702862739563,0.999925971031189,0.06062733381986618,0.27476438879966736,-0.5065511465072632,0.8846673965454102,0.9996534585952759,0.1700437068939209,0.2166021317243576,-0.6182184219360352,0.911104142665863,0.9998487234115601,0.059334006160497665,0.28452444076538086,-0.5446437001228333,0.9086527228355408,0.9993416666984558,0.14658525586128235,0.21314552426338196,-0.7192354202270508,0.8421348333358765,0.9991470575332642,0.0190394539386034,0.2915092408657074,-0.6841905117034912,0.8505980372428894,0.9974570870399475
68,2312,True,0.32337743043899536,0.13826540112495422,0.7609065771102905,0.9857237339019775,0.9999998807907104,0.3245331943035126,0.13796980679035187,0.8224622011184692,0.9881555438041687,0.9999998807907104,0.33133766055107117,0.13818883895874023,0.8223835229873657,0.9863404035568237,0.9999998807907104,0.33470043540000916,0.1383945792913437,0.8225436806678772,0.9896577596664429,0.9999998807907104,0.30931591987609863,0.13661204278469086,0.8172482848167419,0.9865279197692871,0.9999998807907104,0.30620262026786804,0.1360674947500229,0.8167977929115295,0.9848998188972473,0.9999998807907104,0.3032476305961609,0.13460180163383484,0.817004382610321,0.9864894151687622,0.9999997615814209,0.3338759243488312,0.14396753907203674,0.9476163387298584,0.9902874231338501,0.9999998807907104,0.29155534505844116,0.13458284735679626,0.920653223991394,0.9859674572944641,0.9999997615814209,0.32611873745918274,0.14386996626853943,0.7931936383247375,0.9893128275871277,0.9999997615814209,0.30814218521118164,0.14189933240413666,0.7838257551193237,0.9840747714042664,0.9999997615814209,0.343776136636734,0.17712928354740143,0.8254340887069702,0.9996793270111084,0.9999942779541016,0.26123711466789246,0.13702453672885895,0.7969449162483215,0.9996047616004944,0.9999876022338867,0.375427782535553,0.19414684176445007,0.8033097386360168,0.582211971282959,0.9999854564666748,0.2084791362285614,0.11005450785160065,0.7353240251541138,0.6973090767860413,0.9999793767929077,0.42964646220207214,0.1555888056755066,0.9174942970275879,0.6001859903335571,0.9999762773513794,0.35476168990135193,0.11353526264429092,0.8815912008285522,0.6949828863143921,0.9999903440475464,0.4422815144062042,0.14291933178901672,0.9307953119277954,0.5514887571334839,0.9999264478683472,0.37303802371025085,0.11605854332447052,0.9053562879562378,0.631622314453125,0.9999672174453735,0.4446120262145996,0.13970761001110077,0.9491841793060303,0.5380618572235107,0.999941349029541,0.37754708528518677,0.11665614694356918,0.9371185302734375,0.610593855381012,0.9999709129333496,0.4392395317554474,0.14285743236541748,0.9247304201126099,0.5374953746795654,0.9999715089797974,0.373762845993042,0.11699900776147842,0.8965032696723938,0.592157244682312,0.9999873638153076,0.26925843954086304,0.20850741863250732,-0.0246327742934227,0.9995369911193848,0.9999639987945557,0.21412648260593414,0.18489061295986176,0.024377577006816864,0.9996383190155029,0.9999539852142334,0.22642914950847626,0.21140393614768982,-0.3962603211402893,0.9172995686531067,0.9998317956924438,0.14210009574890137,0.20864424109458923,-0.4125940501689911,0.9340344667434692,0.9996979236602783,0.12854933738708496,0.26935240626335144,-0.7485364079475403,0.8535060286521912,0.9968076944351196,0.059388235211372375,0.27405619621276855,-0.7601533532142639,0.8523817658424377,0.993550181388855,0.11647211015224457,0.27690228819847107,-0.8012205362319946,0.9068459272384644,0.9913425445556641,0.05680987611413002,0.28478479385375977,-0.8119580745697021,0.9006259441375732,0.986085057258606,0.0934683233499527,0.28760164976119995,-0.9092950820922852,0.8350829482078552,0.9365991353988647,0.020877381786704063,0.295661985874176,-0.9285225868225098,0.8293209671974182,0.9292935132980347
69,2346,True,0.32822471857070923,0.13976475596427917,0.33878234028816223,0.987064778804779,0.9992497563362122,0.3296479880809784,0.13955558836460114,0.36534833908081055,0.9891588091850281,0.998461127281189,0.336473286151886,0.1393190175294876,0.36528077721595764,0.9874735474586487,0.9984579086303711,0.3384762108325958,0.13877932727336884,0.36520326137542725,0.9905520677566528,0.9983444213867188,0.324564665555954,0.13828954100608826,0.35077381134033203,0.9877480864524841,0.9984826445579529,0.32391223311424255,0.13785284757614136,0.35038694739341736,0.9862569570541382,0.9985238909721375,0.3240741789340973,0.13678814470767975,0.3503651022911072,0.9877246022224426,0.9983885288238525,0.3360137641429901,0.14835242927074432,0.43359142541885376,0.991081714630127,0.9984777569770813,0.31288376450538635,0.13594111800193787,0.3622063398361206,0.9872497916221619,0.9988234639167786,0.32944247126579285,0.14454308152198792,0.3600653409957886,0.9901008605957031,0.9990412592887878,0.3187206983566284,0.1430303454399109,0.3386213779449463,0.9853763580322266,0.9991600513458252,0.34248271584510803,0.18211418390274048,0.40761464834213257,0.999582052230835,0.9971363544464111,0.26371049880981445,0.1408369094133377,0.27265214920043945,0.9996101260185242,0.9991514682769775,0.3475825786590576,0.21792051196098328,0.4161885678768158,0.5557405352592468,0.9954119324684143,0.3264799416065216,0.13423748314380646,0.1862363964319229,0.7147101163864136,0.99835604429245,0.4211716651916504,0.21182389557361603,0.4379023611545563,0.5830458402633667,0.9963222742080688,0.4127984642982483,0.13257868587970734,0.25441083312034607,0.6917521357536316,0.9979982972145081,0.4409582316875458,0.21252357959747314,0.45249807834625244,0.5384072661399841,0.9941089153289795,0.4344089925289154,0.12088298797607422,0.25722959637641907,0.6230462789535522,0.9959457516670227,0.44296783208847046,0.2109944075345993,0.4441365599632263,0.5261408090591431,0.9949753284454346,0.43464699387550354,0.12979885935783386,0.28586405515670776,0.601388692855835,0.9964630007743835,0.43830859661102295,0.21029241383075714,0.43255120515823364,0.526155948638916,0.996283233165741,0.427428275346756,0.13448169827461243,0.2675156891345978,0.5813300609588623,0.9975994229316711,0.2599363625049591,0.22583822906017303,0.024397697299718857,0.9993880987167358,0.9983817338943481,0.21021607518196106,0.20104090869426727,-0.024770408868789673,0.9995374083518982,0.9988433122634888,0.253385066986084,0.24517479538917542,-0.2499781996011734,0.9190844893455505,0.9927672147750854,0.1442173570394516,0.22242143750190735,-0.31955644488334656,0.9358827471733093,0.9928584098815918,0.13445574045181274,0.2952447533607483,-0.33596569299697876,0.853813886642456,0.9569865465164185,0.042683325707912445,0.2747402787208557,-0.4786570966243744,0.8553423881530762,0.930381715297699,0.11202222108840942,0.29868918657302856,-0.3498503267765045,0.8940277695655823,0.9216527938842773,0.045787811279296875,0.2845441997051239,-0.48608309030532837,0.886661946773529,0.872930109500885,0.10098659992218018,0.3181862235069275,-0.4212970435619354,0.8362233638763428,0.7511706948280334,0.009592502377927303,0.29478520154953003,-0.6011644005775452,0.8311803340911865,0.7024109959602356
70,2380,True,0.32640719413757324,0.16526950895786285,0.47427859902381897,0.9879889488220215,0.9999717473983765,0.3278425931930542,0.16408976912498474,0.4469659626483917,0.9897131323814392,0.9999673366546631,0.3343702256679535,0.16472041606903076,0.4474340081214905,0.988006055355072,0.9999704360961914,0.33254626393318176,0.16556981205940247,0.44704750180244446,0.9910576343536377,0.9999723434448242,0.3246455192565918,0.1609441339969635,0.522800087928772,0.9885032176971436,0.9999613761901855,0.32464948296546936,0.1599302589893341,0.5225233435630798,0.9870310425758362,0.9999610185623169,0.3249722719192505,0.1587974727153778,0.5226300358772278,0.9885208010673523,0.9999586343765259,0.322189062833786,0.16878673434257507,0.6026821732521057,0.9913794994354248,0.9999803304672241,0.3149000108242035,0.15744240581989288,0.532167911529541,0.9880310297012329,0.999967098236084,0.32802078127861023,0.16970261931419373,0.38615795969963074,0.990796685218811,0.9999876022338867,0.3231722414493561,0.16222935914993286,0.5048666596412659,0.9862154126167297,0.999984622001648,0.2951277494430542,0.1931801289319992,0.5936070680618286,0.9996171593666077,0.9999856948852539,0.2941669523715973,0.14354586601257324,0.35925164818763733,0.99964839220047,0.9999958276748657,0.3423062562942505,0.23273873329162598,0.6047292947769165,0.5231820344924927,0.9999876022338867,0.3774665296077728,0.1523570865392685,0.19907400012016296,0.7409275770187378,0.9999909400939941,0.38080570101737976,0.2535175681114197,0.6059373021125793,0.5711624622344971,0.9999219179153442,0.4619358777999878,0.18302690982818604,0.17976218461990356,0.7161121368408203,0.9999165534973145,0.38694244623184204,0.26930803060531616,0.6099879145622253,0.5294350385665894,0.9998431205749512,0.47973960638046265,0.187873974442482,0.15472589433193207,0.650216281414032,0.9997844099998474,0.39037787914276123,0.26943543553352356,0.5906954407691956,0.5186066627502441,0.9998797178268433,0.4795660972595215,0.18976052105426788,0.19379274547100067,0.629120945930481,0.9998193383216858,0.38807013630867004,0.26723945140838623,0.592678427696228,0.5206248164176941,0.9999163150787354,0.4732937216758728,0.18885165452957153,0.1948961466550827,0.6072191596031189,0.999880313873291,0.22952517867088318,0.23386046290397644,0.06658558547496796,0.9994474649429321,0.9999934434890747,0.21062147617340088,0.21503973007202148,-0.06626783311367035,0.9995821118354797,0.999997615814209,0.25425270199775696,0.28155818581581116,-0.22651827335357666,0.921962559223175,0.9996579885482788,0.14466972649097443,0.23503923416137695,-0.3940713703632355,0.9412491917610168,0.9998620748519897,0.16120414435863495,0.31968849897384644,-0.3362860679626465,0.848341166973114,0.9991878867149353,0.0421798899769783,0.26938557624816895,-0.5704101920127869,0.8629031181335449,0.9988135099411011,0.14010940492153168,0.3224610686302185,-0.35847464203834534,0.8954640030860901,0.9989086389541626,0.039055801928043365,0.2765435576438904,-0.5923581719398499,0.8934730887413025,0.9979774355888367,0.15279404819011688,0.3411155045032501,-0.41932541131973267,0.8361011147499084,0.9964774250984192,0.014668677933514118,0.287657231092453,-0.6892690658569336,0.839106023311615,0.9951731562614441
71,2414,True,0.32739707827568054,0.1910361349582672,0.5324628949165344,0.9886119961738586,0.999948263168335,0.32673656940460205,0.18929561972618103,0.523012638092041,0.9899437427520752,0.9999487400054932,0.33314940333366394,0.19010090827941895,0.5233849883079529,0.98827064037323,0.9999518394470215,0.3303084969520569,0.19103136658668518,0.5229747891426086,0.9913061261177063,0.9999563694000244,0.3273865282535553,0.1864355355501175,0.5633871555328369,0.9890872836112976,0.9999463558197021,0.3282082974910736,0.18547740578651428,0.5630706548690796,0.9878136515617371,0.9999485015869141,0.3291172385215759,0.1844179332256317,0.5631504058837891,0.9892033934593201,0.9999502897262573,0.3162640929222107,0.19184888899326324,0.6324867010116577,0.9918662309646606,0.9999629259109497,0.32081717252731323,0.17856483161449432,0.5446094274520874,0.9888518452644348,0.9999591112136841,0.32598447799682617,0.19489237666130066,0.48090094327926636,0.9913035035133362,0.999972939491272,0.3243335485458374,0.18696634471416473,0.539132833480835,0.9870358109474182,0.9999731779098511,0.2724769711494446,0.20943689346313477,0.6049000024795532,0.9996340274810791,0.9999276399612427,0.3212108314037323,0.1789768636226654,0.35000598430633545,0.9996829032897949,0.999992847442627,0.3402487337589264,0.24415509402751923,0.5760740637779236,0.4870850443840027,0.9999433755874634,0.3869069516658783,0.18603304028511047,0.18245813250541687,0.7649812698364258,0.9999852180480957,0.3794170022010803,0.25479161739349365,0.5653116703033447,0.5506617426872253,0.9998846054077148,0.4695311188697815,0.22089941799640656,0.1484460085630417,0.7372336387634277,0.999924898147583,0.3834254741668701,0.2620113492012024,0.5623695254325867,0.5113749504089355,0.9998382329940796,0.4845549166202545,0.22431513667106628,0.12736476957798004,0.6732569336891174,0.9998007416725159,0.3893415629863739,0.26459723711013794,0.5543097853660583,0.49991360306739807,0.9998630285263062,0.4817906618118286,0.22700878977775574,0.16740207374095917,0.6525508165359497,0.9998264908790588,0.3866792917251587,0.2651520371437073,0.5564345717430115,0.5033563375473022,0.999891996383667,0.47466087341308594,0.2261018455028534,0.16440892219543457,0.6298631429672241,0.999869704246521,0.20291286706924438,0.25477826595306396,0.08615145087242126,0.9994979500770569,0.9999344348907471,0.2153131663799286,0.23430415987968445,-0.08586836606264114,0.9996196627616882,0.999985933303833,0.24475111067295074,0.32276397943496704,-0.0771368071436882,0.9249132871627808,0.9979680180549622,0.21268489956855774,0.2882022261619568,-0.33242231607437134,0.947030246257782,0.9998083710670471,0.1384923756122589,0.33070462942123413,-0.18150624632835388,0.8567505478858948,0.9985557198524475,0.06866631656885147,0.28258004784584045,-0.4852614104747772,0.876038670539856,0.9990032315254211,0.12112336605787277,0.32687920331954956,-0.20120154321193695,0.9013122916221619,0.9985274076461792,0.051990900188684464,0.2836204171180725,-0.49913710355758667,0.9032938480377197,0.9983993172645569,0.1161298006772995,0.3556845188140869,-0.22172437608242035,0.8448349237442017,0.9950581789016724,0.0169965922832489,0.29836440086364746,-0.5297799110412598,0.8536153435707092,0.9947217702865601
72,2448,True,0.3360534906387329,0.2225363701581955,0.5153067111968994,0.9897133708000183,0.9999972581863403,0.3299143612384796,0.21761497855186462,0.5507941842079163,0.9909091591835022,0.9999960660934448,0.3308623731136322,0.22009143233299255,0.5508033037185669,0.9893865585327148,0.9999963045120239,0.32901519536972046,0.2204267680644989,0.5508300065994263,0.9921391606330872,0.999996542930603,0.33293312788009644,0.2156984806060791,0.531023383140564,0.990148663520813,0.9999955892562866,0.334398478269577,0.21461892127990723,0.5306187272071838,0.9889980554580688,0.9999957084655762,0.33480677008628845,0.21428708732128143,0.5307180881500244,0.9902552366256714,0.9999953508377075,0.3202916979789734,0.21792981028556824,0.6377208828926086,0.9926441311836243,0.9999973773956299,0.3250020444393158,0.21107128262519836,0.520819365978241,0.9899337291717529,0.999996542930603,0.32494980096817017,0.22119233012199402,0.5303459167480469,0.9921205639839172,0.9999971389770508,0.32663804292678833,0.2181038111448288,0.5039975643157959,0.9882579445838928,0.9999971389770508,0.2738596498966217,0.23752176761627197,0.608124852180481,0.999666154384613,0.9999887943267822,0.3204103112220764,0.19675415754318237,0.363481730222702,0.9997142553329468,0.9999979734420776,0.3328026235103607,0.2569107413291931,0.6223948001861572,0.4551025927066803,0.999990701675415,0.3849402964115143,0.21132655441761017,0.23579120635986328,0.7825625538825989,0.9999949932098389,0.38924530148506165,0.2466377317905426,0.6457053422927856,0.5347644090652466,0.9999827146530151,0.46287375688552856,0.2285039722919464,0.2528788149356842,0.7390719056129456,0.9999790191650391,0.4029797911643982,0.24009506404399872,0.6466884016990662,0.4971819221973419,0.9999713897705078,0.48137643933296204,0.22578486800193787,0.23910179734230042,0.675279974937439,0.9999459981918335,0.40913161635398865,0.24222156405448914,0.6422658562660217,0.4851156175136566,0.9999744892120361,0.4769882559776306,0.22767095267772675,0.2710627317428589,0.6535719037055969,0.99994957447052,0.40485525131225586,0.24433068931102753,0.6379493474960327,0.48937857151031494,0.9999821186065674,0.4705670177936554,0.2269923985004425,0.2659169137477875,0.6271377205848694,0.9999687671661377,0.2088625133037567,0.27232059836387634,0.08187872916460037,0.9995477795600891,0.9999927282333374,0.21724556386470795,0.24253711104393005,-0.08146606385707855,0.9996570348739624,0.9999971389770508,0.24762147665023804,0.3430868983268738,-0.13412386178970337,0.9305165410041809,0.9999346733093262,0.1940506547689438,0.2735072374343872,-0.32539817690849304,0.9521998167037964,0.9999779462814331,0.20429052412509918,0.3995347321033478,-0.3027186095714569,0.8681167364120483,0.9997779726982117,0.07221797853708267,0.26437896490097046,-0.5517891645431519,0.887736976146698,0.9998107552528381,0.18567129969596863,0.40043529868125916,-0.3297635316848755,0.9087728261947632,0.9996685981750488,0.054866403341293335,0.27003854513168335,-0.5790635347366333,0.9119094014167786,0.9996727705001831,0.22319307923316956,0.4252091944217682,-0.3764598071575165,0.8581411242485046,0.9983721375465393,0.019498391076922417,0.2764956057071686,-0.6677687168121338,0.8670398592948914,0.9985321760177612
73,2482,True,0.3576650023460388,0.2382284700870514,0.3169400990009308,0.9895942807197571,0.9987947940826416,0.3590107262134552,0.23824918270111084,0.32913079857826233,0.9909679293632507,0.9978126287460327,0.3592894673347473,0.23840177059173584,0.3291042149066925,0.9893524646759033,0.9979662895202637,0.3591947853565216,0.23837868869304657,0.32906338572502136,0.9922690987586975,0.9979609251022339,0.3644918203353882,0.23469503223896027,0.3112291395664215,0.9903193116188049,0.9979372024536133,0.3647220730781555,0.23401141166687012,0.3109484314918518,0.9891238808631897,0.9980971217155457,0.3651454448699951,0.2334405481815338,0.31099653244018555,0.9906321167945862,0.9981303811073303,0.351889044046402,0.23286978900432587,0.35428091883659363,0.9924435019493103,0.9983900785446167,0.36346256732940674,0.22830310463905334,0.27182596921920776,0.9901125431060791,0.9987425208091736,0.34441444277763367,0.23637454211711884,0.32669010758399963,0.9922162294387817,0.9995267391204834,0.34812331199645996,0.2366260290145874,0.3022940456867218,0.9886398911476135,0.9995777010917664,0.30895301699638367,0.2268666923046112,0.34292465448379517,0.9996656179428101,0.999800980091095,0.33069947361946106,0.21228794753551483,0.169469952583313,0.9997389316558838,0.999901294708252,0.343596875667572,0.2553308308124542,0.3751986622810364,0.439985066652298,0.9998642206192017,0.3795035481452942,0.23067815601825714,0.11875646561384201,0.7848890423774719,0.9998069405555725,0.39608997106552124,0.24992820620536804,0.4026120901107788,0.5133295655250549,0.9997480511665344,0.4530183672904968,0.23228764533996582,0.19299286603927612,0.7254412770271301,0.9996874332427979,0.40809494256973267,0.24775385856628418,0.4073330760002136,0.4752403199672699,0.9995160102844238,0.4695577025413513,0.2313041239976883,0.19327370822429657,0.6603241562843323,0.9993333220481873,0.4120168387889862,0.24802251160144806,0.407370001077652,0.46331796050071716,0.999472439289093,0.4675882160663605,0.23129725456237793,0.20838592946529388,0.6391633749008179,0.9992647767066956,0.40784698724746704,0.24802306294441223,0.4014131724834442,0.46757251024246216,0.9996659755706787,0.46076714992523193,0.23064830899238586,0.20214053988456726,0.6112725734710693,0.9994972944259644,0.2132333517074585,0.2816694378852844,0.06501033902168274,0.9995742440223694,0.999874472618103,0.2183249145746231,0.2719431519508362,-0.06472162902355194,0.9996788501739502,0.9998923540115356,0.23948709666728973,0.32674309611320496,-0.005649738945066929,0.9138706922531128,0.9981452226638794,0.21405746042728424,0.3409457802772522,-0.12919561564922333,0.9545541405677795,0.9993447661399841,0.1727059930562973,0.3634761571884155,-0.07056275010108948,0.8535434007644653,0.9926285743713379,0.19143928587436676,0.3979276418685913,-0.2289905697107315,0.8949360251426697,0.9935552477836609,0.15596458315849304,0.36638668179512024,-0.08201932162046432,0.8904537558555603,0.9908603429794312,0.17995832860469818,0.40354686975479126,-0.23637112975120544,0.9144623279571533,0.9896678924560547,0.17005793750286102,0.38077038526535034,-0.12945227324962616,0.841967761516571,0.984095573425293,0.19970518350601196,0.4229127764701843,-0.2911313772201538,0.8711569905281067,0.9804058074951172
74,2516,True,0.39044058322906494,0.23974597454071045,0.2024279087781906,0.9901633858680725,0.9977093935012817,0.39840608835220337,0.24076056480407715,0.21697662770748138,0.9915504455566406,0.9958418011665344,0.3981902301311493,0.24250121414661407,0.2169344425201416,0.9900498986244202,0.9958552718162537,0.39801135659217834,0.24424903094768524,0.21684953570365906,0.9927636384963989,0.9954765439033508,0.39986157417297363,0.23557531833648682,0.21013064682483673,0.9910082817077637,0.9962969422340393,0.4018036723136902,0.23243066668510437,0.20986692607402802,0.9899073839187622,0.9964351654052734,0.3991684913635254,0.2303284853696823,0.2098918855190277,0.9913322329521179,0.9960346817970276,0.38902851939201355,0.24017539620399475,0.2754098176956177,0.992874264717102,0.9952312111854553,0.3956754505634308,0.23061802983283997,0.2397506982088089,0.9908783435821533,0.9965395927429199,0.37855657935142517,0.24250534176826477,0.22420306503772736,0.9924507737159729,0.9979228377342224,0.3792591989040375,0.2363053560256958,0.21357165277004242,0.9894505143165588,0.9985381364822388,0.3530143201351166,0.2488478720188141,0.25372058153152466,0.9995988011360168,0.9985972046852112,0.33866196870803833,0.22026899456977844,0.19259147346019745,0.9997159838676453,0.9986238479614258,0.36567044258117676,0.268252432346344,0.20712952315807343,0.45849689841270447,0.999151349067688,0.3741304576396942,0.2364557534456253,0.19678319990634918,0.7681313753128052,0.9986355900764465,0.45122385025024414,0.23999902606010437,0.18810343742370605,0.5099567770957947,0.9984768033027649,0.4543527364730835,0.2328166961669922,0.32146626710891724,0.6912410855293274,0.9988396763801575,0.45763978362083435,0.24126692116260529,0.17681168019771576,0.4685417115688324,0.9972311854362488,0.47512197494506836,0.23726336658000946,0.34723103046417236,0.6255630254745483,0.9979134202003479,0.46213299036026,0.2415652573108673,0.19619791209697723,0.455705463886261,0.9967156648635864,0.4686491787433624,0.2334086149930954,0.3401159644126892,0.6056938171386719,0.9974822402000427,0.45268648862838745,0.24172262847423553,0.19324491918087006,0.4600934088230133,0.997800886631012,0.45968636870384216,0.2334958016872406,0.3226582109928131,0.5805040597915649,0.9981881976127625,0.2462608963251114,0.299557626247406,0.031140683218836784,0.9995710253715515,0.9990037083625793,0.22038501501083374,0.2840743064880371,-0.03159714117646217,0.9996564984321594,0.9977378845214844,0.2336907982826233,0.36512380838394165,-0.08184414356946945,0.9052278995513916,0.9958631992340088,0.22969044744968414,0.3602510392665863,-0.11050388216972351,0.9407888650894165,0.997863233089447,0.1687903255224228,0.44240832328796387,-0.18830469250679016,0.8449743390083313,0.9718335866928101,0.18591369688510895,0.4504793584346771,-0.20545582473278046,0.884304940700531,0.9830474257469177,0.1551930159330368,0.4513556957244873,-0.20181871950626373,0.8681685328483582,0.9561843276023865,0.17368388175964355,0.4585149884223938,-0.21368850767612457,0.8914293646812439,0.9664335250854492,0.15334171056747437,0.4700506627559662,-0.2806241810321808,0.8339114785194397,0.8767474889755249,0.19084428250789642,0.47803887724876404,-0.29452499747276306,0.8613877296447754,0.8960638046264648
75,2550,True,0.39196914434432983,0.2517699897289276,0.09780333936214447,0.9902819395065308,0.9976463913917542,0.39810726046562195,0.24970801174640656,0.1171891987323761,0.9919355511665344,0.9975059628486633,0.3980822265148163,0.25066736340522766,0.11711117625236511,0.9903629422187805,0.9976266026496887,0.398099809885025,0.2516714930534363,0.11696313321590424,0.9931349158287048,0.9977238774299622,0.3976908326148987,0.2457229644060135,0.09820614755153656,0.9913164377212524,0.9973244667053223,0.39754292368888855,0.24382846057415009,0.09799832105636597,0.990183413028717,0.9974602460861206,0.3965645730495453,0.2418888360261917,0.09801840037107468,0.9916830062866211,0.9975011944770813,0.38982531428337097,0.24842607975006104,0.1964488923549652,0.9933416247367859,0.9985516667366028,0.3879198431968689,0.23651155829429626,0.10789816081523895,0.9912447929382324,0.9981293082237244,0.3786722421646118,0.25366050004959106,0.12627771496772766,0.9919016361236572,0.9983715415000916,0.3804089426994324,0.24897941946983337,0.10044155269861221,0.9891753196716309,0.9982652068138123,0.3530569076538086,0.25781646370887756,0.23162439465522766,0.9995506405830383,0.998591959476471,0.3440312147140503,0.23206710815429688,0.04485982656478882,0.9997013211250305,0.9992203712463379,0.35308095812797546,0.2900032103061676,0.30283135175704956,0.4286428987979889,0.9950319528579712,0.42169931530952454,0.23542943596839905,0.037516601383686066,0.7726065516471863,0.9979658126831055,0.3485330045223236,0.2954275608062744,0.3304407000541687,0.4681851267814636,0.9893438816070557,0.4611186683177948,0.23761160671710968,0.22067391872406006,0.6540757417678833,0.982416033744812,0.3450329005718231,0.2969069480895996,0.33770132064819336,0.430902361869812,0.9899270534515381,0.471901535987854,0.23539778590202332,0.22962242364883423,0.588201105594635,0.9690811634063721,0.3405264616012573,0.2965664565563202,0.3307194709777832,0.41939130425453186,0.9880132675170898,0.46290045976638794,0.23774631321430206,0.24079613387584686,0.5697654485702515,0.9646624326705933,0.33926859498023987,0.2948704659938812,0.3263421654701233,0.42439621686935425,0.9889528751373291,0.4584198296070099,0.2395048439502716,0.22712044417858124,0.5481733083724976,0.9727615118026733,0.2546420395374298,0.3073548674583435,0.05989477410912514,0.9995496273040771,0.998764157295227,0.22278302907943726,0.29339084029197693,-0.060276374220848083,0.9995825886726379,0.9982489347457886,0.3090100884437561,0.3730356693267822,0.032416269183158875,0.8883662223815918,0.9919724464416504,0.25502464175224304,0.3512791693210602,-0.13192732632160187,0.9422604441642761,0.9900858402252197,0.22824889421463013,0.3915264904499054,0.0028707587625831366,0.8398104906082153,0.9913794994354248,0.17812514305114746,0.4459386467933655,-0.12861497700214386,0.8856135606765747,0.9782448410987854,0.21286199986934662,0.3904474377632141,-8.468869054922834e-05,0.8611357808113098,0.991303563117981,0.1674967259168625,0.35913604497909546,-0.12412125617265701,0.8864961862564087,0.9791083931922913,0.21066197752952576,0.4151572585105896,-0.029757589101791382,0.8340702652931213,0.9800562262535095,0.15224577486515045,0.4164338707923889,-0.1402525007724762,0.8634966611862183,0.963409960269928
76,2584,True,0.38266104459762573,0.25942790508270264,0.2257940024137497,0.9909506440162659,0.9990181922912598,0.3910241723060608,0.2560141682624817,0.24540188908576965,0.9924219250679016,0.9982513785362244,0.3898971676826477,0.2560085952281952,0.24532011151313782,0.9908815622329712,0.9982666969299316,0.38885143399238586,0.256069540977478,0.24522991478443146,0.9935901165008545,0.9982086420059204,0.3922569155693054,0.25510090589523315,0.21362926065921783,0.9919191002845764,0.9984579086303711,0.39196065068244934,0.2544555068016052,0.21334484219551086,0.9908953309059143,0.9986146688461304,0.3913114368915558,0.25367194414138794,0.21336568892002106,0.9923193454742432,0.9986446499824524,0.3770817518234253,0.25444161891937256,0.308287113904953,0.9938481450080872,0.9986504912376404,0.37706315517425537,0.24790823459625244,0.1605728268623352,0.9919180274009705,0.9989467263221741,0.37238308787345886,0.26214149594306946,0.24760307371616364,0.9923596382141113,0.9994489550590515,0.37365683913230896,0.26009970903396606,0.20521177351474762,0.9900079369544983,0.9995118379592896,0.33929505944252014,0.2777559757232666,0.34628114104270935,0.9995651841163635,0.9995738863945007,0.34727510809898376,0.2540469169616699,0.04617610573768616,0.9997233152389526,0.9998798370361328,0.3380762040615082,0.29481810331344604,0.4262709319591522,0.39579707384109497,0.9988935589790344,0.42333099246025085,0.2458583414554596,-0.0009079152368940413,0.7929112315177917,0.9999188184738159,0.33074456453323364,0.30175381898880005,0.4885293245315552,0.42894694209098816,0.9976800084114075,0.4819298982620239,0.23887237906455994,0.1788572072982788,0.6686168313026428,0.9997026324272156,0.3296046257019043,0.30167603492736816,0.5138458013534546,0.39584022760391235,0.9978485107421875,0.4874294698238373,0.2265438288450241,0.1745811402797699,0.5984064936637878,0.9991353154182434,0.32924985885620117,0.3031006157398224,0.48600897192955017,0.38540223240852356,0.9971972703933716,0.47998982667922974,0.22786495089530945,0.20369796454906464,0.5805296301841736,0.9990234375,0.3298487961292267,0.3026386797428131,0.47565218806266785,0.3910205066204071,0.9976227879524231,0.4760036766529083,0.23685786128044128,0.1911330372095108,0.5604426264762878,0.9994232654571533,0.24939964711666107,0.34379488229751587,0.10005095601081848,0.9995701909065247,0.9975791573524475,0.24083393812179565,0.3310670256614685,-0.10012877732515335,0.9995731711387634,0.9983135461807251,0.28432291746139526,0.42820215225219727,0.07516520470380783,0.8829206228256226,0.9978664517402649,0.3065577447414398,0.3924626410007477,-0.12893591821193695,0.9444330334663391,0.998327910900116,0.19289708137512207,0.49139857292175293,-0.003087433520704508,0.8463984131813049,0.992996871471405,0.2489064484834671,0.4172237515449524,-0.14473652839660645,0.8902700543403625,0.9934622049331665,0.1768893450498581,0.4960162043571472,-0.013235004618763924,0.8668058514595032,0.9911063313484192,0.23221753537654877,0.41165971755981445,-0.14420942962169647,0.8908313512802124,0.9926360249519348,0.18300718069076538,0.5206927061080933,-0.07170701771974564,0.8426880240440369,0.9842707514762878,0.25716695189476013,0.4324661195278168,-0.17794424295425415,0.8700577616691589,0.9908756017684937
77,2618,True,0.37638333439826965,0.27104732394218445,0.16579101979732513,0.9909127950668335,0.984669029712677,0.38618502020835876,0.2650001347064972,0.1808525025844574,0.9922427535057068,0.9801409840583801,0.3848188519477844,0.2647027373313904,0.18076825141906738,0.9905402064323425,0.9803106188774109,0.38355404138565063,0.26446202397346497,0.18064409494400024,0.9934388995170593,0.9797133207321167,0.387500137090683,0.26461780071258545,0.14237919449806213,0.9919372200965881,0.9822494983673096,0.3869476020336151,0.26397159695625305,0.14213521778583527,0.9910280704498291,0.98349529504776,0.38609808683395386,0.26321539282798767,0.14210936427116394,0.9924911856651306,0.9836516976356506,0.37013763189315796,0.2618952989578247,0.23949779570102692,0.9937970638275146,0.9801755547523499,0.37210536003112793,0.2608146071434021,0.06425201147794724,0.992124080657959,0.9826266169548035,0.3745568096637726,0.27346694469451904,0.18920813500881195,0.991866946220398,0.9832111597061157,0.37553104758262634,0.2728441059589386,0.13834148645401,0.990057110786438,0.9854817390441895,0.33424046635627747,0.28470197319984436,0.3071257174015045,0.9988613724708557,0.9873052835464478,0.3416091799736023,0.2751469016075134,-0.05561961233615875,0.9994591474533081,0.9920924305915833,0.33576539158821106,0.28109556436538696,0.4136967957019806,0.3618660271167755,0.991973876953125,0.4065558612346649,0.2665709853172302,-0.10338853299617767,0.8074758052825928,0.9973194003105164,0.34435996413230896,0.27761468291282654,0.47066909074783325,0.39085641503334045,0.9720681309700012,0.4585668444633484,0.24422220885753632,0.06211572140455246,0.6757781505584717,0.9925456643104553,0.34629663825035095,0.27590152621269226,0.4893946051597595,0.36210551857948303,0.971829891204834,0.4688069522380829,0.23482009768486023,0.05158518627285957,0.6062161326408386,0.9865220189094543,0.34749820828437805,0.2785010039806366,0.4680427014827728,0.3527567982673645,0.9633982181549072,0.466495543718338,0.23537799715995789,0.07278701663017273,0.5897361040115356,0.9847646355628967,0.3463258743286133,0.2788580656051636,0.4610675871372223,0.35882166028022766,0.968066930770874,0.4618658721446991,0.24011602997779846,0.0725349634885788,0.5697124600410461,0.9889127612113953,0.24753254652023315,0.3672967255115509,0.11486590653657913,0.999362051486969,0.9791337251663208,0.24390500783920288,0.36230629682540894,-0.11490529030561447,0.9990783929824829,0.9816429018974304,0.263863742351532,0.45011085271835327,0.09929091483354568,0.8692664504051208,0.9890899062156677,0.3260725140571594,0.41784730553627014,-0.13048507273197174,0.9424517750740051,0.9854523539543152,0.18188533186912537,0.5236932039260864,0.041064564138650894,0.8449275493621826,0.9607800245285034,0.2800179719924927,0.45886725187301636,-0.09089208394289017,0.8856076598167419,0.9692070484161377,0.17067569494247437,0.5259770154953003,0.032986871898174286,0.8652895092964172,0.9467881321907043,0.2631678283214569,0.4604594111442566,-0.08504331111907959,0.8864679932594299,0.9688073396682739,0.18129117786884308,0.5537022948265076,-0.023806508630514145,0.8439188599586487,0.9177228212356567,0.30050820112228394,0.48277267813682556,-0.11181402951478958,0.8675485849380493,0.9653701186180115
78,2652,True,0.3972417116165161,0.2802751660346985,0.20326216518878937,0.9910812973976135,0.9907348155975342,0.39846542477607727,0.2739510238170624,0.2111579328775406,0.9922762513160706,0.9884669780731201,0.39662641286849976,0.2733093798160553,0.2110515981912613,0.9905816316604614,0.9893715381622314,0.39488574862480164,0.27269285917282104,0.21090875566005707,0.9935990571975708,0.9895029067993164,0.40086835622787476,0.27415332198143005,0.17840991914272308,0.9920608997344971,0.9880304932594299,0.40069568157196045,0.2736101746559143,0.17813697457313538,0.9912600517272949,0.9887547492980957,0.40028873085975647,0.27297061681747437,0.17816010117530823,0.9927242994308472,0.9887523055076599,0.38021066784858704,0.2689804434776306,0.24434898793697357,0.9940184950828552,0.9930773973464966,0.3878823518753052,0.26996588706970215,0.0935329720377922,0.992423951625824,0.9917126893997192,0.3869403898715973,0.28188401460647583,0.2190244495868683,0.9917224049568176,0.9938511848449707,0.389281302690506,0.28202372789382935,0.17517556250095367,0.9902302026748657,0.9936689734458923,0.3366115689277649,0.2915946841239929,0.289910227060318,0.9988580346107483,0.9982079267501831,0.3520507216453552,0.2791473865509033,-0.0027766688726842403,0.999451756477356,0.9984103441238403,0.32819879055023193,0.3082725703716278,0.39396634697914124,0.33279359340667725,0.9908813238143921,0.42002326250076294,0.27261102199554443,-0.006871930789202452,0.8169660568237305,0.9980999827384949,0.34027305245399475,0.31465378403663635,0.4628821909427643,0.35651135444641113,0.9847004413604736,0.4597862660884857,0.24392108619213104,0.17490795254707336,0.6678439378738403,0.9939895868301392,0.34348952770233154,0.31516334414482117,0.48717641830444336,0.3316907286643982,0.9866848587989807,0.4716329872608185,0.23415228724479675,0.15661247074604034,0.5976194739341736,0.9896411299705505,0.3471370339393616,0.3177802860736847,0.4643133282661438,0.32333123683929443,0.9826351404190063,0.4614502787590027,0.23487217724323273,0.16668163239955902,0.5820070505142212,0.9881579279899597,0.34603503346443176,0.31697094440460205,0.45494168996810913,0.3294404149055481,0.9837035536766052,0.4560210704803467,0.23899877071380615,0.18135285377502441,0.5627874732017517,0.9917005896568298,0.2720460593700409,0.3848079442977905,0.09363184124231339,0.9992968440055847,0.9920282959938049,0.27847033739089966,0.3817988634109497,-0.09384940564632416,0.9989657998085022,0.9898986220359802,0.26382511854171753,0.4669123589992523,0.07310568541288376,0.8597333431243896,0.9952425956726074,0.349461168050766,0.43528836965560913,-0.10718898475170135,0.9332693219184875,0.9876855611801147,0.18757016956806183,0.5430151224136353,0.040745943784713745,0.8439226746559143,0.9802424311637878,0.3076985776424408,0.4807475507259369,-0.03195808082818985,0.8704501390457153,0.98155677318573,0.17351768910884857,0.5517801642417908,0.0365133136510849,0.8628446459770203,0.9684321880340576,0.29358065128326416,0.4841528832912445,-0.022468511015176773,0.876972496509552,0.9793152809143066,0.199143648147583,0.5623711943626404,-0.014701115898787975,0.8459435105323792,0.9568338990211487,0.3296525478363037,0.5045226812362671,-0.03411359339952469,0.8591981530189514,0.9769699573516846
79,2686,True,0.39770495891571045,0.2873421311378479,0.1610284447669983,0.99189293384552,0.9986408352851868,0.3959406614303589,0.28044942021369934,0.16924914717674255,0.9929732084274292,0.9981591105461121,0.393884539604187,0.2797089219093323,0.16922762989997864,0.9914231896400452,0.9981784820556641,0.3919282555580139,0.2789830267429352,0.1691666543483734,0.9941787719726562,0.9980922341346741,0.3982463479042053,0.2811945080757141,0.13120143115520477,0.9928014278411865,0.998211145401001,0.39781227707862854,0.28092193603515625,0.13096077740192413,0.9920874834060669,0.9984506368637085,0.3970907926559448,0.2805871367454529,0.13097317516803741,0.9934116005897522,0.9984666109085083,0.3765941560268402,0.27656620740890503,0.20852847397327423,0.9945616722106934,0.9985707998275757,0.380526065826416,0.2775476574897766,0.035436373203992844,0.9931389689445496,0.9986975193023682,0.38653671741485596,0.29008424282073975,0.18031536042690277,0.992258608341217,0.9980238676071167,0.38905224204063416,0.29086369276046753,0.13013558089733124,0.9910023808479309,0.9981503486633301,0.334776371717453,0.3003532290458679,0.2890826463699341,0.9988325238227844,0.9988665580749512,0.3637242615222931,0.2942194938659668,-0.06719370931386948,0.9994756579399109,0.9992640614509583,0.33339133858680725,0.2956473231315613,0.3935593068599701,0.3129628002643585,0.9971994161605835,0.4147714376449585,0.2798164486885071,-0.05381917580962181,0.8316174149513245,0.99898761510849,0.3734694719314575,0.2843807637691498,0.4413720369338989,0.3353557586669922,0.9961381554603577,0.4527378976345062,0.24113574624061584,0.16772785782814026,0.6870869398117065,0.9982413053512573,0.38529354333877563,0.2860567569732666,0.47649070620536804,0.31532642245292664,0.9959219694137573,0.46745598316192627,0.23186583817005157,0.16301196813583374,0.6201252341270447,0.9973510503768921,0.39172855019569397,0.2864219546318054,0.43398699164390564,0.30821657180786133,0.9948322772979736,0.45977193117141724,0.23299475014209747,0.18334318697452545,0.605772852897644,0.9970120191574097,0.38764843344688416,0.2856384515762329,0.4263179302215576,0.31479567289352417,0.9953142404556274,0.45543044805526733,0.23756250739097595,0.18045435845851898,0.5865519046783447,0.9978170394897461,0.2905421853065491,0.4016067087650299,0.11710590869188309,0.9993131756782532,0.9978506565093994,0.3112240135669708,0.40006551146507263,-0.11742492020130157,0.9989984631538391,0.9973946809768677,0.27796825766563416,0.49122434854507446,0.11788957566022873,0.8600643873214722,0.9982830286026001,0.40783339738845825,0.44665732979774475,-0.0961911752820015,0.9306647777557373,0.9907033443450928,0.20923277735710144,0.553259015083313,0.07811649888753891,0.8551087975502014,0.9948770403862,0.328115314245224,0.49064621329307556,0.009475362487137318,0.8562231063842773,0.9918035268783569,0.19026048481464386,0.5590819120407104,0.07561423629522324,0.8726052641868591,0.9918339252471924,0.30406665802001953,0.49324947595596313,0.020482223480939865,0.8644166588783264,0.9928308129310608,0.21293368935585022,0.5745543241500854,0.03590558469295502,0.8571291565895081,0.9873786568641663,0.34999021887779236,0.5143041610717773,0.03459968417882919,0.8548069596290588,0.9914289116859436
80,2720,True,0.3972248136997223,0.3085021674633026,0.23920892179012299,0.9926852583885193,0.9998996257781982,0.39552831649780273,0.3016067445278168,0.2569339871406555,0.9936572909355164,0.9998279809951782,0.39409956336021423,0.3011457920074463,0.2568903863430023,0.992254912853241,0.9998204112052917,0.3926439583301544,0.3004130721092224,0.25684142112731934,0.9947455525398254,0.9997944235801697,0.3968878388404846,0.3014700412750244,0.22567935287952423,0.9935077428817749,0.9998477697372437,0.3964839577674866,0.30097466707229614,0.2254171371459961,0.9928650856018066,0.9998617172241211,0.3960069417953491,0.30022621154785156,0.22547602653503418,0.9940597414970398,0.9998576641082764,0.37499359250068665,0.297554075717926,0.28937289118766785,0.9950921535491943,0.9998196959495544,0.3820344805717468,0.29817041754722595,0.11912887543439865,0.993813693523407,0.9998829364776611,0.38937678933143616,0.3113064169883728,0.25954097509384155,0.9929681420326233,0.9997125267982483,0.390823632478714,0.3111152946949005,0.2178281545639038,0.9918513298034668,0.9997846484184265,0.3331514298915863,0.32197079062461853,0.33069631457328796,0.9988822937011719,0.9988991022109985,0.3696768581867218,0.3139239251613617,-0.006337661761790514,0.9995183944702148,0.9997738003730774,0.3369293510913849,0.3193204998970032,0.4561642110347748,0.28780224919319153,0.9981424808502197,0.42237862944602966,0.2828749120235443,-0.04899221658706665,0.84598308801651,0.999624490737915,0.3819299340248108,0.29974472522735596,0.5501065254211426,0.3103746771812439,0.9974851608276367,0.4497581124305725,0.2452806681394577,0.11930009722709656,0.7089888453483582,0.9987866282463074,0.3916754722595215,0.2939983606338501,0.5811794996261597,0.2942347228527069,0.9973506927490234,0.46193763613700867,0.23547104001045227,0.11541768908500671,0.6447200775146484,0.9978220462799072,0.3994008004665375,0.2957627773284912,0.5564298629760742,0.28777337074279785,0.9968277812004089,0.4570428133010864,0.23824059963226318,0.13810688257217407,0.6311190128326416,0.997568666934967,0.39701414108276367,0.29743969440460205,0.5400400161743164,0.2946242094039917,0.9971886277198792,0.4521007537841797,0.24074332416057587,0.13198517262935638,0.6116113066673279,0.9983541965484619,0.31522008776664734,0.42192578315734863,0.10793574899435043,0.999310314655304,0.997927188873291,0.33986666798591614,0.4183773398399353,-0.10815142840147018,0.9990519881248474,0.9986472725868225,0.3032747805118561,0.5044503808021545,0.08346595615148544,0.8569211363792419,0.9988686442375183,0.4275538921356201,0.48096758127212524,-0.12798014283180237,0.9334443807601929,0.9980947375297546,0.24219250679016113,0.5729301571846008,0.007852129638195038,0.8630720973014832,0.9973209500312805,0.370309054851532,0.5439382791519165,-0.11527802050113678,0.8635923266410828,0.9966552257537842,0.22408129274845123,0.5806947946548462,-0.002329218201339245,0.8799037933349609,0.9956127405166626,0.34477949142456055,0.5507664680480957,-0.11441683024168015,0.8695239424705505,0.9959580302238464,0.2563433051109314,0.6062678098678589,-0.0486806184053421,0.8647964000701904,0.9929921627044678,0.3834618330001831,0.5787383317947388,-0.13041435182094574,0.8616903424263,0.9939129948616028
81,2754,True,0.40344271063804626,0.30160054564476013,0.11796937882900238,0.9934101104736328,0.9999781847000122,0.39560067653656006,0.29634740948677063,0.12581127882003784,0.994282603263855,0.9999579191207886,0.3930717408657074,0.2963408827781677,0.12592555582523346,0.9930143356323242,0.9999544620513916,0.39068564772605896,0.29629456996917725,0.12600210309028625,0.9952609539031982,0.9999463558197021,0.40168440341949463,0.2969226539134979,0.08323889970779419,0.9941509962081909,0.9999593496322632,0.4015108346939087,0.29684025049209595,0.08307649940252304,0.9935715198516846,0.9999580383300781,0.4011276960372925,0.29646748304367065,0.08311299979686737,0.9946480393409729,0.9999520778656006,0.3737890124320984,0.298959344625473,0.16165463626384735,0.9955683350563049,0.9999223947525024,0.3885107636451721,0.2970399558544159,-0.031254932284355164,0.9944249391555786,0.9999271631240845,0.39419984817504883,0.3061657249927521,0.13637380301952362,0.993646502494812,0.9998394250869751,0.39608532190322876,0.30622202157974243,0.08055885881185532,0.9926440119743347,0.9998641014099121,0.34314048290252686,0.32573097944259644,0.2541069984436035,0.9987160563468933,0.9985519051551819,0.389708548784256,0.3180226683616638,-0.17022079229354858,0.9995033144950867,0.9990953207015991,0.34640738368034363,0.2973366379737854,0.31689998507499695,0.3146677613258362,0.9996907711029053,0.4352276623249054,0.2815259099006653,-0.2950303554534912,0.8607894778251648,0.9995848536491394,0.397276908159256,0.2578939199447632,0.2792472243309021,0.352595716714859,0.9994487166404724,0.44917330145835876,0.24272339046001434,-0.2312987893819809,0.7353202700614929,0.9992984533309937,0.4013533592224121,0.24849271774291992,0.27968013286590576,0.33709290623664856,0.999137282371521,0.45941784977912903,0.2349269688129425,-0.26848238706588745,0.6751094460487366,0.9988135099411011,0.41168054938316345,0.24955937266349792,0.2543288469314575,0.33102622628211975,0.9990142583847046,0.4538256824016571,0.23609480261802673,-0.24361248314380646,0.662455141544342,0.9988080263137817,0.41049063205718994,0.25454166531562805,0.2628744840621948,0.33757808804512024,0.9992345571517944,0.44923946261405945,0.23957371711730957,-0.22167383134365082,0.6437463760375977,0.9991194605827332,0.3516656756401062,0.43701204657554626,0.1383334994316101,0.9993448257446289,0.9994613528251648,0.37633806467056274,0.43300095200538635,-0.1383562535047531,0.9991227388381958,0.9996452331542969,0.33864182233810425,0.5185239911079407,0.13654638826847076,0.845123291015625,0.999271810054779,0.43454670906066895,0.5082072019577026,-0.13857309520244598,0.9390050768852234,0.9993880987167358,0.2743232846260071,0.5904974937438965,0.15464936196804047,0.8687512874603271,0.9988453388214111,0.40463486313819885,0.5791818499565125,-0.1286420375108719,0.8759303689002991,0.9986757636070251,0.2560889422893524,0.603484570980072,0.15264198184013367,0.8849372267723083,0.9981050491333008,0.3886910378932953,0.5900249481201172,-0.1280285120010376,0.879196047782898,0.998156726360321,0.30828943848609924,0.6168587803840637,0.09337203949689865,0.8702707290649414,0.9976824522018433,0.43368080258369446,0.607880711555481,-0.1864774525165558,0.8726752996444702,0.997494101524353
82,2788,True,0.411959171295166,0.30965808033943176,0.1252846121788025,0.994060754776001,0.9999791383743286,0.404561311006546,0.30470412969589233,0.12873056530952454,0.9948461651802063,0.9999607801437378,0.4027709662914276,0.3044578731060028,0.12886303663253784,0.9936988949775696,0.9999574422836304,0.3949632942676544,0.30450016260147095,0.12893210351467133,0.9957247972488403,0.9999483823776245,0.4082362651824951,0.3050757050514221,0.08848267048597336,0.9947306513786316,0.9999654293060303,0.40855899453163147,0.3050740659236908,0.08830231428146362,0.9942077398300171,0.9999648332595825,0.40833866596221924,0.30463212728500366,0.08833055198192596,0.9951778650283813,0.9999618530273438,0.38376083970069885,0.3063422739505768,0.14830225706100464,0.995997428894043,0.9999302625656128,0.40196430683135986,0.3079926073551178,-0.032418809831142426,0.9949756264686584,0.9999507665634155,0.4035773277282715,0.3130895495414734,0.1382441371679306,0.994257390499115,0.9998636245727539,0.4097055196762085,0.31327682733535767,0.085503950715065,0.9933561086654663,0.9998958110809326,0.3576362133026123,0.33636462688446045,0.2370738834142685,0.9985387325286865,0.9985558390617371,0.4136602580547333,0.3278537690639496,-0.17887206375598907,0.9995028972625732,0.9994617104530334,0.36685600876808167,0.30137452483177185,0.3217497766017914,0.3207188844680786,0.9996933937072754,0.4453349709510803,0.2894931137561798,-0.2853701412677765,0.8738572597503662,0.9995450377464294,0.40204960107803345,0.25464174151420593,0.31630194187164307,0.38137081265449524,0.9994303584098816,0.44897302985191345,0.24318210780620575,-0.2572577893733978,0.7588517069816589,0.998927891254425,0.40256017446517944,0.24629931151866913,0.32211530208587646,0.3704356551170349,0.9990745782852173,0.45803019404411316,0.23493734002113342,-0.29599529504776,0.7029841542243958,0.9981545805931091,0.4089132845401764,0.24727614223957062,0.2949658930301666,0.3642404079437256,0.9989724159240723,0.4521620571613312,0.2355768233537674,-0.2777479887008667,0.691195011138916,0.9981905817985535,0.40856772661209106,0.24896319210529327,0.3015672564506531,0.3709738850593567,0.9992194175720215,0.44743233919143677,0.24018065631389618,-0.2501159608364105,0.6733081340789795,0.9986470341682434,0.37398195266723633,0.4493900239467621,0.13987059891223907,0.9993812441825867,0.9996755123138428,0.40543654561042786,0.44469061493873596,-0.139801487326622,0.9991936087608337,0.9998065829277039,0.35731393098831177,0.5291700959205627,0.1651490032672882,0.8349778652191162,0.9993405938148499,0.44178542494773865,0.52434241771698,-0.1426452398300171,0.9440210461616516,0.9995906949043274,0.3041626513004303,0.6030699610710144,0.1885538548231125,0.8730867505073547,0.9991922974586487,0.43366724252700806,0.5977457761764526,-0.13456697762012482,0.887176513671875,0.9989567995071411,0.2786971926689148,0.6157056093215942,0.1868552714586258,0.8913893103599548,0.9987805485725403,0.4005505442619324,0.6211064457893372,-0.13458378612995148,0.8888325691223145,0.9985505938529968,0.3314967155456543,0.6235820055007935,0.12728329002857208,0.8736082315444946,0.9985795021057129,0.48854267597198486,0.6215440034866333,-0.20492713153362274,0.8823598027229309,0.9982221722602844
83,2822,True,0.42998939752578735,0.3233673572540283,0.14138808846473694,0.9946340322494507,0.9999510049819946,0.42509984970092773,0.3219538927078247,0.1345001757144928,0.9953388571739197,0.9999053478240967,0.4231785535812378,0.32192111015319824,0.13456088304519653,0.9942958354949951,0.9998999834060669,0.41951754689216614,0.3214830160140991,0.13453204929828644,0.9961239695549011,0.999879002571106,0.4336221516132355,0.3217175602912903,0.10498644411563873,0.9952442049980164,0.9999172687530518,0.434947669506073,0.32153618335723877,0.10478135943412781,0.9947711825370789,0.9999152421951294,0.4359007477760315,0.3209679424762726,0.10479443520307541,0.9956446290016174,0.9999082088470459,0.4005245566368103,0.32251256704330444,0.10856945067644119,0.9963676929473877,0.999852180480957,0.4328940510749817,0.3246764838695526,-0.023773644119501114,0.9954617619514465,0.9998947381973267,0.4214978516101837,0.32953208684921265,0.13957978785037994,0.9947909116744995,0.9998297691345215,0.429929256439209,0.3294500708580017,0.10037282109260559,0.993981659412384,0.9998687505722046,0.3737260103225708,0.34994351863861084,0.15040382742881775,0.9984917044639587,0.9993854761123657,0.44508033990859985,0.34249526262283325,-0.14768114686012268,0.9995282292366028,0.9997475743293762,0.38087132573127747,0.303455650806427,0.20133961737155914,0.336027592420578,0.9997015595436096,0.45597386360168457,0.2960514426231384,-0.22712887823581696,0.8848385214805603,0.9995675683021545,0.41172727942466736,0.2554060220718384,0.17130395770072937,0.4163462817668915,0.9986283779144287,0.4502936601638794,0.2473084181547165,-0.22448769211769104,0.7791854739189148,0.9983844757080078,0.407941609621048,0.24726569652557373,0.16562701761722565,0.41063377261161804,0.9977860450744629,0.4574553072452545,0.23729705810546875,-0.26386409997940063,0.727500319480896,0.9971731901168823,0.41686832904815674,0.24775941669940948,0.1362360566854477,0.4045288562774658,0.9975714087486267,0.45102745294570923,0.23795075714588165,-0.2510349154472351,0.7165583968162537,0.9973717927932739,0.41994011402130127,0.24949343502521515,0.15536676347255707,0.4108284115791321,0.9981155395507812,0.44633325934410095,0.24289162456989288,-0.22091062366962433,0.6990938186645508,0.997972309589386,0.39514508843421936,0.46017390489578247,0.12362037599086761,0.9994176626205444,0.9998018145561218,0.44254451990127563,0.45662394165992737,-0.12371882051229477,0.9992592334747314,0.9998486042022705,0.3797553479671478,0.5337716341018677,0.17104436457157135,0.8338260054588318,0.9993520379066467,0.46397772431373596,0.5324381589889526,-0.07180119305849075,0.9476760625839233,0.9995026588439941,0.3407602906227112,0.6030034422874451,0.2201491892337799,0.877730131149292,0.998516857624054,0.47487586736679077,0.6037992238998413,-0.03538409620523453,0.8961842656135559,0.9981701374053955,0.322837769985199,0.618376612663269,0.22211886942386627,0.8979137539863586,0.9977412223815918,0.4587114155292511,0.6188606023788452,-0.032023586332798004,0.8965170979499817,0.9975312352180481,0.35987961292266846,0.6195833683013916,0.16417361795902252,0.8753812909126282,0.9973415732383728,0.5143014788627625,0.6206328272819519,-0.10387628525495529,0.8884196877479553,0.9970031380653381
84,2856,True,0.445382684469223,0.3222930133342743,-0.09772273153066635,0.9947699308395386,0.9995439648628235,0.4496957063674927,0.3209710419178009,-0.0922352597117424,0.9951593279838562,0.9993131160736084,0.4507625699043274,0.32130154967308044,-0.09223946183919907,0.9939194917678833,0.9992825388908386,0.4512385129928589,0.321123868227005,-0.0923084020614624,0.9958174228668213,0.9992128610610962,0.4479042589664459,0.320497065782547,-0.08101470023393631,0.9951786398887634,0.9993317723274231,0.4474766254425049,0.32059159874916077,-0.08115565776824951,0.9945453405380249,0.9993135929107666,0.44308745861053467,0.32025185227394104,-0.08115558326244354,0.9955020546913147,0.9992609620094299,0.4542345404624939,0.3234952688217163,-0.04922391101717949,0.9950891733169556,0.9990623593330383,0.4413582980632782,0.3235926926136017,-0.0019442577613517642,0.994504988193512,0.9991121888160706,0.44669079780578613,0.3265117108821869,-0.07940730452537537,0.9932641983032227,0.9986687898635864,0.4417148232460022,0.32598987221717834,-0.06424956023693085,0.993015706539154,0.9986206293106079,0.4625674784183502,0.3424340784549713,-0.07257669419050217,0.9983709454536438,0.9983221888542175,0.42632442712783813,0.3506796956062317,-0.05664578080177307,0.9990904331207275,0.9966247081756592,0.4510543942451477,0.29820477962493896,-0.13101550936698914,0.39774930477142334,0.9994984865188599,0.45537877082824707,0.30373138189315796,-0.056521154940128326,0.8775320053100586,0.9985383749008179,0.43526217341423035,0.2514856457710266,-0.13696171343326569,0.4678995907306671,0.9964895844459534,0.4358600676059723,0.2524476945400238,-0.07044879347085953,0.7760367393493652,0.9958914518356323,0.4361368417739868,0.24148526787757874,-0.17821457982063293,0.4580383002758026,0.9940252900123596,0.4381105601787567,0.24242408573627472,-0.10110439360141754,0.7198106646537781,0.9949347376823425,0.43785735964775085,0.24275441467761993,-0.17464016377925873,0.451657772064209,0.993412435054779,0.4397844672203064,0.24258939921855927,-0.09997820109128952,0.7091286182403564,0.9943647384643555,0.4375360608100891,0.24539192020893097,-0.1401844173669815,0.45663323998451233,0.9949542880058289,0.4388945698738098,0.24585957825183868,-0.07443524152040482,0.6929593086242676,0.9949094653129578,0.4554234743118286,0.45630884170532227,0.0018666461110115051,0.9994335770606995,0.9996477365493774,0.4368290901184082,0.4560855031013489,-0.002172938548028469,0.9992965459823608,0.9995519518852234,0.4498633146286011,0.5315918326377869,0.08450967818498611,0.8333445191383362,0.9991456270217896,0.44591933488845825,0.5296078324317932,-0.037983477115631104,0.9473488926887512,0.9991648197174072,0.4466545581817627,0.597630500793457,0.2279697060585022,0.8793277144432068,0.9985800981521606,0.4580534100532532,0.6029017567634583,0.0679207593202591,0.9019502401351929,0.9983502626419067,0.4418443441390991,0.6065518856048584,0.24050869047641754,0.8910045623779297,0.9979562759399414,0.4586591422557831,0.6118762493133545,0.07223452627658844,0.8955308198928833,0.9975728392601013,0.45318034291267395,0.6215318441390991,0.11373651027679443,0.8753474950790405,0.9967118501663208,0.4447926878929138,0.6232359409332275,-0.08289740979671478,0.8930403590202332,0.9955011010169983
85,2890,True,0.4574545919895172,0.31885212659835815,0.08192979544401169,0.9952852725982666,0.999991774559021,0.45446163415908813,0.3162328600883484,0.0842403918504715,0.9956342577934265,0.9999866485595703,0.4529034495353699,0.3163594603538513,0.08429669588804245,0.9945149421691895,0.9999862909317017,0.448775976896286,0.31596115231513977,0.08427861332893372,0.9962241649627686,0.9999837875366211,0.4619484841823578,0.31641244888305664,0.06133995205163956,0.9956555366516113,0.9999873638153076,0.4645828306674957,0.31651386618614197,0.06115680932998657,0.9950851202011108,0.9999864101409912,0.4663727283477783,0.31620165705680847,0.06118030101060867,0.9959455132484436,0.9999847412109375,0.44788533449172974,0.321597158908844,0.07267474383115768,0.9955683946609497,0.9999809265136719,0.46846121549606323,0.3203616440296173,-0.05312579870223999,0.9950478076934814,0.9999802112579346,0.45655357837677,0.32495954632759094,0.08968829363584518,0.9939234852790833,0.9999707937240601,0.46343013644218445,0.32481619715690613,0.05880608409643173,0.9936996102333069,0.9999740123748779,0.43124139308929443,0.3485613167285919,0.10963164269924164,0.9984458088874817,0.9999064207077026,0.4880352020263672,0.33924341201782227,-0.1774047613143921,0.9991658926010132,0.9999200105667114,0.4217943549156189,0.30008217692375183,0.14796727895736694,0.4335426688194275,0.9999258518218994,0.4851660430431366,0.29484736919403076,-0.25606128573417664,0.8882958889007568,0.9997908473014832,0.425689697265625,0.2512555718421936,0.11402987688779831,0.5126346349716187,0.9994732737541199,0.4482397437095642,0.24841704964637756,-0.27377867698669434,0.7952533960342407,0.9989914298057556,0.4243815839290619,0.2430647611618042,0.1038878783583641,0.5054067969322205,0.9991108775138855,0.4467909634113312,0.23960964381694794,-0.3218798339366913,0.7434302568435669,0.9983620047569275,0.42946121096611023,0.24198758602142334,0.07326391339302063,0.49947115778923035,0.9989570379257202,0.44695132970809937,0.2400909662246704,-0.31132498383522034,0.7335078120231628,0.9984703660011292,0.43066778779029846,0.24577920138835907,0.09741818159818649,0.503558337688446,0.9992213249206543,0.44642147421836853,0.24323447048664093,-0.2725505232810974,0.7178895473480225,0.9987980127334595,0.45173507928848267,0.459817111492157,0.09991145879030228,0.9994790554046631,0.999934196472168,0.49191904067993164,0.4556657373905182,-0.09965186566114426,0.9993587732315063,0.9999459981918335,0.4433531165122986,0.5293675661087036,0.1918567419052124,0.8381340503692627,0.9996720552444458,0.5136699080467224,0.5310913324356079,-0.06523897498846054,0.9518054127693176,0.9997557997703552,0.41609445214271545,0.6004089117050171,0.2774672508239746,0.8865693211555481,0.9994052648544312,0.5285545587539673,0.5990865230560303,-0.0174636859446764,0.9104213118553162,0.9992853999137878,0.40917977690696716,0.6097069978713989,0.2827393114566803,0.8997799158096313,0.9992019534111023,0.5214449167251587,0.6122506260871887,-0.013811091892421246,0.9041193723678589,0.9991300702095032,0.4286966919898987,0.6169647574424744,0.21211941540241241,0.8810446262359619,0.9990454316139221,0.5750566720962524,0.6176217198371887,-0.09896532446146011,0.9001737236976624,0.9988425970077515
86,2924,True,0.45505064725875854,0.32282987236976624,0.109967902302742,0.9957420229911804,0.99998939037323,0.450349897146225,0.3231332302093506,0.1261376589536667,0.9960526823997498,0.9999814033508301,0.44867855310440063,0.32372331619262695,0.12616802752017975,0.9950401186943054,0.9999808073043823,0.44608697295188904,0.3239181637763977,0.12614776194095612,0.9965794086456299,0.9999772310256958,0.4589712917804718,0.32200679183006287,0.10207527130842209,0.996080219745636,0.999983549118042,0.4617241621017456,0.3217315077781677,0.10187254846096039,0.9955664873123169,0.9999828338623047,0.46382662653923035,0.3210156559944153,0.10189899057149887,0.9963392615318298,0.9999812841415405,0.4446515738964081,0.33079689741134644,0.10308272391557693,0.995987594127655,0.9999730587005615,0.46789130568504333,0.3254235088825226,-0.02241338975727558,0.9955312609672546,0.9999765157699585,0.45770376920700073,0.32911866903305054,0.130248561501503,0.9945041537284851,0.9999656677246094,0.4662676453590393,0.327951580286026,0.0967731773853302,0.9943025708198547,0.9999716281890869,0.43365249037742615,0.35399484634399414,0.12736627459526062,0.9985064268112183,0.9998739957809448,0.49695298075675964,0.3393615484237671,-0.1511373519897461,0.9992305636405945,0.9999232292175293,0.4217837452888489,0.3074498176574707,0.18686582148075104,0.4633467495441437,0.9999110698699951,0.4911515414714813,0.2946704626083374,-0.22129987180233002,0.8969197869300842,0.999794065952301,0.4226590394973755,0.252284437417984,0.167018324136734,0.552458643913269,0.9993734955787659,0.449673593044281,0.2486577033996582,-0.2344331592321396,0.810848593711853,0.9991673231124878,0.42120110988616943,0.24494560062885284,0.15923695266246796,0.5481386780738831,0.9990156888961792,0.44767117500305176,0.24056370556354523,-0.27847525477409363,0.7628190517425537,0.9986693859100342,0.4250379800796509,0.24440450966358185,0.12513023614883423,0.5426305532455444,0.9987955093383789,0.447174072265625,0.24111083149909973,-0.272489070892334,0.7535183429718018,0.9987194538116455,0.4273725748062134,0.2477138787508011,0.14952589571475983,0.545878529548645,0.9991000890731812,0.4465086758136749,0.2441219985485077,-0.23502711951732635,0.7382482290267944,0.9989940524101257,0.4724769592285156,0.4653402864933014,0.10653495788574219,0.9995217323303223,0.9999401569366455,0.5226424932479858,0.4575154185295105,-0.10627277195453644,0.9994152784347534,0.9999542236328125,0.4640061557292938,0.5286018252372742,0.1889801174402237,0.8458675146102905,0.9996629953384399,0.5415067672729492,0.5281028747558594,-0.04964127391576767,0.9556760787963867,0.999772846698761,0.43836766481399536,0.5979196429252625,0.2718195617198944,0.8941689133644104,0.9995414018630981,0.5632632970809937,0.5956941843032837,-0.003442346351221204,0.9176994562149048,0.9994493126869202,0.43673527240753174,0.6089459657669067,0.2773669958114624,0.9082229733467102,0.9994326233863831,0.5518456101417542,0.6065215468406677,0.0010105444816872478,0.9115163683891296,0.999352753162384,0.4507891833782196,0.6115670204162598,0.20782902836799622,0.8871930241584778,0.9992881417274475,0.6020371913909912,0.6130416393280029,-0.07818899303674698,0.9059366583824158,0.9991512298583984
87,2958,True,0.4621523916721344,0.32516956329345703,0.10913378745317459,0.9961099028587341,0.9999490976333618,0.4592176675796509,0.3255189061164856,0.0961376503109932,0.9963663816452026,0.9999105930328369,0.4549398124217987,0.3261410593986511,0.09620623290538788,0.9954382181167603,0.9999076128005981,0.4526684582233429,0.3262880742549896,0.09616094082593918,0.9968224167823792,0.9998955726623535,0.46685510873794556,0.3243328928947449,0.07997159659862518,0.9964220523834229,0.9999176263809204,0.4722895622253418,0.3236314654350281,0.07978519052267075,0.99595707654953,0.9999122619628906,0.47504281997680664,0.3226958215236664,0.079807348549366,0.9966421127319336,0.9999041557312012,0.4516909420490265,0.333619087934494,0.02913675084710121,0.9962701797485352,0.9998679161071777,0.47959455847740173,0.32480815052986145,-0.04635774344205856,0.9959121942520142,0.9998717308044434,0.46617966890335083,0.33159956336021423,0.09475524723529816,0.994941771030426,0.9998414516448975,0.47568485140800476,0.33015307784080505,0.07294337451457977,0.9947521686553955,0.9998605251312256,0.44571635127067566,0.356668621301651,0.015978772193193436,0.9984105825424194,0.9995394945144653,0.5128397345542908,0.3373836576938629,-0.13764773309230804,0.9991937875747681,0.9996034502983093,0.42190322279930115,0.30888858437538147,0.04367954283952713,0.5043187141418457,0.9997299313545227,0.5005093216896057,0.29279929399490356,-0.18149839341640472,0.9019944071769714,0.9994608759880066,0.4175931215286255,0.25374269485473633,0.019839413464069366,0.5922555327415466,0.9982592463493347,0.451682448387146,0.24753423035144806,-0.19832631945610046,0.8220314383506775,0.9984056353569031,0.41804662346839905,0.24597704410552979,-0.00040518492460250854,0.5894753336906433,0.9973732233047485,0.4501052796840668,0.23963995277881622,-0.23842494189739227,0.7771427035331726,0.9976040720939636,0.42104753851890564,0.2456984966993332,-0.030450405552983284,0.5843551158905029,0.9967581629753113,0.4475677013397217,0.24040576815605164,-0.23993930220603943,0.7683678865432739,0.9976977705955505,0.42256057262420654,0.2487780749797821,0.0037088284734636545,0.5868441462516785,0.9975549578666687,0.4460638761520386,0.24435806274414062,-0.2025255560874939,0.7533372640609741,0.9981354475021362,0.5089128017425537,0.4676528871059418,0.07425124198198318,0.999545693397522,0.9998462200164795,0.5530554056167603,0.45902976393699646,-0.07393581420183182,0.9994495511054993,0.9998781681060791,0.4980076551437378,0.5316891074180603,0.1535544991493225,0.8570588827133179,0.9992648959159851,0.5707389116287231,0.5283119678497314,0.010122403502464294,0.9583626985549927,0.9994458556175232,0.4802098870277405,0.5944610834121704,0.2696337103843689,0.9020907878875732,0.9990540146827698,0.5732080936431885,0.591616153717041,0.11649905145168304,0.9228676557540894,0.9989205598831177,0.4823704659938812,0.6038798093795776,0.2800712287425995,0.9159852862358093,0.9989120960235596,0.5590397715568542,0.6026937365531921,0.12566320598125458,0.9165151119232178,0.9988194108009338,0.4858737587928772,0.6098676919937134,0.20952701568603516,0.8932757377624512,0.9986056685447693,0.5922564268112183,0.6082375645637512,0.051226694136857986,0.9078448414802551,0.9985933899879456
88,2992,True,0.4712200164794922,0.3183363080024719,-0.06132519990205765,0.9963644742965698,0.9997047781944275,0.47055917978286743,0.3160993456840515,-0.08598567545413971,0.9965565204620361,0.9995959401130676,0.46676313877105713,0.3166531026363373,-0.08602099865674973,0.9956833124160767,0.9996097683906555,0.46611788868904114,0.31676024198532104,-0.08614830672740936,0.9969511032104492,0.9995971322059631,0.4728701412677765,0.31541886925697327,-0.0743546262383461,0.9966334104537964,0.9995864033699036,0.4750555753707886,0.3151598274707794,-0.0744914561510086,0.9961761832237244,0.9995530247688293,0.47638753056526184,0.31466397643089294,-0.07445478439331055,0.9967918992042542,0.9995217323303223,0.46772804856300354,0.321380615234375,-0.1472364366054535,0.9963825345039368,0.9995861649513245,0.4847273528575897,0.31843727827072144,-0.09707096964120865,0.9960726499557495,0.9994789958000183,0.47580671310424805,0.32272857427597046,-0.07666738331317902,0.9951702952384949,0.9994853734970093,0.47962048649787903,0.3233282268047333,-0.0612756721675396,0.9949719905853271,0.999424934387207,0.475411981344223,0.3473854660987854,-0.19493141770362854,0.9984563589096069,0.9996215105056763,0.5213772058486938,0.3329894542694092,-0.10103047639131546,0.9990814328193665,0.9994447827339172,0.4307813346385956,0.30622613430023193,-0.22688831388950348,0.5503811836242676,0.9997459053993225,0.5007094740867615,0.29034093022346497,-0.08225944638252258,0.8841029405593872,0.9996315240859985,0.42147305607795715,0.25067320466041565,-0.23843197524547577,0.630811333656311,0.9983606934547424,0.4514554440975189,0.24660547077655792,-0.14255967736244202,0.8225976228713989,0.999065101146698,0.4177364408969879,0.24174463748931885,-0.28765609860420227,0.6282750368118286,0.9971498847007751,0.44660767912864685,0.2388400137424469,-0.18427476286888123,0.7815898656845093,0.9983988404273987,0.4206676483154297,0.23909401893615723,-0.3001039922237396,0.6234471201896667,0.9964634776115417,0.4450404644012451,0.23961539566516876,-0.1949652135372162,0.7735906839370728,0.9983354210853577,0.42634162306785583,0.2432354986667633,-0.2477148026227951,0.6255353689193726,0.9974121451377869,0.4455024302005768,0.24334244430065155,-0.15100876986980438,0.7604802250862122,0.9986962676048279,0.5383657217025757,0.4650006890296936,-0.021436680108308792,0.9995746612548828,0.9999170303344727,0.5651712417602539,0.45838475227355957,0.021573780104517937,0.9994857311248779,0.9999336004257202,0.536173939704895,0.5284615755081177,0.1641259342432022,0.867580235004425,0.9990044236183167,0.5910918116569519,0.5303055644035339,0.23832345008850098,0.951461672782898,0.999303936958313,0.5435287952423096,0.5840801000595093,0.4276149272918701,0.9075278639793396,0.9988293051719666,0.6092736721038818,0.5849969387054443,0.46820521354675293,0.9174692034721375,0.9989500641822815,0.5623517036437988,0.5906864404678345,0.452963650226593,0.9222736358642578,0.9987282156944275,0.616461992263794,0.6030172109603882,0.48812514543533325,0.914683997631073,0.9988744854927063,0.5289501547813416,0.6094139814376831,0.3803374767303467,0.8961259126663208,0.9986748695373535,0.6098514795303345,0.6092454195022583,0.4197714626789093,0.8968560099601746,0.9988054037094116
89,3026,True,0.46813586354255676,0.31444209814071655,-0.3056487739086151,0.996680498123169,0.9998681545257568,0.4690570831298828,0.3143288493156433,-0.2871229946613312,0.9968453645706177,0.9998679161071777,0.47368213534355164,0.31270459294319153,-0.2871815860271454,0.9960322380065918,0.9998644590377808,0.4766407310962677,0.31218934059143066,-0.287212997674942,0.9971787929534912,0.9998495578765869,0.46495309472084045,0.31210994720458984,-0.2822108268737793,0.9969232678413391,0.9998615980148315,0.463735967874527,0.31055450439453125,-0.2824099361896515,0.9964887499809265,0.9998496770858765,0.46390500664711,0.3096580505371094,-0.2824341356754303,0.9970467686653137,0.9998266100883484,0.48454394936561584,0.3198193907737732,-0.17442376911640167,0.9965600371360779,0.9998438358306885,0.46710777282714844,0.3132801651954651,-0.14684070646762848,0.996360182762146,0.9997685551643372,0.4802261292934418,0.31832176446914673,-0.26073700189590454,0.9955064058303833,0.9996953010559082,0.47360387444496155,0.3179703652858734,-0.25284332036972046,0.9953104257583618,0.9995761513710022,0.5237137079238892,0.3433939814567566,-0.16546513140201569,0.9985674619674683,0.9996155500411987,0.5020312070846558,0.344042032957077,-0.11358284205198288,0.9990507364273071,0.9988195300102234,0.49859732389450073,0.2908620238304138,-0.25766557455062866,0.5896583199501038,0.9996345043182373,0.4371058940887451,0.30450648069381714,-0.1753920167684555,0.8937768340110779,0.9995555281639099,0.4406348764896393,0.24623818695545197,-0.3056115508079529,0.6584184169769287,0.997771680355072,0.4260750710964203,0.25091418623924255,-0.24799571931362152,0.8371036648750305,0.9978854060173035,0.43544676899909973,0.23774714767932892,-0.3636306822299957,0.6490864753723145,0.9958782196044922,0.42029091715812683,0.2405318319797516,-0.2926667332649231,0.795968770980835,0.9965018033981323,0.43542370200157166,0.23687143623828888,-0.3561931252479553,0.6433145403862,0.9954023361206055,0.42338523268699646,0.24072198569774628,-0.2866818606853485,0.7881139516830444,0.9963926672935486,0.4375033378601074,0.2398807257413864,-0.3101111650466919,0.6453749537467957,0.9964126944541931,0.426317036151886,0.24362924695014954,-0.25181856751441956,0.7752038836479187,0.9967033267021179,0.5903551578521729,0.4554782807826996,-0.036786191165447235,0.9996117353439331,0.9998749494552612,0.5421580672264099,0.45796385407447815,0.036775849759578705,0.9995241165161133,0.9998632669448853,0.6167742609977722,0.5222526788711548,-0.14209042489528656,0.8779191970825195,0.9996888637542725,0.5458028316497803,0.5200387239456177,0.22498270869255066,0.9477493166923523,0.9994776844978333,0.6329525709152222,0.5906656384468079,0.1660691499710083,0.9136763215065002,0.9989342093467712,0.5489101409912109,0.5769149661064148,0.6540031433105469,0.9083700180053711,0.998928964138031,0.6356635689735413,0.5982440710067749,0.20215752720832825,0.9157798886299133,0.9982143640518188,0.5522436499595642,0.5884184837341309,0.6929429769515991,0.8987582325935364,0.9988242983818054,0.6426299214363098,0.6192135214805603,-0.004173507448285818,0.9013987183570862,0.9967706203460693,0.5446344017982483,0.5971848964691162,0.5909461379051208,0.8892488479614258,0.9982994198799133
90,3060,True,0.46916115283966064,0.3114961087703705,-0.21210700273513794,0.9959439039230347,0.9938883185386658,0.469174325466156,0.3103511929512024,-0.2043224722146988,0.9959554672241211,0.9934297204017639,0.4715835452079773,0.30946066975593567,-0.20438601076602936,0.9948334097862244,0.9930379986763,0.47580987215042114,0.3094303011894226,-0.2044498473405838,0.9962235689163208,0.9922239780426025,0.46597832441329956,0.3088149428367615,-0.19578537344932556,0.9960524439811707,0.9938229322433472,0.46539318561553955,0.3080679774284363,-0.1959913671016693,0.9952360987663269,0.9936795234680176,0.4630797803401947,0.30936774611473083,-0.1960674673318863,0.9960627555847168,0.9932618737220764,0.48601189255714417,0.3152105212211609,-0.13533851504325867,0.9941812753677368,0.9898266792297363,0.46739086508750916,0.315113365650177,-0.09446808695793152,0.9947048425674438,0.9913790225982666,0.48219579458236694,0.31591030955314636,-0.1835784763097763,0.9930489659309387,0.9850667715072632,0.47578367590904236,0.3160763084888458,-0.1710115224123001,0.9924026131629944,0.9831336140632629,0.5369039177894592,0.34156638383865356,-0.14603359997272491,0.9979842305183411,0.987409770488739,0.4845624268054962,0.3454347550868988,-0.09749419242143631,0.9979882836341858,0.9859732389450073,0.49050432443618774,0.2895747125148773,-0.26017192006111145,0.6236950159072876,0.997548520565033,0.4318782389163971,0.301096111536026,-0.16866087913513184,0.8982704877853394,0.9981953501701355,0.4385359585285187,0.2451339066028595,-0.2982484996318817,0.6804596781730652,0.9852402210235596,0.42466384172439575,0.25154972076416016,-0.1949683576822281,0.8458656668663025,0.9906725287437439,0.4317612648010254,0.2370826005935669,-0.3517289161682129,0.664420485496521,0.9757121205329895,0.418770432472229,0.24170593917369843,-0.24027402698993683,0.8025146126747131,0.9841533303260803,0.43331676721572876,0.23619739711284637,-0.3461243808269501,0.6581470370292664,0.9730430245399475,0.4219171702861786,0.24028095602989197,-0.23486055433750153,0.794843316078186,0.9835001230239868,0.4355204701423645,0.2402595579624176,-0.30306726694107056,0.6599013209342957,0.9778144955635071,0.42495018243789673,0.24411532282829285,-0.20001856982707977,0.7821092009544373,0.985532820224762,0.6042316555976868,0.4520835280418396,-0.03725537285208702,0.9995151162147522,0.997835099697113,0.569284975528717,0.455486923456192,0.03702736645936966,0.9994250535964966,0.9987094402313232,0.6212142705917358,0.5361167192459106,-0.038353778421878815,0.863659143447876,0.9914140701293945,0.586091935634613,0.5336579084396362,0.11406191438436508,0.9262399077415466,0.9926920533180237,0.6272955536842346,0.5999757647514343,0.17905570566654205,0.8908878564834595,0.9807266592979431,0.6126915216445923,0.5954703092575073,0.3479863703250885,0.8817403316497803,0.9851804971694946,0.6433396935462952,0.6103198528289795,0.2089272439479828,0.8793034553527832,0.973540723323822,0.6229916214942932,0.6032775640487671,0.36570942401885986,0.8686185479164124,0.9820185899734497,0.6184980869293213,0.6287752389907837,0.05273934081196785,0.8776664733886719,0.9698614478111267,0.6094791293144226,0.619958758354187,0.24744069576263428,0.8641669750213623,0.9777368903160095
91,3094,True,0.4672151803970337,0.3061729967594147,-0.2032017558813095,0.9956453442573547,0.9953758716583252,0.46567827463150024,0.30097708106040955,-0.18800389766693115,0.995573103427887,0.9952225089073181,0.46744516491889954,0.3000212609767914,-0.18805845081806183,0.9942353367805481,0.9949239492416382,0.46951666474342346,0.29965299367904663,-0.18810904026031494,0.995738685131073,0.9944053888320923,0.46146324276924133,0.30277955532073975,-0.18826982378959656,0.9958112239837646,0.995643138885498,0.4610708951950073,0.3031361699104309,-0.18848253786563873,0.9948437809944153,0.9955857992172241,0.45942819118499756,0.30448174476623535,-0.18857890367507935,0.9957553148269653,0.9953323006629944,0.4782046973705292,0.30328208208084106,-0.10135992616415024,0.9928801655769348,0.9928880333900452,0.46368998289108276,0.31369107961654663,-0.09679488837718964,0.9942201972007751,0.9939024448394775,0.47702908515930176,0.3088226318359375,-0.16924163699150085,0.9918124079704285,0.9886115193367004,0.47254833579063416,0.31014496088027954,-0.16812318563461304,0.9912022948265076,0.9877648949623108,0.5325782299041748,0.3290225863456726,-0.09743478894233704,0.9975605010986328,0.9908943176269531,0.4764113426208496,0.3400408923625946,-0.10398629307746887,0.9971117973327637,0.9887370467185974,0.4834550619125366,0.27998775243759155,-0.19429348409175873,0.6526166200637817,0.9976958632469177,0.4263707995414734,0.2980841398239136,-0.18651285767555237,0.9048211574554443,0.9977795481681824,0.4364123046398163,0.24261419475078583,-0.2369670271873474,0.6989629864692688,0.9839752912521362,0.4215078055858612,0.25128307938575745,-0.2402966320514679,0.855355441570282,0.9893959164619446,0.4309093952178955,0.23403628170490265,-0.28601062297821045,0.676057755947113,0.9732287526130676,0.41428253054618835,0.2412230670452118,-0.2888604998588562,0.8103281259536743,0.9827272295951843,0.43280041217803955,0.2332688570022583,-0.2832070291042328,0.6693173050880432,0.9705295562744141,0.41809093952178955,0.2398446798324585,-0.27901506423950195,0.8027706742286682,0.9824152588844299,0.43502137064933777,0.23807282745838165,-0.24386821687221527,0.6713939309120178,0.9754794239997864,0.420798659324646,0.24222156405448914,-0.24328333139419556,0.7899237275123596,0.9842925667762756,0.6134656071662903,0.4483821392059326,-0.015527524054050446,0.9994775056838989,0.9983855485916138,0.5783618688583374,0.44895344972610474,0.015339154750108719,0.9993576407432556,0.9989259839057922,0.6321765184402466,0.5266527533531189,-0.0016934245359152555,0.8573518991470337,0.9929980039596558,0.6056410074234009,0.523788571357727,0.08736395090818405,0.9120007753372192,0.9931678175926208,0.6464827060699463,0.5969825983047485,0.20781682431697845,0.880479633808136,0.984180212020874,0.6278825402259827,0.5843505859375,0.3061700463294983,0.8633338212966919,0.9844367504119873,0.6404701471328735,0.6046798825263977,0.22935917973518372,0.8578252792358398,0.9775848984718323,0.6354432106018066,0.592545211315155,0.32195690274238586,0.842968761920929,0.9812643527984619,0.6347699761390686,0.622556746006012,0.05853136256337166,0.8653222322463989,0.9716734886169434,0.6313295364379883,0.6068387627601624,0.1922077238559723,0.8459897041320801,0.9764263033866882
92,3128,True,0.46810248494148254,0.2975999712944031,-0.24549584090709686,0.9957760572433472,0.9976939558982849,0.46559563279151917,0.2905844748020172,-0.22106897830963135,0.9955793023109436,0.9967708587646484,0.46737703680992126,0.2895870804786682,-0.22112157940864563,0.994137704372406,0.9964646100997925,0.47063153982162476,0.2883680462837219,-0.22113293409347534,0.9956487417221069,0.9960035681724548,0.46099984645843506,0.29282331466674805,-0.22643958032131195,0.9959480166435242,0.997312068939209,0.45921626687049866,0.2939540445804596,-0.22663015127182007,0.9950090050697327,0.9973753690719604,0.45764994621276855,0.2947801947593689,-0.22670629620552063,0.9958858489990234,0.9971985816955566,0.4833548367023468,0.290849506855011,-0.09176390618085861,0.9924908876419067,0.9945911765098572,0.46138885617256165,0.3035077452659607,-0.11003757268190384,0.9943904876708984,0.9964035749435425,0.4782329499721527,0.3022509217262268,-0.1959632933139801,0.9917060732841492,0.9938881993293762,0.47237032651901245,0.30393046140670776,-0.2016669660806656,0.9913503527641296,0.9945670366287231,0.543403685092926,0.3181752562522888,-0.07885830104351044,0.9968525171279907,0.9869011044502258,0.4726411998271942,0.3395388722419739,-0.12885436415672302,0.9967653751373291,0.9920749664306641,0.49735337495803833,0.28102144598960876,-0.2670018672943115,0.6768010854721069,0.9979339838027954,0.4274008572101593,0.3019796311855316,-0.36389926075935364,0.9127556085586548,0.9986414313316345,0.43894076347351074,0.2436438500881195,-0.397718220949173,0.7172026634216309,0.9935000538825989,0.42188793420791626,0.25182193517684937,-0.5246107578277588,0.8670250773429871,0.9979958534240723,0.4334143400192261,0.23525075614452362,-0.46391236782073975,0.6887394785881042,0.9900112748146057,0.4155622720718384,0.24210509657859802,-0.591729462146759,0.8225843906402588,0.996553897857666,0.4345497190952301,0.23452043533325195,-0.4557335674762726,0.6821461319923401,0.9884080290794373,0.41917550563812256,0.24075102806091309,-0.5748745799064636,0.8153148293495178,0.9960508942604065,0.43678000569343567,0.2389676570892334,-0.4063684344291687,0.6843428015708923,0.9905112385749817,0.42195603251457214,0.24414244294166565,-0.5279649496078491,0.8027070164680481,0.9967844486236572,0.6275041103363037,0.44514137506484985,-0.008385936729609966,0.9994832277297974,0.9992545247077942,0.5869821906089783,0.44773784279823303,0.008221494033932686,0.9993430376052856,0.9994271993637085,0.6478695273399353,0.5292762517929077,-0.08359095454216003,0.8580729961395264,0.9947787523269653,0.6205136179924011,0.5276781320571899,0.06747674196958542,0.8993968367576599,0.9950876832008362,0.6635349988937378,0.6050342917442322,0.1172090545296669,0.8747150897979736,0.9880473613739014,0.644202709197998,0.5931911468505859,0.279529869556427,0.847463846206665,0.9838876128196716,0.6644431352615356,0.624297022819519,0.1320173144340515,0.8327361941337585,0.9799184799194336,0.6498234868049622,0.6019337773323059,0.29352864623069763,0.8062229156494141,0.978615403175354,0.6616036295890808,0.6316206455230713,-0.038344983011484146,0.8585693836212158,0.9743587374687195,0.6542388796806335,0.6213203072547913,0.15402130782604218,0.8300736546516418,0.9758978486061096
93,3162,True,0.4694231152534485,0.2908303439617157,-0.25009942054748535,0.996114194393158,0.9995878338813782,0.46885135769844055,0.2847667634487152,-0.21804583072662354,0.9959011077880859,0.9994202852249146,0.47130101919174194,0.2837751507759094,-0.21806104481220245,0.9945287704467773,0.9993500113487244,0.4742242097854614,0.28273919224739075,-0.21804864704608917,0.9959361553192139,0.999248206615448,0.4616123139858246,0.287990003824234,-0.23476962745189667,0.9962858557701111,0.9995273351669312,0.45954430103302,0.2891680598258972,-0.23498357832431793,0.9954207539558411,0.9995338916778564,0.4568628668785095,0.29061049222946167,-0.2350636124610901,0.9962257742881775,0.9994899034500122,0.4790748059749603,0.2854772210121155,-0.06840203702449799,0.9929129481315613,0.9990741014480591,0.4595026969909668,0.29705798625946045,-0.13501965999603271,0.9948517680168152,0.9993682503700256,0.4815855622291565,0.2957560420036316,-0.19364681839942932,0.9922730922698975,0.998837411403656,0.47330939769744873,0.2987372577190399,-0.21430322527885437,0.9920282959938049,0.999018669128418,0.5441885590553284,0.3123837113380432,-0.04926258325576782,0.9968867897987366,0.9966061115264893,0.4701193869113922,0.3371960520744324,-0.17194011807441711,0.9968233108520508,0.9977450370788574,0.5038341283798218,0.2764747142791748,-0.1453874707221985,0.6960407495498657,0.9989803433418274,0.4300139844417572,0.29958048462867737,-0.37330594658851624,0.9207737445831299,0.9992095232009888,0.4409598112106323,0.24259014427661896,-0.21802125871181488,0.7301151156425476,0.9954323768615723,0.419759064912796,0.2517288029193878,-0.4500778615474701,0.8778434991836548,0.9981837868690491,0.43445274233818054,0.23482632637023926,-0.2668232321739197,0.6941239237785339,0.9922379851341248,0.4120917022228241,0.24164804816246033,-0.5054293870925903,0.8333010673522949,0.9964959025382996,0.4352937340736389,0.2343102991580963,-0.26371562480926514,0.6869403719902039,0.9915665984153748,0.41660282015800476,0.24124987423419952,-0.4875369966030121,0.8260635137557983,0.9963394403457642,0.4378049075603485,0.23835158348083496,-0.22648262977600098,0.6903757452964783,0.9930709004402161,0.41975295543670654,0.2441266030073166,-0.4496398866176605,0.8136048913002014,0.9970515966415405,0.6405558586120605,0.42853251099586487,0.003373832209035754,0.9995062351226807,0.999640703201294,0.5911539196968079,0.4463052749633789,-0.003589990781620145,0.9993607401847839,0.9997482895851135,0.6565275192260742,0.525400698184967,-0.03260308504104614,0.8593430519104004,0.9978502988815308,0.6244968771934509,0.5231177806854248,0.036519233137369156,0.8961894512176514,0.9980611205101013,0.6629186272621155,0.5981027483940125,0.1686886101961136,0.8729708194732666,0.9953125715255737,0.6389076113700867,0.5855749249458313,0.24819877743721008,0.8439008593559265,0.9929640293121338,0.6593272686004639,0.6129289865493774,0.18725983798503876,0.8215194940567017,0.9927829504013062,0.6422052383422852,0.5948508977890015,0.26159483194351196,0.7878280878067017,0.991054356098175,0.6563600897789001,0.6256780624389648,0.004669771529734135,0.8560954332351685,0.9889005422592163,0.6531674861907959,0.6131432056427002,0.10360745340585709,0.8253470063209534,0.9876592755317688
94,3196,False,,,,,,,,,,,,,,,,,,,,,,,,,,,,,,,,,,,,,,,,,,,,,,,,,,,,,,,,,,,,,,,,,,,,,,,,,,,,,,,,,,,,,,,,,,,,,,,,,,,,,,,,,,,,,,,,,,,,,,,,,,,,,,,,,,,,,,,,,,,,,,,,,,,,,,,,,,,,,,,,,,,,,
95,3230,True,0.472469300031662,0.2988969087600708,-0.22103726863861084,0.9964112043380737,0.9996525049209595,0.4764973223209381,0.29248589277267456,-0.20345060527324677,0.9961467385292053,0.9992557168006897,0.47924643754959106,0.2917032539844513,-0.20342671871185303,0.9948554635047913,0.9991216063499451,0.4816523790359497,0.29102519154548645,-0.20336087048053741,0.9961534142494202,0.9989057779312134,0.46858981251716614,0.2975650429725647,-0.20926198363304138,0.9965509176254272,0.9994811415672302,0.4669535756111145,0.2987123429775238,-0.20948246121406555,0.9957520365715027,0.9995245933532715,0.46136611700057983,0.3014378845691681,-0.2095155119895935,0.9964982867240906,0.9995033740997314,0.4886495769023895,0.2945399880409241,-0.09200307726860046,0.993253767490387,0.9984750151634216,0.4649367928504944,0.3081178665161133,-0.11486122012138367,0.9952716827392578,0.9994179010391235,0.48857033252716064,0.3034191429615021,-0.17614109814167023,0.9927181601524353,0.9987844824790955,0.4783143699169159,0.30658137798309326,-0.182327002286911,0.992591142654419,0.9991132616996765,0.5353788733482361,0.31328704953193665,-0.04578663408756256,0.9969165325164795,0.9916378855705261,0.4798528552055359,0.33815836906433105,-0.12064991146326065,0.997014582157135,0.9981274008750916,0.5061928033828735,0.27548182010650635,-0.14950716495513916,0.7165846824645996,0.9984037280082703,0.43264099955558777,0.309584379196167,-0.2435692697763443,0.9277358055114746,0.9996621608734131,0.4518558979034424,0.24054193496704102,-0.23122535645961761,0.7410784959793091,0.9959580302238464,0.41028451919555664,0.25688016414642334,-0.29097694158554077,0.8864911198616028,0.9995255470275879,0.4428037405014038,0.2328563928604126,-0.2788051962852478,0.6971861124038696,0.9942715167999268,0.40895891189575195,0.24600858986377716,-0.3341415822505951,0.8404250741004944,0.9990072846412659,0.44539329409599304,0.23432305455207825,-0.277283251285553,0.6900825500488281,0.9935348033905029,0.412982314825058,0.2446882277727127,-0.32449567317962646,0.833236813545227,0.9988634586334229,0.44668570160865784,0.236737459897995,-0.23892995715141296,0.6931257247924805,0.9945507645606995,0.4106253385543823,0.2507011294364929,-0.29302653670310974,0.8207067251205444,0.9991326928138733,0.6526381373405457,0.39873331785202026,0.010271754115819931,0.9995043277740479,0.9992571473121643,0.6070780754089355,0.41615667939186096,-0.010352419689297676,0.999389111995697,0.9995916485786438,0.6654025912284851,0.4767548143863678,-0.004177941475063562,0.8511814475059509,0.9982938170433044,0.6594942808151245,0.4890735149383545,-0.03899648040533066,0.8895649313926697,0.998835027217865,0.6794674396514893,0.5259509682655334,0.1305420845746994,0.8673710227012634,0.9974164962768555,0.6647999286651611,0.5433539748191833,0.05674850195646286,0.8415617346763611,0.9960463643074036,0.6830398440361023,0.5338844060897827,0.1375422179698944,0.8162335157394409,0.9950902462005615,0.66832435131073,0.5492794513702393,0.058200448751449585,0.7800902724266052,0.9928144812583923,0.6770103573799133,0.5391424894332886,-0.0024155336432158947,0.8536946773529053,0.9918755292892456,0.6711212396621704,0.5550678372383118,-0.11389320343732834,0.8264012932777405,0.9890367388725281
96,3264,True,0.47282320261001587,0.2968810498714447,-0.08793336153030396,0.9965130686759949,0.9993720650672913,0.4764798581600189,0.2924728989601135,-0.0688394159078598,0.9960521459579468,0.9988250136375427,0.4790375232696533,0.29170340299606323,-0.068771131336689,0.9949164390563965,0.9986774325370789,0.48106712102890015,0.29104456305503845,-0.06869763880968094,0.9959906339645386,0.998426079750061,0.46918028593063354,0.2961173355579376,-0.07784838229417801,0.996616542339325,0.9991416931152344,0.46588045358657837,0.29620084166526794,-0.07807306945323944,0.9958721399307251,0.9992176294326782,0.4613668620586395,0.29741984605789185,-0.07810135930776596,0.9965226650238037,0.9992103576660156,0.48920387029647827,0.2949064075946808,0.02781815454363823,0.9926137924194336,0.9977419376373291,0.4650307893753052,0.3042236566543579,-0.010879846289753914,0.9954695701599121,0.9990484118461609,0.4877675771713257,0.3016790747642517,-0.04960960894823074,0.9919700622558594,0.9974743723869324,0.477734237909317,0.3045322000980377,-0.060514263808727264,0.9921475648880005,0.9980879426002502,0.5381799936294556,0.3123512864112854,0.059701088815927505,0.9968284368515015,0.9937863349914551,0.4749561846256256,0.3361132740974426,-0.05257672071456909,0.997194230556488,0.998773992061615,0.5056706666946411,0.278911828994751,-0.011231854557991028,0.7072874903678894,0.9994596838951111,0.43746253848075867,0.3038748800754547,-0.1464167684316635,0.9316684603691101,0.9997921586036682,0.4502401649951935,0.24234148859977722,-0.07215269654989243,0.7299317717552185,0.9988812804222107,0.41966918110847473,0.255552738904953,-0.18403084576129913,0.8919581770896912,0.9997445940971375,0.4422895312309265,0.23687689006328583,-0.10969970375299454,0.6806792616844177,0.998268723487854,0.4167202413082123,0.24519339203834534,-0.2201826125383377,0.8446206450462341,0.999550998210907,0.44454604387283325,0.23729565739631653,-0.10989397764205933,0.6734896898269653,0.998033344745636,0.41521182656288147,0.24468994140625,-0.21395090222358704,0.8374636769294739,0.9994547963142395,0.44635993242263794,0.23986773192882538,-0.07862809300422668,0.6761895418167114,0.9985016584396362,0.4181585907936096,0.2497061789035797,-0.18420082330703735,0.8246654868125916,0.9995836615562439,0.6510911583900452,0.3933318257331848,0.014365180395543575,0.9995425939559937,0.999860405921936,0.6071551442146301,0.4137776792049408,-0.014652010053396225,0.9994444251060486,0.9999210834503174,0.628576397895813,0.4331701695919037,-0.02380460873246193,0.8483281135559082,0.9994279742240906,0.6593031883239746,0.4882088303565979,-0.0322723388671875,0.886301577091217,0.99937903881073,0.6166287064552307,0.452793687582016,0.012879177927970886,0.8722212314605713,0.9989013671875,0.6648601293563843,0.5364929437637329,0.03880459815263748,0.8392240405082703,0.9980156421661377,0.6235207319259644,0.45547938346862793,0.010252748616039753,0.8230482935905457,0.9976650476455688,0.6682783365249634,0.5412930846214294,0.03945525363087654,0.773033857345581,0.9962863922119141,0.5911555886268616,0.456981360912323,-0.12156204879283905,0.8602996468544006,0.996344268321991,0.6712468266487122,0.5498972535133362,-0.1159791648387909,0.828475296497345,0.9949002861976624
97,3298,True,0.47173526883125305,0.29674601554870605,-0.12208398431539536,0.9967643022537231,0.999238133430481,0.4673904776573181,0.29264506697654724,-0.10577309131622314,0.9962760806083679,0.9986390471458435,0.4682331085205078,0.2919982671737671,-0.10574567317962646,0.9951459765434265,0.9984955787658691,0.46856680512428284,0.2915014624595642,-0.1057078167796135,0.9961801767349243,0.9983483552932739,0.4649197459220886,0.2956238090991974,-0.1252327710390091,0.996835470199585,0.9988390803337097,0.4636124074459076,0.29570168256759644,-0.12540876865386963,0.9961130023002625,0.9988667964935303,0.46109539270401,0.2963109612464905,-0.12546604871749878,0.9967360496520996,0.9988254904747009,0.47290512919425964,0.2962936460971832,-0.017590416595339775,0.9928914308547974,0.9979032278060913,0.465156227350235,0.3022254705429077,-0.10857579857110977,0.995741069316864,0.9985713958740234,0.48110106587409973,0.30031871795654297,-0.0869700238108635,0.9925703406333923,0.9987685084342957,0.47660204768180847,0.30188658833503723,-0.1092398539185524,0.9927427172660828,0.9989377856254578,0.5225030183792114,0.312407910823822,0.04417360574007034,0.9969546794891357,0.996887743473053,0.48915448784828186,0.32326269149780273,-0.2046971172094345,0.9973785877227783,0.9987112283706665,0.4916834235191345,0.2843610942363739,0.0011720391921699047,0.7130656838417053,0.9991474151611328,0.4648950695991516,0.28881916403770447,-0.32073506712913513,0.9379562139511108,0.9994268417358398,0.44204869866371155,0.245321586728096,-0.07911626249551773,0.7404373288154602,0.9982490539550781,0.4323771297931671,0.24861760437488556,-0.3405042290687561,0.9012831449508667,0.999028205871582,0.4352613687515259,0.240972638130188,-0.11211274564266205,0.6896661520004272,0.9972027540206909,0.4227209687232971,0.24073565006256104,-0.3956611752510071,0.8565807938575745,0.9983221888542175,0.43599390983581543,0.24132828414440155,-0.12511014938354492,0.6828505396842957,0.9970329999923706,0.4218693673610687,0.24073687195777893,-0.37991613149642944,0.8497372269630432,0.9982530474662781,0.43835070729255676,0.24303138256072998,-0.09247872978448868,0.6852484345436096,0.9976193308830261,0.427337110042572,0.24460390210151672,-0.33715012669563293,0.8370161056518555,0.9985837936401367,0.6430292129516602,0.39459165930747986,0.06508488953113556,0.9995452165603638,0.9993184804916382,0.6136355400085449,0.4067007601261139,-0.06498443335294724,0.999467670917511,0.9995796084403992,0.673358678817749,0.4484279751777649,0.11066938191652298,0.8410679697990417,0.9968210458755493,0.660330057144165,0.4858320653438568,-0.08176242560148239,0.8944154381752014,0.9982136487960815,0.7154746055603027,0.4826565682888031,0.3169642388820648,0.8623139262199402,0.9940311312675476,0.6717657446861267,0.5614712238311768,0.0358445942401886,0.8502019643783569,0.9934281706809998,0.720038115978241,0.4895901679992676,0.33377233147621155,0.8108775019645691,0.9920850396156311,0.6928955316543579,0.5682603120803833,0.03965447098016739,0.7780688405036926,0.990206778049469,0.7410101294517517,0.4895147681236267,0.2461349070072174,0.8509669303894043,0.990199625492096,0.7044747471809387,0.5728915929794312,-0.10987196117639542,0.8370489478111267,0.9869884252548218
98,3332,True,0.4719974398612976,0.2966020107269287,-0.2096041589975357,0.9970002770423889,0.9996966123580933,0.4679848253726959,0.29242148995399475,-0.18690825998783112,0.9965358972549438,0.9995145797729492,0.4690982401371002,0.2916836738586426,-0.18694593012332916,0.9954642653465271,0.9994788765907288,0.46980106830596924,0.2911040186882019,-0.18700192868709564,0.9964244961738586,0.9994045495986938,0.4648399353027344,0.2956424057483673,-0.20400533080101013,0.9970847368240356,0.9996191263198853,0.4635333716869354,0.29577428102493286,-0.204207181930542,0.9964196085929871,0.9996379613876343,0.4611210823059082,0.29661935567855835,-0.2042742222547531,0.9969896078109741,0.9996187686920166,0.4753258228302002,0.2956530451774597,-0.07245895266532898,0.9933656454086304,0.999340832233429,0.46491801738739014,0.3025798201560974,-0.14601972699165344,0.9960907697677612,0.9995909333229065,0.481401264667511,0.30021151900291443,-0.16497766971588135,0.9931391477584839,0.9994348883628845,0.47678011655807495,0.302063524723053,-0.18571609258651733,0.9933346509933472,0.9995107650756836,0.5266166925430298,0.30726373195648193,-0.010250315070152283,0.9971452951431274,0.9981335997581482,0.48848584294319153,0.3253897428512573,-0.18643851578235626,0.997540295124054,0.9992455244064331,0.49288660287857056,0.2787461578845978,-0.08260896801948547,0.7231109738349915,0.9991951584815979,0.46061456203460693,0.29249992966651917,-0.3118433952331543,0.9432873725891113,0.9997434020042419,0.44281667470932007,0.24510541558265686,-0.18299071490764618,0.7424311637878418,0.997357189655304,0.4283381700515747,0.25023147463798523,-0.33009281754493713,0.9081913232803345,0.9994803071022034,0.43555963039398193,0.2401842623949051,-0.2273811548948288,0.6829118728637695,0.9962084293365479,0.41298907995224,0.24446704983711243,-0.3745214343070984,0.8629423975944519,0.9989481568336487,0.4358532428741455,0.2407788783311844,-0.2260534018278122,0.675583004951477,0.9957976341247559,0.4130527973175049,0.24382829666137695,-0.36290496587753296,0.8560181260108948,0.9988393187522888,0.43876510858535767,0.24252204596996307,-0.1916332095861435,0.6788774132728577,0.9964351654052734,0.42170250415802,0.24600963294506073,-0.32941070199012756,0.8429732918739319,0.9991023540496826,0.6435056328773499,0.3884733319282532,0.06269741803407669,0.9995785355567932,0.9998356103897095,0.6154245734214783,0.4031451642513275,-0.06205588951706886,0.999499499797821,0.9998712539672852,0.6725414395332336,0.45415133237838745,-0.0030589497182518244,0.8495343327522278,0.9993767142295837,0.6891700029373169,0.4590672552585602,0.06323067098855972,0.8922711610794067,0.9994196891784668,0.704681396484375,0.5009650588035583,0.15822753310203552,0.8676186800003052,0.998613715171814,0.6916529536247253,0.47365617752075195,0.23382021486759186,0.8516765236854553,0.9973925352096558,0.7083348035812378,0.5075622797012329,0.17113012075424194,0.8162738680839539,0.9974048733711243,0.6984738111495972,0.4766152799129486,0.24458648264408112,0.7784472107887268,0.9960616230964661,0.7259935140609741,0.5155648589134216,0.03700890764594078,0.856292188167572,0.9958497285842896,0.7034559845924377,0.47274819016456604,0.10053957998752594,0.8390870094299316,0.9950290322303772
99,3366,True,0.4741649329662323,0.29761525988578796,-0.21304216980934143,0.9968996644020081,0.9982421398162842,0.4683554768562317,0.29330459237098694,-0.1898530125617981,0.9964605569839478,0.9978112578392029,0.46937820315361023,0.29250240325927734,-0.1899125576019287,0.9953921437263489,0.9976035952568054,0.4706041216850281,0.2918483018875122,-0.18998077511787415,0.9962189793586731,0.9973198771476746,0.46602922677993774,0.29615816473960876,-0.20973505079746246,0.9971179366111755,0.9982591271400452,0.4635489583015442,0.2979554533958435,-0.20993685722351074,0.996483564376831,0.9983059167861938,0.4615074694156647,0.298579603433609,-0.210021510720253,0.9969886541366577,0.9982795715332031,0.4780943989753723,0.2982667088508606,-0.0737859234213829,0.9930790066719055,0.9968212842941284,0.4652148485183716,0.30655527114868164,-0.1637774109840393,0.9961885809898376,0.9980904459953308,0.48972493410110474,0.3028137683868408,-0.16738170385360718,0.9925952553749084,0.9960667490959167,0.4802172780036926,0.303549587726593,-0.19274751842021942,0.9932693243026733,0.996889054775238,0.5282973647117615,0.3082374334335327,-0.005537824239581823,0.9969658255577087,0.9931597709655762,0.4863343834877014,0.32839542627334595,-0.2179863154888153,0.997522234916687,0.9974473714828491,0.4901435077190399,0.2788715660572052,-0.05699319764971733,0.7004333734512329,0.9987779259681702,0.4561658203601837,0.2951694428920746,-0.3363679349422455,0.945401668548584,0.9990693926811218,0.4433072805404663,0.2452753782272339,-0.15241120755672455,0.7200415134429932,0.9940696954727173,0.4262259602546692,0.2507912516593933,-0.365403950214386,0.9095531702041626,0.9970605969429016,0.4354773163795471,0.2397894412279129,-0.18853242695331573,0.6572165489196777,0.9913723468780518,0.4124376177787781,0.24438461661338806,-0.4129752218723297,0.8622338771820068,0.9957664012908936,0.43632227182388306,0.24066948890686035,-0.19392596185207367,0.650270938873291,0.9906588792800903,0.41353467106819153,0.2426048219203949,-0.40112292766571045,0.8552071452140808,0.9954925775527954,0.43815600872039795,0.24315600097179413,-0.16250696778297424,0.6539372801780701,0.9922478199005127,0.42091140151023865,0.24590781331062317,-0.36363932490348816,0.8409714102745056,0.9960383176803589,0.6456108689308167,0.3836548626422882,0.059136323630809784,0.9995989203453064,0.9995868802070618,0.6180684566497803,0.40074220299720764,-0.05901648849248886,0.999523401260376,0.9996156692504883,0.6511424779891968,0.40973320603370667,0.06039196997880936,0.8363524675369263,0.9985511898994446,0.6791967749595642,0.41464537382125854,-0.1173696294426918,0.8811985850334167,0.9979016780853271,0.6482958793640137,0.433846652507782,0.16351309418678284,0.8567736148834229,0.996071457862854,0.6587543487548828,0.41755279898643494,-0.03277803212404251,0.8396588563919067,0.9938316345214844,0.6534280776977539,0.43742817640304565,0.1713256686925888,0.8134943246841431,0.9929947257041931,0.6554816961288452,0.41980084776878357,-0.027959974482655525,0.7688234448432922,0.9906286597251892,0.6351041793823242,0.43488699197769165,0.06421229243278503,0.849673330783844,0.9908590912818909,0.6577906012535095,0.4077300429344177,-0.1620800793170929,0.833967924118042,0.9888678193092346
100,3400,True,0.47257867455482483,0.2976004183292389,-0.21234840154647827,0.9968944191932678,0.9982208609580994,0.4673767387866974,0.2932966947555542,-0.18949507176876068,0.9964392781257629,0.9975258708000183,0.4684264659881592,0.2925090491771698,-0.18957188725471497,0.995246946811676,0.9973629117012024,0.46948516368865967,0.2918859124183655,-0.18963442742824554,0.9961307048797607,0.9971218705177307,0.46515917778015137,0.29608291387557983,-0.21204476058483124,0.9972047805786133,0.9979762434959412,0.46189749240875244,0.2980969548225403,-0.2122572958469391,0.9965867400169373,0.9980509281158447,0.46067094802856445,0.2986740469932556,-0.2123415768146515,0.997081995010376,0.9980148077011108,0.47740161418914795,0.29829534888267517,-0.07422036677598953,0.9930607676506042,0.9969471096992493,0.4655209481716156,0.30667737126350403,-0.17713196575641632,0.9963678121566772,0.9980154037475586,0.4896460175514221,0.30280831456184387,-0.16683067381381989,0.9927346110343933,0.9973044395446777,0.4818973243236542,0.30394166707992554,-0.19574834406375885,0.9935806393623352,0.9977824091911316,0.5281801819801331,0.30857884883880615,-0.0002703813079278916,0.9971034526824951,0.9975778460502625,0.48462575674057007,0.329586386680603,-0.24356766045093536,0.9976478219032288,0.9989413619041443,0.48879873752593994,0.27703097462654114,-0.046048544347286224,0.7033553719520569,0.998974084854126,0.45210981369018555,0.2910855710506439,-0.3640778958797455,0.9498738050460815,0.9993267059326172,0.4418683648109436,0.24636392295360565,-0.13861647248268127,0.7214078903198242,0.9931713342666626,0.4256802499294281,0.25090616941452026,-0.3660523295402527,0.9151714444160461,0.9973204731941223,0.4339830279350281,0.24112828075885773,-0.177865132689476,0.65268474817276,0.9889739751815796,0.41269320249557495,0.24439147114753723,-0.4167209267616272,0.8678180575370789,0.9951085448265076,0.4350188076496124,0.2416587620973587,-0.18321527540683746,0.6457167267799377,0.9880005717277527,0.41362038254737854,0.24277448654174805,-0.4022703468799591,0.8608466982841492,0.9948235750198364,0.4369286000728607,0.24384060502052307,-0.15041962265968323,0.6506877541542053,0.9896405339241028,0.42036691308021545,0.2459333837032318,-0.3641127645969391,0.8464672565460205,0.9957597851753235,0.6423786878585815,0.380377858877182,0.0646727904677391,0.9996218681335449,0.9992266893386841,0.618025004863739,0.39298543334007263,-0.06467997282743454,0.9995315074920654,0.9992761015892029,0.6883558630943298,0.4273098111152649,0.09415082633495331,0.8231140971183777,0.9976340532302856,0.6769254207611084,0.421957790851593,-0.02698832005262375,0.8700006604194641,0.9974948167800903,0.7144271731376648,0.46582213044166565,0.2555481493473053,0.842976450920105,0.9946725964546204,0.6727854013442993,0.43870148062705994,0.10461338609457016,0.8302431702613831,0.9916519522666931,0.7174469232559204,0.4728636145591736,0.26734456419944763,0.8016932010650635,0.9908141493797302,0.6723518371582031,0.44389742612838745,0.11244306713342667,0.7575148344039917,0.9881522059440613,0.7266785502433777,0.47122135758399963,0.15494492650032043,0.8383143544197083,0.9867421984672546,0.6757856607437134,0.43099990487098694,-0.021276218816637993,0.8271713852882385,0.983130931854248
101,3434,True,0.4727897644042969,0.2984957695007324,-0.2100205272436142,0.9968079328536987,0.9958969354629517,0.46890076994895935,0.2966524362564087,-0.18638697266578674,0.9962549805641174,0.9951249957084656,0.4695781171321869,0.2962304949760437,-0.1865452080965042,0.9949058294296265,0.9951038360595703,0.4723435640335083,0.29581254720687866,-0.1866847723722458,0.9959127306938171,0.9950354099273682,0.46732309460639954,0.2987546920776367,-0.20879222452640533,0.9972112774848938,0.9954745173454285,0.4655435383319855,0.3002120852470398,-0.20898748934268951,0.9966131448745728,0.9955074787139893,0.4623122811317444,0.3029041886329651,-0.2090594619512558,0.9970957636833191,0.9954249262809753,0.478115975856781,0.30078187584877014,-0.06158027797937393,0.9929834604263306,0.9953219294548035,0.4668251872062683,0.3086380958557129,-0.1864280253648758,0.9965152740478516,0.9955582618713379,0.49142730236053467,0.3032170534133911,-0.16457799077033997,0.9928724765777588,0.9954491257667542,0.4860260784626007,0.30504217743873596,-0.19347025454044342,0.9938522577285767,0.9959546327590942,0.5284023284912109,0.31210798025131226,0.03695417195558548,0.9972348809242249,0.9980384707450867,0.48434561491012573,0.3303039073944092,-0.2673874795436859,0.9977610111236572,0.9985901713371277,0.4899353086948395,0.27703243494033813,0.00999167189002037,0.7094160318374634,0.9992308616638184,0.45162320137023926,0.29303497076034546,-0.3840329349040985,0.9543816447257996,0.9990012049674988,0.4419727623462677,0.2462993562221527,-0.08883605897426605,0.7300516366958618,0.9941303133964539,0.4254554808139801,0.25225409865379333,-0.3804728090763092,0.9217535257339478,0.9961258769035339,0.43456587195396423,0.2411600798368454,-0.12407294660806656,0.657788872718811,0.9894453883171082,0.41301608085632324,0.24532583355903625,-0.4340451955795288,0.8762655258178711,0.9929064512252808,0.43509793281555176,0.24162426590919495,-0.1333981156349182,0.6508651375770569,0.9888843297958374,0.4137774705886841,0.2439466416835785,-0.4145974814891815,0.8695734143257141,0.9929550290107727,0.4370628893375397,0.24368837475776672,-0.10294436663389206,0.6568716168403625,0.9904885292053223,0.4205584228038788,0.24660201370716095,-0.375901460647583,0.8555066585540771,0.9940487146377563,0.6428650617599487,0.3816949427127838,0.082563117146492,0.9996330142021179,0.9986043572425842,0.6201341152191162,0.39453062415122986,-0.08264412730932236,0.9995039701461792,0.9982215762138367,0.7022748589515686,0.4319906234741211,0.13062475621700287,0.8072606325149536,0.9956423044204712,0.6776053309440613,0.42376580834388733,-0.0230553038418293,0.8626564741134644,0.9938503503799438,0.7397060990333557,0.47512155771255493,0.2954725921154022,0.8250699043273926,0.9882684946060181,0.6790638566017151,0.4431779980659485,0.1155652329325676,0.821424126625061,0.9821534752845764,0.7335020899772644,0.48403382301330566,0.30804091691970825,0.7872250080108643,0.9811582565307617,0.6778378486633301,0.44749879837036133,0.12472710013389587,0.7480236291885376,0.9776995182037354,0.7513821125030518,0.48349279165267944,0.2154383510351181,0.8219595551490784,0.9712874889373779,0.6870091557502747,0.4394325315952301,0.009503920562565327,0.8184190988540649,0.966552734375
102,3468,True,0.47706225514411926,0.2989181578159332,-0.21714119613170624,0.9969473481178284,0.9984115362167358,0.47005292773246765,0.2973799705505371,-0.1920924037694931,0.9963619709014893,0.9977824091911316,0.473354309797287,0.29609793424606323,-0.1922290027141571,0.994996190071106,0.9976605176925659,0.4765205383300781,0.297659307718277,-0.1923370212316513,0.9959838390350342,0.9975333213806152,0.46860814094543457,0.29947251081466675,-0.21952630579471588,0.9973573684692383,0.9980765581130981,0.4674317538738251,0.3007945418357849,-0.21971753239631653,0.996792197227478,0.9981006979942322,0.46530184149742126,0.30292993783950806,-0.21977980434894562,0.9972403049468994,0.9980406165122986,0.4786395728588104,0.30168062448501587,-0.06328939646482468,0.9932581186294556,0.9976116418838501,0.4696682393550873,0.3103831112384796,-0.1931125819683075,0.996756911277771,0.9981695413589478,0.49437621235847473,0.304568886756897,-0.168452650308609,0.9932613968849182,0.9980541467666626,0.48965775966644287,0.3073437809944153,-0.20360270142555237,0.9942991733551025,0.9984294772148132,0.5300844311714172,0.31255045533180237,0.030479764565825462,0.9973933100700378,0.9979973435401917,0.4841967225074768,0.3316057324409485,-0.26736709475517273,0.9979149699211121,0.9990450739860535,0.49046483635902405,0.2764252722263336,0.00031634216429665685,0.7190935611724854,0.9991393089294434,0.45117977261543274,0.29495009779930115,-0.38493576645851135,0.9584705829620361,0.9991461038589478,0.44410085678100586,0.24558913707733154,-0.09761253744363785,0.7405893802642822,0.9945620894432068,0.4251352846622467,0.25376853346824646,-0.3834174573421478,0.9276013374328613,0.9970906972885132,0.4391944110393524,0.23944339156150818,-0.13472998142242432,0.6651049852371216,0.9901309013366699,0.4129045605659485,0.2458798587322235,-0.4358220100402832,0.8834311366081238,0.9946065545082092,0.43571412563323975,0.24155983328819275,-0.14177006483078003,0.658324658870697,0.9898590445518494,0.41339805722236633,0.2447810173034668,-0.4174576699733734,0.8769665956497192,0.9946706891059875,0.4380507171154022,0.2432773858308792,-0.110784150660038,0.6646189093589783,0.9917181730270386,0.4202887713909149,0.2470323145389557,-0.37920302152633667,0.8631139993667603,0.9956052899360657,0.6429928541183472,0.38214969635009766,0.0832928940653801,0.9996414184570312,0.9985321760177612,0.6237159967422485,0.39595189690589905,-0.08336752653121948,0.9995023608207703,0.998383641242981,0.7043440341949463,0.4312952160835266,0.15949521958827972,0.7910102009773254,0.9961695075035095,0.6763940453529358,0.4318768084049225,-0.06407969444990158,0.8593857288360596,0.9956069588661194,0.7284109592437744,0.4745161533355713,0.35291916131973267,0.8072322010993958,0.9879981279373169,0.6784681677818298,0.45905953645706177,0.05359070003032684,0.8224714398384094,0.9834527373313904,0.7279278039932251,0.4829099774360657,0.36795809864997864,0.7747899889945984,0.9801315665245056,0.6774784326553345,0.46419286727905273,0.059941597282886505,0.7453320622444153,0.9755033850669861,0.742763102054596,0.47919216752052307,0.2739388048648834,0.8064287900924683,0.9709300994873047,0.6859371662139893,0.4571532607078552,-0.07579898089170456,0.8190312385559082,0.9606078267097473
103,3502,True,0.4783409535884857,0.29948702454566956,-0.21718677878379822,0.9972205758094788,0.9997946619987488,0.4728220999240875,0.29721662402153015,-0.19140735268592834,0.9966636896133423,0.9996943473815918,0.4766528606414795,0.2963414192199707,-0.19150352478027344,0.9954179525375366,0.9996703863143921,0.4790727496147156,0.29721540212631226,-0.19156979024410248,0.9962998032569885,0.9996429681777954,0.4687333106994629,0.3000434339046478,-0.21988460421562195,0.9975923299789429,0.9997486472129822,0.4674953818321228,0.3012717366218567,-0.22007425129413605,0.9970799088478088,0.9997573494911194,0.4654240012168884,0.30305901169776917,-0.22012466192245483,0.9974803924560547,0.9997511506080627,0.4791943430900574,0.30130985379219055,-0.05790203437209129,0.9938222169876099,0.9996788501739502,0.468416690826416,0.3102661669254303,-0.1866411417722702,0.9970611929893494,0.9997902512550354,0.49190613627433777,0.3043779730796814,-0.16669751703739166,0.9938573837280273,0.9997443556785583,0.4843798279762268,0.30727750062942505,-0.20241156220436096,0.9948301911354065,0.9998214840888977,0.529094398021698,0.31275665760040283,0.05114093795418739,0.9976189732551575,0.9995493292808533,0.48289522528648376,0.3317592740058899,-0.25615745782852173,0.998112142086029,0.9998706579208374,0.4926053285598755,0.2755568325519562,0.03240831568837166,0.7293988466262817,0.9997312426567078,0.45090925693511963,0.2973977029323578,-0.3873286843299866,0.9623177647590637,0.9997738003730774,0.44947192072868347,0.2442721575498581,-0.07137152552604675,0.7524493336677551,0.9984568357467651,0.4247073233127594,0.2537335157394409,-0.3990787863731384,0.9336228370666504,0.9994420409202576,0.4436519742012024,0.23880843818187714,-0.10475011169910431,0.6749268174171448,0.99720698595047,0.4128935635089874,0.2459286004304886,-0.44926321506500244,0.891442060470581,0.9989340901374817,0.4387621581554413,0.23965544998645782,-0.11045849323272705,0.668021023273468,0.9972559809684753,0.413421630859375,0.24486377835273743,-0.4268895387649536,0.8852368593215942,0.9989472031593323,0.4433962404727936,0.2421298772096634,-0.08335234969854355,0.6741645336151123,0.9978190660476685,0.420213907957077,0.2471020519733429,-0.3922468423843384,0.8718729615211487,0.9991891980171204,0.6435291767120361,0.3782272934913635,0.08778826892375946,0.9996666312217712,0.9996323585510254,0.6230548620223999,0.3942563831806183,-0.08788573741912842,0.9995435476303101,0.999778687953949,0.7039933800697327,0.40187978744506836,0.16792944073677063,0.8004257082939148,0.9991931319236755,0.6690941452980042,0.43824267387390137,-0.0997280403971672,0.8700689077377319,0.9989674091339111,0.7226134538650513,0.4194447100162506,0.36578530073165894,0.8123604655265808,0.9965943694114685,0.677940309047699,0.48943987488746643,0.015624611638486385,0.8341156840324402,0.9922084808349609,0.7238019108772278,0.424083411693573,0.38175371289253235,0.7818060517311096,0.9938803911209106,0.6774370670318604,0.49813738465309143,0.022098107263445854,0.7548003196716309,0.9869957566261292,0.733247697353363,0.4174487590789795,0.3074088394641876,0.8111163377761841,0.9894356727600098,0.6870055794715881,0.49662238359451294,-0.12045882642269135,0.8299011588096619,0.9774592518806458
104,3536,True,0.4787648022174835,0.3015102744102478,-0.19101910293102264,0.9974887371063232,0.9999204874038696,0.4767964780330658,0.30041855573654175,-0.16559581458568573,0.9969754815101624,0.9999011754989624,0.47988206148147583,0.2989085018634796,-0.16565948724746704,0.9958523511886597,0.9998958110809326,0.4814775288105011,0.2991151511669159,-0.16571848094463348,0.9966423511505127,0.9998918771743774,0.4705698788166046,0.30346962809562683,-0.2020478993654251,0.9978244304656982,0.9999090433120728,0.4693171977996826,0.30468976497650146,-0.2022041380405426,0.997363269329071,0.9999078512191772,0.46751612424850464,0.3061163127422333,-0.20218417048454285,0.9977207779884338,0.9999042749404907,0.48408645391464233,0.3071605861186981,-0.03684662654995918,0.9944151639938354,0.9999033212661743,0.4699818193912506,0.3136313557624817,-0.18296782672405243,0.9973496198654175,0.9999150037765503,0.49569621682167053,0.30582037568092346,-0.14110763370990753,0.994439959526062,0.9998501539230347,0.4899114966392517,0.30837103724479675,-0.1888083815574646,0.9953289031982422,0.999880313873291,0.5289855003356934,0.3170270323753357,0.08337531983852386,0.9978189468383789,0.9997839331626892,0.48355183005332947,0.33471277356147766,-0.2631679177284241,0.9982914924621582,0.9999146461486816,0.49305737018585205,0.27721482515335083,0.09047330915927887,0.7270431518554688,0.9998574256896973,0.45073702931404114,0.29875338077545166,-0.3822930157184601,0.9657719135284424,0.9998241066932678,0.45271340012550354,0.24426357448101044,-0.0013429407263174653,0.7557732462882996,0.9988589286804199,0.4238990247249603,0.25489434599876404,-0.39619123935699463,0.9388019442558289,0.99924635887146,0.44714242219924927,0.23884019255638123,-0.027518151327967644,0.6771928071975708,0.997749388217926,0.4136837124824524,0.24716222286224365,-0.4467140734195709,0.898645281791687,0.9986063838005066,0.4421220123767853,0.23960623145103455,-0.03939269110560417,0.6700046062469482,0.9978997707366943,0.41349899768829346,0.24575893580913544,-0.42223289608955383,0.8926960229873657,0.998705267906189,0.4469548165798187,0.24208346009254456,-0.015567868016660213,0.6762503981590271,0.9983332753181458,0.42037904262542725,0.2480137050151825,-0.3883172273635864,0.8799020648002625,0.9989456534385681,0.643707811832428,0.3794015645980835,0.1050468310713768,0.9996916055679321,0.9997054934501648,0.623396098613739,0.3949315845966339,-0.10517680644989014,0.9995832443237305,0.9998024106025696,0.6988399624824524,0.4040001928806305,0.20346908271312714,0.807673990726471,0.9995156526565552,0.6701899170875549,0.45117059350013733,-0.08544617146253586,0.8814198970794678,0.9993191957473755,0.7016499638557434,0.4194139540195465,0.3718471825122833,0.8215308785438538,0.9982237219810486,0.6666709184646606,0.5107134580612183,0.018086057156324387,0.8489673733711243,0.9967964291572571,0.6994529366493225,0.42246073484420776,0.38474002480506897,0.7947400808334351,0.9969030022621155,0.6633993983268738,0.516924262046814,0.023620586842298508,0.7750272154808044,0.9948345422744751,0.7054115533828735,0.4191080927848816,0.32470420002937317,0.8198487758636475,0.993938684463501,0.6711289286613464,0.526276707649231,-0.10745618492364883,0.8442988991737366,0.9894025325775146
105,3570,True,0.47865769267082214,0.3022627532482147,-0.18216368556022644,0.9977053999900818,0.999754011631012,0.47645923495292664,0.30070391297340393,-0.1621759831905365,0.9971663355827332,0.9996519088745117,0.48013097047805786,0.3000834584236145,-0.1622210443019867,0.9961815476417542,0.9996260404586792,0.4814744293689728,0.3000470995903015,-0.16227859258651733,0.9968665242195129,0.9996142387390137,0.470533549785614,0.30322039127349854,-0.1944219022989273,0.9979934692382812,0.999692440032959,0.4692569375038147,0.30437377095222473,-0.19460809230804443,0.9975824356079102,0.9997037053108215,0.46737968921661377,0.3061870038509369,-0.19460824131965637,0.9978877902030945,0.9997004270553589,0.48338648676872253,0.3063317537307739,-0.04150664061307907,0.9948348999023438,0.9996291399002075,0.4698817729949951,0.3131878972053528,-0.18352042138576508,0.9975849986076355,0.9997264742851257,0.4962237477302551,0.3068484663963318,-0.13882221281528473,0.9948767423629761,0.9995489716529846,0.4884590208530426,0.3088315427303314,-0.18158408999443054,0.9957010746002197,0.9996453523635864,0.5287619829177856,0.3183290958404541,0.05770132690668106,0.9978998899459839,0.9994045495986938,0.4842483103275299,0.334780216217041,-0.249550461769104,0.998440682888031,0.9997965693473816,0.4938582181930542,0.2780393660068512,0.051032621413469315,0.7156955003738403,0.999769389629364,0.4498160183429718,0.2995055019855499,-0.37180617451667786,0.9679563045501709,0.9998297691345215,0.4535103738307953,0.24463340640068054,-0.035763680934906006,0.7508072853088379,0.9991224408149719,0.42217695713043213,0.25570881366729736,-0.3997286558151245,0.9407882690429688,0.9997170567512512,0.4477916359901428,0.23935887217521667,-0.06276107579469681,0.6724727749824524,0.9984176158905029,0.41369956731796265,0.24839171767234802,-0.45004621148109436,0.8998772501945496,0.9994626641273499,0.44244056940078735,0.24201750755310059,-0.07477826625108719,0.6650454998016357,0.9985017776489258,0.4168780446052551,0.24600188434123993,-0.4270196259021759,0.8938442468643188,0.999476969242096,0.44678807258605957,0.2436610460281372,-0.04913846030831337,0.6712841391563416,0.998820960521698,0.42027533054351807,0.24862496554851532,-0.3935905992984772,0.8812842965126038,0.9995993971824646,0.6433035135269165,0.38020002841949463,0.09409063309431076,0.9997004270553589,0.999784529209137,0.6284724473953247,0.39806830883026123,-0.09430482983589172,0.9996197819709778,0.9999212026596069,0.6458107233047485,0.3834208846092224,0.2046254426240921,0.8097148537635803,0.9995651841163635,0.6748803853988647,0.47527122497558594,-0.037601493299007416,0.8912310600280762,0.9994344115257263,0.6117212772369385,0.3718143403530121,0.3684177100658417,0.8261248469352722,0.9992316961288452,0.683958113193512,0.5398707389831543,0.09702888876199722,0.8610203862190247,0.9983733892440796,0.6137217879295349,0.3690342307090759,0.38181254267692566,0.8038854598999023,0.9988313317298889,0.6831183433532715,0.5442558526992798,0.10575901716947556,0.7905811071395874,0.9972334504127502,0.5880851149559021,0.3700750470161438,0.34326258301734924,0.8264520764350891,0.9980541467666626,0.6959883570671082,0.563850998878479,-0.010815732181072235,0.8559402823448181,0.9961183071136475
106,3604,True,0.47506365180015564,0.3005916178226471,-0.18571576476097107,0.9978950023651123,0.9998884201049805,0.4727414548397064,0.2979702651500702,-0.16498129069805145,0.9973524212837219,0.9998433589935303,0.4748375713825226,0.297409325838089,-0.1650257110595703,0.9965140223503113,0.9998257756233215,0.4791073799133301,0.29873427748680115,-0.16507337987422943,0.9970742464065552,0.999809205532074,0.4676297605037689,0.3001859784126282,-0.19343045353889465,0.9981411099433899,0.9998770952224731,0.4635692536830902,0.30270737409591675,-0.19363118708133698,0.9977806210517883,0.999887228012085,0.4622897803783417,0.30389174818992615,-0.1936715841293335,0.9980238080024719,0.9998857975006104,0.4833240509033203,0.3041040301322937,-0.04567277804017067,0.9952130317687988,0.9997978806495667,0.46113207936286926,0.3104143440723419,-0.1680542677640915,0.9978028535842896,0.9998996257781982,0.4862978160381317,0.30508169531822205,-0.1413443386554718,0.995223343372345,0.9997640252113342,0.4768029451370239,0.3082539439201355,-0.17988768219947815,0.9960036873817444,0.9998393058776855,0.5337315201759338,0.31797298789024353,0.055816810578107834,0.997892439365387,0.9991880059242249,0.4766574800014496,0.33515292406082153,-0.20570386946201324,0.9985673427581787,0.9997652173042297,0.4946345388889313,0.27858564257621765,0.026046181097626686,0.7059587836265564,0.9998237490653992,0.4427110552787781,0.2995966374874115,-0.3341861069202423,0.9674092531204224,0.9998525381088257,0.4535193145275116,0.24462337791919708,-0.0542009212076664,0.7341387867927551,0.9992990493774414,0.42139607667922974,0.25484156608581543,-0.34330180287361145,0.9331000447273254,0.9997180104255676,0.4474581480026245,0.2392449826002121,-0.07633943855762482,0.6539884805679321,0.9988754391670227,0.4138118624687195,0.24781925976276398,-0.3818671405315399,0.8815734386444092,0.999542236328125,0.4442448616027832,0.2414540946483612,-0.08207742124795914,0.6459910869598389,0.9988762736320496,0.4168303310871124,0.2458433359861374,-0.3595042824745178,0.8739433288574219,0.9995050430297852,0.4473104178905487,0.2429731786251068,-0.06334513425827026,0.6524667143821716,0.9990988969802856,0.42053383588790894,0.24825215339660645,-0.3376118838787079,0.8615962862968445,0.9996318817138672,0.6454256176948547,0.37711936235427856,0.07555142790079117,0.9997203350067139,0.9999436140060425,0.6294378042221069,0.4032215178012848,-0.07600805908441544,0.9996564388275146,0.9999773502349854,0.6221860647201538,0.32846513390541077,0.11651045829057693,0.8225201368331909,0.9998251795768738,0.6755355596542358,0.47425326704978943,-0.07065872848033905,0.9012836813926697,0.99957674741745,0.5944409966468811,0.26295173168182373,0.1726417988538742,0.8394550681114197,0.9994089603424072,0.7079565525054932,0.5377084016799927,0.032043468207120895,0.8709574937820435,0.9985941052436829,0.6051138043403625,0.25429290533065796,0.17732840776443481,0.8200276494026184,0.9989942908287048,0.7118026614189148,0.543117880821228,0.03837010636925697,0.8032890558242798,0.9971160888671875,0.5502806305885315,0.2410961091518402,0.13239693641662598,0.8406162261962891,0.9982652068138123,0.7266130447387695,0.5581151247024536,-0.07883155345916748,0.866460919380188,0.9965399503707886
107,3638,True,0.4696679711341858,0.3022536337375641,-0.1673075258731842,0.9980893731117249,0.9998747110366821,0.4668433666229248,0.299146443605423,-0.14663372933864594,0.9975725412368774,0.9998250603675842,0.4682684540748596,0.2987007796764374,-0.14666905999183655,0.996826171875,0.9998134970664978,0.4703483283519745,0.2992708384990692,-0.14671535789966583,0.997322142124176,0.9998053908348083,0.46279388666152954,0.3011913299560547,-0.17661680281162262,0.9983084201812744,0.9998418092727661,0.46050894260406494,0.3030994236469269,-0.17679111659526825,0.9979850649833679,0.9998456239700317,0.4576309323310852,0.3049103319644928,-0.17679688334465027,0.998197615146637,0.999840497970581,0.47598376870155334,0.30574294924736023,-0.036645978689193726,0.9956467747688293,0.9998223185539246,0.4592808187007904,0.31085580587387085,-0.16754727065563202,0.9980119466781616,0.9998574256896973,0.4768005907535553,0.30593758821487427,-0.1257440447807312,0.9956467747688293,0.9997801184654236,0.47064802050590515,0.3085886240005493,-0.1653933823108673,0.9963616728782654,0.999818742275238,0.5260105729103088,0.3216484487056732,0.06178642436861992,0.9980137348175049,0.9996353387832642,0.47691988945007324,0.3348626494407654,-0.2298193871974945,0.9986956119537354,0.9998542070388794,0.4930438697338104,0.27955806255340576,0.0517912395298481,0.7009661197662354,0.9998500347137451,0.44067761301994324,0.2981579601764679,-0.352600634098053,0.9701139330863953,0.9998409748077393,0.45323455333709717,0.24479171633720398,-0.02882869727909565,0.7333475351333618,0.9992293119430542,0.4211910665035248,0.2548008859157562,-0.37825602293014526,0.9373947381973267,0.9995983242988586,0.44709324836730957,0.23941664397716522,-0.05421309545636177,0.6525864601135254,0.998484194278717,0.4138011634349823,0.247475266456604,-0.4289776384830475,0.8876333236694336,0.9991902709007263,0.44399765133857727,0.24128544330596924,-0.06673837453126907,0.6445804238319397,0.9985575079917908,0.4163089394569397,0.24571052193641663,-0.4050862193107605,0.8802694082260132,0.9992164373397827,0.44666990637779236,0.24289873242378235,-0.04221691936254501,0.6514991521835327,0.9988752007484436,0.41982731223106384,0.24778208136558533,-0.37271618843078613,0.868503749370575,0.9994118213653564,0.63958340883255,0.3858274221420288,0.08597639203071594,0.9997345805168152,0.9998420476913452,0.6195480227470398,0.4060839116573334,-0.08624512702226639,0.9996857047080994,0.9998950958251953,0.6305128931999207,0.36058154702186584,0.17839300632476807,0.8227988481521606,0.9995392560958862,0.6726095676422119,0.4797585606575012,-0.054121583700180054,0.9088161587715149,0.9991795420646667,0.6167299151420593,0.36624306440353394,0.2920442521572113,0.8440930843353271,0.9984404444694519,0.7012826204299927,0.5393367409706116,0.05875308811664581,0.880149245262146,0.9971442818641663,0.6221281886100769,0.36784863471984863,0.30020344257354736,0.827968955039978,0.9972420930862427,0.6985716223716736,0.544396698474884,0.06655606627464294,0.8152432441711426,0.994966447353363,0.5965270400047302,0.36239951848983765,0.2544448673725128,0.8462951183319092,0.995422899723053,0.7243993282318115,0.5586270689964294,-0.04513604938983917,0.8750922083854675,0.9926872253417969
108,3672,True,0.4629242718219757,0.3026171624660492,-0.09611484408378601,0.9982700347900391,0.9999011754989624,0.46182548999786377,0.3008628189563751,-0.09004530310630798,0.9977810382843018,0.9998399019241333,0.4624003469944,0.30067703127861023,-0.09002406895160675,0.997122049331665,0.9998294115066528,0.45938050746917725,0.3026430010795593,-0.09001169353723526,0.9975585341453552,0.9998189806938171,0.45975592732429504,0.3020625710487366,-0.1159803569316864,0.9984604120254517,0.9998342990875244,0.4586879312992096,0.30335232615470886,-0.1160670816898346,0.9981699585914612,0.9998231530189514,0.4570556581020355,0.30483171343803406,-0.11600353568792343,0.998352587223053,0.9997995495796204,0.46254974603652954,0.307390421628952,-0.03866949677467346,0.9960354566574097,0.9997575879096985,0.45933833718299866,0.3108817934989929,-0.16139549016952515,0.9981933832168579,0.9997017979621887,0.47083616256713867,0.3066694140434265,-0.07595176994800568,0.9960022568702698,0.9994540810585022,0.46796005964279175,0.3085784912109375,-0.10964782536029816,0.9966351389884949,0.9993775486946106,0.4991833567619324,0.33212217688560486,0.051465947180986404,0.9977879524230957,0.9983843564987183,0.49885886907577515,0.3246970474720001,-0.23724418878555298,0.998698890209198,0.9982604384422302,0.4587351977825165,0.2941451668739319,0.038997601717710495,0.667565107345581,0.999832034111023,0.47296109795570374,0.28425002098083496,-0.3519899249076843,0.9692385196685791,0.9996414184570312,0.4335728883743286,0.2508462071418762,-0.035987257957458496,0.7128503918647766,0.9994586110115051,0.4250383973121643,0.2520148754119873,-0.3971906900405884,0.9370929002761841,0.999428927898407,0.42284250259399414,0.2471197098493576,-0.07812026143074036,0.6374489068984985,0.9989915490150452,0.41818878054618835,0.24339048564434052,-0.452195405960083,0.8883598446846008,0.9991727471351624,0.42252621054649353,0.24710336327552795,-0.07353486120700836,0.6294286847114563,0.9990096092224121,0.41655677556991577,0.24483981728553772,-0.4363519549369812,0.881212055683136,0.9991545677185059,0.4263596534729004,0.25086304545402527,-0.04947235807776451,0.6360912919044495,0.9992213249206543,0.42067909240722656,0.2470574676990509,-0.39532873034477234,0.8694398999214172,0.9993017911911011,0.6203134059906006,0.39872175455093384,0.08519221097230911,0.9997279047966003,0.9998102784156799,0.6235834956169128,0.4060741066932678,-0.08539720624685287,0.9997066855430603,0.9998218417167664,0.5827293992042542,0.3774544298648834,0.16413737833499908,0.8082759976387024,0.999504804611206,0.6480222940444946,0.4589274525642395,-0.08065316826105118,0.9148058891296387,0.998769223690033,0.5555410385131836,0.34016886353492737,0.22198806703090668,0.8491629958152771,0.9984993934631348,0.6496630907058716,0.4974749684333801,0.033817876130342484,0.8852503895759583,0.9987385869026184,0.5633421540260315,0.3340934216976166,0.222994863986969,0.8359930515289307,0.9970871806144714,0.645905613899231,0.49816522002220154,0.042882200330495834,0.8224574327468872,0.9977118968963623,0.513445258140564,0.3236846327781677,0.1743887960910797,0.8522328734397888,0.9969102740287781,0.6511808633804321,0.5121504068374634,-0.049060650169849396,0.8797661066055298,0.997664213180542
109,3706,True,0.4560147523880005,0.30260905623435974,-0.033940915018320084,0.9983580112457275,0.9991187453269958,0.45286256074905396,0.30210599303245544,-0.03269616886973381,0.9977091550827026,0.9985942244529724,0.4530079662799835,0.3019999861717224,-0.03270567208528519,0.9971322417259216,0.998596727848053,0.4520152509212494,0.30296576023101807,-0.03275193274021149,0.9975342154502869,0.9986502528190613,0.45274442434310913,0.3028971552848816,-0.05233645811676979,0.9984762072563171,0.9983804225921631,0.45290496945381165,0.3037537634372711,-0.05244117230176926,0.9981920719146729,0.998276948928833,0.4551466703414917,0.30473092198371887,-0.0523957833647728,0.9983226656913757,0.9980929493904114,0.4566970765590668,0.3083787262439728,-0.00884107407182455,0.9960808157920837,0.9984909296035767,0.45956408977508545,0.31064581871032715,-0.09891097992658615,0.9982051253318787,0.9975188970565796,0.46298763155937195,0.3066563010215759,-0.020955532789230347,0.9960912466049194,0.9978629946708679,0.4627927541732788,0.3085407614707947,-0.046474408358335495,0.996576726436615,0.9973506927490234,0.4856148660182953,0.3337624967098236,0.047383926808834076,0.9973506331443787,0.9973229765892029,0.5001167058944702,0.32205867767333984,-0.18202650547027588,0.9985329508781433,0.9952946305274963,0.45459678769111633,0.2958218455314636,0.032968826591968536,0.6715522408485413,0.9996334314346313,0.4865376651287079,0.28128379583358765,-0.27936652302742004,0.9667788743972778,0.9988033771514893,0.4348629415035248,0.25014665722846985,-0.049624379724264145,0.7234110832214355,0.9989045858383179,0.4348301291465759,0.24908120930194855,-0.3457944989204407,0.9343653917312622,0.998711109161377,0.4255848824977875,0.2457616776227951,-0.08194643259048462,0.6513125896453857,0.9978514909744263,0.4269320070743561,0.24107280373573303,-0.4011118710041046,0.8860620260238647,0.9982399940490723,0.4257446825504303,0.24599763751029968,-0.08980563282966614,0.6437034010887146,0.9978664517402649,0.4264347553253174,0.24197228252887726,-0.39330241084098816,0.8791497349739075,0.9982337951660156,0.428705096244812,0.24948914349079132,-0.06260693073272705,0.6493865847587585,0.9983888864517212,0.4304027855396271,0.24476782977581024,-0.3477069139480591,0.867124617099762,0.9984973669052124,0.6103969812393188,0.41120320558547974,0.08447493612766266,0.9997148513793945,0.9996211528778076,0.6225470304489136,0.4131537079811096,-0.08472955226898193,0.9997189044952393,0.9996738433837891,0.6061899065971375,0.4257739186286926,0.15442250669002533,0.7975319027900696,0.9982882142066956,0.6488756537437439,0.49989843368530273,-0.05341912806034088,0.9195228815078735,0.9974015951156616,0.599385678768158,0.4299156069755554,0.25800591707229614,0.8467987775802612,0.9959161877632141,0.6570362448692322,0.573025643825531,0.051632415503263474,0.8918164968490601,0.9935804605484009,0.6045849323272705,0.4307597577571869,0.2656221091747284,0.8339150547981262,0.9931111335754395,0.6554069519042969,0.57938551902771,0.05872812867164612,0.8281387090682983,0.9885984659194946,0.5782831311225891,0.42839258909225464,0.22075960040092468,0.8476734757423401,0.9918724894523621,0.6622477173805237,0.5956714749336243,-0.04523341357707977,0.8828905820846558,0.9871260523796082
110,3740,True,0.4521607756614685,0.30358994007110596,0.0050524501129984856,0.9980762600898743,0.9936029314994812,0.45053720474243164,0.303323358297348,0.013152352534234524,0.9971846342086792,0.9909639358520508,0.45058152079582214,0.3032774031162262,0.013152167201042175,0.9963664412498474,0.9906959533691406,0.4500929117202759,0.30372896790504456,0.013112928718328476,0.9970657229423523,0.9905270338058472,0.4508487284183502,0.3039470911026001,-0.017426539212465286,0.9982702136039734,0.9910378456115723,0.45124495029449463,0.30454519391059875,-0.017571987584233284,0.9979435801506042,0.9909998774528503,0.4526043236255646,0.30522245168685913,-0.017589537426829338,0.9981052875518799,0.9907315373420715,0.4479137361049652,0.313271701335907,0.05724404752254486,0.99564129114151,0.9899786710739136,0.4588530957698822,0.31181564927101135,-0.07792972773313522,0.9980325698852539,0.9897494912147522,0.46312394738197327,0.3067609369754791,0.02678130380809307,0.9958497881889343,0.9916216135025024,0.46299073100090027,0.3085060715675354,-0.012748978100717068,0.9962789416313171,0.9920346140861511,0.4796719551086426,0.33670538663864136,0.12106360495090485,0.9968752861022949,0.9937711358070374,0.4998510181903839,0.3230856955051422,-0.19287259876728058,0.9984665513038635,0.9958118200302124,0.45823487639427185,0.29834505915641785,0.0831308513879776,0.6493954658508301,0.9991036057472229,0.4804280996322632,0.2826249897480011,-0.3026183843612671,0.9690291285514832,0.9982471466064453,0.4345005452632904,0.2501436471939087,0.001819357625208795,0.7150522470474243,0.9967811107635498,0.4361685812473297,0.24579861760139465,-0.3501671850681305,0.9379026889801025,0.9946204423904419,0.4254165291786194,0.2454366683959961,-0.025201808661222458,0.646172046661377,0.9944252967834473,0.4296203553676605,0.2384548932313919,-0.4084482491016388,0.8924636840820312,0.9912611842155457,0.4258725941181183,0.2456255853176117,-0.041787635535001755,0.6389755606651306,0.9942164421081543,0.4273749589920044,0.2376064509153366,-0.3982348144054413,0.8859104514122009,0.9912713766098022,0.4284204840660095,0.2485247105360031,-0.013838718645274639,0.6459333896636963,0.9951121211051941,0.4301392436027527,0.24230465292930603,-0.35013607144355774,0.8739679455757141,0.9926277995109558,0.6031777262687683,0.4293588697910309,0.09461413323879242,0.9996523857116699,0.9983458518981934,0.6064908504486084,0.4285160005092621,-0.09456828236579895,0.9996677041053772,0.998512327671051,0.6097041368484497,0.5031894445419312,0.1417509913444519,0.7596963047981262,0.9923380017280579,0.6519800424575806,0.5186586976051331,-0.07232130318880081,0.9138718247413635,0.9927858710289001,0.636881947517395,0.5756887793540955,0.2454174906015396,0.8112975358963013,0.9835976958274841,0.6701545119285583,0.6003343462944031,-0.010452869348227978,0.890695333480835,0.9838736653327942,0.6317663192749023,0.5873386263847351,0.2536105215549469,0.8079845905303955,0.9770293831825256,0.6563295722007751,0.6127106547355652,-0.00844347383826971,0.8244633078575134,0.9770383238792419,0.6616138219833374,0.5889225602149963,0.19075344502925873,0.8160226345062256,0.973861038684845,0.671662449836731,0.6176989674568176,-0.12428497523069382,0.8762694001197815,0.9735819697380066
111,3774,True,0.45597460865974426,0.30519962310791016,0.005995866376906633,0.9982108473777771,0.9992831349372864,0.45338019728660583,0.3042936325073242,0.011776469647884369,0.9973633289337158,0.998939573764801,0.4539799988269806,0.3044021725654602,0.01178425271064043,0.9965852499008179,0.9988967180252075,0.45384740829467773,0.3046800196170807,0.011756527237594128,0.9972560405731201,0.9988412261009216,0.45412683486938477,0.30417513847351074,-0.022144829854369164,0.9983895421028137,0.9989030361175537,0.45562300086021423,0.3047007918357849,-0.022307462990283966,0.9980809688568115,0.9988400340080261,0.4572227895259857,0.30525434017181396,-0.022321272641420364,0.9982308149337769,0.9987261891365051,0.453208327293396,0.31436243653297424,0.04769913852214813,0.9959499835968018,0.998613715171814,0.4625411033630371,0.3119034171104431,-0.1008361428976059,0.9981520771980286,0.9982951283454895,0.46545732021331787,0.3081548810005188,0.02435552328824997,0.9961532950401306,0.9981922507286072,0.46767595410346985,0.3089672923088074,-0.020120959728956223,0.9965198040008545,0.9981458187103271,0.4752681851387024,0.34257397055625916,0.10757576674222946,0.9967139363288879,0.9968453049659729,0.5100697875022888,0.3242681324481964,-0.20362313091754913,0.9983945488929749,0.9965705871582031,0.44962459802627563,0.299470454454422,0.12960554659366608,0.6294530034065247,0.9992249011993408,0.48549583554267883,0.2800902724266052,-0.3300088346004486,0.9711106419563293,0.9983021020889282,0.43605682253837585,0.2499670535326004,0.09423989057540894,0.7066284418106079,0.9967607855796814,0.4411981403827667,0.24315910041332245,-0.38532859086990356,0.9412185549736023,0.9937577247619629,0.42729949951171875,0.2449367791414261,0.07863243669271469,0.6441093683242798,0.9944739937782288,0.4338011145591736,0.2357771396636963,-0.44719788432121277,0.8985515236854553,0.9901394248008728,0.42735159397125244,0.2451845407485962,0.050435714423656464,0.6376628875732422,0.9942552447319031,0.43226972222328186,0.23573975265026093,-0.43377983570098877,0.8923649787902832,0.9906784296035767,0.4298085570335388,0.24804899096488953,0.07620205730199814,0.6458703875541687,0.9951661825180054,0.43415990471839905,0.23888392746448517,-0.3852911591529846,0.8803773522377014,0.9920088052749634,0.593169093132019,0.4437727928161621,0.09679167717695236,0.9996170997619629,0.9990735054016113,0.6016444563865662,0.43939581513404846,-0.09671389311552048,0.9996311664581299,0.9991149306297302,0.6195443272590637,0.5235910415649414,0.15298226475715637,0.7443732023239136,0.9965811371803284,0.6505785584449768,0.5279698371887207,-0.07124562561511993,0.9168662428855896,0.9959350824356079,0.6396161317825317,0.5888875722885132,0.2692764401435852,0.8022347092628479,0.9923912882804871,0.6707096695899963,0.6018888354301453,0.012206868268549442,0.8955426812171936,0.9931641221046448,0.6319785118103027,0.599616527557373,0.2785680592060089,0.797488272190094,0.9895137548446655,0.6584488153457642,0.6111702919006348,0.019052987918257713,0.8295072913169861,0.9910518527030945,0.6612292528152466,0.6028634309768677,0.20352555811405182,0.8066507577896118,0.9871950745582581,0.6718764305114746,0.6240127086639404,-0.07659032940864563,0.877947211265564,0.9895277619361877
112,3808,True,0.4648067355155945,0.30949562788009644,0.020850621163845062,0.9983797669410706,0.9999443292617798,0.4562244713306427,0.31050580739974976,0.024371329694986343,0.9976115226745605,0.9999170303344727,0.45442208647727966,0.31082603335380554,0.02439991943538189,0.996903657913208,0.9999120235443115,0.45549914240837097,0.31093448400497437,0.024403821676969528,0.9975137710571289,0.9999016523361206,0.4658592939376831,0.3089657425880432,-0.015272037126123905,0.9985434412956238,0.9999150037765503,0.4679369628429413,0.3090499937534332,-0.01544097252190113,0.9982638359069824,0.9999090433120728,0.4694599509239197,0.3089313805103302,-0.01543350238353014,0.9983989000320435,0.9998968839645386,0.4559789299964905,0.32049447298049927,0.050030164420604706,0.9963380098342896,0.9998874664306641,0.47197821736335754,0.31584206223487854,-0.11041799932718277,0.9983270168304443,0.9998680353164673,0.4675985872745514,0.3156341016292572,0.03630942106246948,0.9965181350708008,0.9998394250869751,0.4779198169708252,0.31405824422836304,-0.016018930822610855,0.9968458414077759,0.9998434782028198,0.46368056535720825,0.352395236492157,0.1215040385723114,0.9968964457511902,0.9995130300521851,0.5091034770011902,0.3250349462032318,-0.2518101930618286,0.9985209107398987,0.9995865225791931,0.44253888726234436,0.30310916900634766,0.18613851070404053,0.6168878674507141,0.9997884631156921,0.48862308263778687,0.2820143401622772,-0.38068658113479614,0.9735889434814453,0.9995439648628235,0.4298480153083801,0.2521965801715851,0.16202352941036224,0.7086933851242065,0.9987223744392395,0.4448835253715515,0.24099811911582947,-0.4206090569496155,0.9456276893615723,0.9973006844520569,0.42155584692955017,0.24503114819526672,0.15369129180908203,0.6519597768783569,0.9976205229759216,0.43782684206962585,0.233234241604805,-0.48371124267578125,0.9059882164001465,0.9953208565711975,0.426792174577713,0.24490010738372803,0.11850487440824509,0.6462149620056152,0.9975820779800415,0.43429434299468994,0.23432636260986328,-0.46440941095352173,0.9002028703689575,0.9958037734031677,0.42971232533454895,0.2477562427520752,0.1416238695383072,0.6548917293548584,0.9980418682098389,0.43679869174957275,0.23818762600421906,-0.4179021716117859,0.8885445594787598,0.996473491191864,0.574077844619751,0.45197176933288574,0.12410775572061539,0.999619722366333,0.9996352195739746,0.5980527400970459,0.4467012882232666,-0.12389581650495529,0.9996447563171387,0.9996930360794067,0.6076164245605469,0.5261369943618774,0.20277923345565796,0.7265497446060181,0.9987615346908569,0.6471349000930786,0.5298377275466919,-0.07501570880413055,0.9228355288505554,0.9989301562309265,0.6313623785972595,0.5895184278488159,0.3405858874320984,0.7951505184173584,0.9972190856933594,0.6694721579551697,0.6052167415618896,0.020182698965072632,0.903259813785553,0.9973636269569397,0.6262789964675903,0.6010647416114807,0.35264483094215393,0.7951260209083557,0.9961269497871399,0.6603625416755676,0.6209616661071777,0.02716744691133499,0.8407163619995117,0.9963552951812744,0.6552026271820068,0.5996474623680115,0.2897440493106842,0.8010097742080688,0.9953311085700989,0.6726767420768738,0.6287469863891602,-0.07592765241861343,0.8845182061195374,0.9952846169471741
