frame,timestamp_ms,pose_detected,lm_0_x,lm_0_y,lm_0_z,lm_0_visibility,lm_0_presence,lm_1_x,lm_1_y,lm_1_z,lm_1_visibility,lm_1_presence,lm_2_x,lm_2_y,lm_2_z,lm_2_visibility,lm_2_presence,lm_3_x,lm_3_y,lm_3_z,lm_3_visibility,lm_3_presence,lm_4_x,lm_4_y,lm_4_z,lm_4_visibility,lm_4_presence,lm_5_x,lm_5_y,lm_5_z,lm_5_visibility,lm_5_presence,lm_6_x,lm_6_y,lm_6_z,lm_6_visibility,lm_6_presence,lm_7_x,lm_7_y,lm_7_z,lm_7_visibility,lm_7_presence,lm_8_x,lm_8_y,lm_8_z,lm_8_visibility,lm_8_presence,lm_9_x,lm_9_y,lm_9_z,lm_9_visibility,lm_9_presence,lm_10_x,lm_10_y,lm_10_z,lm_10_visibility,lm_10_presence,lm_11_x,lm_11_y,lm_11_z,lm_11_visibility,lm_11_presence,lm_12_x,lm_12_y,lm_12_z,lm_12_visibility,lm_12_presence,lm_13_x,lm_13_y,lm_13_z,lm_13_visibility,lm_13_presence,lm_14_x,lm_14_y,lm_14_z,lm_14_visibility,lm_14_presence,lm_15_x,lm_15_y,lm_15_z,lm_15_visibility,lm_15_presence,lm_16_x,lm_16_y,lm_16_z,lm_16_visibility,lm_16_presence,lm_17_x,lm_17_y,lm_17_z,lm_17_visibility,lm_17_presence,lm_18_x,lm_18_y,lm_18_z,lm_18_visibility,lm_18_presence,lm_19_x,lm_19_y,lm_19_z,lm_19_visibility,lm_19_presence,lm_20_x,lm_20_y,lm_20_z,lm_20_visibility,lm_20_presence,lm_21_x,lm_21_y,lm_21_z,lm_21_visibility,lm_21_presence,lm_22_x,lm_22_y,lm_22_z,lm_22_visibility,lm_22_presence,lm_23_x,lm_23_y,lm_23_z,lm_23_visibility,lm_23_presence,lm_24_x,lm_24_y,lm_24_z,lm_24_visibility,lm_24_presence,lm_25_x,lm_25_y,lm_25_z,lm_25_visibility,lm_25_presence,lm_26_x,lm_26_y,lm_26_z,lm_26_visibility,lm_26_presence,lm_27_x,lm_27_y,lm_27_z,lm_27_visibility,lm_27_presence,lm_28_x,lm_28_y,lm_28_z,lm_28_visibility,lm_28_presence,lm_29_x,lm_29_y,lm_29_z,lm_29_visibility,lm_29_presence,lm_30_x,lm_30_y,lm_30_z,lm_30_visibility,lm_30_presence,lm_31_x,lm_31_y,lm_31_z,lm_31_visibility,lm_31_presence,lm_32_x,lm_32_y,lm_32_z,lm_32_visibility,lm_32_presence
0,0,True,0.4683697521686554,0.49584633111953735,0.7662046551704407,0.9988433122634888,0.9999997615814209,0.4635277986526489,0.4909875988960266,0.7470895648002625,0.9988346695899963,0.9999996423721313,0.45833268761634827,0.49049490690231323,0.7470664381980896,0.9986909031867981,0.9999996423721313,0.4531828463077545,0.49008435010910034,0.7472937107086182,0.9987554550170898,0.9999996423721313,0.4759088158607483,0.4916749596595764,0.7488766312599182,0.9984667301177979,0.9999992847442627,0.48072323203086853,0.49165478348731995,0.7487296462059021,0.998150110244751,0.9999990463256836,0.48519930243492126,0.49168580770492554,0.7488650679588318,0.9980825185775757,0.9999988079071045,0.4465911388397217,0.4933701157569885,0.6277245879173279,0.9981663823127747,0.9999995231628418,0.48998400568962097,0.4951992928981781,0.6337913870811462,0.9976340532302856,0.9999977350234985,0.4605286121368408,0.4995536208152771,0.7210823893547058,0.9973528385162354,0.9999990463256836,0.474638968706131,0.5001966953277588,0.7232300639152527,0.997370719909668,0.9999984502792358,0.38848263025283813,0.528018057346344,0.4728947579860687,0.999976396560669,0.9999953508377075,0.5368905663490295,0.5304524302482605,0.4306756854057312,0.9998769760131836,0.999971866607666,0.31887030601501465,0.5692750215530396,0.38251546025276184,0.9885302186012268,0.9999854564666748,0.5920832753181458,0.5713633298873901,0.3678925037384033,0.9776008129119873,0.9999487400054932,0.2614789605140686,0.611222505569458,0.3715035021305084,0.9335058927536011,0.9999380111694336,0.6381468772888184,0.6094509363174438,0.43443650007247925,0.9129602313041687,0.9998019337654114,0.24316586554050446,0.6183087825775146,0.3683052361011505,0.876559317111969,0.9998869895935059,0.6621272563934326,0.6168322563171387,0.4315374493598938,0.8602140545845032,0.9997004270553589,0.2505677044391632,0.6187847852706909,0.3722604215145111,0.8629773259162903,0.9998866319656372,0.6542437672615051,0.6167716979980469,0.4465155303478241,0.8431277275085449,0.999700665473938,0.2597726583480835,0.6152071356773376,0.37611034512519836,0.8228753209114075,0.9999165534973145,0.6464945673942566,0.6151561141014099,0.44164836406707764,0.7941585779190063,0.9997636675834656,0.40620654821395874,0.6392475366592407,0.009276936762034893,0.9998782873153687,0.9999831914901733,0.4834749400615692,0.6404953002929688,-0.009605545550584793,0.9998310804367065,0.9999728202819824,0.3909411132335663,0.7289854288101196,-0.04884082078933716,0.9606198668479919,0.9998512268066406,0.47608307003974915,0.7327948212623596,-0.027230819687247276,0.9650881290435791,0.9998472929000854,0.4070211946964264,0.815421462059021,-0.16646485030651093,0.9364939332008362,0.9999314546585083,0.44959667325019836,0.8301299810409546,-0.19276374578475952,0.9690204858779907,0.9998581409454346,0.408994197845459,0.8331977725028992,-0.1856277883052826,0.9727098345756531,0.9999082088470459,0.4463568329811096,0.851141095161438,-0.2196485996246338,0.9807121753692627,0.9997873902320862,0.39870956540107727,0.8381279110908508,-0.2559175491333008,0.7965555191040039,0.9998800754547119,0.4545857310295105,0.8511255979537964,-0.30387523770332336,0.9000210165977478,0.9997212290763855
1,34,True,0.46757808327674866,0.4958457946777344,0.6603564620018005,0.9988946318626404,0.9999994039535522,0.4618857800960541,0.4906902313232422,0.6331557631492615,0.9988961815834045,0.9999991655349731,0.4569718539714813,0.49009981751441956,0.6331350803375244,0.9987607598304749,0.9999991655349731,0.4519343376159668,0.4895487427711487,0.6333385109901428,0.9988210797309875,0.9999991655349731,0.4753904640674591,0.4916318356990814,0.6349620819091797,0.9985546469688416,0.9999986886978149,0.4802141487598419,0.49163466691970825,0.6348153948783875,0.9982593655586243,0.9999983310699463,0.4847014844417572,0.4916677474975586,0.6349599361419678,0.9981933236122131,0.9999979734420776,0.4465203881263733,0.4929835796356201,0.503425121307373,0.9982796311378479,0.999998927116394,0.48931464552879333,0.49488919973373413,0.509745717048645,0.9977633357048035,0.9999970197677612,0.45973366498947144,0.4996700882911682,0.6146717667579651,0.9974653720855713,0.9999980926513672,0.47404181957244873,0.5003484487533569,0.6167166829109192,0.9974701404571533,0.9999971389770508,0.3890867829322815,0.5280252695083618,0.3784000277519226,0.9999758005142212,0.9999896287918091,0.5352613925933838,0.5303211212158203,0.3419552147388458,0.9998817443847656,0.9999747276306152,0.31737977266311646,0.566254198551178,0.35886913537979126,0.9881312251091003,0.9999557733535767,0.5973309278488159,0.5676888227462769,0.31093189120292664,0.9784029722213745,0.9999395608901978,0.26025912165641785,0.6023019552230835,0.4067775309085846,0.9316421747207642,0.9998559951782227,0.6409499645233154,0.5971106290817261,0.3815164268016815,0.9154499769210815,0.9997518658638,0.24182435870170593,0.6087239384651184,0.41713154315948486,0.8737639784812927,0.9997509121894836,0.6652580499649048,0.6041327714920044,0.38642042875289917,0.8638729453086853,0.9995779395103455,0.24637371301651,0.6090379953384399,0.41689440608024597,0.8599328398704529,0.9997486472129822,0.6552028059959412,0.603100597858429,0.3995053172111511,0.8472744822502136,0.999581515789032,0.25557219982147217,0.6059483885765076,0.4126027822494507,0.81914883852005,0.9998125433921814,0.6465478539466858,0.6010982990264893,0.38966307044029236,0.7993431687355042,0.9996767044067383,0.4064505696296692,0.6386538743972778,0.009576837532222271,0.9998782277107239,0.9999605417251587,0.48345428705215454,0.640148937702179,-0.00993655901402235,0.9998364448547363,0.9999604225158691,0.39113736152648926,0.7285068035125732,-0.03594191372394562,0.9597756862640381,0.9997684359550476,0.47765088081359863,0.732077419757843,-0.023009376600384712,0.9655474424362183,0.9998462200164795,0.4062764346599579,0.8157480359077454,-0.11522669345140457,0.9376398921012878,0.9998595714569092,0.45383313298225403,0.8301293253898621,-0.15609130263328552,0.9701625108718872,0.9997959733009338,0.40658077597618103,0.8305543661117554,-0.1274012178182602,0.9724034667015076,0.9998077750205994,0.4467511773109436,0.84564608335495,-0.173862487077713,0.9811573624610901,0.9996744394302368,0.39690130949020386,0.8378462791442871,-0.19094865024089813,0.8017926812171936,0.9997544884681702,0.45803961157798767,0.8500066995620728,-0.24787813425064087,0.9039177298545837,0.999539852142334
2,68,True,0.46756064891815186,0.4957677721977234,0.6401907205581665,0.998936653137207,0.9999984502792358,0.4620029926300049,0.49029120802879333,0.6103277206420898,0.9989498257637024,0.9999979734420776,0.4572004973888397,0.4895241856575012,0.6102954149246216,0.9988226294517517,0.9999980926513672,0.4523018002510071,0.4887720048427582,0.610459566116333,0.9988776445388794,0.9999980926513672,0.47579261660575867,0.4915384352207184,0.6126863956451416,0.998629629611969,0.9999967813491821,0.4804016947746277,0.49155744910240173,0.6125169992446899,0.9983542561531067,0.9999960660934448,0.4848968982696533,0.4915870726108551,0.6126465797424316,0.998288094997406,0.999995231628418,0.4469577670097351,0.49140071868896484,0.4761083722114563,0.9983819127082825,0.9999977350234985,0.48925912380218506,0.4943430423736572,0.48469340801239014,0.9978843927383423,0.9999933242797852,0.4596402049064636,0.499607652425766,0.5935541391372681,0.9975396990776062,0.9999958276748657,0.47404229640960693,0.5003491640090942,0.5964574217796326,0.9975457191467285,0.9999939203262329,0.3901645541191101,0.5278144478797913,0.3471619784832001,0.999972939491272,0.9999828338623047,0.5329859256744385,0.5295306444168091,0.3199516236782074,0.9998796582221985,0.9999566078186035,0.31628772616386414,0.5601590871810913,0.3189172148704529,0.9876339435577393,0.999940037727356,0.59708172082901,0.5561142563819885,0.2902984619140625,0.9789518117904663,0.9999209642410278,0.2600514590740204,0.5910435914993286,0.3824843168258667,0.9266926646232605,0.9997690320014954,0.6434496641159058,0.5761834383010864,0.3709557056427002,0.9160587787628174,0.999674916267395,0.2410838007926941,0.5988057255744934,0.404281884431839,0.8669458031654358,0.9996376037597656,0.6661045551300049,0.5831851363182068,0.3767704367637634,0.8653910756111145,0.9994971752166748,0.24520772695541382,0.5992735624313354,0.3972231447696686,0.852562427520752,0.9996293783187866,0.6574543714523315,0.5810369849205017,0.39128485321998596,0.8491815328598022,0.999491810798645,0.2546122670173645,0.5974802374839783,0.38830694556236267,0.8102256655693054,0.9997033476829529,0.6503832936286926,0.5793946385383606,0.3798517882823944,0.8013907074928284,0.9995802044868469,0.40582185983657837,0.6377357840538025,0.007885008119046688,0.9998785257339478,0.9999576807022095,0.4828648567199707,0.6396947503089905,-0.00833724346011877,0.9998419284820557,0.9999525547027588,0.39212852716445923,0.728508472442627,-0.02389555051922798,0.9602473378181458,0.9997525811195374,0.47707048058509827,0.7320184111595154,0.003453237470239401,0.9663777947425842,0.999819815158844,0.40583330392837524,0.8164466023445129,-0.09974715113639832,0.9399586915969849,0.9998571872711182,0.4540523886680603,0.8297544717788696,-0.11813759058713913,0.9715769290924072,0.99981290102005,0.4056137502193451,0.8295704126358032,-0.11037437617778778,0.9728417992591858,0.9998008608818054,0.44668692350387573,0.8425998687744141,-0.13431726396083832,0.9818244576454163,0.999703586101532,0.3952736258506775,0.8374667167663574,-0.17135094106197357,0.8076766729354858,0.9997616410255432,0.4610178768634796,0.8493692278862,-0.20440737903118134,0.9073993563652039,0.9995995163917542
3,102,True,0.4677160978317261,0.4956241250038147,0.6310059428215027,0.9989180564880371,0.9999970197677612,0.4620371460914612,0.4896954894065857,0.5997726917266846,0.9989578723907471,0.9999961853027344,0.4572589099407196,0.4887886047363281,0.5997206568717957,0.9988366961479187,0.9999964237213135,0.45239993929862976,0.4878969192504883,0.5998594164848328,0.9988865852355957,0.9999966621398926,0.4762958884239197,0.49126800894737244,0.604358971118927,0.9986427426338196,0.9999935626983643,0.48096585273742676,0.49132028222084045,0.6041921973228455,0.9983793497085571,0.9999922513961792,0.4853031635284424,0.49134182929992676,0.604320764541626,0.998305082321167,0.9999904632568359,0.4471397399902344,0.48998409509658813,0.46255791187286377,0.9984295964241028,0.9999961853027344,0.4892439544200897,0.49378466606140137,0.4803111255168915,0.9979196190834045,0.9999862909317017,0.4594194293022156,0.4994208812713623,0.5832601189613342,0.9974468350410461,0.9999920129776001,0.4740528166294098,0.500318706035614,0.5889288783073425,0.9974589943885803,0.9999878406524658,0.390993595123291,0.5272663235664368,0.3265048861503601,0.9999680519104004,0.9999715089797974,0.531575620174408,0.5290014743804932,0.32698413729667664,0.999857485294342,0.9998912811279297,0.314932644367218,0.5545440912246704,0.28817835450172424,0.9878401756286621,0.9999099969863892,0.6050165295600891,0.549129843711853,0.30511367321014404,0.978811502456665,0.999830961227417,0.25871965289115906,0.5749189257621765,0.3419157564640045,0.9258193969726562,0.9996414184570312,0.6479116678237915,0.559833288192749,0.38741305470466614,0.9152859449386597,0.9993768334388733,0.2382412850856781,0.5786603689193726,0.3534979224205017,0.8658348321914673,0.999455988407135,0.6712639927864075,0.5616487860679626,0.387048602104187,0.8654278516769409,0.9991291165351868,0.24321025609970093,0.5767145752906799,0.35378333926200867,0.8512320518493652,0.9994346499443054,0.6629129648208618,0.5585989356040955,0.40146124362945557,0.8495140075683594,0.9991176724433899,0.2512352764606476,0.5762958526611328,0.3487856686115265,0.8080575466156006,0.9995428323745728,0.6547438502311707,0.558055579662323,0.39558008313179016,0.801603376865387,0.9992423057556152,0.40534618496894836,0.636671245098114,-0.0016703552100807428,0.9998722076416016,0.9999265670776367,0.48233523964881897,0.639019787311554,0.0010791734093800187,0.9998353123664856,0.9998947381973267,0.3923672139644623,0.7285060286521912,-0.027642546221613884,0.9612295627593994,0.9996211528778076,0.47680220007896423,0.7319796085357666,0.022088199853897095,0.9664387702941895,0.9996304512023926,0.4031045734882355,0.8170188069343567,-0.10999807715415955,0.942690908908844,0.9997676014900208,0.4560718536376953,0.8286253809928894,-0.08989971876144409,0.9725788235664368,0.9996856451034546,0.40443259477615356,0.8297122716903687,-0.12043984979391098,0.9733309149742126,0.9996808767318726,0.44695714116096497,0.839860737323761,-0.10481306910514832,0.9821768403053284,0.999523401260376,0.39308226108551025,0.838100790977478,-0.18535810708999634,0.8139004707336426,0.9996114373207092,0.4607601463794708,0.8487048149108887,-0.17558307945728302,0.9095563888549805,0.9993709921836853
4,136,True,0.46777141094207764,0.4954838156700134,0.5808637142181396,0.9988890886306763,0.9999943971633911,0.46207740902900696,0.4893108308315277,0.54722660779953,0.9989697933197021,0.999992847442627,0.45733633637428284,0.48834237456321716,0.5471447706222534,0.9988567233085632,0.9999934434890747,0.45251065492630005,0.4873858392238617,0.5472244024276733,0.9989009499549866,0.9999936819076538,0.4764311611652374,0.491067498922348,0.5498058795928955,0.9986629486083984,0.9999885559082031,0.4810546040534973,0.49114981293678284,0.5496266484260559,0.9984129071235657,0.9999866485595703,0.4853307604789734,0.49117106199264526,0.5497310161590576,0.9983311295509338,0.9999841451644897,0.4472430646419525,0.4893578886985779,0.4107074439525604,0.9984897971153259,0.9999938011169434,0.48908957839012146,0.4934352934360504,0.41845613718032837,0.9979693293571472,0.9999806880950928,0.45936229825019836,0.49930375814437866,0.5348643660545349,0.9973249435424805,0.9999849796295166,0.4740487337112427,0.500285267829895,0.5377123355865479,0.9973405599594116,0.9999785423278809,0.3919201195240021,0.5266867280006409,0.29591798782348633,0.9999613165855408,0.999944806098938,0.5300518274307251,0.5284362435340881,0.28010445833206177,0.9998257160186768,0.9998303651809692,0.31321290135383606,0.5507847666740417,0.31042641401290894,0.9867085218429565,0.9997851252555847,0.6070859432220459,0.5431104302406311,0.3048206567764282,0.9770062565803528,0.9996911287307739,0.25876691937446594,0.5631520748138428,0.4088165760040283,0.9176154732704163,0.999210000038147,0.6461992263793945,0.5425761938095093,0.43487125635147095,0.9094535708427429,0.9989350438117981,0.2383432239294052,0.5657398700714111,0.4338088631629944,0.856093168258667,0.9988969564437866,0.664135217666626,0.5417769551277161,0.4527181386947632,0.8603045344352722,0.9985478520393372,0.24344226717948914,0.5642697215080261,0.42653051018714905,0.84091717004776,0.9987983703613281,0.6557154059410095,0.539650022983551,0.46497857570648193,0.8444178104400635,0.9984856247901917,0.251483291387558,0.5642329454421997,0.41448983550071716,0.7962728142738342,0.9990166425704956,0.6504408717155457,0.5399117469787598,0.4451235830783844,0.7960700392723083,0.9986905455589294,0.4040828347206116,0.6356441378593445,-0.002066435059532523,0.9998631477355957,0.9998717308044434,0.4812409579753876,0.6383192539215088,0.0014395990874618292,0.9998233914375305,0.9998182654380798,0.3920944929122925,0.7290443778038025,-0.022537577897310257,0.9618814587593079,0.9994909763336182,0.4764590859413147,0.7319082617759705,0.025921011343598366,0.9661011695861816,0.9994974136352539,0.3990876078605652,0.8180510401725769,-0.10051927715539932,0.9460539221763611,0.9996820688247681,0.4570014476776123,0.8284018635749817,-0.06817265599966049,0.9737856388092041,0.9996263980865479,0.4000735282897949,0.8303611874580383,-0.10802732408046722,0.9738141298294067,0.9995891451835632,0.4477982819080353,0.8389196395874023,-0.07924947142601013,0.9823912978172302,0.9994603991508484,0.3822851777076721,0.8381247520446777,-0.17709366977214813,0.8231956362724304,0.999459445476532,0.46266111731529236,0.847529411315918,-0.15114334225654602,0.913197934627533,0.999247670173645
5,170,True,0.46778789162635803,0.4951997697353363,0.5867752432823181,0.998927116394043,0.9999970197677612,0.4620956778526306,0.48885971307754517,0.5543040037155151,0.9990277886390686,0.9999963045120239,0.457346647977829,0.48787516355514526,0.5542186498641968,0.9989235997200012,0.999996542930603,0.4525170624256134,0.48690614104270935,0.5542994141578674,0.9989640116691589,0.9999966621398926,0.4764624834060669,0.4908156991004944,0.5549683570861816,0.9987420439720154,0.9999942779541016,0.48105481266975403,0.490955114364624,0.5547786951065063,0.9985104203224182,0.9999933242797852,0.4853323996067047,0.49101966619491577,0.5548843145370483,0.9984309673309326,0.9999922513961792,0.44724392890930176,0.4890555441379547,0.42092567682266235,0.9985981583595276,0.9999969005584717,0.4889620542526245,0.4932566285133362,0.4202813506126404,0.9981023669242859,0.9999912977218628,0.459198921918869,0.49907130002975464,0.542003333568573,0.9973886609077454,0.999990701675415,0.4740268588066101,0.5001745223999023,0.5422460436820984,0.9974019527435303,0.9999873638153076,0.39228618144989014,0.5263702869415283,0.3138289749622345,0.9999569058418274,0.9999494552612305,0.5272974967956543,0.5278044939041138,0.2773231863975525,0.9998160600662231,0.999891996383667,0.31327545642852783,0.5475086569786072,0.3370797336101532,0.9845569133758545,0.9997885823249817,0.606692373752594,0.5364584922790527,0.31188198924064636,0.9755626916885376,0.9997655749320984,0.2616838216781616,0.5563169717788696,0.4735274016857147,0.9054679870605469,0.9993720650672913,0.6372619867324829,0.5295355916023254,0.49803826212882996,0.9038286209106445,0.999176561832428,0.239044189453125,0.5572876930236816,0.504241943359375,0.8421383500099182,0.9991515874862671,0.6524287462234497,0.5284828543663025,0.5230704545974731,0.8554978370666504,0.9988401532173157,0.24421927332878113,0.555648922920227,0.49596282839775085,0.8263095021247864,0.9990678429603577,0.6418161988258362,0.5266126394271851,0.536133348941803,0.8395264148712158,0.9987727999687195,0.25253790616989136,0.5558005571365356,0.47883856296539307,0.7802923321723938,0.9992478489875793,0.6377690434455872,0.5270839929580688,0.5098867416381836,0.7911741137504578,0.9989751577377319,0.4035913348197937,0.6348089575767517,-2.8183301765238866e-05,0.9998588562011719,0.9998822212219238,0.4804990887641907,0.6372159719467163,-0.0006857545813545585,0.9998215436935425,0.9998531341552734,0.3922569751739502,0.7294628024101257,-0.016776755452156067,0.9619787931442261,0.9995662569999695,0.4747408926486969,0.7319372892379761,0.016437821090221405,0.9662882685661316,0.9996127486228943,0.39238083362579346,0.8197541236877441,-0.10230834037065506,0.9489126801490784,0.9997268319129944,0.4568708539009094,0.828395664691925,-0.09181524813175201,0.9750074744224548,0.9996745586395264,0.3952169120311737,0.831954836845398,-0.11060895770788193,0.9742139577865601,0.9996474981307983,0.44666528701782227,0.8399136662483215,-0.10419615358114243,0.9826623201370239,0.9995245933532715,0.3798667788505554,0.8400670289993286,-0.1790652573108673,0.8318724036216736,0.9995176792144775,0.4628961682319641,0.8475656509399414,-0.17675887048244476,0.9171153903007507,0.9993083477020264
6,204,True,0.46777433156967163,0.49521198868751526,0.5565349459648132,0.9989966154098511,0.9999973773956299,0.4619663655757904,0.4888307452201843,0.5212067365646362,0.9991035461425781,0.9999970197677612,0.4572288393974304,0.4878597855567932,0.5211111903190613,0.9990096092224121,0.9999972581863403,0.45241808891296387,0.4869140088558197,0.5211727023124695,0.9990462064743042,0.9999973773956299,0.47644346952438354,0.490817129611969,0.5215380787849426,0.9988426566123962,0.9999953508377075,0.4810258150100708,0.49098047614097595,0.5213496685028076,0.9986317157745361,0.9999947547912598,0.48523327708244324,0.491079181432724,0.5214385390281677,0.9985577464103699,0.9999938011169434,0.44687995314598083,0.4891332983970642,0.3839629292488098,0.9987196326255798,0.9999978542327881,0.4882669150829315,0.4933452010154724,0.38231465220451355,0.9982637763023376,0.9999938011169434,0.4587794840335846,0.49921321868896484,0.5116739273071289,0.9975324869155884,0.9999914169311523,0.47386372089385986,0.500471830368042,0.511478841304779,0.9975450038909912,0.9999885559082031,0.39229506254196167,0.5263810753822327,0.28951406478881836,0.9999504089355469,0.9999426603317261,0.5227789282798767,0.5278229713439941,0.25357139110565186,0.9998087286949158,0.9998631477355957,0.312777042388916,0.547581672668457,0.3475918769836426,0.9818114638328552,0.9997701048851013,0.6043359637260437,0.5359280705451965,0.37224215269088745,0.9695462584495544,0.9995928406715393,0.2748009264469147,0.5521625280380249,0.5081481337547302,0.8851267099380493,0.9994122982025146,0.6128308773040771,0.5269997715950012,0.6508270502090454,0.8774721026420593,0.9989711046218872,0.2537112236022949,0.553026556968689,0.5474710464477539,0.8204922080039978,0.999214768409729,0.6198756098747253,0.5254879593849182,0.6921336650848389,0.830418586730957,0.9986783862113953,0.2583064138889313,0.5521722435951233,0.5338786840438843,0.8043402433395386,0.9991451501846313,0.6057700514793396,0.5227956175804138,0.6994549632072449,0.8140430450439453,0.9986146688461304,0.2670850455760956,0.5522048473358154,0.5120779275894165,0.7578059434890747,0.9993190765380859,0.6042084693908691,0.5233770608901978,0.6633368730545044,0.7654939889907837,0.9988197684288025,0.4016302824020386,0.6348875164985657,0.005365295801311731,0.9998529553413391,0.999876856803894,0.4791436195373535,0.6372156739234924,-0.006025929003953934,0.999821126461029,0.9998289346694946,0.3922172486782074,0.7305634617805481,-0.001030749874189496,0.9622710943222046,0.9995717406272888,0.473370224237442,0.7325080633163452,0.013767901808023453,0.9674838185310364,0.9995898604393005,0.38350847363471985,0.8213575482368469,-0.0907667800784111,0.9519789218902588,0.9996657371520996,0.45691171288490295,0.8284149169921875,-0.09636155515909195,0.9764418601989746,0.9995632767677307,0.38291481137275696,0.8353585004806519,-0.09747795760631561,0.9749456644058228,0.9995865225791931,0.44527363777160645,0.8404420018196106,-0.10734043270349503,0.9831750392913818,0.9993840456008911,0.37548506259918213,0.8401325941085815,-0.15194733440876007,0.8407156467437744,0.9994450211524963,0.46388545632362366,0.8473564982414246,-0.17105451226234436,0.9208531975746155,0.999118983745575
7,238,True,0.4677737057209015,0.49763473868370056,0.5822627544403076,0.9990872740745544,0.9999988079071045,0.4619770348072052,0.4908823072910309,0.5428309440612793,0.9991875290870667,0.9999984502792358,0.4571755826473236,0.48989707231521606,0.5427408218383789,0.9991031289100647,0.9999984502792358,0.4523526132106781,0.4889969229698181,0.5428416132926941,0.9991357326507568,0.9999984502792358,0.47642233967781067,0.49269407987594604,0.5435900092124939,0.9989525675773621,0.9999978542327881,0.4809079170227051,0.49286675453186035,0.5434012413024902,0.9987626075744629,0.9999977350234985,0.48500174283981323,0.49298304319381714,0.5434715747833252,0.9986954927444458,0.9999973773956299,0.4465889036655426,0.49175769090652466,0.39002180099487305,0.9988433122634888,0.9999986886978149,0.48757943511009216,0.49552279710769653,0.3912690579891205,0.9984320402145386,0.999997615814209,0.4587704539299011,0.5022470951080322,0.5329254865646362,0.9977540373802185,0.9999959468841553,0.4735128581523895,0.503189206123352,0.5336713790893555,0.9977672100067139,0.9999955892562866,0.39223212003707886,0.5290787816047668,0.27688533067703247,0.9999480843544006,0.9999464750289917,0.5225251317024231,0.5306190848350525,0.2537916898727417,0.9998197555541992,0.9999271631240845,0.3113347887992859,0.5493184924125671,0.39705708622932434,0.9755818843841553,0.9998151659965515,0.5981168746948242,0.5380469560623169,0.40862786769866943,0.9645156860351562,0.9997358918190002,0.29131773114204407,0.5554872751235962,0.6503700017929077,0.8283051252365112,0.9997710585594177,0.5768361687660217,0.5402518510818481,0.7195137739181519,0.825512170791626,0.9995550513267517,0.27672499418258667,0.5568227767944336,0.7035089135169983,0.764299750328064,0.9997231364250183,0.5782878398895264,0.539366602897644,0.7697011232376099,0.7812327146530151,0.9994544386863708,0.28690284490585327,0.5543687343597412,0.6901651620864868,0.7485118508338928,0.9997290968894958,0.5647700428962708,0.5371668934822083,0.7667926549911499,0.7652015686035156,0.9994675517082214,0.2910830080509186,0.5546067953109741,0.6570322513580322,0.7049758434295654,0.9997698664665222,0.5639694333076477,0.5373977422714233,0.7282315492630005,0.7183969020843506,0.9995357990264893,0.40031182765960693,0.6374567151069641,0.008090884424746037,0.9998583793640137,0.9999266862869263,0.47698140144348145,0.6389617323875427,-0.008535144850611687,0.9998338222503662,0.9999105930328369,0.3908362090587616,0.7334007024765015,0.03060358576476574,0.9650164246559143,0.9998082518577576,0.47216516733169556,0.7334980368614197,0.04245686158537865,0.9703404903411865,0.9997997879981995,0.37553247809410095,0.8233827352523804,-0.08255159109830856,0.9559928774833679,0.9997408986091614,0.45635735988616943,0.8292409777641296,-0.08700854331254959,0.9784519672393799,0.9996395111083984,0.3753170371055603,0.8373190760612488,-0.09099684655666351,0.9768236875534058,0.9996733665466309,0.44181951880455017,0.8409441113471985,-0.09795602411031723,0.9844707250595093,0.9994720816612244,0.37167710065841675,0.8402931094169617,-0.11448471248149872,0.8497399091720581,0.9996094107627869,0.4637058675289154,0.8474116325378418,-0.13279873132705688,0.9245274066925049,0.9993306398391724
8,272,True,0.4671274721622467,0.5012030601501465,0.5675901770591736,0.9991748929023743,0.9999994039535522,0.4609731137752533,0.4938116669654846,0.5260145664215088,0.9992666244506836,0.9999992847442627,0.4561755657196045,0.49292415380477905,0.5259485840797424,0.9991906881332397,0.9999992847442627,0.45135003328323364,0.4920584559440613,0.5261011719703674,0.9992198348045349,0.9999992847442627,0.4755129814147949,0.495760440826416,0.523314893245697,0.9990552663803101,0.9999990463256836,0.4798148274421692,0.4960169196128845,0.5231211185455322,0.9988842606544495,0.9999990463256836,0.4840949475765228,0.49617233872413635,0.5231553316116333,0.9988236427307129,0.999998927116394,0.4450119137763977,0.49496936798095703,0.37293606996536255,0.998957097530365,0.9999994039535522,0.4861716330051422,0.4986588954925537,0.35955438017845154,0.998586893081665,0.9999990463256836,0.45785972476005554,0.5061835050582886,0.5186489820480347,0.9979700446128845,0.9999980926513672,0.4723365306854248,0.5073478817939758,0.5153287053108215,0.9979824423789978,0.9999979734420776,0.38951894640922546,0.5337890386581421,0.26940467953681946,0.9999496936798096,0.9999744892120361,0.5205814242362976,0.5348371267318726,0.21206611394882202,0.9998354911804199,0.9999785423278809,0.31128230690956116,0.5668066143989563,0.39243283867836,0.9707675576210022,0.9998641014099121,0.5808475017547607,0.564757227897644,0.38742202520370483,0.9648686647415161,0.9998815059661865,0.29285743832588196,0.5666933059692383,0.6146726608276367,0.7789667248725891,0.9998393058776855,0.5709083676338196,0.5693742036819458,0.68034827709198,0.7927690148353577,0.9998308420181274,0.2821936011314392,0.5638959407806396,0.6677678823471069,0.7135645747184753,0.9998005032539368,0.5728933811187744,0.571161150932312,0.7305330038070679,0.7464571595191956,0.9997848868370056,0.2888246774673462,0.5615366697311401,0.6547785997390747,0.6980939507484436,0.9998070597648621,0.5608566999435425,0.5690226554870605,0.7291951775550842,0.730070948600769,0.9997923970222473,0.29400634765625,0.5643840432167053,0.6205565333366394,0.6573061943054199,0.9998363256454468,0.5603241324424744,0.5683528184890747,0.6906850934028625,0.6838130354881287,0.99982088804245,0.39787134528160095,0.6412411332130432,0.023570111021399498,0.99986732006073,0.999954342842102,0.47341957688331604,0.6415976881980896,-0.02385641261935234,0.9998480677604675,0.9999606609344482,0.3890322744846344,0.7357369065284729,0.06037646904587746,0.9674715995788574,0.9998815059661865,0.4704288840293884,0.7348563075065613,0.03630129620432854,0.9730849266052246,0.999895453453064,0.36854782700538635,0.8245685696601868,-0.05710610747337341,0.9596922397613525,0.9998466968536377,0.4563005566596985,0.8293020129203796,-0.09522854536771774,0.9803549647331238,0.9998077750205994,0.3668924868106842,0.8390241861343384,-0.06679193675518036,0.9786015152931213,0.9997956156730652,0.438982218503952,0.8415082693099976,-0.10663953423500061,0.9857377409934998,0.9997093081474304,0.36635643243789673,0.840872585773468,-0.08378424495458603,0.8573000431060791,0.9997603297233582,0.4651552438735962,0.8474524617195129,-0.13949786126613617,0.9279891848564148,0.9996410608291626
9,306,True,0.4670804738998413,0.5069311261177063,0.6618399024009705,0.9992563128471375,0.9999998807907104,0.46099352836608887,0.499687135219574,0.6334351897239685,0.9993389844894409,0.9999998807907104,0.4562147259712219,0.49885210394859314,0.6334032416343689,0.9992706179618835,0.9999998807907104,0.4513675570487976,0.4979652464389801,0.6336543560028076,0.9992968440055847,0.9999998807907104,0.4753655195236206,0.5015823245048523,0.6236611008644104,0.9991487264633179,0.9999998807907104,0.47954070568084717,0.5019075274467468,0.623451292514801,0.998994767665863,0.9999998807907104,0.4836508333683014,0.5020878911018372,0.6235032677650452,0.998940110206604,0.9999998807907104,0.4450215995311737,0.5009703040122986,0.5049679279327393,0.999060332775116,0.9999998807907104,0.48562392592430115,0.5048620700836182,0.4579031765460968,0.9987271428108215,0.9999997615814209,0.4578312039375305,0.5119227766990662,0.6175512671470642,0.9981706142425537,0.9999997615814209,0.47201138734817505,0.5134562253952026,0.6051679253578186,0.9981816411018372,0.9999997615814209,0.3863019645214081,0.5408162474632263,0.37747302651405334,0.9999535083770752,0.9999964237213135,0.5210766196250916,0.5429791212081909,0.24004241824150085,0.9998511075973511,0.9999948740005493,0.31776511669158936,0.5877557992935181,0.42110660672187805,0.9681970477104187,0.9999775886535645,0.5602527856826782,0.5930286645889282,0.3463578224182129,0.9674397110939026,0.9999759197235107,0.2960224449634552,0.6055244207382202,0.5557591915130615,0.7471950054168701,0.9999765157699585,0.5666236281394958,0.6106893420219421,0.6102593541145325,0.7890689373016357,0.9999634027481079,0.28498852252960205,0.6117669343948364,0.5900281071662903,0.6770552396774292,0.9999662637710571,0.5735433101654053,0.6186250448226929,0.6420844793319702,0.7373189926147461,0.9999450445175171,0.2928207516670227,0.6114175319671631,0.5829706788063049,0.6613081693649292,0.9999712705612183,0.56382155418396,0.6163593530654907,0.6431601047515869,0.7202044725418091,0.9999525547027588,0.2975965142250061,0.610568106174469,0.5604813098907471,0.62240070104599,0.9999765157699585,0.5622368454933167,0.6112789511680603,0.6199650764465332,0.6729490160942078,0.9999622106552124,0.3956606090068817,0.6464164853096008,0.04051339253783226,0.9998785257339478,0.9999912977218628,0.4704303741455078,0.6471623778343201,-0.040550630539655685,0.9998623132705688,0.9999926090240479,0.3890170156955719,0.7381218671798706,0.06416671723127365,0.9701774716377258,0.9999672174453735,0.4692482054233551,0.7370439767837524,-0.005316804628819227,0.9756860136985779,0.9999672174453735,0.3641705811023712,0.8256601095199585,-0.07402849197387695,0.9630252122879028,0.9999369382858276,0.4549492299556732,0.8294519186019897,-0.16585618257522583,0.982108473777771,0.9999091625213623,0.36551034450531006,0.84019535779953,-0.08363944292068481,0.9803512692451477,0.9998990297317505,0.43620216846466064,0.8416775465011597,-0.1835603266954422,0.9869905114173889,0.9998464584350586,0.3645581007003784,0.8415848612785339,-0.1174023300409317,0.8630740642547607,0.9998781681060791,0.46796175837516785,0.8476544618606567,-0.21326187252998352,0.9308463931083679,0.9998102784156799
10,340,True,0.4669622778892517,0.5117915868759155,0.7276341915130615,0.9993298053741455,1.0,0.46095195412635803,0.5053244829177856,0.712424635887146,0.9994037747383118,1.0,0.4561092257499695,0.5047446489334106,0.7124381065368652,0.9993420839309692,1.0,0.4510921537876129,0.5040799975395203,0.712749719619751,0.9993656873703003,1.0,0.4753025770187378,0.5067376494407654,0.6971123814582825,0.9992325305938721,1.0,0.47950541973114014,0.5070609450340271,0.6969271898269653,0.999093770980835,1.0,0.4836254417896271,0.50726318359375,0.6970527768135071,0.9990444183349609,0.9999998807907104,0.444487601518631,0.5072426795959473,0.6035616397857666,0.9991523027420044,1.0,0.48555585741996765,0.510934591293335,0.5357016324996948,0.9988527894020081,0.9999998807907104,0.45764750242233276,0.5170890688896179,0.6874039769172668,0.9983518123626709,0.9999998807907104,0.4718681871891022,0.5185977816581726,0.6674668788909912,0.998361349105835,0.9999998807907104,0.3840457499027252,0.5470195412635803,0.4683172106742859,0.9999568462371826,0.9999978542327881,0.5212501287460327,0.5518954992294312,0.29105448722839355,0.9998655915260315,0.9999972581863403,0.32759198546409607,0.5978940725326538,0.43120184540748596,0.9649249315261841,0.9999933242797852,0.5421828627586365,0.6057708859443665,0.25859344005584717,0.9704055786132812,0.9999934434890747,0.30786168575286865,0.6417313814163208,0.49302735924720764,0.7394862771034241,0.9999922513961792,0.5521771907806396,0.6493905782699585,0.35704129934310913,0.8036301136016846,0.9999876022338867,0.29587554931640625,0.6517807245254517,0.49791795015335083,0.6643117666244507,0.9999854564666748,0.555689811706543,0.6610701084136963,0.3537358343601227,0.7501581907272339,0.9999749660491943,0.30496156215667725,0.6510962247848511,0.49622878432273865,0.6480616927146912,0.9999885559082031,0.5495054721832275,0.6600942611694336,0.36334747076034546,0.7332186102867126,0.9999797344207764,0.3109428286552429,0.6484911441802979,0.49207115173339844,0.6101162433624268,0.999991774559021,0.5469695329666138,0.6559475660324097,0.36303892731666565,0.6863124966621399,0.9999861717224121,0.39509710669517517,0.6512083411216736,0.06444809585809708,0.9998889565467834,0.9999936819076538,0.47005435824394226,0.6518038511276245,-0.06419477611780167,0.9998754262924194,0.9999964237213135,0.3897891640663147,0.7398804426193237,0.06675953418016434,0.9722091555595398,0.9999752044677734,0.46827077865600586,0.7406138181686401,-0.08322983980178833,0.9780069589614868,0.9999810457229614,0.3647061288356781,0.8263827562332153,-0.07492145150899887,0.9650828838348389,0.9999350309371948,0.4533851146697998,0.8301382064819336,-0.2325882762670517,0.9834442734718323,0.9999077320098877,0.3626005947589874,0.840687096118927,-0.09210485965013504,0.9815571904182434,0.9998718500137329,0.43311607837677,0.8427504301071167,-0.2545388638973236,0.9880070686340332,0.9998160004615784,0.3655379116535187,0.8417237997055054,-0.12933485209941864,0.8648828864097595,0.9998317956924438,0.46776148676872253,0.8480089902877808,-0.30091148614883423,0.9314604997634888,0.9997592568397522
11,374,True,0.4644319415092468,0.5144889950752258,0.5203256607055664,0.9993941783905029,0.9999994039535522,0.45837312936782837,0.5080353617668152,0.503143846988678,0.9994589686393738,0.999998927116394,0.45342543721199036,0.5074523687362671,0.5031250715255737,0.9994029402732849,0.999998927116394,0.44825416803359985,0.5068439245223999,0.5033113360404968,0.9994240999221802,0.9999988079071045,0.4726231098175049,0.5095162987709045,0.48662248253822327,0.9993044137954712,0.9999986886978149,0.4770434498786926,0.5098883509635925,0.4864921271800995,0.9991790652275085,0.9999985694885254,0.48127081990242004,0.5101802349090576,0.4866099953651428,0.9991342425346375,0.9999982118606567,0.44087377190589905,0.5100266933441162,0.40125784277915955,0.9992294907569885,0.9999982118606567,0.48385265469551086,0.5139962434768677,0.3272553086280823,0.9989620447158813,0.9999974966049194,0.4550175666809082,0.5198267698287964,0.4853824973106384,0.9985116720199585,0.9999983310699463,0.4696134030818939,0.5214508771896362,0.46391576528549194,0.998519241809845,0.9999982118606567,0.3770623505115509,0.5532738566398621,0.31523725390434265,0.9999560117721558,0.9999860525131226,0.5208993554115295,0.5604132413864136,0.15155284106731415,0.9998769164085388,0.9999868869781494,0.33228230476379395,0.6164878010749817,0.27490299940109253,0.9610510468482971,0.9999539852142334,0.5382422804832458,0.6268550157546997,0.1017252504825592,0.9724538326263428,0.999966025352478,0.3165702819824219,0.6729224920272827,0.26985928416252136,0.7431035041809082,0.9999334812164307,0.5400781631469727,0.6843448877334595,0.17195118963718414,0.8160120248794556,0.9999445676803589,0.30559849739074707,0.686870813369751,0.26314330101013184,0.665874719619751,0.9998831748962402,0.5434868931770325,0.6999844908714294,0.15508690476417542,0.7611472010612488,0.9998946189880371,0.3137328326702118,0.6872779726982117,0.2524929344654083,0.6499950885772705,0.9998987913131714,0.5363811254501343,0.6991996765136719,0.15506842732429504,0.7451221346855164,0.9999080896377563,0.3220113515853882,0.68165522813797,0.2654712498188019,0.6120947599411011,0.9999222755432129,0.532092809677124,0.6927942633628845,0.17244446277618408,0.6987111568450928,0.9999337196350098,0.3939308226108551,0.6601373553276062,0.05836169421672821,0.9998944997787476,0.9999723434448242,0.46954482793807983,0.6618331670761108,-0.05818236246705055,0.9998853802680969,0.9999840259552002,0.3898160755634308,0.7442184090614319,0.10695229470729828,0.9718255996704102,0.9998898506164551,0.4669550657272339,0.7480353116989136,-0.04747123643755913,0.9795944690704346,0.9999330043792725,0.3649701774120331,0.8263516426086426,0.05916982144117355,0.9641073942184448,0.9997180104255676,0.45037227869033813,0.8320342898368835,-0.08300075680017471,0.9835495948791504,0.9997151494026184,0.3629188537597656,0.8411996960639954,0.04647600278258324,0.9797004461288452,0.9993520379066467,0.431119441986084,0.8448914289474487,-0.09410541504621506,0.9873998761177063,0.9993823766708374,0.3659508526325226,0.841687798500061,0.002886468078941107,0.8643882274627686,0.9993208646774292,0.4667258858680725,0.8480704426765442,-0.14614087343215942,0.9287766814231873,0.9992173910140991
12,408,True,0.4624328315258026,0.5133578777313232,0.5077213644981384,0.9994532465934753,0.9999992847442627,0.455769807100296,0.5070676803588867,0.4865477681159973,0.9995107054710388,0.9999988079071045,0.45035088062286377,0.5065648555755615,0.4865398406982422,0.9994601011276245,0.9999986886978149,0.44469594955444336,0.5060333609580994,0.48671263456344604,0.9994791150093079,0.9999986886978149,0.470785915851593,0.508339524269104,0.47367626428604126,0.9993714094161987,0.9999984502792358,0.4754561185836792,0.5086585283279419,0.47352808713912964,0.9992583990097046,0.9999983310699463,0.4797736704349518,0.5089126825332642,0.4736182391643524,0.9992178678512573,0.9999978542327881,0.43636354804039,0.509763240814209,0.3764471411705017,0.9993027448654175,0.9999980926513672,0.4826675057411194,0.5131553411483765,0.31935569643974304,0.9990628957748413,0.9999970197677612,0.45284244418144226,0.5187493562698364,0.4704500436782837,0.9986576437950134,0.9999982118606567,0.46818092465400696,0.5199629068374634,0.4540916383266449,0.9986639022827148,0.9999979734420776,0.3754669725894928,0.5539913773536682,0.2772296667098999,0.9999546408653259,0.9999849796295166,0.51970374584198,0.5613898038864136,0.1406867802143097,0.9998869895935059,0.9999773502349854,0.3353350758552551,0.6211265325546265,0.26841652393341064,0.9556052088737488,0.9999595880508423,0.5364241600036621,0.6259142160415649,0.12139106541872025,0.9739419221878052,0.999957799911499,0.3344811797142029,0.6752630472183228,0.3075598180294037,0.7205241322517395,0.999955415725708,0.5270945429801941,0.6787000894546509,0.23237143456935883,0.8105553984642029,0.9999510049819946,0.3344588875770569,0.6880921125411987,0.3084928095340729,0.6409420967102051,0.9999257326126099,0.5252018570899963,0.6918537020683289,0.22083625197410583,0.7482197880744934,0.9999179840087891,0.3434526324272156,0.6866315007209778,0.29662391543388367,0.6255283951759338,0.9999383687973022,0.5182491540908813,0.691335141658783,0.2180252969264984,0.7324433326721191,0.9999319314956665,0.3470369279384613,0.6809435486793518,0.3045331537723541,0.58892422914505,0.999950647354126,0.5165536403656006,0.6852580308914185,0.23191119730472565,0.6842989325523376,0.9999480247497559,0.392331600189209,0.6619694828987122,0.05524734407663345,0.9999009370803833,0.9999809265136719,0.46802467107772827,0.6644414663314819,-0.05506063625216484,0.9998953342437744,0.9999858140945435,0.3904915153980255,0.7466310262680054,0.14785906672477722,0.9725000262260437,0.9999034404754639,0.4666411876678467,0.7493078112602234,0.018739359453320503,0.9813520908355713,0.9999123811721802,0.3631235659122467,0.8264651298522949,0.10227396339178085,0.9642460346221924,0.9996708631515503,0.45096510648727417,0.8319872617721558,-0.02250746078789234,0.9840747714042664,0.999619722366333,0.3611801564693451,0.8410159945487976,0.09135505557060242,0.9800350666046143,0.9992960691452026,0.4313490688800812,0.8457180261611938,-0.032935962080955505,0.9878433346748352,0.9992434978485107,0.3660307228565216,0.8412925601005554,0.06947356462478638,0.8571088910102844,0.999360978603363,0.4684447944164276,0.847503662109375,-0.06699708849191666,0.9204791188240051,0.9991781115531921
13,442,True,0.46086299419403076,0.5119925737380981,0.3777344524860382,0.9995043873786926,0.9999916553497314,0.45389464497566223,0.5052207708358765,0.34276261925697327,0.9995558857917786,0.9999880790710449,0.448483943939209,0.504770815372467,0.34273460507392883,0.9995101094245911,0.9999876022338867,0.4425133168697357,0.5043225288391113,0.34284448623657227,0.9995271563529968,0.9999867677688599,0.4686952233314514,0.5063864588737488,0.3329489529132843,0.9994303584098816,0.9999862909317017,0.47320327162742615,0.5067509412765503,0.33281856775283813,0.9993285536766052,0.9999852180480957,0.4777297079563141,0.5071054697036743,0.332813024520874,0.9992918968200684,0.9999834299087524,0.43463337421417236,0.509442150592804,0.2138305902481079,0.9993667006492615,0.9999847412109375,0.48096778988838196,0.5127221941947937,0.1704886257648468,0.9991524815559387,0.9999815225601196,0.45137351751327515,0.5184453129768372,0.33798903226852417,0.9987851977348328,0.9999829530715942,0.466970831155777,0.5190566182136536,0.326169490814209,0.9987903237342834,0.9999827146530151,0.3764917552471161,0.5503178834915161,0.13280096650123596,0.9999431371688843,0.9999146461486816,0.5174044966697693,0.5566612482070923,0.025236984714865685,0.999893307685852,0.9999217987060547,0.3393888771533966,0.6138554215431213,0.1688731461763382,0.9490469098091125,0.9997988343238831,0.5379157066345215,0.617359459400177,0.08676312118768692,0.9739601612091064,0.9998503923416138,0.3470468819141388,0.6577466726303101,0.2469407618045807,0.6751010417938232,0.9998537302017212,0.5254589915275574,0.656866192817688,0.28051987290382385,0.7721561193466187,0.9998992681503296,0.3440895676612854,0.6708805561065674,0.2601119875907898,0.5968624949455261,0.9998243451118469,0.5230222344398499,0.670328676700592,0.2852482795715332,0.7055486440658569,0.9998762607574463,0.35576218366622925,0.6691579222679138,0.24500495195388794,0.5825645923614502,0.9998486042022705,0.5185881853103638,0.6675739288330078,0.28106215596199036,0.6907737851142883,0.9998955726623535,0.3582106828689575,0.6632411479949951,0.2449149489402771,0.5488710403442383,0.9998582601547241,0.5149786472320557,0.6609286665916443,0.28259339928627014,0.643330991268158,0.9999055862426758,0.3926292955875397,0.661469578742981,0.05222475156188011,0.9999057650566101,0.9999651908874512,0.466671884059906,0.6636284589767456,-0.05210324376821518,0.999904215335846,0.9999756813049316,0.3913015127182007,0.7460486888885498,0.1965295523405075,0.9734792709350586,0.9998210072517395,0.46667391061782837,0.7474220991134644,0.09460266679525375,0.9830209016799927,0.9998360872268677,0.36445367336273193,0.826844334602356,0.18361790478229523,0.9660772085189819,0.9994831085205078,0.4513952136039734,0.8304744958877563,0.08823155611753464,0.9850174784660339,0.9995162487030029,0.3624241352081299,0.8409273028373718,0.18151800334453583,0.980822741985321,0.9990467429161072,0.4320167005062103,0.8441963195800781,0.08743486553430557,0.9883543848991394,0.9991739392280579,0.36661297082901,0.8413570523262024,0.17524613440036774,0.8531489968299866,0.9993647933006287,0.47530311346054077,0.8461548686027527,0.07119371742010117,0.912700891494751,0.9993051290512085
14,476,True,0.4605112373828888,0.5039709210395813,0.3556187152862549,0.999552309513092,0.9999910593032837,0.45349448919296265,0.49722209572792053,0.31020504236221313,0.9995992183685303,0.9999908208847046,0.4478919208049774,0.49660223722457886,0.3101285696029663,0.9995580911636353,0.9999912977218628,0.441785991191864,0.4960693418979645,0.310219943523407,0.9995734691619873,0.9999912977218628,0.46838706731796265,0.49862146377563477,0.30387264490127563,0.9994861483573914,0.999988317489624,0.47291237115859985,0.4990026354789734,0.303754597902298,0.9993944764137268,0.9999877214431763,0.4773603081703186,0.499451220035553,0.3037252128124237,0.9993614554405212,0.9999865293502808,0.433137983083725,0.5003262758255005,0.16227063536643982,0.9994289875030518,0.9999934434890747,0.4803805947303772,0.5041824579238892,0.1348322629928589,0.9992361068725586,0.999988317489624,0.4506804645061493,0.5100439190864563,0.311619371175766,0.9989028573036194,0.9999793767929077,0.46648988127708435,0.5106397271156311,0.30430951714515686,0.9989069700241089,0.9999771118164062,0.37625253200531006,0.5456178188323975,0.08372116088867188,0.9999160766601562,0.9997759461402893,0.5170391798019409,0.5522228479385376,0.016638286411762238,0.999895453453064,0.9998113512992859,0.3375276029109955,0.6051317453384399,0.1813564896583557,0.9302961230278015,0.9993588328361511,0.5438706874847412,0.6077146530151367,0.15243594348430634,0.967620313167572,0.9995847344398499,0.35971179604530334,0.6469827890396118,0.33294010162353516,0.6140083074569702,0.9997941851615906,0.5194723010063171,0.5983690023422241,0.5954850316047668,0.7040762901306152,0.9998291730880737,0.36793798208236694,0.6531030535697937,0.3555394411087036,0.5426595211029053,0.9998143315315247,0.5145707726478577,0.5974066853523254,0.6411219835281372,0.6431953310966492,0.9998302459716797,0.3775569796562195,0.6438897848129272,0.34387898445129395,0.5297873616218567,0.9998396635055542,0.5029932856559753,0.5923399329185486,0.6304609179496765,0.6299271583557129,0.999853253364563,0.37614208459854126,0.6388084888458252,0.3327639102935791,0.49986615777015686,0.9998350143432617,0.500458836555481,0.591834306716919,0.6014333367347717,0.5868171453475952,0.9998595714569092,0.3925999104976654,0.6593486070632935,0.04951373115181923,0.9999077916145325,0.999955415725708,0.4660438001155853,0.6613072752952576,-0.04942275583744049,0.9999121427536011,0.9999661445617676,0.3922346234321594,0.745543897151947,0.20366817712783813,0.9747242331504822,0.9997327923774719,0.46691906452178955,0.7464009523391724,0.11552837491035461,0.9846101403236389,0.9997830986976624,0.363803893327713,0.8266813158988953,0.18133895099163055,0.9682477116584778,0.9993929862976074,0.4514111280441284,0.8296939730644226,0.08160965889692307,0.9861222505569458,0.9993534684181213,0.36140966415405273,0.8408336639404297,0.1823808252811432,0.9819302558898926,0.9991010427474976,0.43171483278274536,0.8435171842575073,0.08177213370800018,0.9890245199203491,0.998981773853302,0.36680102348327637,0.8403857946395874,0.21072477102279663,0.8486899137496948,0.9994274377822876,0.4743448495864868,0.8454185724258423,0.08613160252571106,0.903990626335144,0.9992085099220276
15,510,True,0.4605651795864105,0.492008775472641,0.3652375638484955,0.999596118927002,0.9999912977218628,0.4536597430706024,0.48593950271606445,0.3173077404499054,0.9996386766433716,0.9999896287918091,0.4479978382587433,0.4851897358894348,0.3172391355037689,0.9996016621589661,0.9999899864196777,0.44184204936027527,0.4845661222934723,0.31734177470207214,0.9996155500411987,0.9999897480010986,0.4685697853565216,0.4875999093055725,0.3123646080493927,0.99953693151474,0.9999881982803345,0.473081111907959,0.4878062307834625,0.31222110986709595,0.9994544386863708,0.9999879598617554,0.4774756133556366,0.4881930351257324,0.31221824884414673,0.9994246959686279,0.9999873638153076,0.4328474998474121,0.4880165159702301,0.1643756926059723,0.9994854927062988,0.999992847442627,0.4801090359687805,0.4923939108848572,0.14366836845874786,0.9993119239807129,0.9999910593032837,0.4503847360610962,0.49743255972862244,0.31987321376800537,0.9990101456642151,0.9999805688858032,0.46644991636276245,0.4983960688114166,0.3141794800758362,0.9990138411521912,0.9999817609786987,0.3752383291721344,0.5314956307411194,0.09537066519260406,0.9998895525932312,0.999563992023468,0.5171581506729126,0.5346919298171997,0.03615555167198181,0.9998961091041565,0.999750554561615,0.3386882245540619,0.5783791542053223,0.2323315143585205,0.8912643790245056,0.9992315769195557,0.5461397171020508,0.5698197484016418,0.18092969059944153,0.959152102470398,0.9994478821754456,0.410832941532135,0.5559440851211548,0.5843794345855713,0.5561819076538086,0.9998414516448975,0.5197266340255737,0.5324859619140625,0.6057155132293701,0.6434859037399292,0.99980229139328,0.42789700627326965,0.5508285760879517,0.6462811231613159,0.49192696809768677,0.9998544454574585,0.5192774534225464,0.5260688066482544,0.6588482856750488,0.5890242457389832,0.9997994303703308,0.4433114230632782,0.5481631755828857,0.6245036125183105,0.48034021258354187,0.999870777130127,0.5112060308456421,0.5224252939224243,0.646895706653595,0.5771341323852539,0.9998236298561096,0.4380907416343689,0.5489197969436646,0.5864272117614746,0.45399439334869385,0.9998738765716553,0.5018439888954163,0.5235018134117126,0.6110101938247681,0.5378175973892212,0.9998345375061035,0.3925895690917969,0.6547958254814148,0.04596672207117081,0.9999103546142578,0.999950647354126,0.46637052297592163,0.6562644243240356,-0.045785628259181976,0.9999192953109741,0.9999630451202393,0.39223039150238037,0.7453330159187317,0.15618576109409332,0.9761661887168884,0.9998193383216858,0.46779873967170715,0.742816150188446,0.090160071849823,0.9860031008720398,0.9998472929000854,0.36427125334739685,0.8262625932693481,0.09948120266199112,0.9706709980964661,0.9995311498641968,0.45276302099227905,0.828032374382019,0.02984851971268654,0.987186849117279,0.9994658827781677,0.36274877190589905,0.8406168818473816,0.09645304083824158,0.9830065965652466,0.9993273019790649,0.4322846829891205,0.8423844575881958,0.028305863961577415,0.9895755648612976,0.999183714389801,0.3668515384197235,0.840835452079773,0.11485469341278076,0.8525616526603699,0.9994428753852844,0.4736562967300415,0.8442683219909668,0.029751408845186234,0.9017385840415955,0.9992883801460266
16,544,True,0.4456539452075958,0.47504597902297974,0.33659979701042175,0.9996336102485657,0.9999932050704956,0.4398813545703888,0.46947330236434937,0.2966470420360565,0.9996723532676697,0.999991774559021,0.4355888366699219,0.4691658616065979,0.29659122228622437,0.9996387958526611,0.9999926090240479,0.43035128712654114,0.46887850761413574,0.29662907123565674,0.9996516704559326,0.9999929666519165,0.45534828305244446,0.47016066312789917,0.2948354184627533,0.9995807409286499,0.9999887943267822,0.4602028727531433,0.47015756368637085,0.2947220206260681,0.9995063543319702,0.9999878406524658,0.4641140103340149,0.47009867429733276,0.2948206067085266,0.9994795918464661,0.9999865293502808,0.4249351918697357,0.4728632867336273,0.16642166674137115,0.9995343685150146,0.9999949932098389,0.469666451215744,0.4734097421169281,0.1577758491039276,0.9993777871131897,0.9999879598617554,0.44014114141464233,0.48083919286727905,0.2975389361381531,0.9990994334220886,0.9999798536300659,0.4570733308792114,0.48129647970199585,0.29525241255760193,0.9991024732589722,0.9999772310256958,0.3754512667655945,0.5119845271110535,0.11624427139759064,0.9998593926429749,0.9997738003730774,0.5087210536003113,0.5114411115646362,0.07634378224611282,0.9998599290847778,0.9995380640029907,0.34774211049079895,0.5144491791725159,0.2596339285373688,0.8948307633399963,0.9998301267623901,0.5478293299674988,0.5112118721008301,0.22531162202358246,0.9475513100624084,0.9995495676994324,0.3937205970287323,0.47514304518699646,0.5005369782447815,0.5725728869438171,0.9998396635055542,0.5215416550636292,0.47118544578552246,0.5413334369659424,0.6261497139930725,0.9997755885124207,0.39721497893333435,0.46534305810928345,0.5390055775642395,0.5122495889663696,0.9997571110725403,0.5203566551208496,0.46018823981285095,0.57555091381073,0.5772964954376221,0.9997194409370422,0.40824267268180847,0.46734899282455444,0.5160441994667053,0.5013893842697144,0.9997386336326599,0.5099237561225891,0.4604206085205078,0.5669239163398743,0.5660598874092102,0.9997238516807556,0.4086620807647705,0.47001227736473083,0.4990515112876892,0.4761427938938141,0.9998063445091248,0.5065616369247437,0.4646865427494049,0.5455020666122437,0.5286393761634827,0.9997718930244446,0.392680823802948,0.6384990215301514,0.02638491988182068,0.9999036192893982,0.9999465942382812,0.4669186472892761,0.6398254632949829,-0.026422714814543724,0.999916136264801,0.9999284744262695,0.3897530138492584,0.7385017275810242,0.08766218274831772,0.9756050705909729,0.9997273087501526,0.46923840045928955,0.7334352731704712,0.06844663619995117,0.9859205484390259,0.9996594190597534,0.3632669746875763,0.8253291249275208,0.037174541503190994,0.9721336960792542,0.9994776844978333,0.4549467861652374,0.8242412805557251,0.01616639643907547,0.9870911836624146,0.9993081092834473,0.3635244071483612,0.8391672968864441,0.03851660341024399,0.9830917716026306,0.999218225479126,0.43543124198913574,0.8392850160598755,0.012559866532683372,0.9885081648826599,0.9990655779838562,0.3670790493488312,0.8411447405815125,0.001997447106987238,0.8601380586624146,0.9990863800048828,0.47254037857055664,0.8418592214584351,-0.02003033086657524,0.9018546342849731,0.9989650249481201
17,578,True,0.4482390582561493,0.4527328610420227,0.37054646015167236,0.9996644258499146,0.9999918937683105,0.44248390197753906,0.4481785297393799,0.3394943177700043,0.999699056148529,0.9999878406524658,0.4379231035709381,0.44809427857398987,0.33946678042411804,0.9996676445007324,0.9999889135360718,0.43260467052459717,0.44790369272232056,0.33947110176086426,0.9996801614761353,0.9999891519546509,0.45763587951660156,0.44836941361427307,0.3324085772037506,0.999617338180542,0.9999842643737793,0.4623939096927643,0.44836458563804626,0.33226051926612854,0.9995498061180115,0.9999831914901733,0.4663805663585663,0.4482556879520416,0.3323964774608612,0.9995256066322327,0.999981164932251,0.4264833629131317,0.4519883990287781,0.2266577035188675,0.9995740652084351,0.9999912977218628,0.47089654207229614,0.45188888907432556,0.19425436854362488,0.9994339942932129,0.9999823570251465,0.44170650839805603,0.4589768350124359,0.3366794288158417,0.9991689920425415,0.9999715089797974,0.4583144187927246,0.4589007496833801,0.3270435631275177,0.9991737604141235,0.9999710321426392,0.3796083629131317,0.48902636766433716,0.17371949553489685,0.999822735786438,0.9997816681861877,0.5087056756019592,0.48858994245529175,0.09142524003982544,0.9998146295547485,0.9995723366737366,0.3553614914417267,0.4722016453742981,0.3357292711734772,0.8971545696258545,0.9998816251754761,0.5460357069969177,0.47084903717041016,0.21287189424037933,0.9359802603721619,0.9995104074478149,0.399865984916687,0.43011045455932617,0.5188165903091431,0.6049727201461792,0.9996824264526367,0.5202911496162415,0.4273727536201477,0.4369157552719116,0.6373677849769592,0.9996200799942017,0.4038584530353546,0.4185311794281006,0.5510547161102295,0.5504229068756104,0.9993810653686523,0.523021936416626,0.41392412781715393,0.4490851163864136,0.5935129523277283,0.9994277358055115,0.4156687557697296,0.4197445809841156,0.5164918899536133,0.5402309894561768,0.9992578625679016,0.5116676092147827,0.41537007689476013,0.4447711110115051,0.5826143622398376,0.9993977546691895,0.4178442358970642,0.42558497190475464,0.5107018947601318,0.5165095329284668,0.9995185136795044,0.5084530711174011,0.4196651577949524,0.44012850522994995,0.5471683144569397,0.9995473027229309,0.39434149861335754,0.6187756657600403,0.02722053788602352,0.9998868703842163,0.9998931884765625,0.46887922286987305,0.6196359992027283,-0.02716454118490219,0.9998961091041565,0.9998387098312378,0.3890034556388855,0.7176122069358826,0.05457764118909836,0.9711806774139404,0.9994729161262512,0.47124844789505005,0.7152981758117676,0.014837211929261684,0.981209397315979,0.999380350112915,0.36269107460975647,0.8204099535942078,-0.005193604156374931,0.9720413684844971,0.9992502331733704,0.4567490816116333,0.8166311979293823,-0.02639026567339897,0.9849086999893188,0.9989578723907471,0.36366158723831177,0.833518385887146,-0.008892856538295746,0.9823693037033081,0.998896598815918,0.44107767939567566,0.8310292363166809,-0.03147144988179207,0.984879195690155,0.998663067817688,0.3673250377178192,0.8375982046127319,-0.0823039561510086,0.8673451542854309,0.9985541701316833,0.47156864404678345,0.840467095375061,-0.11758781969547272,0.9022005200386047,0.9983820915222168
18,612,True,0.451523095369339,0.4330744743347168,0.36971279978752136,0.9996823668479919,0.9999884366989136,0.4471336901187897,0.42839279770851135,0.3388769030570984,0.999711275100708,0.9999841451644897,0.44046348333358765,0.4282669126987457,0.3388720750808716,0.9996796250343323,0.9999855756759644,0.43648219108581543,0.428211510181427,0.33889123797416687,0.9996936321258545,0.9999862909317017,0.4606791138648987,0.42884716391563416,0.3375746011734009,0.9996359348297119,0.9999773502349854,0.4677886962890625,0.429238885641098,0.3374733626842499,0.9995716214179993,0.999974250793457,0.4711855947971344,0.4293420910835266,0.3376215994358063,0.9995490908622742,0.9999698400497437,0.4314722716808319,0.4336246848106384,0.22531038522720337,0.9995923042297363,0.999987006187439,0.47162094712257385,0.433938205242157,0.2165457159280777,0.9994637966156006,0.9999630451202393,0.4436066150665283,0.4400070309638977,0.33477821946144104,0.9991976022720337,0.999954104423523,0.4602949917316437,0.4401532709598541,0.33275285363197327,0.9992001056671143,0.999943733215332,0.3846808075904846,0.46411600708961487,0.18018853664398193,0.9997756481170654,0.9997935891151428,0.5058372020721436,0.4692284166812897,0.11067365854978561,0.9996805191040039,0.998714804649353,0.35611745715141296,0.44622737169265747,0.33233559131622314,0.905259907245636,0.9999105930328369,0.5398390293121338,0.444655179977417,0.22540514171123505,0.9243830442428589,0.999210000038147,0.40482839941978455,0.4051184058189392,0.48736312985420227,0.6402192711830139,0.999764621257782,0.5200195908546448,0.40496259927749634,0.4283270537853241,0.6436998248100281,0.9995180368423462,0.40809810161590576,0.3922939896583557,0.5268542170524597,0.5904593467712402,0.9994902610778809,0.5220236778259277,0.3938159942626953,0.43522024154663086,0.6028380990028381,0.9992974996566772,0.4202078580856323,0.3962101936340332,0.47985103726387024,0.5810766816139221,0.9993793964385986,0.5130423903465271,0.39471936225891113,0.42957043647766113,0.5925378203392029,0.999278724193573,0.421151727437973,0.3994568884372711,0.4918796420097351,0.5589662790298462,0.9996156692504883,0.5101203918457031,0.39824551343917847,0.42955800890922546,0.5590953826904297,0.9994472861289978,0.4006977379322052,0.5941361784934998,0.02177707850933075,0.9998644590377808,0.9998630285263062,0.4689044654369354,0.5975431799888611,-0.021927518770098686,0.9998615980148315,0.9996768236160278,0.38904649019241333,0.699898362159729,0.0241523589938879,0.9676759243011475,0.9993168115615845,0.47104883193969727,0.6974263787269592,0.005923587828874588,0.9721552729606628,0.9987351298332214,0.3684983253479004,0.8032940626144409,-0.06655390560626984,0.9716437458992004,0.9988234639167786,0.45626989006996155,0.8006488680839539,-0.05268120765686035,0.9788152575492859,0.9980173110961914,0.37168192863464355,0.8155549168586731,-0.07519301027059555,0.9814023375511169,0.9982000589370728,0.4397670328617096,0.8124721646308899,-0.06174620985984802,0.9780619740486145,0.997650682926178,0.3757816255092621,0.8258622884750366,-0.15877501666545868,0.8741912841796875,0.9978799819946289,0.4719058871269226,0.8242216110229492,-0.1452087163925171,0.8966652750968933,0.9973971843719482
19,646,True,0.452329158782959,0.41339588165283203,0.5029715895652771,0.9996955394744873,0.9999948740005493,0.447623074054718,0.40841373801231384,0.4711582064628601,0.9997192621231079,0.9999921321868896,0.44055765867233276,0.4082023501396179,0.47121918201446533,0.9996888637542725,0.9999927282333374,0.4369230568408966,0.40811052918434143,0.4712390899658203,0.9997023344039917,0.999993085861206,0.461841881275177,0.4088250994682312,0.4758622348308563,0.9996479153633118,0.9999895095825195,0.4687466621398926,0.4094046652317047,0.4757891893386841,0.9995874166488647,0.9999879598617554,0.4739205539226532,0.4096682667732239,0.47601398825645447,0.9995646476745605,0.9999862909317017,0.4315725862979889,0.4150990843772888,0.3376523554325104,0.999606192111969,0.9999921321868896,0.47444450855255127,0.41721290349960327,0.355221688747406,0.9994901418685913,0.9999812841415405,0.44491153955459595,0.4212417006492615,0.4581014811992645,0.9992119669914246,0.9999781847000122,0.4622967541217804,0.4218115210533142,0.4642595648765564,0.9992220997810364,0.9999755620956421,0.39417144656181335,0.44871169328689575,0.25482067465782166,0.9997556805610657,0.9998723268508911,0.5068846940994263,0.44822612404823303,0.2295404076576233,0.9995981454849243,0.9994994401931763,0.36006689071655273,0.4180034101009369,0.37769487500190735,0.912763774394989,0.9999462366104126,0.5357331037521362,0.4173741340637207,0.3441793620586395,0.9130395650863647,0.9996881484985352,0.40728840231895447,0.3821030259132385,0.5672871470451355,0.6712430119514465,0.9998538494110107,0.5224125385284424,0.37926506996154785,0.5240954756736755,0.6479129791259766,0.9997194409370422,0.40872710943222046,0.36998191475868225,0.5963939428329468,0.6266860365867615,0.9997308850288391,0.524915337562561,0.3685603737831116,0.5313469171524048,0.6124652028083801,0.9995822310447693,0.4188419282436371,0.37122780084609985,0.5569701790809631,0.6178709268569946,0.9996522665023804,0.5120134353637695,0.3704279363155365,0.5230711698532104,0.6026208996772766,0.9995525479316711,0.41970542073249817,0.3785589337348938,0.5602805018424988,0.5973175168037415,0.9997777342796326,0.5087271928787231,0.37435513734817505,0.5227657556533813,0.5721535682678223,0.9996713399887085,0.40343528985977173,0.5730348825454712,0.007607147563248873,0.9998528957366943,0.9998792409896851,0.4700104594230652,0.5763932466506958,-0.007719251327216625,0.999841570854187,0.9997166991233826,0.3889968991279602,0.6783676743507385,-0.014747116714715958,0.9699962139129639,0.9996021389961243,0.47316792607307434,0.6717615723609924,0.009591895155608654,0.9695508480072021,0.9993333220481873,0.3742128908634186,0.784133791923523,-0.1570514738559723,0.9737442135810852,0.9996354579925537,0.456410676240921,0.7771158218383789,-0.10614537447690964,0.9769347310066223,0.9993106126785278,0.3819478452205658,0.7954813241958618,-0.17202632129192352,0.9829497933387756,0.9995649456977844,0.44293013215065,0.7892239093780518,-0.12310756742954254,0.9772274494171143,0.9992997646331787,0.371433287858963,0.8087234497070312,-0.2516654133796692,0.8842152953147888,0.9994961023330688,0.4732338488101959,0.8039207458496094,-0.1911495476961136,0.8956577777862549,0.9992740750312805
20,680,True,0.4628179371356964,0.4025647044181824,0.47172388434410095,0.9997045993804932,0.9999871253967285,0.4549807608127594,0.3957383334636688,0.4484226703643799,0.999726414680481,0.9999823570251465,0.4492076337337494,0.3953653872013092,0.4484695792198181,0.9996939301490784,0.9999827146530151,0.44143375754356384,0.3942182958126068,0.44849395751953125,0.9997104406356812,0.9999819993972778,0.46712765097618103,0.3965255618095398,0.4346368908882141,0.9996634125709534,0.9999780654907227,0.47278496623039246,0.3952431380748749,0.43452003598213196,0.9996054172515869,0.9999762773513794,0.4769745171070099,0.3956887722015381,0.4347105324268341,0.9995865225791931,0.9999727010726929,0.435769647359848,0.4011662006378174,0.3273533880710602,0.9996232986450195,0.999982476234436,0.47649553418159485,0.4046071171760559,0.28916919231414795,0.9995192289352417,0.9999687671661377,0.4537564516067505,0.4080185890197754,0.44599300622940063,0.9992245435714722,0.999925971031189,0.46736979484558105,0.40886521339416504,0.4270394742488861,0.9992351531982422,0.9999253749847412,0.39465171098709106,0.43090543150901794,0.2937896251678467,0.9997254014015198,0.9994795918464661,0.5050934553146362,0.43437832593917847,0.14946793019771576,0.9995908737182617,0.998711109161377,0.3780955970287323,0.4055348038673401,0.46753934025764465,0.9037803411483765,0.9998354911804199,0.530738353729248,0.4174930155277252,0.23630192875862122,0.9073909521102905,0.999107301235199,0.4159323275089264,0.37110435962677,0.668398916721344,0.6731248497962952,0.9997642636299133,0.5139188766479492,0.3785296678543091,0.44327622652053833,0.6446424722671509,0.9993520379066467,0.42429080605506897,0.3567039370536804,0.7059342861175537,0.6311635971069336,0.9995438456535339,0.5067484378814697,0.36778292059898376,0.4555993378162384,0.6112106442451477,0.9989954829216003,0.4273245930671692,0.36209553480148315,0.673371434211731,0.6230219006538391,0.99949049949646,0.500059187412262,0.36792194843292236,0.44929516315460205,0.6018301844596863,0.9989702701568604,0.42778629064559937,0.36483973264694214,0.6618103981018066,0.6038563251495361,0.9996649026870728,0.4965541362762451,0.3705529272556305,0.4457959830760956,0.5720688700675964,0.999213695526123,0.40407702326774597,0.5563920736312866,0.052015580236911774,0.9998387694358826,0.9996829032897949,0.469951331615448,0.5578277707099915,-0.05227923393249512,0.9998309016227722,0.999422550201416,0.39023783802986145,0.6597104668617249,0.014224547892808914,0.9465795755386353,0.9988502264022827,0.47429338097572327,0.6605783104896545,-0.0702149048447609,0.9598365426063538,0.9980459213256836,0.37820005416870117,0.7655395865440369,-0.11372194439172745,0.965282678604126,0.9974714517593384,0.45560818910598755,0.7620524764060974,-0.19521136581897736,0.9694929122924805,0.9950070381164551,0.38181114196777344,0.7788265943527222,-0.12907947599887848,0.9742476940155029,0.9961857199668884,0.4396282732486725,0.775384247303009,-0.20739641785621643,0.9673230051994324,0.9938275218009949,0.3757550120353699,0.7920948266983032,-0.18415969610214233,0.8790430426597595,0.9955244064331055,0.4766797423362732,0.7927468419075012,-0.2586127519607544,0.887933611869812,0.9935038685798645
21,714,True,0.46274232864379883,0.3957889974117279,0.5675950050354004,0.99971604347229,0.9999951124191284,0.4540460705757141,0.3855835795402527,0.5467174053192139,0.999734103679657,0.9999926090240479,0.4490047097206116,0.3856808543205261,0.5467240810394287,0.9997006058692932,0.9999923706054688,0.44171541929244995,0.38559406995773315,0.5468392968177795,0.9997196197509766,0.9999918937683105,0.4658963084220886,0.38868746161460876,0.5358993411064148,0.9996770024299622,0.9999911785125732,0.4723828136920929,0.3857495188713074,0.5357382297515869,0.9996215105056763,0.9999902248382568,0.4763973355293274,0.38602638244628906,0.5359382033348083,0.9996057748794556,0.9999884366989136,0.43478962779045105,0.3916770815849304,0.4351414144039154,0.9996422529220581,0.9999910593032837,0.47615623474121094,0.39396315813064575,0.38878026604652405,0.9995461702346802,0.9999853372573853,0.45190468430519104,0.3983614444732666,0.5329262018203735,0.9992392659187317,0.9999594688415527,0.46651268005371094,0.40112805366516113,0.5181840658187866,0.9992478489875793,0.9999617338180542,0.3956455588340759,0.41817140579223633,0.37789836525917053,0.9997140169143677,0.999525785446167,0.5030397772789001,0.42363792657852173,0.22560946643352509,0.9995955228805542,0.9992367029190063,0.3781594932079315,0.405801385641098,0.5122126936912537,0.8803261518478394,0.9998509883880615,0.5306055545806885,0.400451123714447,0.2829876244068146,0.904079258441925,0.99955815076828,0.4254007637500763,0.37182748317718506,0.7100456357002258,0.6525939702987671,0.999854564666748,0.5020948648452759,0.36312371492385864,0.47651711106300354,0.6408281326293945,0.9995322227478027,0.43295377492904663,0.3619097173213959,0.7403841018676758,0.6147668957710266,0.9997629523277283,0.49180662631988525,0.35038527846336365,0.4939817786216736,0.609246015548706,0.9992266893386841,0.4300708770751953,0.36254140734672546,0.7200084328651428,0.6068623661994934,0.9997515082359314,0.4853350818157196,0.3528640568256378,0.4851970672607422,0.6001353859901428,0.9992200136184692,0.4312974214553833,0.3648234009742737,0.7067636847496033,0.5890036225318909,0.9998261332511902,0.48482054471969604,0.3581516444683075,0.4776201844215393,0.5717706084251404,0.9994370341300964,0.40545985102653503,0.5448673367500305,0.04923050105571747,0.9998327493667603,0.9997814297676086,0.4703617990016937,0.5442039966583252,-0.04936361685395241,0.9998250007629395,0.9996126294136047,0.39505523443222046,0.6451793909072876,-0.013708306476473808,0.9389683604240417,0.9994150400161743,0.4751884341239929,0.6361979246139526,-0.11280015110969543,0.9539473056793213,0.998767614364624,0.3782658874988556,0.7442089915275574,-0.25277742743492126,0.9610747694969177,0.9984452128410339,0.43808916211128235,0.7354283332824707,-0.2697538733482361,0.9608457088470459,0.9964500665664673,0.38065558671951294,0.7586227059364319,-0.28018051385879517,0.9707504510879517,0.997559666633606,0.41919761896133423,0.7465792894363403,-0.286556214094162,0.9598598480224609,0.9955992698669434,0.37779223918914795,0.7763716578483582,-0.3294091820716858,0.8773749470710754,0.9966102242469788,0.46396875381469727,0.7651270627975464,-0.3139910101890564,0.8776260018348694,0.995281994342804
22,748,True,0.4587143361568451,0.38544732332229614,0.5287116169929504,0.9997342824935913,0.9999973773956299,0.45215004682540894,0.379822313785553,0.5006130337715149,0.9997507929801941,0.9999958276748657,0.4477977454662323,0.3799438774585724,0.5006049275398254,0.999718964099884,0.9999959468841553,0.44163039326667786,0.3799544870853424,0.5007036924362183,0.9997376799583435,0.9999957084655762,0.46458518505096436,0.3800022006034851,0.4930036664009094,0.999699056148529,0.9999947547912598,0.469796359539032,0.37978288531303406,0.4928610920906067,0.9996476173400879,0.9999942779541016,0.47331300377845764,0.379838228225708,0.4930020272731781,0.9996333122253418,0.9999929666519165,0.43479597568511963,0.38350042700767517,0.3854526877403259,0.9996682405471802,0.9999963045120239,0.47357377409935,0.3845057785511017,0.3482464849948883,0.9995795488357544,0.9999927282333374,0.4484007656574249,0.3914225399494171,0.49063870310783386,0.9992778301239014,0.9999831914901733,0.4628978669643402,0.39185845851898193,0.48196685314178467,0.9992849230766296,0.9999839067459106,0.39530041813850403,0.41280752420425415,0.33415383100509644,0.9997208118438721,0.9997637867927551,0.4982355237007141,0.41493910551071167,0.2015860229730606,0.9996044039726257,0.9995737671852112,0.38532474637031555,0.4128531813621521,0.4805263578891754,0.8505185842514038,0.9998759031295776,0.5288976430892944,0.4022969603538513,0.24782998859882355,0.8908963799476624,0.9994994401931763,0.4391724765300751,0.37343865633010864,0.6902940273284912,0.6359540224075317,0.9998753070831299,0.4940463602542877,0.37154921889305115,0.42907702922821045,0.6310551166534424,0.9995816349983215,0.44571465253829956,0.36368122696876526,0.7250048518180847,0.6034741401672363,0.9998047947883606,0.4861081540584564,0.3562440574169159,0.45396360754966736,0.6030110120773315,0.9993744492530823,0.45062255859375,0.36227431893348694,0.7060385942459106,0.5957905054092407,0.9997933506965637,0.4833228290081024,0.3628028929233551,0.44240522384643555,0.5942175984382629,0.9993823766708374,0.4497627317905426,0.3666955530643463,0.6886471509933472,0.5779228806495667,0.9998550415039062,0.4821363091468811,0.36510080099105835,0.4297703206539154,0.5665819048881531,0.9995272159576416,0.4052266776561737,0.5403221845626831,0.04756549745798111,0.9998358488082886,0.9999089241027832,0.4705794155597687,0.5389030575752258,-0.04767371341586113,0.9998245239257812,0.9998206496238708,0.40901899337768555,0.6118256449699402,-0.06704947352409363,0.9301422238349915,0.9997078776359558,0.4787173867225647,0.6061365604400635,-0.1531507670879364,0.9469180703163147,0.9994028806686401,0.38018861413002014,0.7134191393852234,-0.2906692624092102,0.9586807489395142,0.9994217157363892,0.43800681829452515,0.7019805908203125,-0.2827792763710022,0.9554368853569031,0.9985308647155762,0.38122648000717163,0.7280741930007935,-0.31401899456977844,0.9677056074142456,0.999154806137085,0.4218941926956177,0.7181764245033264,-0.2954384982585907,0.9539598822593689,0.99826580286026,0.3798730671405792,0.7487205862998962,-0.3684896230697632,0.879849374294281,0.9987589120864868,0.45633357763290405,0.7349644899368286,-0.3280293643474579,0.8752398490905762,0.9980072379112244
23,782,True,0.4521752595901489,0.37711676955223083,0.4586082398891449,0.9997333884239197,0.9999884366989136,0.4481053352355957,0.37255027890205383,0.430563360452652,0.9997454285621643,0.9999839067459106,0.44409650564193726,0.3728335499763489,0.43055060505867004,0.9997133016586304,0.999984622001648,0.4370849132537842,0.3730342984199524,0.43060335516929626,0.9997342824935913,0.9999845027923584,0.46165135502815247,0.37244921922683716,0.43358710408210754,0.9996991157531738,0.9999791383743286,0.46627071499824524,0.37266889214515686,0.43348991870880127,0.9996497631072998,0.9999767541885376,0.46973899006843567,0.3728399872779846,0.4336372911930084,0.9996340870857239,0.9999725818634033,0.4313453137874603,0.3779049515724182,0.31056106090545654,0.9996705651283264,0.9999858140945435,0.4718794524669647,0.37839779257774353,0.3282611072063446,0.999575674533844,0.999970555305481,0.44376903772354126,0.3845073878765106,0.4175703227519989,0.9992367029190063,0.9999533891677856,0.4593576192855835,0.3842514157295227,0.4216879606246948,0.9992481470108032,0.9999487400054932,0.39480480551719666,0.4066985547542572,0.2434847056865692,0.999707043170929,0.9997132420539856,0.49936264753341675,0.41165056824684143,0.19340470433235168,0.999548077583313,0.9991735816001892,0.3791956901550293,0.39698731899261475,0.4507691562175751,0.8432396650314331,0.9998488426208496,0.5291472673416138,0.398070365190506,0.23886767029762268,0.869960606098175,0.9993821382522583,0.4435073733329773,0.3650987148284912,0.6763627529144287,0.6176252961158752,0.9997805953025818,0.4915139079093933,0.3650586009025574,0.4027499258518219,0.6016806364059448,0.9994068145751953,0.4538917541503906,0.3567294478416443,0.7161169052124023,0.5871248841285706,0.9996908903121948,0.49005621671676636,0.35286954045295715,0.42306822538375854,0.5783054828643799,0.9992751479148865,0.4618721902370453,0.35724982619285583,0.6927337050437927,0.5794822573661804,0.999660849571228,0.4802451729774475,0.35346755385398865,0.4096809923648834,0.570641279220581,0.9992595314979553,0.4593418538570404,0.36164969205856323,0.6754198670387268,0.5629406571388245,0.9997410178184509,0.4794197380542755,0.3558337092399597,0.39983177185058594,0.5444701313972473,0.9993513226509094,0.4053463935852051,0.5310028791427612,0.025763848796486855,0.9998420476913452,0.9999403953552246,0.47122132778167725,0.5324579477310181,-0.025949491187930107,0.999830424785614,0.9998817443847656,0.41637122631073,0.590540885925293,-0.07334184646606445,0.9285326600074768,0.9996106028556824,0.4962286949157715,0.5902054309844971,-0.09875058382749557,0.9426909685134888,0.9994200468063354,0.4010539650917053,0.6811081171035767,-0.2425711452960968,0.9575561285018921,0.9995369911193848,0.4363308250904083,0.6715500354766846,-0.22189727425575256,0.9530457854270935,0.9990444779396057,0.40333497524261475,0.6923633813858032,-0.2569974362850189,0.9669475555419922,0.9994646906852722,0.4190632402896881,0.6887734532356262,-0.23319371044635773,0.9521818161010742,0.999036431312561,0.395231157541275,0.7066734433174133,-0.28423142433166504,0.8801316618919373,0.9994427561759949,0.43807855248451233,0.7003514170646667,-0.2595779299736023,0.8719988465309143,0.9990068078041077
24,816,True,0.4490963816642761,0.37526383996009827,0.2777310907840729,0.9996784925460815,0.9999507665634155,0.4445616900920868,0.3705240488052368,0.2478685975074768,0.9996827840805054,0.9999409914016724,0.4403781592845917,0.37064266204833984,0.24783378839492798,0.9996454119682312,0.9999459981918335,0.43374741077423096,0.37060168385505676,0.24784033000469208,0.9996738433837891,0.9999486207962036,0.45944806933403015,0.37052708864212036,0.2535577416419983,0.9996334910392761,0.9999221563339233,0.46418362855911255,0.3706563413143158,0.2534850239753723,0.9995731711387634,0.9999136924743652,0.46795541048049927,0.3706624507904053,0.2535948157310486,0.9995530247688293,0.9998987913131714,0.428629994392395,0.37541043758392334,0.13281354308128357,0.9995999336242676,0.9999617338180542,0.47025296092033386,0.37577447295188904,0.1567368507385254,0.9994634389877319,0.9998980760574341,0.4418727457523346,0.38233038783073425,0.24000801146030426,0.9990310072898865,0.9998648166656494,0.45824018120765686,0.3823949694633484,0.24696201086044312,0.9990203380584717,0.9998356103897095,0.3934550881385803,0.40404772758483887,0.0767248347401619,0.999657154083252,0.9994958639144897,0.5001101493835449,0.4088795781135559,0.09802660346031189,0.9992325901985168,0.9973760843276978,0.3795621991157532,0.38912174105644226,0.24847261607646942,0.8397339582443237,0.9995759129524231,0.5297572612762451,0.3936910033226013,0.17133408784866333,0.8238168358802795,0.9976961016654968,0.4327288866043091,0.3594858646392822,0.5056500434875488,0.6187090277671814,0.9989271759986877,0.4900856018066406,0.36645910143852234,0.30729201436042786,0.565017819404602,0.9974223375320435,0.4415620267391205,0.35286745429039,0.530769407749176,0.5917304754257202,0.998356282711029,0.4909971058368683,0.35645729303359985,0.32065796852111816,0.5469548106193542,0.9968433380126953,0.4512615501880646,0.3546186685562134,0.5022348761558533,0.5845668911933899,0.99811851978302,0.4788574278354645,0.35676106810569763,0.2998253107070923,0.5405706763267517,0.9968000650405884,0.4500451683998108,0.35887181758880615,0.5017326474189758,0.5693128108978271,0.9985893368721008,0.47793808579444885,0.3587476313114166,0.30019915103912354,0.5177134871482849,0.9971575736999512,0.4056605100631714,0.5315560698509216,-0.001835170085541904,0.9998410940170288,0.999919056892395,0.4730355441570282,0.5322777628898621,0.0016185762360692024,0.9998211860656738,0.9998466968536377,0.40565359592437744,0.5740338563919067,-0.04143109172582626,0.9244402050971985,0.9988635778427124,0.49294137954711914,0.577225923538208,-0.00024853399372659624,0.9234586954116821,0.9981337189674377,0.41368502378463745,0.650964617729187,-0.087001733481884,0.9535883069038391,0.9987275004386902,0.4432280659675598,0.651124119758606,-0.005660384427756071,0.9386159181594849,0.9974784255027771,0.42313194274902344,0.6599971055984497,-0.08434993028640747,0.96159827709198,0.9986386895179749,0.4343487322330475,0.6615102291107178,-0.005462755914777517,0.937415361404419,0.9976524710655212,0.40604883432388306,0.6719703674316406,-0.08977489173412323,0.8788295388221741,0.9984622001647949,0.4433906674385071,0.6699661612510681,-0.01031866017729044,0.8570414185523987,0.9975470900535583
25,850,True,0.447470486164093,0.3773041367530823,0.25918716192245483,0.9996753334999084,0.9999592304229736,0.44260960817337036,0.37278491258621216,0.22545988857746124,0.999682605266571,0.999953031539917,0.43855786323547363,0.3728194832801819,0.22541116178035736,0.9996466040611267,0.9999595880508423,0.43165555596351624,0.3728184401988983,0.22540991008281708,0.999674379825592,0.9999626874923706,0.45843398571014404,0.3728432059288025,0.2338332235813141,0.9996314644813538,0.9999364614486694,0.4631179869174957,0.37295252084732056,0.23374830186367035,0.999569833278656,0.999930739402771,0.46674808859825134,0.37352100014686584,0.23380699753761292,0.9995479583740234,0.9999209642410278,0.4275937080383301,0.3775842785835266,0.10289257019758224,0.9996005892753601,0.9999772310256958,0.47011005878448486,0.3783353567123413,0.13929368555545807,0.9994654655456543,0.999934196472168,0.44104623794555664,0.3843933343887329,0.21984270215034485,0.999019205570221,0.9999284744262695,0.4577799141407013,0.38427260518074036,0.23058123886585236,0.9990019202232361,0.9999110698699951,0.3935357928276062,0.40533629059791565,0.048440150916576385,0.9996377229690552,0.9996664524078369,0.49935078620910645,0.41078251600265503,0.08393659442663193,0.9991126656532288,0.9984512329101562,0.38351723551750183,0.3855575919151306,0.16749832034111023,0.830299973487854,0.9995094537734985,0.5292813777923584,0.3942088484764099,0.17346994578838348,0.7886967062950134,0.9977508187294006,0.43158408999443054,0.36197006702423096,0.3590172529220581,0.6153047680854797,0.9987574815750122,0.4937094748020172,0.3653811812400818,0.33019229769706726,0.5390549302101135,0.9977299571037292,0.4515615701675415,0.3536807596683502,0.37227147817611694,0.5919083952903748,0.998095691204071,0.4927017092704773,0.35394588112831116,0.3437196612358093,0.5256049036979675,0.9971702694892883,0.4605654776096344,0.35546863079071045,0.3438434898853302,0.5856297612190247,0.9979856014251709,0.4893738329410553,0.3539225459098816,0.32410651445388794,0.5205480456352234,0.9972877502441406,0.4580821096897125,0.3595086932182312,0.35362064838409424,0.5710157752037048,0.9984501600265503,0.48792678117752075,0.3620797097682953,0.32469645142555237,0.4995865821838379,0.9975073933601379,0.40556588768959045,0.5317556262016296,-0.012677173130214214,0.9998447299003601,0.9999370574951172,0.4739028513431549,0.5339380502700806,0.012352813966572285,0.9998159408569336,0.9998575448989868,0.3923659026622772,0.5634957551956177,-0.005287251900881529,0.9222395420074463,0.9991775155067444,0.5091986656188965,0.5734468698501587,0.0926724225282669,0.9135693311691284,0.9981361627578735,0.3900882303714752,0.6431674361228943,-0.03248325362801552,0.9531768560409546,0.9987683892250061,0.4619629681110382,0.6364272236824036,0.14192287623882294,0.9314073920249939,0.9973799586296082,0.3971192240715027,0.6543458700180054,-0.03140686824917793,0.9584950804710388,0.9985313415527344,0.4513726234436035,0.6507004499435425,0.14957767724990845,0.929710328578949,0.9976194500923157,0.37261390686035156,0.6616255044937134,-0.04186165705323219,0.8788482546806335,0.9981879591941833,0.4625077545642853,0.6646957993507385,0.1626734733581543,0.8447567820549011,0.9977928400039673
26,884,True,0.4476703107357025,0.380485475063324,0.18949830532073975,0.9995855093002319,0.9998787641525269,0.44357630610466003,0.37517446279525757,0.15434540808200836,0.9996122717857361,0.9998527765274048,0.43958964943885803,0.37517550587654114,0.1543252170085907,0.9995647072792053,0.9998676776885986,0.4337320625782013,0.37518802285194397,0.1543191522359848,0.9995994567871094,0.9998724460601807,0.45950770378112793,0.3755224347114563,0.1634608507156372,0.9995517134666443,0.9998194575309753,0.4634934663772583,0.3757069706916809,0.16338708996772766,0.9994748830795288,0.999808132648468,0.4678499400615692,0.37597087025642395,0.1634504646062851,0.9994496703147888,0.9997842907905579,0.4279656410217285,0.37956711649894714,0.03231833875179291,0.9994794726371765,0.999915361404419,0.4702156186103821,0.3811613619327545,0.07258912920951843,0.9993303418159485,0.9998074173927307,0.44120508432388306,0.3871193528175354,0.15269121527671814,0.9987934827804565,0.9997827410697937,0.45793837308883667,0.3875279426574707,0.164383202791214,0.9987626075744629,0.9997484087944031,0.39337819814682007,0.405529648065567,-0.020994536578655243,0.9995880126953125,0.9994158744812012,0.49973705410957336,0.40998172760009766,0.049906618893146515,0.9988842010498047,0.9975242018699646,0.3841848075389862,0.382657527923584,0.08337800204753876,0.8107518553733826,0.9992777705192566,0.5288614630699158,0.38610661029815674,0.13822604715824127,0.7558005452156067,0.9970982074737549,0.4290868639945984,0.36267587542533875,0.22821937501430511,0.6084251999855042,0.997276246547699,0.4967521131038666,0.3626728653907776,0.2561222314834595,0.5195081233978271,0.9945511221885681,0.4458756744861603,0.35464876890182495,0.2257061004638672,0.5898053050041199,0.9957916736602783,0.49373680353164673,0.3547680675983429,0.26404306292533875,0.5099450349807739,0.9927934408187866,0.45360511541366577,0.3567277789115906,0.20124320685863495,0.5840007662773132,0.9956173896789551,0.4889211356639862,0.3557913899421692,0.23604528605937958,0.5061884522438049,0.9930468201637268,0.45233023166656494,0.36014047265052795,0.22269564867019653,0.5696635842323303,0.9964680671691895,0.48827967047691345,0.3567046523094177,0.24637633562088013,0.48722749948501587,0.9936783909797668,0.4054741859436035,0.5296276807785034,-0.021606409922242165,0.999833881855011,0.999835729598999,0.4743233919143677,0.5304081439971924,0.021357892081141472,0.9997605681419373,0.9996258020401001,0.3820951581001282,0.5741820335388184,0.01257363148033619,0.9181528687477112,0.9988237023353577,0.5208239555358887,0.5624000430107117,0.14383824169635773,0.8872066140174866,0.9962608218193054,0.36571037769317627,0.645639181137085,-0.021450817584991455,0.9529767632484436,0.9976477026939392,0.47452977299690247,0.6158105731010437,0.259392112493515,0.9092689752578735,0.9955572485923767,0.36508071422576904,0.6562539935112,-0.023072781041264534,0.9539344310760498,0.9968500733375549,0.46457529067993164,0.6233266592025757,0.27328363060951233,0.9089881181716919,0.9961177110671997,0.34148073196411133,0.6578263640403748,-0.06673754751682281,0.8796668648719788,0.9959287047386169,0.470833957195282,0.6313201785087585,0.28452420234680176,0.8203887343406677,0.9967793822288513
27,918,True,0.45092475414276123,0.38149672746658325,0.2158995270729065,0.9996061325073242,0.9999842643737793,0.4443972706794739,0.3770802617073059,0.17916999757289886,0.9996353983879089,0.9999819993972778,0.43989720940589905,0.3771432042121887,0.17916056513786316,0.9995908141136169,0.9999840259552002,0.4341486096382141,0.3765884339809418,0.17919635772705078,0.9996218085289001,0.999984860420227,0.4618418514728546,0.37740233540534973,0.1839999258518219,0.9995791912078857,0.9999765157699585,0.46703580021858215,0.3775519132614136,0.18388928472995758,0.9995070099830627,0.9999738931655884,0.4712347686290741,0.37771859765052795,0.18391643464565277,0.9994821548461914,0.9999700784683228,0.4281439781188965,0.3814794421195984,0.05146870017051697,0.9995033144950867,0.9999902248382568,0.47286272048950195,0.3822370767593384,0.07333303242921829,0.9993691444396973,0.9999727010726929,0.4420830309391022,0.38881760835647583,0.17669248580932617,0.9988735914230347,0.999975323677063,0.4601178467273712,0.3889804184436798,0.18318237364292145,0.9988375306129456,0.9999669790267944,0.39407992362976074,0.40858322381973267,-0.002136128954589367,0.9996005296707153,0.9998716115951538,0.5017723441123962,0.41200098395347595,0.026687579229474068,0.9988896250724792,0.9992789626121521,0.3813958466053009,0.39233091473579407,0.14382657408714294,0.8128266930580139,0.9997764229774475,0.5292324423789978,0.39251458644866943,0.1118643581867218,0.7645513415336609,0.9990527033805847,0.4228535592556,0.36829251050949097,0.3267451822757721,0.6120535135269165,0.9993201494216919,0.4984956979751587,0.36472684144973755,0.2532719373703003,0.5230015516281128,0.9986856579780579,0.4272439777851105,0.36148637533187866,0.3404623568058014,0.5961028933525085,0.998898983001709,0.49750760197639465,0.35914522409439087,0.26912322640419006,0.5116846561431885,0.9982172846794128,0.43791431188583374,0.363341748714447,0.3135041296482086,0.5905094742774963,0.9988721013069153,0.4958674907684326,0.35995563864707947,0.24821187555789948,0.5081744194030762,0.9983429908752441,0.4377416968345642,0.36612972617149353,0.3222103714942932,0.5762875080108643,0.9991263747215271,0.49431750178337097,0.3621012270450592,0.24850186705589294,0.48894453048706055,0.9985278844833374,0.4055347144603729,0.5259832739830017,-0.015518257394433022,0.99984210729599,0.9999469518661499,0.4746098816394806,0.5270830392837524,0.015348328277468681,0.9997547268867493,0.9998741149902344,0.3786225914955139,0.5885903239250183,-0.008454798720777035,0.9225251078605652,0.9997037053108215,0.5174797773361206,0.5676815509796143,0.18339994549751282,0.8882443904876709,0.9989042282104492,0.34701675176620483,0.655026376247406,-0.05936329811811447,0.9561221599578857,0.9990150928497314,0.47730472683906555,0.6090201139450073,0.2954101264476776,0.9075610637664795,0.9982596039772034,0.34675559401512146,0.6658537983894348,-0.05988134443759918,0.9553642272949219,0.998491644859314,0.47007691860198975,0.6150584816932678,0.3098393678665161,0.9080865979194641,0.9984161853790283,0.3206612169742584,0.6646025776863098,-0.1373554915189743,0.8855127692222595,0.9981484413146973,0.47645828127861023,0.6213160753250122,0.3215183615684509,0.810500979423523,0.998842179775238
28,952,True,0.4511255621910095,0.3865322768688202,0.17863114178180695,0.9995747804641724,0.9999268054962158,0.4445214569568634,0.3817206025123596,0.1492917388677597,0.9996117949485779,0.9999028444290161,0.44019606709480286,0.381722092628479,0.14926877617835999,0.9995548129081726,0.9999051094055176,0.43443721532821655,0.38134878873825073,0.1492932140827179,0.9996004700660706,0.9999043941497803,0.4615107774734497,0.38216477632522583,0.15037281811237335,0.9995720386505127,0.9998834133148193,0.46640825271606445,0.3822501301765442,0.1503126174211502,0.9995002746582031,0.9998717308044434,0.471272736787796,0.38242778182029724,0.15038326382637024,0.9994783401489258,0.9998512268066406,0.4290159046649933,0.38621675968170166,0.04315934702754021,0.999477744102478,0.9999083280563354,0.47292038798332214,0.38725537061691284,0.04792733117938042,0.9993539452552795,0.9998363256454468,0.44219738245010376,0.39352506399154663,0.1469646841287613,0.9988436102867126,0.9996871948242188,0.46019473671913147,0.39388802647590637,0.1483549326658249,0.9988037943840027,0.9996490478515625,0.39397260546684265,0.4143849015235901,0.002273960504680872,0.9995056986808777,0.9990925788879395,0.5006870627403259,0.4181717038154602,-0.009773391298949718,0.9987959265708923,0.9975812435150146,0.38094720244407654,0.396497905254364,0.08828534930944443,0.8106841444969177,0.9998562335968018,0.529505729675293,0.39940693974494934,0.020839782431721687,0.7541748881340027,0.9993973970413208,0.4227117896080017,0.3702121376991272,0.19314877688884735,0.6247203946113586,0.9996424913406372,0.501143753528595,0.36887893080711365,0.08408297598361969,0.5187971591949463,0.9991267323493958,0.4271167814731598,0.3615376353263855,0.19252018630504608,0.6083292365074158,0.9992961883544922,0.5005732774734497,0.36036401987075806,0.07820381224155426,0.5075734257698059,0.9987068176269531,0.43548932671546936,0.36308351159095764,0.17151013016700745,0.603273332118988,0.9992297887802124,0.4960956275463104,0.3635343015193939,0.0673062726855278,0.5044816732406616,0.9986743927001953,0.43474259972572327,0.3679804801940918,0.18699008226394653,0.5890364646911621,0.9994589686393738,0.4945317208766937,0.3658619821071625,0.07971733808517456,0.48592865467071533,0.9989050626754761,0.40891388058662415,0.5344793200492859,0.003993677906692028,0.9998529553413391,0.9999794960021973,0.4703918397426605,0.5358138084411621,-0.004098999779671431,0.9997707009315491,0.9999700784683228,0.3815253674983978,0.6082072854042053,0.03610936552286148,0.8848198056221008,0.9980214834213257,0.48298516869544983,0.5838410258293152,0.09788395464420319,0.8519210815429688,0.9979040622711182,0.38717925548553467,0.6150134205818176,0.11639532446861267,0.9082778096199036,0.9975994229316711,0.4148106873035431,0.6010301113128662,0.14806781709194183,0.866513192653656,0.9973179697990417,0.3841840922832489,0.6118292212486267,0.12667226791381836,0.9083335399627686,0.9971204996109009,0.4029180407524109,0.5975714921951294,0.15699949860572815,0.8653810620307922,0.9972341656684875,0.3768393099308014,0.6122598052024841,0.12829545140266418,0.840074896812439,0.9973909854888916,0.40552371740341187,0.5995804667472839,0.16284151375293732,0.7726162672042847,0.9977442026138306
29,986,True,0.4529530704021454,0.392945796251297,0.2003425806760788,0.9995623230934143,0.9998986721038818,0.4476298391819,0.38811612129211426,0.16802126169204712,0.999594509601593,0.9998767375946045,0.44331249594688416,0.3875812590122223,0.16800560057163239,0.999531090259552,0.999889612197876,0.4384363293647766,0.3869312107563019,0.1680414229631424,0.9995810985565186,0.9998956918716431,0.4621708393096924,0.3886740803718567,0.174005389213562,0.9995588064193726,0.9998356103897095,0.46888771653175354,0.39044189453125,0.17394542694091797,0.9994901418685913,0.9998177886009216,0.47287237644195557,0.39063137769699097,0.17401796579360962,0.9994629621505737,0.9997958540916443,0.4297545850276947,0.39131811261177063,0.05811408907175064,0.999464213848114,0.9999117851257324,0.4733888506889343,0.39445430040359497,0.0843261182308197,0.9993370771408081,0.9997919201850891,0.44474297761917114,0.3975362777709961,0.16724936664104462,0.9988617897033691,0.9997960925102234,0.4608790874481201,0.4010545313358307,0.1750958263874054,0.9988095164299011,0.9997252821922302,0.39577794075012207,0.4181670546531677,0.012623540125787258,0.9994808435440063,0.9997757077217102,0.4995768666267395,0.42395418882369995,0.03171173855662346,0.9986867904663086,0.9979682564735413,0.38036519289016724,0.3962351679801941,0.07152558118104935,0.8246222138404846,0.9999241828918457,0.5299103856086731,0.404076486825943,0.07166698575019836,0.7646715044975281,0.9994540810585022,0.4194534718990326,0.3704863488674164,0.15491174161434174,0.6543059945106506,0.999651312828064,0.509444534778595,0.37225937843322754,0.11302147060632706,0.5466193556785583,0.9991051554679871,0.42162102460861206,0.3610416650772095,0.1516033262014389,0.6373337507247925,0.9992105960845947,0.5097271800041199,0.3636465072631836,0.09863351285457611,0.5336692333221436,0.998629093170166,0.43275752663612366,0.36237215995788574,0.12617915868759155,0.632491409778595,0.9991477727890015,0.50315260887146,0.36477792263031006,0.08749993145465851,0.530888557434082,0.9986306428909302,0.43170446157455444,0.3681017756462097,0.14871154725551605,0.6181392073631287,0.9994044303894043,0.49859732389450073,0.3671831488609314,0.10716129839420319,0.5116735696792603,0.9988331198692322,0.40868517756462097,0.5434207320213318,0.0016095477622002363,0.9998628497123718,0.9999771118164062,0.46510928869247437,0.5416415333747864,-0.0018151493277400732,0.9997751116752625,0.9999165534973145,0.37700656056404114,0.6369813084602356,0.04268639534711838,0.8804933428764343,0.998930037021637,0.49220383167266846,0.6037299633026123,0.08298788964748383,0.8234278559684753,0.9957627654075623,0.38006290793418884,0.6521095037460327,0.057669755071401596,0.8986010551452637,0.9966413974761963,0.43092527985572815,0.6040180325508118,0.18979424238204956,0.8200893402099609,0.99580317735672,0.3781188428401947,0.6222336292266846,0.061237823218107224,0.8959832191467285,0.9943546056747437,0.42129719257354736,0.5998388528823853,0.20631860196590424,0.8367379903793335,0.9958221912384033,0.3672143816947937,0.634493887424469,0.04263248294591904,0.8232176303863525,0.9944252967834473,0.43720054626464844,0.6039401292800903,0.24065850675106049,0.7288733720779419,0.9973948001861572
30,1020,True,0.4533030092716217,0.4035584330558777,0.1422698199748993,0.9995796084403992,0.9999752044677734,0.45037272572517395,0.3995233178138733,0.10284288227558136,0.9996098875999451,0.9999638795852661,0.44333818554878235,0.39653483033180237,0.10284724831581116,0.9995466470718384,0.9999651908874512,0.4385678172111511,0.3961390256881714,0.10293599963188171,0.9995957612991333,0.9999642372131348,0.46346515417099,0.400560200214386,0.11859280616044998,0.9995785355567932,0.9999563694000244,0.4696767032146454,0.3995625376701355,0.11856267601251602,0.9995137453079224,0.9999524354934692,0.4761607348918915,0.4001011252403259,0.11867639422416687,0.9994882941246033,0.9999452829360962,0.43167930841445923,0.4010581970214844,-0.028601156547665596,0.9994873404502869,0.9999608993530273,0.47808709740638733,0.40595531463623047,0.04248034581542015,0.9993619918823242,0.9999372959136963,0.4452360272407532,0.4082171320915222,0.10224003344774246,0.9989147186279297,0.9998934268951416,0.46252796053886414,0.41056475043296814,0.12273378670215607,0.9988594055175781,0.9998739957809448,0.39552223682403564,0.4288484454154968,-0.09742462635040283,0.9994644522666931,0.9996722936630249,0.500212550163269,0.4392593502998352,0.02896788902580738,0.9987151622772217,0.9989688396453857,0.3775838315486908,0.4002233147621155,-0.04195385426282883,0.8392583727836609,0.9999008178710938,0.5300704836845398,0.4043284058570862,0.05320710688829422,0.7649222612380981,0.9996494054794312,0.41525769233703613,0.3740515410900116,0.056592363864183426,0.6834676265716553,0.9996662139892578,0.5109925270080566,0.3752633333206177,0.05418715998530388,0.5593550801277161,0.999458372592926,0.4146179258823395,0.3655208349227905,0.04446840658783913,0.666408896446228,0.9993289709091187,0.511533796787262,0.3658124804496765,0.04015199467539787,0.5448172688484192,0.999222993850708,0.42606231570243835,0.36667460203170776,0.02511546015739441,0.6618561744689941,0.9992522597312927,0.5044063329696655,0.36673611402511597,0.02532506175339222,0.5422849655151367,0.9991639852523804,0.42583808302879333,0.37185075879096985,0.05259273201227188,0.6478419899940491,0.9994760155677795,0.500774621963501,0.36938172578811646,0.045649606734514236,0.5231399536132812,0.9993017911911011,0.40546780824661255,0.5554272532463074,-0.012185150757431984,0.9998732209205627,0.9999796152114868,0.46202749013900757,0.5548213720321655,0.012029740959405899,0.9997931718826294,0.9999698400497437,0.3692081868648529,0.640536904335022,0.04162180423736572,0.8641206622123718,0.9978986978530884,0.49118009209632874,0.6157172918319702,0.11069205403327942,0.8075966238975525,0.9982477426528931,0.40688759088516235,0.6253832578659058,0.1644780933856964,0.8622885942459106,0.9981178045272827,0.44699105620384216,0.6102129220962524,0.2252911925315857,0.7937726378440857,0.9981963038444519,0.41326281428337097,0.6158775091171265,0.18382631242275238,0.8661251664161682,0.9977600574493408,0.4399957060813904,0.6045868396759033,0.23949629068374634,0.8140259385108948,0.9981075525283813,0.41087353229522705,0.6210571527481079,0.22335685789585114,0.7872454524040222,0.9980328679084778,0.4623488485813141,0.6079398393630981,0.2806444466114044,0.7012404799461365,0.9983276724815369
31,1054,True,0.4537022113800049,0.4180845618247986,0.1044674888253212,0.9995670914649963,0.9999486207962036,0.44913148880004883,0.4128127992153168,0.06782110780477524,0.999586820602417,0.9999222755432129,0.44302240014076233,0.41191133856773376,0.06782324612140656,0.9995214343070984,0.9999232292175293,0.4385172426700592,0.41150131821632385,0.0678815022110939,0.9995681047439575,0.9999186992645264,0.46415019035339355,0.41672182083129883,0.07409676164388657,0.9995718598365784,0.9999103546142578,0.4702889025211334,0.41525229811668396,0.07405107468366623,0.9995146989822388,0.9998995065689087,0.47797244787216187,0.41574031114578247,0.07415984570980072,0.9994810223579407,0.9998832941055298,0.43170416355133057,0.416172593832016,-0.05570421367883682,0.99947190284729,0.9998795986175537,0.47926852107048035,0.4211692214012146,-0.027873283252120018,0.9993535280227661,0.9998248219490051,0.44526180624961853,0.4220927357673645,0.0679411068558693,0.998904287815094,0.9997308850288391,0.4629691541194916,0.4238554537296295,0.07599926739931107,0.9988483190536499,0.9996908903121948,0.39545467495918274,0.44399333000183105,-0.1020638570189476,0.9994000792503357,0.9994321465492249,0.5019222497940063,0.4525415003299713,-0.062072329223155975,0.9987170100212097,0.9985939860343933,0.3797345757484436,0.40217772126197815,-0.057083986699581146,0.8532825708389282,0.9998784065246582,0.5302255153656006,0.41160306334495544,-0.05643449351191521,0.780737042427063,0.9996240139007568,0.40713822841644287,0.37628886103630066,-0.018100202083587646,0.712486982345581,0.999291181564331,0.5132662057876587,0.377215713262558,-0.0666348859667778,0.5903711915016174,0.9990401864051819,0.40681126713752747,0.36729496717453003,-0.035509999841451645,0.6965942978858948,0.9986390471458435,0.514887809753418,0.3679327368736267,-0.0902540311217308,0.5747010707855225,0.9985669255256653,0.41823551058769226,0.3681700825691223,-0.058871034532785416,0.692409873008728,0.9984039664268494,0.5071936845779419,0.3686685562133789,-0.10066516697406769,0.5723933577537537,0.9984789490699768,0.41864654421806335,0.3721480965614319,-0.0265338234603405,0.6791285872459412,0.9988592863082886,0.5019028186798096,0.37149181962013245,-0.07326692342758179,0.5518844723701477,0.9987472295761108,0.40346840023994446,0.5616726279258728,0.007244806736707687,0.9998787045478821,0.9999198913574219,0.46192046999931335,0.5624014139175415,-0.007239473983645439,0.9998003244400024,0.9998859167098999,0.3676428198814392,0.6453898549079895,0.05216309800744057,0.8500807285308838,0.995672881603241,0.49498897790908813,0.6227349042892456,0.10674059391021729,0.8010124564170837,0.9968030452728271,0.4077872335910797,0.6321741342544556,0.22362467646598816,0.835742175579071,0.9962154030799866,0.4471683204174042,0.6064655780792236,0.1944103091955185,0.7718637585639954,0.996337890625,0.41342300176620483,0.623806893825531,0.24440819025039673,0.8538393378257751,0.9958068132400513,0.4402613639831543,0.6002427339553833,0.20965801179409027,0.7993996739387512,0.996322512626648,0.40701794624328613,0.6341686248779297,0.2754295766353607,0.7605172991752625,0.9962448477745056,0.4625481367111206,0.6039749979972839,0.24526120722293854,0.6798805594444275,0.9967390894889832
32,1088,True,0.45595869421958923,0.42863792181015015,0.01544199138879776,0.9995774626731873,0.9999514818191528,0.45223668217658997,0.4248895049095154,-0.018306314945220947,0.9995787143707275,0.9999067783355713,0.44540834426879883,0.4239526689052582,-0.018281787633895874,0.9995129704475403,0.9999016523361206,0.4413321912288666,0.42343005537986755,-0.018201032653450966,0.9995578527450562,0.9998908042907715,0.4681011736392975,0.4272488057613373,-0.01437818631529808,0.9995765686035156,0.9998966455459595,0.4731560945510864,0.4274342954158783,-0.014406614936888218,0.9995256066322327,0.9998849630355835,0.47896525263786316,0.4276699423789978,-0.014273665845394135,0.9994887709617615,0.9998630285263062,0.4366902709007263,0.4274381101131439,-0.12348771840333939,0.9994677305221558,0.9998137354850769,0.4804289937019348,0.43320050835609436,-0.10617002099752426,0.9993627667427063,0.9997770190238953,0.44890204071998596,0.43426576256752014,-0.013291229493916035,0.9989257454872131,0.9996764659881592,0.46500489115715027,0.4355422556400299,-0.008159507997334003,0.9988783597946167,0.9996674060821533,0.3955285847187042,0.4522372782230377,-0.14393888413906097,0.9993130564689636,0.9987230896949768,0.5054216980934143,0.45894861221313477,-0.13874216377735138,0.998775839805603,0.9985380172729492,0.3819337487220764,0.40305668115615845,-0.16858193278312683,0.8647956252098083,0.9998680353164673,0.5288682579994202,0.4149337410926819,-0.18544337153434753,0.7957576513290405,0.9997664093971252,0.40735265612602234,0.3770652413368225,-0.21284766495227814,0.7381694316864014,0.9996122717857361,0.513201117515564,0.3767801821231842,-0.24167463183403015,0.6214327216148376,0.9994995594024658,0.40842705965042114,0.36680394411087036,-0.248016819357872,0.7227119207382202,0.9993005990982056,0.5145804286003113,0.36710816621780396,-0.2774781584739685,0.60425865650177,0.9992159605026245,0.4182143211364746,0.3675626218318939,-0.2648433744907379,0.7187749743461609,0.999267041683197,0.5068700313568115,0.36756467819213867,-0.28532105684280396,0.6021233201026917,0.9992111921310425,0.41965773701667786,0.3731892704963684,-0.22211115062236786,0.7056496143341064,0.9994520545005798,0.5020363926887512,0.37190312147140503,-0.24854423105716705,0.5806295871734619,0.9993294477462769,0.4047386050224304,0.5664364695549011,0.027109140530228615,0.9998729228973389,0.9997870326042175,0.46229660511016846,0.568331778049469,-0.02710123360157013,0.9998034834861755,0.999786913394928,0.42601829767227173,0.6409400701522827,0.042465973645448685,0.8177867531776428,0.9938815832138062,0.504281759262085,0.6298438310623169,0.016653968021273613,0.8009080290794373,0.9974609613418579,0.4283110201358795,0.5915250182151794,0.22079850733280182,0.7909453511238098,0.9963358640670776,0.4496968984603882,0.5998624563217163,0.1677519530057907,0.7679896354675293,0.997418999671936,0.42631611227989197,0.5808082818984985,0.24155472218990326,0.8174581527709961,0.9959433674812317,0.4404080808162689,0.5909921526908875,0.174043670296669,0.7892212271690369,0.996942937374115,0.4337388873100281,0.5801973938941956,0.2777895927429199,0.7197126746177673,0.9964588284492493,0.4610244035720825,0.5928695797920227,0.19347169995307922,0.6743791699409485,0.997201681137085
33,1122,True,0.45741429924964905,0.4331166744232178,-0.04973079264163971,0.9995806813240051,0.9999822378158569,0.4522705376148224,0.42808064818382263,-0.08395067602396011,0.9995719194412231,0.999961256980896,0.44626355171203613,0.4280012547969818,-0.08391968160867691,0.9995006918907166,0.9999572038650513,0.44221585988998413,0.42925572395324707,-0.08378935605287552,0.9995405673980713,0.9999501705169678,0.46907538175582886,0.4295847415924072,-0.0806022360920906,0.9995754361152649,0.9999595880508423,0.4756918251514435,0.43024978041648865,-0.08067847043275833,0.9995298385620117,0.9999549388885498,0.480375200510025,0.4305010437965393,-0.08057993650436401,0.9994932413101196,0.999945878982544,0.4373779296875,0.43406134843826294,-0.19134561717510223,0.9994294047355652,0.9999003410339355,0.4820621907711029,0.4371584951877594,-0.17579612135887146,0.9993546605110168,0.9998974800109863,0.4494462311267853,0.43987852334976196,-0.0802655816078186,0.9989268183708191,0.9998377561569214,0.4662947654724121,0.4395495355129242,-0.07567562162876129,0.9988941550254822,0.9998495578765869,0.3972066342830658,0.462425172328949,-0.20280496776103973,0.9992331862449646,0.9989499449729919,0.5104013085365295,0.46259602904319763,-0.19757625460624695,0.9988071322441101,0.999213695526123,0.38184764981269836,0.41098055243492126,-0.2286323755979538,0.8761798143386841,0.9999352693557739,0.5274983048439026,0.4167240560054779,-0.23582865297794342,0.8119068741798401,0.9998936653137207,0.4012012779712677,0.3771525025367737,-0.2912203371524811,0.7621047496795654,0.9997609257698059,0.5131744146347046,0.3772433400154114,-0.28672167658805847,0.653512716293335,0.9997454285621643,0.4005468487739563,0.36828455328941345,-0.34003952145576477,0.7472753524780273,0.9995598196983337,0.514576256275177,0.3676162362098694,-0.32202884554862976,0.6356250047683716,0.9995720982551575,0.4080410897731781,0.368375301361084,-0.3534507155418396,0.7436440587043762,0.9995276927947998,0.5067908763885498,0.3682314157485962,-0.33813124895095825,0.6337279081344604,0.9995647072792053,0.4131314158439636,0.3737910985946655,-0.3017303943634033,0.7307479381561279,0.999653697013855,0.5006405115127563,0.3725067675113678,-0.2962225675582886,0.6119253039360046,0.9996527433395386,0.4134146273136139,0.5716007947921753,0.024469565600156784,0.9998729228973389,0.9998576641082764,0.47152572870254517,0.5674327611923218,-0.024430695921182632,0.9998053312301636,0.9998843669891357,0.4320940375328064,0.631202757358551,0.010553237050771713,0.7865435481071472,0.9974109530448914,0.5126295685768127,0.5944058299064636,0.0061743357218801975,0.7837300300598145,0.9989123344421387,0.4251006543636322,0.5931574106216431,0.19863323867321014,0.7529504299163818,0.9986224174499512,0.4541560411453247,0.5711735486984253,0.16393542289733887,0.7429221868515015,0.998477041721344,0.4226832985877991,0.5860655307769775,0.2183096706867218,0.7888797521591187,0.9983934760093689,0.44055795669555664,0.5685160756111145,0.17731855809688568,0.7629064321517944,0.9982839226722717,0.42994457483291626,0.5838349461555481,0.21865327656269073,0.6924293041229248,0.9987837672233582,0.4685635566711426,0.5577993392944336,0.17970207333564758,0.6579715013504028,0.9986248016357422
34,1156,True,0.4612160623073578,0.44016605615615845,0.04719020426273346,0.9995958805084229,0.9999650716781616,0.4542880654335022,0.4348770081996918,0.011879503726959229,0.9995737671852112,0.9999375343322754,0.4484482705593109,0.43492937088012695,0.011876278556883335,0.9995097517967224,0.9999371767044067,0.44387087225914,0.435209184885025,0.0119327362626791,0.9995354413986206,0.9999327659606934,0.47302013635635376,0.4363533556461334,0.014166292734444141,0.9995810389518738,0.9999316930770874,0.4793025255203247,0.43709659576416016,0.014069968834519386,0.999542772769928,0.9999222755432129,0.4833712577819824,0.43758082389831543,0.014160390943288803,0.9994958639144897,0.9999104738235474,0.4387911558151245,0.441882848739624,-0.10434361547231674,0.99942946434021,0.9999150037765503,0.48485267162323,0.44362783432006836,-0.09540444612503052,0.9993706345558167,0.9998775720596313,0.45174381136894226,0.4467490613460541,0.012495806440711021,0.9989657998085022,0.9998992681503296,0.4703443646430969,0.4481106400489807,0.015250200405716896,0.9989302754402161,0.9998940229415894,0.39968281984329224,0.4730919897556305,-0.14352001249790192,0.9992305040359497,0.9998121857643127,0.5125126838684082,0.4727429747581482,-0.12374589592218399,0.9988605976104736,0.999661922454834,0.38340187072753906,0.41712528467178345,-0.12018334120512009,0.8874301910400391,0.9999192953109741,0.5271168351173401,0.42148882150650024,-0.12579059600830078,0.8281993865966797,0.9998389482498169,0.39990103244781494,0.3795466423034668,-0.12629249691963196,0.7851589322090149,0.9991777539253235,0.5133753418922424,0.37862735986709595,-0.16184306144714355,0.6859684586524963,0.9994805455207825,0.39869171380996704,0.3701295852661133,-0.15595954656600952,0.7718190550804138,0.9984265565872192,0.5159405469894409,0.3684503436088562,-0.19724811613559723,0.6691446304321289,0.9991027116775513,0.4086766242980957,0.37006232142448425,-0.18313200771808624,0.7685280442237854,0.998100221157074,0.5080559849739075,0.3683125674724579,-0.21020115911960602,0.6674115657806396,0.9991050362586975,0.4118826985359192,0.374087393283844,-0.1388973593711853,0.7567269802093506,0.9986647367477417,0.5016002058982849,0.37262773513793945,-0.1705038994550705,0.6467037200927734,0.9993066787719727,0.41565701365470886,0.5861693024635315,0.015759283676743507,0.9998704195022583,0.9998962879180908,0.47713732719421387,0.5847094655036926,-0.015487262047827244,0.9998020529747009,0.999889612197876,0.4160430431365967,0.6197379231452942,0.1040491834282875,0.7973816394805908,0.9983071088790894,0.49302199482917786,0.5914393663406372,0.1275135725736618,0.7770968675613403,0.9981377124786377,0.4323025941848755,0.6075079441070557,0.29303625226020813,0.7643651962280273,0.9981586337089539,0.4649815857410431,0.5886753797531128,0.30304354429244995,0.7269851565361023,0.9983035326004028,0.4415031373500824,0.6073331832885742,0.3136952519416809,0.8033883571624756,0.9981600642204285,0.45468467473983765,0.5998966097831726,0.32038411498069763,0.756767988204956,0.9985346794128418,0.433474600315094,0.6367110013961792,0.3304089605808258,0.7041868567466736,0.9983088970184326,0.47984322905540466,0.6138077974319458,0.3433498740196228,0.6454851031303406,0.9988272786140442
35,1190,True,0.46653398871421814,0.4470375180244446,0.02291162870824337,0.9993472099304199,0.9996185302734375,0.4610723853111267,0.44254985451698303,-0.015218864195048809,0.9993071556091309,0.9994427561759949,0.4529210925102234,0.44210830330848694,-0.015316082164645195,0.9992062449455261,0.9994565844535828,0.44829681515693665,0.4419342875480652,-0.015424592420458794,0.999190628528595,0.9994507431983948,0.47957080602645874,0.44361886382102966,-0.01874125562608242,0.9993752837181091,0.9994158744812012,0.484134703874588,0.4438874125480652,-0.01888730749487877,0.9993331432342529,0.99935382604599,0.4872533977031708,0.4439617693424225,-0.018800972029566765,0.9992226958274841,0.9993076324462891,0.4420621693134308,0.4471190869808197,-0.13065876066684723,0.9991692900657654,0.9994608759880066,0.4884095788002014,0.4489800035953522,-0.14912079274654388,0.9991487860679626,0.9992626309394836,0.4576719403266907,0.45254072546958923,-0.009454790502786636,0.9987435340881348,0.9994633793830872,0.47616156935691833,0.45364856719970703,-0.01446771714836359,0.9987196922302246,0.9994727969169617,0.4074701964855194,0.4759129583835602,-0.16491948068141937,0.999158501625061,0.9994614720344543,0.5139151215553284,0.47331929206848145,-0.18148252367973328,0.9987707138061523,0.9992056488990784,0.387248694896698,0.4235754907131195,-0.10103628039360046,0.8949684500694275,0.9996747970581055,0.5272562503814697,0.4236597418785095,-0.1808081716299057,0.8401005268096924,0.9995631575584412,0.4006182849407196,0.3796476721763611,-0.07634099572896957,0.8045381307601929,0.9973867535591125,0.5154989957809448,0.3784291744232178,-0.22931544482707977,0.713036060333252,0.9984775185585022,0.39838680624961853,0.3705635666847229,-0.10201290249824524,0.7928977012634277,0.9954425096511841,0.520284116268158,0.36838746070861816,-0.2691105008125305,0.6973270177841187,0.9971145391464233,0.4093703329563141,0.37044259905815125,-0.12812697887420654,0.7898159027099609,0.9943150877952576,0.5100927352905273,0.36853766441345215,-0.2851027250289917,0.6956819295883179,0.9971147775650024,0.41229671239852905,0.37366920709609985,-0.08752067387104034,0.7788534164428711,0.9958264231681824,0.5049238204956055,0.37225955724716187,-0.23954664170742035,0.6760013103485107,0.9978154897689819,0.42676472663879395,0.5884972810745239,0.010679909028112888,0.9998427033424377,0.999714195728302,0.48478439450263977,0.5884648561477661,-0.010359576903283596,0.9997466802597046,0.9996819496154785,0.4234068691730499,0.6319209337234497,0.17732729017734528,0.8112853169441223,0.9956113696098328,0.48783355951309204,0.6118161082267761,0.1907619833946228,0.7689773440361023,0.9949257373809814,0.4293804168701172,0.6470717191696167,0.3778005838394165,0.7771978974342346,0.9951460957527161,0.46368831396102905,0.6326462030410767,0.38857340812683105,0.7108307480812073,0.9946137070655823,0.43937623500823975,0.6495035886764526,0.40004974603652954,0.8193614482879639,0.9952647686004639,0.45367759466171265,0.6414575576782227,0.4088824689388275,0.7564277052879333,0.9953790903091431,0.4330854117870331,0.664759635925293,0.3787575662136078,0.7144437432289124,0.996061384677887,0.4640427529811859,0.6413787603378296,0.3999924957752228,0.6285727024078369,0.996738851070404
36,1224,True,0.46581360697746277,0.4461163878440857,0.07287438958883286,0.9993683695793152,0.9999617338180542,0.4602077007293701,0.4422767758369446,0.03447331488132477,0.9993262887001038,0.9999408721923828,0.4525580406188965,0.4422174394130707,0.034459300339221954,0.9992413520812988,0.9999421834945679,0.4478702247142792,0.4421573281288147,0.034501612186431885,0.9992082715034485,0.9999411106109619,0.4785998463630676,0.44264107942581177,0.03986923769116402,0.999395489692688,0.9999358654022217,0.48347094655036926,0.44274187088012695,0.03976263850927353,0.9993655681610107,0.9999297857284546,0.4869705140590668,0.4427877962589264,0.03985552117228508,0.9992420673370361,0.9999231100082397,0.4425758421421051,0.4472118020057678,-0.10793083906173706,0.9991960525512695,0.9999430179595947,0.4885294735431671,0.4477263391017914,-0.08773987740278244,0.9991820454597473,0.9999159574508667,0.4569832682609558,0.4519652724266052,0.03632064536213875,0.9987868666648865,0.9999462366104126,0.475382536649704,0.4524906575679779,0.041410088539123535,0.9987466931343079,0.9999418258666992,0.40624818205833435,0.4768674969673157,-0.09863994270563126,0.9992013573646545,0.9999063014984131,0.5142014622688293,0.47566837072372437,-0.14382822811603546,0.9988351464271545,0.9998250603675842,0.3885263204574585,0.42409974336624146,0.046626847237348557,0.9020448327064514,0.9999122619628906,0.5279788374900818,0.42480143904685974,-0.1526547074317932,0.8537975549697876,0.9998476505279541,0.4003599286079407,0.3798767924308777,0.11518924683332443,0.8221802115440369,0.9990216493606567,0.518534243106842,0.37789976596832275,-0.1687188297510147,0.7393336892127991,0.999110758304596,0.3946915566921234,0.3707694709300995,0.10807676613330841,0.811867892742157,0.9980491399765015,0.5223760604858398,0.36808520555496216,-0.2041156142950058,0.7243549227714539,0.9982592463493347,0.4067801237106323,0.3708323836326599,0.07390832901000977,0.80903559923172,0.9976813793182373,0.5111460089683533,0.3683876395225525,-0.21813815832138062,0.7227985262870789,0.9982706308364868,0.41196364164352417,0.3737190365791321,0.10306958854198456,0.798811674118042,0.9983762502670288,0.5073494911193848,0.3724667429924011,-0.17733091115951538,0.7039715647697449,0.9986936450004578,0.4246874451637268,0.5919668078422546,0.020819108933210373,0.9998471736907959,0.9999483823776245,0.4862914979457855,0.5945473909378052,-0.02067907713353634,0.9997541904449463,0.9999371767044067,0.40040525794029236,0.6136208176612854,0.19954335689544678,0.8221004009246826,0.9993919134140015,0.4830358624458313,0.6119838953018188,0.14378277957439423,0.7749026417732239,0.999041736125946,0.4099210202693939,0.6475847959518433,0.35258811712265015,0.7910841703414917,0.9992732405662537,0.4610772132873535,0.6438812017440796,0.3127461373806,0.7154974341392517,0.9989965558052063,0.42543819546699524,0.6509093046188354,0.3694459795951843,0.8330832719802856,0.9992513060569763,0.4520569145679474,0.6550526022911072,0.3302210569381714,0.7627630233764648,0.9990946054458618,0.3961956799030304,0.6652371287345886,0.3840574026107788,0.7265254855155945,0.9990240335464478,0.45961883664131165,0.6655991673469543,0.345691055059433,0.6298732757568359,0.9991034865379333
37,1258,True,0.46799126267433167,0.4458039700984955,0.08168916404247284,0.999330997467041,0.9998728036880493,0.46276193857192993,0.44099289178848267,0.06127878651022911,0.999245822429657,0.999800980091095,0.45414504408836365,0.44065752625465393,0.06126219779253006,0.9991511702537537,0.9997981190681458,0.4494690001010895,0.44045692682266235,0.061209600418806076,0.9991251230239868,0.9997902512550354,0.480180561542511,0.44149938225746155,0.051278404891490936,0.9993455410003662,0.9997665286064148,0.48641544580459595,0.4416554570198059,0.05121086537837982,0.9993184208869934,0.9997249245643616,0.4895998239517212,0.44161781668663025,0.051299795508384705,0.9991737008094788,0.9996706247329712,0.4441734850406647,0.4453664720058441,-0.031027385964989662,0.9991055130958557,0.9997121691703796,0.489531934261322,0.4460400938987732,-0.0639345571398735,0.9990822672843933,0.9994639754295349,0.4586946666240692,0.4516662061214447,0.062027331441640854,0.998659074306488,0.9994300007820129,0.4780757427215576,0.4522809088230133,0.057625558227300644,0.998568058013916,0.9993096590042114,0.40771135687828064,0.4790610373020172,-0.03223453462123871,0.9989675283432007,0.9990230798721313,0.5154802203178406,0.47665709257125854,-0.143705815076828,0.9985227584838867,0.9962128400802612,0.3888643980026245,0.4266519546508789,0.055935610085725784,0.9075804352760315,0.9998853206634521,0.529422402381897,0.4257826805114746,-0.20542986690998077,0.8635498881340027,0.9995946288108826,0.400959312915802,0.3822530508041382,0.09384143352508545,0.8372456431388855,0.9993994235992432,0.5195598006248474,0.37805813550949097,-0.2512441575527191,0.7581993341445923,0.9990611672401428,0.3967289924621582,0.37179407477378845,0.08260062336921692,0.8280788064002991,0.9987731575965881,0.5230660438537598,0.36838316917419434,-0.29214802384376526,0.7430996298789978,0.9984737038612366,0.4072607755661011,0.3721170127391815,0.05335337296128273,0.8254418969154358,0.9985129237174988,0.5130541324615479,0.3688124716281891,-0.29720455408096313,0.7415232062339783,0.9984731078147888,0.41277796030044556,0.3739550709724426,0.0825067088007927,0.8157458901405334,0.9990028738975525,0.5076627135276794,0.3726907968521118,-0.2570893168449402,0.7222602963447571,0.9987961053848267,0.4275636076927185,0.6071134805679321,0.04855434224009514,0.9998493790626526,0.9999326467514038,0.48678058385849,0.6060283780097961,-0.048515938222408295,0.9997534155845642,0.9999115467071533,0.4268232583999634,0.6576658487319946,0.1863907426595688,0.8180602192878723,0.9972078204154968,0.4881899058818817,0.6637895107269287,-0.020042482763528824,0.7776897549629211,0.9966651797294617,0.41947314143180847,0.6842799186706543,0.22985191643238068,0.7957512736320496,0.9971181154251099,0.4462735950946808,0.6914913654327393,0.07505334913730621,0.7192601561546326,0.9967171549797058,0.42938220500946045,0.6849688291549683,0.23640456795692444,0.840382993221283,0.996954083442688,0.43447571992874146,0.6932889223098755,0.08456328511238098,0.7648932337760925,0.996735155582428,0.4000048041343689,0.6986799240112305,0.190691739320755,0.732492983341217,0.9971590042114258,0.4361204504966736,0.7059692740440369,0.05229080095887184,0.6356407999992371,0.9974072575569153
38,1292,True,0.4675131142139435,0.4436258375644684,0.15770180523395538,0.9993728995323181,0.9999759197235107,0.4620346128940582,0.43887096643447876,0.13123610615730286,0.9992842078208923,0.9999608993530273,0.4540559649467468,0.4386982321739197,0.13127101957798004,0.9991923570632935,0.9999610185623169,0.44915318489074707,0.43846696615219116,0.13121715188026428,0.9991680383682251,0.9999597072601318,0.4798377454280853,0.4392257332801819,0.11565911769866943,0.9993836283683777,0.999955415725708,0.48574957251548767,0.4392959475517273,0.11556670814752579,0.9993571043014526,0.9999483823776245,0.48952391743659973,0.4392175078392029,0.11572006344795227,0.999218761920929,0.9999411106109619,0.44395333528518677,0.44359952211380005,0.030797192826867104,0.9991543292999268,0.9999562501907349,0.4898861050605774,0.44404369592666626,-0.04334987327456474,0.9991361498832703,0.9999231100082397,0.45827972888946533,0.4495023190975189,0.1293940246105194,0.998749315738678,0.9999409914016724,0.4774811267852783,0.44997701048851013,0.11028316617012024,0.9986643195152283,0.9999357461929321,0.4073260426521301,0.4775833189487457,0.013916140422224998,0.9990236759185791,0.9999097585678101,0.5166481733322144,0.4741244912147522,-0.12414615601301193,0.9986149072647095,0.9997952580451965,0.3887570798397064,0.424446165561676,0.0929657518863678,0.9142388701438904,0.9999345541000366,0.5294349193572998,0.42546796798706055,-0.15933725237846375,0.8757632970809937,0.999811589717865,0.40108558535575867,0.3819013237953186,0.12563802301883698,0.8521606922149658,0.9994838237762451,0.5194955468177795,0.3765513300895691,-0.1847028136253357,0.7802509069442749,0.9992141723632812,0.3980099856853485,0.37139052152633667,0.11742492020130157,0.8440034985542297,0.9989963173866272,0.5227271914482117,0.36639922857284546,-0.22099915146827698,0.7657960653305054,0.9985705614089966,0.40810808539390564,0.37143152952194214,0.08758503943681717,0.8415120244026184,0.9987562894821167,0.5126895904541016,0.3667014241218567,-0.2269744873046875,0.7642073035240173,0.9985873699188232,0.4133409261703491,0.37303078174591064,0.11273672431707382,0.8325864672660828,0.9991356730461121,0.5074974298477173,0.37177902460098267,-0.1906420886516571,0.7462632060050964,0.9989604949951172,0.4273439943790436,0.601537823677063,0.050514910370111465,0.9998520016670227,0.9999346733093262,0.4882320463657379,0.5988441705703735,-0.0503862127661705,0.9997572898864746,0.9999089241027832,0.4304760694503784,0.6764904260635376,0.1332322657108307,0.833467960357666,0.9994754195213318,0.4851943850517273,0.67741858959198,-0.018002361059188843,0.7945719361305237,0.9992188215255737,0.4195162355899811,0.7449585199356079,0.17116796970367432,0.8141911625862122,0.9991456270217896,0.44725871086120605,0.7489258050918579,0.06521044671535492,0.740578293800354,0.9987450838088989,0.4290884733200073,0.7547854781150818,0.1718965321779251,0.8552713990211487,0.9989585876464844,0.433972030878067,0.7593648433685303,0.07164780795574188,0.7814191579818726,0.9986802935600281,0.41035452485084534,0.7721828818321228,0.09242140501737595,0.7551348209381104,0.9986416697502136,0.44089850783348083,0.7728531956672668,0.014929350465536118,0.6597194671630859,0.9986321330070496
39,1326,True,0.46733909845352173,0.44260114431381226,0.1631237268447876,0.9994167685508728,0.9999816417694092,0.46138420701026917,0.4375495910644531,0.13207410275936127,0.9993281364440918,0.9999679327011108,0.45400887727737427,0.4374544620513916,0.13213291764259338,0.9992411136627197,0.9999675750732422,0.44894939661026,0.43733271956443787,0.13211876153945923,0.9992160201072693,0.9999662637710571,0.479328989982605,0.4380037784576416,0.12239441275596619,0.9994224309921265,0.9999650716781616,0.4851774573326111,0.43811994791030884,0.12230610102415085,0.9993960857391357,0.9999595880508423,0.4893367886543274,0.4381287693977356,0.12245394289493561,0.9992645978927612,0.999954342842102,0.4437974691390991,0.4423089623451233,0.025103216990828514,0.9992012977600098,0.999963641166687,0.4901013672351837,0.44293147325515747,-0.024168604984879494,0.9991871118545532,0.9999430179595947,0.4581383466720581,0.4490841329097748,0.1313023716211319,0.9988420009613037,0.9999600648880005,0.47696879506111145,0.4498976171016693,0.11883264034986496,0.9987620115280151,0.9999574422836304,0.4077778160572052,0.477800190448761,-0.00755122909322381,0.9990624189376831,0.9998807907104492,0.5175797939300537,0.4759880006313324,-0.11378360539674759,0.9986591339111328,0.9997572302818298,0.3823913037776947,0.42954879999160767,0.06753212958574295,0.9202030301094055,0.999893069267273,0.5297607183456421,0.4258422255516052,-0.15535388886928558,0.8863868713378906,0.9997876286506653,0.40129953622817993,0.38310542702674866,0.12659668922424316,0.8651206493377686,0.9994937181472778,0.5205380916595459,0.379375159740448,-0.21566130220890045,0.7990657687187195,0.999394416809082,0.39833882451057434,0.3720840811729431,0.11946912109851837,0.8579294085502625,0.9991075396537781,0.5242913961410522,0.3681328594684601,-0.2554645240306854,0.7848821878433228,0.9989326596260071,0.40878379344940186,0.37163472175598145,0.0914359912276268,0.8554980754852295,0.9989388585090637,0.5134499669075012,0.36864346265792847,-0.2629687488079071,0.7831937074661255,0.9989851117134094,0.41436946392059326,0.3733366131782532,0.11574646830558777,0.8472457528114319,0.9992169141769409,0.5075032114982605,0.3731197714805603,-0.22433944046497345,0.7664909362792969,0.9992148876190186,0.4303630292415619,0.6019378900527954,0.044330138713121414,0.999855637550354,0.999934196472168,0.4889475107192993,0.5992664098739624,-0.044310007244348526,0.9997662305831909,0.9999271631240845,0.4363870322704315,0.6849461793899536,0.09530794620513916,0.8489171266555786,0.9996209144592285,0.48350033164024353,0.6877119541168213,0.004074790049344301,0.8125085234642029,0.9995759129524231,0.428982675075531,0.7647514939308167,0.14715325832366943,0.8318319916725159,0.9994812607765198,0.4516507089138031,0.7673529386520386,0.08727596700191498,0.763523280620575,0.9993756413459778,0.42917972803115845,0.773298442363739,0.1505202353000641,0.8691636323928833,0.999366819858551,0.4448220133781433,0.7770217657089233,0.09255846589803696,0.7999796271324158,0.9992876648902893,0.4181766211986542,0.7875106334686279,0.0621793270111084,0.7767937183380127,0.9992153644561768,0.44542837142944336,0.7900882959365845,0.017668424174189568,0.6851034760475159,0.9992393255233765
40,1360,True,0.46708375215530396,0.4436272084712982,0.16115736961364746,0.9994516968727112,0.9999794960021973,0.46100667119026184,0.4383893609046936,0.13079091906547546,0.999359667301178,0.9999638795852661,0.45380765199661255,0.43827906250953674,0.13085012137889862,0.9992758631706238,0.999963641166687,0.44879961013793945,0.43810373544692993,0.13083188235759735,0.9992495775222778,0.9999622106552124,0.4793328046798706,0.4386550486087799,0.12072277069091797,0.999450147151947,0.9999603033065796,0.4849851429462433,0.4386439919471741,0.12062887847423553,0.9994237422943115,0.9999538660049438,0.48949480056762695,0.4385424256324768,0.12077446281909943,0.9992963075637817,0.9999477863311768,0.4439231753349304,0.4428780674934387,0.030150191858410835,0.9992330074310303,0.9999576807022095,0.4903104901313782,0.4430726170539856,-0.02132141962647438,0.9992236495018005,0.999931812286377,0.45793142914772034,0.4497762620449066,0.13132815062999725,0.9989182949066162,0.999954342842102,0.47688043117523193,0.4501801133155823,0.1179518774151802,0.9988412261009216,0.9999511241912842,0.40781280398368835,0.4776400625705719,0.002986861625686288,0.9990969300270081,0.9998828172683716,0.5174115300178528,0.47602835297584534,-0.10796727985143661,0.9986839890480042,0.999729335308075,0.3838006258010864,0.4290218949317932,0.08532093465328217,0.925807774066925,0.9999063014984131,0.5303065180778503,0.4254465103149414,-0.16688810288906097,0.8958624005317688,0.9997888207435608,0.4014519453048706,0.38405299186706543,0.14068305492401123,0.8772817254066467,0.9995298385620117,0.5203312635421753,0.37874215841293335,-0.22969144582748413,0.8166014552116394,0.9993508458137512,0.3988608419895172,0.37236443161964417,0.13441331684589386,0.8709325194358826,0.9991452693939209,0.5238749384880066,0.36726507544517517,-0.27347254753112793,0.802918016910553,0.9988460540771484,0.4091572165489197,0.37165945768356323,0.10424390435218811,0.8686160445213318,0.9989515542984009,0.5122087001800537,0.36801469326019287,-0.2785196602344513,0.8011731505393982,0.9988815188407898,0.4147208631038666,0.375008761882782,0.12900099158287048,0.8610047101974487,0.9992520213127136,0.5069399476051331,0.3731362819671631,-0.23763687908649445,0.7856097221374512,0.9991520643234253,0.43209049105644226,0.6027578711509705,0.04198535159230232,0.999858021736145,0.9999268054962158,0.489745169878006,0.6003397703170776,-0.041896920651197433,0.9997715950012207,0.9999157190322876,0.442412406206131,0.6867148280143738,0.07918689399957657,0.8626755475997925,0.9996250867843628,0.48270758986473083,0.6889940500259399,-0.008004946634173393,0.8283378481864929,0.999567449092865,0.4393662214279175,0.7730394601821899,0.13944455981254578,0.847713828086853,0.9994986057281494,0.4602918028831482,0.7746440768241882,0.07051081955432892,0.7842774987220764,0.9994181394577026,0.43954750895500183,0.7845579385757446,0.14336657524108887,0.8816319108009338,0.9993778467178345,0.46045273542404175,0.787354052066803,0.07418673485517502,0.8165057897567749,0.9993259906768799,0.4322647452354431,0.7942876815795898,0.04463493451476097,0.7967554926872253,0.9991639852523804,0.46053341031074524,0.7980340123176575,-0.016639908775687218,0.7096939086914062,0.9992226362228394
41,1394,True,0.4594897925853729,0.44333910942077637,0.11337180435657501,0.9994387626647949,0.9999374151229858,0.45499131083488464,0.43839746713638306,0.07001439481973648,0.9993351697921753,0.9998987913131714,0.4485040307044983,0.4384240210056305,0.07006198167800903,0.9992546439170837,0.9999009370803833,0.44482654333114624,0.43840521574020386,0.06998807191848755,0.9992139935493469,0.9999006986618042,0.47388777136802673,0.4381906986236572,0.08569066971540451,0.9994208812713623,0.9998997449874878,0.48039352893829346,0.4380742907524109,0.08561556786298752,0.9993893504142761,0.9998884201049805,0.4854043424129486,0.4379178583621979,0.08580656349658966,0.9992484450340271,0.9998838901519775,0.44231411814689636,0.443307489156723,-0.0734550878405571,0.9992085695266724,0.9999104738235474,0.48883309960365295,0.44238337874412537,-0.019388560205698013,0.9991876482963562,0.9998900890350342,0.45248663425445557,0.44954925775527954,0.0674598291516304,0.9989387392997742,0.999937891960144,0.4714008867740631,0.4493960440158844,0.087765172123909,0.9988729357719421,0.9999382495880127,0.407610148191452,0.47720569372177124,-0.17216137051582336,0.9991554617881775,0.9999314546585083,0.5172052979469299,0.47574105858802795,-0.034674640744924545,0.9987322688102722,0.9998972415924072,0.3842024505138397,0.4295400083065033,-0.13879477977752686,0.9323050379753113,0.9998965263366699,0.5300982594490051,0.4253550171852112,-0.04061836004257202,0.8994184732437134,0.9999018907546997,0.4020657539367676,0.38398659229278564,-0.06746746599674225,0.888907790184021,0.9993833303451538,0.5201594233512878,0.37676024436950684,-0.22378255426883698,0.8305937051773071,0.9996126294136047,0.39922887086868286,0.3723612427711487,-0.0930338129401207,0.8832994699478149,0.998892605304718,0.5239942073822021,0.36532360315322876,-0.23722529411315918,0.8177386522293091,0.9991616010665894,0.40923774242401123,0.3715396523475647,-0.11709069460630417,0.8811293840408325,0.998473584651947,0.5120612978935242,0.36577871441841125,-0.22936435043811798,0.8159195184707642,0.9991270899772644,0.41601240634918213,0.37422993779182434,-0.07534778118133545,0.8741838335990906,0.9989386200904846,0.5068963766098022,0.3717755973339081,-0.2013000249862671,0.8019600510597229,0.9993864297866821,0.4373175799846649,0.6042951345443726,-0.04609937220811844,0.9998655915260315,0.9999727010726929,0.49020034074783325,0.6020880937576294,0.04634386673569679,0.9997844099998474,0.9999717473983765,0.444166898727417,0.6846379041671753,0.040180549025535583,0.8760162591934204,0.9995506405830383,0.4811064302921295,0.6838988661766052,0.16063743829727173,0.8362241387367249,0.999613344669342,0.45273497700691223,0.7616100311279297,0.14928162097930908,0.8623776435852051,0.9995688796043396,0.47313299775123596,0.7620319128036499,0.2934894263744354,0.797488272190094,0.999618649482727,0.4587944746017456,0.77149897813797,0.1604214906692505,0.8932190537452698,0.99953293800354,0.4774010181427002,0.773361325263977,0.3029569983482361,0.8305165767669678,0.9995939135551453,0.4306359589099884,0.7821581363677979,0.08114823698997498,0.815386950969696,0.9994387030601501,0.4641597867012024,0.7844799757003784,0.24017804861068726,0.7244573831558228,0.9995763897895813
42,1428,True,0.4595520794391632,0.4434938430786133,0.0028951740823686123,0.9994890689849854,0.9999943971633911,0.4548855125904083,0.43876299262046814,-0.027549730613827705,0.9993946552276611,0.9999920129776001,0.4485166370868683,0.43878835439682007,-0.027682380750775337,0.9993224740028381,0.9999922513961792,0.4444043040275574,0.43873852491378784,-0.027837352827191353,0.9992827773094177,0.999991774559021,0.473857581615448,0.43893495202064514,-0.04114830866456032,0.9994731545448303,0.9999921321868896,0.4803003668785095,0.43903613090515137,-0.041321493685245514,0.9994456768035889,0.9999914169311523,0.4851710796356201,0.43906912207603455,-0.04127688705921173,0.9993152618408203,0.9999908208847046,0.44187894463539124,0.44430455565452576,-0.11709234118461609,0.9992796182632446,0.999993085861206,0.4887961149215698,0.4443916380405426,-0.1807636022567749,0.9992619752883911,0.9999916553497314,0.45203492045402527,0.4499838948249817,-0.018865911290049553,0.9990339279174805,0.9999914169311523,0.47118839621543884,0.45020660758018494,-0.03706521540880203,0.998974621295929,0.999991774559021,0.40742409229278564,0.4785268306732178,-0.13361328840255737,0.9992302060127258,0.999988317489624,0.5170247554779053,0.4782966077327728,-0.22927072644233704,0.9988493323326111,0.9999892711639404,0.3871086537837982,0.43111252784729004,-0.06095736846327782,0.9355272054672241,0.9999598264694214,0.526502788066864,0.42782339453697205,-0.2549824118614197,0.9083055853843689,0.9999589920043945,0.40214651823043823,0.3855677843093872,-0.06515925377607346,0.898872971534729,0.9996060729026794,0.5190120339393616,0.37934568524360657,-0.3299553692340851,0.8467380404472351,0.9997861981391907,0.3994506299495697,0.37369751930236816,-0.09755907952785492,0.8939819931983948,0.9993287324905396,0.5237101316452026,0.3669337034225464,-0.39489123225212097,0.8347808122634888,0.9995786547660828,0.40954411029815674,0.37157687544822693,-0.13352924585342407,0.8919761776924133,0.9992192983627319,0.5120041966438293,0.36708304286003113,-0.39930975437164307,0.8330920934677124,0.9995958209037781,0.4161618649959564,0.37550681829452515,-0.08231271058320999,0.8855652809143066,0.999417781829834,0.506199300289154,0.3739057779312134,-0.33713656663894653,0.8201526999473572,0.9997053742408752,0.4365618824958801,0.6082850098609924,0.011783474124968052,0.9998771548271179,0.9999943971633911,0.4925014078617096,0.6061150431632996,-0.011079993098974228,0.9998037219047546,0.9999945163726807,0.44289863109588623,0.6761075258255005,0.41624391078948975,0.885520339012146,0.9999014139175415,0.485625684261322,0.6732187867164612,0.3442760407924652,0.8462006449699402,0.9998899698257446,0.45739907026290894,0.7380871772766113,0.7873169779777527,0.8718909025192261,0.9998941421508789,0.4868917167186737,0.7377187013626099,0.7056325674057007,0.8068987131118774,0.9998725652694702,0.4596792757511139,0.7452802062034607,0.823208212852478,0.9022566676139832,0.9998762607574463,0.484345406293869,0.7470434904098511,0.7396522760391235,0.8391052484512329,0.9998717308044434,0.4500749409198761,0.7563543319702148,0.7932311296463013,0.8262894749641418,0.9998397827148438,0.4806627631187439,0.755041778087616,0.7173434495925903,0.7360906004905701,0.9998515844345093
43,1462,True,0.4590597450733185,0.4436477720737457,-0.03846686705946922,0.9995238780975342,0.9999825954437256,0.4540378451347351,0.4389788508415222,-0.07368925213813782,0.9994375109672546,0.999976634979248,0.44809162616729736,0.4389468729496002,-0.0739036425948143,0.9993739128112793,0.9999774694442749,0.443250447511673,0.43884605169296265,-0.07410623133182526,0.9993308782577515,0.999976396560669,0.47353553771972656,0.4394625127315521,-0.0789887085556984,0.9995101690292358,0.9999761581420898,0.4798829257488251,0.4396734833717346,-0.07916068285703659,0.9994876384735107,0.9999741315841675,0.48453962802886963,0.43979230523109436,-0.07911844551563263,0.9993605613708496,0.9999719858169556,0.44114673137664795,0.44410258531570435,-0.17477591335773468,0.9993315935134888,0.999980092048645,0.4882921576499939,0.44504278898239136,-0.20016410946846008,0.9993137717247009,0.9999749660491943,0.45086508989334106,0.4496716856956482,-0.06329639256000519,0.9990947246551514,0.9999725818634033,0.47048425674438477,0.45004773139953613,-0.07068188488483429,0.9990426898002625,0.9999732971191406,0.40524113178253174,0.47730016708374023,-0.2013305425643921,0.9992936253547668,0.9999749660491943,0.5154826045036316,0.47696956992149353,-0.21783706545829773,0.9989456534385681,0.9999752044677734,0.387501984834671,0.43295779824256897,-0.14447705447673798,0.9375022053718567,0.9999334812164307,0.5247426629066467,0.42735061049461365,-0.20880091190338135,0.913332462310791,0.9999357461929321,0.40229442715644836,0.3865596055984497,-0.18166440725326538,0.9074432253837585,0.9994471669197083,0.5174919366836548,0.3795527219772339,-0.2812314033508301,0.8601198792457581,0.9997276663780212,0.3995282053947449,0.3755192458629608,-0.22763097286224365,0.903237521648407,0.999016284942627,0.5235869288444519,0.3673464059829712,-0.3422480821609497,0.8488940596580505,0.999440610408783,0.41001975536346436,0.3727192282676697,-0.25421637296676636,0.9013408422470093,0.9989101886749268,0.5108800530433655,0.3673762083053589,-0.35712504386901855,0.8473440408706665,0.9994632601737976,0.4156133532524109,0.37714117765426636,-0.19539548456668854,0.8953445553779602,0.9992020726203918,0.5031850337982178,0.3738695979118347,-0.29367390275001526,0.8351428508758545,0.9996138215065002,0.4357315003871918,0.6055314540863037,0.006887064315378666,0.9998865723609924,0.9999921321868896,0.4921877086162567,0.6043074727058411,-0.006261024158447981,0.9998202919960022,0.9999920129776001,0.4399622976779938,0.652433454990387,0.4585455060005188,0.8925104141235352,0.9997654557228088,0.48572760820388794,0.6544296145439148,0.46184492111206055,0.8454542756080627,0.9997637867927551,0.4561459422111511,0.6940649747848511,0.8893864750862122,0.8762257695198059,0.9997949004173279,0.4827674329280853,0.7028993368148804,0.8725425601005554,0.801035463809967,0.9997319579124451,0.45534181594848633,0.6975990533828735,0.9331108927726746,0.9090835452079773,0.9997867941856384,0.4776531755924225,0.7130066156387329,0.912774384021759,0.8385502696037292,0.9997469782829285,0.4442198872566223,0.710139274597168,0.9218931198120117,0.8296545743942261,0.9997748732566833,0.47792282700538635,0.7207750082015991,0.9064600467681885,0.7309409379959106,0.9997586607933044
44,1496,True,0.4588237702846527,0.443189799785614,-0.08407653123140335,0.999546468257904,0.9999417066574097,0.4528190493583679,0.43842968344688416,-0.11949753016233444,0.9994632005691528,0.9999150037765503,0.4472863972187042,0.4383542537689209,-0.11975666880607605,0.9994070529937744,0.9999167919158936,0.44261160492897034,0.43826526403427124,-0.11994073539972305,0.9993582963943481,0.9999116659164429,0.47346919775009155,0.43916815519332886,-0.1248684674501419,0.999532163143158,0.9999113082885742,0.47975942492485046,0.43944042921066284,-0.12506645917892456,0.9995147585868835,0.999903678894043,0.4846171438694,0.43967804312705994,-0.12507185339927673,0.9993864893913269,0.9998927116394043,0.4401744306087494,0.4433267116546631,-0.21596236526966095,0.9993614554405212,0.9999159574508667,0.4882274270057678,0.4445396959781647,-0.24035689234733582,0.9993436336517334,0.9998927116394043,0.4499618113040924,0.4491523206233978,-0.10565925389528275,0.9991264939308167,0.9998914003372192,0.47023820877075195,0.44964486360549927,-0.11284148693084717,0.9990829229354858,0.9998914003372192,0.40347447991371155,0.4769258499145508,-0.23023948073387146,0.9993376731872559,0.9999101161956787,0.514802098274231,0.47605371475219727,-0.2548479437828064,0.9990204572677612,0.9998999834060669,0.3898735046386719,0.430459588766098,-0.2208811640739441,0.936976969242096,0.9998811483383179,0.5241697430610657,0.4270924925804138,-0.26489055156707764,0.9177706241607666,0.9998711347579956,0.404588520526886,0.38364896178245544,-0.31131845712661743,0.9141247272491455,0.9990523457527161,0.5171463489532471,0.37916380167007446,-0.3695712983608246,0.8719837069511414,0.9995396137237549,0.4016769826412201,0.3736303448677063,-0.3713451325893402,0.9102656841278076,0.9981628060340881,0.5234111547470093,0.36745327711105347,-0.4406777322292328,0.8613067269325256,0.9990413784980774,0.4110203981399536,0.372223436832428,-0.3941429853439331,0.9084664583206177,0.9982292056083679,0.5106363296508789,0.367511123418808,-0.45366978645324707,0.8599422574043274,0.9991528987884521,0.4175025224685669,0.3766252398490906,-0.3257586658000946,0.902574360370636,0.9986767172813416,0.5032259821891785,0.37279510498046875,-0.3819405138492584,0.8481233716011047,0.999363362789154,0.4354535937309265,0.6051298975944519,0.007800740655511618,0.9998917579650879,0.9999672174453735,0.49218541383743286,0.6035668849945068,-0.007263153325766325,0.9998313784599304,0.9999673366546631,0.4382327198982239,0.6413105130195618,0.477338969707489,0.8864490389823914,0.9992300271987915,0.4890984296798706,0.6421156525611877,0.4691963493824005,0.8316006660461426,0.9992223978042603,0.45308712124824524,0.6752753853797913,0.9142992496490479,0.8636338114738464,0.9990065693855286,0.4809148907661438,0.6719138026237488,0.8888090252876282,0.7820967435836792,0.9988240599632263,0.4545978903770447,0.6791044473648071,0.959354043006897,0.9044956564903259,0.9988503456115723,0.47429558634757996,0.6831496953964233,0.9304864406585693,0.8237692713737488,0.9987857937812805,0.4431836009025574,0.6823903322219849,0.9530948996543884,0.81442791223526,0.9989506006240845,0.47610995173454285,0.6835256218910217,0.9202694296836853,0.7133889198303223,0.998956561088562
45,1530,True,0.46003350615501404,0.4448975622653961,-0.21061967313289642,0.9995740652084351,0.9998667240142822,0.452053040266037,0.43896856904029846,-0.2608715295791626,0.9994871616363525,0.999714195728302,0.4469168782234192,0.43895024061203003,-0.26118823885917664,0.999448299407959,0.9997103810310364,0.44246914982795715,0.4389696717262268,-0.261335551738739,0.9993885159492493,0.9996949434280396,0.4728894531726837,0.4394078254699707,-0.26107072830200195,0.9995461106300354,0.999659538269043,0.47892168164253235,0.4395177364349365,-0.2611934244632721,0.9995434284210205,0.9996104836463928,0.48436930775642395,0.43969637155532837,-0.26115715503692627,0.9994072318077087,0.9995431900024414,0.44011789560317993,0.44372373819351196,-0.39613401889801025,0.9993929862976074,0.9994519352912903,0.487890362739563,0.4446113705635071,-0.39396247267723083,0.9993616938591003,0.9991785883903503,0.4497227072715759,0.4501967430114746,-0.2461140900850296,0.9991763234138489,0.9997134804725647,0.47010940313339233,0.450355589389801,-0.24573811888694763,0.999144971370697,0.9996840953826904,0.4034115970134735,0.47611886262893677,-0.3539491891860962,0.999359130859375,0.9993076324462891,0.5144274234771729,0.4754829406738281,-0.35515645146369934,0.9990876317024231,0.999468982219696,0.38508960604667664,0.43190446496009827,-0.3867019712924957,0.9310826063156128,0.9999258518218994,0.5239487290382385,0.4269198477268219,-0.34967535734176636,0.9159519076347351,0.9998606443405151,0.4046235680580139,0.38366031646728516,-0.5005861520767212,0.9167839884757996,0.9995706677436829,0.5179105401039124,0.3769698143005371,-0.5186136364936829,0.881643533706665,0.9993793964385986,0.40114352107048035,0.3735140264034271,-0.5969981551170349,0.91018146276474,0.9989840388298035,0.5248414874076843,0.3662491738796234,-0.6128177046775818,0.8714956641197205,0.9987558126449585,0.4112663269042969,0.37224406003952026,-0.61001056432724,0.9079925417900085,0.9990829229354858,0.5118017792701721,0.36618784070014954,-0.6416029334068298,0.8704577684402466,0.9988709092140198,0.4175325930118561,0.37611207365989685,-0.5163875222206116,0.9019509553909302,0.9993345141410828,0.5041650533676147,0.3699088394641876,-0.5405846238136292,0.8590914011001587,0.9991132616996765,0.42757394909858704,0.5913524627685547,0.0025154752656817436,0.9998186230659485,0.9987272620201111,0.49143722653388977,0.5926299691200256,-0.002179129980504513,0.9997959733009338,0.9988937973976135,0.42047119140625,0.5110867023468018,0.345257043838501,0.8320350050926208,0.9971707463264465,0.487472265958786,0.5122120380401611,0.3315458595752716,0.7784899473190308,0.9978511333465576,0.41724729537963867,0.4698006510734558,0.695762038230896,0.830920934677124,0.9985274076461792,0.4873100817203522,0.48354679346084595,0.6945231556892395,0.7641463279724121,0.998728334903717,0.4178917407989502,0.4613131880760193,0.731855034828186,0.8683784604072571,0.9983721375465393,0.4812207520008087,0.48026910424232483,0.7277284264564514,0.7994099259376526,0.9985954165458679,0.4290449321269989,0.4610232710838318,0.6149283647537231,0.8053376078605652,0.9983367919921875,0.4993302524089813,0.4712162911891937,0.6007094383239746,0.716895341873169,0.998184859752655
46,1564,True,0.4612490236759186,0.44594821333885193,-0.2552485764026642,0.9996021389961243,0.999910831451416,0.4518453776836395,0.4387253224849701,-0.30206984281539917,0.9995089769363403,0.999779999256134,0.44672203063964844,0.43865761160850525,-0.3022040128707886,0.9994874000549316,0.9997656941413879,0.44229936599731445,0.43864864110946655,-0.30223146080970764,0.9994143843650818,0.9997519850730896,0.4728882312774658,0.4391661584377289,-0.30212104320526123,0.9995606541633606,0.9997377991676331,0.4788905680179596,0.43929824233055115,-0.30214112997055054,0.9995729923248291,0.9996908903121948,0.48436257243156433,0.4394810199737549,-0.3020119071006775,0.9994285702705383,0.9996283054351807,0.43993982672691345,0.443358838558197,-0.423970103263855,0.9994173049926758,0.9993457198143005,0.48778119683265686,0.4448573589324951,-0.42191776633262634,0.9993749260902405,0.9989644289016724,0.44976332783699036,0.4504472315311432,-0.28854134678840637,0.9992185235023499,0.9996247291564941,0.4701991677284241,0.4510466158390045,-0.28788429498672485,0.9991994500160217,0.9995712637901306,0.40216025710105896,0.47581547498703003,-0.3525767922401428,0.9993314743041992,0.9979850053787231,0.5139191150665283,0.47578057646751404,-0.3552209138870239,0.999114453792572,0.9984303116798401,0.3850812613964081,0.4273700714111328,-0.3533884584903717,0.9294578433036804,0.9999140501022339,0.5240522623062134,0.42811837792396545,-0.313533216714859,0.912990927696228,0.999832272529602,0.40345054864883423,0.38369348645210266,-0.41618719696998596,0.9198517203330994,0.9996870756149292,0.5179060101509094,0.37957847118377686,-0.43956729769706726,0.8890032172203064,0.9994444251060486,0.4010009467601776,0.3735201358795166,-0.5019863843917847,0.9105252027511597,0.9992828965187073,0.5251152515411377,0.36927148699760437,-0.5234366059303284,0.8789761066436768,0.9989355206489563,0.41336795687675476,0.3723733425140381,-0.5216967463493347,0.9078188538551331,0.9992629885673523,0.5117263197898865,0.36940622329711914,-0.5565915703773499,0.8783131241798401,0.998970627784729,0.4180186688899994,0.3761152923107147,-0.4338911175727844,0.9021800756454468,0.9994648098945618,0.5049569010734558,0.3725643754005432,-0.46235138177871704,0.8680018186569214,0.9991762042045593,0.42439597845077515,0.579716145992279,-0.0005454121273942292,0.9994702935218811,0.992188572883606,0.49139273166656494,0.5817667245864868,0.0007692590588703752,0.9995932579040527,0.994138240814209,0.40794703364372253,0.48604440689086914,0.023622868582606316,0.7890864610671997,0.9956016540527344,0.4841344952583313,0.47939062118530273,0.06499246507883072,0.7319209575653076,0.9967436790466309,0.4033265709877014,0.4037643373012543,0.3468080759048462,0.8187817931175232,0.9984638690948486,0.48661452531814575,0.40201839804649353,0.3727962374687195,0.7600417137145996,0.998916506767273,0.4084726870059967,0.3898593783378601,0.36625924706459045,0.8440260291099548,0.9981215596199036,0.48390379548072815,0.3949113190174103,0.3877739906311035,0.7862699031829834,0.9987152814865112,0.40855127573013306,0.38590309023857117,0.13532891869544983,0.8106358051300049,0.9977719187736511,0.4934157133102417,0.37394851446151733,0.14612184464931488,0.7304015755653381,0.9977669715881348
47,1598,True,0.4595593810081482,0.4449310898780823,-0.24843889474868774,0.9996212720870972,0.9998792409896851,0.4506322741508484,0.43801388144493103,-0.29611408710479736,0.9995110034942627,0.9997113347053528,0.44571584463119507,0.4381038248538971,-0.29627662897109985,0.9995132684707642,0.9996931552886963,0.44143015146255493,0.4381827414035797,-0.2963463366031647,0.9994151592254639,0.9996718168258667,0.47183921933174133,0.43816977739334106,-0.290725439786911,0.9995573163032532,0.9996715784072876,0.4786207973957062,0.43832927942276,-0.2907620370388031,0.9995911717414856,0.999624490737915,0.4840065538883209,0.4384588301181793,-0.2906341850757599,0.999427080154419,0.9995599389076233,0.43904727697372437,0.4430773854255676,-0.41985684633255005,0.9994226694107056,0.9992826581001282,0.4877443015575409,0.4444204866886139,-0.3931516408920288,0.9993627071380615,0.9990484118461609,0.44962719082832336,0.4503878653049469,-0.28185784816741943,0.9992296695709229,0.9996403455734253,0.47010180354118347,0.4507872462272644,-0.27414217591285706,0.9992315173149109,0.9996128678321838,0.4016120433807373,0.47371354699134827,-0.3706696927547455,0.9993076920509338,0.9983012080192566,0.5152053833007812,0.4724441170692444,-0.31918367743492126,0.9991479516029358,0.9989628791809082,0.38400331139564514,0.42691779136657715,-0.3795585334300995,0.9281808733940125,0.9998722076416016,0.523366391658783,0.42724648118019104,-0.27118077874183655,0.9100772142410278,0.9998182654380798,0.4012039303779602,0.3837011754512787,-0.42149049043655396,0.9226369857788086,0.9992573857307434,0.518016517162323,0.37960320711135864,-0.3936966359615326,0.8962004780769348,0.9992377758026123,0.3994523882865906,0.37367504835128784,-0.5055326223373413,0.9110910892486572,0.9983432292938232,0.5253387689590454,0.3696715533733368,-0.4704745411872864,0.8866339921951294,0.9985148310661316,0.4121924638748169,0.3727033734321594,-0.5220321416854858,0.9078454971313477,0.9983554482460022,0.5117303133010864,0.3700457215309143,-0.5070571899414062,0.8862907886505127,0.9985396862030029,0.41548335552215576,0.3761948049068451,-0.4362788200378418,0.9021684527397156,0.9987539052963257,0.5046833157539368,0.37296098470687866,-0.4173068106174469,0.8767414093017578,0.9988189339637756,0.4236873686313629,0.5710247755050659,-0.015276952646672726,0.9990742206573486,0.9886676669120789,0.49139437079429626,0.571715235710144,0.015390487387776375,0.9993779063224792,0.9915450811386108,0.4055103659629822,0.4830249845981598,0.062401097267866135,0.7531856298446655,0.9944214224815369,0.48302045464515686,0.47462111711502075,0.13444851338863373,0.6842491030693054,0.9960430860519409,0.4020942747592926,0.41989046335220337,0.4079835116863251,0.8057276606559753,0.9976714253425598,0.48583903908729553,0.41155439615249634,0.40202027559280396,0.7486129999160767,0.9985191226005554,0.4079967439174652,0.40843480825424194,0.43218994140625,0.8201878070831299,0.9970664381980896,0.48191142082214355,0.4067296087741852,0.428838312625885,0.7701038122177124,0.9982176423072815,0.4029933512210846,0.4057765007019043,0.24176952242851257,0.8120121359825134,0.9968109726905823,0.48844197392463684,0.38908275961875916,0.29451784491539,0.7370601296424866,0.9971646666526794
48,1632,True,0.4590015709400177,0.4447286128997803,-0.3830758333206177,0.9996189475059509,0.9998162388801575,0.45040613412857056,0.43786898255348206,-0.4292997717857361,0.9994888305664062,0.9995806813240051,0.4455939531326294,0.4379153251647949,-0.42946481704711914,0.9995175004005432,0.9995555281639099,0.4413555860519409,0.4379776418209076,-0.4295312166213989,0.9993932247161865,0.9995235204696655,0.47074180841445923,0.438070148229599,-0.4260501563549042,0.99952632188797,0.9995017051696777,0.47712135314941406,0.43820920586586,-0.4260607361793518,0.999584436416626,0.9994118213653564,0.48295271396636963,0.4383319318294525,-0.42594194412231445,0.999390721321106,0.9992801547050476,0.4386107623577118,0.44283193349838257,-0.5324803590774536,0.9993770122528076,0.9988610744476318,0.4873828887939453,0.44426530599594116,-0.5162668228149414,0.9992817044258118,0.9981787204742432,0.44965168833732605,0.45025497674942017,-0.40829578042030334,0.9992039799690247,0.999305009841919,0.4698716104030609,0.4505051076412201,-0.403539776802063,0.9992177486419678,0.9991624355316162,0.4007667899131775,0.47310787439346313,-0.450097918510437,0.9992347359657288,0.9971293807029724,0.5152918696403503,0.4715321958065033,-0.4134330749511719,0.999121367931366,0.9967536330223083,0.3829830586910248,0.4240557551383972,-0.42314964532852173,0.9246584177017212,0.9997984766960144,0.5232223272323608,0.42913374304771423,-0.339884489774704,0.9033709168434143,0.99957674741745,0.40125614404678345,0.38270267844200134,-0.46026337146759033,0.9239598512649536,0.999229907989502,0.5177361965179443,0.38165736198425293,-0.43296700716018677,0.8999504446983337,0.9988835453987122,0.399511456489563,0.37300997972488403,-0.5449764728546143,0.9102031588554382,0.998377799987793,0.5250746011734009,0.37182873487472534,-0.5121439099311829,0.8899683952331543,0.9981123208999634,0.41215717792510986,0.3723870813846588,-0.5684991478919983,0.9066354036331177,0.9983108043670654,0.5116828680038452,0.37188199162483215,-0.5502604246139526,0.8901240229606628,0.998149037361145,0.4155423045158386,0.37620532512664795,-0.47825443744659424,0.9014750123023987,0.9987233281135559,0.5041199326515198,0.3748367428779602,-0.45716598629951477,0.8813222050666809,0.9984431862831116,0.4236554801464081,0.5633554458618164,-0.011754892766475677,0.9986602067947388,0.9891558289527893,0.49196064472198486,0.5621246695518494,0.011909808963537216,0.9991340041160583,0.9905651807785034,0.40613222122192383,0.4797397553920746,0.04351155459880829,0.7089321613311768,0.9938194155693054,0.48569199442863464,0.46915435791015625,0.09546297043561935,0.6414617896080017,0.9948651194572449,0.40571585297584534,0.4043702483177185,0.3909992277622223,0.785507082939148,0.9977617263793945,0.48866114020347595,0.3990444540977478,0.42322567105293274,0.7344846129417419,0.998348593711853,0.4112245738506317,0.3922269642353058,0.41542181372642517,0.7904949188232422,0.9972387552261353,0.4827093482017517,0.3967634439468384,0.4451117515563965,0.7483298778533936,0.998105525970459,0.406114786863327,0.38272571563720703,0.20742587745189667,0.8105056881904602,0.9968287348747253,0.4866914451122284,0.3805740475654602,0.23854711651802063,0.7419428825378418,0.9969745874404907
49,1666,True,0.4573265612125397,0.4445125460624695,-0.38252130150794983,0.999650239944458,0.999966025352478,0.44989582896232605,0.4380534291267395,-0.4269510805606842,0.9995221495628357,0.999910831451416,0.4453258216381073,0.43803420662879944,-0.42716968059539795,0.9995559453964233,0.9999051094055176,0.441191703081131,0.4380609393119812,-0.4272410571575165,0.9994310736656189,0.9998944997787476,0.46960335969924927,0.4386739134788513,-0.4242153465747833,0.9995560646057129,0.9999033212661743,0.4766557812690735,0.4390084743499756,-0.42432504892349243,0.9996172189712524,0.9998883008956909,0.48216336965560913,0.4393088221549988,-0.42422065138816833,0.9994300603866577,0.9998680353164673,0.4376542866230011,0.4430895745754242,-0.5222080945968628,0.9994181394577026,0.9997983574867249,0.48736292123794556,0.4454967975616455,-0.5067089200019836,0.9993306398391724,0.9997645020484924,0.4490698575973511,0.45009350776672363,-0.40323448181152344,0.9992632269859314,0.9999076128005981,0.46868327260017395,0.45030269026756287,-0.39877209067344666,0.9992824792861938,0.9999076128005981,0.398272842168808,0.4729480743408203,-0.4468163847923279,0.999282717704773,0.9995556473731995,0.5146831274032593,0.47147589921951294,-0.42278650403022766,0.9991897940635681,0.9997575879096985,0.381394624710083,0.42363032698631287,-0.48496168851852417,0.9265562891960144,0.9999489784240723,0.522390604019165,0.42715033888816833,-0.38813382387161255,0.9053622484207153,0.999922513961792,0.4010832905769348,0.3826140761375427,-0.5994383692741394,0.9286518692970276,0.999701201915741,0.5193217992782593,0.3811089098453522,-0.5679230093955994,0.9080796241760254,0.9997000694274902,0.3995558023452759,0.3729613721370697,-0.697109043598175,0.9145995378494263,0.9992573857307434,0.5254384279251099,0.37188711762428284,-0.6564865708351135,0.8989226222038269,0.9993534684181213,0.4122825562953949,0.37236544489860535,-0.7137244939804077,0.9109344482421875,0.9993559718132019,0.5125294923782349,0.3719162344932556,-0.6962450742721558,0.8991724848747253,0.9994158744812012,0.4154210686683655,0.3761104345321655,-0.6159113645553589,0.905204176902771,0.9995367527008057,0.5051280856132507,0.37485238909721375,-0.5931810140609741,0.890759289264679,0.9995524287223816,0.42018160223960876,0.5624637603759766,-0.014576895162463188,0.9987005591392517,0.9976673126220703,0.49185922741889954,0.5566723942756653,0.014703584834933281,0.9991443753242493,0.9980701804161072,0.38531625270843506,0.49885234236717224,0.12998399138450623,0.6856334209442139,0.9983185529708862,0.48269790410995483,0.4687907099723816,0.21247202157974243,0.5970715880393982,0.9986070990562439,0.37650418281555176,0.45635971426963806,0.5661534667015076,0.7755733728408813,0.9989450573921204,0.4734470844268799,0.42654114961624146,0.6355842351913452,0.7120603322982788,0.9992689490318298,0.3792499005794525,0.4489031732082367,0.6000130772590637,0.7738504409790039,0.9985561966896057,0.46940362453460693,0.4245610237121582,0.6690554022789001,0.7271591424942017,0.9991187453269958,0.37754398584365845,0.44674888253211975,0.43275198340415955,0.8090212345123291,0.9984758496284485,0.4762055277824402,0.4075085520744324,0.5090912580490112,0.7362067699432373,0.998677670955658
50,1700,True,0.4566144645214081,0.4442639946937561,-0.45824041962623596,0.9996619820594788,0.9999083280563354,0.4495896100997925,0.43814414739608765,-0.5041117072105408,0.9995133876800537,0.9997619986534119,0.445170134305954,0.4380923807621002,-0.5043259859085083,0.9995697140693665,0.9997460246086121,0.44109243154525757,0.43809419870376587,-0.5044171810150146,0.9994171857833862,0.9997193217277527,0.46891751885414124,0.43903499841690063,-0.4978111982345581,0.9995361566543579,0.9997408986091614,0.4763949513435364,0.4394895136356354,-0.4978735148906708,0.9996227025985718,0.9997041821479797,0.4816145598888397,0.43984493613243103,-0.4977518320083618,0.9994125366210938,0.9996553659439087,0.436679869890213,0.4431532919406891,-0.5923870801925659,0.9993933439254761,0.9994562268257141,0.4872949421405792,0.4460209310054779,-0.5609728097915649,0.9993078112602234,0.9993817806243896,0.4485788643360138,0.4499645233154297,-0.47610172629356384,0.9992688298225403,0.9997647404670715,0.46785005927085876,0.4502527117729187,-0.4669005572795868,0.9993041753768921,0.9997583031654358,0.39644017815589905,0.4724288880825043,-0.5004235506057739,0.9992849826812744,0.9988539218902588,0.5146934986114502,0.46958985924720764,-0.45029300451278687,0.9992156028747559,0.999311089515686,0.378000944852829,0.42366138100624084,-0.5211077928543091,0.9297330975532532,0.9998619556427002,0.524845540523529,0.4270404279232025,-0.38873422145843506,0.9047026038169861,0.9997422099113464,0.4009246528148651,0.3820928633213043,-0.6181995868682861,0.9329279661178589,0.9992409944534302,0.5198544263839722,0.3810731768608093,-0.5447016954421997,0.9137843251228333,0.9991455078125,0.39976221323013306,0.37275320291519165,-0.7168800234794617,0.9185325503349304,0.9982422590255737,0.5254112482070923,0.3724781274795532,-0.6297770738601685,0.905191957950592,0.9983829259872437,0.4123955965042114,0.3723011016845703,-0.7368369102478027,0.9147191643714905,0.9984246492385864,0.5130448937416077,0.37217751145362854,-0.6747289896011353,0.9055892825126648,0.9984915256500244,0.4152827858924866,0.3761354088783264,-0.6356444358825684,0.9086011052131653,0.9988435506820679,0.5059360265731812,0.3750832974910736,-0.5715230107307434,0.8975648283958435,0.9987952709197998,0.4165787994861603,0.5524938106536865,-0.019973274320364,0.9985012412071228,0.9927141070365906,0.49003639817237854,0.5437071323394775,0.02011772058904171,0.9989924430847168,0.9937720894813538,0.37909454107284546,0.4858948290348053,0.12733975052833557,0.6646209359169006,0.996929943561554,0.4824736416339874,0.4508589804172516,0.2052641361951828,0.5583772659301758,0.9973746538162231,0.37469926476478577,0.4478772282600403,0.5366033911705017,0.7708600163459778,0.9984900951385498,0.47313499450683594,0.4192953109741211,0.6246078014373779,0.692934513092041,0.999103844165802,0.3780537545681,0.440436452627182,0.5688823461532593,0.7603299021720886,0.9980193376541138,0.4694680869579315,0.41643014550209045,0.6583831310272217,0.7064412832260132,0.9990053772926331,0.37550443410873413,0.44120001792907715,0.40925416350364685,0.8114314079284668,0.9976401329040527,0.476198673248291,0.4068776071071625,0.4927212595939636,0.7332228422164917,0.9983526468276978
51,1734,True,0.4594704806804657,0.446706622838974,-0.5595504641532898,0.9996316432952881,0.9998003840446472,0.4527762234210968,0.44389280676841736,-0.6009320020675659,0.9994706511497498,0.9994974136352539,0.44798582792282104,0.443809449672699,-0.6010229587554932,0.9995446801185608,0.9994495511054993,0.44293564558029175,0.44370928406715393,-0.6010349988937378,0.999375581741333,0.9993969202041626,0.4700722098350525,0.44396668672561646,-0.5975261926651001,0.9994809031486511,0.9994169473648071,0.4766567349433899,0.44399338960647583,-0.5975306034088135,0.9995794892311096,0.9992886781692505,0.481730192899704,0.44395333528518677,-0.5973835587501526,0.9993475079536438,0.999119222164154,0.43778038024902344,0.44888633489608765,-0.6572603583335876,0.9992802143096924,0.9983906745910645,0.48731040954589844,0.45016783475875854,-0.6406595706939697,0.9991687536239624,0.997648298740387,0.4519467353820801,0.4519170820713043,-0.5660308599472046,0.999222457408905,0.9991695880889893,0.46986037492752075,0.45201486349105835,-0.5612173080444336,0.9992534518241882,0.9990105628967285,0.396790474653244,0.4714118540287018,-0.5242027640342712,0.9991543889045715,0.99664306640625,0.5165783166885376,0.4701862335205078,-0.500517725944519,0.9990822076797485,0.9957218170166016,0.37817907333374023,0.42465144395828247,-0.4883301556110382,0.9280756711959839,0.9996955394744873,0.5285337567329407,0.4269775450229645,-0.4315212368965149,0.895721971988678,0.9994695782661438,0.4010949730873108,0.38071316480636597,-0.5440143942832947,0.933927059173584,0.9994218349456787,0.5211519598960876,0.38108494877815247,-0.5046604871749878,0.9146891832351685,0.9989811778068542,0.40097299218177795,0.3716769516468048,-0.6169509887695312,0.9188886880874634,0.9988507032394409,0.5266473889350891,0.3724192976951599,-0.5772565007209778,0.906002938747406,0.9983775615692139,0.41260871291160583,0.3711621165275574,-0.6465142369270325,0.914923906326294,0.9988425374031067,0.5152249336242676,0.37214645743370056,-0.6118476390838623,0.9066559076309204,0.9984523057937622,0.41585391759872437,0.37561842799186707,-0.5624242424964905,0.9086737036705017,0.9991119503974915,0.5086315870285034,0.3753461241722107,-0.525323212146759,0.8985945582389832,0.9986686706542969,0.4199969470500946,0.5335720777511597,-0.016766773536801338,0.9983536601066589,0.995747983455658,0.489996075630188,0.5321092009544373,0.0169354397803545,0.9988680481910706,0.9955196380615234,0.4023858308792114,0.45231395959854126,-0.04533964395523071,0.632633626461029,0.9976164102554321,0.4949287474155426,0.44735828042030334,-0.013868755660951138,0.5360000729560852,0.9977205395698547,0.42034679651260376,0.3831542134284973,0.20841829478740692,0.762568473815918,0.9990835189819336,0.4949665367603302,0.38983577489852905,0.2391318678855896,0.693057656288147,0.9992751479148865,0.42583638429641724,0.3737347722053528,0.22524791955947876,0.7421736717224121,0.9988036155700684,0.4884488880634308,0.38234227895736694,0.25354617834091187,0.697347104549408,0.9991115927696228,0.42582422494888306,0.36165666580200195,0.025179481133818626,0.8123874664306641,0.9983502626419067,0.5010111331939697,0.36496856808662415,0.04919605329632759,0.7412356734275818,0.998504638671875
52,1768,True,0.4608747363090515,0.44349297881126404,-0.5664040446281433,0.9996310472488403,0.9999141693115234,0.45461204648017883,0.4437463879585266,-0.6063216924667358,0.9994680285453796,0.999758780002594,0.44997918605804443,0.4433525502681732,-0.606373131275177,0.9995478391647339,0.999727189540863,0.4452415108680725,0.442985475063324,-0.6063324213027954,0.9993751645088196,0.999687910079956,0.4707180857658386,0.44344592094421387,-0.6035524010658264,0.9994714856147766,0.9997348189353943,0.47704267501831055,0.4435659945011139,-0.60353684425354,0.9995735287666321,0.9996788501739502,0.48194965720176697,0.4434531629085541,-0.6033774614334106,0.9993403553962708,0.9995983242988586,0.43916550278663635,0.4486035704612732,-0.658143162727356,0.9992183446884155,0.9990391731262207,0.4875667691230774,0.4497729241847992,-0.6448917388916016,0.999125063419342,0.9988273978233337,0.45340123772621155,0.4495108127593994,-0.5720281600952148,0.9992203116416931,0.9994831085205078,0.47074049711227417,0.449261337518692,-0.5680661797523499,0.9992471933364868,0.9994261264801025,0.3978959918022156,0.4691285192966461,-0.5182109475135803,0.9990413188934326,0.9965214729309082,0.5207563042640686,0.4651574194431305,-0.5031239986419678,0.9989995360374451,0.9969677329063416,0.3778044283390045,0.42720168828964233,-0.45535027980804443,0.9289020299911499,0.9996985197067261,0.5330143570899963,0.42665228247642517,-0.42387041449546814,0.8975492119789124,0.9995970129966736,0.4007801115512848,0.3822318911552429,-0.4928945302963257,0.9362748265266418,0.9993847608566284,0.5212514400482178,0.3812016248703003,-0.47833701968193054,0.9193111062049866,0.999215841293335,0.4009898006916046,0.3736155927181244,-0.5617116689682007,0.9212068319320679,0.9987964630126953,0.5265921950340271,0.37268322706222534,-0.5493288040161133,0.910426139831543,0.9987022876739502,0.4120742678642273,0.3733464479446411,-0.5935313701629639,0.9172996282577515,0.998786985874176,0.5155296325683594,0.3724546432495117,-0.5824514627456665,0.9111509323120117,0.9987612962722778,0.41532328724861145,0.37663495540618896,-0.5121980309486389,0.9109373688697815,0.999072790145874,0.5109633803367615,0.37585705518722534,-0.4981217682361603,0.9031628966331482,0.9989607334136963,0.42627638578414917,0.5208842754364014,-0.016092799603939056,0.9981129169464111,0.994886577129364,0.4899662435054779,0.519137978553772,0.01618579402565956,0.9986523389816284,0.9954016208648682,0.40255144238471985,0.4515168070793152,-0.08981502056121826,0.6120342016220093,0.997655987739563,0.49510395526885986,0.4374779164791107,-0.05192194879055023,0.5215770602226257,0.9980284571647644,0.41973257064819336,0.38690683245658875,0.13885511457920074,0.7617783546447754,0.9991307854652405,0.49374648928642273,0.3830781579017639,0.180825337767601,0.6961629390716553,0.9993769526481628,0.42443686723709106,0.37431609630584717,0.1536867767572403,0.7330940961837769,0.9988242983818054,0.48700323700904846,0.37494322657585144,0.1936645358800888,0.6909512281417847,0.9992409944534302,0.421724796295166,0.3666958212852478,-0.04558716341853142,0.8172133564949036,0.9983108043670654,0.49656447768211365,0.3594604730606079,-0.0055887214839458466,0.7508482336997986,0.9987275004386902
53,1802,True,0.46078503131866455,0.43434447050094604,-0.5020183324813843,0.9996569156646729,0.9999668598175049,0.4546128511428833,0.43545666337013245,-0.5422484278678894,0.9994984269142151,0.9999048709869385,0.4502227008342743,0.4356306493282318,-0.5424679517745972,0.9995795488357544,0.9998953342437744,0.4454602897167206,0.4355231821537018,-0.5425066947937012,0.9994111657142639,0.9998817443847656,0.47003844380378723,0.4353088438510895,-0.5397971868515015,0.999496579170227,0.9998947381973267,0.4764031171798706,0.43551892042160034,-0.5398287177085876,0.9996004700660706,0.9998766183853149,0.4813711941242218,0.43335968255996704,-0.5396955013275146,0.9993770718574524,0.9998526573181152,0.43917205929756165,0.44272828102111816,-0.60732102394104,0.9992565512657166,0.9997428059577942,0.48755648732185364,0.4418080449104309,-0.5937747955322266,0.999173104763031,0.99970942735672,0.45334383845329285,0.43793511390686035,-0.5114935040473938,0.9992761015892029,0.9998862743377686,0.47043487429618835,0.43809396028518677,-0.5074205994606018,0.999304473400116,0.9998793601989746,0.39765265583992004,0.4630465507507324,-0.49524205923080444,0.9991072416305542,0.9995468258857727,0.5264803767204285,0.4537668824195862,-0.49055400490760803,0.9990747570991516,0.9997408986091614,0.37669140100479126,0.42987409234046936,-0.49453094601631165,0.9345670938491821,0.9999451637268066,0.533142626285553,0.4226600229740143,-0.43398356437683105,0.9046573042869568,0.999911904335022,0.3998301327228546,0.38531023263931274,-0.6057289242744446,0.9412563443183899,0.9997872710227966,0.5207837820053101,0.3813580870628357,-0.5625792145729065,0.9256897568702698,0.999703586101532,0.40046390891075134,0.3770928978919983,-0.6925947666168213,0.9266202449798584,0.999445378780365,0.5253162980079651,0.37365496158599854,-0.6379804015159607,0.9171320199966431,0.9993531107902527,0.41091325879096985,0.3776165843009949,-0.7138062119483948,0.9228713512420654,0.9995189905166626,0.5140548944473267,0.3735594153404236,-0.676055908203125,0.9177992939949036,0.9994219541549683,0.4146062731742859,0.3805508613586426,-0.6231311559677124,0.9163073301315308,0.9996793270111084,0.5089421272277832,0.37654703855514526,-0.584175705909729,0.9099922776222229,0.9995885491371155,0.428281307220459,0.5153677463531494,-0.014294102787971497,0.9982203841209412,0.9993031024932861,0.4910780191421509,0.506994366645813,0.014423782005906105,0.998725950717926,0.9994773268699646,0.40262314677238464,0.4676830768585205,0.03979066386818886,0.59142005443573,0.9987962245941162,0.4948202669620514,0.44585007429122925,0.07661877572536469,0.48929983377456665,0.9991698265075684,0.4099734127521515,0.42166605591773987,0.40198206901550293,0.7509382367134094,0.9994053840637207,0.4776151478290558,0.4108601212501526,0.45282837748527527,0.6712785363197327,0.9995928406715393,0.40887972712516785,0.41354069113731384,0.4319869577884674,0.7187666893005371,0.999250590801239,0.4678399860858917,0.4067300260066986,0.48360931873321533,0.6645525693893433,0.999542236328125,0.4209930896759033,0.40921440720558167,0.2902231514453888,0.8186241388320923,0.9990473389625549,0.4930989444255829,0.39616745710372925,0.3461209237575531,0.7460615038871765,0.9992678761482239
54,1836,True,0.4611470401287079,0.4243943691253662,-0.5997561812400818,0.999667763710022,0.9999713897705078,0.4564245343208313,0.4279635548591614,-0.6344274282455444,0.9995193481445312,0.9999217987060547,0.4511182904243469,0.42897462844848633,-0.6346644163131714,0.9995964765548706,0.9999099969863892,0.4458092153072357,0.42982086539268494,-0.6347658038139343,0.9994351863861084,0.9998905658721924,0.470188170671463,0.42640748620033264,-0.6337385773658752,0.9995105862617493,0.9999282360076904,0.47634556889533997,0.42658114433288574,-0.6338350772857666,0.9996103048324585,0.9999229907989502,0.4814358055591583,0.42597121000289917,-0.6337521076202393,0.9994059801101685,0.9999138116836548,0.437377393245697,0.4395079016685486,-0.6597744226455688,0.9992705583572388,0.9998586177825928,0.4925669729709625,0.4341341555118561,-0.6555138230323792,0.9992192387580872,0.999909520149231,0.45411592721939087,0.42613357305526733,-0.5915156602859497,0.9993191361427307,0.9999338388442993,0.470797598361969,0.4269992411136627,-0.5899788737297058,0.9993505477905273,0.999944806098938,0.395097017288208,0.4558042883872986,-0.5336576104164124,0.9991651177406311,0.9995672106742859,0.5350501537322998,0.44814544916152954,-0.543206512928009,0.9991456866264343,0.9998830556869507,0.3697161376476288,0.4296666085720062,-0.5095884203910828,0.9382017254829407,0.9995844960212708,0.5427135825157166,0.41874298453330994,-0.4830707907676697,0.9086987972259521,0.9996347427368164,0.39865565299987793,0.3852543830871582,-0.6208222508430481,0.9425448179244995,0.9991901516914368,0.5206328630447388,0.38259315490722656,-0.5963636040687561,0.926533043384552,0.999330997467041,0.3993462324142456,0.3768065571784973,-0.705504298210144,0.9272251725196838,0.9983837604522705,0.5245079398155212,0.3747485876083374,-0.6688888072967529,0.9172003865242004,0.9987253546714783,0.41092973947525024,0.3773714601993561,-0.7294275164604187,0.9233579635620117,0.9987599849700928,0.5138438940048218,0.37473243474960327,-0.7051848769187927,0.9176087379455566,0.9989379048347473,0.41462716460227966,0.3802635669708252,-0.6380284428596497,0.915221631526947,0.9991205334663391,0.5073509812355042,0.37694793939590454,-0.6155872941017151,0.9089725017547607,0.9992361068725586,0.426895409822464,0.5013963580131531,-0.013878878206014633,0.9983102679252625,0.9995878338813782,0.49169206619262695,0.4931260049343109,0.013965682126581669,0.998790442943573,0.9997162222862244,0.40340426564216614,0.4674406945705414,0.27654245495796204,0.553347647190094,0.9986752867698669,0.4969962239265442,0.44837889075279236,0.3075636625289917,0.44815289974212646,0.9992220401763916,0.41762223839759827,0.43544211983680725,0.7437489032745361,0.6993393301963806,0.9992945194244385,0.477987676858902,0.4264346659183502,0.7855789065361023,0.6143711805343628,0.9994509816169739,0.4177778363227844,0.42318326234817505,0.7914868593215942,0.6708424687385559,0.9992309808731079,0.468525767326355,0.4211004376411438,0.8333917260169983,0.6082191467285156,0.9994533658027649,0.4276849031448364,0.422272264957428,0.7364698052406311,0.7774405479431152,0.9990875720977783,0.49171045422554016,0.4116131365299225,0.7749322056770325,0.6940799951553345,0.9992406368255615
55,1870,True,0.46113425493240356,0.4231608808040619,-0.5598209500312805,0.9996685981750488,0.9999874830245972,0.45636749267578125,0.4272734224796295,-0.5924408435821533,0.9995336532592773,0.9999661445617676,0.45094621181488037,0.42828989028930664,-0.5925477147102356,0.9995982050895691,0.9999603033065796,0.44557780027389526,0.4292197823524475,-0.5925424098968506,0.9994503855705261,0.9999498128890991,0.47011256217956543,0.4253672659397125,-0.5895215272903442,0.9995219707489014,0.9999681711196899,0.47614970803260803,0.4251228868961334,-0.5896281599998474,0.9996094703674316,0.9999641180038452,0.4812798500061035,0.42467251420021057,-0.5895689129829407,0.9994276762008667,0.9999551773071289,0.43708503246307373,0.43742817640304565,-0.6165446639060974,0.9992619156837463,0.999920129776001,0.4921882748603821,0.4309425354003906,-0.6048997044563293,0.9992534518241882,0.9999394416809082,0.45368799567222595,0.4265109896659851,-0.5527681708335876,0.9993369579315186,0.999930739402771,0.4701647162437439,0.4251541197299957,-0.548975944519043,0.9993599057197571,0.9999396800994873,0.3919614553451538,0.45214515924453735,-0.4976349174976349,0.9991626143455505,0.9989287257194519,0.535380482673645,0.43687814474105835,-0.49302515387535095,0.999173104763031,0.9992484450340271,0.370748907327652,0.42946434020996094,-0.4698774218559265,0.9397273659706116,0.9993292093276978,0.5488916039466858,0.4188705384731293,-0.43685078620910645,0.885147750377655,0.9988325238227844,0.39651528000831604,0.3857341408729553,-0.5148358941078186,0.944780170917511,0.9994574189186096,0.520043671131134,0.3839791417121887,-0.5056862235069275,0.9134712219238281,0.9995033740997314,0.39799246191978455,0.37659555673599243,-0.5603258609771729,0.9302592277526855,0.9990695118904114,0.5190542936325073,0.375957727432251,-0.5428251028060913,0.9043025970458984,0.9993343949317932,0.4079653322696686,0.3770604729652405,-0.587992250919342,0.926733672618866,0.9992620348930359,0.5088645219802856,0.37571248412132263,-0.5702184438705444,0.9050804376602173,0.9994468092918396,0.41206708550453186,0.38007646799087524,-0.5266183018684387,0.9175992012023926,0.9994611144065857,0.4991966187953949,0.3787909150123596,-0.5136545300483704,0.8932449221611023,0.9995461106300354,0.42152151465415955,0.4971265196800232,-0.00668802997097373,0.9984108805656433,0.9995916485786438,0.4916514456272125,0.4871934950351715,0.006977486424148083,0.9988382458686829,0.9995871186256409,0.40349963307380676,0.47641006112098694,0.2681623101234436,0.5344557166099548,0.998725950717926,0.5023579597473145,0.45926418900489807,0.23770762979984283,0.4329472780227661,0.9988620281219482,0.426907479763031,0.44408097863197327,0.4889013469219208,0.6708045601844788,0.9990195035934448,0.48433050513267517,0.4392080307006836,0.5013551712036133,0.5815300345420837,0.9988717436790466,0.42704498767852783,0.44203391671180725,0.5358715653419495,0.6467062830924988,0.9986075758934021,0.4743289053440094,0.4376591145992279,0.5400969386100769,0.5718696713447571,0.9985766410827637,0.4382533133029938,0.4276152551174164,0.4402264952659607,0.7453022599220276,0.9985107779502869,0.4997853636741638,0.42506998777389526,0.47285330295562744,0.6571628451347351,0.9985209107398987
56,1904,True,0.46406805515289307,0.4195552468299866,-0.6584146022796631,0.9996902346611023,0.9999949932098389,0.45733100175857544,0.4264572560787201,-0.6854628920555115,0.9995678067207336,0.9999850988388062,0.4514966607093811,0.42756715416908264,-0.6855731010437012,0.9996227622032166,0.9999815225601196,0.44581139087677,0.4286106526851654,-0.6855729818344116,0.9994907975196838,0.999975323677063,0.47291532158851624,0.42460209131240845,-0.6860975027084351,0.9995564818382263,0.9999871253967285,0.47902169823646545,0.4244348406791687,-0.6862214207649231,0.9996321201324463,0.9999856948852539,0.4846475422382355,0.4242230951786041,-0.6861339807510376,0.9994723200798035,0.9999825954437256,0.43695068359375,0.43711772561073303,-0.6698272824287415,0.9992997050285339,0.999963641166687,0.49448174238204956,0.4312238097190857,-0.6730121374130249,0.9993117451667786,0.9999798536300659,0.4543118476867676,0.4227091670036316,-0.6344907879829407,0.9993833303451538,0.9999699592590332,0.4719298779964447,0.42103177309036255,-0.6351785659790039,0.9994041323661804,0.9999758005142212,0.38997748494148254,0.44645118713378906,-0.521460235118866,0.9991960525512695,0.9995506405830383,0.5423911809921265,0.4344162940979004,-0.5458663702011108,0.9992220997810364,0.9998376369476318,0.36014115810394287,0.4274919033050537,-0.476608544588089,0.941748857498169,0.9993208646774292,0.5561938285827637,0.4191981852054596,-0.4924340546131134,0.8843503594398499,0.9995342493057251,0.3952069878578186,0.3834891617298126,-0.568567156791687,0.9450984001159668,0.9996659755706787,0.5198439955711365,0.3831212520599365,-0.557307779788971,0.908890426158905,0.9997534155845642,0.39431771636009216,0.37515515089035034,-0.6290708184242249,0.9308432340621948,0.9994681477546692,0.5162037014961243,0.3726691007614136,-0.6108502149581909,0.898689866065979,0.9996277093887329,0.4068610668182373,0.3752444386482239,-0.6551716923713684,0.9273640513420105,0.9996047616004944,0.5077651143074036,0.3739250898361206,-0.6390792727470398,0.8989876508712769,0.9996962547302246,0.4088343381881714,0.37735170125961304,-0.5828325748443604,0.9161753058433533,0.9997063279151917,0.4985724985599518,0.3753179609775543,-0.569919228553772,0.884343147277832,0.9997702240943909,0.4178638160228729,0.47954463958740234,0.00020470749586820602,0.9985418319702148,0.9999101161956787,0.49197670817375183,0.47284382581710815,0.0001518168719485402,0.9989287853240967,0.9999281167984009,0.41010546684265137,0.460907518863678,0.20779365301132202,0.5050550699234009,0.999618649482727,0.502327561378479,0.45586133003234863,0.2118438482284546,0.40508878231048584,0.999747097492218,0.43955886363983154,0.4392091631889343,0.5668643712997437,0.633482813835144,0.9997292160987854,0.4852205514907837,0.43984073400497437,0.5789188146591187,0.5401558876037598,0.9997175335884094,0.43849313259124756,0.4405140280723572,0.6072529554367065,0.6104772686958313,0.999626874923706,0.47593700885772705,0.4391854703426361,0.6185667514801025,0.527579128742218,0.9996291399002075,0.4552832245826721,0.41191330552101135,0.5648624300956726,0.7105199098587036,0.9995484948158264,0.5001659393310547,0.42096859216690063,0.565609335899353,0.6168721914291382,0.999560534954071
57,1938,True,0.4651017189025879,0.3935414254665375,-0.5047321915626526,0.9996663928031921,0.9999802112579346,0.4575532376766205,0.3985948860645294,-0.5357939600944519,0.9995759725570679,0.9999562501907349,0.4515708088874817,0.3994069993495941,-0.5359641313552856,0.9996190667152405,0.9999511241912842,0.4457925260066986,0.4001684784889221,-0.5360817909240723,0.9995027780532837,0.9999402761459351,0.4743831157684326,0.39758750796318054,-0.5338003039360046,0.9995591044425964,0.999958872795105,0.48069432377815247,0.3976716101169586,-0.5339404940605164,0.9996190071105957,0.9999568462371826,0.4867296814918518,0.39779040217399597,-0.533966064453125,0.9994857311248779,0.9999508857727051,0.4365919232368469,0.4092685282230377,-0.5551902055740356,0.9993075132369995,0.999947190284729,0.49747416377067566,0.4062449038028717,-0.5478894114494324,0.9993411302566528,0.9999650716781616,0.4548325538635254,0.3976658880710602,-0.49244120717048645,0.9994046688079834,0.9999669790267944,0.4730982780456543,0.39672237634658813,-0.49015048146247864,0.9994180202484131,0.9999709129333496,0.38165995478630066,0.42781490087509155,-0.43851619958877563,0.9992450475692749,0.9996623992919922,0.5527580976486206,0.4186215400695801,-0.4504285156726837,0.9992764592170715,0.9998815059661865,0.3542998731136322,0.4242716431617737,-0.3240593671798706,0.9348259568214417,0.9970756769180298,0.564911425113678,0.41821783781051636,-0.33509722352027893,0.8591748476028442,0.9977579712867737,0.3909842073917389,0.3828190267086029,-0.3187203109264374,0.929158627986908,0.9977394342422485,0.5204834938049316,0.3782842457294464,-0.32521766424179077,0.8680375814437866,0.9984347224235535,0.38587450981140137,0.3751368522644043,-0.3621678948402405,0.9126939177513123,0.9969940185546875,0.519749641418457,0.36746060848236084,-0.36635124683380127,0.8584550619125366,0.9979897737503052,0.40322744846343994,0.37315717339515686,-0.388852596282959,0.908933162689209,0.997714638710022,0.5072439908981323,0.36982375383377075,-0.39626914262771606,0.858742356300354,0.9983012080192566,0.4058130383491516,0.376809298992157,-0.33094578981399536,0.894500732421875,0.9981352090835571,0.49879658222198486,0.37215501070022583,-0.33785441517829895,0.8435525298118591,0.9986246824264526,0.4126664996147156,0.4731089174747467,0.0017780032940208912,0.9986134171485901,0.9997085928916931,0.49597418308258057,0.4680923521518707,-0.0013838678132742643,0.9989736676216125,0.9997802376747131,0.4134693145751953,0.448491632938385,0.2960427701473236,0.4741401970386505,0.9991180300712585,0.511745035648346,0.44387364387512207,0.30260801315307617,0.3776629865169525,0.9994567036628723,0.4432887136936188,0.4288044571876526,0.6892861127853394,0.5906857252120972,0.9993027448654175,0.48640474677085876,0.43146663904190063,0.7002332210540771,0.49763011932373047,0.9993756413459778,0.44336268305778503,0.43069761991500854,0.7328169345855713,0.57261061668396,0.9991855025291443,0.4765354096889496,0.432433545589447,0.7435832619667053,0.4852670431137085,0.999309778213501,0.4565194845199585,0.4050990641117096,0.7228227257728577,0.6674531102180481,0.9989967942237854,0.4997350573539734,0.4145957827568054,0.7282421588897705,0.5728106498718262,0.9990598559379578
58,1972,True,0.47102051973342896,0.3917042016983032,-0.6619819402694702,0.9996337890625,0.9999730587005615,0.46240073442459106,0.4001999497413635,-0.6859196424484253,0.9995765089988708,0.999954342842102,0.4561309516429901,0.4011220335960388,-0.686132550239563,0.9996035695075989,0.9999455213546753,0.4499729871749878,0.40199360251426697,-0.6862579584121704,0.999508261680603,0.9999295473098755,0.4798855781555176,0.3991943895816803,-0.6907321810722351,0.9995599985122681,0.9999595880508423,0.4857997000217438,0.39933568239212036,-0.6908950805664062,0.9996016621589661,0.9999574422836304,0.49157777428627014,0.39950448274612427,-0.6908667087554932,0.9994993209838867,0.9999517202377319,0.43828827142715454,0.41111522912979126,-0.6475133895874023,0.9993069767951965,0.9999411106109619,0.49978646636009216,0.40792566537857056,-0.6703919172286987,0.9993700385093689,0.9999700784683228,0.45896822214126587,0.39418262243270874,-0.6284639835357666,0.9993992447853088,0.999945878982544,0.47708359360694885,0.3931926190853119,-0.635012149810791,0.9994145035743713,0.9999547004699707,0.3795453906059265,0.421936571598053,-0.4721691608428955,0.9992747902870178,0.999688982963562,0.5501616597175598,0.4140194058418274,-0.5443312525749207,0.9993230700492859,0.9999041557312012,0.35259872674942017,0.41625699400901794,-0.35691455006599426,0.9319004416465759,0.9974881410598755,0.5663924813270569,0.41162604093551636,-0.4162517189979553,0.8526453375816345,0.9987143278121948,0.3901066780090332,0.37750715017318726,-0.3827535808086395,0.9174187779426575,0.998584508895874,0.525550365447998,0.37669050693511963,-0.4180563688278198,0.8479889035224915,0.999164342880249,0.38767391443252563,0.36875200271606445,-0.42754504084587097,0.9012181758880615,0.9978252649307251,0.5284563302993774,0.3668718934059143,-0.4711673855781555,0.8385348916053772,0.9987090826034546,0.40337371826171875,0.36826953291893005,-0.4574272930622101,0.8971526622772217,0.9984185695648193,0.5115365386009216,0.3699478209018707,-0.502139687538147,0.8379306197166443,0.9989131689071655,0.40646401047706604,0.3704852759838104,-0.39599335193634033,0.8788361549377441,0.9988502264022827,0.504411518573761,0.37224167585372925,-0.43261730670928955,0.8202477097511292,0.9992192983627319,0.41050851345062256,0.45471447706222534,0.011771679855883121,0.998725414276123,0.9999538660049438,0.49413588643074036,0.4524075984954834,-0.011382601223886013,0.9990537762641907,0.999962568283081,0.42664194107055664,0.4471358358860016,0.37698882818222046,0.4382579028606415,0.9991428852081299,0.5184316635131836,0.4513698220252991,0.34459254145622253,0.3464145362377167,0.9993636012077332,0.46065470576286316,0.4335310459136963,0.8114380836486816,0.5405771732330322,0.9988077878952026,0.49456557631492615,0.4358293116092682,0.788659930229187,0.45119625329971313,0.9986860156059265,0.458223819732666,0.4330471456050873,0.8615439534187317,0.5249502658843994,0.9985861778259277,0.48130398988723755,0.439086377620697,0.8400590419769287,0.44001686573028564,0.9985530972480774,0.48363903164863586,0.4090409278869629,0.8775273561477661,0.6144072413444519,0.9981683492660522,0.517002284526825,0.4166983962059021,0.8461265563964844,0.5222286581993103,0.9981416463851929
59,2006,True,0.4733763039112091,0.39944666624069214,-0.6185036897659302,0.9996458292007446,0.9999933242797852,0.4645577669143677,0.4064919948577881,-0.6467111110687256,0.9996007680892944,0.9999858140945435,0.4582342803478241,0.4071541726589203,-0.646731972694397,0.9996225833892822,0.9999819993972778,0.45197969675064087,0.4077986180782318,-0.6467065811157227,0.9995364546775818,0.9999755620956421,0.4817683696746826,0.40585312247276306,-0.6490404605865479,0.9995856285095215,0.9999885559082031,0.48770976066589355,0.4060386121273041,-0.6491884589195251,0.9996210932731628,0.9999874830245972,0.49351340532302856,0.40620699524879456,-0.6491648554801941,0.9995314478874207,0.999984622001648,0.4404696524143219,0.4155449867248535,-0.6388345956802368,0.9993289113044739,0.9999626874923706,0.5014338493347168,0.41370144486427307,-0.6508764624595642,0.9994124174118042,0.9999821186065674,0.4613204598426819,0.401374876499176,-0.5997170805931091,0.9994218349456787,0.9999649524688721,0.480288565158844,0.40107545256614685,-0.6029717326164246,0.9994341135025024,0.9999717473983765,0.38326913118362427,0.42419466376304626,-0.46481090784072876,0.9992807507514954,0.9993614554405212,0.5500630140304565,0.4181421399116516,-0.5128013491630554,0.9993473291397095,0.9998338222503662,0.35347920656204224,0.41014084219932556,-0.2938724458217621,0.9028502702713013,0.9983747005462646,0.5636866092681885,0.40824979543685913,-0.3505966067314148,0.8272495269775391,0.9994816184043884,0.3925709128379822,0.37679389119148254,-0.2349735051393509,0.892895519733429,0.9993694424629211,0.5257473587989807,0.3764045238494873,-0.26896917819976807,0.8328804969787598,0.9996846914291382,0.3946104645729065,0.3689519762992859,-0.2547477185726166,0.8813475966453552,0.9991908669471741,0.527606189250946,0.36739686131477356,-0.2911171019077301,0.8256151080131531,0.999556839466095,0.40754008293151855,0.36885759234428406,-0.2890241742134094,0.8767526745796204,0.9993268251419067,0.5107961297035217,0.3698592483997345,-0.3245711922645569,0.8253121376037598,0.9995970129966736,0.40868133306503296,0.371309369802475,-0.2471916377544403,0.8558156490325928,0.9994499087333679,0.5063126683235168,0.3716610074043274,-0.27925407886505127,0.8077949285507202,0.999685525894165,0.41406363248825073,0.44602885842323303,0.01068083941936493,0.9988340735435486,0.9999423027038574,0.49647068977355957,0.44386476278305054,-0.010425971820950508,0.999126136302948,0.9999597072601318,0.423301100730896,0.42004793882369995,0.13852675259113312,0.42914673686027527,0.9997072815895081,0.5169908404350281,0.42071565985679626,0.13927961885929108,0.3296282887458801,0.9997219443321228,0.45280012488365173,0.3775087296962738,0.3665282726287842,0.5386326909065247,0.999707043170929,0.5127353072166443,0.377044141292572,0.4067859649658203,0.42806050181388855,0.9997155070304871,0.4516994059085846,0.3770812451839447,0.3899441957473755,0.5170536637306213,0.9995217323303223,0.505321741104126,0.3739214539527893,0.43392452597618103,0.41470417380332947,0.9996119141578674,0.4703636169433594,0.3409055471420288,0.3191160261631012,0.6099834442138672,0.9993871450424194,0.531226396560669,0.3484232723712921,0.3641906678676605,0.5014151334762573,0.9995094537734985
60,2040,True,0.473087340593338,0.4042852520942688,-0.6098875403404236,0.9996035099029541,0.9999910593032837,0.4640548825263977,0.41039472818374634,-0.6413030624389648,0.9996079802513123,0.9999899864196777,0.45773574709892273,0.4110598564147949,-0.6413945555686951,0.9996230602264404,0.9999881982803345,0.45159491896629333,0.4117099344730377,-0.6414619088172913,0.9995506405830383,0.9999847412109375,0.47994765639305115,0.4096967577934265,-0.6441364884376526,0.999596118927002,0.9999915361404419,0.4850683808326721,0.4098636209964752,-0.6443163156509399,0.9996229410171509,0.9999912977218628,0.4900975227355957,0.4099198877811432,-0.6443284153938293,0.9995503425598145,0.9999902248382568,0.44108936190605164,0.4181012213230133,-0.6397691369056702,0.9993500709533691,0.999987006187439,0.49638810753822327,0.4164656102657318,-0.6541556119918823,0.9994474649429321,0.999994158744812,0.4610274136066437,0.4047895073890686,-0.5914827585220337,0.9993862509727478,0.9999743700027466,0.4792789816856384,0.4045878052711487,-0.5957671403884888,0.999397337436676,0.9999780654907227,0.3946917951107025,0.41861122846603394,-0.4561123251914978,0.9993171095848083,0.9998206496238708,0.5342692136764526,0.41435226798057556,-0.5039132833480835,0.999386191368103,0.9999675750732422,0.35509517788887024,0.4078367352485657,-0.21507862210273743,0.842290461063385,0.9968894124031067,0.5619077086448669,0.40723276138305664,-0.2785124182701111,0.7797330021858215,0.9991844296455383,0.3963066041469574,0.37715011835098267,-0.05992944538593292,0.8268170952796936,0.9989334940910339,0.5284091234207153,0.382547527551651,-0.1282118856906891,0.7838877439498901,0.9995080232620239,0.3947719633579254,0.36919263005256653,-0.06757081300020218,0.8201217651367188,0.9989107847213745,0.5329870581626892,0.3755556046962738,-0.1430722177028656,0.7820520401000977,0.9994329810142517,0.4111325144767761,0.36839962005615234,-0.09642069786787033,0.816044270992279,0.9990507960319519,0.5128975510597229,0.37165358662605286,-0.17479518055915833,0.7823531031608582,0.9994217157363892,0.4209282398223877,0.371684193611145,-0.06815116852521896,0.795783281326294,0.9991924166679382,0.5110417604446411,0.3792188763618469,-0.1359296441078186,0.7666763067245483,0.9995399713516235,0.42385172843933105,0.4166737198829651,0.00894188042730093,0.9989485144615173,0.9999938011169434,0.49426236748695374,0.4164803624153137,-0.008634259924292564,0.9992114305496216,0.9999964237213135,0.4318769574165344,0.3952743411064148,0.32869645953178406,0.40117064118385315,0.9998327493667603,0.5145334005355835,0.4035753309726715,0.32638809084892273,0.3032186031341553,0.9998680353164673,0.46699681878089905,0.36182165145874023,0.6738651990890503,0.5153816938400269,0.9998385906219482,0.5138797163963318,0.36386236548423767,0.6906846165657043,0.39593297243118286,0.9998468160629272,0.4686450660228729,0.36061450839042664,0.7104572653770447,0.4944557845592499,0.9997861981391907,0.5087881684303284,0.35997387766838074,0.7301426529884338,0.38407278060913086,0.9998173117637634,0.47926875948905945,0.3358311057090759,0.6667705774307251,0.5905186533927917,0.9996875524520874,0.5289875864982605,0.3418218493461609,0.6904535293579102,0.47286713123321533,0.9997063279151917
61,2074,True,0.4684383273124695,0.3961135149002075,-0.61186683177948,0.9996113181114197,0.9999939203262329,0.4589027464389801,0.40281596779823303,-0.6439715623855591,0.9996259212493896,0.9999924898147583,0.45316192507743835,0.40311533212661743,-0.6440134644508362,0.9996405839920044,0.9999910593032837,0.44751206040382385,0.4034152925014496,-0.6440255045890808,0.9995735883712769,0.9999885559082031,0.4733142554759979,0.4029012620449066,-0.6434325575828552,0.9996145367622375,0.9999932050704956,0.4783097505569458,0.4032641053199768,-0.6435619592666626,0.9996396899223328,0.9999924898147583,0.48323020339012146,0.4036193788051605,-0.6435341238975525,0.9995740056037903,0.9999909400939941,0.43808484077453613,0.4083089828491211,-0.6462109684944153,0.9993879199028015,0.9999887943267822,0.4894436001777649,0.4090334475040436,-0.6451244950294495,0.9994863271713257,0.999992847442627,0.45793864130973816,0.3962157070636749,-0.5956944227218628,0.9994031190872192,0.9999836683273315,0.47527995705604553,0.3966580033302307,-0.5953482389450073,0.9994110465049744,0.999984622001648,0.39541834592819214,0.41039949655532837,-0.45995813608169556,0.9993632435798645,0.9998302459716797,0.5314112305641174,0.4102817475795746,-0.49987250566482544,0.9994264841079712,0.9999496936798096,0.35961392521858215,0.4044598639011383,-0.2579207420349121,0.826775312423706,0.9984204769134521,0.5605185031890869,0.4081820845603943,-0.28579598665237427,0.765038013458252,0.9994016885757446,0.40015965700149536,0.3775145411491394,-0.12750937044620514,0.8039127588272095,0.9995620846748352,0.5321934819221497,0.3841753602027893,-0.16039523482322693,0.768387496471405,0.9996789693832397,0.396893173456192,0.3695914149284363,-0.13771770894527435,0.8058183193206787,0.9995378255844116,0.5381615161895752,0.3771151602268219,-0.17183706164360046,0.7751953601837158,0.9996426105499268,0.4164302945137024,0.36990588903427124,-0.16379155218601227,0.7997284531593323,0.9996107220649719,0.5218618512153625,0.37682774662971497,-0.2021290510892868,0.774340808391571,0.9996647834777832,0.422971248626709,0.3722260892391205,-0.13498172163963318,0.7759684324264526,0.9996626377105713,0.5168098211288452,0.3806643784046173,-0.16783863306045532,0.7576135993003845,0.9997155070304871,0.42468947172164917,0.4124513566493988,0.0024887067265808582,0.9990475177764893,0.9999809265136719,0.4924068748950958,0.4120306372642517,-0.0020606275647878647,0.9992843866348267,0.9999889135360718,0.44293212890625,0.39265331625938416,0.2650284171104431,0.39342156052589417,0.9997146725654602,0.5161852240562439,0.3914070427417755,0.2660875618457794,0.29162323474884033,0.9997875094413757,0.47904518246650696,0.35562998056411743,0.5669838786125183,0.5115280151367188,0.9997156262397766,0.5218022465705872,0.35696935653686523,0.597891628742218,0.3868206739425659,0.999700665473938,0.4804074168205261,0.35462436079978943,0.6025534272193909,0.49495235085487366,0.9996044039726257,0.5184848308563232,0.3554697632789612,0.6302637457847595,0.3762207627296448,0.9996209144592285,0.4934011995792389,0.3270670175552368,0.5930247902870178,0.5700717568397522,0.9995071887969971,0.5332841873168945,0.33197256922721863,0.6186316609382629,0.4513934850692749,0.9994353652000427
62,2108,True,0.46345046162605286,0.3960852026939392,-0.60257887840271,0.9996411800384521,0.9999986886978149,0.4538499712944031,0.4022422432899475,-0.6281508207321167,0.9996578097343445,0.9999979734420776,0.44842788577079773,0.4025081992149353,-0.6278935074806213,0.9996708035469055,0.9999974966049194,0.44303664565086365,0.40277546644210815,-0.627695620059967,0.9996098875999451,0.9999966621398926,0.46798595786094666,0.40220674872398376,-0.6255305409431458,0.9996472001075745,0.9999983310699463,0.47308623790740967,0.4024624824523926,-0.6256223320960999,0.9996696710586548,0.9999980926513672,0.47811517119407654,0.40273022651672363,-0.625596284866333,0.9996106028556824,0.999997615814209,0.43483966588974,0.4072883725166321,-0.6220270991325378,0.9994407296180725,0.9999960660934448,0.4851406514644623,0.4075402319431305,-0.6183867454528809,0.9995331764221191,0.9999978542327881,0.45443421602249146,0.39634692668914795,-0.583102822303772,0.9994471669197083,0.9999924898147583,0.47125324606895447,0.39670664072036743,-0.5808377861976624,0.9994536638259888,0.9999936819076538,0.39527544379234314,0.41072288155555725,-0.43150854110717773,0.9993986487388611,0.9997305274009705,0.53156578540802,0.4092556834220886,-0.4645254909992218,0.9994633197784424,0.9999518394470215,0.3648548424243927,0.40207743644714355,-0.22305573523044586,0.7994274497032166,0.9961989521980286,0.5578989386558533,0.40444985032081604,-0.2571825385093689,0.7479735016822815,0.9989842772483826,0.40865835547447205,0.37626102566719055,-0.07738719880580902,0.7692939639091492,0.9993389248847961,0.5319885015487671,0.3812277913093567,-0.11445406079292297,0.7503166794776917,0.9996376037597656,0.4068300426006317,0.36853790283203125,-0.08281644433736801,0.7791898250579834,0.9993878602981567,0.5364013314247131,0.37300118803977966,-0.12150193005800247,0.7632793188095093,0.999618649482727,0.42787086963653564,0.36973291635513306,-0.1083081066608429,0.7713819742202759,0.9994774460792542,0.5208795666694641,0.3737713694572449,-0.1516076624393463,0.7624964118003845,0.9996365308761597,0.4318094849586487,0.3718726634979248,-0.08495189249515533,0.7470493316650391,0.9995373487472534,0.516546905040741,0.37758639454841614,-0.12164727598428726,0.7467585802078247,0.9996910095214844,0.4247862994670868,0.41199785470962524,0.0016476367600262165,0.9991338849067688,0.9999481439590454,0.49240103363990784,0.41163963079452515,-0.0011409558355808258,0.9993482828140259,0.9999747276306152,0.44459134340286255,0.3808559775352478,0.1922762393951416,0.39516475796699524,0.9996833801269531,0.5201841592788696,0.3811083436012268,0.2200036197900772,0.2903096377849579,0.9998282194137573,0.48109081387519836,0.3408188223838806,0.4881254732608795,0.5130653381347656,0.9997350573539734,0.5231980085372925,0.3456236720085144,0.5059982538223267,0.3820415437221527,0.9997491240501404,0.48269665241241455,0.33839666843414307,0.5202496647834778,0.4988946318626404,0.999596893787384,0.5196019411087036,0.3430117666721344,0.5361525416374207,0.3680819869041443,0.9996482133865356,0.4954044818878174,0.3131774067878723,0.4847470223903656,0.5714144706726074,0.9994930028915405,0.5348083972930908,0.32300883531570435,0.4918213188648224,0.4488886594772339,0.999414324760437
63,2142,True,0.4662295877933502,0.38852471113204956,-0.5455307364463806,0.9996588826179504,0.9999903440475464,0.455218642950058,0.39538252353668213,-0.5695406794548035,0.9996759295463562,0.9999866485595703,0.449687659740448,0.3954373002052307,-0.5695492625236511,0.9996888637542725,0.9999837875366211,0.4441993832588196,0.395504891872406,-0.5695602893829346,0.9996312856674194,0.9999788999557495,0.4696911573410034,0.3965182602405548,-0.5708427429199219,0.9996660351753235,0.9999887943267822,0.4747101962566376,0.397335410118103,-0.5708943009376526,0.999687671661377,0.9999876022338867,0.47965431213378906,0.3981451690196991,-0.5708431005477905,0.9996333122253418,0.9999858140945435,0.43494224548339844,0.39931729435920715,-0.5520288944244385,0.9994811415672302,0.9999772310256958,0.4855692982673645,0.4056200385093689,-0.5586450695991516,0.9995697140693665,0.9999873638153076,0.4571966826915741,0.389299213886261,-0.5209693908691406,0.9994751811027527,0.9999710321426392,0.47392982244491577,0.39064282178878784,-0.5229853391647339,0.9994791150093079,0.999974250793457,0.39522403478622437,0.40685129165649414,-0.4044835865497589,0.9994150400161743,0.9994470477104187,0.5323010087013245,0.4122968316078186,-0.43349313735961914,0.9994714856147766,0.99980229139328,0.36137855052948,0.40469497442245483,-0.24717658758163452,0.8097379207611084,0.9942189455032349,0.5608649849891663,0.40615248680114746,-0.27760106325149536,0.7634256482124329,0.9983649849891663,0.4021756947040558,0.3745790719985962,-0.18532630801200867,0.7791343927383423,0.9983469247817993,0.5369316935539246,0.37749260663986206,-0.20336681604385376,0.7603951692581177,0.9989744424819946,0.39924323558807373,0.36792129278182983,-0.20542439818382263,0.7909166216850281,0.9980372786521912,0.5353794693946838,0.3709985613822937,-0.22359821200370789,0.776077151298523,0.9986231327056885,0.414229154586792,0.367574542760849,-0.22889921069145203,0.7830219864845276,0.9985658526420593,0.5222883224487305,0.37253135442733765,-0.24959209561347961,0.7742832899093628,0.9988534450531006,0.41725197434425354,0.37114760279655457,-0.1927182376384735,0.7553626894950867,0.9987545013427734,0.5170045495033264,0.3734298348426819,-0.21067532896995544,0.756122350692749,0.999099612236023,0.4249759316444397,0.4166431427001953,0.0028666662983596325,0.9991880059242249,0.9998177886009216,0.4911891520023346,0.4185372292995453,-0.0024353647604584694,0.9993804693222046,0.999887228012085,0.4405057728290558,0.3990531265735626,0.2842874825000763,0.37073826789855957,0.998401939868927,0.5105422735214233,0.40068531036376953,0.2942603528499603,0.27074605226516724,0.9988110065460205,0.4738963544368744,0.3639856278896332,0.6296021938323975,0.4941945970058441,0.9983032941818237,0.5125733613967896,0.3653721213340759,0.6233471632003784,0.3655155599117279,0.99812251329422,0.48211249709129333,0.3400176167488098,0.6696851253509521,0.48569202423095703,0.9978450536727905,0.5106562972068787,0.3467895984649658,0.6612301468849182,0.35465458035469055,0.9976962208747864,0.48776957392692566,0.3406520485877991,0.6774556040763855,0.5268007516860962,0.997710108757019,0.5306327939033508,0.3483061194419861,0.6589745283126831,0.41170457005500793,0.9972164630889893
64,2176,True,0.4698939323425293,0.38460466265678406,-0.5461918711662292,0.9996698498725891,0.9999861717224121,0.4589347839355469,0.3908136487007141,-0.5705714225769043,0.9996879696846008,0.9999847412109375,0.45354974269866943,0.39067399501800537,-0.5706286430358887,0.9997018575668335,0.9999822378158569,0.4467111825942993,0.38907548785209656,-0.570669949054718,0.9996479749679565,0.9999773502349854,0.47320443391799927,0.3926725387573242,-0.5718954801559448,0.9996793270111084,0.9999860525131226,0.4779682159423828,0.3937940001487732,-0.5719608068466187,0.9996999502182007,0.999984860420227,0.4826279878616333,0.39490240812301636,-0.5719203352928162,0.9996500611305237,0.9999827146530151,0.4374053180217743,0.39671260118484497,-0.5510917901992798,0.9995126724243164,0.9999785423278809,0.48713019490242004,0.4035731852054596,-0.5565874576568604,0.99959796667099,0.9999864101409912,0.46078750491142273,0.38565170764923096,-0.521843433380127,0.9994947910308838,0.9999737739562988,0.4768633246421814,0.3876306414604187,-0.523710310459137,0.9994916319847107,0.9999731779098511,0.3953667879104614,0.4036458134651184,-0.40611550211906433,0.9994465112686157,0.9997619986534119,0.531741201877594,0.4142528176307678,-0.4325349032878876,0.9994984269142151,0.9999024868011475,0.36153656244277954,0.40606221556663513,-0.24738624691963196,0.8175878524780273,0.9969442486763,0.5606032609939575,0.40783753991127014,-0.2711256742477417,0.7741981744766235,0.9989963173866272,0.40098002552986145,0.3747428357601166,-0.17881427705287933,0.7793551087379456,0.9991793036460876,0.5362569093704224,0.3812238872051239,-0.18799923360347748,0.7564783096313477,0.9993754029273987,0.39819425344467163,0.3681541681289673,-0.19503137469291687,0.7936827540397644,0.9989843964576721,0.5351502299308777,0.3726465106010437,-0.20664602518081665,0.7774090766906738,0.9991668462753296,0.41001057624816895,0.3678540885448456,-0.21761493384838104,0.7851437926292419,0.9991983771324158,0.5213499069213867,0.37327274680137634,-0.23346322774887085,0.7732817530632019,0.9992634654045105,0.4139246940612793,0.37136518955230713,-0.18518272042274475,0.7529345154762268,0.9993496537208557,0.5166119337081909,0.3774631917476654,-0.19548994302749634,0.7514588236808777,0.9994258880615234,0.4245074689388275,0.42371320724487305,0.0032981953117996454,0.9992292523384094,0.9999096393585205,0.4853271543979645,0.4267416000366211,-0.0029442054219543934,0.9994102120399475,0.9999516010284424,0.4402340054512024,0.4061805307865143,0.324465274810791,0.3437686562538147,0.9990190267562866,0.5030494332313538,0.40785080194473267,0.329455703496933,0.2500806450843811,0.9993869066238403,0.47009530663490295,0.37089255452156067,0.6973050236701965,0.46533316373825073,0.9987515211105347,0.5116553902626038,0.377837598323822,0.6829306483268738,0.34488776326179504,0.9990339279174805,0.4731806814670563,0.35924607515335083,0.7402381300926208,0.46016445755958557,0.9986666440963745,0.5082146525382996,0.37818092107772827,0.7236458659172058,0.3376546800136566,0.9989696741104126,0.4902235269546509,0.3510971963405609,0.7573694586753845,0.4808468520641327,0.9985211491584778,0.5277741551399231,0.35496634244918823,0.7308410406112671,0.37563440203666687,0.9986650943756104
65,2210,True,0.4717679023742676,0.3872174620628357,-0.5720683932304382,0.9996771812438965,0.9999797344207764,0.4617326557636261,0.39350757002830505,-0.591367781162262,0.9996901750564575,0.9999785423278809,0.45646312832832336,0.3936769366264343,-0.591446578502655,0.9997056722640991,0.9999755620956421,0.450607568025589,0.39344021677970886,-0.59147047996521,0.9996539950370789,0.9999690055847168,0.4764425456523895,0.3945905566215515,-0.5898894667625427,0.9996801614761353,0.9999796152114868,0.48136457800865173,0.3954682946205139,-0.5900144577026367,0.9997026920318604,0.999977707862854,0.4861465096473694,0.39633387327194214,-0.5900452136993408,0.9996567368507385,0.9999747276306152,0.4408617615699768,0.4012012481689453,-0.5606524348258972,0.9995215535163879,0.9999634027481079,0.4921287000179291,0.40549415349960327,-0.556891918182373,0.9996143579483032,0.9999743700027466,0.46287012100219727,0.38929328322410583,-0.5344346165657043,0.9994958639144897,0.9999556541442871,0.4786118268966675,0.390453040599823,-0.5308529734611511,0.9994783997535706,0.9999549388885498,0.3964032828807831,0.40947389602661133,-0.41707366704940796,0.999414324760437,0.9993427395820618,0.5318963527679443,0.4156067967414856,-0.43281471729278564,0.9994927048683167,0.9997323155403137,0.35888269543647766,0.4059193730354309,-0.26263996958732605,0.8296908140182495,0.9987112283706665,0.5618375539779663,0.40805619955062866,-0.2901519238948822,0.7866462469100952,0.9993057250976562,0.4008142650127411,0.37446364760398865,-0.24135613441467285,0.7916401624679565,0.9992844462394714,0.5298554301261902,0.3790324330329895,-0.25346872210502625,0.7619460225105286,0.9994221925735474,0.39829808473587036,0.36676570773124695,-0.26223769783973694,0.8065769076347351,0.998860239982605,0.5302625298500061,0.3709786832332611,-0.27708348631858826,0.7860572934150696,0.9991914629936218,0.4097115695476532,0.3675158619880676,-0.2853476107120514,0.7983649373054504,0.9991921782493591,0.5208364725112915,0.37230247259140015,-0.2985634207725525,0.7807286381721497,0.9993083477020264,0.41342461109161377,0.37136325240135193,-0.24836882948875427,0.7640804648399353,0.999396800994873,0.5157157778739929,0.37527281045913696,-0.2596406042575836,0.7554342150688171,0.9994502663612366,0.4244048595428467,0.43633612990379333,0.0014338649343699217,0.9992309808731079,0.9999401569366455,0.48491284251213074,0.43870773911476135,-0.0011838054051622748,0.9993952512741089,0.9999653100967407,0.4220644533634186,0.43720585107803345,0.35264843702316284,0.31876423954963684,0.999516487121582,0.4801815450191498,0.43978095054626465,0.3518748879432678,0.23126299679279327,0.9995290040969849,0.4245314300060272,0.43764644861221313,0.7073835730552673,0.449607789516449,0.9992843270301819,0.4663485586643219,0.4350527226924896,0.728213906288147,0.3232779800891876,0.9992857575416565,0.4201744496822357,0.44290584325790405,0.7482134699821472,0.4465909004211426,0.9991905093193054,0.4593380391597748,0.4387451112270355,0.7717401385307312,0.32236507534980774,0.9993178844451904,0.44003787636756897,0.4151122570037842,0.7671235799789429,0.4401916265487671,0.9991452693939209,0.47585687041282654,0.4158490300178528,0.7953627109527588,0.3410685956478119,0.9993243217468262
66,2244,True,0.4730812907218933,0.38783612847328186,-0.4562950134277344,0.9996703267097473,0.9999628067016602,0.46331077814102173,0.3933875858783722,-0.4798317849636078,0.999679446220398,0.9999569654464722,0.45789608359336853,0.39352235198020935,-0.4799439609050751,0.9996978044509888,0.999953031539917,0.4522303640842438,0.39354565739631653,-0.4799948036670685,0.9996492862701416,0.9999420642852783,0.4784366190433502,0.39459651708602905,-0.47862502932548523,0.9996640682220459,0.9999581575393677,0.4833641052246094,0.39549848437309265,-0.4787033796310425,0.9996885061264038,0.9999545812606812,0.4881554841995239,0.3963814973831177,-0.4786659777164459,0.9996476769447327,0.9999493360519409,0.4407707154750824,0.4013022780418396,-0.46514925360679626,0.9995185136795044,0.9999407529830933,0.4925558865070343,0.4059087336063385,-0.46013733744621277,0.9996135830879211,0.9999547004699707,0.4616369903087616,0.3907310366630554,-0.4344375729560852,0.9994744658470154,0.9999390840530396,0.4787907600402832,0.39143702387809753,-0.4328807294368744,0.999445915222168,0.9999382495880127,0.3905295431613922,0.4118996262550354,-0.36473527550697327,0.9994177222251892,0.9992569088935852,0.5292879343032837,0.42013925313949585,-0.3542119860649109,0.9994755387306213,0.9996904134750366,0.35554781556129456,0.4064165949821472,-0.23451367020606995,0.8402299880981445,0.9974421262741089,0.561703085899353,0.4114021360874176,-0.21779128909111023,0.798970639705658,0.9991397857666016,0.39210009574890137,0.37472468614578247,-0.19722801446914673,0.7940230369567871,0.9979656934738159,0.5304192900657654,0.3790071904659271,-0.1817547231912613,0.7640020847320557,0.9988375306129456,0.38744035363197327,0.3673824667930603,-0.2249218225479126,0.8118427395820618,0.9971935153007507,0.5342299342155457,0.371020644903183,-0.20649024844169617,0.7932943105697632,0.9983103275299072,0.40343141555786133,0.3685073256492615,-0.246489018201828,0.803421139717102,0.9978862404823303,0.5214607119560242,0.3721710443496704,-0.23227791488170624,0.7867586612701416,0.998521625995636,0.4042968451976776,0.37139883637428284,-0.2042539417743683,0.7646618485450745,0.9983065128326416,0.5170824527740479,0.3740212917327881,-0.19047695398330688,0.7578837871551514,0.9988184571266174,0.4189101457595825,0.4445551335811615,-0.007434938568621874,0.9991652965545654,0.9998645782470703,0.4744243323802948,0.450718492269516,0.007513648364692926,0.9993063807487488,0.9999104738235474,0.4134526252746582,0.44115155935287476,0.34901970624923706,0.29871514439582825,0.999029278755188,0.4768063426017761,0.44441747665405273,0.36575159430503845,0.21235038340091705,0.9990471005439758,0.41930991411209106,0.44844213128089905,0.6870886087417603,0.4359385669231415,0.998528003692627,0.46494075655937195,0.4440305233001709,0.7323013544082642,0.30266937613487244,0.9987228512763977,0.4176846444606781,0.45449671149253845,0.7263468503952026,0.43707939982414246,0.9983568787574768,0.460440069437027,0.4484902322292328,0.7749804258346558,0.3101336359977722,0.9987818598747253,0.4307660758495331,0.42876821756362915,0.740082859992981,0.4026332497596741,0.9981332421302795,0.47078466415405273,0.425374835729599,0.798295259475708,0.3094174563884735,0.9987013339996338
67,2278,True,0.4640144407749176,0.3928120732307434,-0.4324808418750763,0.99966961145401,0.9999520778656006,0.4556361734867096,0.395943820476532,-0.4537540376186371,0.9996720552444458,0.9999352693557739,0.45080024003982544,0.39587265253067017,-0.4538354277610779,0.9996921420097351,0.9999294281005859,0.44593942165374756,0.395953893661499,-0.45385363698005676,0.9996473789215088,0.999914288520813,0.4696212708950043,0.3975699543952942,-0.45155975222587585,0.9996527433395386,0.9999368190765381,0.47429266571998596,0.39853042364120483,-0.45163214206695557,0.9996782541275024,0.9999308586120605,0.47884902358055115,0.39949071407318115,-0.45160675048828125,0.9996437430381775,0.9999227523803711,0.436301052570343,0.40383583307266235,-0.43549275398254395,0.9995113015174866,0.9998961687088013,0.48572611808776855,0.4084502160549164,-0.4247947335243225,0.9996152520179749,0.999914288520813,0.45584094524383545,0.39633119106292725,-0.41132819652557373,0.999474287033081,0.999927282333374,0.47016051411628723,0.39749962091445923,-0.408173143863678,0.9994359016418457,0.9999206066131592,0.3902231454849243,0.4194590449333191,-0.34007611870765686,0.9993930459022522,0.9987867474555969,0.5228681564331055,0.4267757534980774,-0.33367064595222473,0.9994493126869202,0.9994089603424072,0.35621312260627747,0.4087541997432709,-0.2501577138900757,0.8509055376052856,0.9980155229568481,0.5544409155845642,0.4138609766960144,-0.22991156578063965,0.8055909872055054,0.998955488204956,0.39162200689315796,0.3753666281700134,-0.24358732998371124,0.80498868227005,0.9986124038696289,0.527370810508728,0.37914174795150757,-0.2111712396144867,0.7656102776527405,0.9985175728797913,0.3885599672794342,0.3675020635128021,-0.278474360704422,0.8228967189788818,0.9977449178695679,0.534095048904419,0.37129056453704834,-0.23085100948810577,0.7994616031646729,0.997734546661377,0.40165549516677856,0.36860495805740356,-0.29559916257858276,0.8148778676986694,0.9984003901481628,0.5196880102157593,0.3721458613872528,-0.2655222415924072,0.7924183011054993,0.9981479644775391,0.4035783112049103,0.3716735243797302,-0.25022634863853455,0.7746447920799255,0.9987565279006958,0.5152182579040527,0.37390202283859253,-0.22083567082881927,0.7602720856666565,0.9985179305076599,0.41649767756462097,0.4563547968864441,-0.006350246258080006,0.999038577079773,0.9997676014900208,0.47495588660240173,0.46046534180641174,0.006493052467703819,0.9991483688354492,0.9998489618301392,0.41424760222435,0.45231980085372925,0.3226582407951355,0.27727973461151123,0.9988760352134705,0.4735657870769501,0.4538841247558594,0.3304733633995056,0.19620048999786377,0.9988094568252563,0.4226917624473572,0.45557427406311035,0.6540036201477051,0.4193729758262634,0.9986491799354553,0.46376487612724304,0.4522104263305664,0.6816056966781616,0.2855554223060608,0.9986099004745483,0.421142578125,0.4606391489505768,0.6918941140174866,0.42561620473861694,0.9984612464904785,0.4602806568145752,0.45613232254981995,0.721333384513855,0.29941830039024353,0.9985933899879456,0.4349953830242157,0.4364669919013977,0.6973908543586731,0.3685716986656189,0.9984253644943237,0.46938270330429077,0.43451207876205444,0.7325455546379089,0.28133851289749146,0.9986918568611145
68,2312,False,,,,,,,,,,,,,,,,,,,,,,,,,,,,,,,,,,,,,,,,,,,,,,,,,,,,,,,,,,,,,,,,,,,,,,,,,,,,,,,,,,,,,,,,,,,,,,,,,,,,,,,,,,,,,,,,,,,,,,,,,,,,,,,,,,,,,,,,,,,,,,,,,,,,,,,,,,,,,,,,,,,,,
69,2346,False,,,,,,,,,,,,,,,,,,,,,,,,,,,,,,,,,,,,,,,,,,,,,,,,,,,,,,,,,,,,,,,,,,,,,,,,,,,,,,,,,,,,,,,,,,,,,,,,,,,,,,,,,,,,,,,,,,,,,,,,,,,,,,,,,,,,,,,,,,,,,,,,,,,,,,,,,,,,,,,,,,,,,
70,2380,True,0.4590824246406555,0.4162469506263733,-0.5480775833129883,0.9996802806854248,0.9999074935913086,0.44701072573661804,0.4191203713417053,-0.5799078941345215,0.9996720552444458,0.9997779726982117,0.4431593120098114,0.42054611444473267,-0.5801576375961304,0.9996868968009949,0.9997554421424866,0.4372294843196869,0.41993245482444763,-0.5802661180496216,0.9996476173400879,0.9997115731239319,0.4634363055229187,0.4203699231147766,-0.5799633860588074,0.999647319316864,0.9997726082801819,0.46803581714630127,0.420663446187973,-0.5800605416297913,0.9996635913848877,0.9997474551200867,0.47376540303230286,0.4230576157569885,-0.5800193548202515,0.9996376633644104,0.9997188448905945,0.42998552322387695,0.4248822331428528,-0.5948761105537415,0.9994921088218689,0.9995738863945007,0.4804695248603821,0.42899289727211,-0.5936444401741028,0.999594509601593,0.9996656179428101,0.4503873288631439,0.4200053811073303,-0.5375944972038269,0.9995021820068359,0.9998446702957153,0.4666059613227844,0.4211382269859314,-0.5371203422546387,0.9994624853134155,0.999832034111023,0.3933124244213104,0.4384877681732178,-0.48414739966392517,0.9994093179702759,0.9995900988578796,0.5105797648429871,0.4450382590293884,-0.5018953680992126,0.9994720816612244,0.9997177720069885,0.37280601263046265,0.41319218277931213,-0.4811898171901703,0.864300012588501,0.9995338916778564,0.5319356918334961,0.41393333673477173,-0.4963275194168091,0.8227889537811279,0.9997387528419495,0.4002284109592438,0.3785438537597656,-0.6279580593109131,0.8226955533027649,0.9990707635879517,0.5183900594711304,0.3798038065433502,-0.6364279389381409,0.7871103882789612,0.9993882179260254,0.3992542326450348,0.36965644359588623,-0.7146012783050537,0.8376737236976624,0.9980698227882385,0.5223801136016846,0.37009167671203613,-0.7256322503089905,0.8165605664253235,0.9988250136375427,0.4069501757621765,0.37081241607666016,-0.7403134703636169,0.8303582072257996,0.998571515083313,0.5084137320518494,0.37255096435546875,-0.7516327500343323,0.8102271556854248,0.9990342855453491,0.40995705127716064,0.3736485242843628,-0.6462624669075012,0.7931463122367859,0.9989840388298035,0.5073972344398499,0.37444278597831726,-0.6544273495674133,0.779965341091156,0.9992784857749939,0.41413289308547974,0.4959062933921814,0.01210873108357191,0.9990805983543396,0.9995245933532715,0.4801904559135437,0.4988024830818176,-0.011902709491550922,0.9992012977600098,0.9996540546417236,0.42832592129707336,0.4507570266723633,0.3249148726463318,0.26231399178504944,0.9985463619232178,0.519197940826416,0.47261160612106323,0.2781301438808441,0.19652269780635834,0.9990115165710449,0.4427892863750458,0.45508241653442383,0.7693790793418884,0.400616854429245,0.9993104934692383,0.4925096333026886,0.48167213797569275,0.7243779301643372,0.2832816243171692,0.9993316531181335,0.4428848624229431,0.4579829275608063,0.814784824848175,0.4079650640487671,0.999306321144104,0.482300728559494,0.4841102063655853,0.7699368000030518,0.2921268343925476,0.9993358254432678,0.45637544989585876,0.4491886496543884,0.7572110295295715,0.3718527555465698,0.9991139769554138,0.5035244226455688,0.4800533354282379,0.7092505097389221,0.29492565989494324,0.9991143345832825
71,2414,True,0.46051135659217834,0.42231258749961853,-0.3664907217025757,0.9997042417526245,0.9999834299087524,0.44998958706855774,0.42387524247169495,-0.40158525109291077,0.9996979236602783,0.9999496936798096,0.44510912895202637,0.42381495237350464,-0.4017519950866699,0.9997102618217468,0.9999480247497559,0.44091203808784485,0.42354750633239746,-0.40176865458488464,0.9996761083602905,0.9999430179595947,0.4647456407546997,0.4248679578304291,-0.39822307229042053,0.9996708035469055,0.9999408721923828,0.46899959444999695,0.42512965202331543,-0.39827457070350647,0.9996796250343323,0.9999314546585083,0.4742421507835388,0.4255569577217102,-0.39823704957962036,0.9996598362922668,0.9999170303344727,0.43323761224746704,0.42816123366355896,-0.45672959089279175,0.9995245337486267,0.9999232292175293,0.4804675579071045,0.43107810616493225,-0.4413112699985504,0.9996123313903809,0.9998939037322998,0.45246806740760803,0.42601752281188965,-0.37532392144203186,0.999545156955719,0.9999746084213257,0.46665695309638977,0.42872947454452515,-0.3708251416683197,0.9995067119598389,0.9999707937240601,0.3981078267097473,0.4428946077823639,-0.3892650306224823,0.9994474649429321,0.999854564666748,0.509918749332428,0.4471026062965393,-0.35642606019973755,0.9995102882385254,0.9998008608818054,0.3728658854961395,0.4153600335121155,-0.3522624373435974,0.8715291619300842,0.9999231100082397,0.5305140614509583,0.41500964760780334,-0.3099909722805023,0.8362489342689514,0.9999415874481201,0.3993229866027832,0.3804191052913666,-0.4250834584236145,0.8378806710243225,0.9999275207519531,0.519422173500061,0.3797670006752014,-0.36678364872932434,0.8069934248924255,0.9999284744262695,0.3992544412612915,0.37301871180534363,-0.4941723346710205,0.8502790331840515,0.9998300075531006,0.5224363803863525,0.3707607686519623,-0.42766788601875305,0.8325208425521851,0.9998390674591064,0.4069485068321228,0.3735048770904541,-0.5148350596427917,0.8437021970748901,0.9998623132705688,0.5103412866592407,0.3722009062767029,-0.45489171147346497,0.8269277215003967,0.9998602867126465,0.4099433422088623,0.3757619261741638,-0.4395045042037964,0.809760332107544,0.9999083280563354,0.5087834000587463,0.37398049235343933,-0.38306474685668945,0.798997163772583,0.9999029636383057,0.42398375272750854,0.49894219636917114,0.0009194051381200552,0.9991622567176819,0.9999697208404541,0.4808029234409332,0.5027092695236206,-0.0005960431299172342,0.9992785453796387,0.9999815225601196,0.4291214346885681,0.4466302990913391,0.1925554722547531,0.26778680086135864,0.999790370464325,0.5193818211555481,0.5007867217063904,0.17394545674324036,0.23905406892299652,0.9998725652694702,0.43182510137557983,0.4203135073184967,0.5015583038330078,0.4102950096130371,0.9999266862869263,0.4968664348125458,0.5035041570663452,0.4674326479434967,0.33876869082450867,0.9998490810394287,0.42929086089134216,0.41861194372177124,0.5307399034500122,0.4187849164009094,0.9999207258224487,0.48669934272766113,0.5021726489067078,0.49412617087364197,0.33439937233924866,0.9997902512550354,0.4404488503932953,0.4109657406806946,0.46961140632629395,0.4033688008785248,0.999873161315918,0.5107129216194153,0.5094237923622131,0.4067012667655945,0.3515470027923584,0.9997135996818542
72,2448,True,0.4605002999305725,0.43156948685646057,-0.2838248610496521,0.9997292160987854,0.9999852180480957,0.45306485891342163,0.4307408928871155,-0.3184468448162079,0.9997192025184631,0.9999641180038452,0.44893115758895874,0.4304071068763733,-0.31861403584480286,0.999732494354248,0.9999629259109497,0.44479891657829285,0.4301847517490387,-0.3186120092868805,0.9996998906135559,0.9999598264694214,0.46563416719436646,0.43169108033180237,-0.31361231207847595,0.9996917843818665,0.9999585151672363,0.469533234834671,0.43205127120018005,-0.3136553466320038,0.9996985793113708,0.9999527931213379,0.4743303060531616,0.4319930672645569,-0.3136228919029236,0.9996781945228577,0.9999452829360962,0.4379105865955353,0.4347817897796631,-0.3837309181690216,0.9995563626289368,0.9999393224716187,0.4804191291332245,0.4390021860599518,-0.3595515489578247,0.999633252620697,0.9999196529388428,0.4531870186328888,0.4354828894138336,-0.29737818241119385,0.9995834231376648,0.999976396560669,0.4671398103237152,0.4369102418422699,-0.2904945909976959,0.9995466470718384,0.9999724626541138,0.40745243430137634,0.4506601393222809,-0.33586418628692627,0.9994847774505615,0.9999352693557739,0.5076562762260437,0.45455461740493774,-0.3028397560119629,0.9995503425598145,0.9998929500579834,0.3744909167289734,0.41778475046157837,-0.319307804107666,0.8828543424606323,0.9999884366989136,0.5213819742202759,0.41697660088539124,-0.2823675274848938,0.851357638835907,0.999988317489624,0.396049827337265,0.38194090127944946,-0.40498343110084534,0.8533801436424255,0.999962329864502,0.5194117426872253,0.37979599833488464,-0.37500590085983276,0.825912356376648,0.9999725818634033,0.3958871066570282,0.374554842710495,-0.47111180424690247,0.8640400767326355,0.9998914003372192,0.5227192044258118,0.37141236662864685,-0.4395376741886139,0.8485060334205627,0.9999340772628784,0.4043666124343872,0.3747818171977997,-0.48909860849380493,0.85810786485672,0.9999082088470459,0.5102942585945129,0.37219300866127014,-0.4617076516151428,0.8435053825378418,0.9999375343322754,0.40582478046417236,0.37673619389533997,-0.4175587594509125,0.8272705674171448,0.9999436140060425,0.5087713003158569,0.37397876381874084,-0.3902587592601776,0.8180660605430603,0.9999585151672363,0.43120354413986206,0.5134458541870117,0.002394994255155325,0.999241054058075,0.9999874830245972,0.48502570390701294,0.5194348096847534,-0.002114024478942156,0.9993497133255005,0.999991774559021,0.4463702440261841,0.4530181884765625,0.21112436056137085,0.27851444482803345,0.9998615980148315,0.5189076066017151,0.5266346335411072,0.17458833754062653,0.28759706020355225,0.9998670816421509,0.4461742341518402,0.42460116744041443,0.5118613243103027,0.4328705966472626,0.999922513961792,0.48580753803253174,0.5413303971290588,0.4746372699737549,0.38734304904937744,0.9998045563697815,0.4456157684326172,0.42139071226119995,0.5391746759414673,0.44349026679992676,0.999901533126831,0.4727534055709839,0.540915846824646,0.5024554133415222,0.3749966621398926,0.9997077584266663,0.4504278302192688,0.4169403910636902,0.48613691329956055,0.4453430771827698,0.9998546838760376,0.49925655126571655,0.5527786016464233,0.43008455634117126,0.4061899483203888,0.9996237754821777
73,2482,True,0.45935317873954773,0.4377078413963318,-0.26236724853515625,0.9997507929801941,0.999982476234436,0.4527274966239929,0.4369192123413086,-0.30089667439460754,0.9997357130050659,0.9999614953994751,0.44869592785835266,0.43668073415756226,-0.30114611983299255,0.9997521042823792,0.9999616146087646,0.4447444975376129,0.4365531802177429,-0.30124133825302124,0.999718189239502,0.9999594688415527,0.46563419699668884,0.4377560019493103,-0.2919504940509796,0.9997090697288513,0.9999532699584961,0.4698230028152466,0.43801170587539673,-0.29205620288848877,0.99971604347229,0.9999464750289917,0.4743402302265167,0.437794029712677,-0.29203182458877563,0.9996901750564575,0.9999363422393799,0.43840518593788147,0.4405706822872162,-0.38331395387649536,0.9995871186256409,0.9999550580978394,0.48040473461151123,0.44290676712989807,-0.3407999575138092,0.9996512532234192,0.9999266862869263,0.4528105854988098,0.44136351346969604,-0.28106990456581116,0.9996160864830017,0.9999821186065674,0.4670271873474121,0.44260963797569275,-0.2689427137374878,0.9995818138122559,0.9999781847000122,0.4088202118873596,0.45768237113952637,-0.35775044560432434,0.9995253682136536,0.9999638795852661,0.5065720677375793,0.45768970251083374,-0.2795199155807495,0.9995881915092468,0.9999467134475708,0.3781871795654297,0.41990694403648376,-0.37884339690208435,0.8908694982528687,0.9999899864196777,0.5186792612075806,0.4211452007293701,-0.2670031189918518,0.8608646988868713,0.9999898672103882,0.39473503828048706,0.38341471552848816,-0.4851917624473572,0.8664402365684509,0.999957799911499,0.5179200768470764,0.38100191950798035,-0.39814725518226624,0.8420852422714233,0.9999586343765259,0.39071184396743774,0.37533074617385864,-0.5612391829490662,0.8752058148384094,0.9998834133148193,0.5226852893829346,0.3729097843170166,-0.46235328912734985,0.8619123697280884,0.9999068975448608,0.40022286772727966,0.3753734230995178,-0.5710115432739258,0.869712769985199,0.9999082088470459,0.5116593241691589,0.3725430369377136,-0.48965322971343994,0.857472836971283,0.9999128580093384,0.4037553668022156,0.3773687183856964,-0.495219886302948,0.8412564396858215,0.9999396800994873,0.5087203979492188,0.37445077300071716,-0.4162789583206177,0.8340246677398682,0.9999386072158813,0.43729883432388306,0.523165225982666,-0.01014658622443676,0.9993155002593994,0.9999949932098389,0.48570072650909424,0.5287762880325317,0.010369219817221165,0.9994145631790161,0.9999969005584717,0.4442782998085022,0.4659650921821594,0.20717832446098328,0.31032663583755493,0.9999357461929321,0.5004574656486511,0.5578358173370361,0.2628335952758789,0.339569091796875,0.9999508857727051,0.45621079206466675,0.4310597777366638,0.5691544413566589,0.46405258774757385,0.9999569654464722,0.4700930416584015,0.5906951427459717,0.5856567621231079,0.43944042921066284,0.9998852014541626,0.4598158001899719,0.4276537001132965,0.6032003164291382,0.4770966172218323,0.9999431371688843,0.4584601819515228,0.5927828550338745,0.6250396966934204,0.4222777783870697,0.9997894167900085,0.45980390906333923,0.4307706356048584,0.5462375283241272,0.4880337417125702,0.9999227523803711,0.4674522280693054,0.6043815612792969,0.5492645502090454,0.45913708209991455,0.9997125267982483
74,2516,True,0.4590517282485962,0.4430702328681946,-0.33031409978866577,0.9997715950012207,0.9999830722808838,0.4526118040084839,0.4422679543495178,-0.3654109835624695,0.9997532963752747,0.99996018409729,0.44862687587738037,0.4423564076423645,-0.365600049495697,0.9997706413269043,0.9999581575393677,0.4447955787181854,0.4425581395626068,-0.36562779545783997,0.9997380971908569,0.9999549388885498,0.46610504388809204,0.44251370429992676,-0.35769686102867126,0.9997286796569824,0.9999566078186035,0.4710131883621216,0.44273632764816284,-0.3577389121055603,0.9997336864471436,0.9999527931213379,0.4752272665500641,0.44272828102111816,-0.3576582670211792,0.9997085928916931,0.9999488592147827,0.43884557485580444,0.44732218980789185,-0.4251454770565033,0.9996153116226196,0.99993896484375,0.4810200035572052,0.4479992389678955,-0.38772550225257874,0.9996740221977234,0.9999346733093262,0.4524318277835846,0.4467529356479645,-0.34010156989097595,0.9996466636657715,0.9999649524688721,0.46713364124298096,0.44768112897872925,-0.3294355273246765,0.9996137022972107,0.999961256980896,0.41103270649909973,0.46520501375198364,-0.384792298078537,0.999546468257904,0.999919056892395,0.505940854549408,0.4646680951118469,-0.32006391882896423,0.9996165633201599,0.9999064207077026,0.37936946749687195,0.42337536811828613,-0.3970164358615875,0.9009445905685425,0.9999821186065674,0.5212448835372925,0.4246188998222351,-0.31560805439949036,0.8742053508758545,0.9999852180480957,0.39370065927505493,0.3854443430900574,-0.49894702434539795,0.8786317706108093,0.9999352693557739,0.5181996822357178,0.38509488105773926,-0.433685302734375,0.8572636842727661,0.9999492168426514,0.3881424069404602,0.37713032960891724,-0.5745589733123779,0.8855297565460205,0.9998399019241333,0.522976279258728,0.3754730820655823,-0.502483606338501,0.8743287920951843,0.9998931884765625,0.3987495005130768,0.37605738639831543,-0.587414562702179,0.8804559707641602,0.9998564720153809,0.5130684971809387,0.3729126453399658,-0.5270060896873474,0.8702946901321411,0.9998884201049805,0.40084996819496155,0.37887468934059143,-0.5101599097251892,0.8543944358825684,0.9999077320098877,0.5092475414276123,0.376087486743927,-0.45106053352355957,0.848749577999115,0.9999247789382935,0.4379928708076477,0.5268469452857971,-0.00888993963599205,0.9993795156478882,0.9999885559082031,0.4857850670814514,0.5323244333267212,0.009030568413436413,0.999472439289093,0.9999933242797852,0.4425385296344757,0.46903353929519653,0.2128138393163681,0.3267512917518616,0.9999086856842041,0.497390478849411,0.5574761629104614,0.2359040081501007,0.381113201379776,0.9999161958694458,0.4465488791465759,0.43572908639907837,0.5286626219749451,0.48672670125961304,0.9999531507492065,0.44860467314720154,0.5875884294509888,0.5463916063308716,0.4793546497821808,0.9998682737350464,0.4517615735530853,0.4346023201942444,0.5580710768699646,0.4998405873775482,0.9999414682388306,0.4354369342327118,0.5899022817611694,0.576411783695221,0.4537295699119568,0.9997934699058533,0.4391399323940277,0.4315393567085266,0.5100472569465637,0.5264692306518555,0.999882698059082,0.45012331008911133,0.5997300148010254,0.5041117072105408,0.5052495002746582,0.9996730089187622
75,2550,True,0.4584791362285614,0.4483164846897125,-0.29878172278404236,0.9997879862785339,0.9999911785125732,0.4525609314441681,0.4468749463558197,-0.33366096019744873,0.999756932258606,0.999981164932251,0.4484618306159973,0.4468298852443695,-0.3337760865688324,0.9997832179069519,0.9999796152114868,0.4445318579673767,0.446923166513443,-0.33374789357185364,0.9997434616088867,0.9999783039093018,0.4661790728569031,0.4472867548465729,-0.32573631405830383,0.9997361898422241,0.9999798536300659,0.47134748101234436,0.4473912715911865,-0.3258085548877716,0.9997425675392151,0.9999775886535645,0.4754835367202759,0.44732388854026794,-0.3257465064525604,0.9997066855430603,0.999974250793457,0.4388813376426697,0.45156773924827576,-0.4014023244380951,0.9996331930160522,0.9999711513519287,0.48120224475860596,0.45244938135147095,-0.3631117045879364,0.9996907711029053,0.9999665021896362,0.45226240158081055,0.45190247893333435,-0.3125969171524048,0.9996628761291504,0.9999749660491943,0.4671391248703003,0.45294493436813354,-0.30153411626815796,0.9996283650398254,0.9999736547470093,0.4114875793457031,0.4702475666999817,-0.36221200227737427,0.9995449781417847,0.999922513961792,0.5063678622245789,0.471531480550766,-0.31238237023353577,0.9996393918991089,0.9998852014541626,0.3795764148235321,0.42576083540916443,-0.38342002034187317,0.9096403121948242,0.9999929666519165,0.5245766043663025,0.42637187242507935,-0.30983254313468933,0.883909285068512,0.9999901056289673,0.3933354318141937,0.3857351839542389,-0.4600057303905487,0.8895843625068665,0.9999752044677734,0.5185718536376953,0.38594505190849304,-0.40730607509613037,0.8695762157440186,0.9999678134918213,0.38578927516937256,0.3773491382598877,-0.5174897313117981,0.8952007293701172,0.9999346733093262,0.5229184627532959,0.37620726227760315,-0.4598567485809326,0.8836348652839661,0.9999322891235352,0.3969058096408844,0.37626391649246216,-0.5290823578834534,0.8905256390571594,0.9999405145645142,0.513217568397522,0.3741571605205536,-0.48358553647994995,0.8799412250518799,0.9999271631240845,0.40091466903686523,0.37878310680389404,-0.46835505962371826,0.8664258122444153,0.9999619722366333,0.5101787447929382,0.37717241048812866,-0.42278990149497986,0.8596599102020264,0.9999511241912842,0.4364560842514038,0.5342311859130859,-0.006911269389092922,0.9994398355484009,0.9999954700469971,0.4854549467563629,0.5465618371963501,0.007244951091706753,0.9995250701904297,0.9999979734420776,0.4519754946231842,0.47060927748680115,0.16674472391605377,0.3694261908531189,0.9999557733535767,0.48335760831832886,0.5843724012374878,0.1084686815738678,0.4395366907119751,0.9999369382858276,0.4532508850097656,0.435075044631958,0.402072936296463,0.5281094908714294,0.9999556541442871,0.4211847186088562,0.6389803290367126,0.3265015482902527,0.527117908000946,0.9998185038566589,0.46034157276153564,0.4324108958244324,0.42412859201431274,0.5419652462005615,0.9999295473098755,0.40921270847320557,0.6439651846885681,0.34574636816978455,0.5012019872665405,0.9995827078819275,0.44229626655578613,0.41954755783081055,0.4030610918998718,0.5690330266952515,0.9998657703399658,0.41861453652381897,0.657002329826355,0.27452352643013,0.5514611005783081,0.9993854761123657
76,2584,True,0.4584813117980957,0.4538346827030182,-0.2138608694076538,0.9997644424438477,0.999890923500061,0.4527297616004944,0.45133456587791443,-0.24508258700370789,0.9996923208236694,0.9998113512992859,0.4489157795906067,0.4513261914253235,-0.24525626003742218,0.9997004866600037,0.9998107552528381,0.4453602731227875,0.45134854316711426,-0.245298370718956,0.9996553659439087,0.9997997879981995,0.4668330252170563,0.4511815905570984,-0.2470300942659378,0.9996793866157532,0.9997746348381042,0.4717833995819092,0.4516942501068115,-0.24722029268741608,0.9996809363365173,0.9997461438179016,0.47714507579803467,0.4513701796531677,-0.2472546100616455,0.9996238350868225,0.999705970287323,0.439723938703537,0.45577964186668396,-0.3067658245563507,0.9995347857475281,0.9997652173042297,0.4820214509963989,0.4550861418247223,-0.31310343742370605,0.9995748400688171,0.9996318817138672,0.4530984163284302,0.4577144980430603,-0.22421135008335114,0.9995705485343933,0.9997590184211731,0.4674820303916931,0.4584381580352783,-0.22616083920001984,0.9994894862174988,0.9996780157089233,0.41338518261909485,0.4738207459449768,-0.2694629430770874,0.9994458556175232,0.9995695948600769,0.5066346526145935,0.4763735830783844,-0.3100440800189972,0.9995324015617371,0.9983396530151367,0.3828171491622925,0.4280700087547302,-0.3007628619670868,0.9174375534057617,0.9998118281364441,0.5251041650772095,0.42988449335098267,-0.34569185972213745,0.8913499116897583,0.9994001388549805,0.39505770802497864,0.38652151823043823,-0.3918135464191437,0.8994278907775879,0.9992327690124512,0.5186379551887512,0.3867850601673126,-0.4520070254802704,0.8779321908950806,0.9988234639167786,0.3907270133495331,0.3775756061077118,-0.4390425682067871,0.9038764834403992,0.9984651803970337,0.5228759050369263,0.37636375427246094,-0.5103486776351929,0.8888874053955078,0.9983617663383484,0.39842838048934937,0.37660762667655945,-0.4514962136745453,0.8996343016624451,0.9985443353652954,0.5152329206466675,0.37477606534957886,-0.5180985331535339,0.8854508996009827,0.9985018968582153,0.4032450020313263,0.3789709806442261,-0.40135645866394043,0.8771241307258606,0.9989455342292786,0.5110337734222412,0.37790748476982117,-0.46188583970069885,0.8637300133705139,0.9986388087272644,0.44120606780052185,0.5602203607559204,0.027376800775527954,0.9994611144065857,0.9996597766876221,0.48430782556533813,0.5642396807670593,-0.027306217700242996,0.9995357990264893,0.999584972858429,0.47050216794013977,0.600077748298645,0.2109120488166809,0.39599281549453735,0.9979937076568604,0.47046107053756714,0.6065536737442017,0.14548441767692566,0.48401281237602234,0.998245120048523,0.4867042899131775,0.6385878324508667,0.47152790427207947,0.5481793880462646,0.9962096214294434,0.4061281085014343,0.6508758068084717,0.37797147035598755,0.5599544644355774,0.9954417943954468,0.48832160234451294,0.6454021334648132,0.49716565012931824,0.5571791529655457,0.9947073459625244,0.39465174078941345,0.6596805453300476,0.4007006287574768,0.5315379500389099,0.99375981092453,0.49688470363616943,0.6480113863945007,0.4602140188217163,0.5761153697967529,0.9955388903617859,0.405450701713562,0.659042239189148,0.3496641218662262,0.5717673301696777,0.9951443076133728
77,2618,True,0.4724448323249817,0.4612500071525574,-0.13624149560928345,0.9997712969779968,0.9999878406524658,0.46493229269981384,0.45587825775146484,-0.15418395400047302,0.9996845722198486,0.9999738931655884,0.45950907468795776,0.4560338854789734,-0.15422183275222778,0.9996781945228577,0.9999722242355347,0.4532332420349121,0.45595020055770874,-0.15425775945186615,0.9996337294578552,0.9999704360961914,0.4733521342277527,0.4568704664707184,-0.17301428318023682,0.9996806383132935,0.9999687671661377,0.4792759418487549,0.4555564522743225,-0.17313747107982635,0.9996777772903442,0.9999631643295288,0.48225724697113037,0.45517387986183167,-0.17311249673366547,0.9996154308319092,0.9999560117721558,0.4524342119693756,0.45889267325401306,-0.1737639456987381,0.9995251893997192,0.9999591112136841,0.48367470502853394,0.4598252773284912,-0.25875845551490784,0.9995800852775574,0.999929666519165,0.4647845923900604,0.46347713470458984,-0.1329340785741806,0.9995765089988708,0.9999696016311646,0.47930362820625305,0.4665416181087494,-0.15748754143714905,0.9994887709617615,0.9999613761901855,0.4229288399219513,0.47922617197036743,-0.10071671009063721,0.9994287490844727,0.9998624324798584,0.5066293478012085,0.48291125893592834,-0.313008576631546,0.9995504021644592,0.9994636178016663,0.3897151052951813,0.4318518042564392,-0.09212268888950348,0.9246982932090759,0.9999279975891113,0.5252938866615295,0.43731942772865295,-0.3886677920818329,0.9012396335601807,0.9996238946914673,0.39481282234191895,0.3869481682777405,-0.18028172850608826,0.9089857935905457,0.9998639822006226,0.5184251666069031,0.38683587312698364,-0.45497313141822815,0.8882479071617126,0.9996060729026794,0.3907320201396942,0.3779056966304779,-0.2058374583721161,0.9128336310386658,0.9997313618659973,0.5230618715286255,0.3771117627620697,-0.5136757493019104,0.8969709873199463,0.9995037317276001,0.398593932390213,0.37722745537757874,-0.2246263325214386,0.9089981317520142,0.9996992349624634,0.5162522792816162,0.3757422864437103,-0.5073493719100952,0.893657386302948,0.9994972944259644,0.4016730785369873,0.3798917531967163,-0.19245775043964386,0.8884864449501038,0.999805748462677,0.5130034685134888,0.379013329744339,-0.45729637145996094,0.8721892833709717,0.9995864033699036,0.4530700147151947,0.5744588375091553,0.09438269585371017,0.9994970560073853,0.9997672438621521,0.47192755341529846,0.581082820892334,-0.09419159591197968,0.9995706081390381,0.9996621608734131,0.5154607892036438,0.6235579252243042,0.2165760099887848,0.45065808296203613,0.9992523789405823,0.40703049302101135,0.6452783346176147,-0.0937972143292427,0.5352759957313538,0.9995044469833374,0.5556028485298157,0.6678857207298279,0.4390927255153656,0.5894636511802673,0.9986716508865356,0.32612621784210205,0.7061978578567505,0.024104084819555283,0.6034955382347107,0.9987826943397522,0.5422437787055969,0.6726135611534119,0.4585789144039154,0.5978370308876038,0.9984663724899292,0.3097473680973053,0.7159901261329651,0.032246172428131104,0.5762673020362854,0.9980854988098145,0.6014502644538879,0.6760050654411316,0.40286004543304443,0.6115445494651794,0.9983494281768799,0.3322063088417053,0.7235983610153198,-0.07714053243398666,0.6128942966461182,0.9979116320610046
78,2652,True,0.4941795766353607,0.46266889572143555,-0.18416827917099,0.9997850656509399,0.9999872446060181,0.4879755675792694,0.45855727791786194,-0.18579286336898804,0.9996951222419739,0.9999767541885376,0.4850986897945404,0.4584363102912903,-0.18590378761291504,0.999677836894989,0.9999748468399048,0.4823612570762634,0.4581747055053711,-0.1859661489725113,0.9996433258056641,0.9999725818634033,0.49111831188201904,0.45974573493003845,-0.22345156967639923,0.9997012615203857,0.9999738931655884,0.49191907048225403,0.45948663353919983,-0.22362032532691956,0.9996966123580933,0.9999701976776123,0.49374160170555115,0.45940637588500977,-0.2236289381980896,0.9996389746665955,0.999964714050293,0.4701012074947357,0.4605832099914551,-0.14927496016025543,0.999541699886322,0.9999641180038452,0.486871600151062,0.4623270034790039,-0.3208484947681427,0.9996072053909302,0.9999498128890991,0.4886190593242645,0.46680909395217896,-0.1617954969406128,0.9995968341827393,0.9999581575393677,0.49554944038391113,0.46850863099098206,-0.2111252248287201,0.9995132684707642,0.9999514818191528,0.43843579292297363,0.47840365767478943,-0.04095866531133652,0.9994379878044128,0.999855637550354,0.4970530569553375,0.4860565662384033,-0.3924669921398163,0.9995808601379395,0.9996999502182007,0.39840075373649597,0.43417906761169434,-0.004401596263051033,0.9268112778663635,0.9999372959136963,0.5244767665863037,0.4365461468696594,-0.563991904258728,0.9108132123947144,0.999848484992981,0.39583995938301086,0.38718897104263306,-0.12043462693691254,0.9158238172531128,0.9998251795768738,0.5184800028800964,0.3863603174686432,-0.6310404539108276,0.8985859751701355,0.9996623992919922,0.39090660214424133,0.37773022055625916,-0.15003164112567902,0.9183163046836853,0.9996381998062134,0.5230172872543335,0.3767976760864258,-0.7094701528549194,0.9055669903755188,0.9994848966598511,0.3988778293132782,0.3771600127220154,-0.17397643625736237,0.9149155616760254,0.999643087387085,0.5162865519523621,0.37594929337501526,-0.6837936043739319,0.9024415612220764,0.9995372295379639,0.4017145335674286,0.3800528049468994,-0.13829608261585236,0.8956306576728821,0.9997550845146179,0.5136104822158813,0.3788567781448364,-0.6257041692733765,0.8817848563194275,0.9996095299720764,0.4619660973548889,0.5849452018737793,0.14079120755195618,0.9995385408401489,0.9998152852058411,0.4660767912864685,0.5883625149726868,-0.1405576765537262,0.9996079802513123,0.9998188614845276,0.5181573033332825,0.632496178150177,0.2718352973461151,0.4822104275226593,0.9992703795433044,0.4106881320476532,0.6575997471809387,-0.08134712278842926,0.581233561038971,0.9995391368865967,0.5565558075904846,0.6723116636276245,0.5255225300788879,0.613979160785675,0.9983770847320557,0.2987498342990875,0.6886194944381714,0.10185113549232483,0.6426082253456116,0.9990155696868896,0.543277382850647,0.6786043643951416,0.5537642240524292,0.6185643672943115,0.9980762004852295,0.27303165197372437,0.7065373659133911,0.1163158193230629,0.6158289909362793,0.9985461235046387,0.5883715748786926,0.6802823543548584,0.5032109022140503,0.6322957873344421,0.997859537601471,0.27628830075263977,0.7180987596511841,0.012395127676427364,0.6501003503799438,0.998001754283905
79,2686,True,0.48763012886047363,0.4637834131717682,-0.09906665980815887,0.9997983574867249,0.9999945163726807,0.4801003634929657,0.4600333273410797,-0.10248902440071106,0.9997038841247559,0.999991774559021,0.47666385769844055,0.45980197191238403,-0.10258349031209946,0.9996887445449829,0.999991774559021,0.47182562947273254,0.4593086838722229,-0.10263136029243469,0.9996545314788818,0.9999914169311523,0.48926976323127747,0.4611641466617584,-0.14177629351615906,0.9997193217277527,0.9999901056289673,0.4908747673034668,0.4613555371761322,-0.14193832874298096,0.9997184872627258,0.999988317489624,0.49272918701171875,0.4614403247833252,-0.14193011820316315,0.9996594190597534,0.9999862909317017,0.4618995785713196,0.4630958139896393,-0.08888837695121765,0.9995691776275635,0.9999891519546509,0.48668378591537476,0.4663005769252777,-0.26736488938331604,0.9996388554573059,0.9999792575836182,0.4789993166923523,0.46858111023902893,-0.08610188215970993,0.999616801738739,0.9999864101409912,0.49041464924812317,0.4708983898162842,-0.137807697057724,0.9995331168174744,0.9999822378158569,0.4298693835735321,0.48623815178871155,0.002195063279941678,0.9994769096374512,0.9999871253967285,0.4955551028251648,0.4914647042751312,-0.3844878375530243,0.9996151328086853,0.9999468326568604,0.3972605764865875,0.435199111700058,0.06326315551996231,0.9308104515075684,0.999994158744812,0.5229598879814148,0.44106703996658325,-0.5116468071937561,0.9196146130561829,0.9999743700027466,0.3961375057697296,0.3880159258842468,-0.04497784003615379,0.9226864576339722,0.9999507665634155,0.5186150670051575,0.3873624801635742,-0.5639180541038513,0.9083279967308044,0.9998741149902344,0.39089235663414,0.3789820671081543,-0.067643903195858,0.9244996309280396,0.9998940229415894,0.523029088973999,0.37873995304107666,-0.6369726657867432,0.9141287803649902,0.9998143315315247,0.39804840087890625,0.37759459018707275,-0.1004062369465828,0.921464204788208,0.9998824596405029,0.5160272121429443,0.37717005610466003,-0.6711744666099548,0.9112219214439392,0.9998083710670471,0.40196117758750916,0.38103562593460083,-0.0656290128827095,0.9035711288452148,0.9999222755432129,0.5133880376815796,0.3804207444190979,-0.5705900192260742,0.8917254209518433,0.9998489618301392,0.4583296477794647,0.5993672013282776,0.1433110237121582,0.9995839595794678,0.9999891519546509,0.4686031639575958,0.6029534339904785,-0.14313721656799316,0.9996455907821655,0.9999798536300659,0.5127870440483093,0.6583162546157837,0.2934013307094574,0.5310677289962769,0.9999151229858398,0.41912180185317993,0.6702626943588257,-0.06111932918429375,0.622932493686676,0.9999037981033325,0.5447825789451599,0.7073826193809509,0.49618351459503174,0.6511521935462952,0.9997586607933044,0.2938435971736908,0.6900237798690796,0.132518008351326,0.6780574321746826,0.9998064637184143,0.5382552742958069,0.715611457824707,0.5115045309066772,0.654651939868927,0.9997225403785706,0.27882087230682373,0.6873646974563599,0.1492859572172165,0.6534857749938965,0.9997867941856384,0.5814475417137146,0.7225440740585327,0.45180097222328186,0.6664576530456543,0.9995344877243042,0.27011749148368835,0.7131450176239014,0.0722392350435257,0.6842643022537231,0.9997169375419617
80,2720,True,0.4874189496040344,0.4688745439052582,-0.0001708675699774176,0.9998155832290649,0.9999982118606567,0.48060739040374756,0.46322011947631836,-0.00046735277283005416,0.9997305870056152,0.9999969005584717,0.4759354889392853,0.46286916732788086,-0.00044399432954378426,0.9997156858444214,0.9999967813491821,0.4718097746372223,0.4625603258609772,-0.00045746241812594235,0.9996857047080994,0.9999964237213135,0.4885226786136627,0.4639492928981781,-0.04473850876092911,0.9997456669807434,0.9999964237213135,0.48988643288612366,0.46419793367385864,-0.044950395822525024,0.9997447729110718,0.9999964237213135,0.4914535582065582,0.46435242891311646,-0.04498443007469177,0.9996914863586426,0.9999957084655762,0.46001192927360535,0.46584826707839966,0.012012352235615253,0.999607503414154,0.9999963045120239,0.486569344997406,0.46906352043151855,-0.18850305676460266,0.9996721148490906,0.999994158744812,0.4778892993927002,0.4735087752342224,0.012679090723395348,0.9996495842933655,0.9999958276748657,0.48840415477752686,0.4752703607082367,-0.04525105655193329,0.99957275390625,0.9999949932098389,0.4260731637477875,0.48759394884109497,0.10247302800416946,0.9995114207267761,0.9999924898147583,0.4902423918247223,0.49297231435775757,-0.3261289894580841,0.9996457099914551,0.9999772310256958,0.40095412731170654,0.4393290579319,0.18054544925689697,0.9273133873939514,0.9999901056289673,0.5196805596351624,0.4429188668727875,-0.5091002583503723,0.9274200797080994,0.9999443292617798,0.40059641003608704,0.38900089263916016,0.08496415615081787,0.9257054924964905,0.9999328851699829,0.5190798044204712,0.3881279528141022,-0.5589739680290222,0.9168452024459839,0.9996621608734131,0.3938213884830475,0.3797753155231476,0.06989898532629013,0.926701545715332,0.9998631477355957,0.5263955593109131,0.37888169288635254,-0.6261662244796753,0.9214695692062378,0.999502420425415,0.40141910314559937,0.3783956468105316,0.04026307910680771,0.9240216016769409,0.9998601675033569,0.5182963609695435,0.37696799635887146,-0.6509271264076233,0.9187283515930176,0.9995361566543579,0.40803635120391846,0.3813607096672058,0.0661538690328598,0.9072539210319519,0.9998970031738281,0.5146757960319519,0.3805687725543976,-0.5562994480133057,0.9003696441650391,0.9996142387390137,0.45304903388023376,0.6072251200675964,0.14619620144367218,0.9996240139007568,0.9999977350234985,0.46930360794067383,0.609985888004303,-0.14627991616725922,0.9996796250343323,0.9999973773956299,0.40863436460494995,0.6808291673660278,0.2450571209192276,0.5741498470306396,0.9999663829803467,0.5389612913131714,0.6616026163101196,-0.08927515149116516,0.6602379679679871,0.999923586845398,0.3040628135204315,0.7080932855606079,0.3383808434009552,0.6845175623893738,0.9999244213104248,0.5025638937950134,0.7257421016693115,0.0441422164440155,0.7093406915664673,0.9998123049736023,0.2749134600162506,0.7170902490615845,0.349237859249115,0.687792181968689,0.9999024868011475,0.4831866919994354,0.736343264579773,0.0547897033393383,0.6855002045631409,0.9997996687889099,0.2805447578430176,0.7238973379135132,0.29702985286712646,0.697385311126709,0.9998326301574707,0.5411574840545654,0.7429629564285278,-0.006084808148443699,0.713759183883667,0.9996885061264038
81,2754,True,0.4869946241378784,0.4713080823421478,0.02036209963262081,0.9998335838317871,0.9999996423721313,0.480279803276062,0.4642360806465149,0.022261209785938263,0.9997568726539612,0.9999994039535522,0.4767921566963196,0.4638180136680603,0.022305559366941452,0.9997431635856628,0.9999994039535522,0.47355449199676514,0.46337229013442993,0.02231508120894432,0.9997164011001587,0.9999994039535522,0.48635485768318176,0.46490103006362915,-0.026159275323152542,0.9997707605361938,0.9999994039535522,0.4879571795463562,0.46539002656936646,-0.026333050802350044,0.999769926071167,0.9999992847442627,0.49030402302742004,0.4654880464076996,-0.026271231472492218,0.9997219443321228,0.9999991655349731,0.45930564403533936,0.4657270908355713,0.04613593965768814,0.9996460676193237,0.9999994039535522,0.48219040036201477,0.4685285985469818,-0.17437878251075745,0.9997044205665588,0.9999990463256836,0.4776853322982788,0.47580209374427795,0.03617500886321068,0.9996836185455322,0.9999990463256836,0.48634201288223267,0.4772820472717285,-0.027686739340424538,0.9996145367622375,0.9999990463256836,0.4233543872833252,0.48769205808639526,0.14862319827079773,0.9995566606521606,0.9999958276748657,0.47845035791397095,0.4923275113105774,-0.31584352254867554,0.9996798038482666,0.9999946355819702,0.40229126811027527,0.43963557481765747,0.2650274932384491,0.9195058941841125,0.9999935626983643,0.5162026882171631,0.4448947012424469,-0.4962822496891022,0.9345492124557495,0.9999850988388062,0.40253692865371704,0.38966700434684753,0.2189907729625702,0.9275479912757874,0.9999638795852661,0.5200492143630981,0.39010941982269287,-0.5470157861709595,0.9247040152549744,0.9998836517333984,0.3987436890602112,0.3796548843383789,0.21851389110088348,0.9279636144638062,0.9999254941940308,0.5274859666824341,0.37956473231315613,-0.6140806674957275,0.92835932970047,0.9997785687446594,0.40696609020233154,0.3783779442310333,0.18483668565750122,0.9254170656204224,0.9999223947525024,0.5193328857421875,0.37860870361328125,-0.6007965803146362,0.9257820844650269,0.9998002648353577,0.41208329796791077,0.38135313987731934,0.20112061500549316,0.9094113111495972,0.9999469518661499,0.5147113800048828,0.3819546401500702,-0.5503718256950378,0.908660352230072,0.9998476505279541,0.4576530456542969,0.6116649508476257,0.16619130969047546,0.999660849571228,0.9999966621398926,0.4678659737110138,0.6147374510765076,-0.1660754382610321,0.9997109770774841,0.999996542930603,0.4161829650402069,0.6810134649276733,0.27444756031036377,0.6073707938194275,0.9999667406082153,0.5258573293685913,0.6848717927932739,-0.17626051604747772,0.6939942836761475,0.9999688863754272,0.38463303446769714,0.7274026274681091,0.41916948556900024,0.7118566632270813,0.9999077320098877,0.4392136335372925,0.7294109463691711,-0.06916241347789764,0.7382028102874756,0.9999254941940308,0.3748513460159302,0.7328792810440063,0.4317949116230011,0.7155181169509888,0.9998792409896851,0.41079604625701904,0.732165515422821,-0.057600535452365875,0.716407299041748,0.9999116659164429,0.37667202949523926,0.7457621097564697,0.38802215456962585,0.7226487994194031,0.9998090863227844,0.4495481252670288,0.7532680034637451,-0.1157083809375763,0.7418525218963623,0.9998288154602051
82,2788,True,0.48460501432418823,0.47061991691589355,-0.043798498809337616,0.9998494386672974,0.999998927116394,0.47823482751846313,0.4638778567314148,-0.034766677767038345,0.9997800588607788,0.9999982118606567,0.474808007478714,0.4632629454135895,-0.03471124544739723,0.9997671246528625,0.9999980926513672,0.4702240526676178,0.46272921562194824,-0.034682273864746094,0.9997434616088867,0.9999978542327881,0.4792136251926422,0.4645451605319977,-0.08451340347528458,0.9997931122779846,0.9999979734420776,0.4779418110847473,0.46468791365623474,-0.08466924726963043,0.999792218208313,0.9999977350234985,0.47712376713752747,0.46469181776046753,-0.08462944626808167,0.9997490048408508,0.9999972581863403,0.4585402309894562,0.4642471671104431,0.022203559055924416,0.9996798634529114,0.999997615814209,0.46534639596939087,0.46710819005966187,-0.20461899042129517,0.999733030796051,0.9999964237213135,0.4766184091567993,0.47445759177207947,-0.01598905399441719,0.9997132420539856,0.9999961853027344,0.47736963629722595,0.47571033239364624,-0.08127563446760178,0.999651312828064,0.9999959468841553,0.42241641879081726,0.4873277246952057,0.14602769911289215,0.9995888471603394,0.9999802112579346,0.45846274495124817,0.492208331823349,-0.33216118812561035,0.9997082948684692,0.9999748468399048,0.4007417857646942,0.44031786918640137,0.1905461996793747,0.9080970287322998,0.9999796152114868,0.5108320713043213,0.44480380415916443,-0.5259979367256165,0.9409322142601013,0.999934196472168,0.40196356177330017,0.38980549573898315,0.06663563847541809,0.9264416694641113,0.9999216794967651,0.5202398300170898,0.38976651430130005,-0.5651088356971741,0.9316092133522034,0.9996345043182373,0.39837509393692017,0.3796679377555847,0.05032568424940109,0.9250076413154602,0.9998441934585571,0.5273739695549011,0.37947943806648254,-0.6336309909820557,0.9342027902603149,0.999402642250061,0.4068256914615631,0.37862125039100647,0.023805292323231697,0.9225285649299622,0.9998486042022705,0.5191510319709778,0.37852534651756287,-0.6042661666870117,0.9317317605018616,0.9994704127311707,0.41124776005744934,0.38146528601646423,0.047875676304101944,0.9070092439651489,0.9998906850814819,0.5150960087776184,0.38190552592277527,-0.5568140745162964,0.9155271649360657,0.9995762705802917,0.4609411060810089,0.6102586984634399,0.17503274977207184,0.9996913075447083,0.9999852180480957,0.4640817940235138,0.6128670573234558,-0.17487108707427979,0.9997376799583435,0.999984622001648,0.4415387809276581,0.6850064992904663,0.27627304196357727,0.6291881799697876,0.9999322891235352,0.5142307877540588,0.6892639398574829,-0.24800992012023926,0.7243268489837646,0.9999366998672485,0.40143105387687683,0.7394838929176331,0.44135648012161255,0.7325630784034729,0.9997962117195129,0.4489944577217102,0.7574907541275024,-0.15906566381454468,0.7641385197639465,0.9998127818107605,0.38490357995033264,0.7487527132034302,0.45479121804237366,0.7370311617851257,0.9997138381004333,0.42440134286880493,0.7645601630210876,-0.1520765870809555,0.7438346743583679,0.9997277855873108,0.4138983488082886,0.7553805708885193,0.403131902217865,0.7419928312301636,0.9995560050010681,0.4748726189136505,0.7828470468521118,-0.2523297369480133,0.7670019865036011,0.9994664788246155
83,2822,True,0.48291701078414917,0.4681221842765808,-0.0897630825638771,0.9998639225959778,0.999996542930603,0.4760534167289734,0.46161580085754395,-0.07266659289598465,0.9998010396957397,0.9999936819076538,0.4728153645992279,0.46120738983154297,-0.07264631241559982,0.9997885823249817,0.9999934434890747,0.4692539572715759,0.4607463479042053,-0.07259314507246017,0.9997678995132446,0.9999927282333374,0.47572147846221924,0.4621395170688629,-0.1267724186182022,0.9998133182525635,0.999992847442627,0.4723951518535614,0.4622182250022888,-0.1269291490316391,0.9998123049736023,0.9999915361404419,0.46931806206703186,0.4622308611869812,-0.12685546278953552,0.9997734427452087,0.9999895095825195,0.4520294964313507,0.46211498975753784,0.02899736352264881,0.9997102618217468,0.9999922513961792,0.44953927397727966,0.464790403842926,-0.21951088309288025,0.9997588396072388,0.9999849796295166,0.47463056445121765,0.47224682569503784,-0.047304704785346985,0.9997393488883972,0.9999816417694092,0.4734993278980255,0.47319474816322327,-0.11803600192070007,0.9996838569641113,0.9999786615371704,0.42161911725997925,0.4857797622680664,0.171128049492836,0.9996199011802673,0.9999523162841797,0.4336031675338745,0.4905320107936859,-0.3324544429779053,0.9997284412384033,0.999896764755249,0.40530264377593994,0.4400458335876465,0.20480185747146606,0.8702825903892517,0.9999620914459229,0.5011368989944458,0.44928938150405884,-0.5525892972946167,0.9466767311096191,0.9998970031738281,0.40386420488357544,0.3896578550338745,0.09866821765899658,0.9093144536018372,0.999845027923584,0.5195419788360596,0.39601513743400574,-0.5780549645423889,0.9378411173820496,0.9996278285980225,0.4026849567890167,0.3795652687549591,0.08143177628517151,0.9044287800788879,0.9997124075889587,0.5254099369049072,0.38094860315322876,-0.6410329341888428,0.9394798874855042,0.9993809461593628,0.40970543026924133,0.37881168723106384,0.06370034068822861,0.9011991024017334,0.9997109770774841,0.5187386870384216,0.37953731417655945,-0.6110541820526123,0.9371107816696167,0.9994250535964966,0.41251692175865173,0.3814733326435089,0.08223850280046463,0.8873493671417236,0.9997648596763611,0.5150719881057739,0.38474518060684204,-0.5672425627708435,0.9217348098754883,0.9995303153991699,0.46890267729759216,0.6082978844642639,0.16188457608222961,0.9997203946113586,0.9999806880950928,0.45931577682495117,0.6090371608734131,-0.16163790225982666,0.9997597932815552,0.9999709129333496,0.4923110604286194,0.6928854584693909,0.10471031069755554,0.6595279574394226,0.9999492168426514,0.5007438063621521,0.6864534616470337,-0.26758578419685364,0.7512840032577515,0.9998868703842163,0.5085874199867249,0.7768142819404602,0.12523959577083588,0.7574224472045898,0.9998067021369934,0.38020217418670654,0.7462782263755798,-0.17386533319950104,0.7872422933578491,0.9997517466545105,0.492958664894104,0.7925716638565063,0.12024849653244019,0.7597192525863647,0.9996488094329834,0.3504769802093506,0.7467929720878601,-0.16790111362934113,0.7676278352737427,0.9996895790100098,0.554063081741333,0.797967791557312,0.010585770010948181,0.7656925320625305,0.9992269277572632,0.3738816976547241,0.7817380428314209,-0.26995033025741577,0.789505660533905,0.9993784427642822
84,2856,True,0.47007763385772705,0.4591592848300934,0.041379548609256744,0.9998751878738403,0.9999843835830688,0.4655503034591675,0.45261621475219727,0.04551953077316284,0.9998164772987366,0.9999759197235107,0.4601546823978424,0.4521397650241852,0.04551773518323898,0.9998036623001099,0.9999754428863525,0.4565737843513489,0.45171675086021423,0.04553910717368126,0.9997864365577698,0.9999743700027466,0.4700290262699127,0.4547833800315857,-0.005525738932192326,0.9998295903205872,0.9999703168869019,0.46904703974723816,0.45505088567733765,-0.005685205105692148,0.9998284578323364,0.9999645948410034,0.4680602550506592,0.4550447463989258,-0.005601777695119381,0.9997929930686951,0.9999567270278931,0.44270575046539307,0.4553576409816742,0.08407527208328247,0.9997348785400391,0.9999668598175049,0.4545876383781433,0.4582502841949463,-0.14596064388751984,0.999779462814331,0.9999309778213501,0.46346065402030945,0.4654479920864105,0.06286770850419998,0.9997555613517761,0.9999058246612549,0.467631995677948,0.4663108289241791,-0.004158564377576113,0.9997057914733887,0.9998888969421387,0.4071076810359955,0.4832640290260315,0.19975703954696655,0.999616801738739,0.9997578263282776,0.4499569237232208,0.48845911026000977,-0.2952871024608612,0.9997161626815796,0.9993082284927368,0.3981029987335205,0.4388526380062103,0.30296486616134644,0.8551568388938904,0.9999116659164429,0.5037440657615662,0.4390539228916168,-0.474560409784317,0.9517822265625,0.9996697902679443,0.40366262197494507,0.3880940079689026,0.28140684962272644,0.9034410119056702,0.9995999932289124,0.5196645259857178,0.3897514343261719,-0.46450984477996826,0.9432266354560852,0.9988241791725159,0.4023667573928833,0.37846702337265015,0.2832542955875397,0.8977173566818237,0.9992365837097168,0.5248795747756958,0.37472912669181824,-0.517118513584137,0.9440653920173645,0.9981274008750916,0.4087933897972107,0.37763333320617676,0.25607389211654663,0.8942679762840271,0.9992007613182068,0.5180832743644714,0.3736533522605896,-0.4920708239078522,0.9418385624885559,0.9982561469078064,0.411067932844162,0.3794904947280884,0.2655372619628906,0.8812595009803772,0.9993798732757568,0.512308657169342,0.378290593624115,-0.4546189606189728,0.9270683526992798,0.9985516667366028,0.46484655141830444,0.6066278219223022,0.16062861680984497,0.999742865562439,0.9999109506607056,0.4596894681453705,0.6061844825744629,-0.16058595478534698,0.9997692704200745,0.9998352527618408,0.5023883581161499,0.688805341720581,0.15497015416622162,0.6772715449333191,0.9997569918632507,0.5102108120918274,0.682694673538208,-0.2331560105085373,0.7745294570922852,0.9993904829025269,0.4863128364086151,0.7781230807304382,0.149295374751091,0.7783817648887634,0.9993143081665039,0.395139217376709,0.7494062185287476,-0.13759936392307281,0.8073400855064392,0.9992591738700867,0.4733242392539978,0.7922043800354004,0.14366163313388824,0.7785675525665283,0.9989125728607178,0.37069374322891235,0.7496618032455444,-0.1280749887228012,0.7879008650779724,0.9991581439971924,0.5231099724769592,0.8041577339172363,0.06958052515983582,0.7851603031158447,0.9977216124534607,0.3927795886993408,0.7866653203964233,-0.1838347315788269,0.8086898922920227,0.9986074566841125
85,2890,True,0.4670531749725342,0.44805020093917847,0.15727044641971588,0.9998837113380432,0.9999905824661255,0.4597567617893219,0.4419822692871094,0.15012714266777039,0.9998279809951782,0.9999856948852539,0.45365723967552185,0.4417399764060974,0.1501467376947403,0.999814510345459,0.9999853372573853,0.45064663887023926,0.44112294912338257,0.15016894042491913,0.9998002052307129,0.9999843835830688,0.4685687720775604,0.4426526129245758,0.1084735319018364,0.9998425245285034,0.9999817609786987,0.4692946672439575,0.4426857531070709,0.10835935920476913,0.9998411536216736,0.9999779462814331,0.46893036365509033,0.44264769554138184,0.10848401486873627,0.9998080134391785,0.9999723434448242,0.43572574853897095,0.4465927183628082,0.13438670337200165,0.9997550249099731,0.9999773502349854,0.4566058814525604,0.4475540518760681,-0.05451013892889023,0.9997949600219727,0.999950647354126,0.4559679329395294,0.4548332095146179,0.15878969430923462,0.9997652769088745,0.9999209642410278,0.4672899842262268,0.45591044425964355,0.10380875319242477,0.9997192025184631,0.9999055862426758,0.4016941487789154,0.48151689767837524,0.21349716186523438,0.9995789527893066,0.999736487865448,0.4585840404033661,0.47812527418136597,-0.21453210711479187,0.9996838569641113,0.9991555213928223,0.3947639465332031,0.43550586700439453,0.34611305594444275,0.8600752949714661,0.9999377727508545,0.5049627423286438,0.4304932653903961,-0.32346728444099426,0.9562385082244873,0.9997439980506897,0.40200120210647583,0.38610512018203735,0.3665481209754944,0.9082154035568237,0.999691367149353,0.5196783542633057,0.383742094039917,-0.29425057768821716,0.9477608799934387,0.99937903881073,0.39974501729011536,0.37684720754623413,0.3781774640083313,0.902826726436615,0.9993763566017151,0.5248383283615112,0.3709050416946411,-0.33500683307647705,0.9477967023849487,0.9990094900131226,0.4060567617416382,0.37653639912605286,0.34636950492858887,0.8995091915130615,0.9992724061012268,0.5179738998413086,0.3701324760913849,-0.32122328877449036,0.9456896185874939,0.9989996552467346,0.4081462323665619,0.3779897391796112,0.35184556245803833,0.887355625629425,0.9994924068450928,0.5122179388999939,0.37615281343460083,-0.2885163724422455,0.9313653111457825,0.9992220401763916,0.4603569805622101,0.6033558249473572,0.153734490275383,0.999761164188385,0.9999321699142456,0.47534769773483276,0.6001554727554321,-0.15367983281612396,0.9997801780700684,0.9998893737792969,0.4938286542892456,0.6760741472244263,0.12268038094043732,0.6874012351036072,0.9995980858802795,0.5325157046318054,0.6757255792617798,-0.2495354264974594,0.7942055463790894,0.9993225336074829,0.4778420329093933,0.7499353289604187,0.08821351826190948,0.7950181365013123,0.9994126558303833,0.454049289226532,0.755585253238678,-0.2285962998867035,0.8240113258361816,0.9990925788879395,0.46431130170822144,0.7613704204559326,0.08178488165140152,0.7966793179512024,0.9992049336433411,0.42827293276786804,0.7583503127098083,-0.2258157581090927,0.8048194050788879,0.9989816546440125,0.5066747665405273,0.7796630263328552,0.021007658913731575,0.8010669946670532,0.9987333416938782,0.4784938097000122,0.7887447476387024,-0.2821199595928192,0.8242669701576233,0.998656153678894
86,2924,True,0.4628921449184418,0.42941179871559143,0.26518678665161133,0.9998881220817566,0.9999933242797852,0.4523713290691376,0.4244336485862732,0.2505159080028534,0.999836802482605,0.9999873638153076,0.4471313953399658,0.4245748519897461,0.2505229413509369,0.9998217821121216,0.9999872446060181,0.44311365485191345,0.4246373772621155,0.25052183866500854,0.9998100996017456,0.999985933303833,0.4660724699497223,0.42217493057250977,0.2257688045501709,0.9998525381088257,0.9999853372573853,0.4682985544204712,0.42251938581466675,0.22558307647705078,0.9998505711555481,0.9999837875366211,0.4691630005836487,0.42278894782066345,0.2257135957479477,0.999819815158844,0.9999803304672241,0.43224576115608215,0.43026861548423767,0.18693019449710846,0.9997686743736267,0.9999850988388062,0.4569658637046814,0.4308953881263733,0.07410957664251328,0.9998056888580322,0.999974250793457,0.45487362146377563,0.43678244948387146,0.2489577680826187,0.9997650980949402,0.9999649524688721,0.46548038721084595,0.43568459153175354,0.21598373353481293,0.999719500541687,0.99996018409729,0.3985297381877899,0.46518048644065857,0.2047446370124817,0.9995848536491394,0.9998544454574585,0.47630318999290466,0.4607636034488678,-0.06084628775715828,0.9996718764305115,0.9994180202484131,0.39378225803375244,0.4177649915218353,0.3609268069267273,0.8537220358848572,0.999919056892395,0.5122987031936646,0.416677325963974,-0.11509772390127182,0.9584532976150513,0.9994421601295471,0.40206238627433777,0.38146859407424927,0.47083020210266113,0.9045987129211426,0.9995765089988708,0.5183280110359192,0.3796170949935913,-0.0753602534532547,0.9478735327720642,0.9990373849868774,0.39968472719192505,0.3713779151439667,0.48088595271110535,0.8994044661521912,0.9990712404251099,0.521869421005249,0.3679870367050171,-0.09654863178730011,0.9461192488670349,0.9984955787658691,0.40730854868888855,0.3714362680912018,0.45620596408843994,0.895907461643219,0.998995840549469,0.5125927329063416,0.370580792427063,-0.10244091600179672,0.943967878818512,0.9985032081604004,0.4093122184276581,0.3732607066631317,0.46223628520965576,0.8841148018836975,0.9993245601654053,0.5088244676589966,0.3756605386734009,-0.07624566555023193,0.9289688467979431,0.9988573789596558,0.44963106513023376,0.5971736311912537,0.10015168786048889,0.9997784495353699,0.9999178647994995,0.4808582365512848,0.5987238883972168,-0.10034134984016418,0.9997835159301758,0.9998118281364441,0.4517117440700531,0.6746469736099243,0.03709347918629646,0.7115564346313477,0.9997877478599548,0.569191038608551,0.6694732904434204,-0.07040724903345108,0.8098882436752319,0.9990928173065186,0.410757452249527,0.7644706964492798,-0.06657262146472931,0.8141369819641113,0.9990811347961426,0.5511465668678284,0.7271550893783569,-0.13968823850154877,0.8360169529914856,0.9977642297744751,0.398056298494339,0.7725328207015991,-0.07846030592918396,0.8148834705352783,0.9983144998550415,0.5272437930107117,0.7344500422477722,-0.09861569106578827,0.8155760765075684,0.9974889755249023,0.4256669878959656,0.7987041473388672,-0.16879789531230927,0.8182168006896973,0.9969356060028076,0.5873429179191589,0.7626298069953918,-0.08217598497867584,0.8329224586486816,0.9971837401390076
87,2958,True,0.4585948586463928,0.4117296636104584,0.6436249613761902,0.9998968839645386,0.9999997615814209,0.44943737983703613,0.40687355399131775,0.6273115277290344,0.9998505711555481,0.9999996423721313,0.4425342082977295,0.4075096547603607,0.6272941827774048,0.9998367428779602,0.9999996423721313,0.43788963556289673,0.40799006819725037,0.6273135542869568,0.9998266100883484,0.9999997615814209,0.46585947275161743,0.4059997498989105,0.6233695149421692,0.9998645186424255,0.9999995231628418,0.4685581922531128,0.4062210023403168,0.6231673955917358,0.9998621344566345,0.9999994039535522,0.4695466458797455,0.40632572770118713,0.6233917474746704,0.9998343586921692,0.9999992847442627,0.43104273080825806,0.4168446958065033,0.513837456703186,0.9997884035110474,0.9999997615814209,0.46423783898353577,0.4154057502746582,0.49537917971611023,0.9998214244842529,0.9999991655349731,0.4516032636165619,0.42025694251060486,0.6026017665863037,0.9997810125350952,0.9999994039535522,0.46579158306121826,0.41985663771629333,0.5967991948127747,0.999738872051239,0.9999991655349731,0.39853936433792114,0.45147037506103516,0.41129621863365173,0.999622106552124,0.9999951124191284,0.4961386024951935,0.44580578804016113,0.3306439518928528,0.9996861219406128,0.9999533891677856,0.3908747732639313,0.41213101148605347,0.540666937828064,0.8613864779472351,0.9999920129776001,0.5161799788475037,0.40847259759902954,0.35273730754852295,0.938300609588623,0.9998677968978882,0.40448999404907227,0.38027289509773254,0.747528076171875,0.9071837663650513,0.9999189376831055,0.5173053741455078,0.37554511427879333,0.4699074327945709,0.9220584630966187,0.9997146725654602,0.40159258246421814,0.3696034848690033,0.778837263584137,0.903209388256073,0.999795138835907,0.5203808546066284,0.36433085799217224,0.47002846002578735,0.9200137257575989,0.9994986057281494,0.4115551710128784,0.3701733350753784,0.743572473526001,0.8995360136032104,0.9997691512107849,0.5118468999862671,0.3659522533416748,0.4693491756916046,0.9166654944419861,0.9994989633560181,0.4140823483467102,0.3726412057876587,0.7404271364212036,0.8884345889091492,0.9998724460601807,0.5056306719779968,0.37356263399124146,0.47055843472480774,0.902949869632721,0.9996740818023682,0.4368547201156616,0.5811876654624939,0.024605870246887207,0.9997957348823547,0.9999880790710449,0.4953617453575134,0.5759128928184509,-0.02481604367494583,0.9997919797897339,0.9999675750732422,0.40636494755744934,0.6629608869552612,0.02060849219560623,0.7398998141288757,0.9999376535415649,0.5844713449478149,0.6454555988311768,-0.03655195236206055,0.8275569677352905,0.999823272228241,0.35998713970184326,0.7500773072242737,-0.1459818333387375,0.8322576880455017,0.9997819066047668,0.6382913589477539,0.7211288213729858,-0.1257963925600052,0.8508026003837585,0.9995383024215698,0.3618081510066986,0.762445330619812,-0.16807420551776886,0.8331390023231506,0.9996882677078247,0.6610548496246338,0.7235727310180664,-0.13479869067668915,0.8330101370811462,0.9995357990264893,0.35909032821655273,0.780464768409729,-0.24454720318317413,0.8344159722328186,0.9993682503700256,0.6745453476905823,0.7354863882064819,-0.171331986784935,0.8434957265853882,0.9992939233779907
88,2992,True,0.45342427492141724,0.4005908966064453,0.5682896375656128,0.9998480081558228,0.9999923706054688,0.44181028008461,0.3938135504722595,0.543649435043335,0.9998222589492798,0.9999886751174927,0.4370904564857483,0.3943728804588318,0.5436258316040039,0.9998043179512024,0.9999899864196777,0.433074951171875,0.3947965204715729,0.5435963273048401,0.9998008608818054,0.9999896287918091,0.46123582124710083,0.3927443027496338,0.5414895415306091,0.999833345413208,0.9999871253967285,0.4675019681453705,0.3926314413547516,0.5412638187408447,0.9998278021812439,0.9999868869781494,0.4698648154735565,0.39252036809921265,0.5413474440574646,0.9998036623001099,0.9999852180480957,0.4271661639213562,0.4011130928993225,0.41106879711151123,0.9997391700744629,0.9999912977218628,0.4679785370826721,0.3991061747074127,0.3994736075401306,0.9997828602790833,0.9999868869781494,0.4462321102619171,0.40604811906814575,0.52399742603302,0.9996352195739746,0.9999822378158569,0.4634743630886078,0.4056422710418701,0.5208504796028137,0.9996005892753601,0.9999812841415405,0.3968901038169861,0.43185773491859436,0.3260877728462219,0.9996420741081238,0.9999288320541382,0.5036705136299133,0.42770543694496155,0.257587730884552,0.9996725916862488,0.9998329877853394,0.37176966667175293,0.4031542241573334,0.4988938570022583,0.8281804919242859,0.9999150037765503,0.5177403688430786,0.3918868899345398,0.3078063130378723,0.8910477161407471,0.9996404647827148,0.4159202575683594,0.3746567964553833,0.7457008957862854,0.8619561195373535,0.9993855953216553,0.5049944519996643,0.3665708899497986,0.4487189054489136,0.8631359338760376,0.99901282787323,0.4146943688392639,0.3632217049598694,0.7799696326255798,0.8648581504821777,0.9989928603172302,0.4986790120601654,0.3564915359020233,0.45740291476249695,0.8647160530090332,0.9985526204109192,0.4251234829425812,0.3635893166065216,0.7436149716377258,0.8605182766914368,0.9988388419151306,0.4894561469554901,0.35950568318367004,0.44849905371665955,0.8610961437225342,0.9984769225120544,0.4257846474647522,0.3704197108745575,0.7392834424972534,0.8506098985671997,0.9992111921310425,0.4870767295360565,0.36488980054855347,0.44738495349884033,0.8495851755142212,0.9988710284233093,0.42755886912345886,0.5603770613670349,0.0077723846770823,0.9998102784156799,0.9999740123748779,0.5022060871124268,0.555110514163971,-0.007954967208206654,0.999796450138092,0.9999560117721558,0.37644556164741516,0.6569178700447083,0.02449152246117592,0.7647578120231628,0.9998063445091248,0.596335768699646,0.6119625568389893,0.06950892508029938,0.839603066444397,0.9995705485343933,0.3324262499809265,0.7279442548751831,-0.13639678061008453,0.8482320308685303,0.9994863271713257,0.6614251732826233,0.6554363369941711,-0.007415283937007189,0.8605800867080688,0.9991346001625061,0.3331076204776764,0.7388092279434204,-0.15379147231578827,0.849211573600769,0.9993191957473755,0.6630853414535522,0.6639533042907715,-0.02813650853931904,0.846255898475647,0.9992502331733704,0.3107341229915619,0.752941370010376,-0.21609942615032196,0.8474581241607666,0.9989802241325378,0.6924570798873901,0.6675084233283997,0.013638334348797798,0.8447232842445374,0.9991466999053955
89,3026,True,0.4547267556190491,0.3783522844314575,0.5792909860610962,0.9997391700744629,0.9999885559082031,0.44218847155570984,0.3741970956325531,0.5394272208213806,0.9997881650924683,0.9999862909317017,0.43760156631469727,0.3744282126426697,0.5393336415290833,0.9997726082801819,0.9999889135360718,0.43495050072669983,0.3744695782661438,0.5393255949020386,0.9997738599777222,0.99998939037323,0.46292805671691895,0.3738199472427368,0.5517428517341614,0.9997829794883728,0.9999823570251465,0.4693092703819275,0.37390202283859253,0.5515320897102356,0.9997730255126953,0.9999822378158569,0.4734927713871002,0.37372535467147827,0.5514717102050781,0.999756932258606,0.9999809265136719,0.4275861978530884,0.3803829252719879,0.37263068556785583,0.9996790289878845,0.9999938011169434,0.47612643241882324,0.37968742847442627,0.42458194494247437,0.9997414946556091,0.9999877214431763,0.4473079741001129,0.3853762149810791,0.5238903760910034,0.9994638562202454,0.9999922513961792,0.4639207124710083,0.3856590688228607,0.5401042699813843,0.9994847178459167,0.9999911785125732,0.3967439830303192,0.40734347701072693,0.25073951482772827,0.9996740221977234,0.9999822378158569,0.5142572522163391,0.41044968366622925,0.32049208879470825,0.999692440032959,0.9999397993087769,0.33557814359664917,0.40210390090942383,0.43654894828796387,0.8003125786781311,0.9999003410339355,0.5253848433494568,0.40164369344711304,0.47843268513679504,0.853992760181427,0.9995701909065247,0.4196814298629761,0.36799779534339905,0.7632579207420349,0.7863374948501587,0.9995798468589783,0.5032849907875061,0.3646411895751953,0.7503376603126526,0.7920007705688477,0.9990615248680115,0.42676636576652527,0.3546540141105652,0.810903012752533,0.7901341319084167,0.9995419979095459,0.5011905431747437,0.3505864143371582,0.7946287393569946,0.795394778251648,0.9990304708480835,0.4511840045452118,0.35724446177482605,0.7790310382843018,0.7862169146537781,0.9995446801185608,0.49066174030303955,0.34982433915138245,0.784342348575592,0.7923117876052856,0.9990859031677246,0.4489125609397888,0.36264747381210327,0.7623627781867981,0.7781217098236084,0.9996116757392883,0.4868805408477783,0.3543684184551239,0.753386378288269,0.781389057636261,0.9991514682769775,0.42274126410484314,0.535891592502594,-0.040234122425317764,0.9998264312744141,0.9999880790710449,0.5041986107826233,0.5345184803009033,0.04005412012338638,0.9998089075088501,0.9999665021896362,0.34921762347221375,0.6156318783760071,-0.017535598948597908,0.787953794002533,0.9999121427536011,0.6066566705703735,0.5810980200767517,0.22182275354862213,0.8529879450798035,0.9996399879455566,0.30852052569389343,0.6886082291603088,-0.2169581800699234,0.8630810379981995,0.9996271133422852,0.6637880802154541,0.5977116823196411,0.202229842543602,0.8716637492179871,0.999107301235199,0.3161027133464813,0.6973595023155212,-0.2315683215856552,0.8639417290687561,0.9995620846748352,0.6608999371528625,0.6039702296257019,0.20745283365249634,0.8599728941917419,0.9993543028831482,0.25579720735549927,0.7109217047691345,-0.2435423731803894,0.8588657379150391,0.9994908571243286,0.6901043653488159,0.6050460934638977,0.28431251645088196,0.842154324054718,0.9994626641273499
90,3060,True,0.45605722069740295,0.3661605715751648,0.6828127503395081,0.9995295405387878,0.9999599456787109,0.4472607374191284,0.36104723811149597,0.6336645483970642,0.9997128844261169,0.9999436140060425,0.440510094165802,0.3606369197368622,0.6335407495498657,0.9997051954269409,0.9999496936798096,0.4376850128173828,0.36041849851608276,0.6335588097572327,0.9997034668922424,0.9999486207962036,0.4672238528728485,0.36176127195358276,0.6553471088409424,0.9996918439865112,0.9999440908432007,0.47312965989112854,0.3619082570075989,0.6551112532615662,0.9996871948242188,0.9999489784240723,0.47765541076660156,0.36200395226478577,0.6549949049949646,0.999680757522583,0.9999504089355469,0.4338113069534302,0.3630044460296631,0.42836272716522217,0.9995821714401245,0.9999639987945557,0.48348239064216614,0.36479073762893677,0.5216100215911865,0.9996869564056396,0.999974250793457,0.44752514362335205,0.3694813847541809,0.6131746768951416,0.9992276430130005,0.999983549118042,0.46633380651474,0.3707478642463684,0.6415650248527527,0.9993447661399841,0.9999868869781494,0.39733177423477173,0.3898322880268097,0.23999431729316711,0.9997038245201111,0.9999673366546631,0.5219388008117676,0.3941459059715271,0.41218987107276917,0.9997191429138184,0.9999676942825317,0.34422942996025085,0.41810932755470276,0.3745828866958618,0.7711752653121948,0.9991598129272461,0.5287864804267883,0.43096715211868286,0.5116967558860779,0.8083571791648865,0.9989996552467346,0.4392623007297516,0.39566731452941895,0.6761095523834229,0.7134953737258911,0.9983892440795898,0.5009127259254456,0.41579151153564453,0.7142159938812256,0.7194154858589172,0.9982652068138123,0.45142433047294617,0.38780874013900757,0.7280970215797424,0.7167787551879883,0.9986827969551086,0.49985775351524353,0.41082563996315,0.7610848546028137,0.722694993019104,0.9984893798828125,0.4750417470932007,0.38431888818740845,0.7176254987716675,0.713053822517395,0.9987932443618774,0.48568323254585266,0.4068697988986969,0.7514140009880066,0.7198046445846558,0.9986668825149536,0.47324541211128235,0.388113796710968,0.6863577365875244,0.7061184048652649,0.9988204836845398,0.4812649190425873,0.4076301157474518,0.7152027487754822,0.7099577784538269,0.9986187219619751,0.4198976755142212,0.5056154727935791,-0.057931236922740936,0.9998368620872498,0.999933123588562,0.5063605308532715,0.5068681240081787,0.05762952193617821,0.9998205304145813,0.9998996257781982,0.3349442780017853,0.5602191686630249,0.04021817073225975,0.8089656233787537,0.999555766582489,0.6220158338546753,0.5334612727165222,0.20828908681869507,0.8670789003372192,0.9990130662918091,0.2768482267856598,0.6133074760437012,-0.13028329610824585,0.8764528632164001,0.9985350370407104,0.668865442276001,0.5630396008491516,0.12056393176317215,0.8835120797157288,0.9971774816513062,0.3015120327472687,0.6218831539154053,-0.14236551523208618,0.8773247599601746,0.9984651803970337,0.6637648940086365,0.5684173703193665,0.1285676807165146,0.8734592199325562,0.9976896047592163,0.240459144115448,0.6242931485176086,-0.1087619811296463,0.8646767139434814,0.9984467625617981,0.7046562433242798,0.5705019235610962,0.1861082762479782,0.8396986126899719,0.9980044960975647
91,3094,True,0.4607735574245453,0.35749688744544983,0.6730313897132874,0.9969843029975891,0.9996763467788696,0.45520317554473877,0.35461339354515076,0.6386317610740662,0.9986171126365662,0.9995641112327576,0.4506532847881317,0.35380661487579346,0.6385322213172913,0.9986076354980469,0.9996247291564941,0.44564589858055115,0.3531038463115692,0.6384302377700806,0.9986683130264282,0.9996188879013062,0.47139760851860046,0.3558843731880188,0.6578434705734253,0.9983739256858826,0.9995617270469666,0.47639355063438416,0.3560127019882202,0.657569944858551,0.9984378218650818,0.9996113181114197,0.48225340247154236,0.3559940457344055,0.6575313210487366,0.9984725713729858,0.9996067881584167,0.4427730143070221,0.35410356521606445,0.4559691548347473,0.9982292056083679,0.999728262424469,0.4887866675853729,0.3571421504020691,0.5368908643722534,0.9985731840133667,0.9997867941856384,0.4525414705276489,0.3623878061771393,0.6100376844406128,0.9962693452835083,0.9998679161071777,0.46979543566703796,0.3639630675315857,0.6337794661521912,0.9971815943717957,0.9998915195465088,0.398300439119339,0.3795676827430725,0.26826760172843933,0.9997182488441467,0.9998875856399536,0.5300136208534241,0.3828847408294678,0.4385797381401062,0.9997339844703674,0.9999254941940308,0.38912278413772583,0.43088603019714355,0.2693406939506531,0.7049813270568848,0.9942578077316284,0.5280416011810303,0.42907795310020447,0.4631999135017395,0.7339827418327332,0.9963591694831848,0.4595741331577301,0.43971332907676697,0.3860771656036377,0.6472488045692444,0.9781620502471924,0.5014593601226807,0.42206382751464844,0.5737911462783813,0.6514092087745667,0.988463819026947,0.47161945700645447,0.4388737678527832,0.4031321108341217,0.6513569951057434,0.982772171497345,0.5013908743858337,0.42061647772789,0.6032593846321106,0.6550882458686829,0.9895288348197937,0.4932021200656891,0.43716925382614136,0.40457943081855774,0.6477171778678894,0.9828639030456543,0.4880911409854889,0.4174484610557556,0.5994328260421753,0.6522935628890991,0.9899941086769104,0.49294573068618774,0.4376899302005768,0.39467307925224304,0.64145427942276,0.982430636882782,0.4821520149707794,0.4173879623413086,0.5744279026985168,0.6436671018600464,0.9899699091911316,0.42119932174682617,0.4764076769351959,-0.04947594925761223,0.9998224377632141,0.9997219443321228,0.5112883448600769,0.47910076379776,0.04898546636104584,0.999807596206665,0.9997310042381287,0.32253047823905945,0.5391620993614197,-0.01178356446325779,0.8266096711158752,0.9968121647834778,0.6289063692092896,0.5064855813980103,0.1368202120065689,0.8764561414718628,0.9973229765892029,0.27432578802108765,0.5719719529151917,-0.1380271017551422,0.885543704032898,0.9931729435920715,0.6754693984985352,0.5289778113365173,0.027151431888341904,0.8884971141815186,0.9909865260124207,0.27389732003211975,0.576535701751709,-0.14832402765750885,0.8874958753585815,0.9910655617713928,0.6701653599739075,0.5352091193199158,0.018045376986265182,0.8824917674064636,0.9903856515884399,0.24474374949932098,0.5772325992584229,-0.13075107336044312,0.8572224974632263,0.9888373613357544,0.7171502709388733,0.5271320939064026,0.09941475838422775,0.8244584798812866,0.9856452345848083
92,3128,True,0.47090932726860046,0.34227246046066284,0.6488839983940125,0.9962123036384583,0.9999507665634155,0.4658161699771881,0.3382762670516968,0.625385582447052,0.998189389705658,0.9999099969863892,0.46338921785354614,0.3378870487213135,0.6253101825714111,0.9981548190116882,0.999920129776001,0.4606071412563324,0.3374776542186737,0.6252484917640686,0.9982712268829346,0.9999144077301025,0.47712403535842896,0.3386022746562958,0.642371416091919,0.9979701638221741,0.999913215637207,0.482697069644928,0.3382541835308075,0.6420900821685791,0.9980245232582092,0.9999210834503174,0.4866977632045746,0.3380557596683502,0.6420885920524597,0.9980965852737427,0.9999161958694458,0.46156740188598633,0.34310463070869446,0.47566714882850647,0.9974238276481628,0.9999239444732666,0.5066931843757629,0.34281089901924133,0.5468392968177795,0.9980258941650391,0.9999489784240723,0.4644542634487152,0.34501150250434875,0.5959059000015259,0.9953133463859558,0.9999666213989258,0.47719523310661316,0.3453460931777954,0.6164611577987671,0.9963557124137878,0.9999743700027466,0.40776094794273376,0.36332112550735474,0.2955898344516754,0.9997367858886719,0.9999423027038574,0.5300816893577576,0.3650969862937927,0.4544884264469147,0.9997539520263672,0.9999663829803467,0.41480979323387146,0.4166932702064514,0.24380266666412354,0.6484202146530151,0.9985401630401611,0.5244113802909851,0.4095381200313568,0.44544076919555664,0.6675407290458679,0.9988479614257812,0.4807453155517578,0.41883331537246704,0.2984578609466553,0.5941045880317688,0.9958220720291138,0.5021269917488098,0.41171103715896606,0.5049090385437012,0.5935553312301636,0.9979339838027954,0.4934985637664795,0.4144030511379242,0.30604326725006104,0.5997628569602966,0.9956919550895691,0.5081296563148499,0.40487751364707947,0.5253106355667114,0.5975548028945923,0.9977582097053528,0.5112864375114441,0.41442784667015076,0.30626732110977173,0.5958054661750793,0.995733916759491,0.4925852417945862,0.4029446542263031,0.5254755020141602,0.5944964289665222,0.9978906512260437,0.5096409916877747,0.41579994559288025,0.3035780191421509,0.5904619097709656,0.9964397549629211,0.4838479459285736,0.4048551023006439,0.5061646103858948,0.5870402455329895,0.9981217980384827,0.4224042594432831,0.44528818130493164,-0.041946448385715485,0.999832272529602,0.9999473094940186,0.5083653330802917,0.44919413328170776,0.04141867533326149,0.9998207688331604,0.9999668598175049,0.3092004656791687,0.5068355202674866,-0.07412844896316528,0.8419594168663025,0.9988759160041809,0.6121466159820557,0.491560161113739,0.05288060009479523,0.8865777254104614,0.9995349645614624,0.22457803785800934,0.5147649049758911,-0.17888058722019196,0.8924162983894348,0.9976798892021179,0.6464970707893372,0.5017880201339722,-0.11124267429113388,0.8965921998023987,0.9972319006919861,0.21493905782699585,0.5163764357566833,-0.18991677463054657,0.8952237367630005,0.9969483017921448,0.6417006850242615,0.5074728727340698,-0.12461481988430023,0.8921424746513367,0.9965073466300964,0.19081975519657135,0.5125054717063904,-0.20514704287052155,0.8507499098777771,0.9956371188163757,0.6854637265205383,0.4939494729042053,-0.12468293309211731,0.8272475004196167,0.9932219982147217
93,3162,True,0.48084673285484314,0.3227503001689911,0.8429229855537415,0.996361255645752,0.9999914169311523,0.48239344358444214,0.32088369131088257,0.8698380589485168,0.9981398582458496,0.9999933242797852,0.48299577832221985,0.3207283616065979,0.8695266842842102,0.9980466961860657,0.9999943971633911,0.48380884528160095,0.3205507695674896,0.8694232702255249,0.9982402920722961,0.9999951124191284,0.4823285937309265,0.32171812653541565,0.8757914900779724,0.9979222416877747,0.9999904632568359,0.4839657247066498,0.3221980631351471,0.8753830194473267,0.9979084730148315,0.9999899864196777,0.4861355125904083,0.3226594030857086,0.8755684494972229,0.9979984760284424,0.9999881982803345,0.4860673248767853,0.3246013820171356,0.8714228868484497,0.9973888993263245,0.9999955892562866,0.49523213505744934,0.32702702283859253,0.897861659526825,0.9979041814804077,0.9999887943267822,0.47935959696769714,0.3261648714542389,0.8340489864349365,0.9955518841743469,0.9999935626983643,0.480215460062027,0.32693013548851013,0.8402154445648193,0.9963313341140747,0.9999904632568359,0.5037063360214233,0.3410544991493225,0.660987913608551,0.9997600317001343,0.9999954700469971,0.434323787689209,0.34343960881233215,0.7520127892494202,0.9997652173042297,0.9999673366546631,0.5039851665496826,0.37584438920021057,0.5504429936408997,0.6027721762657166,0.9998243451118469,0.43266478180885315,0.37520748376846313,0.6160759925842285,0.6048163175582886,0.9993926286697388,0.520437479019165,0.38434797525405884,0.5448259711265564,0.5705292820930481,0.9995120763778687,0.44428643584251404,0.37849777936935425,0.5983899235725403,0.5412712693214417,0.9991815686225891,0.5284155011177063,0.3866117596626282,0.5317132472991943,0.5830830931663513,0.9991855025291443,0.4494117200374603,0.38245895504951477,0.6028769016265869,0.5468945503234863,0.9989334940910339,0.5344892740249634,0.3868299126625061,0.5450728535652161,0.5795434713363647,0.999195396900177,0.44238680601119995,0.38053420186042786,0.613163948059082,0.543465256690979,0.9989112615585327,0.5303806066513062,0.3844742178916931,0.5479385852813721,0.5722574591636658,0.999485969543457,0.4410313367843628,0.37694329023361206,0.6003654599189758,0.5361346006393433,0.9992658495903015,0.49332424998283386,0.40614432096481323,-0.028827019035816193,0.9998487234115601,0.9999940395355225,0.45503878593444824,0.4061502516269684,0.028568224981427193,0.9998382329940796,0.9999939203262329,0.5468724966049194,0.4932662546634674,-0.1610017716884613,0.8570736050605774,0.9998490810394287,0.40612712502479553,0.4770825505256653,-0.07817315310239792,0.8961437344551086,0.9997394680976868,0.5485469102859497,0.4779786169528961,-0.13235174119472504,0.8645323514938354,0.9993017911911011,0.3426007628440857,0.4505818784236908,-0.1080133318901062,0.8676460385322571,0.9964224696159363,0.5388292670249939,0.4712243676185608,-0.1388460099697113,0.8907102942466736,0.9987788796424866,0.3328293263912201,0.4452887177467346,-0.12031304836273193,0.8913480639457703,0.996181845664978,0.5578621625900269,0.49510449171066284,-0.13771750032901764,0.8233099579811096,0.9945687055587769,0.3341757357120514,0.46132317185401917,-0.10974164307117462,0.8035168647766113,0.9894144535064697
94,3196,True,0.4781089425086975,0.3071468770503998,0.7770779728889465,0.996300458908081,0.999988317489624,0.4799882173538208,0.3050231337547302,0.7831177711486816,0.9980118870735168,0.9999871253967285,0.4788650870323181,0.3045041263103485,0.7829573750495911,0.9979322552680969,0.9999885559082031,0.47819191217422485,0.30399686098098755,0.7829486131668091,0.9981599450111389,0.9999892711639404,0.48165008425712585,0.305305153131485,0.7957071661949158,0.9977408647537231,0.9999818801879883,0.48354730010032654,0.3049886226654053,0.7954724431037903,0.9976509213447571,0.9999809265136719,0.48574766516685486,0.3046298027038574,0.795590877532959,0.9977821111679077,0.9999771118164062,0.47634533047676086,0.3052734434604645,0.72120600938797,0.9972222447395325,0.9999872446060181,0.4951302707195282,0.30726325511932373,0.7741550207138062,0.9975978136062622,0.9999716281890869,0.4769585430622101,0.3117232620716095,0.7474637627601624,0.995572566986084,0.9999867677688599,0.48045167326927185,0.3121928572654724,0.7626393437385559,0.9961662888526917,0.9999799728393555,0.4848807454109192,0.31981539726257324,0.5115761756896973,0.9997817277908325,0.9999908208847046,0.45840734243392944,0.3287484645843506,0.6334541440010071,0.9997810125350952,0.9999563694000244,0.4595014452934265,0.35862940549850464,0.4208357036113739,0.5744790434837341,0.9997879862785339,0.46375125646591187,0.3686792850494385,0.5405524969100952,0.54997318983078,0.999402642250061,0.4920831024646759,0.3851299285888672,0.43163812160491943,0.540351390838623,0.9994982481002808,0.4631388783454895,0.38484737277030945,0.5561398267745972,0.49487417936325073,0.9991092085838318,0.4992145001888275,0.3871243894100189,0.4292745888233185,0.5526902079582214,0.9991456270217896,0.46666064858436584,0.39500126242637634,0.5679410099983215,0.5005536079406738,0.998793363571167,0.5104547142982483,0.3910786211490631,0.4438565671443939,0.5486869215965271,0.9991291165351868,0.45820316672325134,0.39706575870513916,0.575465202331543,0.4965284764766693,0.9988259673118591,0.5112137198448181,0.38712143898010254,0.43890872597694397,0.5425214171409607,0.9994114637374878,0.4556245505809784,0.39223894476890564,0.5587989091873169,0.4900532066822052,0.9990848302841187,0.4749258756637573,0.38211122155189514,-0.04630163684487343,0.9998615384101868,0.9999927282333374,0.4659430980682373,0.3940662741661072,0.04571523144841194,0.9998530745506287,0.9999924898147583,0.36383917927742004,0.44984036684036255,-0.16865938901901245,0.8702320456504822,0.9987724423408508,0.4845707416534424,0.4760713577270508,-0.03022672049701214,0.904541015625,0.9992417097091675,0.4420556426048279,0.403170645236969,-0.22072038054466248,0.8522148132324219,0.9976740479469299,0.47234082221984863,0.45426449179649353,-0.20116956532001495,0.8718355894088745,0.9967120885848999,0.4571515917778015,0.39553600549697876,-0.22914132475852966,0.8869723081588745,0.9974817633628845,0.49294018745422363,0.4496796131134033,-0.2255430370569229,0.8963931202888489,0.9962426424026489,0.5208020806312561,0.4003073573112488,-0.18392421305179596,0.7894561886787415,0.9956836700439453,0.5297701358795166,0.45668846368789673,-0.2174147665500641,0.7963171005249023,0.9929048418998718
95,3230,True,0.47117531299591064,0.2916860580444336,0.7193107008934021,0.9939679503440857,0.9999905824661255,0.4687197804450989,0.2890741229057312,0.7090498805046082,0.9963076114654541,0.9999892711639404,0.4685456156730652,0.2885572016239166,0.7090232968330383,0.9962354898452759,0.9999892711639404,0.46815550327301025,0.2880798578262329,0.7091184258460999,0.9964001178741455,0.9999896287918091,0.47429805994033813,0.28924381732940674,0.7203266620635986,0.9958996176719666,0.9999868869781494,0.4801488518714905,0.2889060378074646,0.7200827598571777,0.9958474636077881,0.9999864101409912,0.48206770420074463,0.28851065039634705,0.7201163172721863,0.9958385825157166,0.9999842643737793,0.46342596411705017,0.2890969216823578,0.5928261876106262,0.9950493574142456,0.9999895095825195,0.4936688244342804,0.2895872890949249,0.6345282196998596,0.9961002469062805,0.9999830722808838,0.4650415778160095,0.29680776596069336,0.6704753041267395,0.9924221038818359,0.9999855756759644,0.47330236434936523,0.296759694814682,0.68362957239151,0.9935482740402222,0.9999842643737793,0.42681652307510376,0.30694395303726196,0.4214405417442322,0.9997933506965637,0.9999722242355347,0.5138837695121765,0.3056493103504181,0.4902575612068176,0.9997933506965637,0.9999517202377319,0.37122824788093567,0.333054780960083,0.37972891330718994,0.5359694957733154,0.9996509552001953,0.5093370676040649,0.33996790647506714,0.4613245725631714,0.5012767910957336,0.9995786547660828,0.4281211495399475,0.3528570234775543,0.4231930077075958,0.5011378526687622,0.9994601607322693,0.47081494331359863,0.3521723747253418,0.5379279255867004,0.448758989572525,0.9993113279342651,0.43536439538002014,0.352383553981781,0.4267542064189911,0.5140169858932495,0.9992979764938354,0.4716959297657013,0.35276180505752563,0.5595099329948425,0.45402514934539795,0.9991931319236755,0.4502500295639038,0.35666871070861816,0.43102818727493286,0.5098657608032227,0.9992353916168213,0.4596107602119446,0.355871319770813,0.5571098923683167,0.45002758502960205,0.9992390871047974,0.450309157371521,0.35634374618530273,0.427199125289917,0.5041583776473999,0.9994111061096191,0.457272469997406,0.3551977872848511,0.5378326177597046,0.44474491477012634,0.9993364214897156,0.44358164072036743,0.3736676573753357,-0.03808018937706947,0.9998690485954285,0.9999812841415405,0.49672240018844604,0.38045215606689453,0.03766833618283272,0.9998637437820435,0.9999819993972778,0.35678690671920776,0.4257541298866272,-0.10710806399583817,0.879224419593811,0.9990614056587219,0.4819195568561554,0.4326050281524658,0.02192440629005432,0.9013954401016235,0.9993896484375,0.4374712109565735,0.41936689615249634,-0.21564580500125885,0.8443353176116943,0.9993315935134888,0.5049682855606079,0.44070711731910706,-0.17097607254981995,0.8591614365577698,0.9991432428359985,0.45197367668151855,0.4176296293735504,-0.22926871478557587,0.886492133140564,0.9992905855178833,0.5067414045333862,0.43964052200317383,-0.19877959787845612,0.8883795738220215,0.999002993106842,0.46163687109947205,0.42147594690322876,-0.1689433753490448,0.7629173994064331,0.9988817572593689,0.5411571264266968,0.4457365572452545,-0.1776273399591446,0.7660180330276489,0.9982490539550781
96,3264,True,0.44004571437835693,0.28756535053253174,0.19434314966201782,0.9871247410774231,0.9972918629646301,0.4470875561237335,0.28217044472694397,0.1798187494277954,0.9933158755302429,0.9969323873519897,0.4483543932437897,0.28181344270706177,0.1796703189611435,0.9927548766136169,0.9974334836006165,0.4491707682609558,0.28139132261276245,0.17949506640434265,0.9938693642616272,0.9978094696998596,0.4464574456214905,0.28210777044296265,0.19902341067790985,0.9900460839271545,0.9952432513237,0.44763174653053284,0.2817416787147522,0.19882015883922577,0.9887645840644836,0.9947553873062134,0.4478822350502014,0.28132691979408264,0.19879065454006195,0.9900326132774353,0.9941603541374207,0.4573213458061218,0.2815954089164734,0.1267925649881363,0.9912707805633545,0.9985591769218445,0.45842790603637695,0.281512588262558,0.21007484197616577,0.9886866807937622,0.994985818862915,0.44109874963760376,0.29051417112350464,0.17798377573490143,0.9856756329536438,0.9982553124427795,0.4405567944049835,0.2904752492904663,0.20256228744983673,0.9850654602050781,0.9973403811454773,0.46464109420776367,0.2971612811088562,0.06182795763015747,0.9997442364692688,0.9995587468147278,0.46842601895332336,0.30082353949546814,0.19269053637981415,0.9991071224212646,0.9968454241752625,0.4469947814941406,0.32931894063949585,0.0019285213202238083,0.533725380897522,0.9968644976615906,0.4735647439956665,0.32974928617477417,0.26078298687934875,0.45321163535118103,0.9879831075668335,0.426045686006546,0.32120341062545776,-0.003779882797971368,0.4856736660003662,0.9973088502883911,0.4475763440132141,0.31577417254447937,0.34259161353111267,0.4068169891834259,0.9937981963157654,0.4202219545841217,0.3196603059768677,-0.012483892031013966,0.4993496239185333,0.9973067045211792,0.44387444853782654,0.3129712641239166,0.3567919433116913,0.41351762413978577,0.9949017763137817,0.42332008481025696,0.31530147790908813,-0.006707075517624617,0.49534544348716736,0.9970353841781616,0.43570953607559204,0.3097894787788391,0.34644415974617004,0.40989479422569275,0.9947118759155273,0.4249420166015625,0.31563717126846313,0.001025728415697813,0.48375317454338074,0.9973994493484497,0.43606799840927124,0.31032463908195496,0.3403293490409851,0.4052833616733551,0.9947525262832642,0.4606461822986603,0.36749255657196045,-0.046514324843883514,0.9998193979263306,0.9998668432235718,0.4579261839389801,0.3707982003688812,0.04621737450361252,0.9996674060821533,0.9994425177574158,0.4749794006347656,0.38946133852005005,-0.23400793969631195,0.8708250522613525,0.998211145401001,0.42260822653770447,0.3803822696208954,-0.09547290951013565,0.8597086668014526,0.9941579103469849,0.46354156732559204,0.4169442653656006,-0.33660852909088135,0.8249046206474304,0.9987244009971619,0.47101259231567383,0.39588770270347595,-0.16654881834983826,0.8128491640090942,0.9974839687347412,0.46307072043418884,0.41924333572387695,-0.3438282012939453,0.8778988718986511,0.9983564019203186,0.4758947193622589,0.3962787389755249,-0.1751929372549057,0.864269495010376,0.9977988600730896,0.4586488902568817,0.42519012093544006,-0.38973456621170044,0.7475801706314087,0.9966975450515747,0.48267725110054016,0.4009530544281006,-0.18685758113861084,0.7327219843864441,0.9954845905303955
97,3298,True,0.4609665274620056,0.2655278444290161,0.33586418628692627,0.9882515668869019,0.9999682903289795,0.4616285562515259,0.26351484656333923,0.3679736256599426,0.9938256740570068,0.9999406337738037,0.4637591540813446,0.26369255781173706,0.3679002523422241,0.9932726621627808,0.9999372959136963,0.46546661853790283,0.26379919052124023,0.3679859936237335,0.9942953586578369,0.9999295473098755,0.451619029045105,0.26101601123809814,0.34608227014541626,0.9909214377403259,0.9999510049819946,0.4550315737724304,0.2600310444831848,0.345796674489975,0.9897669553756714,0.9999535083770752,0.45368513464927673,0.2594048082828522,0.3457593619823456,0.990910530090332,0.9999487400054932,0.4674473702907562,0.26586446166038513,0.439380943775177,0.9919319152832031,0.9999176263809204,0.44677141308784485,0.2600247263908386,0.3640606701374054,0.9897089004516602,0.9999428987503052,0.46296438574790955,0.27234598994255066,0.3670803904533386,0.9869751334190369,0.999948263168335,0.44801297783851624,0.27086564898490906,0.3389677405357361,0.9864237904548645,0.9999586343765259,0.47884315252304077,0.29197070002555847,0.46148553490638733,0.9996969103813171,0.9998360872268677,0.41654172539711,0.2669106721878052,0.2275342047214508,0.9991864562034607,0.9999393224716187,0.5264585614204407,0.30920547246932983,0.3514651656150818,0.4909188747406006,0.9996664524078369,0.4503664970397949,0.2756660580635071,0.0136679382994771,0.4948634207248688,0.9996886253356934,0.51273512840271,0.29700034856796265,0.24530375003814697,0.4606221318244934,0.9995694756507874,0.4833758771419525,0.2701117694377899,-0.04578974470496178,0.4393947124481201,0.9996448755264282,0.5091291069984436,0.2953977882862091,0.23296985030174255,0.47222787141799927,0.9993867874145508,0.4956952929496765,0.27065715193748474,-0.06841309368610382,0.43529099225997925,0.9993218183517456,0.503196120262146,0.2896761894226074,0.2425100952386856,0.46738991141319275,0.9994297623634338,0.49584028124809265,0.27362367510795593,-0.04863061383366585,0.4300348460674286,0.9993377327919006,0.5026137828826904,0.2955245077610016,0.24600988626480103,0.45841553807258606,0.9995971322059631,0.49386051297187805,0.27552253007888794,-0.03818412870168686,0.42362087965011597,0.9995019435882568,0.46138885617256165,0.3622947931289673,0.07380412518978119,0.9998270273208618,0.9997832179069519,0.4228131175041199,0.3436645567417145,-0.07396718114614487,0.9996848702430725,0.9999209642410278,0.5308234095573425,0.3249179422855377,-0.1486661285161972,0.873177707195282,0.9994825124740601,0.4653306305408478,0.3004818260669708,-0.2966128885746002,0.8723130226135254,0.999864935874939,0.48115578293800354,0.40205907821655273,-0.2683382034301758,0.8348801732063293,0.999572217464447,0.4871818423271179,0.37985891103744507,-0.43396174907684326,0.826047420501709,0.9995230436325073,0.45912715792655945,0.4110162854194641,-0.28584110736846924,0.8854696750640869,0.9995347261428833,0.4779359996318817,0.39237070083618164,-0.4459804594516754,0.8714570999145508,0.9993748068809509,0.49636220932006836,0.4271760880947113,-0.35935473442077637,0.7675005793571472,0.9979856014251709,0.5091707110404968,0.40745919942855835,-0.5221328139305115,0.7539154887199402,0.99796462059021
98,3332,True,0.4334719777107239,0.24995771050453186,0.4111776053905487,0.9613009095191956,0.9996424913406372,0.4309101104736328,0.2454615831375122,0.3951832950115204,0.9703121185302734,0.9994736313819885,0.43053096532821655,0.24502038955688477,0.39517825841903687,0.9686828851699829,0.9994725584983826,0.4254865050315857,0.2443619966506958,0.39512795209884644,0.9670771956443787,0.999464213848114,0.43527305126190186,0.24539613723754883,0.4022766947746277,0.9684863090515137,0.9994350075721741,0.4372214078903198,0.2449326068162918,0.4021236300468445,0.9713805317878723,0.9994093179702759,0.43807971477508545,0.24448606371879578,0.40215492248535156,0.9686099290847778,0.999367892742157,0.42446768283843994,0.2448311150074005,0.28661760687828064,0.9696840047836304,0.9995906949043274,0.4418396055698395,0.24494507908821106,0.3195831775665283,0.9605329036712646,0.9995195865631104,0.4277314841747284,0.2538658380508423,0.3765901029109955,0.9658254981040955,0.9997542500495911,0.4332537055015564,0.25202420353889465,0.38489583134651184,0.9689537882804871,0.9997637867927551,0.39950528740882874,0.2639355957508087,0.1802501678466797,0.999718964099884,0.9999417066574097,0.4406434893608093,0.25945383310317993,0.2325395941734314,0.999247670173645,0.9999562501907349,0.4235672056674957,0.31247037649154663,0.12258349359035492,0.45075932145118713,0.9993759989738464,0.4996631145477295,0.2891751229763031,0.21378932893276215,0.4486905038356781,0.9997374415397644,0.43747299909591675,0.3316015601158142,0.11953137814998627,0.42192503809928894,0.9988386034965515,0.49047744274139404,0.29889029264450073,0.22352610528469086,0.39856135845184326,0.9991610050201416,0.4475151002407074,0.3226880431175232,0.115982286632061,0.4337972104549408,0.9990143775939941,0.49556854367256165,0.2997478246688843,0.08322374522686005,0.39583075046539307,0.9988614320755005,0.4473095238208771,0.3198854625225067,0.1192176416516304,0.4288579523563385,0.9989261031150818,0.48918986320495605,0.29976943135261536,0.19828306138515472,0.3908626139163971,0.9989905953407288,0.44971519708633423,0.3294239938259125,0.12283574044704437,0.4200693666934967,0.9989519119262695,0.4868333041667938,0.30000415444374084,0.23116670548915863,0.3852989971637726,0.9990085959434509,0.43673986196517944,0.3360818922519684,0.009215828031301498,0.999835729598999,0.999908447265625,0.4507067799568176,0.325168639421463,-0.009626169688999653,0.999691367149353,0.9999077320098877,0.46288347244262695,0.38594964146614075,-0.0781349465250969,0.8848506808280945,0.999702513217926,0.49275827407836914,0.28150105476379395,0.05007374659180641,0.8309249877929688,0.9998108744621277,0.4184412360191345,0.45223671197891235,-0.1703794300556183,0.84858238697052,0.9995341300964355,0.5635412335395813,0.27509158849716187,0.011055340990424156,0.806316077709198,0.9997344613075256,0.42292678356170654,0.45808345079421997,-0.1790943592786789,0.8927643895149231,0.9993170499801636,0.5728856921195984,0.28002482652664185,0.007207001559436321,0.8641587495803833,0.9996730089187622,0.38832995295524597,0.4688456952571869,-0.22273674607276917,0.7828262448310852,0.9992842078208923,0.5734081864356995,0.25588855147361755,0.002622445812448859,0.742112398147583,0.9996926784515381
99,3366,True,0.41181662678718567,0.23477844893932343,0.2718794643878937,0.9554774761199951,0.9994649291038513,0.4119643270969391,0.23294766247272491,0.23757800459861755,0.9617994427680969,0.9988271594047546,0.4070807099342346,0.23277465999126434,0.23757895827293396,0.9601327776908875,0.9987596273422241,0.40532034635543823,0.23240891098976135,0.23757147789001465,0.9566144347190857,0.9986020922660828,0.41817793250083923,0.23247678577899933,0.25411105155944824,0.9619373679161072,0.9990424513816833,0.41954129934310913,0.23199419677257538,0.25402167439460754,0.9658308029174805,0.9991058707237244,0.42363205552101135,0.231388121843338,0.2540854215621948,0.9624719619750977,0.9991136193275452,0.4058103859424591,0.2331339567899704,0.09627986699342728,0.9589975476264954,0.9987258315086365,0.42640212178230286,0.232449010014534,0.16576072573661804,0.9545690417289734,0.9993226528167725,0.4087985157966614,0.23957546055316925,0.22625763714313507,0.9556235074996948,0.9991869330406189,0.4200987219810486,0.23802435398101807,0.24675437808036804,0.9618273973464966,0.9993938207626343,0.3828071653842926,0.25488796830177307,-0.02229662984609604,0.999717652797699,0.9990575909614563,0.4489121437072754,0.25391286611557007,0.15837261080741882,0.9993024468421936,0.9998682737350464,0.3770573139190674,0.3097216784954071,-0.08468262106180191,0.4421396255493164,0.9967681169509888,0.5178631544113159,0.2905220687389374,0.22383514046669006,0.43308037519454956,0.9995651841163635,0.40736910700798035,0.3413420617580414,-0.06476830691099167,0.3992975950241089,0.9937275648117065,0.4998745024204254,0.3217379152774811,0.28219369053840637,0.3759689927101135,0.9980729818344116,0.4121130108833313,0.33786457777023315,-0.08382224291563034,0.40891799330711365,0.9948927164077759,0.5003907084465027,0.31152984499931335,0.2576954960823059,0.37278762459754944,0.997298538684845,0.4082115888595581,0.3459962010383606,-0.0788038894534111,0.4036823809146881,0.9945045113563538,0.4917871654033661,0.30097174644470215,0.27988213300704956,0.36782073974609375,0.9972376823425293,0.4115384817123413,0.3421502411365509,-0.06073552742600441,0.393618643283844,0.9943320751190186,0.48899418115615845,0.3160133957862854,0.27828940749168396,0.36248496174812317,0.9975069165229797,0.43162569403648376,0.34340187907218933,-0.0539017878472805,0.9998374581336975,0.999626636505127,0.4806705415248871,0.33584675192832947,0.05363607779145241,0.9997011423110962,0.9998164772987366,0.39138731360435486,0.41391521692276,-0.07594037801027298,0.8907332420349121,0.998785674571991,0.4942503571510315,0.359843909740448,0.12046737968921661,0.7984645366668701,0.999451220035553,0.4027581512928009,0.4640271067619324,-0.10172155499458313,0.8580607771873474,0.99905925989151,0.5316517949104309,0.38165849447250366,0.10532492399215698,0.8018196225166321,0.9990513920783997,0.40545353293418884,0.47185102105140686,-0.10525432229042053,0.8959365487098694,0.9984599351882935,0.5538125038146973,0.3881116509437561,0.10226999968290329,0.8616455793380737,0.9985041618347168,0.3653995096683502,0.4745761454105377,-0.1499505341053009,0.789704442024231,0.9983159303665161,0.5096566677093506,0.37650153040885925,0.06841138005256653,0.7350923418998718,0.9984984397888184
100,3400,True,0.37851476669311523,0.23015007376670837,0.08260048180818558,0.9573504328727722,0.9994162321090698,0.38495081663131714,0.22457344830036163,0.06265778839588165,0.9631281495094299,0.9992221593856812,0.385393351316452,0.2240505963563919,0.06253612786531448,0.9625609517097473,0.9992256164550781,0.38798415660858154,0.2231605350971222,0.06244487687945366,0.9586906433105469,0.9992183446884155,0.3852350115776062,0.22482562065124512,0.09634943306446075,0.9621068835258484,0.9991263747215271,0.3860521614551544,0.22454340755939484,0.09627550840377808,0.9651247262954712,0.9991160035133362,0.3869865834712982,0.2240993082523346,0.09626646339893341,0.9614352583885193,0.9990655779838562,0.3999033272266388,0.22363212704658508,0.006399773992598057,0.9606122970581055,0.9994447827339172,0.40173962712287903,0.2259463518857956,0.15439645946025848,0.9542944431304932,0.9993466734886169,0.3827361762523651,0.23439018428325653,0.06485535949468613,0.956885576248169,0.9996240139007568,0.3832516670227051,0.23485617339611053,0.10813643038272858,0.9594582915306091,0.9995001554489136,0.3955909311771393,0.24899999797344208,-0.11298663169145584,0.9997390508651733,0.9998729228973389,0.4245867431163788,0.254066526889801,0.21562913060188293,0.9993596076965332,0.9998986721038818,0.426605761051178,0.2862465977668762,-0.21503221988677979,0.45176902413368225,0.9990541338920593,0.48244479298591614,0.28567659854888916,0.2384413331747055,0.3929799497127533,0.9997562766075134,0.42279717326164246,0.31960636377334595,-0.1971874237060547,0.3783840537071228,0.995664656162262,0.49555516242980957,0.3153530955314636,0.1967577040195465,0.34183770418167114,0.9982847571372986,0.4253978729248047,0.3261715769767761,-0.2260473221540451,0.3847096860408783,0.995672345161438,0.49827998876571655,0.3188522160053253,0.19844265282154083,0.3398488163948059,0.9979848861694336,0.42469608783721924,0.32936912775039673,-0.20730571448802948,0.37911105155944824,0.9960362315177917,0.48867499828338623,0.31788450479507446,0.1735740303993225,0.3353179097175598,0.9978522062301636,0.4267476499080658,0.32734400033950806,-0.18736392259597778,0.36887624859809875,0.9960541725158691,0.48584988713264465,0.3197270631790161,0.18238580226898193,0.33078733086586,0.9979118704795837,0.45369821786880493,0.3321383595466614,-0.10302267968654633,0.9998520016670227,0.9999842643737793,0.45575153827667236,0.34423473477363586,0.10290629416704178,0.9997307062149048,0.9999924898147583,0.49131637811660767,0.3013668358325958,-0.20885774493217468,0.8972791433334351,0.999721348285675,0.3814032971858978,0.3913930058479309,0.032206326723098755,0.8114526867866516,0.9997711777687073,0.6131149530410767,0.2920655608177185,-0.20776860415935516,0.8684694170951843,0.9997623562812805,0.3682976961135864,0.46842512488365173,-0.022714458405971527,0.8177527785301208,0.9995811581611633,0.6348047256469727,0.29458215832710266,-0.20842280983924866,0.9010893702507019,0.9998030066490173,0.3827008605003357,0.4835331439971924,-0.030399754643440247,0.8705072999000549,0.9994107484817505,0.6229255199432373,0.28291448950767517,-0.2758655846118927,0.8050166368484497,0.9997041821479797,0.3138112723827362,0.4923238158226013,-0.1102323830127716,0.7566083669662476,0.9991543292999268
101,3434,True,0.37528496980667114,0.22374796867370605,0.28948548436164856,0.9600430130958557,0.9999876022338867,0.38064125180244446,0.21592453122138977,0.2738957703113556,0.9659656286239624,0.9999828338623047,0.3814201354980469,0.21500428020954132,0.27389296889305115,0.9654811024665833,0.9999825954437256,0.382532000541687,0.2141314446926117,0.27400079369544983,0.9618821144104004,0.9999798536300659,0.3814633786678314,0.21715161204338074,0.3017852008342743,0.9650052189826965,0.999984860420227,0.3827320635318756,0.21708707511425018,0.3016531467437744,0.9677572250366211,0.9999850988388062,0.3848050534725189,0.21682162582874298,0.3016376197338104,0.9645437002182007,0.9999847412109375,0.3958098888397217,0.2142803966999054,0.20552325248718262,0.9631803631782532,0.9999818801879883,0.40009868144989014,0.21583564579486847,0.32575419545173645,0.9580405354499817,0.9999872446060181,0.37967541813850403,0.2266463041305542,0.2638894021511078,0.958662211894989,0.9999808073043823,0.38110020756721497,0.22775420546531677,0.29789918661117554,0.9618214964866638,0.9999828338623047,0.399933397769928,0.22667646408081055,0.041356611996889114,0.999764621257782,0.9999908208847046,0.4426140785217285,0.23668460547924042,0.3980579674243927,0.9994202256202698,0.9999905824661255,0.39423951506614685,0.2774018943309784,-0.037065327167510986,0.4957526922225952,0.9998633861541748,0.48154452443122864,0.29155227541923523,0.4386955797672272,0.3718271255493164,0.9999260902404785,0.3822264075279236,0.32470089197158813,-0.0031509241089224815,0.39358755946159363,0.9985727071762085,0.4746638536453247,0.32289066910743713,0.3892737627029419,0.32098475098609924,0.9991342425346375,0.3770158886909485,0.33173447847366333,-0.023885216563940048,0.3902987837791443,0.9980375170707703,0.47329843044281006,0.3233306109905243,0.39493662118911743,0.31864210963249207,0.9984666109085083,0.3808401823043823,0.3341071605682373,-0.011761274188756943,0.3828836679458618,0.9980828762054443,0.46303507685661316,0.32562288641929626,0.37109848856925964,0.3138594627380371,0.9986242055892944,0.38322338461875916,0.33033445477485657,0.006793570704758167,0.37209904193878174,0.9983696341514587,0.4622849225997925,0.321464866399765,0.37652313709259033,0.3114125430583954,0.9988216757774353,0.4528105854988098,0.3184090554714203,-0.12246759235858917,0.9998640418052673,0.9999878406524658,0.48033925890922546,0.3261544108390808,0.12211915850639343,0.9997510313987732,0.9999901056289673,0.36312001943588257,0.3793350160121918,-0.17576521635055542,0.9067156314849854,0.9993078708648682,0.445555716753006,0.3800404667854309,0.1100858598947525,0.7991584539413452,0.9994358420372009,0.3864164650440216,0.40424737334251404,-0.2440161406993866,0.8801178336143494,0.9989771842956543,0.5341886878013611,0.42156070470809937,0.012010816484689713,0.8242125511169434,0.9984416365623474,0.42036116123199463,0.4218507409095764,-0.2498353123664856,0.9095565676689148,0.9989859461784363,0.5532182455062866,0.4289173483848572,0.0014798492193222046,0.8784401416778564,0.9983704686164856,0.33445876836776733,0.4651460647583008,-0.27773627638816833,0.8141077160835266,0.9985260963439941,0.5192880630493164,0.43820613622665405,-0.036502059549093246,0.7527298927307129,0.9977172613143921
102,3468,True,0.3864753842353821,0.21166622638702393,0.3988043963909149,0.9621180295944214,0.9998279809951782,0.39177194237709045,0.2077028453350067,0.4018424451351166,0.9678518176078796,0.9996950626373291,0.3921225965023041,0.20574507117271423,0.40183407068252563,0.9667664766311646,0.9997007846832275,0.3953658640384674,0.2048228234052658,0.40180066227912903,0.9640417695045471,0.9996916055679321,0.39046284556388855,0.2086508572101593,0.42837634682655334,0.9665367007255554,0.9995940327644348,0.3904433250427246,0.20884530246257782,0.42806464433670044,0.9680888056755066,0.9995673298835754,0.390275776386261,0.20906443893909454,0.4280071258544922,0.9657706022262573,0.999496340751648,0.4028254747390747,0.2074781358242035,0.39598166942596436,0.9639361500740051,0.9996782541275024,0.3999355733394623,0.21027393639087677,0.5022732019424438,0.9567910432815552,0.9994148015975952,0.3907567858695984,0.21618016064167023,0.39733532071113586,0.9584071040153503,0.999870777130127,0.38919249176979065,0.2174861878156662,0.43067723512649536,0.9603981971740723,0.9997891783714294,0.41701769828796387,0.21721093356609344,0.24471038579940796,0.9997820854187012,0.9999717473983765,0.4084148705005646,0.2398904263973236,0.47137102484703064,0.999454140663147,0.999886155128479,0.4024558663368225,0.25581124424934387,0.037620704621076584,0.5179716944694519,0.9997482895851135,0.41487422585487366,0.2777664363384247,0.38233447074890137,0.33884337544441223,0.9997560381889343,0.3746773600578308,0.2786628007888794,0.02167181484401226,0.40904897451400757,0.9993425011634827,0.39334920048713684,0.29222825169563293,0.25369611382484436,0.2998567223548889,0.9993454813957214,0.3676360249519348,0.28540128469467163,-0.003845508210361004,0.40331894159317017,0.9991268515586853,0.38861483335494995,0.29729437828063965,0.23083791136741638,0.3023066818714142,0.9992141723632812,0.3667071759700775,0.28420084714889526,0.00690537691116333,0.39501500129699707,0.9990693926811218,0.38331663608551025,0.2949546277523041,0.22624297440052032,0.29762017726898193,0.999157190322876,0.3702423572540283,0.28280410170555115,0.027493629604578018,0.38121744990348816,0.999220609664917,0.3852493166923523,0.29268723726272583,0.24434702098369598,0.29570838809013367,0.9992031455039978,0.4684477150440216,0.2970716953277588,-0.08462895452976227,0.9998732209205627,0.9999809265136719,0.4516124427318573,0.31745320558547974,0.08431186527013779,0.9997723698616028,0.9999774694442749,0.5149933099746704,0.30681946873664856,-0.3191654682159424,0.8939746618270874,0.9992701411247253,0.37668469548225403,0.3801634907722473,-0.15909460186958313,0.7983614802360535,0.9994224309921265,0.5910905599594116,0.36113545298576355,-0.46467098593711853,0.8505690693855286,0.999332845211029,0.3781011402606964,0.45791274309158325,-0.39418765902519226,0.8260934352874756,0.9988700747489929,0.6056695580482483,0.3712102174758911,-0.47963130474090576,0.8927254676818848,0.9992903470993042,0.39193567633628845,0.4709392189979553,-0.4227140247821808,0.8806347250938416,0.9985646605491638,0.5943378210067749,0.3830132484436035,-0.5784620046615601,0.7758381962776184,0.9992068409919739,0.3412415683269501,0.4846871495246887,-0.5375158786773682,0.752237856388092,0.9978609681129456
103,3502,True,0.3954620063304901,0.21510998904705048,0.09674187004566193,0.9658403396606445,0.9993791580200195,0.4015105664730072,0.20830264687538147,0.11784493923187256,0.9709332585334778,0.9980984330177307,0.40173378586769104,0.2075899839401245,0.11786738783121109,0.9699421525001526,0.9977684020996094,0.4009385406970978,0.20672693848609924,0.11786077171564102,0.9674487113952637,0.9970834851264954,0.39444515109062195,0.211802676320076,0.1303309053182602,0.9697670936584473,0.9983946681022644,0.39207154512405396,0.21258831024169922,0.1300981193780899,0.9711646437644958,0.9983978867530823,0.38947057723999023,0.21343211829662323,0.13004718720912933,0.9690696597099304,0.9981318116188049,0.4084009528160095,0.21010151505470276,0.20768417418003082,0.9673674702644348,0.9959379434585571,0.3898523449897766,0.21819952130317688,0.26341766119003296,0.9609724879264832,0.9979239702224731,0.3998594880104065,0.21962979435920715,0.12865017354488373,0.9621682167053223,0.9982265830039978,0.3953459858894348,0.22349333763122559,0.14462155103683472,0.9640039205551147,0.9986441731452942,0.4611647427082062,0.22804751992225647,0.1428896188735962,0.9997187852859497,0.9963058233261108,0.36982297897338867,0.25442034006118774,0.29305264353752136,0.9994640946388245,0.9979810118675232,0.456254243850708,0.24543121457099915,-0.1005871370434761,0.5611317157745361,0.9965445399284363,0.3484664559364319,0.2831650376319885,0.07521649450063705,0.3754732310771942,0.9979244470596313,0.3713114559650421,0.24273601174354553,-0.2683752477169037,0.45874854922294617,0.9983422756195068,0.3308689594268799,0.29281583428382874,-0.2017246037721634,0.3543253540992737,0.9989405274391174,0.3492918312549591,0.24668581783771515,-0.3054100573062897,0.4428454339504242,0.9977021813392639,0.31741973757743835,0.28914874792099,-0.24314755201339722,0.35032784938812256,0.9986668825149536,0.34206682443618774,0.24559982120990753,-0.26865828037261963,0.4325190484523773,0.9980950951576233,0.3143819570541382,0.283081978559494,-0.22752200067043304,0.34414270520210266,0.9988552331924438,0.3500826060771942,0.24668164551258087,-0.2547197639942169,0.4123772084712982,0.9983966946601868,0.32281455397605896,0.2839495539665222,-0.20340588688850403,0.333999365568161,0.999032735824585,0.4905508756637573,0.3123919367790222,-0.07045721262693405,0.9998558163642883,0.9995031356811523,0.4318825304508209,0.33079099655151367,0.07053528726100922,0.9997820854187012,0.9997598528862,0.5249358415603638,0.2936943471431732,-0.44680070877075195,0.8980922102928162,0.9927355051040649,0.3753398358821869,0.38526326417922974,-0.3220166563987732,0.813476026058197,0.995721697807312,0.5625370740890503,0.3666107654571533,-0.4478958547115326,0.8470931053161621,0.9880984425544739,0.4008323550224304,0.47534170746803284,-0.4280332326889038,0.8388427495956421,0.9801782965660095,0.5649341344833374,0.3785185217857361,-0.44886350631713867,0.8828187584877014,0.9836402535438538,0.4211985766887665,0.4876423478126526,-0.4450574517250061,0.8828356266021729,0.9634250998497009,0.574741005897522,0.3907538056373596,-0.5869983434677124,0.7778947353363037,0.9682165384292603,0.3836175799369812,0.5070585608482361,-0.6326450705528259,0.7697193026542664,0.9046432971954346
104,3536,True,0.39926877617836,0.22654719650745392,-0.4107131063938141,0.9692545533180237,0.9999675750732422,0.4059707522392273,0.2209630012512207,-0.38832807540893555,0.9738319516181946,0.9998900890350342,0.40437889099121094,0.22051748633384705,-0.3883606791496277,0.972937822341919,0.9998631477355957,0.4017411172389984,0.2201705425977707,-0.38825905323028564,0.9706915020942688,0.9998175501823425,0.39692115783691406,0.22141225636005402,-0.3886320888996124,0.972785472869873,0.999931812286377,0.3936273455619812,0.2215948849916458,-0.38886910676956177,0.9740440249443054,0.9999403953552246,0.3899361193180084,0.2217424213886261,-0.3888810873031616,0.9721584916114807,0.999937891960144,0.41279539465904236,0.22171804308891296,-0.2378590703010559,0.9706147909164429,0.9997617602348328,0.38484078645706177,0.22495803236961365,-0.23736974596977234,0.964870035648346,0.9999468326568604,0.40482407808303833,0.23187026381492615,-0.35153812170028687,0.9659399390220642,0.999876856803894,0.3940410315990448,0.2334715574979782,-0.3517632782459259,0.9675976037979126,0.9999493360519409,0.4577455222606659,0.24147851765155792,-0.1608700156211853,0.9997183680534363,0.998713493347168,0.3487175703048706,0.2549900412559509,-0.13212454319000244,0.999512791633606,0.999840259552002,0.4902951419353485,0.24723665416240692,-0.30842968821525574,0.6041650772094727,0.9987418055534363,0.2979901134967804,0.2916092574596405,-0.31611010432243347,0.43710634112358093,0.9997264742851257,0.41326195001602173,0.22280868887901306,-0.4943385720252991,0.5084273815155029,0.9995241165161133,0.32752344012260437,0.26005488634109497,-0.5087161064147949,0.41545701026916504,0.9999673366546631,0.358466774225235,0.21511022746562958,-0.5375826358795166,0.4819464385509491,0.9994919300079346,0.333625853061676,0.2497982531785965,-0.5441468358039856,0.4022430181503296,0.9999603033065796,0.34630662202835083,0.21618303656578064,-0.5098788738250732,0.4688999652862549,0.9995731711387634,0.3377334475517273,0.24823153018951416,-0.5227634906768799,0.39356449246406555,0.9999645948410034,0.3558005094528198,0.22141380608081818,-0.48638778924942017,0.4418843984603882,0.999626874923706,0.3433709740638733,0.2496926337480545,-0.5036563277244568,0.37488222122192383,0.9999722242355347,0.4847041666507721,0.319627970457077,-0.008628868497908115,0.9998164772987366,0.9997935891151428,0.4177805483341217,0.3345850110054016,0.008801333606243134,0.9997831583023071,0.9999576807022095,0.5430712699890137,0.313675194978714,-0.4344713091850281,0.9073585867881775,0.9991601705551147,0.3833845853805542,0.3894447684288025,-0.28733840584754944,0.8313857913017273,0.9998341798782349,0.5241242051124573,0.3853970766067505,-0.2915072739124298,0.8592120409011841,0.9998468160629272,0.40237700939178467,0.4784780442714691,-0.3242216110229492,0.854333758354187,0.9995119571685791,0.5248428583145142,0.3964729607105255,-0.2649982273578644,0.8873324394226074,0.9998258948326111,0.416616827249527,0.48985567688941956,-0.329708069562912,0.8905035853385925,0.9991718530654907,0.5495488047599792,0.4097634255886078,-0.4286090135574341,0.7972434163093567,0.9993727803230286,0.3824165463447571,0.5079022645950317,-0.42920395731925964,0.7917996048927307,0.9972284436225891
105,3570,True,0.40817615389823914,0.2339537888765335,0.1493607461452484,0.9723138809204102,0.9999709129333496,0.4096355736255646,0.22813090682029724,0.2095949798822403,0.976419985294342,0.9999358654022217,0.4084605872631073,0.22762422263622284,0.20959578454494476,0.9756027460098267,0.9999268054962158,0.4061560034751892,0.2275114357471466,0.209646537899971,0.9735966920852661,0.9999152421951294,0.3997790515422821,0.228628009557724,0.16397592425346375,0.9754915833473206,0.9999504089355469,0.39909061789512634,0.22851240634918213,0.16348180174827576,0.97662353515625,0.9999569654464722,0.39666035771369934,0.2274179905653,0.16359136998653412,0.9749305844306946,0.9999549388885498,0.4143158793449402,0.2285386323928833,0.3474436104297638,0.9735332131385803,0.9999146461486816,0.39224547147750854,0.23037958145141602,0.21401788294315338,0.9683739542961121,0.9999704360961914,0.4113941192626953,0.23843881487846375,0.22020620107650757,0.9693129658699036,0.9999347925186157,0.3992760181427002,0.23837468028068542,0.15671184659004211,0.9708186984062195,0.9999676942825317,0.45163238048553467,0.24746601283550262,0.3554188311100006,0.9997190833091736,0.9992868304252625,0.3515014052391052,0.25265422463417053,0.11054524034261703,0.9995600581169128,0.999933123588562,0.5001986026763916,0.26168426871299744,0.38342222571372986,0.6085532903671265,0.9988538026809692,0.3169167935848236,0.2524820566177368,0.13695001602172852,0.49110475182533264,0.9996527433395386,0.46278390288352966,0.2253807783126831,0.4160461127758026,0.5154707431793213,0.9996322393417358,0.3635014295578003,0.2306230366230011,0.2732525169849396,0.44665971398353577,0.9998728036880493,0.43860161304473877,0.2196638286113739,0.4227166175842285,0.4782136380672455,0.99947589635849,0.37535545229911804,0.21806767582893372,0.2874387204647064,0.41133448481559753,0.9996908903121948,0.4365198314189911,0.21772520244121552,0.4376145303249359,0.46351414918899536,0.999495267868042,0.37473687529563904,0.22199949622154236,0.31203991174697876,0.39955681562423706,0.9996919631958008,0.4390367865562439,0.22169716656208038,0.42084643244743347,0.4395137131214142,0.9996424913406372,0.3766106963157654,0.22590450942516327,0.2866213321685791,0.3809383511543274,0.999811589717865,0.4817943871021271,0.32688069343566895,0.036900416016578674,0.9997441172599792,0.9988394379615784,0.4144101142883301,0.3333648145198822,-0.037017129361629486,0.9997595548629761,0.999471127986908,0.5228506326675415,0.3240510821342468,-0.09988731890916824,0.9049713611602783,0.9969845414161682,0.40621447563171387,0.39041584730148315,-0.20107769966125488,0.8460856676101685,0.9991474151611328,0.5092464685440063,0.42378464341163635,-0.13068132102489471,0.8551239371299744,0.9957520961761475,0.40660640597343445,0.4740127921104431,-0.2950346767902374,0.8640494346618652,0.990917980670929,0.48081597685813904,0.43227601051330566,-0.13716593384742737,0.8768532872200012,0.9944730401039124,0.40309256315231323,0.4826255440711975,-0.3073680102825165,0.8894964456558228,0.9840696454048157,0.5206227898597717,0.45543742179870605,-0.2020214945077896,0.8034190535545349,0.9713351726531982,0.40907689929008484,0.5058795213699341,-0.4085557162761688,0.8062154054641724,0.9350130558013916
106,3604,True,0.3996453583240509,0.23409482836723328,0.40978360176086426,0.9748874306678772,0.9998360872268677,0.39450275897979736,0.2300877571105957,0.4422328472137451,0.9785451889038086,0.9998492002487183,0.39195501804351807,0.23125120997428894,0.4421244263648987,0.9778078198432922,0.999873161315918,0.3913407325744629,0.23118507862091064,0.44221484661102295,0.9760693311691284,0.9998873472213745,0.3886503577232361,0.23002445697784424,0.41066691279411316,0.9777196645736694,0.9997789263725281,0.3883180022239685,0.22977805137634277,0.4104326069355011,0.9787687659263611,0.9997767806053162,0.38749030232429504,0.22911806404590607,0.4104577302932739,0.9772127866744995,0.9997500777244568,0.3873114287853241,0.23286636173725128,0.5166518092155457,0.9759533405303955,0.9998993873596191,0.37972402572631836,0.2317761927843094,0.3769932985305786,0.9713007807731628,0.9996787309646606,0.4001312255859375,0.23958738148212433,0.4340195059776306,0.9721173644065857,0.9998817443847656,0.39521971344947815,0.23668034374713898,0.39134326577186584,0.9731413125991821,0.9997970461845398,0.39740219712257385,0.26907891035079956,0.5123510956764221,0.9997168183326721,0.9999326467514038,0.36767610907554626,0.2426319420337677,0.1946714222431183,0.9996001720428467,0.9999423027038574,0.4814121723175049,0.291090726852417,0.4680803418159485,0.5598403811454773,0.9999052286148071,0.39851289987564087,0.2362198829650879,0.07433206588029861,0.541168212890625,0.9999336004257202,0.5015722513198853,0.2817111909389496,0.3938358426094055,0.5053721070289612,0.9998770952224731,0.48929426074028015,0.23224151134490967,0.058418236672878265,0.5000748634338379,0.9998444318771362,0.5090928077697754,0.28155517578125,0.3856811225414276,0.47324398159980774,0.9998412132263184,0.5036313533782959,0.22862140834331512,0.029316643252968788,0.4667932093143463,0.999701201915741,0.513312041759491,0.2749254107475281,0.37687602639198303,0.45900461077690125,0.9998611211776733,0.5056666731834412,0.2288527935743332,0.06714244931936264,0.4558638036251068,0.9997321963310242,0.5101221799850464,0.2725462019443512,0.3841956555843353,0.4366494119167328,0.9998847246170044,0.5005699396133423,0.23036447167396545,0.07655728608369827,0.43799641728401184,0.9997891783714294,0.42888587713241577,0.3366531729698181,0.07819294184446335,0.9997665882110596,0.9999353885650635,0.41114288568496704,0.32641512155532837,-0.07841391861438751,0.9997738599777222,0.9999464750289917,0.4483768939971924,0.4018084406852722,-0.037213701754808426,0.9135910868644714,0.9997320771217346,0.49586835503578186,0.3572883605957031,-0.1675504446029663,0.8610713481903076,0.9991594552993774,0.39579227566719055,0.4826061725616455,-0.13850782811641693,0.8693552017211914,0.9992198944091797,0.46325603127479553,0.403693288564682,-0.098997563123703,0.8725022673606873,0.9984361529350281,0.3774198293685913,0.49123817682266235,-0.1545376181602478,0.8888761401176453,0.9986644983291626,0.435849130153656,0.4098827838897705,-0.091898612678051,0.8941136002540588,0.9984058737754822,0.40746158361434937,0.5098341703414917,-0.2206118255853653,0.8226660490036011,0.996396005153656,0.4919740557670593,0.42779403924942017,-0.08872056752443314,0.8185663819313049,0.9975889921188354
107,3638,True,0.3797260820865631,0.2443544864654541,0.47805255651474,0.976879358291626,0.9999315738677979,0.37406960129737854,0.24214307963848114,0.49379637837409973,0.9801308512687683,0.9999110698699951,0.373140811920166,0.2430458515882492,0.49378466606140137,0.9794507026672363,0.9999145269393921,0.36791694164276123,0.24400655925273895,0.49388623237609863,0.9780111312866211,0.9999170303344727,0.37280404567718506,0.2371612787246704,0.47268784046173096,0.9794604182243347,0.9998844861984253,0.37302860617637634,0.23603329062461853,0.4724947512149811,0.9804507493972778,0.9998879432678223,0.3729272484779358,0.2347126305103302,0.47257640957832336,0.9790381789207458,0.9998781681060791,0.36410394310951233,0.24510005116462708,0.5050718784332275,0.977724552154541,0.9999109506607056,0.3722935616970062,0.23491601645946503,0.4114980399608612,0.9735721349716187,0.9998257756233215,0.38107869029045105,0.2495497465133667,0.4795804023742676,0.973851203918457,0.9998974800109863,0.38280758261680603,0.24553117156028748,0.4517990052700043,0.9739747643470764,0.9998494386672974,0.35744985938072205,0.27875980734825134,0.47048696875572205,0.9997247457504272,0.9998921155929565,0.3814454674720764,0.2457106113433838,0.21469652652740479,0.9996370077133179,0.9999303817749023,0.4294857978820801,0.2970505356788635,0.4140242338180542,0.5189399123191833,0.99988853931427,0.4693312346935272,0.24552516639232635,0.09777791798114777,0.5840938687324524,0.9998830556869507,0.4925820231437683,0.29517802596092224,0.3698744475841522,0.4848904013633728,0.9998173117637634,0.5279836654663086,0.2608657777309418,0.15033851563930511,0.5431040525436401,0.999617338180542,0.5032167434692383,0.2933153212070465,0.36325404047966003,0.4544990360736847,0.999744713306427,0.5435599684715271,0.25987380743026733,0.13138754665851593,0.5110392570495605,0.999393105506897,0.5117705464363098,0.29206380248069763,0.3535955250263214,0.44107210636138916,0.9997909665107727,0.5416033864021301,0.2597329616546631,0.14970308542251587,0.5005189180374146,0.999458372592926,0.5091232657432556,0.29219621419906616,0.3612772226333618,0.42240896821022034,0.9998143315315247,0.5321735143661499,0.26054847240448,0.16052424907684326,0.4815766215324402,0.9995506405830383,0.4077276885509491,0.34799715876579285,0.07165925204753876,0.9997844696044922,0.9999388456344604,0.41866564750671387,0.33079710602760315,-0.07166089117527008,0.9997861385345459,0.999962329864502,0.4256208539009094,0.4246979355812073,-0.04677846282720566,0.9216341376304626,0.9995371103286743,0.5339648723602295,0.35533082485198975,-0.1820911467075348,0.8745267987251282,0.9988136291503906,0.37972691655158997,0.49736231565475464,-0.18435253202915192,0.8820880651473999,0.9990884065628052,0.4945734143257141,0.4197837710380554,-0.14343573153018951,0.8794968128204346,0.997951328754425,0.36805275082588196,0.5047101974487305,-0.20086199045181274,0.8993908762931824,0.998651921749115,0.47375550866127014,0.42895087599754333,-0.11103476583957672,0.8964862823486328,0.9975684285163879,0.3805736005306244,0.5237591862678528,-0.2623574435710907,0.8392240405082703,0.9961785078048706,0.5237203240394592,0.4425942897796631,-0.19848041236400604,0.8268834948539734,0.9962170720100403
108,3672,True,0.38213762640953064,0.2532486617565155,0.5653433799743652,0.9781803488731384,0.9999825954437256,0.372573584318161,0.24965450167655945,0.565437376499176,0.9813944101333618,0.9999839067459106,0.3704076409339905,0.2503003180027008,0.5653521418571472,0.9807961583137512,0.9999849796295166,0.3668719530105591,0.25093239545822144,0.5653960704803467,0.9795557260513306,0.9999854564666748,0.3774069845676422,0.24615903198719025,0.5458681583404541,0.9809171557426453,0.9999783039093018,0.3779084384441376,0.24499055743217468,0.5456539392471313,0.9819048047065735,0.9999788999557495,0.3780539333820343,0.24373796582221985,0.5457041263580322,0.980539858341217,0.999976396560669,0.3580436706542969,0.2548571228981018,0.5142103433609009,0.9794707298278809,0.99998939037323,0.3770882487297058,0.24364635348320007,0.42607581615448,0.975644052028656,0.999977707862854,0.37997162342071533,0.2608310580253601,0.5465275049209595,0.9749752879142761,0.9999784231185913,0.3856326937675476,0.2563788890838623,0.5202895402908325,0.9746495485305786,0.9999725818634033,0.3382018506526947,0.29355305433273315,0.4738538861274719,0.9997409582138062,0.9999581575393677,0.3941940367221832,0.25148850679397583,0.22427067160606384,0.9996707439422607,0.9999617338180542,0.4016200304031372,0.32173749804496765,0.5031705498695374,0.4776424169540405,0.9997138381004333,0.501627504825592,0.26272302865982056,0.18546220660209656,0.5978322625160217,0.9994475245475769,0.47445741295814514,0.32252663373947144,0.5525051951408386,0.44803866744041443,0.999471127986908,0.5226924419403076,0.27598071098327637,0.31310126185417175,0.5256701707839966,0.998106837272644,0.4972012937068939,0.32157349586486816,0.570332407951355,0.4212581217288971,0.9993695616722107,0.5372521281242371,0.28228169679641724,0.3228119909763336,0.49674156308174133,0.9976624250411987,0.4794338643550873,0.31792116165161133,0.5624973177909851,0.40885141491889954,0.9994276165962219,0.5242222547531128,0.28430619835853577,0.33260446786880493,0.4853341579437256,0.9977845549583435,0.47783759236335754,0.3182125687599182,0.5491804480552673,0.3924303948879242,0.9995073080062866,0.5154399275779724,0.28469914197921753,0.3226190507411957,0.4665496349334717,0.998096764087677,0.3951810300350189,0.36553239822387695,0.08687514066696167,0.9997910857200623,0.9999332427978516,0.4240364134311676,0.3464833199977875,-0.08680033683776855,0.9997915625572205,0.9999468326568604,0.4179331064224243,0.42985615134239197,0.06052043288946152,0.9260848164558411,0.9993182420730591,0.5380679368972778,0.3602697551250458,-0.11855161190032959,0.8856447339057922,0.9988436698913574,0.39670008420944214,0.4905439019203186,-0.06662840396165848,0.8916614055633545,0.9991987347602844,0.5135959982872009,0.42725762724876404,-0.15931546688079834,0.8831415772438049,0.9980024695396423,0.3898574709892273,0.4966294765472412,-0.08457475155591965,0.9079492092132568,0.9990463852882385,0.48929116129875183,0.4363637864589691,-0.15727949142456055,0.9009787440299988,0.9978088736534119,0.3993564546108246,0.512688159942627,-0.09737272560596466,0.848107635974884,0.9980620741844177,0.543563187122345,0.4522588849067688,-0.15945687890052795,0.8283051252365112,0.9967393279075623
109,3706,True,0.375283807516098,0.26713353395462036,0.6659826636314392,0.9781346321105957,0.9999862909317017,0.36758726835250854,0.26282551884651184,0.660950243473053,0.9806434512138367,0.9999885559082031,0.364227294921875,0.2630118727684021,0.6608394384384155,0.9803157448768616,0.9999901056289673,0.36044058203697205,0.2632346749305725,0.660896897315979,0.9794439077377319,0.9999908208847046,0.37639158964157104,0.2607192397117615,0.6533443927764893,0.9805043339729309,0.9999798536300659,0.378184050321579,0.2596413493156433,0.6531839370727539,0.9815216064453125,0.9999756813049316,0.37957963347435,0.2585691213607788,0.6532189846038818,0.9797545075416565,0.9999696016311646,0.35311979055404663,0.26528969407081604,0.5873576998710632,0.9794836044311523,0.9999905824661255,0.380226731300354,0.2583838105201721,0.5505898594856262,0.9751451015472412,0.9999613761901855,0.3730742633342743,0.272635281085968,0.6384043097496033,0.9736520648002625,0.9999698400497437,0.38292422890663147,0.26959460973739624,0.6278918385505676,0.9720463156700134,0.9999454021453857,0.3289055824279785,0.29961127042770386,0.5035428404808044,0.9997605681419373,0.9999674558639526,0.4120819866657257,0.2651148736476898,0.33203935623168945,0.9996967315673828,0.9998233914375305,0.37848764657974243,0.3339255750179291,0.48876380920410156,0.46522122621536255,0.9999151229858398,0.5019038319587708,0.2852463126182556,0.25260114669799805,0.5845609903335571,0.9996330738067627,0.4433702230453491,0.346642404794693,0.5436238050460815,0.42885178327560425,0.9997270703315735,0.5255863666534424,0.31480202078819275,0.31805291771888733,0.4926997721195221,0.9991782307624817,0.46843910217285156,0.34814998507499695,0.5709736943244934,0.4022352993488312,0.9996059536933899,0.5371609330177307,0.31976521015167236,0.31924641132354736,0.46525853872299194,0.9991127848625183,0.47539934515953064,0.3470054566860199,0.5620094537734985,0.39008960127830505,0.999605119228363,0.5264355540275574,0.32200103998184204,0.34212401509284973,0.45323601365089417,0.9991545677185059,0.4745449423789978,0.3467840552330017,0.543953001499176,0.3749532103538513,0.9997099041938782,0.5194026231765747,0.32160842418670654,0.32832467555999756,0.435428261756897,0.9992415904998779,0.389586478471756,0.3801781237125397,0.07270091027021408,0.99980628490448,0.9999752044677734,0.42661383748054504,0.3657224774360657,-0.07289004325866699,0.9998030066490173,0.9999651908874512,0.42779168486595154,0.43020790815353394,-0.0678473711013794,0.9218092560768127,0.9993677735328674,0.5193368196487427,0.4155997335910797,-0.2428482323884964,0.8940101861953735,0.9991042017936707,0.41893818974494934,0.4916842579841614,-0.2957509458065033,0.8956255912780762,0.999489426612854,0.5032821297645569,0.46792760491371155,-0.42337778210639954,0.8896391987800598,0.9993234872817993,0.42803871631622314,0.5000869631767273,-0.32886841893196106,0.9127845168113708,0.999372661113739,0.4901887774467468,0.472618043422699,-0.4420528709888458,0.90860515832901,0.9992178678512573,0.4256526827812195,0.5114765167236328,-0.38808751106262207,0.8434074521064758,0.9991329312324524,0.5223521590232849,0.49094924330711365,-0.47844985127449036,0.8344202637672424,0.9990548491477966
110,3740,True,0.3666946291923523,0.28097742795944214,0.5573052167892456,0.9776874780654907,0.9999808073043823,0.36022627353668213,0.27634626626968384,0.5453481078147888,0.9798803329467773,0.9999755620956421,0.3564761281013489,0.27623066306114197,0.5452538132667542,0.9794586896896362,0.9999780654907227,0.3530515730381012,0.276161253452301,0.5452804565429688,0.9787236452102661,0.9999792575836182,0.3696153461933136,0.2754535973072052,0.5457808971405029,0.9797210693359375,0.999961256980896,0.3727228343486786,0.2745613157749176,0.5456420183181763,0.9804744124412537,0.9999551773071289,0.3754483163356781,0.27378153800964355,0.5455926060676575,0.9784890413284302,0.9999475479125977,0.34998658299446106,0.2773433327674866,0.46909311413764954,0.9769744873046875,0.9999797344207764,0.3796718120574951,0.2735103666782379,0.46479687094688416,0.9733518362045288,0.9999345541000366,0.36437076330184937,0.28533172607421875,0.5282057523727417,0.971657395362854,0.9999589920043945,0.3744349479675293,0.2840369939804077,0.5288825631141663,0.9697295427322388,0.9999305009841919,0.3270179033279419,0.30927157402038574,0.38932541012763977,0.9997813701629639,0.9999642372131348,0.42766502499580383,0.28948551416397095,0.29530295729637146,0.9997051954269409,0.9997623562812805,0.3568405508995056,0.34283578395843506,0.3743702471256256,0.46206629276275635,0.9997887015342712,0.49436870217323303,0.3240284323692322,0.2330208718776703,0.546992301940918,0.9990148544311523,0.4073426127433777,0.3497985005378723,0.414692223072052,0.40730443596839905,0.999350368976593,0.5093951225280762,0.3545385003089905,0.30415311455726624,0.4504823684692383,0.9990358352661133,0.41934576630592346,0.349507600069046,0.4384041130542755,0.3812176287174225,0.9993599057197571,0.5250506401062012,0.3617013692855835,0.3077140152454376,0.4264181852340698,0.9993489384651184,0.4362679421901703,0.34942251443862915,0.4252088665962219,0.36950698494911194,0.9992942810058594,0.5156859159469604,0.3643713593482971,0.32318592071533203,0.41499024629592896,0.9993298053741455,0.4360811412334442,0.3502342402935028,0.4139579236507416,0.35493892431259155,0.9993565678596497,0.5061021447181702,0.36074426770210266,0.31132227182388306,0.3989076614379883,0.999215841293335,0.3866884410381317,0.39765316247940063,0.05071654170751572,0.9998243451118469,0.9999881982803345,0.42772310972213745,0.3905995786190033,-0.050891485065221786,0.9998166561126709,0.9999611377716064,0.44259652495384216,0.4441545009613037,-0.1004888191819191,0.9274312853813171,0.9998496770858765,0.4897906482219696,0.4426364004611969,-0.19789142906665802,0.9020472168922424,0.9995512366294861,0.5331059098243713,0.4961731433868408,-0.274707168340683,0.9047417044639587,0.9999041557312012,0.42338478565216064,0.4804968237876892,-0.2648581266403198,0.8953818678855896,0.9998142123222351,0.5438143610954285,0.5046349763870239,-0.2955080568790436,0.9191041588783264,0.9998972415924072,0.4119519591331482,0.48394665122032166,-0.2596594989299774,0.9123060703277588,0.999843955039978,0.548939049243927,0.5115205645561218,-0.3662726879119873,0.849848747253418,0.999855637550354,0.4203135669231415,0.5008670687675476,-0.24709168076515198,0.8371731042861938,0.9998527765274048
111,3774,True,0.36875051259994507,0.29775339365005493,0.6661197543144226,0.9683836102485657,0.9999150037765503,0.3624339997768402,0.293205589056015,0.658309280872345,0.9705055952072144,0.9999198913574219,0.3585810363292694,0.2930111885070801,0.6581741571426392,0.9702542424201965,0.9999305009841919,0.35454437136650085,0.29293912649154663,0.6582103967666626,0.9702064394950867,0.9999376535415649,0.37272727489471436,0.2922685742378235,0.655588686466217,0.9712945222854614,0.9998718500137329,0.3759455680847168,0.2914949953556061,0.6554055213928223,0.972255289554596,0.9998534917831421,0.37874555587768555,0.2911284565925598,0.6553441286087036,0.9690567255020142,0.9998297691345215,0.35145601630210876,0.29414626955986023,0.5713726282119751,0.9651345014572144,0.9999449253082275,0.3828005790710449,0.2914660573005676,0.5563119649887085,0.9631243944168091,0.9998133778572083,0.36530643701553345,0.3023374080657959,0.6329295635223389,0.9577347040176392,0.9999105930328369,0.3769247829914093,0.3009297549724579,0.6292331218719482,0.957687497138977,0.9998551607131958,0.32537925243377686,0.3264521658420563,0.4727100729942322,0.9997968673706055,0.9999570846557617,0.43905436992645264,0.31348541378974915,0.3430060148239136,0.9997154474258423,0.9997605681419373,0.35859549045562744,0.37601548433303833,0.4289015531539917,0.43661773204803467,0.9997077584266663,0.4864797294139862,0.35926544666290283,0.26538774371147156,0.5090586543083191,0.9988911747932434,0.40261000394821167,0.38176605105400085,0.45994365215301514,0.37894153594970703,0.9990635514259338,0.5011081099510193,0.3853698670864105,0.3324114978313446,0.4114900231361389,0.997730553150177,0.40815189480781555,0.3803350627422333,0.4840394854545593,0.35474851727485657,0.9990485310554504,0.5064874291419983,0.39114469289779663,0.3355112373828888,0.39016997814178467,0.9982163310050964,0.42718467116355896,0.3783572316169739,0.476164847612381,0.3435555100440979,0.9989688396453857,0.49779242277145386,0.3934178948402405,0.35632845759391785,0.3792797029018402,0.9982795715332031,0.42868301272392273,0.37934672832489014,0.4602256417274475,0.33004340529441833,0.999082088470459,0.4912472069263458,0.39353758096694946,0.34071794152259827,0.3648608326911926,0.9981512427330017,0.3786161243915558,0.422168493270874,0.05431608110666275,0.9998369812965393,0.9999599456787109,0.43176159262657166,0.41413965821266174,-0.0545431524515152,0.9998139142990112,0.9999057054519653,0.44364479184150696,0.46330785751342773,-0.10057269036769867,0.925521969795227,0.9994335770606995,0.48669224977493286,0.4531950056552887,-0.19630609452724457,0.9040982127189636,0.9986280202865601,0.5292271375656128,0.5277464389801025,-0.33908945322036743,0.9097945690155029,0.9995805621147156,0.4327486753463745,0.49364304542541504,-0.3510739207267761,0.8942833542823792,0.9991840720176697,0.5385333299636841,0.5383532643318176,-0.37124139070510864,0.9235976934432983,0.9995033740997314,0.4228135943412781,0.4990272521972656,-0.3691001832485199,0.9156794548034668,0.9992333650588989,0.5440753102302551,0.5426189303398132,-0.4615935981273651,0.844620943069458,0.9993889331817627,0.43412408232688904,0.5072730779647827,-0.4110719859600067,0.8299878835678101,0.9992843270301819
112,3808,True,0.3714967370033264,0.31819644570350647,0.5229225754737854,0.9475682973861694,0.9988799691200256,0.3655357360839844,0.3134673237800598,0.5158278346061707,0.9581122994422913,0.9986385703086853,0.3615388572216034,0.31306228041648865,0.5157435536384583,0.9566580057144165,0.9987635612487793,0.35792383551597595,0.31279247999191284,0.5157860517501831,0.9587885141372681,0.9988135099411011,0.3754878640174866,0.31292015314102173,0.5136592388153076,0.9547938108444214,0.9979861974716187,0.3786492347717285,0.3121977746486664,0.5134732127189636,0.9537623524665833,0.9976992011070251,0.38110268115997314,0.31168392300605774,0.513450026512146,0.9521157741546631,0.9972845315933228,0.35507676005363464,0.3135503828525543,0.3925076723098755,0.9450186491012573,0.9989330172538757,0.3845628499984741,0.31179773807525635,0.4339890778064728,0.9386011958122253,0.9968652129173279,0.3669244647026062,0.3230149745941162,0.5020183324813843,0.9344303011894226,0.998084306716919,0.37881988286972046,0.3218143880367279,0.4975172281265259,0.9320359230041504,0.9972065091133118,0.32498911023139954,0.3455981910228729,0.28799673914909363,0.9997707009315491,0.9990912675857544,0.4405200481414795,0.33692699670791626,0.2679899334907532,0.9994692206382751,0.9951798915863037,0.35188233852386475,0.3960803747177124,0.3076893091201782,0.4204597771167755,0.9982117414474487,0.4865592420101166,0.3740990161895752,0.26224300265312195,0.4653705358505249,0.9913644790649414,0.39695146679878235,0.3935621678829193,0.3678828477859497,0.3546426296234131,0.9963136315345764,0.4928634762763977,0.38240402936935425,0.38286226987838745,0.37374961376190186,0.9893105030059814,0.40306732058525085,0.3911932706832886,0.3652103841304779,0.3327549993991852,0.9963654279708862,0.4852204918861389,0.38063299655914307,0.4033565819263458,0.35535258054733276,0.9917827844619751,0.41753876209259033,0.3899340033531189,0.36566445231437683,0.3222285807132721,0.9960488677024841,0.4660080671310425,0.38297978043556213,0.40233051776885986,0.34534162282943726,0.9918479919433594,0.41801002621650696,0.39122411608695984,0.36709848046302795,0.3097439408302307,0.9963120818138123,0.4609155058860779,0.38446781039237976,0.3851863741874695,0.332584023475647,0.9913458228111267,0.3741419017314911,0.4469245374202728,0.02582554519176483,0.9998016953468323,0.9995916485786438,0.43181198835372925,0.43855610489845276,-0.026189779862761497,0.9996304512023926,0.9989854693412781,0.4251098930835724,0.5058693885803223,-0.10315320640802383,0.9095074534416199,0.996292233467102,0.47215139865875244,0.4810549318790436,-0.08932618051767349,0.871644139289856,0.9907497763633728,0.5128673911094666,0.5722405910491943,-0.30315715074539185,0.9016516208648682,0.9951654672622681,0.4699833393096924,0.5283335447311401,-0.22067511081695557,0.8585242033004761,0.9917997121810913,0.5223479866981506,0.5834473371505737,-0.3260801136493683,0.9101829528808594,0.9941778182983398,0.46853989362716675,0.537519097328186,-0.23522056639194489,0.8802569508552551,0.9917134046554565,0.5275300145149231,0.5803967714309692,-0.40940648317337036,0.8195948600769043,0.9951092600822449,0.49000850319862366,0.5331391096115112,-0.2809426188468933,0.7874720692634583,0.9940726161003113
113,3842,True,0.37377044558525085,0.34015578031539917,0.48743411898612976,0.9507457613945007,0.9997385144233704,0.3681647777557373,0.3353467285633087,0.5061765313148499,0.9609253406524658,0.9996998310089111,0.3643381893634796,0.33497855067253113,0.5058867335319519,0.959625780582428,0.9997193217277527,0.36025291681289673,0.3347586989402771,0.505486786365509,0.9615795612335205,0.9997265934944153,0.3778051733970642,0.33480149507522583,0.4862845838069916,0.9575464129447937,0.999595582485199,0.38040924072265625,0.33416548371315,0.48609450459480286,0.9566636681556702,0.999556839466095,0.38146182894706726,0.3337331712245941,0.48603901267051697,0.9550272822380066,0.9994981288909912,0.35615742206573486,0.3359474241733551,0.3117658495903015,0.9492464661598206,0.9998142123222351,0.38752737641334534,0.3345288336277008,0.3501349687576294,0.942518413066864,0.9995711445808411,0.3694850206375122,0.34493815898895264,0.47428271174430847,0.9381389021873474,0.9996261596679688,0.3808322548866272,0.3438348174095154,0.4742560386657715,0.93547123670578,0.9995089769363403,0.32541683316230774,0.36930859088897705,0.22325080633163452,0.99976646900177,0.9996776580810547,0.4396456480026245,0.35962802171707153,0.24254456162452698,0.9993926286697388,0.9976442456245422,0.33696234226226807,0.40809792280197144,0.3235554099082947,0.41685470938682556,0.9982445240020752,0.4968498647212982,0.3784142732620239,0.3319171071052551,0.4287450313568115,0.9877846240997314,0.3819526135921478,0.3968901038169861,0.5054184198379517,0.33291319012641907,0.9974302649497986,0.4687481224536896,0.368897408246994,0.5134740471839905,0.3405921459197998,0.9805964231491089,0.383392870426178,0.3933789134025574,0.5422573089599609,0.3146759569644928,0.9972225427627563,0.4658724367618561,0.363033264875412,0.5511268973350525,0.3256860673427582,0.9824147820472717,0.39684730768203735,0.3914877772331238,0.5242000818252563,0.3046770393848419,0.9970653653144836,0.437245637178421,0.36495858430862427,0.5409250259399414,0.31649115681648254,0.9833609461784363,0.3986342251300812,0.3936153054237366,0.5072746276855469,0.29315653443336487,0.9974315762519836,0.43791958689689636,0.36566880345344543,0.5149120688438416,0.3053750991821289,0.9831380844116211,0.3681204915046692,0.4748815894126892,-0.0023662769235670567,0.9997315406799316,0.999313235282898,0.4321971535682678,0.46385639905929565,0.002046938519924879,0.9993775486946106,0.9976369142532349,0.40834861993789673,0.559292733669281,-0.01859542727470398,0.9127326011657715,0.9979654550552368,0.4699673652648926,0.4862380921840668,0.05240413919091225,0.8462300896644592,0.9906734824180603,0.49934425950050354,0.6440014243125916,-0.2021913081407547,0.9060121774673462,0.9924376606941223,0.4934529960155487,0.5287209749221802,0.010491718538105488,0.8287614583969116,0.9902598261833191,0.5050146579742432,0.6529420614242554,-0.21910269558429718,0.9086869359016418,0.9895943403244019,0.4932527244091034,0.536022424697876,0.009253078140318394,0.8576064109802246,0.9902952909469604,0.4894563853740692,0.6651260256767273,-0.2575901746749878,0.8223634362220764,0.9892092347145081,0.5164585709571838,0.5400816202163696,0.03136759623885155,0.7582917213439941,0.9929062128067017
114,3876,True,0.37520530819892883,0.3605382442474365,0.47703102231025696,0.9555280804634094,0.9999523162841797,0.37028542160987854,0.355634868144989,0.46297451853752136,0.964752733707428,0.9999362230300903,0.3666621446609497,0.35514384508132935,0.462711364030838,0.9635806083679199,0.9999428987503052,0.36237576603889465,0.35475215315818787,0.4624343514442444,0.965347945690155,0.9999439716339111,0.3791884183883667,0.3556066155433655,0.4588511288166046,0.961702823638916,0.9999141693115234,0.38148024678230286,0.3550814986228943,0.4586964547634125,0.9609140753746033,0.9999115467071533,0.38180384039878845,0.3547685742378235,0.45886704325675964,0.9594296216964722,0.9998990297317505,0.357693612575531,0.3559925854206085,0.3069039583206177,0.9542548060417175,0.9999666213989258,0.3886736035346985,0.3557285666465759,0.3213227093219757,0.9481719732284546,0.9999183416366577,0.3711221516132355,0.36518850922584534,0.44126108288764954,0.9438804984092712,0.99988853931427,0.3816632926464081,0.36502689123153687,0.4470827281475067,0.9415335655212402,0.9998619556427002,0.32514455914497375,0.38912472128868103,0.2417568862438202,0.9997797608375549,0.9999071359634399,0.43553152680397034,0.3806663155555725,0.22101446986198425,0.9994306564331055,0.9995841383934021,0.34962397813796997,0.4132571220397949,0.32052770256996155,0.41667506098747253,0.9995495676994324,0.4927072823047638,0.3866801857948303,0.37736448645591736,0.4132290482521057,0.9971604347229004,0.3935432732105255,0.3912290334701538,0.4041129946708679,0.3217538595199585,0.9991583824157715,0.4662666320800781,0.37786319851875305,0.6456259489059448,0.3205397427082062,0.9962399005889893,0.3880196511745453,0.39084601402282715,0.4237658977508545,0.30746152997016907,0.998907208442688,0.46674326062202454,0.37174782156944275,0.6876318454742432,0.3115302324295044,0.9960545301437378,0.3980110287666321,0.39042219519615173,0.4109634459018707,0.29815995693206787,0.9988124370574951,0.4443823993206024,0.3725079298019409,0.6776422262191772,0.3030482828617096,0.995944082736969,0.40401074290275574,0.39343345165252686,0.4033556282520294,0.2869732081890106,0.999053418636322,0.44111010432243347,0.37399977445602417,0.6504932045936584,0.29357224702835083,0.9964259266853333,0.36675405502319336,0.5017011761665344,0.0030888859182596207,0.9997485876083374,0.9998175501823425,0.4319368898868561,0.4910740256309509,-0.0034074338618665934,0.9994050860404968,0.999244213104248,0.3997144103050232,0.5940223932266235,0.002111969282850623,0.9172836542129517,0.9995298385620117,0.5290361046791077,0.5031573176383972,0.07727962732315063,0.8380934596061707,0.9965904951095581,0.4356214702129364,0.6774536371231079,-0.16997908055782318,0.9139436483383179,0.9981309771537781,0.546320915222168,0.5568771362304688,0.07552263140678406,0.81829833984375,0.9959638118743896,0.43424347043037415,0.6857215166091919,-0.1847812831401825,0.9153075218200684,0.9970703125,0.5384727716445923,0.5660994648933411,0.07870785146951675,0.8516552448272705,0.9963284134864807,0.43548572063446045,0.6955530047416687,-0.2386898398399353,0.835401713848114,0.9950500130653381,0.5758047699928284,0.570064902305603,0.11004305630922318,0.7508968710899353,0.9955683350563049
115,3910,True,0.3762015402317047,0.38165169954299927,0.4270675778388977,0.9599630832672119,0.9999728202819824,0.3706294596195221,0.37661969661712646,0.39476484060287476,0.9682703018188477,0.999966025352478,0.36695683002471924,0.3762352764606476,0.39460551738739014,0.9672154784202576,0.9999704360961914,0.3628067076206207,0.37586069107055664,0.3945111632347107,0.9688064455986023,0.9999711513519287,0.3799726366996765,0.3763287663459778,0.38966020941734314,0.9655255675315857,0.9999570846557617,0.38232865929603577,0.3757474422454834,0.3895050883293152,0.9648162126541138,0.9999574422836304,0.382730096578598,0.37520045042037964,0.38960760831832886,0.9634790420532227,0.9999538660049438,0.35690537095069885,0.3776305615901947,0.2682951092720032,0.9588244557380676,0.9999842643737793,0.38903164863586426,0.37630924582481384,0.25260135531425476,0.9533477425575256,0.9999699592590332,0.37260255217552185,0.3866390585899353,0.38987037539482117,0.9494592547416687,0.9999650716781616,0.382476270198822,0.38661232590675354,0.3854808509349823,0.9473490715026855,0.9999568462371826,0.32604822516441345,0.4103271961212158,0.2254997044801712,0.99979168176651,0.999947190284729,0.43452465534210205,0.40281978249549866,0.1397043913602829,0.9994787573814392,0.9998201727867126,0.3419107496738434,0.4150787889957428,0.37369659543037415,0.41959983110427856,0.999782383441925,0.48840826749801636,0.39389538764953613,0.31277644634246826,0.43951088190078735,0.9989839196205139,0.39422470331192017,0.3890012204647064,0.6034446358680725,0.2993351221084595,0.9995725750923157,0.46643584966659546,0.37928861379623413,0.5872970819473267,0.31055742502212524,0.9981180429458618,0.40595969557762146,0.38323768973350525,0.6488295793533325,0.28729769587516785,0.999384880065918,0.4671217203140259,0.3705260753631592,0.6222344040870667,0.3065595328807831,0.9977843165397644,0.41491615772247314,0.38286951184272766,0.6191616058349609,0.2788529098033905,0.9993952512741089,0.45323464274406433,0.3711779713630676,0.6146144270896912,0.2987953722476959,0.9978289008140564,0.41297951340675354,0.3862066864967346,0.5999477505683899,0.269780695438385,0.9995098114013672,0.45139846205711365,0.3731380105018616,0.5924956202507019,0.28936782479286194,0.9981303811073303,0.36439043283462524,0.5309222936630249,0.012694119475781918,0.9997696280479431,0.999933123588562,0.43032586574554443,0.5211872458457947,-0.013036146759986877,0.999457836151123,0.9998069405555725,0.3710765540599823,0.6196444034576416,0.05935916304588318,0.9247193336486816,0.999813973903656,0.5322446823120117,0.5428691506385803,0.12579597532749176,0.8521807789802551,0.998956561088562,0.37703561782836914,0.7043026089668274,-0.08804202079772949,0.9222012162208557,0.9985935091972351,0.6110237836837769,0.5927284955978394,0.12118076533079147,0.8336939811706543,0.997497022151947,0.37679409980773926,0.7182803750038147,-0.0978333055973053,0.9232447147369385,0.9978868365287781,0.6095439195632935,0.6051052808761597,0.12718899548053741,0.864387571811676,0.9975512623786926,0.3671499788761139,0.7307618856430054,-0.1246480718255043,0.849263608455658,0.9969534873962402,0.6492904424667358,0.6037120819091797,0.16698700189590454,0.7633903622627258,0.9970449805259705
116,3944,True,0.3769466280937195,0.39579540491104126,0.3523290157318115,0.9639653563499451,0.9999954700469971,0.3715238869190216,0.3903302252292633,0.3181750476360321,0.9714424014091492,0.9999946355819702,0.3678382337093353,0.39019638299942017,0.31807929277420044,0.9704930186271667,0.9999954700469971,0.36365777254104614,0.3900761306285858,0.31803977489471436,0.971924901008606,0.9999957084655762,0.3807641267776489,0.39005011320114136,0.31182944774627686,0.9689721465110779,0.9999923706054688,0.384072870016098,0.3897227644920349,0.31165504455566406,0.9683337807655334,0.999991774559021,0.38694050908088684,0.3893682658672333,0.3117177188396454,0.9671300649642944,0.999990701675415,0.35689011216163635,0.3939169645309448,0.2015172392129898,0.9629412293434143,0.9999978542327881,0.39298054575920105,0.3932843804359436,0.17629322409629822,0.9580119252204895,0.9999935626983643,0.37327292561531067,0.4019399583339691,0.3186761736869812,0.9545102715492249,0.9999959468841553,0.3828667402267456,0.40144410729408264,0.3111189305782318,0.9526107311248779,0.9999939203262329,0.3277030289173126,0.427727609872818,0.1731623113155365,0.9998079538345337,0.9999896287918091,0.43346452713012695,0.4229137897491455,0.06937292963266373,0.9995237588882446,0.9999356269836426,0.3282468616962433,0.41682130098342896,0.36231955885887146,0.4502827823162079,0.999953031539917,0.487080842256546,0.4022890031337738,0.20367678999900818,0.4840289056301117,0.9996920824050903,0.39021241664886475,0.3855411410331726,0.6060589551925659,0.2951178550720215,0.9998725652694702,0.4762822091579437,0.3731094300746918,0.4626462757587433,0.32456594705581665,0.9995355606079102,0.40167489647865295,0.37926992774009705,0.6457165479660034,0.28431472182273865,0.9997933506965637,0.47903531789779663,0.3655261993408203,0.4831363260746002,0.3235810697078705,0.9994428753852844,0.41029903292655945,0.3784458339214325,0.6132159233093262,0.27648526430130005,0.9998071789741516,0.46554383635520935,0.3671140968799591,0.4840952157974243,0.3166787028312683,0.9994857311248779,0.4078652560710907,0.38123950362205505,0.6009951829910278,0.26984700560569763,0.999847412109375,0.46388354897499084,0.3696686923503876,0.4673427641391754,0.30450886487960815,0.999554455280304,0.36276519298553467,0.5528013110160828,0.018378088250756264,0.9997915625572205,0.999988317489624,0.4292965233325958,0.5452142953872681,-0.018490850925445557,0.9995093941688538,0.999964714050293,0.3531757593154907,0.642795205116272,0.04812324792146683,0.9317561388015747,0.999974250793457,0.529402494430542,0.5707274675369263,0.21319669485092163,0.8659461736679077,0.9998440742492676,0.3383067548274994,0.7306086421012878,-0.07138437777757645,0.929772138595581,0.9996795654296875,0.5842617750167847,0.6201449036598206,0.2834937870502472,0.8489499688148499,0.9994751811027527,0.34123942255973816,0.7459276914596558,-0.07906138896942139,0.9305803775787354,0.9994171857833862,0.578706681728363,0.6299149394035339,0.29740506410598755,0.8768054246902466,0.9994699358940125,0.3202633261680603,0.7480332255363464,-0.107338547706604,0.8623088598251343,0.999122679233551,0.6259703636169434,0.632494330406189,0.34867388010025024,0.7768387794494629,0.9993957281112671
117,3978,True,0.3835473656654358,0.4150533676147461,0.2654415965080261,0.9675617218017578,0.9999845027923584,0.3785296082496643,0.41030335426330566,0.24110230803489685,0.9742919206619263,0.9999734163284302,0.3728344738483429,0.410412460565567,0.24106548726558685,0.9734356999397278,0.999976634979248,0.36856281757354736,0.41047248244285583,0.24100229144096375,0.9747257232666016,0.999975323677063,0.3888593018054962,0.40986114740371704,0.23035204410552979,0.9720696806907654,0.9999688863754272,0.3939087688922882,0.4095692038536072,0.23019394278526306,0.9714944958686829,0.9999679327011108,0.39724427461624146,0.4092925488948822,0.23024994134902954,0.970410943031311,0.9999638795852661,0.35794761776924133,0.4145750105381012,0.15551362931728363,0.9666394591331482,0.9999833106994629,0.4012570381164551,0.4139907956123352,0.10904578864574432,0.9622021913528442,0.9999734163284302,0.37927648425102234,0.4218657910823822,0.24359819293022156,0.9590387344360352,0.9999675750732422,0.3919849693775177,0.4213832914829254,0.22948861122131348,0.9573273658752441,0.9999635219573975,0.3315405547618866,0.4450424611568451,0.15657229721546173,0.9997926950454712,0.9999048709869385,0.4357997179031372,0.44270944595336914,0.017368504777550697,0.9995448589324951,0.9998076558113098,0.3421294391155243,0.4212600290775299,0.27777841687202454,0.4537219703197479,0.9998875856399536,0.48487308621406555,0.4088316559791565,0.037283141165971756,0.5096595883369446,0.9995728135108948,0.39439642429351807,0.3861085772514343,0.4078797996044159,0.3198315501213074,0.9993467926979065,0.4733934700489044,0.3737275302410126,0.12718001008033752,0.3558780550956726,0.9990648627281189,0.39563027024269104,0.37849000096321106,0.4217388927936554,0.31120023131370544,0.9987375140190125,0.4586107134819031,0.36553841829299927,0.10898547619581223,0.35555121302604675,0.9985307455062866,0.4041847288608551,0.3791086673736572,0.3813686668872833,0.3033176362514496,0.9987242817878723,0.45568162202835083,0.3672565817832947,0.1107468381524086,0.34863337874412537,0.9985823631286621,0.4051246643066406,0.3810272514820099,0.39407461881637573,0.29773497581481934,0.999079704284668,0.45537638664245605,0.37012195587158203,0.12809927761554718,0.33636847138404846,0.9988868832588196,0.36496788263320923,0.573711633682251,0.04343647137284279,0.9998059272766113,0.999968409538269,0.4295300245285034,0.5678372383117676,-0.043700043112039566,0.9995481371879578,0.9999586343765259,0.34588634967803955,0.6629077792167664,0.124273881316185,0.9304668307304382,0.9998307228088379,0.538251519203186,0.6178432703018188,0.07699485868215561,0.8761601448059082,0.9997252821922302,0.3094353973865509,0.7483824491500854,0.08935345709323883,0.9346567988395691,0.9990774393081665,0.6052541136741638,0.6821334362030029,0.09579094499349594,0.8619654178619385,0.9991297125816345,0.3077622354030609,0.764423668384552,0.08593007922172546,0.9343265295028687,0.9983684420585632,0.5992189049720764,0.6920920610427856,0.10324651747941971,0.8863916397094727,0.9989336133003235,0.3024701476097107,0.7595537900924683,0.021896367892622948,0.8691777586936951,0.9974871873855591,0.6472739577293396,0.6969907283782959,0.08469296991825104,0.7915887236595154,0.9984132051467896
118,4012,True,0.4004215598106384,0.4232175350189209,0.19619575142860413,0.9707990288734436,0.99998939037323,0.39381521940231323,0.41913264989852905,0.17762577533721924,0.9768540263175964,0.999977707862854,0.38842451572418213,0.419193834066391,0.17763179540634155,0.9760814905166626,0.9999791383743286,0.38328930735588074,0.419241726398468,0.17760735750198364,0.9772433042526245,0.9999767541885376,0.40928059816360474,0.4197404980659485,0.161863312125206,0.9748562574386597,0.9999754428863525,0.41405797004699707,0.4200766682624817,0.1617099940776825,0.9743381142616272,0.9999737739562988,0.41924965381622314,0.4202325940132141,0.16176363825798035,0.9733618497848511,0.9999691247940063,0.3739902079105377,0.4246033728122711,0.10997804254293442,0.9699612259864807,0.999976396560669,0.4208877980709076,0.4267086088657379,0.04010425880551338,0.9659698605537415,0.9999663829803467,0.3902325928211212,0.4302902817726135,0.18011917173862457,0.9631138443946838,0.9999679327011108,0.40807610750198364,0.43086767196655273,0.1593928188085556,0.9615718722343445,0.9999651908874512,0.33443698287010193,0.4555652141571045,0.11145903170108795,0.9997535347938538,0.9999260902404785,0.4486071765422821,0.45840978622436523,-0.05013824999332428,0.9995521306991577,0.9998053908348083,0.3471401333808899,0.4140632748603821,0.16687700152397156,0.4850573241710663,0.9999622106552124,0.48363223671913147,0.41338983178138733,-0.10933275520801544,0.5535248517990112,0.9998204112052917,0.38638246059417725,0.38388681411743164,0.182400643825531,0.37239870429039,0.9996054768562317,0.4756525754928589,0.37651166319847107,-0.12289310991764069,0.41302934288978577,0.9994045495986938,0.38954517245292664,0.37534821033477783,0.17186757922172546,0.3644537925720215,0.9991099238395691,0.4683832824230194,0.36750689148902893,-0.16701167821884155,0.41113704442977905,0.9989546537399292,0.3970615267753601,0.37626364827156067,0.13904407620429993,0.35695746541023254,0.9991070628166199,0.4572228789329529,0.36986249685287476,-0.16591888666152954,0.4046379625797272,0.9990326166152954,0.3984721601009369,0.3783882260322571,0.1677858978509903,0.3513389825820923,0.9993733763694763,0.4574638903141022,0.3726051449775696,-0.12580475211143494,0.391323447227478,0.9992539286613464,0.3666181266307831,0.5874701738357544,0.05368123576045036,0.9998217225074768,0.9999901056289673,0.43331003189086914,0.5831955671310425,-0.053876083344221115,0.9995874762535095,0.9999868869781494,0.3336713910102844,0.6776142120361328,0.12917634844779968,0.9317165613174438,0.9998871088027954,0.5390395522117615,0.6461471319198608,0.0359598733484745,0.8863998055458069,0.9998192191123962,0.27946600317955017,0.7637838125228882,0.1285073608160019,0.9396683573722839,0.9993391633033752,0.5918933153152466,0.7150735855102539,0.06413780897855759,0.874250054359436,0.9993599057197571,0.2768913209438324,0.7809175252914429,0.12648534774780273,0.9384827613830566,0.9988304972648621,0.5853540897369385,0.7288509607315063,0.07133899629116058,0.8954298496246338,0.9991514682769775,0.2599160671234131,0.773589015007019,0.04480887949466705,0.8774338960647583,0.9982028007507324,0.6374515295028687,0.7358558773994446,0.026795167475938797,0.8070712089538574,0.9987479448318481
119,4046,True,0.41342979669570923,0.4383908808231354,0.1686214655637741,0.9737156629562378,0.9999961853027344,0.40538275241851807,0.4334713816642761,0.1490531861782074,0.9791635870933533,0.9999916553497314,0.4002569019794464,0.433527410030365,0.14908647537231445,0.9784671068191528,0.9999918937683105,0.3933396339416504,0.43344539403915405,0.14906185865402222,0.9795126914978027,0.999990701675415,0.42327481508255005,0.4345114231109619,0.12930208444595337,0.9773671627044678,0.9999911785125732,0.4276640713214874,0.43496450781822205,0.12914206087589264,0.976900577545166,0.9999904632568359,0.43155941367149353,0.4353141188621521,0.12919630110263824,0.9760211706161499,0.9999886751174927,0.38900619745254517,0.43894094228744507,0.07998879998922348,0.9729568958282471,0.9999896287918091,0.43218138813972473,0.441378653049469,-0.008175933733582497,0.9693671464920044,0.9999864101409912,0.4007953703403473,0.4461624026298523,0.15220114588737488,0.9667923450469971,0.999984860420227,0.42073071002960205,0.4465548098087311,0.12627212703227997,0.9654029607772827,0.9999840259552002,0.34804627299308777,0.4700496792793274,0.09435848891735077,0.9997025728225708,0.9999349117279053,0.45918211340904236,0.4732872545719147,-0.11378322541713715,0.9995645880699158,0.9998583793640137,0.35057681798934937,0.4212617874145508,0.13401800394058228,0.5242937803268433,0.9999573230743408,0.4881303012371063,0.42346301674842834,-0.20506125688552856,0.5958154797554016,0.9997726082801819,0.37939220666885376,0.3851820230484009,0.11433544009923935,0.4288065731525421,0.9996017813682556,0.48506444692611694,0.3815158009529114,-0.24213384091854095,0.46774056553840637,0.9993298053741455,0.3798348605632782,0.37729135155677795,0.10227471590042114,0.4216213524341583,0.9991483688354492,0.48350635170936584,0.3722153306007385,-0.29071757197380066,0.4645947515964508,0.9989128112792969,0.3902481496334076,0.3786955773830414,0.07120755314826965,0.4146033823490143,0.9991279244422913,0.4691976308822632,0.37413719296455383,-0.2854905426502228,0.45842444896698,0.9989996552467346,0.39158332347869873,0.3811292350292206,0.09915577620267868,0.4089374542236328,0.9993879795074463,0.4687698781490326,0.3788309693336487,-0.2433861792087555,0.444761723279953,0.9992103576660156,0.3695180118083954,0.6034024953842163,0.07428986579179764,0.9998334050178528,0.999983549118042,0.43626004457473755,0.6003025770187378,-0.07435835897922516,0.9996210932731628,0.9999804496765137,0.3321318030357361,0.6915884613990784,0.14997649192810059,0.934660792350769,0.9998911619186401,0.5334836840629578,0.6718938946723938,-0.018897393718361855,0.8969496488571167,0.9998633861541748,0.26559117436408997,0.7741103768348694,0.18096114695072174,0.944661021232605,0.9995635151863098,0.5818575620651245,0.7509014010429382,0.041245296597480774,0.8861488103866577,0.9995248317718506,0.2596066892147064,0.7892940640449524,0.18071763217449188,0.9433692693710327,0.9992627501487732,0.5734252333641052,0.7663291096687317,0.047655846923589706,0.904639482498169,0.9993457198143005,0.2614295184612274,0.784335196018219,0.09121997654438019,0.8865691423416138,0.9988498687744141,0.6238833069801331,0.7746247053146362,-0.009317196905612946,0.8236123323440552,0.9990472197532654
120,4080,True,0.4155893921852112,0.4520775377750397,0.16551156342029572,0.9763358235359192,0.9999932050704956,0.40685415267944336,0.4478845000267029,0.14260627329349518,0.9812358021736145,0.9999860525131226,0.40332984924316406,0.44795918464660645,0.1426382064819336,0.9806062579154968,0.9999866485595703,0.3991619944572449,0.4471040666103363,0.14258861541748047,0.9815473556518555,0.999984860420227,0.4232322573661804,0.4479692876338959,0.1270599216222763,0.9796226024627686,0.9999854564666748,0.4275279641151428,0.4480033814907074,0.126884326338768,0.9792018532752991,0.9999840259552002,0.4309685528278351,0.44797998666763306,0.12691663205623627,0.9784088134765625,0.9999817609786987,0.39547866582870483,0.4513844847679138,0.05926733464002609,0.9756438136100769,0.9999834299087524,0.4341130256652832,0.4526050090789795,-0.009816099889576435,0.9724194407463074,0.9999788999557495,0.4081621766090393,0.45860689878463745,0.14355558156967163,0.9700948596000671,0.9999786615371704,0.4236568510532379,0.4584222733974457,0.123174287378788,0.968840479850769,0.9999772310256958,0.364249587059021,0.4802486002445221,0.06093927100300789,0.9996482729911804,0.9999282360076904,0.4658442735671997,0.48192256689071655,-0.11639482527971268,0.9995681047439575,0.9998472929000854,0.35844337940216064,0.4278382658958435,0.07190630584955215,0.5643428564071655,0.9999523162841797,0.4884408414363861,0.4309270977973938,-0.2050982117652893,0.6334105730056763,0.9997087121009827,0.3818477690219879,0.3858591616153717,0.032700683921575546,0.48214462399482727,0.9993988275527954,0.48863157629966736,0.3842947483062744,-0.25635474920272827,0.5164158344268799,0.9989287257194519,0.3801550269126892,0.3770615756511688,0.01585095375776291,0.47562554478645325,0.998751163482666,0.4911588132381439,0.3742092251777649,-0.30756139755249023,0.5118541717529297,0.9983354210853577,0.39271026849746704,0.37794092297554016,-0.014068031683564186,0.4691235423088074,0.9986916184425354,0.47704392671585083,0.3748466670513153,-0.30058228969573975,0.5058943629264832,0.9984807372093201,0.3943345248699188,0.37979555130004883,0.017568815499544144,0.4635155498981476,0.9990848302841187,0.47510436177253723,0.3800634741783142,-0.2578963041305542,0.4918692111968994,0.9987815022468567,0.36986252665519714,0.6128408908843994,0.07196652889251709,0.9998424649238586,0.9999780654907227,0.4395550489425659,0.6099933385848999,-0.07196354866027832,0.9996482729911804,0.9999722242355347,0.3330492377281189,0.6979941129684448,0.1461365669965744,0.937468945980072,0.9998600482940674,0.5320581793785095,0.6906259059906006,-0.030474670231342316,0.9063848853111267,0.9998226761817932,0.2675888240337372,0.7751892805099487,0.17834919691085815,0.9490100145339966,0.9994691014289856,0.5717273950576782,0.7712002992630005,0.03630398213863373,0.8967025279998779,0.9993705153465271,0.2621529996395111,0.7891884446144104,0.17778421938419342,0.9478153586387634,0.9991306662559509,0.5638808608055115,0.7898386716842651,0.04329347237944603,0.9128554463386536,0.9991521835327148,0.2604835629463196,0.786763608455658,0.08367329835891724,0.8942620158195496,0.998647153377533,0.6065991520881653,0.787573516368866,-0.029166342690587044,0.8378083109855652,0.9988995790481567
121,4114,True,0.4175896644592285,0.4562777578830719,0.1259826272726059,0.9786947965621948,0.9999959468841553,0.40940994024276733,0.4509802460670471,0.097728431224823,0.9831011295318604,0.999991774559021,0.40627729892730713,0.4512448310852051,0.09776719659566879,0.9825330972671509,0.9999920129776001,0.40177586674690247,0.45126858353614807,0.09772957861423492,0.9833787679672241,0.9999910593032837,0.4258280396461487,0.45116615295410156,0.08724281191825867,0.9816518425941467,0.9999915361404419,0.43146395683288574,0.4514285922050476,0.08707863837480545,0.9812725782394409,0.999990701675415,0.43610164523124695,0.45210665464401245,0.08710948377847672,0.9805565476417542,0.9999896287918091,0.4011131823062897,0.4567577838897705,-0.00504758907482028,0.9780624508857727,0.9999903440475464,0.44204363226890564,0.45762237906455994,-0.05144147947430611,0.9751664400100708,0.999988317489624,0.41073277592658997,0.4628331661224365,0.09661684930324554,0.9730715155601501,0.9999899864196777,0.4279627799987793,0.46316438913345337,0.08297006040811539,0.9719393849372864,0.9999896287918091,0.3717031180858612,0.48786038160324097,-0.015809033066034317,0.9996375441551208,0.9999645948410034,0.47951409220695496,0.48928841948509216,-0.14517691731452942,0.9995834231376648,0.9999411106109619,0.36433282494544983,0.43640369176864624,-0.0014675298007205129,0.6052564978599548,0.9999730587005615,0.4926050901412964,0.4367579519748688,-0.21303868293762207,0.6678618788719177,0.9998879432678223,0.3830249309539795,0.38757315278053284,-0.044453948736190796,0.5325631499290466,0.9996989965438843,0.4876749813556671,0.3879159688949585,-0.2658482491970062,0.561790406703949,0.9995471835136414,0.37935760617256165,0.3779290020465851,-0.06868816912174225,0.5266765356063843,0.9993836879730225,0.49088427424430847,0.3779023289680481,-0.3195551037788391,0.5564041137695312,0.999220609664917,0.39053767919540405,0.37839415669441223,-0.10126197338104248,0.5207502245903015,0.9993178844451904,0.4757523536682129,0.37871310114860535,-0.31998637318611145,0.5507612228393555,0.9992682337760925,0.392598032951355,0.3802034258842468,-0.0607282891869545,0.5154085159301758,0.9995381832122803,0.4735044836997986,0.38205671310424805,-0.27141037583351135,0.5370164513587952,0.9994389414787292,0.3713186979293823,0.6224907040596008,0.06351449340581894,0.9998538494110107,0.9999904632568359,0.44257432222366333,0.6212020516395569,-0.06353389471769333,0.9996768832206726,0.9999885559082031,0.3341435194015503,0.7016226053237915,0.18074201047420502,0.9411374926567078,0.9998788833618164,0.5099558234214783,0.7034274935722351,0.024780061095952988,0.9148289561271667,0.9998761415481567,0.285083532333374,0.7724114656448364,0.28174617886543274,0.9529869556427002,0.9996874332427979,0.5486145615577698,0.7797809839248657,0.1544005274772644,0.9059868454933167,0.9996711015701294,0.2843766212463379,0.7826249599456787,0.2882328927516937,0.9520746469497681,0.9995567202568054,0.5464032292366028,0.7939267158508301,0.16653992235660553,0.9202012419700623,0.9995792508125305,0.2662566304206848,0.784541666507721,0.19753435254096985,0.9014845490455627,0.9993706345558167,0.5664952993392944,0.7967514991760254,0.08486934006214142,0.8502002954483032,0.9994895458221436
122,4148,True,0.43137678503990173,0.46149587631225586,0.13346372544765472,0.9808101058006287,0.9999904632568359,0.4245850145816803,0.4562091827392578,0.10452887415885925,0.984764814376831,0.9999796152114868,0.4217231869697571,0.45637398958206177,0.10460139065980911,0.9842515587806702,0.9999799728393555,0.4184870421886444,0.4563993811607361,0.10455239564180374,0.9850082397460938,0.999977707862854,0.44140657782554626,0.45666199922561646,0.09989859163761139,0.9834649562835693,0.9999798536300659,0.4482212960720062,0.4569995403289795,0.09977833181619644,0.9831222891807556,0.9999778270721436,0.45307841897010803,0.4570690095424652,0.09984072297811508,0.9824713468551636,0.999975323677063,0.4164853096008301,0.4624412953853607,-0.003862029407173395,0.9802152514457703,0.9999727010726929,0.458024799823761,0.46262162923812866,-0.02497841976583004,0.977618396282196,0.999969482421875,0.42685601115226746,0.46781691908836365,0.10170986503362656,0.9757340550422668,0.9999750852584839,0.4433417022228241,0.4682144224643707,0.09555748850107193,0.9747123122215271,0.9999758005142212,0.3874978721141815,0.4933672845363617,-0.04388958960771561,0.9996247291564941,0.9999284744262695,0.4940842390060425,0.49350491166114807,-0.10171008855104446,0.999588668346405,0.9999231100082397,0.3737906515598297,0.4403682351112366,-0.05847795680165291,0.6420938968658447,0.9999524354934692,0.4931949973106384,0.4408731460571289,-0.15308797359466553,0.6969512104988098,0.9999011754989624,0.3838679790496826,0.3925946056842804,-0.11551786214113235,0.5780120491981506,0.9996007084846497,0.4835759103298187,0.38679489493370056,-0.21985308825969696,0.6016585230827332,0.999589741230011,0.3784125745296478,0.38298723101615906,-0.14872464537620544,0.5727728605270386,0.9992859959602356,0.4851270318031311,0.377157986164093,-0.27411308884620667,0.5956975817680359,0.9992712140083313,0.39190661907196045,0.38243576884269714,-0.17721852660179138,0.5673363208770752,0.9991756081581116,0.466763436794281,0.37815022468566895,-0.28218838572502136,0.5903782844543457,0.9992901086807251,0.3940214514732361,0.38454490900039673,-0.13055458664894104,0.5622782111167908,0.9994220733642578,0.46386927366256714,0.3825218081474304,-0.22991248965263367,0.5771417617797852,0.9994707703590393,0.37541496753692627,0.62530118227005,0.04876868426799774,0.99986332654953,0.9999827146530151,0.44717368483543396,0.6253603100776672,-0.04855409637093544,0.9997027516365051,0.999983549118042,0.33685049414634705,0.6941479444503784,0.1520734429359436,0.9451380968093872,0.9997753500938416,0.49088621139526367,0.7046593427658081,0.02007884718477726,0.9221712350845337,0.999845027923584,0.3022335171699524,0.7610285878181458,0.2933620512485504,0.9564526081085205,0.9996077418327332,0.5198889970779419,0.7866765856742859,0.13743959367275238,0.914126455783844,0.9996596574783325,0.30352553725242615,0.7726994752883911,0.30452269315719604,0.9560683965682983,0.9995356798171997,0.5178112387657166,0.8006059527397156,0.14755286276340485,0.9264970421791077,0.9995731711387634,0.272280216217041,0.7796316146850586,0.2148701399564743,0.9077630639076233,0.9993972778320312,0.526983916759491,0.8023167848587036,0.058821406215429306,0.8608030080795288,0.9994483590126038
123,4182,True,0.445841521024704,0.4641731381416321,0.09229077398777008,0.982706606388092,0.9999819993972778,0.4412599802017212,0.4598900377750397,0.06182245537638664,0.9862483143806458,0.9999645948410034,0.4386965334415436,0.4600333571434021,0.06185973063111305,0.9857844114303589,0.9999651908874512,0.4360772967338562,0.45999425649642944,0.06178024783730507,0.986456573009491,0.9999624490737915,0.4563538432121277,0.46076950430870056,0.06031281128525734,0.9850836396217346,0.9999644756317139,0.4614170491695404,0.46114808320999146,0.06019961088895798,0.9847731590270996,0.9999604225158691,0.46766993403434753,0.4615055024623871,0.060267020016908646,0.9841746687889099,0.9999561309814453,0.43191778659820557,0.4661574363708496,-0.04619276896119118,0.9821357131004333,0.9999568462371826,0.46988439559936523,0.46730709075927734,-0.05454486608505249,0.9798061847686768,0.9999474287033081,0.43917638063430786,0.46988195180892944,0.06084496155381203,0.9781208038330078,0.9999661445617676,0.45505964756011963,0.4709164500236511,0.05863494426012039,0.9772006869316101,0.9999656677246094,0.3968823254108429,0.49491381645202637,-0.09104651212692261,0.999625027179718,0.9999312162399292,0.4986529052257538,0.49647945165634155,-0.11320211738348007,0.9995890259742737,0.9999008178710938,0.3828604817390442,0.44092315435409546,-0.0967889353632927,0.676252007484436,0.9999241828918457,0.49507319927215576,0.4406345784664154,-0.14169543981552124,0.7224211692810059,0.9998519420623779,0.3841645419597626,0.3943819999694824,-0.14357136189937592,0.6193528771400452,0.9994617104530334,0.48276177048683167,0.3872666358947754,-0.201983243227005,0.6372665166854858,0.9993728995323181,0.3791060447692871,0.3852955102920532,-0.17918993532657623,0.6146626472473145,0.9990326166152954,0.4846676290035248,0.3775120675563812,-0.2560843229293823,0.6308592557907104,0.9988971948623657,0.3918352723121643,0.3847576975822449,-0.20625953376293182,0.6096935272216797,0.9988483190536499,0.46641743183135986,0.3799861967563629,-0.26933005452156067,0.6258730888366699,0.9989179372787476,0.3936856687068939,0.3866177499294281,-0.15747438371181488,0.6049519777297974,0.9992126226425171,0.4633044898509979,0.3832547664642334,-0.21448306739330292,0.6132434010505676,0.9992009997367859,0.38335731625556946,0.6232815980911255,0.035255346447229385,0.9998710751533508,0.9999675750732422,0.447744756937027,0.6249946355819702,-0.03501405939459801,0.999724805355072,0.9999648332595825,0.3423495888710022,0.6841474175453186,0.18178458511829376,0.9489713907241821,0.9996719360351562,0.47518518567085266,0.6949781179428101,0.016243990510702133,0.928335428237915,0.999717652797699,0.31416183710098267,0.7483747601509094,0.3749614357948303,0.959516167640686,0.9993347525596619,0.4902810752391815,0.7785045504570007,0.15461225807666779,0.9208781719207764,0.9994882345199585,0.30887115001678467,0.7595256567001343,0.3918001055717468,0.9596811532974243,0.9992344379425049,0.48668771982192993,0.7913708090782166,0.16711151599884033,0.9315844178199768,0.9993564486503601,0.28500375151634216,0.7742855548858643,0.30387479066848755,0.9134788513183594,0.9990177154541016,0.49787724018096924,0.7941822409629822,0.07272044569253922,0.8695309162139893,0.9991656541824341
124,4216,True,0.4557230770587921,0.4622819423675537,0.04754180833697319,0.9844039678573608,0.9999769926071167,0.45249345898628235,0.45800453424453735,0.010935191065073013,0.9875760078430176,0.9999610185623169,0.44982004165649414,0.4580613076686859,0.010923861525952816,0.9871587753295898,0.9999617338180542,0.4470326602458954,0.45799970626831055,0.010810351930558681,0.9877496361732483,0.9999599456787109,0.4676205813884735,0.45894676446914673,0.020539410412311554,0.9865331649780273,0.9999617338180542,0.47199690341949463,0.4592997133731842,0.020425552502274513,0.9862525463104248,0.9999579191207886,0.47868236899375916,0.45983320474624634,0.02053721435368061,0.9856958389282227,0.9999549388885498,0.4415897727012634,0.4629274904727936,-0.1111334040760994,0.98387211561203,0.9999617338180542,0.4794691801071167,0.4649338126182556,-0.07016918063163757,0.9817724227905273,0.999955415725708,0.44677725434303284,0.46753668785095215,0.010299183428287506,0.9802577495574951,0.9999710321426392,0.4632996916770935,0.46850910782814026,0.022389400750398636,0.9794334769248962,0.9999716281890869,0.4046871066093445,0.4923396110534668,-0.1900283247232437,0.9996386170387268,0.9999614953994751,0.5038434863090515,0.49550724029541016,-0.08756241202354431,0.999596893787384,0.9999501705169678,0.3859885334968567,0.4389856457710266,-0.19957929849624634,0.7076317071914673,0.9999122619628906,0.4983151853084564,0.4392601549625397,-0.09239829331636429,0.7434822916984558,0.999883770942688,0.38470619916915894,0.39134031534194946,-0.20559772849082947,0.6567681431770325,0.9992706179618835,0.48446935415267944,0.386385053396225,-0.16047027707099915,0.6690585017204285,0.9992914199829102,0.37869012355804443,0.38363224267959595,-0.24585679173469543,0.6525722146034241,0.9987234473228455,0.4865918755531311,0.3771812617778778,-0.20750634372234344,0.6625494956970215,0.9986904263496399,0.3880337178707123,0.3828253149986267,-0.26398566365242004,0.6480226516723633,0.998399555683136,0.4684510827064514,0.3785807490348816,-0.22876712679862976,0.6578779816627502,0.9986652135848999,0.3932958245277405,0.38443523645401,-0.21459166705608368,0.6436188220977783,0.9988715052604675,0.4645406901836395,0.3813195824623108,-0.17695558071136475,0.6460989117622375,0.9990108013153076,0.3894879221916199,0.6198351979255676,-0.012991138733923435,0.9998800754547119,0.9999784231185913,0.4485076069831848,0.6239668726921082,0.013261038810014725,0.9997482895851135,0.9999772310256958,0.34464773535728455,0.6715436577796936,0.1597207635641098,0.9531351923942566,0.9996615648269653,0.4568729102611542,0.6872495412826538,0.1306048035621643,0.9325529932975769,0.9997524619102478,0.3495827615261078,0.7340227365493774,0.4118505120277405,0.9622439742088318,0.9995704293251038,0.46725916862487793,0.7615968585014343,0.3037387430667877,0.9255924820899963,0.9996209144592285,0.36185282468795776,0.7463358640670776,0.43729859590530396,0.9631372094154358,0.9995753169059753,0.46144166588783264,0.7722970843315125,0.31869691610336304,0.9356908202171326,0.9995518326759338,0.31346002221107483,0.7581226229667664,0.38486146926879883,0.9187356233596802,0.9994474053382874,0.44952672719955444,0.785014271736145,0.25253748893737793,0.8751223087310791,0.9993923902511597
125,4250,True,0.4560156464576721,0.45924243330955505,0.032798927277326584,0.9859218597412109,0.9999760389328003,0.45634302496910095,0.45591193437576294,-0.009174632839858532,0.9887723326683044,0.9999657869338989,0.4532312750816345,0.4560883939266205,-0.009205843321979046,0.9884001612663269,0.9999665021896362,0.45003488659858704,0.45614027976989746,-0.009309904649853706,0.9889166355133057,0.9999651908874512,0.4724796414375305,0.4565218985080719,0.008476117625832558,0.9878392219543457,0.9999669790267944,0.47708237171173096,0.45685750246047974,0.008380519226193428,0.9875901341438293,0.9999641180038452,0.48388350009918213,0.45739442110061646,0.008515407331287861,0.9870701432228088,0.999962568283081,0.4478563070297241,0.4624885022640228,-0.150716170668602,0.9854398965835571,0.9999656677246094,0.48501524329185486,0.46298471093177795,-0.07309630513191223,0.983552873134613,0.9999616146087646,0.44870737195014954,0.46536797285079956,-0.011236414313316345,0.9821604490280151,0.9999635219573975,0.4667409658432007,0.46604233980178833,0.011307149194180965,0.9814226031303406,0.9999654293060303,0.4116252064704895,0.49039211869239807,-0.2510627210140228,0.9996544718742371,0.9999737739562988,0.50943922996521,0.49194788932800293,-0.06749705970287323,0.9996099472045898,0.9999626874923706,0.3858943581581116,0.4397239089012146,-0.2468089908361435,0.736316978931427,0.999935507774353,0.5009215474128723,0.4359970986843109,-0.03906659781932831,0.7627811431884766,0.999901294708252,0.38370615243911743,0.391293466091156,-0.2296319603919983,0.6907464265823364,0.9992157220840454,0.4867097735404968,0.3846377730369568,-0.11236092448234558,0.6988459229469299,0.9993727803230286,0.3669673502445221,0.38221806287765503,-0.2733209729194641,0.6869900226593018,0.9986438155174255,0.49343061447143555,0.3755883276462555,-0.15451912581920624,0.6924193501472473,0.9988663196563721,0.38142526149749756,0.3817853629589081,-0.2900296151638031,0.6828579306602478,0.9982320666313171,0.4793739318847656,0.37697532773017883,-0.1765071600675583,0.688130259513855,0.9988151788711548,0.39005300402641296,0.3838716149330139,-0.23719088733196259,0.6788135170936584,0.998729407787323,0.4684974253177643,0.3802393972873688,-0.12816199660301208,0.6769777536392212,0.9991196990013123,0.39200741052627563,0.6158356666564941,-0.04543687403202057,0.9998879432678223,0.9999814033508301,0.45344144105911255,0.6198424696922302,0.0458112508058548,0.9997678399085999,0.9999760389328003,0.3454105257987976,0.6648644208908081,0.1821848750114441,0.9570275545120239,0.9995819926261902,0.4415885806083679,0.6768225431442261,0.3320506811141968,0.9283640384674072,0.9995693564414978,0.36390143632888794,0.7182162404060364,0.47345462441444397,0.9645313620567322,0.9996652603149414,0.4377608299255371,0.7377465963363647,0.5657352209091187,0.917254626750946,0.9995419979095459,0.3925754427909851,0.7225073575973511,0.5028755068778992,0.9663701057434082,0.9996896982192993,0.433902770280838,0.7480461597442627,0.5868850946426392,0.9325830340385437,0.999568521976471,0.3412959575653076,0.7502312660217285,0.48047178983688354,0.9233378171920776,0.9995935559272766,0.4353262186050415,0.7588884234428406,0.5743995904922485,0.8647879362106323,0.9995343685150146
126,4284,True,0.45899319648742676,0.4584771692752838,-0.0966339185833931,0.9873118996620178,0.9999538660049438,0.45944976806640625,0.4550850987434387,-0.145090714097023,0.9898759722709656,0.9999372959136963,0.4562194347381592,0.45590344071388245,-0.14525172114372253,0.989544153213501,0.9999362230300903,0.45315009355545044,0.4560302197933197,-0.14536505937576294,0.9900023341178894,0.999932050704956,0.4747128486633301,0.4555357098579407,-0.1097915843129158,0.9890361428260803,0.9999420642852783,0.47948136925697327,0.4557640552520752,-0.10994888097047806,0.9888144135475159,0.9999376535415649,0.4840953052043915,0.45584598183631897,-0.10984466224908829,0.9883384108543396,0.9999340772628784,0.4518485963344574,0.4612312316894531,-0.2936679720878601,0.9868813157081604,0.9999268054962158,0.48741862177848816,0.4613235592842102,-0.1353226602077484,0.9851799011230469,0.9999327659606934,0.4525796175003052,0.4648260474205017,-0.1411268711090088,0.9839044213294983,0.9999158382415771,0.46713438630104065,0.4648074507713318,-0.09509551525115967,0.9832507967948914,0.9999251365661621,0.41844606399536133,0.4899977147579193,-0.4131332337856293,0.9996808767318726,0.9999583959579468,0.5111343860626221,0.48940563201904297,-0.05816531553864479,0.9996282458305359,0.9999486207962036,0.3902094066143036,0.4382776618003845,-0.48088645935058594,0.7621884346008301,0.9999300241470337,0.49979209899902344,0.43373042345046997,0.015182113274931908,0.768181324005127,0.9999332427978516,0.38419821858406067,0.39273563027381897,-0.499899297952652,0.7211763262748718,0.9994134902954102,0.4892253875732422,0.38352149724960327,-0.12616974115371704,0.722748875617981,0.9995902180671692,0.3703041076660156,0.3823903799057007,-0.5706683397293091,0.7177349925041199,0.9988534450531006,0.4968622326850891,0.3746919333934784,-0.17002487182617188,0.7174007892608643,0.9991036057472229,0.3838304281234741,0.38121187686920166,-0.5689577460289001,0.7139418721199036,0.9986769556999207,0.4829874634742737,0.37615492939949036,-0.20507606863975525,0.7136201858520508,0.9990835189819336,0.3906283974647522,0.38453352451324463,-0.5007838010787964,0.7101357579231262,0.999057948589325,0.4751739501953125,0.3799135088920593,-0.14923858642578125,0.7029227614402771,0.9993442893028259,0.3979286253452301,0.611263632774353,-0.11157041043043137,0.9998967051506042,0.99997878074646,0.4525913596153259,0.6129704117774963,0.11203671246767044,0.9997876882553101,0.9999744892120361,0.3418545722961426,0.660542905330658,0.20967507362365723,0.9604325890541077,0.9991075396537781,0.4180947244167328,0.6683894395828247,0.5340703129768372,0.9017521739006042,0.9992603659629822,0.38635846972465515,0.7014729976654053,0.5960673689842224,0.9657545685768127,0.9989812970161438,0.4089173972606659,0.7170935869216919,0.852135956287384,0.8899142146110535,0.9990125894546509,0.409159392118454,0.700239896774292,0.6369358897209167,0.9687538743019104,0.9989702701568604,0.4048410654067993,0.7186801433563232,0.8819688558578491,0.918542206287384,0.9989117383956909,0.3598213195800781,0.7310909032821655,0.6249170303344727,0.927136242389679,0.9988584518432617,0.40478813648223877,0.7394140958786011,0.8823373317718506,0.8450222611427307,0.9989014863967896
127,4318,True,0.46076762676239014,0.45605072379112244,-0.19515450298786163,0.9885477423667908,0.9998944997787476,0.4644407629966736,0.45294398069381714,-0.24602752923965454,0.9908614158630371,0.9998595714569092,0.46221715211868286,0.453346312046051,-0.24620327353477478,0.9905641078948975,0.9998562335968018,0.4595705568790436,0.4541684687137604,-0.24629583954811096,0.9909710884094238,0.9998451471328735,0.47442343831062317,0.45289406180381775,-0.20152108371257782,0.9901007413864136,0.999876856803894,0.4809034466743469,0.4533349573612213,-0.2016926407814026,0.9899033904075623,0.9998704195022583,0.4844231903553009,0.453397661447525,-0.20160149037837982,0.9894692897796631,0.9998675584793091,0.45942628383636475,0.4593917429447174,-0.38713619112968445,0.9881662726402283,0.9998366832733154,0.4891689717769623,0.45915651321411133,-0.18511055409908295,0.9866335391998291,0.999876856803894,0.4522334635257721,0.4624919295310974,-0.23561552166938782,0.9854432940483093,0.9998058676719666,0.46608877182006836,0.4615081250667572,-0.17683106660842896,0.9848795533180237,0.999841570854187,0.43473124504089355,0.4877188205718994,-0.4972016513347626,0.999700129032135,0.9998973608016968,0.5103884935379028,0.48578891158103943,-0.059325315058231354,0.9996250867843628,0.999904990196228,0.39457473158836365,0.438898503780365,-0.5882641673088074,0.7850980758666992,0.9998779296875,0.49903661012649536,0.43204814195632935,0.03021722100675106,0.7586159110069275,0.9999229907989502,0.3832915127277374,0.3919183909893036,-0.608695387840271,0.7481420636177063,0.9992145299911499,0.4888680875301361,0.3828808665275574,-0.1377166211605072,0.7404924035072327,0.9996210336685181,0.36985185742378235,0.3816872537136078,-0.6896313428878784,0.7449446320533752,0.998489499092102,0.49577632546424866,0.37422695755958557,-0.17923831939697266,0.7368778586387634,0.9991216063499451,0.3842272162437439,0.3807321786880493,-0.6814777851104736,0.7413914799690247,0.998354971408844,0.48577168583869934,0.3737317621707916,-0.21833841502666473,0.7336869835853577,0.9991140961647034,0.3911648988723755,0.38425275683403015,-0.6070500016212463,0.7375800013542175,0.9988184571266174,0.47527772188186646,0.3793697953224182,-0.16262218356132507,0.7235925793647766,0.999372661113739,0.41259002685546875,0.6051568984985352,-0.14637182652950287,0.9999020099639893,0.9999524354934692,0.4541434049606323,0.6046331524848938,0.14684730768203735,0.9997988939285278,0.9999442100524902,0.34272393584251404,0.6561002135276794,0.2005840241909027,0.9629710912704468,0.9988585710525513,0.4225500226020813,0.6509476900100708,0.5888081192970276,0.8504980802536011,0.9989342093467712,0.38497936725616455,0.6973158121109009,0.5500895380973816,0.9664673209190369,0.9986224174499512,0.4017944633960724,0.6689735054969788,0.9329841732978821,0.8430622816085815,0.9986683130264282,0.4029908776283264,0.6984553337097168,0.5855168104171753,0.9705883860588074,0.9984049201011658,0.3960902690887451,0.6717449426651001,0.9655593633651733,0.8953768014907837,0.9986067414283752,0.33435654640197754,0.7174627780914307,0.5386988520622253,0.930181086063385,0.9983705878257751,0.3923453986644745,0.6783649325370789,0.9656205773353577,0.812792181968689,0.9987651109695435
128,4352,True,0.45645102858543396,0.45585304498672485,-0.24610307812690735,0.9896083474159241,0.9997079968452454,0.45923614501953125,0.4529607892036438,-0.2950538694858551,0.9916571378707886,0.9995399713516235,0.45747002959251404,0.4534781575202942,-0.2951328158378601,0.9914247989654541,0.9995168447494507,0.455450177192688,0.45402273535728455,-0.2951579988002777,0.9917508363723755,0.999487042427063,0.4691920280456543,0.45446905493736267,-0.24731194972991943,0.9909093976020813,0.9995878338813782,0.4752155840396881,0.45110902190208435,-0.24741555750370026,0.9907842874526978,0.9995618462562561,0.4786069691181183,0.4508081078529358,-0.24724754691123962,0.9903449416160583,0.9995508790016174,0.4571395814418793,0.45822420716285706,-0.4290052652359009,0.9892369508743286,0.9993637204170227,0.48500674962997437,0.45549124479293823,-0.210610494017601,0.9878116250038147,0.9994587302207947,0.45124486088752747,0.4629700183868408,-0.28465545177459717,0.9866064190864563,0.9992731213569641,0.4620892405509949,0.4616517126560211,-0.22101250290870667,0.9861815571784973,0.999377429485321,0.43956223130226135,0.48514360189437866,-0.522965133190155,0.999695360660553,0.9994533658027649,0.5220245718955994,0.4816374182701111,-0.0744280219078064,0.9995864629745483,0.999594509601593,0.3960212767124176,0.43980932235717773,-0.6650885939598083,0.8057451248168945,0.9998422861099243,0.49928712844848633,0.4305686354637146,0.015100023709237576,0.735049307346344,0.9998975992202759,0.38563618063926697,0.3920462727546692,-0.7015905380249023,0.7722667455673218,0.9994409680366516,0.4842377007007599,0.38240721821784973,-0.195990651845932,0.7481057047843933,0.9995238780975342,0.3700752556324005,0.3844720721244812,-0.782031774520874,0.7693507671356201,0.9989668130874634,0.49230101704597473,0.37394601106643677,-0.2307334840297699,0.7491047382354736,0.9989495873451233,0.3844297528266907,0.3823600709438324,-0.7738932967185974,0.7659870386123657,0.9987775683403015,0.4845042824745178,0.3736951947212219,-0.2745782732963562,0.7463216781616211,0.9988598823547363,0.391618549823761,0.38715219497680664,-0.6995335221290588,0.7620224952697754,0.9991577863693237,0.475563645362854,0.37862569093704224,-0.22232361137866974,0.7376316785812378,0.9992319345474243,0.4216890037059784,0.6036702990531921,-0.1572427898645401,0.9998862743377686,0.9997574687004089,0.45393261313438416,0.5971638560295105,0.1575765311717987,0.9997938275337219,0.9997777342796326,0.3363402187824249,0.6283317804336548,0.005880975630134344,0.9656667709350586,0.9967737793922424,0.4050306975841522,0.6102603673934937,0.44279640913009644,0.8026423454284668,0.9972055554389954,0.38123032450675964,0.6736231446266174,0.3455793261528015,0.9673245549201965,0.9981226325035095,0.4141394793987274,0.6499374508857727,0.7157434821128845,0.8000403642654419,0.9982234835624695,0.4024975299835205,0.6721593141555786,0.3849267363548279,0.9722259044647217,0.9982695579528809,0.4152194559574127,0.6521080732345581,0.7382338643074036,0.8654399514198303,0.9983314871788025,0.3491227626800537,0.7003835439682007,0.43905699253082275,0.9337077736854553,0.9982307553291321,0.4098801016807556,0.6696179509162903,0.7436209917068481,0.7800604104995728,0.9983590245246887
129,4386,True,0.4553740918636322,0.4561537206172943,-0.2951866388320923,0.9906235337257385,0.9999585151672363,0.4587284028530121,0.4528411030769348,-0.33980533480644226,0.9924537539482117,0.999923586845398,0.4575175344944,0.4535020887851715,-0.33990126848220825,0.9922562837600708,0.9999158382415771,0.4561634957790375,0.454066663980484,-0.33988937735557556,0.9925317764282227,0.9999057054519653,0.4666503071784973,0.452097088098526,-0.29358038306236267,0.9917645454406738,0.9999322891235352,0.4727253317832947,0.4505918025970459,-0.29372283816337585,0.9916725754737854,0.9999277591705322,0.4759965240955353,0.45010918378829956,-0.29359516501426697,0.9912582635879517,0.9999215602874756,0.460610032081604,0.45884546637535095,-0.4582054615020752,0.990270733833313,0.9998817443847656,0.4836932420730591,0.4544340670108795,-0.2454734444618225,0.9889782667160034,0.9999080896377563,0.4523653984069824,0.4624392092227936,-0.3274093270301819,0.9878373742103577,0.9998695850372314,0.4608553946018219,0.46065694093704224,-0.2654275596141815,0.9874975681304932,0.999894380569458,0.44226768612861633,0.48471274971961975,-0.5262165665626526,0.999709963798523,0.999789297580719,0.5172228217124939,0.4789651930332184,-0.10760580748319626,0.99958735704422,0.9998449087142944,0.39777377247810364,0.439858615398407,-0.6926180720329285,0.823874831199646,0.9999508857727051,0.4989722669124603,0.42929115891456604,-0.016865389421582222,0.707560122013092,0.9999560117721558,0.3878481686115265,0.3922705054283142,-0.766896665096283,0.7936112880706787,0.9998254179954529,0.48020225763320923,0.38537925481796265,-0.2389550507068634,0.7530519962310791,0.9998041987419128,0.3742070496082306,0.3838654160499573,-0.8596553206443787,0.7906201481819153,0.9996227025985718,0.48491063714027405,0.37600892782211304,-0.2711138129234314,0.7580935955047607,0.9995245933532715,0.3857584297657013,0.3829597532749176,-0.8431058526039124,0.7873581647872925,0.999632716178894,0.48388680815696716,0.3752964735031128,-0.31981536746025085,0.7559523582458496,0.9995368719100952,0.39182430505752563,0.3868095278739929,-0.7636461853981018,0.782634973526001,0.9997521042823792,0.47523045539855957,0.3801889419555664,-0.26609674096107483,0.7473105788230896,0.9996777772903442,0.42592647671699524,0.5919169187545776,-0.14584572613239288,0.9998822808265686,0.9998623132705688,0.45558956265449524,0.5831137895584106,0.14611980319023132,0.9997933506965637,0.9998692274093628,0.3355086147785187,0.6038500070571899,0.05379440635442734,0.9664596319198608,0.9991379976272583,0.41948720812797546,0.5683289170265198,0.4722423255443573,0.7477383017539978,0.9993429780006409,0.3574276268482208,0.6658506393432617,0.39108726382255554,0.9666903018951416,0.9991400241851807,0.41661903262138367,0.5925024747848511,0.8092055320739746,0.7596350908279419,0.9991725087165833,0.37042367458343506,0.6678494215011597,0.4259387254714966,0.9711987376213074,0.9989381432533264,0.41792136430740356,0.5959224104881287,0.8375940918922424,0.8320356607437134,0.9990108013153076,0.3249521553516388,0.6871927380561829,0.40824180841445923,0.9359705448150635,0.998863935470581,0.40887120366096497,0.5974114537239075,0.8342821598052979,0.7562873363494873,0.9989892840385437
130,4420,True,0.4541636109352112,0.45361223816871643,-0.44486549496650696,0.9915391802787781,0.9999761581420898,0.4574248790740967,0.4504862427711487,-0.5001412034034729,0.9931636452674866,0.9999489784240723,0.4564951956272125,0.451113224029541,-0.5003601312637329,0.9929988384246826,0.9999449253082275,0.45537394285202026,0.4516558051109314,-0.500461220741272,0.9932107329368591,0.9999446868896484,0.4666081368923187,0.44980961084365845,-0.46190038323402405,0.9925344586372375,0.9999434947967529,0.47134923934936523,0.44853734970092773,-0.4619646370410919,0.9924786686897278,0.9999370574951172,0.47612684965133667,0.44819188117980957,-0.46182289719581604,0.9920738339424133,0.9999293088912964,0.4604667127132416,0.45660144090652466,-0.6331874132156372,0.9912164807319641,0.9999148845672607,0.484183132648468,0.4526923596858978,-0.4604044258594513,0.990019679069519,0.9998990297317505,0.45213842391967773,0.45996198058128357,-0.4820975959300995,0.9890153408050537,0.9999351501464844,0.461566299200058,0.45855769515037537,-0.4315430521965027,0.9887241721153259,0.9999362230300903,0.43681395053863525,0.48434561491012573,-0.6152482032775879,0.9997172951698303,0.999834418296814,0.5173826813697815,0.4749036729335785,-0.3131749927997589,0.999592661857605,0.9998385906219482,0.40219929814338684,0.43932169675827026,-0.7228246927261353,0.8403081297874451,0.9999774694442749,0.500837504863739,0.42447876930236816,-0.21531973779201508,0.6828699111938477,0.9999641180038452,0.39025941491127014,0.3930256962776184,-0.8086041808128357,0.8126224875450134,0.9998937845230103,0.4869159758090973,0.3836359679698944,-0.39304661750793457,0.7555134892463684,0.9998332262039185,0.38268300890922546,0.38473302125930786,-0.9258067607879639,0.8083751201629639,0.9997816681861877,0.4912433624267578,0.3755618929862976,-0.44453009963035583,0.761236846446991,0.9997010231018066,0.394515722990036,0.38533899188041687,-0.9242872595787048,0.8051098585128784,0.999790608882904,0.4859504997730255,0.3749273121356964,-0.5034853219985962,0.7600204944610596,0.9996957778930664,0.3978951871395111,0.3878963589668274,-0.8171321153640747,0.7996068000793457,0.9998493194580078,0.4808768332004547,0.3791106343269348,-0.42421942949295044,0.7517015337944031,0.9997411370277405,0.42281535267829895,0.5763322114944458,-0.11653127521276474,0.9998852610588074,0.9998904466629028,0.4576647877693176,0.5601980686187744,0.11681805551052094,0.9998070597648621,0.999885082244873,0.3288484513759613,0.5791159868240356,-0.00959976390004158,0.9678704142570496,0.9996743202209473,0.44384628534317017,0.48775744438171387,0.3915882110595703,0.7141543030738831,0.9998703002929688,0.32619521021842957,0.5738059282302856,0.44866564869880676,0.9655876755714417,0.999915361404419,0.45444217324256897,0.41808733344078064,0.7123857140541077,0.7619411945343018,0.9998819828033447,0.3366219699382782,0.5644654631614685,0.49160224199295044,0.9700639247894287,0.9998959302902222,0.44874563813209534,0.4077673554420471,0.7347707152366638,0.8273752927780151,0.9998317956924438,0.3093818128108978,0.6034784317016602,0.40626126527786255,0.940165102481842,0.9998476505279541,0.46797409653663635,0.4031819701194763,0.6587570905685425,0.7715852856636047,0.9997474551200867
131,4454,True,0.4610750079154968,0.45073333382606506,-0.5093348026275635,0.9923733472824097,0.9999841451644897,0.4630609154701233,0.44883957505226135,-0.5635560154914856,0.9938191771507263,0.999958872795105,0.46156781911849976,0.44985371828079224,-0.5637807846069336,0.9936795234680176,0.9999542236328125,0.45994850993156433,0.4507969915866852,-0.5638687610626221,0.9938459396362305,0.9999511241912842,0.4759941101074219,0.44432252645492554,-0.533518373966217,0.9932479858398438,0.9999600648880005,0.4791964292526245,0.4435741901397705,-0.5336325764656067,0.9932140707969666,0.999957799911499,0.4820248782634735,0.44288381934165955,-0.533539354801178,0.9928328394889832,0.9999538660049438,0.4584568440914154,0.45513734221458435,-0.6849530339241028,0.9920698404312134,0.9999231100082397,0.49222999811172485,0.4501411020755768,-0.5490635633468628,0.9909841418266296,0.9999401569366455,0.4573460817337036,0.4592493176460266,-0.5405515432357788,0.9900903701782227,0.9999485015869141,0.4709523618221283,0.45432791113853455,-0.5005991458892822,0.9898371696472168,0.9999563694000244,0.43246620893478394,0.4840000569820404,-0.6347413659095764,0.9997133612632751,0.9996672868728638,0.5215697884559631,0.46886157989501953,-0.4083905816078186,0.9996074438095093,0.9998397827148438,0.40070822834968567,0.4386095404624939,-0.7305837273597717,0.8532754778862,0.999931812286377,0.5075169801712036,0.4212823510169983,-0.32867690920829773,0.6610167026519775,0.999924898147583,0.4034786522388458,0.3927842974662781,-0.8429588079452515,0.828296959400177,0.9998254179954529,0.4918626546859741,0.38326653838157654,-0.5058473944664001,0.7567113637924194,0.9997894167900085,0.38941866159439087,0.38284868001937866,-0.9626977443695068,0.822095513343811,0.9996715784072876,0.4963894784450531,0.3757052719593048,-0.5651851296424866,0.7625967860221863,0.9996324777603149,0.4097224473953247,0.3851841986179352,-0.9660174250602722,0.8186255097389221,0.9996997117996216,0.48975902795791626,0.3757644295692444,-0.6256301999092102,0.7621193528175354,0.9996398687362671,0.4110549986362457,0.3871355652809143,-0.8548937439918518,0.8116965293884277,0.9997809529304504,0.48378291726112366,0.37913304567337036,-0.5372545123100281,0.7542738914489746,0.999693751335144,0.420276015996933,0.5652154684066772,-0.10309329628944397,0.9998739957809448,0.9997209906578064,0.4645308554172516,0.5481285452842712,0.10371700674295425,0.9998135566711426,0.9997928738594055,0.31591522693634033,0.5406631827354431,0.03323473781347275,0.9682594537734985,0.9996285438537598,0.49465411901474,0.48080283403396606,0.3693462014198303,0.6889169812202454,0.9998674392700195,0.3026914596557617,0.5301414132118225,0.5048885941505432,0.9646160006523132,0.9999191761016846,0.5172206163406372,0.41528844833374023,0.7404223680496216,0.7675037384033203,0.9998937845230103,0.30922776460647583,0.5216530561447144,0.5467640161514282,0.9681411385536194,0.9998944997787476,0.5137876272201538,0.4047621190547943,0.7683456540107727,0.8250733017921448,0.9998455047607422,0.2881509065628052,0.549439013004303,0.4432828724384308,0.9433783292770386,0.9998424053192139,0.5402539372444153,0.40212589502334595,0.6415861248970032,0.7844253778457642,0.9997897744178772
132,4488,True,0.46344175934791565,0.44911807775497437,-0.4940374195575714,0.9930931329727173,0.9999380111694336,0.4631825387477875,0.44645220041275024,-0.5430768132209778,0.9943587779998779,0.9998654127120972,0.46073609590530396,0.44784674048423767,-0.5433844923973083,0.9942587614059448,0.9998487234115601,0.45840251445770264,0.4493032395839691,-0.5435090661048889,0.9943510890007019,0.9998296499252319,0.47603413462638855,0.4425102770328522,-0.5125027894973755,0.9938347935676575,0.9998846054077148,0.48200294375419617,0.4420100748538971,-0.5126768946647644,0.9938498139381409,0.999881386756897,0.48488104343414307,0.44130611419677734,-0.5126081109046936,0.9934696555137634,0.9998759031295776,0.4564755856990814,0.4527677893638611,-0.656356155872345,0.9927893877029419,0.9997877478599548,0.49273279309272766,0.4482152462005615,-0.5160186290740967,0.9918274283409119,0.9998812675476074,0.4566476047039032,0.4564511179924011,-0.5216649174690247,0.9909893274307251,0.9998596906661987,0.471725732088089,0.4516676068305969,-0.4806281626224518,0.9908081889152527,0.9999051094055176,0.4301990866661072,0.4796280264854431,-0.6376504898071289,0.9997151494026184,0.9996100068092346,0.5247406363487244,0.4655069410800934,-0.3941991925239563,0.999626874923706,0.9999234676361084,0.39974457025527954,0.43186378479003906,-0.7557051181793213,0.8654210567474365,0.9999405145645142,0.5131154656410217,0.4140760898590088,-0.3491179049015045,0.6656184196472168,0.999947190284729,0.40971797704696655,0.3864303529262543,-0.889363706111908,0.8428893089294434,0.9996873140335083,0.49157240986824036,0.383218914270401,-0.5772950649261475,0.7697925567626953,0.9997606873512268,0.39765506982803345,0.3769502341747284,-1.014536738395691,0.8359137177467346,0.9993281364440918,0.495900422334671,0.3749624788761139,-0.6446517109870911,0.7760814428329468,0.9994825124740601,0.41483163833618164,0.37929031252861023,-1.0107285976409912,0.8324505090713501,0.9994271993637085,0.4889654517173767,0.3752189576625824,-0.6985195875167847,0.7758466601371765,0.9995167255401611,0.41534867882728577,0.38119691610336304,-0.8990869522094727,0.8240578174591064,0.9995978474617004,0.48311594128608704,0.37760812044143677,-0.6074591279029846,0.767124593257904,0.9996315240859985,0.41950103640556335,0.5530145168304443,-0.09841711074113846,0.9998704791069031,0.999713122844696,0.46394339203834534,0.5394769906997681,0.09887893497943878,0.999812662601471,0.999761164188385,0.32184362411499023,0.5383980870246887,0.18005575239658356,0.9523365497589111,0.9990473389625549,0.4894595742225647,0.4739445149898529,0.5058565139770508,0.6286091804504395,0.9995394945144653,0.3149396777153015,0.5546578764915466,0.7133195400238037,0.9411261081695557,0.9994731545448303,0.4741540551185608,0.46001356840133667,0.9986110329627991,0.7103390693664551,0.9994638562202454,0.32237276434898376,0.5520390272140503,0.764686644077301,0.9478151798248291,0.9993823766708374,0.4650524854660034,0.4582003653049469,1.0426640510559082,0.769737958908081,0.9994156360626221,0.2961169481277466,0.5716202259063721,0.7132583856582642,0.9316584467887878,0.9992532134056091,0.4794614017009735,0.4551047384738922,0.9958098530769348,0.7481593489646912,0.9992651343345642
133,4522,True,0.4619515836238861,0.4356064200401306,-0.5595139861106873,0.9935851097106934,0.9997097849845886,0.4628879129886627,0.43534010648727417,-0.6050981283187866,0.9946714043617249,0.9993883371353149,0.45574596524238586,0.4384234547615051,-0.6054032444953918,0.9946128726005554,0.9993082284927368,0.4541729688644409,0.43925848603248596,-0.6054812669754028,0.9946162700653076,0.9991933703422546,0.47183385491371155,0.4332563281059265,-0.5735698938369751,0.9941162467002869,0.9995104074478149,0.4813443124294281,0.4337684214115143,-0.5737514495849609,0.9942338466644287,0.9995158910751343,0.4832407534122467,0.43342408537864685,-0.5736872553825378,0.9938722848892212,0.9995108842849731,0.45597922801971436,0.44501471519470215,-0.694591760635376,0.9930763244628906,0.999091386795044,0.4906129240989685,0.43856939673423767,-0.5495645403862,0.9924138188362122,0.9995825886726379,0.4564646780490875,0.4417709410190582,-0.5774322748184204,0.9914644360542297,0.99930739402771,0.47091642022132874,0.44044917821884155,-0.5349113345146179,0.9914828538894653,0.9995502829551697,0.42458775639533997,0.46597617864608765,-0.6764352917671204,0.9996711611747742,0.9981695413589478,0.5242878794670105,0.4550173878669739,-0.41575413942337036,0.9996168613433838,0.9996976852416992,0.39903518557548523,0.4312973618507385,-0.7851400375366211,0.8761618733406067,0.9995775818824768,0.5155335068702698,0.4128756523132324,-0.3974257707595825,0.6711358428001404,0.9997581839561462,0.40916404128074646,0.38024839758872986,-0.915995180606842,0.8551103472709656,0.9989424347877502,0.48881879448890686,0.38011160492897034,-0.6243508458137512,0.777930498123169,0.9994329810142517,0.39824026823043823,0.37165412306785583,-1.0361546277999878,0.8472074270248413,0.9980291724205017,0.4922438859939575,0.36758294701576233,-0.691214382648468,0.7837044596672058,0.9988734126091003,0.41242972016334534,0.3743447959423065,-1.0328789949417114,0.8438234925270081,0.9983408451080322,0.4884696900844574,0.3683902621269226,-0.7358079552650452,0.7835968732833862,0.9989737272262573,0.4134458005428314,0.37620049715042114,-0.9250773191452026,0.8332518339157104,0.9988009929656982,0.4808083772659302,0.373244047164917,-0.6504507660865784,0.7735193371772766,0.9992177486419678,0.4186658263206482,0.5416878461837769,-0.09783323854207993,0.9998131394386292,0.9989414811134338,0.4728498160839081,0.5297090411186218,0.09818405658006668,0.9997447729110718,0.9992347955703735,0.3366348147392273,0.5331193804740906,0.20111168920993805,0.9045140147209167,0.995797872543335,0.48205095529556274,0.48307695984840393,0.5094159245491028,0.5699512362480164,0.9976679682731628,0.3480183184146881,0.5474186539649963,0.6940377950668335,0.8848260045051575,0.9976790547370911,0.46170899271965027,0.48922690749168396,0.9918911457061768,0.6447997093200684,0.9979652166366577,0.3558333218097687,0.5463165044784546,0.7437494993209839,0.8948664665222168,0.9973549842834473,0.4555499255657196,0.48972997069358826,1.0386762619018555,0.7017524242401123,0.9980816841125488,0.3348343074321747,0.5533651113510132,0.7202355265617371,0.885289192199707,0.9973272085189819,0.4623318016529083,0.4890289306640625,1.0354691743850708,0.6857982277870178,0.9980803728103638
134,4556,False,,,,,,,,,,,,,,,,,,,,,,,,,,,,,,,,,,,,,,,,,,,,,,,,,,,,,,,,,,,,,,,,,,,,,,,,,,,,,,,,,,,,,,,,,,,,,,,,,,,,,,,,,,,,,,,,,,,,,,,,,,,,,,,,,,,,,,,,,,,,,,,,,,,,,,,,,,,,,,,,,,,,,
135,4590,False,,,,,,,,,,,,,,,,,,,,,,,,,,,,,,,,,,,,,,,,,,,,,,,,,,,,,,,,,,,,,,,,,,,,,,,,,,,,,,,,,,,,,,,,,,,,,,,,,,,,,,,,,,,,,,,,,,,,,,,,,,,,,,,,,,,,,,,,,,,,,,,,,,,,,,,,,,,,,,,,,,,,,
136,4624,False,,,,,,,,,,,,,,,,,,,,,,,,,,,,,,,,,,,,,,,,,,,,,,,,,,,,,,,,,,,,,,,,,,,,,,,,,,,,,,,,,,,,,,,,,,,,,,,,,,,,,,,,,,,,,,,,,,,,,,,,,,,,,,,,,,,,,,,,,,,,,,,,,,,,,,,,,,,,,,,,,,,,,
137,4658,True,0.46981537342071533,0.4228951334953308,-0.6014741659164429,0.9941658973693848,0.9998132586479187,0.4617133140563965,0.4277675747871399,-0.6333050727844238,0.9951069951057434,0.9995476603507996,0.45682674646377563,0.42804089188575745,-0.6335727572441101,0.9950552582740784,0.9994840621948242,0.45390909910202026,0.4282405376434326,-0.6336882710456848,0.9950466752052307,0.9993923902511597,0.4727802574634552,0.42727193236351013,-0.6326147317886353,0.9945918917655945,0.9995643496513367,0.4781935513019562,0.42721423506736755,-0.6327468156814575,0.9946959614753723,0.9995315074920654,0.48250657320022583,0.4272957742214203,-0.6326737999916077,0.9943832159042358,0.9995023012161255,0.43479689955711365,0.4422318935394287,-0.6324887871742249,0.9935827851295471,0.999245285987854,0.4926496148109436,0.43392205238342285,-0.6276557445526123,0.9930477142333984,0.9995248317718506,0.45588332414627075,0.4290918707847595,-0.5822857022285461,0.992236852645874,0.9997344613075256,0.4717525839805603,0.4252643585205078,-0.5806035995483398,0.9922568202018738,0.9997522234916687,0.3824380338191986,0.45389676094055176,-0.5185760259628296,0.9996522665023804,0.9993917942047119,0.5171995759010315,0.4472559094429016,-0.516545832157135,0.9996072053909302,0.999685525894165,0.33994361758232117,0.41963887214660645,-0.5439688563346863,0.8867786526679993,0.9994596838951111,0.5495482683181763,0.41165152192115784,-0.4893031716346741,0.6958558559417725,0.9994823932647705,0.36434605717658997,0.3760840892791748,-0.6942498683929443,0.86577969789505,0.9987173080444336,0.5191745758056641,0.37386226654052734,-0.6473748683929443,0.7912512421607971,0.9987905621528625,0.3684706389904022,0.3687278628349304,-0.7851781249046326,0.8564409613609314,0.9970197081565857,0.5180253386497498,0.3675796389579773,-0.7330811619758606,0.7953734397888184,0.9976406097412109,0.37906891107559204,0.3698091506958008,-0.8012677431106567,0.8528485894203186,0.9979250431060791,0.5085694193840027,0.3686980605125427,-0.7636860609054565,0.7952094674110413,0.9980769157409668,0.37804049253463745,0.3716718554496765,-0.7079769968986511,0.8408556580543518,0.9985684156417847,0.5084732174873352,0.372158944606781,-0.6664608120918274,0.7834048867225647,0.9986193180084229,0.40252965688705444,0.5036196708679199,-0.0065966034308075905,0.9997746348381042,0.9996814727783203,0.472913533449173,0.4962461590766907,0.00671717943623662,0.9997320175170898,0.9997519850730896,0.376695454120636,0.4615429937839508,0.3517341911792755,0.8317533135414124,0.9990612864494324,0.47195693850517273,0.4687133729457855,0.34142664074897766,0.5200914740562439,0.9989932179450989,0.38624465465545654,0.47468966245651245,0.8143680095672607,0.8279597163200378,0.9993853569030762,0.4363957345485687,0.4768892228603363,0.8463131189346313,0.5910439491271973,0.9994242191314697,0.38810238242149353,0.47914308309555054,0.862456202507019,0.8334128856658936,0.9992852807044983,0.42882686853408813,0.4801999032497406,0.898683488368988,0.6436170339584351,0.999426007270813,0.38961246609687805,0.4646020829677582,0.8098341822624207,0.8431042432785034,0.9991486072540283,0.4385130703449249,0.4677571654319763,0.8468695878982544,0.6380918622016907,0.9992558360099792
138,4692,True,0.4478001594543457,0.4221107065677643,-0.601472795009613,0.9947412014007568,0.9999759197235107,0.4436480700969696,0.4258696138858795,-0.6329100131988525,0.9955868124961853,0.99993896484375,0.4389857053756714,0.42612725496292114,-0.6331626772880554,0.99554044008255,0.999934196472168,0.4355766177177429,0.42633238434791565,-0.6332648992538452,0.995532751083374,0.9999247789382935,0.45625337958335876,0.42527633905410767,-0.630814254283905,0.995121419429779,0.9999302625656128,0.46075278520584106,0.4252532422542572,-0.6308963298797607,0.9952148199081421,0.9999198913574219,0.4666171967983246,0.42518672347068787,-0.6307940483093262,0.9949342608451843,0.9999094009399414,0.4249916076660156,0.43413352966308594,-0.6308318376541138,0.9942072629928589,0.9999051094055176,0.4753704369068146,0.4316566586494446,-0.6160581111907959,0.9937278032302856,0.9998893737792969,0.43938979506492615,0.42790430784225464,-0.5823534727096558,0.9930019974708557,0.99994957447052,0.45595067739486694,0.4255048632621765,-0.5798331499099731,0.9930191040039062,0.999940037727356,0.3794595003128052,0.450350284576416,-0.5166822075843811,0.9996658563613892,0.9997528195381165,0.509084165096283,0.447310209274292,-0.492483526468277,0.9996089339256287,0.9997772574424744,0.3399014472961426,0.4189707338809967,-0.5171736478805542,0.897674024105072,0.9995936751365662,0.5450741052627563,0.41750359535217285,-0.44196417927742004,0.724314272403717,0.9993982315063477,0.36272841691970825,0.37495893239974976,-0.6441490650177002,0.8779051303863525,0.9995490908622742,0.5331802368164062,0.37405699491500854,-0.5712620615959167,0.8084437251091003,0.9993280172348022,0.3637582063674927,0.36655282974243164,-0.7340859174728394,0.8681118488311768,0.999060332775116,0.538703978061676,0.36748018860816956,-0.651915431022644,0.8104212880134583,0.9988123178482056,0.3761693835258484,0.3677418828010559,-0.7485631108283997,0.8646258115768433,0.9993168115615845,0.5276522636413574,0.36785465478897095,-0.678975522518158,0.8101349472999573,0.9990314245223999,0.3769039511680603,0.3701413571834564,-0.6570032238960266,0.8528450727462769,0.9995276927947998,0.5224209427833557,0.37060582637786865,-0.5882207751274109,0.7980166077613831,0.9992984533309937,0.40057504177093506,0.5015270709991455,-0.009366095066070557,0.9996745586395264,0.9994292855262756,0.470375657081604,0.49124032258987427,0.009521976113319397,0.999639093875885,0.9994402527809143,0.37493452429771423,0.4615435004234314,0.35296255350112915,0.7662027478218079,0.9991476535797119,0.46798020601272583,0.45660465955734253,0.3734109103679657,0.47545045614242554,0.9991875290870667,0.3772609233856201,0.45418477058410645,0.8350374102592468,0.7692534923553467,0.9995049238204956,0.43572959303855896,0.4456484913825989,0.8679120540618896,0.542177677154541,0.9994953870773315,0.37598004937171936,0.4545808434486389,0.8853263258934021,0.7711154818534851,0.9994412064552307,0.42787131667137146,0.4463369846343994,0.9188981652259827,0.588199257850647,0.9995265007019043,0.3834122121334076,0.4398999810218811,0.8302620053291321,0.8028926849365234,0.9990841150283813,0.4386436343193054,0.4319401681423187,0.8675671815872192,0.5987674593925476,0.9991521835327148
139,4726,True,0.435263067483902,0.42251139879226685,-0.5666375756263733,0.9952462911605835,0.9999275207519531,0.43210068345069885,0.4243932366371155,-0.5959199070930481,0.9960089921951294,0.9998175501823425,0.4275788962841034,0.42427629232406616,-0.5961408615112305,0.9959642887115479,0.9998015761375427,0.4244038462638855,0.4241666793823242,-0.5962488651275635,0.9959611892700195,0.9997722506523132,0.4440245032310486,0.4245269298553467,-0.5985519886016846,0.9955877065658569,0.9997972846031189,0.44796642661094666,0.42465534806251526,-0.5985692143440247,0.9956640005111694,0.9997671246528625,0.45452553033828735,0.4246581494808197,-0.5984662175178528,0.9954176545143127,0.999735414981842,0.4155620038509369,0.42829766869544983,-0.5951955318450928,0.9947522878646851,0.9997100234031677,0.4631900489330292,0.43175840377807617,-0.6047297716140747,0.9943200349807739,0.9996893405914307,0.429918497800827,0.4270783066749573,-0.5491687059402466,0.9936822056770325,0.9998455047607422,0.4441693127155304,0.4257662892341614,-0.5524452924728394,0.9936909675598145,0.9998005032539368,0.37019962072372437,0.44589710235595703,-0.48383912444114685,0.9996452927589417,0.9993901252746582,0.501890242099762,0.4493539333343506,-0.495743066072464,0.9995632171630859,0.9993247985839844,0.33644554018974304,0.4179512560367584,-0.47747233510017395,0.9068755507469177,0.9977407455444336,0.5453016757965088,0.4236482083797455,-0.4591338336467743,0.7506065964698792,0.9979752898216248,0.3582625985145569,0.3749651312828064,-0.6027540564537048,0.8863070607185364,0.998673677444458,0.540448009967804,0.37869223952293396,-0.5923757553100586,0.823482871055603,0.9980118274688721,0.3568982779979706,0.36664602160453796,-0.6830213069915771,0.8739190697669983,0.9979966282844543,0.545354425907135,0.3695470094680786,-0.6768587827682495,0.822188138961792,0.9971651434898376,0.37016770243644714,0.3679041862487793,-0.7016535997390747,0.8701872229576111,0.9983838796615601,0.535085916519165,0.368808388710022,-0.6959654688835144,0.8215256333351135,0.9976436495780945,0.37219366431236267,0.3703649640083313,-0.6168389320373535,0.858134388923645,0.9987069368362427,0.5321142673492432,0.37202340364456177,-0.6071345210075378,0.8081143498420715,0.9981279969215393,0.39999139308929443,0.4936355948448181,0.003967502154409885,0.9994699954986572,0.9984157085418701,0.4671422839164734,0.4911526143550873,-0.0037874672561883926,0.9994790554046631,0.9985412359237671,0.3914290964603424,0.44978103041648865,0.3291044235229492,0.6988550424575806,0.9982490539550781,0.4768249988555908,0.4481421113014221,0.2999681234359741,0.4344772398471832,0.9984291195869446,0.4120224118232727,0.4247618615627289,0.7758944034576416,0.7037307024002075,0.9990010857582092,0.466145396232605,0.4271363317966461,0.7483726739883423,0.49672576785087585,0.9992019534111023,0.4151773154735565,0.4236660599708557,0.8231478333473206,0.7050004601478577,0.9988837838172913,0.4617418646812439,0.42653903365135193,0.7948987483978271,0.536801278591156,0.9992327690124512,0.41939985752105713,0.4074791371822357,0.7650861144065857,0.7513625621795654,0.9982163310050964,0.47437337040901184,0.41154545545578003,0.7374038100242615,0.5623862743377686,0.9987214207649231
140,4760,True,0.42888402938842773,0.4223807752132416,-0.6416167616844177,0.9957001209259033,0.999923586845398,0.4252033233642578,0.4243509769439697,-0.6678903102874756,0.9963899254798889,0.9998286962509155,0.41957786679267883,0.42403221130371094,-0.6680946946144104,0.9963449239730835,0.9998142123222351,0.41621696949005127,0.4237061142921448,-0.6682391166687012,0.9963481426239014,0.9997832179069519,0.43851351737976074,0.42462363839149475,-0.6708750128746033,0.9960099458694458,0.9998123049736023,0.44435277581214905,0.42473119497299194,-0.6708859205245972,0.9960691928863525,0.9997856020927429,0.44905751943588257,0.42474856972694397,-0.6707818508148193,0.9958556294441223,0.9997572302818298,0.4069499969482422,0.4278959333896637,-0.6439412236213684,0.9952455759048462,0.9997768998146057,0.45590177178382874,0.4318653643131256,-0.6569684743881226,0.9948573112487793,0.9997662901878357,0.42292243242263794,0.42663517594337463,-0.6144819855690002,0.994292676448822,0.9998534917831421,0.43806517124176025,0.4261057376861572,-0.6180460453033447,0.9942916035652161,0.9998013377189636,0.3616054952144623,0.44414710998535156,-0.5099999904632568,0.9996340274810791,0.9996752738952637,0.4991452395915985,0.4505850672721863,-0.5368533730506897,0.9995149374008179,0.999620795249939,0.3312546908855438,0.4152719974517822,-0.4942408800125122,0.9155864119529724,0.9973860383033752,0.5454472303390503,0.42529812455177307,-0.5260827541351318,0.7745808959007263,0.9973579049110413,0.3564750552177429,0.37503373622894287,-0.6347168684005737,0.89326012134552,0.9980150461196899,0.5392096638679504,0.38259536027908325,-0.6442407965660095,0.8338971138000488,0.9970470070838928,0.35584670305252075,0.3667341470718384,-0.7169409990310669,0.8776137232780457,0.9971643090248108,0.5445378422737122,0.3727715015411377,-0.7322379350662231,0.827243447303772,0.9960818886756897,0.36902275681495667,0.36836233735084534,-0.7359641194343567,0.8732636570930481,0.9977184534072876,0.5357900261878967,0.37106555700302124,-0.7438255548477173,0.8255335688591003,0.9967707395553589,0.37121087312698364,0.3719547390937805,-0.6486764550209045,0.8610117435455322,0.9981339573860168,0.5314823389053345,0.37365806102752686,-0.6568132042884827,0.8109833598136902,0.9973921775817871,0.3958325684070587,0.488781601190567,0.007396158296614885,0.9993871450424194,0.9993207454681396,0.46301981806755066,0.489400714635849,-0.007251510862261057,0.9993875026702881,0.9993426203727722,0.3889623284339905,0.4459408223628998,0.3343815803527832,0.6382114887237549,0.9987356066703796,0.4764157235622406,0.4421117305755615,0.3078339397907257,0.3960544764995575,0.9988183379173279,0.40569445490837097,0.4328649938106537,0.7882553339004517,0.6425655484199524,0.9988918900489807,0.4619655907154083,0.42763906717300415,0.7716483473777771,0.4523681402206421,0.9992161989212036,0.4089140295982361,0.43424567580223083,0.8366797566413879,0.6428742408752441,0.9987612962722778,0.458016574382782,0.42861929535865784,0.8212242722511292,0.4877622723579407,0.9993060827255249,0.4107905924320221,0.41469550132751465,0.7817356586456299,0.7014495730400085,0.9979392886161804,0.46816807985305786,0.41014862060546875,0.7723914384841919,0.5231735706329346,0.9987397789955139
141,4794,True,0.4187186062335968,0.4225007891654968,-0.5818766951560974,0.9961104393005371,0.9999399185180664,0.4138678312301636,0.4238821566104889,-0.6060431003570557,0.9967330098152161,0.9998636245727539,0.41039255261421204,0.4235905706882477,-0.6062106490135193,0.9966880679130554,0.9998519420623779,0.4061013162136078,0.42324042320251465,-0.6063299179077148,0.9966963529586792,0.9998260140419006,0.4280276894569397,0.4245215952396393,-0.6105242967605591,0.9963913559913635,0.9998517036437988,0.4327971041202545,0.42471352219581604,-0.6105142831802368,0.9964367747306824,0.9998281002044678,0.43703269958496094,0.4250600337982178,-0.6104183197021484,0.9962499737739563,0.9998006224632263,0.3975204825401306,0.4280758500099182,-0.5883996486663818,0.9956914186477661,0.9998059868812561,0.4447835385799408,0.43226510286331177,-0.6070907711982727,0.9953411817550659,0.9997900128364563,0.41162601113319397,0.42591166496276855,-0.5580322742462158,0.9948433637619019,0.9998834133148193,0.4274180829524994,0.42712217569351196,-0.5638585090637207,0.9948326945304871,0.9998421669006348,0.3531416356563568,0.4442411959171295,-0.4730987846851349,0.9996178150177002,0.9996010661125183,0.4865509569644928,0.4527062773704529,-0.49917373061180115,0.999466061592102,0.9994627833366394,0.33039724826812744,0.41546231508255005,-0.46195098757743835,0.9229061603546143,0.9972782731056213,0.5390600562095642,0.42780575156211853,-0.5038613677024841,0.795979380607605,0.9972879886627197,0.3555162847042084,0.3755725920200348,-0.571774423122406,0.8994072079658508,0.9982767105102539,0.5383906960487366,0.38513463735580444,-0.5987955927848816,0.8455719947814941,0.9973153471946716,0.35530713200569153,0.3671911358833313,-0.641238272190094,0.8816669583320618,0.9974875450134277,0.5441341996192932,0.37618279457092285,-0.6798365712165833,0.8360605835914612,0.9963381290435791,0.3672240376472473,0.3687926232814789,-0.6612247228622437,0.8770971298217773,0.9979802966117859,0.5346026420593262,0.3735484778881073,-0.6899325847625732,0.8339430093765259,0.9970428347587585,0.3688826262950897,0.3727307617664337,-0.5847060084342957,0.8646886348724365,0.9983487129211426,0.5305284857749939,0.37696319818496704,-0.6099758744239807,0.8181553483009338,0.9976195693016052,0.3890133798122406,0.48836416006088257,0.009025661274790764,0.9992664456367493,0.9986699819564819,0.45379185676574707,0.4899163246154785,-0.00888929795473814,0.9992663860321045,0.9987066984176636,0.3819504678249359,0.444661945104599,0.326854944229126,0.5845271348953247,0.9985522627830505,0.4638131558895111,0.4399360716342926,0.29492148756980896,0.3621733784675598,0.9985793828964233,0.4050719738006592,0.43698596954345703,0.7564101219177246,0.5879078507423401,0.9985527396202087,0.45784297585487366,0.43022584915161133,0.7255306839942932,0.4141608774662018,0.9989689588546753,0.40615805983543396,0.43900981545448303,0.8034824728965759,0.5876165628433228,0.998279333114624,0.45283761620521545,0.4321761131286621,0.7714150547981262,0.4451926648616791,0.9990108013153076,0.40508681535720825,0.4206348955631256,0.7606759071350098,0.6557022333145142,0.9974803328514099,0.4636065661907196,0.41348129510879517,0.7292816042900085,0.489961713552475,0.9983589053153992
142,4828,True,0.40899890661239624,0.42277827858924866,-0.5290061235427856,0.9964763522148132,0.999954342842102,0.4032904803752899,0.4238150715827942,-0.5549174547195435,0.9970399737358093,0.9998985528945923,0.3988042175769806,0.42360949516296387,-0.5550640821456909,0.9969954490661621,0.999887228012085,0.3954761028289795,0.4233769476413727,-0.5551551580429077,0.9970078468322754,0.9998656511306763,0.4160172641277313,0.42477473616600037,-0.558759331703186,0.9967332482337952,0.9998960494995117,0.4219715893268585,0.4252193868160248,-0.558770477771759,0.996766209602356,0.9998823404312134,0.4262566864490509,0.4255750775337219,-0.5586965084075928,0.9966031908988953,0.9998643398284912,0.3881804049015045,0.42943453788757324,-0.5502210259437561,0.9960879683494568,0.999840497970581,0.43447574973106384,0.4339761734008789,-0.5672548413276672,0.9957736730575562,0.9998531341552734,0.40109983086586,0.4264267385005951,-0.5114763975143433,0.9953327178955078,0.9998975992202759,0.41597795486450195,0.42796510457992554,-0.5164878964424133,0.9953134059906006,0.9998700618743896,0.3452025353908539,0.44458484649658203,-0.44294801354408264,0.9995908737182617,0.9993875026702881,0.4762043058872223,0.4548945426940918,-0.4614327847957611,0.9993982315063477,0.999408483505249,0.32278966903686523,0.4163438677787781,-0.4152386486530304,0.9283580780029297,0.9962930083274841,0.5298557877540588,0.4310488700866699,-0.4404885172843933,0.8145710825920105,0.9974013566970825,0.3543878495693207,0.3768148422241211,-0.4873964190483093,0.9007478356361389,0.9975427389144897,0.5370202660560608,0.3861255645751953,-0.5126402974128723,0.853409469127655,0.9971224665641785,0.3538600504398346,0.36789393424987793,-0.548166811466217,0.8792524337768555,0.9966656565666199,0.544139564037323,0.37723100185394287,-0.5849472880363464,0.8396663665771484,0.996037483215332,0.3639843463897705,0.3689669370651245,-0.5705034732818604,0.8741059899330139,0.9971116781234741,0.5338984727859497,0.3748355805873871,-0.5942031145095825,0.8370237946510315,0.9967142343521118,0.3674409091472626,0.3731095790863037,-0.5006011724472046,0.8617544174194336,0.9975951313972473,0.5292598605155945,0.3775632977485657,-0.5229309797286987,0.8203093409538269,0.9973191618919373,0.38428574800491333,0.4895108640193939,0.008267668075859547,0.9991343021392822,0.9983363747596741,0.44967493414878845,0.49016276001930237,-0.008115019649267197,0.9991681575775146,0.9987146854400635,0.37272754311561584,0.4428984522819519,0.2899712026119232,0.5372044444084167,0.9988686442375183,0.45456352829933167,0.4373151361942291,0.26132509112358093,0.33172398805618286,0.9990453124046326,0.39767688512802124,0.4320754408836365,0.67978835105896,0.5421181917190552,0.9990733861923218,0.4570228159427643,0.4257710874080658,0.6547598838806152,0.3819999396800995,0.9993374943733215,0.4047447741031647,0.43304839730262756,0.7221171855926514,0.5402030348777771,0.9988366961479187,0.45069125294685364,0.4270315170288086,0.6958169937133789,0.4087072014808655,0.9993391633033752,0.3906089663505554,0.4157945513725281,0.6679695248603821,0.6206585764884949,0.9981809854507446,0.4554360806941986,0.40883463621139526,0.6440154910087585,0.4644958972930908,0.9988173842430115
143,4862,True,0.412200391292572,0.4269234240055084,-0.5524376034736633,0.9968106746673584,0.9999649524688721,0.4080379903316498,0.4292442798614502,-0.5840620398521423,0.9973196983337402,0.9999160766601562,0.40345633029937744,0.4284636080265045,-0.5842869877815247,0.9972764849662781,0.9999067783355713,0.3990704119205475,0.42856574058532715,-0.5844007730484009,0.9972917437553406,0.9998902082443237,0.42064154148101807,0.42975035309791565,-0.5859988927841187,0.9970443248748779,0.9999086856842041,0.42492184042930603,0.4301733374595642,-0.5860614776611328,0.9970674514770508,0.9998917579650879,0.4299396574497223,0.4304813742637634,-0.5859857797622681,0.9969244003295898,0.9998700618743896,0.3880714774131775,0.43452319502830505,-0.5764342546463013,0.9964504837989807,0.9998654127120972,0.4355931282043457,0.43933695554733276,-0.5865851640701294,0.9961684346199036,0.9998422861099243,0.4078417420387268,0.42972126603126526,-0.5353817343711853,0.9957793951034546,0.9999275207519531,0.4218718707561493,0.4311371445655823,-0.5368947386741638,0.9957548379898071,0.9999027252197266,0.34881511330604553,0.4482121467590332,-0.4612025022506714,0.999588131904602,0.9996993541717529,0.47575828433036804,0.4563136696815491,-0.4696912169456482,0.9993654489517212,0.9994874000549316,0.32083719968795776,0.41912978887557983,-0.4317529797554016,0.9345396757125854,0.9986269474029541,0.5193899273872375,0.4305598735809326,-0.4429933428764343,0.8317996263504028,0.9981589913368225,0.35032519698143005,0.3798372447490692,-0.506240963935852,0.9074730277061462,0.9989864230155945,0.5337689518928528,0.38680562376976013,-0.5192079544067383,0.8637244701385498,0.9984411597251892,0.35143670439720154,0.37077003717422485,-0.5675580501556396,0.8856680989265442,0.9983534812927246,0.5436312556266785,0.377508282661438,-0.5895384550094604,0.8480727076530457,0.9977549910545349,0.3614812195301056,0.3711013197898865,-0.5900816321372986,0.8805562257766724,0.9986108541488647,0.5328652262687683,0.3752027153968811,-0.6018540859222412,0.8452653884887695,0.998177170753479,0.3631976544857025,0.37519145011901855,-0.5192415714263916,0.8687630295753479,0.9989283680915833,0.5281757116317749,0.37775570154190063,-0.5300606489181519,0.828501284122467,0.9985415935516357,0.38570436835289,0.4904770851135254,0.007452209014445543,0.999088704586029,0.9992326498031616,0.4482821524143219,0.490342915058136,-0.007287604734301567,0.9991258382797241,0.9991135001182556,0.37135326862335205,0.44143885374069214,0.2504352629184723,0.49739909172058105,0.9991620779037476,0.451460599899292,0.43866458535194397,0.2373560518026352,0.3054620325565338,0.9990748167037964,0.3922988474369049,0.42689386010169983,0.6257522702217102,0.5028048157691956,0.9992006421089172,0.4498049020767212,0.42447957396507263,0.6104345321655273,0.35481223464012146,0.9993036985397339,0.3996712863445282,0.42753180861473083,0.6664186120033264,0.49757665395736694,0.9990050196647644,0.4484436511993408,0.42515620589256287,0.6489015221595764,0.375887006521225,0.9992914199829102,0.3856838643550873,0.4099348485469818,0.6117483973503113,0.5930324792861938,0.9982372522354126,0.4448833465576172,0.4075707793235779,0.5897387862205505,0.44594258069992065,0.9985974431037903
144,4896,True,0.4093676209449768,0.42864832282066345,-0.5362745523452759,0.9971162676811218,0.9999663829803467,0.4017941653728485,0.4302937984466553,-0.5629485845565796,0.9975754618644714,0.9999135732650757,0.39485880732536316,0.43119102716445923,-0.5630900263786316,0.997533917427063,0.9999047517776489,0.3910770118236542,0.4315374791622162,-0.5631707906723022,0.9975508451461792,0.9998891353607178,0.41469988226890564,0.4311431348323822,-0.5645264387130737,0.9973286390304565,0.999904990196228,0.418975830078125,0.43183213472366333,-0.5645317435264587,0.9973444938659668,0.9998887777328491,0.4239608645439148,0.43315595388412476,-0.5644344091415405,0.9972184896469116,0.9998688697814941,0.3826559782028198,0.437125027179718,-0.5590487122535706,0.9967848658561707,0.9998668432235718,0.43035635352134705,0.4411543905735016,-0.5657163858413696,0.9965311884880066,0.9998462200164795,0.404255747795105,0.431710422039032,-0.5199499130249023,0.9961878657341003,0.9999322891235352,0.41781121492385864,0.4331536889076233,-0.5216990113258362,0.9961601495742798,0.9999055862426758,0.34761062264442444,0.4503490924835205,-0.4519014060497284,0.999592661857605,0.9997249245643616,0.4722308814525604,0.4577990472316742,-0.45429688692092896,0.9993584752082825,0.9995354413986206,0.32145965099334717,0.4206523895263672,-0.43188464641571045,0.9402766823768616,0.9988747239112854,0.5162211656570435,0.4309186339378357,-0.4345627725124359,0.8474478721618652,0.9984184503555298,0.35042262077331543,0.3801134526729584,-0.5109838843345642,0.914049506187439,0.9992978572845459,0.532450795173645,0.3878280818462372,-0.5225497484207153,0.873302161693573,0.9987373948097229,0.35192444920539856,0.3709487318992615,-0.5752274990081787,0.8918195366859436,0.998810887336731,0.5425382256507874,0.37816017866134644,-0.5966033935546875,0.8556326031684875,0.9981435537338257,0.36112943291664124,0.3713352382183075,-0.595371663570404,0.8867478370666504,0.9989928603172302,0.5321521759033203,0.3758161962032318,-0.6076425909996033,0.8526263236999512,0.9984990358352661,0.36198297142982483,0.3752976059913635,-0.5235651135444641,0.8755931854248047,0.999238133430481,0.527556300163269,0.3783434331417084,-0.5337403416633606,0.8359245657920837,0.9988152980804443,0.3869267404079437,0.4915127158164978,0.006786917336285114,0.9990416765213013,0.9991679191589355,0.4488835334777832,0.49256062507629395,-0.006620750296860933,0.9990889430046082,0.9991225600242615,0.37000495195388794,0.44318947196006775,0.25280702114105225,0.4598251283168793,0.9991668462753296,0.44941118359565735,0.4415808320045471,0.24109919369220734,0.28110697865486145,0.999101996421814,0.3870382010936737,0.4299958646297455,0.6298378705978394,0.46614083647727966,0.9992411136627197,0.4438591003417969,0.42680397629737854,0.6153419613838196,0.3300611674785614,0.9993707537651062,0.3942709267139435,0.4301656186580658,0.6702894568443298,0.4586576819419861,0.9990384578704834,0.4445394277572632,0.4272304177284241,0.6535034775733948,0.3463818430900574,0.9993545413017273,0.3797759711742401,0.4140079617500305,0.6128774285316467,0.5667283535003662,0.9982739686965942,0.43741947412490845,0.410531222820282,0.5923594832420349,0.4291023313999176,0.9987516403198242
145,4930,True,0.41003862023353577,0.4352051317691803,-0.5529270172119141,0.9973881840705872,0.9999531507492065,0.40348732471466064,0.4376237988471985,-0.5806645154953003,0.9977993965148926,0.9998656511306763,0.39873215556144714,0.43805113434791565,-0.5808279514312744,0.9977602362632751,0.9998520612716675,0.390251487493515,0.4378243386745453,-0.5809159278869629,0.9977789521217346,0.9998295307159424,0.4151569902896881,0.4380699098110199,-0.581793487071991,0.9975787401199341,0.9998419284820557,0.4200073778629303,0.43733733892440796,-0.5818150639533997,0.9975882768630981,0.9998067021369934,0.42405831813812256,0.43760162591934204,-0.5817127823829651,0.9974765777587891,0.9997633099555969,0.38382914662361145,0.4429094195365906,-0.569817841053009,0.9970727562904358,0.9997569918632507,0.4313051998615265,0.4472612738609314,-0.5685693025588989,0.996843695640564,0.9996448755264282,0.4054192006587982,0.43806713819503784,-0.5349026918411255,0.9965496063232422,0.9999064207077026,0.41774851083755493,0.4388984143733978,-0.5367212295532227,0.9965159296989441,0.999858021736145,0.3506556749343872,0.4585290551185608,-0.45465999841690063,0.9995825290679932,0.999661922454834,0.4725014865398407,0.46005621552467346,-0.4458465874195099,0.9993234276771545,0.9991160035133362,0.3223077654838562,0.42258596420288086,-0.43397870659828186,0.9457522034645081,0.9995455145835876,0.5145954489707947,0.4297810196876526,-0.4224839508533478,0.8613280057907104,0.9990000128746033,0.34863850474357605,0.38113510608673096,-0.5075325965881348,0.9214226603507996,0.99959796667099,0.5317682027816772,0.38700613379478455,-0.5185038447380066,0.8835408687591553,0.9993036985397339,0.3486730754375458,0.3717361092567444,-0.5699400305747986,0.900209903717041,0.9992011189460754,0.5420405864715576,0.37767571210861206,-0.5905179977416992,0.8657931685447693,0.9989431500434875,0.3588297665119171,0.37219691276550293,-0.5920029282569885,0.8954190015792847,0.9993382096290588,0.531790018081665,0.3756183981895447,-0.6030606627464294,0.8628607392311096,0.9991551637649536,0.35969170928001404,0.3763710856437683,-0.5204429030418396,0.8849212527275085,0.9995243549346924,0.5270828008651733,0.37822675704956055,-0.5297175645828247,0.846489667892456,0.9993280172348022,0.3884073495864868,0.4997154176235199,0.0021130198147147894,0.9989579319953918,0.999262273311615,0.4498494565486908,0.4983571469783783,-0.0020274794660508633,0.9989921450614929,0.9990134239196777,0.3702969551086426,0.4505029320716858,0.14992794394493103,0.4326971769332886,0.9993858337402344,0.4496159851551056,0.4431506097316742,0.15523800253868103,0.2637545168399811,0.9991390705108643,0.3856757581233978,0.4297803044319153,0.4749738574028015,0.4448658525943756,0.9994057416915894,0.4410102963447571,0.4261155128479004,0.4789247214794159,0.3159376084804535,0.9994710087776184,0.3919556140899658,0.42931056022644043,0.5088979005813599,0.4295142590999603,0.9991922974586487,0.44159066677093506,0.4259815216064453,0.5109065175056458,0.32453402876853943,0.9994100332260132,0.3792083263397217,0.412570059299469,0.4311479926109314,0.5567920207977295,0.9982568621635437,0.4337414503097534,0.40926727652549744,0.42936864495277405,0.4270325303077698,0.9987282156944275
146,4964,True,0.4037247598171234,0.43561825156211853,-0.5349859595298767,0.9976274967193604,0.9999576807022095,0.398088276386261,0.4369768500328064,-0.5617243051528931,0.9979976415634155,0.9998698234558105,0.39460423588752747,0.43735820055007935,-0.5618292689323425,0.9979614019393921,0.9998536109924316,0.38998717069625854,0.437490314245224,-0.5618618726730347,0.9979816675186157,0.9998310804367065,0.41093894839286804,0.43697452545166016,-0.5635566711425781,0.997799813747406,0.9998506307601929,0.41560792922973633,0.4378630220890045,-0.5635530948638916,0.9978029727935791,0.9998201727867126,0.4195476174354553,0.43817219138145447,-0.5634477138519287,0.9977040886878967,0.999777615070343,0.38448384404182434,0.44281262159347534,-0.5617308020591736,0.9973210692405701,0.9997134804725647,0.42790234088897705,0.4456992745399475,-0.5685021281242371,0.9971139430999756,0.9996050000190735,0.39917898178100586,0.43950366973876953,-0.5222695469856262,0.9968698024749756,0.9998917579650879,0.4129619598388672,0.4399094581604004,-0.5246756076812744,0.996830403804779,0.9998434782028198,0.3500443398952484,0.45817261934280396,-0.4449770152568817,0.9995765089988708,0.999409556388855,0.46863749623298645,0.46192675828933716,-0.44698742032051086,0.9992750883102417,0.9984562397003174,0.3246655762195587,0.4253781735897064,-0.40853410959243774,0.9495710134506226,0.9993160963058472,0.5115776658058167,0.43205586075782776,-0.4127854108810425,0.8731827735900879,0.9986644983291626,0.34916573762893677,0.3835875391960144,-0.4751514792442322,0.9265184998512268,0.9995765089988708,0.5300388932228088,0.38752952218055725,-0.4887526333332062,0.8915653824806213,0.99892657995224,0.3484379053115845,0.37379997968673706,-0.5375900268554688,0.9052448272705078,0.9992675185203552,0.5416074991226196,0.37786608934402466,-0.5605670213699341,0.8723863363265991,0.9984279870986938,0.35867542028427124,0.3740456700325012,-0.5628747940063477,0.9004755616188049,0.9993610978126526,0.5313938856124878,0.37585771083831787,-0.5735144019126892,0.8694185614585876,0.9987481832504272,0.35942450165748596,0.3767351508140564,-0.49001210927963257,0.8906978964805603,0.9995149374008179,0.5270323157310486,0.37883564829826355,-0.5004162192344666,0.8534277081489563,0.9989732503890991,0.3887057900428772,0.5007470846176147,0.0038526805583387613,0.9988060593605042,0.9978954792022705,0.4495469927787781,0.5018088817596436,-0.0037075455766171217,0.9988623261451721,0.9973706007003784,0.3700016736984253,0.4504508078098297,0.11809743195772171,0.41488829255104065,0.9993571639060974,0.45057225227355957,0.44353777170181274,0.10374895483255386,0.25891178846359253,0.9990285634994507,0.38083839416503906,0.4128672182559967,0.4211953580379486,0.4452637732028961,0.9995660185813904,0.43950051069259644,0.4123663008213043,0.4096086323261261,0.3247702717781067,0.999516487121582,0.38496512174606323,0.4097856879234314,0.45076698064804077,0.4157489538192749,0.9993778467178345,0.4387073218822479,0.40960168838500977,0.4372681975364685,0.3137768805027008,0.9994403719902039,0.37821537256240845,0.3940179944038391,0.3401466906070709,0.5696309804916382,0.9983168840408325,0.43459391593933105,0.3959880769252777,0.32640787959098816,0.44885680079460144,0.9986469149589539
147,4998,True,0.4056207835674286,0.4355373978614807,-0.47424930334091187,0.9978329539299011,0.9999120235443115,0.4010343849658966,0.43646854162216187,-0.5053896307945251,0.998166561126709,0.9997422099113464,0.39613404870033264,0.4373171925544739,-0.5055504441261292,0.9981291890144348,0.9997175335884094,0.3912818133831024,0.43781280517578125,-0.5056262016296387,0.998153567314148,0.9996827840805054,0.41382962465286255,0.4368719458580017,-0.5065901279449463,0.9979893565177917,0.99972003698349,0.41828447580337524,0.43757957220077515,-0.5065937042236328,0.9979813098907471,0.9996851682662964,0.4223833382129669,0.4380779266357422,-0.5065079927444458,0.997900128364563,0.9996488094329834,0.3852616548538208,0.4434429705142975,-0.5267314910888672,0.997531533241272,0.9995903372764587,0.4301343262195587,0.444755494594574,-0.5313163995742798,0.9973496198654175,0.999592125415802,0.4000464677810669,0.4404396116733551,-0.4676578640937805,0.9971534609794617,0.9998624324798584,0.4147448241710663,0.43984946608543396,-0.46899324655532837,0.9971096515655518,0.999819815158844,0.34986984729766846,0.45850324630737305,-0.43092605471611023,0.9995609521865845,0.9994797110557556,0.47012680768966675,0.46246209740638733,-0.4357008635997772,0.9992649555206299,0.9993245601654053,0.3355661928653717,0.4267483353614807,-0.4167899191379547,0.9534916877746582,0.998960018157959,0.5123345851898193,0.43120288848876953,-0.4191134572029114,0.8847658038139343,0.9986656904220581,0.3492371141910553,0.38322529196739197,-0.503642201423645,0.9306775331497192,0.9990372657775879,0.529988169670105,0.38690581917762756,-0.5163900256156921,0.898908793926239,0.9983925223350525,0.3492157757282257,0.3735157251358032,-0.5730234384536743,0.9084200263023376,0.9983862638473511,0.5413789749145508,0.37746405601501465,-0.5947052240371704,0.8779540657997131,0.9976111650466919,0.3587442636489868,0.3734434247016907,-0.5962934494018555,0.9035937786102295,0.9985857009887695,0.5311217308044434,0.3755730092525482,-0.6062864661216736,0.8748043179512024,0.9980118274688721,0.3601643741130829,0.3764650523662567,-0.5189377069473267,0.894352376461029,0.9988967180252075,0.5267693996429443,0.37856364250183105,-0.5284822583198547,0.8588755130767822,0.9983730316162109,0.389057457447052,0.5049355030059814,0.005314054898917675,0.9986197352409363,0.9978510141372681,0.44964680075645447,0.5032236576080322,-0.0051513551734387875,0.9987559914588928,0.9979798197746277,0.3701399862766266,0.45402878522872925,0.20131844282150269,0.3860698640346527,0.9990299940109253,0.45077964663505554,0.4440952241420746,0.18756315112113953,0.24231095612049103,0.9990381002426147,0.3816778063774109,0.42203277349472046,0.5695798397064209,0.4233190417289734,0.9994401335716248,0.43954741954803467,0.4207564890384674,0.559106171131134,0.3131650388240814,0.9995077848434448,0.3853456676006317,0.42158031463623047,0.6074498295783997,0.39216718077659607,0.9993041753768921,0.43947112560272217,0.4199599623680115,0.5951331853866577,0.29698172211647034,0.9994935989379883,0.3790772259235382,0.4017149806022644,0.5273566842079163,0.5601509809494019,0.9984996318817139,0.4358746111392975,0.4045349061489105,0.5127214789390564,0.4479832947254181,0.9989571571350098
148,5032,True,0.4079006314277649,0.43881821632385254,-0.3788558542728424,0.9980260133743286,0.9999332427978516,0.40388941764831543,0.4378999173641205,-0.4115462303161621,0.998324453830719,0.999749481678009,0.3990996181964874,0.43881621956825256,-0.4116753041744232,0.998290479183197,0.9997240900993347,0.39454787969589233,0.4394838213920593,-0.41170284152030945,0.9983150362968445,0.9996947050094604,0.41700926423072815,0.43853360414505005,-0.4132544994354248,0.9981664419174194,0.999715268611908,0.4214004576206207,0.4391214847564697,-0.4132576286792755,0.998153805732727,0.9996713399887085,0.42540618777275085,0.4396509528160095,-0.41315367817878723,0.9980828166007996,0.9996176958084106,0.38759955763816833,0.4453856348991394,-0.45467373728752136,0.9977285265922546,0.999508261680603,0.4326927661895752,0.44640225172042847,-0.46211305260658264,0.9975640773773193,0.9994074106216431,0.40272098779678345,0.44303297996520996,-0.3824094533920288,0.9974139928817749,0.9998705387115479,0.4174942076206207,0.4422958791255951,-0.38449254631996155,0.9973673820495605,0.9998207688331604,0.3502054512500763,0.460838258266449,-0.3751460909843445,0.9995414614677429,0.9993807077407837,0.4712660610675812,0.4657701551914215,-0.38071462512016296,0.9992470741271973,0.9987762570381165,0.33500441908836365,0.4287351071834564,-0.3632534146308899,0.9556763172149658,0.9995853304862976,0.5115051865577698,0.4327947199344635,-0.36762702465057373,0.8946905136108398,0.9992896318435669,0.34958338737487793,0.3837781250476837,-0.43844082951545715,0.9336323142051697,0.9996697902679443,0.5296737551689148,0.3878333866596222,-0.45771491527557373,0.9062060117721558,0.9990465044975281,0.3484128415584564,0.3741500973701477,-0.504389762878418,0.9104262590408325,0.9994786381721497,0.5411726832389832,0.37789180874824524,-0.535611629486084,0.8840456008911133,0.9985930323600769,0.3581784665584564,0.37391066551208496,-0.52962327003479,0.9055066108703613,0.9994969367980957,0.5309504270553589,0.3762025535106659,-0.5427297353744507,0.8808077573776245,0.9988327622413635,0.3602932095527649,0.3771170973777771,-0.4550527334213257,0.8971756100654602,0.9995936751365662,0.5266300439834595,0.3791904151439667,-0.46921446919441223,0.8648982048034668,0.9990088939666748,0.38929370045661926,0.5140076875686646,0.006487123668193817,0.9984027147293091,0.998117208480835,0.4502580761909485,0.5135411620140076,-0.006335806101560593,0.9986203908920288,0.998087465763092,0.37005898356437683,0.4585413336753845,0.09612977504730225,0.36574786901474,0.9995131492614746,0.45135918259620667,0.45077791810035706,0.07765087485313416,0.24151840806007385,0.9994345307350159,0.3796527087688446,0.4159792363643646,0.3710111379623413,0.4309520721435547,0.9997218251228333,0.4408937692642212,0.41787418723106384,0.3639147877693176,0.33530890941619873,0.9997335076332092,0.38434067368507385,0.4118199944496155,0.396088570356369,0.3887838125228882,0.9996147155761719,0.4411604702472687,0.414965957403183,0.387398898601532,0.3012208342552185,0.9996743202209473,0.37429389357566833,0.39861947298049927,0.27412813901901245,0.5783377289772034,0.9988848567008972,0.4366264045238495,0.40151113271713257,0.2634614408016205,0.47733017802238464,0.9992039799690247
149,5066,True,0.4105461835861206,0.44116759300231934,-0.3962644934654236,0.9981903433799744,0.9998893737792969,0.4057309925556183,0.4411470890045166,-0.42966723442077637,0.9984570741653442,0.9996613264083862,0.40096330642700195,0.4420061707496643,-0.4298411011695862,0.998423159122467,0.9996223449707031,0.39643430709838867,0.44267329573631287,-0.4299142062664032,0.9984487891197205,0.9995731711387634,0.4187392294406891,0.4403865337371826,-0.4326896667480469,0.9983170628547668,0.9996414184570312,0.4231986105442047,0.44063934683799744,-0.432695209980011,0.9982970952987671,0.9995997548103333,0.4272831678390503,0.4416050314903259,-0.43260395526885986,0.9982379674911499,0.9995601773262024,0.3889232277870178,0.44840487837791443,-0.46861228346824646,0.9978950619697571,0.9993402361869812,0.43468567728996277,0.4489491581916809,-0.48163264989852905,0.9977505207061768,0.9994239807128906,0.4044845998287201,0.44626155495643616,-0.3964182436466217,0.9976423382759094,0.9997894167900085,0.4192426800727844,0.44528159499168396,-0.40025079250335693,0.997591495513916,0.9997400641441345,0.35368987917900085,0.4667460322380066,-0.39241859316825867,0.9994847774505615,0.9990469813346863,0.4731208086013794,0.4688059389591217,-0.40443041920661926,0.9992200136184692,0.9991552829742432,0.33475401997566223,0.4288652539253235,-0.39184367656707764,0.958919882774353,0.9990925788879395,0.5139420628547668,0.4327086806297302,-0.4012695252895355,0.9047350287437439,0.9992128610610962,0.35023218393325806,0.38332682847976685,-0.4868479073047638,0.936884343624115,0.9990308284759521,0.5314797759056091,0.3875347971916199,-0.4720618426799774,0.9139986038208008,0.9985068440437317,0.3483850359916687,0.37384480237960815,-0.557725191116333,0.9126986265182495,0.9984476566314697,0.543278694152832,0.3779969811439514,-0.5788783431053162,0.891976535320282,0.9976765513420105,0.3585667014122009,0.3733910918235779,-0.5804809331893921,0.9077433943748474,0.9985429048538208,0.5328502058982849,0.3760083019733429,-0.5619049072265625,0.8887474536895752,0.9979744553565979,0.3606010973453522,0.3764496445655823,-0.5025427341461182,0.899858832359314,0.9988312125205994,0.5278043150901794,0.3791467547416687,-0.4848400056362152,0.8730438351631165,0.9983440637588501,0.3919268846511841,0.5210428833961487,0.0072663817554712296,0.9982267022132874,0.997448742389679,0.4519107937812805,0.5199909806251526,-0.00712102185934782,0.9985501766204834,0.9980626702308655,0.3734225034713745,0.46575838327407837,0.16237375140190125,0.34092116355895996,0.9988133907318115,0.4514423906803131,0.45944327116012573,0.15739329159259796,0.22954919934272766,0.9990862607955933,0.3864567279815674,0.4243110120296478,0.4867948889732361,0.40990665555000305,0.9994188547134399,0.4463440477848053,0.4328385889530182,0.5147792100906372,0.329181045293808,0.9995996356010437,0.3934633433818817,0.4148983061313629,0.5257030129432678,0.36836519837379456,0.9993242025375366,0.4468245208263397,0.43091073632240295,0.5500800013542175,0.29069623351097107,0.9995822310447693,0.37863150238990784,0.4112517833709717,0.4699479937553406,0.5708905458450317,0.9985724687576294,0.4406922161579132,0.4188716411590576,0.46331587433815,0.4842202365398407,0.9991410970687866
150,5100,True,0.41235148906707764,0.4431759715080261,-0.31080859899520874,0.9983340501785278,0.999868631362915,0.4078369140625,0.44296127557754517,-0.3480261564254761,0.9985696077346802,0.9996016621589661,0.4029542803764343,0.44376125931739807,-0.348185658454895,0.9985383152961731,0.99956876039505,0.3983701169490814,0.4444526731967926,-0.3482294976711273,0.9985619783401489,0.999535322189331,0.4207306206226349,0.4420926570892334,-0.3517095744609833,0.9984450936317444,0.9995525479316711,0.4247552156448364,0.4423450827598572,-0.35170435905456543,0.9984208345413208,0.9994953870773315,0.42903169989585876,0.4434548318386078,-0.35160431265830994,0.9983684420585632,0.9994418025016785,0.39146000146865845,0.4501168131828308,-0.4127093553543091,0.9980336427688599,0.999232292175293,0.4355011284351349,0.45145177841186523,-0.4289044737815857,0.9979052543640137,0.9991797804832458,0.4052164852619171,0.4484040141105652,-0.3215230703353882,0.9978418946266174,0.9997738003730774,0.42164528369903564,0.4478268623352051,-0.3263023793697357,0.9977887868881226,0.9997203946113586,0.3584490120410919,0.4681190550327301,-0.35208946466445923,0.9994416236877441,0.9990105628967285,0.4737327992916107,0.4713718891143799,-0.36705678701400757,0.9992088079452515,0.998893678188324,0.33802932500839233,0.429735004901886,-0.3476521670818329,0.9610158205032349,0.9995007514953613,0.5155048966407776,0.4338967800140381,-0.3670749366283417,0.9135773181915283,0.9993988275527954,0.3509649336338043,0.3831718862056732,-0.43170902132987976,0.9398001432418823,0.9994365572929382,0.5342519879341125,0.38841405510902405,-0.4603410065174103,0.9213898181915283,0.9988817572593689,0.34835267066955566,0.37361612915992737,-0.502930760383606,0.9147937297821045,0.9990746974945068,0.5465182662010193,0.37856733798980713,-0.5454571843147278,0.900032639503479,0.9982566237449646,0.35818418860435486,0.3733071982860565,-0.5241178870201111,0.9098624587059021,0.9990884065628052,0.5342095494270325,0.3766011893749237,-0.5511572957038879,0.8969666361808777,0.9984427094459534,0.360808789730072,0.3763558864593506,-0.4475889503955841,0.9025547504425049,0.9992507100105286,0.5290911197662354,0.3796236217021942,-0.4727748930454254,0.8817444443702698,0.9986910223960876,0.3951009213924408,0.5323070883750916,0.008518116548657417,0.9979534149169922,0.9955409169197083,0.4549231231212616,0.5299716591835022,-0.008379952982068062,0.9983914494514465,0.9959686994552612,0.37723231315612793,0.47522515058517456,0.17609946429729462,0.3231459856033325,0.9987794756889343,0.4536644518375397,0.46438726782798767,0.15652450919151306,0.22443433105945587,0.9987794756889343,0.39150696992874146,0.4295465052127838,0.49685558676719666,0.40752506256103516,0.9994001388549805,0.456496924161911,0.43292003870010376,0.48912879824638367,0.3408054709434509,0.9995885491371155,0.3989177644252777,0.41508397459983826,0.5266976356506348,0.36303117871284485,0.9992204904556274,0.4573971629142761,0.4308939576148987,0.5172637104988098,0.29573410749435425,0.9995356798171997,0.3850891888141632,0.41745051741600037,0.4138202667236328,0.5791334509849548,0.998420238494873,0.4526077210903168,0.41871896386146545,0.4044347405433655,0.5035339593887329,0.9991135001182556
151,5134,True,0.41805732250213623,0.44756969809532166,-0.2605792284011841,0.9984843730926514,0.9999524354934692,0.4133142828941345,0.44683489203453064,-0.30314773321151733,0.9986972212791443,0.9998782873153687,0.408231645822525,0.4473811984062195,-0.3033905327320099,0.9986664652824402,0.9998795986175537,0.4033881723880768,0.4479442536830902,-0.303469181060791,0.9986897706985474,0.9998694658279419,0.4272151589393616,0.44634467363357544,-0.30175307393074036,0.9985811114311218,0.9998551607131958,0.43145036697387695,0.4466177821159363,-0.3018467426300049,0.9985517859458923,0.9998365640640259,0.43603166937828064,0.44711098074913025,-0.3018375039100647,0.9985072612762451,0.9998134970664978,0.39614367485046387,0.4531950056552887,-0.3881904184818268,0.9982046484947205,0.9998430013656616,0.4420790672302246,0.4540503919124603,-0.38159772753715515,0.9980829358100891,0.9998039603233337,0.411299467086792,0.45187100768089294,-0.27829107642173767,0.9980444312095642,0.9999505281448364,0.42839178442955017,0.45197397470474243,-0.2764536738395691,0.9979898929595947,0.9999396800994873,0.36528709530830383,0.4728788435459137,-0.3469531238079071,0.999468207359314,0.9998103976249695,0.47675153613090515,0.4738287329673767,-0.3260518014431,0.9992689490318298,0.9997627139091492,0.34377336502075195,0.43077269196510315,-0.33563509583473206,0.9608961939811707,0.9998524188995361,0.5161778926849365,0.43486613035202026,-0.33019107580184937,0.9187028408050537,0.9998526573181152,0.3528330624103546,0.38387182354927063,-0.42557376623153687,0.9438977241516113,0.9997605681419373,0.534488320350647,0.3884936571121216,-0.43570345640182495,0.9280580878257751,0.9997965693473816,0.34861502051353455,0.3737395703792572,-0.4988941550254822,0.9201157093048096,0.9995297193527222,0.5458574891090393,0.3785563111305237,-0.5158903002738953,0.9080817103385925,0.9996683597564697,0.3583300709724426,0.3734230101108551,-0.515032947063446,0.9156200289726257,0.9996267557144165,0.5342354774475098,0.3764336109161377,-0.5295624136924744,0.9053702354431152,0.9997087121009827,0.3607977032661438,0.3764731287956238,-0.43851661682128906,0.9084547758102417,0.9997135996818542,0.5291616320610046,0.37953072786331177,-0.4493127167224884,0.8905959129333496,0.9997559189796448,0.40342292189598083,0.5452833771705627,0.008181017823517323,0.998139500617981,0.9999063014984131,0.46307119727134705,0.5444587469100952,-0.007995471358299255,0.998546302318573,0.9999250173568726,0.3898260295391083,0.4860939085483551,0.29812508821487427,0.31702756881713867,0.9997034668922424,0.49375465512275696,0.5301550626754761,0.2595273554325104,0.26405611634254456,0.9997981190681458,0.39561983942985535,0.46994656324386597,0.6807166337966919,0.4130847156047821,0.9998842477798462,0.472084641456604,0.5366310477256775,0.6207361817359924,0.3895094692707062,0.9998589754104614,0.39946889877319336,0.4689139425754547,0.717557430267334,0.3808317482471466,0.9998701810836792,0.4645453095436096,0.5376483201980591,0.6542708277702332,0.3435540199279785,0.9998113512992859,0.3967728018760681,0.468418687582016,0.6479358077049255,0.5838807225227356,0.9998185038566589,0.4822838604450226,0.5434335470199585,0.5648536086082458,0.538071870803833,0.9997437596321106
152,5168,True,0.4258732199668884,0.45146793127059937,-0.1915392130613327,0.9986193180084229,0.9999656677246094,0.42088788747787476,0.44906648993492126,-0.23491278290748596,0.9988098740577698,0.9999158382415771,0.4161197543144226,0.4494100511074066,-0.23513908684253693,0.9987799525260925,0.9999170303344727,0.410875141620636,0.4497905373573303,-0.23522256314754486,0.9988024234771729,0.9999088048934937,0.43515723943710327,0.44872212409973145,-0.23292185366153717,0.9987037777900696,0.9999063014984131,0.4394133388996124,0.44891929626464844,-0.23303794860839844,0.9986704587936401,0.9998989105224609,0.4439839720726013,0.44911354780197144,-0.23305977880954742,0.9986305236816406,0.999886155128479,0.40567702054977417,0.4537566602230072,-0.33750614523887634,0.9983514547348022,0.9998921155929565,0.4487539529800415,0.4545702338218689,-0.327382355928421,0.9982381463050842,0.9998830556869507,0.4190210700035095,0.4556332230567932,-0.21656672656536102,0.998215913772583,0.9999527931213379,0.4356686472892761,0.4555557668209076,-0.21388088166713715,0.9981558918952942,0.9999452829360962,0.3723491132259369,0.47648724913597107,-0.3176228404045105,0.9994730353355408,0.9998225569725037,0.48361068964004517,0.47662168741226196,-0.29233643412590027,0.9993109703063965,0.9997565150260925,0.35078710317611694,0.434854120016098,-0.30812424421310425,0.9586564302444458,0.9998277425765991,0.5167277455329895,0.4381011128425598,-0.30329954624176025,0.9241017699241638,0.9998024106025696,0.3544875681400299,0.38748499751091003,-0.38232383131980896,0.9465079307556152,0.9995453953742981,0.5355828404426575,0.38935422897338867,-0.38953688740730286,0.9336434006690979,0.9996867179870605,0.3501020669937134,0.37745150923728943,-0.4491052031517029,0.9234837293624878,0.9992037415504456,0.5456059575080872,0.37990114092826843,-0.4628928005695343,0.9144015312194824,0.9995455145835876,0.35877305269241333,0.37694859504699707,-0.465274840593338,0.9193457961082458,0.9993189573287964,0.5355097651481628,0.37703925371170044,-0.4755253195762634,0.9120095372200012,0.9995812773704529,0.36119839549064636,0.38114240765571594,-0.3942610025405884,0.9122495651245117,0.9994588494300842,0.5316884517669678,0.38089194893836975,-0.40229466557502747,0.8973082900047302,0.9996325969696045,0.40530967712402344,0.5617639422416687,0.010813205502927303,0.9983078241348267,0.9999244213104248,0.4700397551059723,0.5621546506881714,-0.010600694455206394,0.9986851811408997,0.9999285936355591,0.39389994740486145,0.5158544182777405,0.3086530566215515,0.3265223801136017,0.9997439980506897,0.5099389553070068,0.56755131483078,0.2668730914592743,0.319764643907547,0.9998365640640259,0.3936854600906372,0.5140567421913147,0.6635637283325195,0.43851178884506226,0.999874472618103,0.47652241587638855,0.5860244631767273,0.6092991828918457,0.4430520236492157,0.9998329877853394,0.39346396923065186,0.5159231424331665,0.6976961493492126,0.4154142737388611,0.9998481273651123,0.4654625356197357,0.5886727571487427,0.642099916934967,0.397218257188797,0.9997686743736267,0.39496806263923645,0.5168187618255615,0.6279414892196655,0.6015444993972778,0.9997784495353699,0.49152061343193054,0.5972468852996826,0.55571049451828,0.5763968825340271,0.9996979236602783
153,5202,True,0.43628421425819397,0.45496147871017456,-0.13614068925380707,0.9987106323242188,0.9998558759689331,0.4310755133628845,0.4512231945991516,-0.16967211663722992,0.9988601803779602,0.9997275471687317,0.4263373613357544,0.4514581263065338,-0.16986051201820374,0.9988300204277039,0.9997311234474182,0.4207724630832672,0.4516316056251526,-0.16991779208183289,0.9988463521003723,0.9997113347053528,0.4452367424964905,0.45205798745155334,-0.17637525498867035,0.9987670183181763,0.9996838569641113,0.4493511915206909,0.45242318511009216,-0.17652811110019684,0.9987358450889587,0.9996497631072998,0.45332586765289307,0.4527286887168884,-0.17653976380825043,0.9986843466758728,0.9996078610420227,0.414162278175354,0.4566314220428467,-0.2438822239637375,0.9984068274497986,0.9996567964553833,0.45775502920150757,0.4583846628665924,-0.27262425422668457,0.9982985258102417,0.9995409250259399,0.4289182126522064,0.4601428508758545,-0.15142783522605896,0.998290479183197,0.9997672438621521,0.44500380754470825,0.46055084466934204,-0.16001886129379272,0.9982023239135742,0.9997177720069885,0.37899401783943176,0.48083075881004333,-0.21617095172405243,0.9994329810142517,0.999584972858429,0.4881342947483063,0.4811943471431732,-0.27651435136795044,0.9992708563804626,0.9991975426673889,0.35687774419784546,0.43555116653442383,-0.19114826619625092,0.9605280160903931,0.9997854828834534,0.5215818881988525,0.4372952878475189,-0.2960578203201294,0.9307034611701965,0.9996769428253174,0.3553936779499054,0.39012467861175537,-0.2661665081977844,0.9501327872276306,0.9989854693412781,0.5352990031242371,0.3902936577796936,-0.35315245389938354,0.9393991827964783,0.998877227306366,0.35017862915992737,0.3804984986782074,-0.3166153132915497,0.9285895824432373,0.9980860948562622,0.5453148484230042,0.38014060258865356,-0.41819679737091064,0.9215066432952881,0.9981653094291687,0.35875403881073,0.3792676627635956,-0.34020572900772095,0.9248343110084534,0.9982730150222778,0.5352242588996887,0.37770015001296997,-0.42678993940353394,0.9193440675735474,0.9983258843421936,0.3618469536304474,0.38384324312210083,-0.28018030524253845,0.9177336096763611,0.9986433386802673,0.5312502980232239,0.38184696435928345,-0.3619438111782074,0.9050682783126831,0.9985811710357666,0.41145575046539307,0.576138973236084,0.02900611236691475,0.9984316825866699,0.9996874332427979,0.47151604294776917,0.5749619603157043,-0.028918955475091934,0.9987675547599792,0.9996399879455566,0.4204622805118561,0.592769980430603,0.28321582078933716,0.3472522497177124,0.9989026784896851,0.5113716125488281,0.5948205590248108,0.21278682351112366,0.36642536520957947,0.998785674571991,0.4200058877468109,0.6400014758110046,0.5755401253700256,0.460144579410553,0.9984240531921387,0.49071481823921204,0.6428287029266357,0.4920109510421753,0.4778830111026764,0.9984006285667419,0.42724138498306274,0.6386460065841675,0.6030284762382507,0.43935832381248474,0.9978577494621277,0.4747549593448639,0.645074725151062,0.5207207798957825,0.43171226978302,0.9979707598686218,0.4249500632286072,0.6486474275588989,0.5835675001144409,0.6016348600387573,0.9971708655357361,0.4931882619857788,0.650945246219635,0.4774647653102875,0.5916651487350464,0.9977551102638245
154,5236,True,0.43853726983070374,0.45967087149620056,-0.06528955698013306,0.9987910985946655,0.9999364614486694,0.43205171823501587,0.4561212956905365,-0.09629129618406296,0.9989116191864014,0.9998983144760132,0.42732784152030945,0.4561377465724945,-0.0964537113904953,0.9988967180252075,0.9999009370803833,0.4221939444541931,0.4561181664466858,-0.09653732180595398,0.9988852739334106,0.9998962879180908,0.44799095392227173,0.4564313292503357,-0.09892895072698593,0.9988327622413635,0.9998890161514282,0.4526309669017792,0.4565846920013428,-0.09910937398672104,0.9988183975219727,0.9998797178268433,0.4576573669910431,0.4565560817718506,-0.09910932183265686,0.9987394213676453,0.9998699426651001,0.41642990708351135,0.46055084466934204,-0.17995446920394897,0.9984922409057617,0.9999046325683594,0.4620260000228882,0.46178826689720154,-0.19112853705883026,0.9983954429626465,0.999873161315918,0.43207693099975586,0.4640689790248871,-0.08536848425865173,0.998354434967041,0.9999264478683472,0.4492540657520294,0.46501198410987854,-0.08877220004796982,0.9982567429542542,0.9999181032180786,0.3821587562561035,0.48242706060409546,-0.1846613585948944,0.9994529485702515,0.9999170303344727,0.494213730096817,0.48378148674964905,-0.20550909638404846,0.9992943406105042,0.9998589754104614,0.3614065945148468,0.43765443563461304,-0.17904052138328552,0.9629247784614563,0.999876856803894,0.5251328349113464,0.4382455348968506,-0.21789725124835968,0.9360388517379761,0.999795138835907,0.358383446931839,0.38985833525657654,-0.23606464266777039,0.9539260864257812,0.9984738230705261,0.5358744263648987,0.39088010787963867,-0.26688653230667114,0.9441302418708801,0.9981824159622192,0.35080185532569885,0.37962985038757324,-0.2745644152164459,0.9342070817947388,0.9971408843994141,0.5450080633163452,0.3801495134830475,-0.3161606192588806,0.9274030327796936,0.9968323111534119,0.35989242792129517,0.37888219952583313,-0.2933215796947479,0.9307575225830078,0.9972225427627563,0.5353178381919861,0.37792426347732544,-0.32454100251197815,0.9254056811332703,0.9970830082893372,0.3631044924259186,0.3831809163093567,-0.24646632373332977,0.9238533973693848,0.9978119134902954,0.5309029817581177,0.38222193717956543,-0.2748308479785919,0.911510169506073,0.9975718855857849,0.4138939678668976,0.5857131481170654,0.024210842326283455,0.9985736608505249,0.9999281167984009,0.4739627540111542,0.5862053632736206,-0.024098416790366173,0.9988739490509033,0.9999104738235474,0.41714709997177124,0.6077032089233398,0.2705032229423523,0.4001202881336212,0.9996479749679565,0.49788522720336914,0.6110996007919312,0.21056929230690002,0.4171191453933716,0.9995582699775696,0.4233037233352661,0.6592410206794739,0.48892584443092346,0.5015299916267395,0.9994196891784668,0.4876552224159241,0.6645656824111938,0.4559258222579956,0.5157817602157593,0.9993302822113037,0.4378354847431183,0.6664199829101562,0.5131579637527466,0.48389577865600586,0.9992426633834839,0.47453880310058594,0.6751077771186829,0.4799484610557556,0.4735403060913086,0.9991509914398193,0.42275840044021606,0.6778116822242737,0.5048792958259583,0.6186136603355408,0.9988071918487549,0.4877425730228424,0.6833736896514893,0.46150481700897217,0.6086356043815613,0.9988963603973389
155,5270,True,0.4419633746147156,0.460592120885849,-0.004164265468716621,0.998889148235321,0.99998939037323,0.4354308247566223,0.4570285379886627,-0.0365016870200634,0.9989914298057556,0.9999827146530151,0.4309884309768677,0.4571472704410553,-0.03659334033727646,0.9989798069000244,0.9999827146530151,0.4263307750225067,0.45725226402282715,-0.03668943792581558,0.9989569783210754,0.9999815225601196,0.45257431268692017,0.4569542407989502,-0.03977236896753311,0.998924732208252,0.9999827146530151,0.4583342373371124,0.457028865814209,-0.039939846843481064,0.9989150166511536,0.9999810457229614,0.4630727171897888,0.45700231194496155,-0.03989475965499878,0.9988310933113098,0.9999798536300659,0.4218176603317261,0.46142926812171936,-0.1341528743505478,0.9986097812652588,0.9999828338623047,0.4665991961956024,0.4616694450378418,-0.14858664572238922,0.9985314011573792,0.9999805688858032,0.4358266294002533,0.4651084840297699,-0.030921075493097305,0.9984778165817261,0.9999845027923584,0.4540444314479828,0.46525001525878906,-0.035095375031232834,0.9983915090560913,0.999984860420227,0.38855499029159546,0.48416629433631897,-0.15798994898796082,0.9994885921478271,0.9999741315841675,0.5006892085075378,0.48421770334243774,-0.18169860541820526,0.9993323087692261,0.999969482421875,0.36352360248565674,0.439880907535553,-0.14837795495986938,0.9658458232879639,0.9999213218688965,0.5279381275177002,0.43816590309143066,-0.19555263221263885,0.94120192527771,0.9998855590820312,0.35902276635169983,0.39003413915634155,-0.20037294924259186,0.9580258727073669,0.999144434928894,0.5357995629310608,0.39064422249794006,-0.2433411329984665,0.9486082792282104,0.9990847110748291,0.3507251441478729,0.38037437200546265,-0.23657745122909546,0.940254271030426,0.9985812902450562,0.5447985529899597,0.38007497787475586,-0.2904805839061737,0.9330613613128662,0.9984147548675537,0.35989266633987427,0.37867411971092224,-0.25526440143585205,0.9370924830436707,0.9984012246131897,0.5352919697761536,0.3784081041812897,-0.29754340648651123,0.9311562776565552,0.9984708428382874,0.36364394426345825,0.3829885423183441,-0.21113796532154083,0.9307078719139099,0.9987653493881226,0.5313233733177185,0.3825764060020447,-0.2511287331581116,0.9181084036827087,0.9987898468971252,0.4177344739437103,0.591836154460907,0.023859741166234016,0.9987103343009949,0.9999700784683228,0.4745338559150696,0.5918030142784119,-0.023942338302731514,0.998977541923523,0.9999643564224243,0.4182735085487366,0.6415971517562866,0.24797429144382477,0.4589354991912842,0.9998288154602051,0.4919584095478058,0.6329076886177063,0.21563956141471863,0.47170519828796387,0.9998223185539246,0.4281085431575775,0.6909207105636597,0.4761956036090851,0.5499325394630432,0.9998010993003845,0.4833504855632782,0.6930772066116333,0.4570128619670868,0.5595347881317139,0.999777615070343,0.43634042143821716,0.6992274522781372,0.5002675652503967,0.53470379114151,0.9997614026069641,0.4748665988445282,0.701114296913147,0.47867119312286377,0.5221766233444214,0.9997357726097107,0.42268821597099304,0.7083712816238403,0.4532310366630554,0.652999758720398,0.999627947807312,0.48406028747558594,0.7101315855979919,0.4365353584289551,0.638586699962616,0.9996613264083862
156,5304,True,0.4457628130912781,0.45999255776405334,0.018281035125255585,0.998979926109314,0.9999891519546509,0.4397156238555908,0.4567716717720032,-0.014024929143488407,0.9990636110305786,0.9999815225601196,0.43568429350852966,0.45693516731262207,-0.01408885233104229,0.9990534782409668,0.9999815225601196,0.43041321635246277,0.4570481777191162,-0.014173620380461216,0.9990224242210388,0.9999802112579346,0.45649096369743347,0.45663753151893616,-0.01808951050043106,0.9990087747573853,0.9999818801879883,0.46186119318008423,0.45672908425331116,-0.018245350569486618,0.9990020394325256,0.999980092048645,0.4673619866371155,0.4566449522972107,-0.018196994438767433,0.9989156126976013,0.99997878074646,0.4278993010520935,0.4616142809391022,-0.11530304700136185,0.9987130165100098,0.9999797344207764,0.47074487805366516,0.4613364338874817,-0.13357578217983246,0.9986550807952881,0.9999779462814331,0.4390520453453064,0.46540674567222595,-0.010317853651940823,0.998593270778656,0.9999818801879883,0.45714491605758667,0.4654783606529236,-0.015575657598674297,0.9985173940658569,0.9999827146530151,0.39340659976005554,0.48701491951942444,-0.1414753794670105,0.9995101094245911,0.9999668598175049,0.5042149424552917,0.48662787675857544,-0.17872856557369232,0.9993619322776794,0.9999628067016602,0.36656221747398376,0.44036760926246643,-0.12719404697418213,0.9685767889022827,0.9999271631240845,0.5282964706420898,0.4392508566379547,-0.19824621081352234,0.9461027979850769,0.9998908042907715,0.36075031757354736,0.3905666768550873,-0.17826426029205322,0.9618223309516907,0.9991967082023621,0.5356763005256653,0.3907168507575989,-0.24483731389045715,0.9528446793556213,0.9993276596069336,0.3505539894104004,0.3809160590171814,-0.21498051285743713,0.9458246827125549,0.9986612796783447,0.544740617275238,0.38043245673179626,-0.29530858993530273,0.9384303092956543,0.9988653659820557,0.3599359691143036,0.3785976767539978,-0.23925386369228363,0.9429430365562439,0.9984281063079834,0.5352597832679749,0.3793621361255646,-0.3005603849887848,0.9366312623023987,0.9988948702812195,0.3636738359928131,0.38293978571891785,-0.19182325899600983,0.9370705485343933,0.998810887336731,0.5312647223472595,0.38287684321403503,-0.2522171139717102,0.9243837594985962,0.999129593372345,0.42270252108573914,0.5999492406845093,0.02162199281156063,0.998833954334259,0.999974250793457,0.47389358282089233,0.5996959805488586,-0.021563876420259476,0.9990713000297546,0.9999691247940063,0.4212273955345154,0.6565952301025391,0.24127386510372162,0.5118505954742432,0.9998143315315247,0.4902706444263458,0.6550688147544861,0.21543583273887634,0.5212472677230835,0.9998149275779724,0.43027347326278687,0.7173083424568176,0.47559818625450134,0.5936814546585083,0.9997928738594055,0.48300424218177795,0.7157973647117615,0.4428836405277252,0.599349319934845,0.9997676014900208,0.4345531761646271,0.721638560295105,0.49906638264656067,0.580577552318573,0.9997498393058777,0.4726605713367462,0.7237547636032104,0.46296805143356323,0.5661126971244812,0.9997236132621765,0.4233741760253906,0.735352635383606,0.4394341707229614,0.6845236420631409,0.9996212720870972,0.48461103439331055,0.7360100746154785,0.4093915820121765,0.6665441393852234,0.9996621608734131
157,5338,True,0.44663628935813904,0.4621320366859436,0.062126535922288895,0.999066948890686,0.9999923706054688,0.4417766034603119,0.4587787091732025,0.030720151960849762,0.9991370439529419,0.9999872446060181,0.4369432330131531,0.4589248597621918,0.03069567121565342,0.9991269111633301,0.9999872446060181,0.43307676911354065,0.4590807855129242,0.030619828030467033,0.9990928173065186,0.9999864101409912,0.45736992359161377,0.45860767364501953,0.024626674130558968,0.9990912675857544,0.9999871253967285,0.4626169800758362,0.4586790204048157,0.024495508521795273,0.9990857243537903,0.9999855756759644,0.4674217998981476,0.4586547017097473,0.024564912542700768,0.9990009069442749,0.9999845027923584,0.43126609921455383,0.46326789259910583,-0.07094748318195343,0.9988178610801697,0.9999858140945435,0.47155654430389404,0.4628780484199524,-0.09837140142917633,0.9987733364105225,0.9999828338623047,0.441119521856308,0.4678170680999756,0.03260129690170288,0.9987096786499023,0.9999860525131226,0.457974910736084,0.46785610914230347,0.024697396904230118,0.9986411929130554,0.9999860525131226,0.39711248874664307,0.48966145515441895,-0.09599293768405914,0.9995277523994446,0.999964714050293,0.5049158334732056,0.4885525107383728,-0.16181126236915588,0.9993826150894165,0.9999566078186035,0.36991116404533386,0.4426512122154236,-0.06887990981340408,0.9710997343063354,0.9999268054962158,0.5295258164405823,0.43932145833969116,-0.19178791344165802,0.950647234916687,0.9998840093612671,0.36225810647010803,0.3915397524833679,-0.1005006805062294,0.9652823209762573,0.9992271661758423,0.5366684198379517,0.39060476422309875,-0.23197762668132782,0.956659734249115,0.9992287158966064,0.35028332471847534,0.3819640576839447,-0.12909820675849915,0.9508857727050781,0.9986966252326965,0.5448638796806335,0.3804159462451935,-0.2804904878139496,0.9432426691055298,0.9986923336982727,0.3599669933319092,0.3789364993572235,-0.15434670448303223,0.9482564330101013,0.9984258413314819,0.5355002880096436,0.3794293999671936,-0.28288981318473816,0.9415204524993896,0.9987163543701172,0.3637767732143402,0.3832826018333435,-0.1137445792555809,0.9428688287734985,0.9988269209861755,0.5321899056434631,0.38313621282577515,-0.23809121549129486,0.9300691485404968,0.9990069270133972,0.4250670075416565,0.6082521677017212,0.025296062231063843,0.9989445805549622,0.9999648332595825,0.4756869077682495,0.6067512035369873,-0.02509978786110878,0.9991542100906372,0.9999595880508423,0.42273247241973877,0.6665364503860474,0.20814545452594757,0.5597516298294067,0.9997798800468445,0.4932161867618561,0.6687496900558472,0.16873307526111603,0.5669124722480774,0.9997897744178772,0.4292062520980835,0.73444002866745,0.415269672870636,0.6334148645401001,0.9997593760490417,0.48317399621009827,0.7379267811775208,0.35455039143562317,0.6366199851036072,0.9997239708900452,0.4332687258720398,0.7430230379104614,0.4350290596485138,0.6221014261245728,0.9997166991233826,0.4733933210372925,0.7474657893180847,0.370261549949646,0.6068201065063477,0.9996734857559204,0.41890594363212585,0.7561807632446289,0.3633372485637665,0.7137645483016968,0.9995859265327454,0.49161040782928467,0.7568206787109375,0.3030126690864563,0.693881094455719,0.9996029734611511
158,5372,True,0.44505780935287476,0.4627296030521393,0.07774713635444641,0.9991329312324524,0.9999819993972778,0.44051381945610046,0.45928364992141724,0.04835432395339012,0.9991829991340637,0.9999696016311646,0.43700024485588074,0.4593929648399353,0.04836047440767288,0.9991704225540161,0.9999692440032959,0.4340304434299469,0.4595068395137787,0.048296451568603516,0.99913090467453,0.9999676942825317,0.4549444019794464,0.45912614464759827,0.039716072380542755,0.9991489052772522,0.9999688863754272,0.4602357745170593,0.4591895639896393,0.03960597142577171,0.9991430640220642,0.999964714050293,0.4647633731365204,0.45920509099960327,0.03970443084836006,0.9990550875663757,0.9999617338180542,0.43130895495414734,0.4634742736816406,-0.046789996325969696,0.9988861680030823,0.999962329864502,0.4689858853816986,0.4634319245815277,-0.08604873716831207,0.9988575577735901,0.9999518394470215,0.4397500455379486,0.4679597020149231,0.05028055980801582,0.9987986087799072,0.9999643564224243,0.45517298579216003,0.46787065267562866,0.038962576538324356,0.9987341165542603,0.9999632835388184,0.40126457810401917,0.4895683228969574,-0.07200288027524948,0.9995297193527222,0.9999071359634399,0.5027846097946167,0.48930734395980835,-0.15876011550426483,0.9993589520454407,0.999872088432312,0.37125447392463684,0.44245514273643494,-0.021950554102659225,0.9730127453804016,0.9998939037322998,0.5292975306510925,0.4396432936191559,-0.21762801706790924,0.9546541571617126,0.9998527765274048,0.3657192289829254,0.39100125432014465,-0.020759575068950653,0.9681755900382996,0.999178946018219,0.536401093006134,0.39048466086387634,-0.27228978276252747,0.9599061012268066,0.9991347193717957,0.35123103857040405,0.38146841526031494,-0.041189081966876984,0.9552340507507324,0.9986060261726379,0.5447492599487305,0.3803824484348297,-0.3216743767261505,0.9472939968109131,0.9984754920005798,0.361257940530777,0.37883058190345764,-0.06791969388723373,0.9528083205223083,0.9982311129570007,0.5360174179077148,0.3793201744556427,-0.3249872326850891,0.9456063508987427,0.9984513521194458,0.36614400148391724,0.38301971554756165,-0.033514603972435,0.9478410482406616,0.9986959099769592,0.5320286750793457,0.38310837745666504,-0.279477596282959,0.9348560571670532,0.998819887638092,0.4272700548171997,0.6108072996139526,0.026968667283654213,0.9990426301956177,0.99993896484375,0.47510167956352234,0.6090763807296753,-0.026772845536470413,0.9992268085479736,0.9999363422393799,0.42479026317596436,0.6798619031906128,0.1219954788684845,0.6029656529426575,0.999695897102356,0.49121472239494324,0.6802181005477905,0.07535385340452194,0.6080663800239563,0.9997323155403137,0.4299558997154236,0.7550181150436401,0.27569305896759033,0.6692807078361511,0.999702513217926,0.4823977053165436,0.7570277452468872,0.2084546834230423,0.6706997156143188,0.9996963739395142,0.43463703989982605,0.7623610496520996,0.2889009416103363,0.6594304442405701,0.9996545314788818,0.4736223816871643,0.7673338055610657,0.2176770120859146,0.6435570120811462,0.999639630317688,0.4164127707481384,0.7732163667678833,0.19732555747032166,0.7404783964157104,0.9994786381721497,0.4894098937511444,0.7791598439216614,0.13142932951450348,0.7196400761604309,0.9995315074920654
159,5406,True,0.44621598720550537,0.4625229835510254,0.11257137358188629,0.9992108345031738,0.999993085861206,0.44105929136276245,0.45857396721839905,0.08376076817512512,0.999252438545227,0.9999881982803345,0.43729642033576965,0.4586943984031677,0.08378554880619049,0.9992398619651794,0.9999880790710449,0.4332565665245056,0.4587953984737396,0.08374825119972229,0.999201238155365,0.9999871253967285,0.4568692445755005,0.45868292450904846,0.07270955294370651,0.9992244243621826,0.9999880790710449,0.46243929862976074,0.4588709771633148,0.07258079200983047,0.9992189407348633,0.9999865293502808,0.467001348733902,0.45898228883743286,0.07267626374959946,0.9991359710693359,0.9999852180480957,0.4311661720275879,0.4632297158241272,-0.012129130773246288,0.9989826679229736,0.999985933303833,0.4708300828933716,0.46359556913375854,-0.06183093041181564,0.9989609718322754,0.999982476234436,0.4397188723087311,0.4683302044868469,0.08433675765991211,0.9989041686058044,0.9999854564666748,0.45605728030204773,0.46850109100341797,0.06987486034631729,0.9988454580307007,0.9999853372573853,0.39909088611602783,0.49087443947792053,-0.031007984653115273,0.999540388584137,0.9999504089355469,0.5034386515617371,0.49070900678634644,-0.1465425193309784,0.9993728399276733,0.9999275207519531,0.37282371520996094,0.44226565957069397,0.026713460683822632,0.9745292663574219,0.9999183416366577,0.528652548789978,0.4408758282661438,-0.20913350582122803,0.9586108326911926,0.9998639822006226,0.3692858815193176,0.3906296193599701,0.030006414279341698,0.9706902503967285,0.9993139505386353,0.536356508731842,0.3911944031715393,-0.26279395818710327,0.9631119966506958,0.9991472959518433,0.3566749095916748,0.3811458945274353,0.014893082901835442,0.959081768989563,0.9987794756889343,0.5446850061416626,0.3804864287376404,-0.30939731001853943,0.9513216018676758,0.998446524143219,0.36702999472618103,0.37947919964790344,-0.014293733052909374,0.9568327069282532,0.9985321760177612,0.5359370112419128,0.37949252128601074,-0.31106168031692505,0.9496938586235046,0.9984942674636841,0.37457355856895447,0.38303685188293457,0.01679869368672371,0.9522238969802856,0.9989223480224609,0.5315420031547546,0.3840200901031494,-0.2685776650905609,0.939635157585144,0.9988570213317871,0.42587319016456604,0.6166114807128906,0.035274963825941086,0.9991318583488464,0.9999606609344482,0.47798556089401245,0.6142122149467468,-0.035070303827524185,0.9992934465408325,0.9999539852142334,0.42439544200897217,0.6893121004104614,0.13657598197460175,0.6417848467826843,0.9997559189796448,0.4912647306919098,0.688504695892334,0.06203211098909378,0.6456117630004883,0.999729335308075,0.42629513144493103,0.7660285830497742,0.26913002133369446,0.7016696333885193,0.9996770620346069,0.483117938041687,0.7634972333908081,0.1870853453874588,0.7017755508422852,0.9996090531349182,0.4313305616378784,0.7772542834281921,0.27992331981658936,0.6930908560752869,0.999599039554596,0.47308677434921265,0.7753983736038208,0.1963927000761032,0.6771689057350159,0.9995313882827759,0.4121037423610687,0.7873760461807251,0.19108113646507263,0.7646552920341492,0.9993937015533447,0.49340400099754333,0.7906002402305603,0.11591494083404541,0.7433021664619446,0.9994258880615234
160,5440,True,0.4461011290550232,0.46280449628829956,0.13897834718227386,0.9992715716362,0.9999858140945435,0.44135552644729614,0.4586736559867859,0.10971450805664062,0.9993016719818115,0.9999752044677734,0.43697866797447205,0.45868778228759766,0.10973822325468063,0.9992879629135132,0.999975323677063,0.43332192301750183,0.4587143063545227,0.1096862256526947,0.9992474317550659,0.9999740123748779,0.45601144433021545,0.4587980806827545,0.0972808301448822,0.9992815852165222,0.9999736547470093,0.46208927035331726,0.4589666724205017,0.09715670347213745,0.9992763996124268,0.9999698400497437,0.46663698554039,0.45905178785324097,0.09726706892251968,0.9991934895515442,0.9999665021896362,0.42988765239715576,0.4630172848701477,0.011447190307080746,0.9990535378456116,0.9999722242355347,0.47029173374176025,0.4637431502342224,-0.04527514800429344,0.9990411996841431,0.9999589920043945,0.4401986002922058,0.46855321526527405,0.11042170226573944,0.9989845752716064,0.9999707937240601,0.4560088813304901,0.4687819480895996,0.09395423531532288,0.998929500579834,0.9999693632125854,0.3980005383491516,0.49072080850601196,-0.008695466443896294,0.9995405077934265,0.9999173879623413,0.5028067827224731,0.4912598133087158,-0.13434521853923798,0.9993483424186707,0.9998489618301392,0.37329694628715515,0.44210201501846313,0.054523929953575134,0.9753177762031555,0.9998884201049805,0.5302080512046814,0.4404601454734802,-0.19658124446868896,0.9617990851402283,0.9997779726982117,0.36995774507522583,0.39037272334098816,0.06576438993215561,0.9726760387420654,0.9990850687026978,0.5365223288536072,0.38934582471847534,-0.23843935132026672,0.9655251502990723,0.9986901879310608,0.3601780831813812,0.3810265362262726,0.051761023700237274,0.9622892737388611,0.9984246492385864,0.5446026921272278,0.37816694378852844,-0.28302568197250366,0.9543315768241882,0.997753918170929,0.36838769912719727,0.37932538986206055,0.02332981489598751,0.9601760506629944,0.9981106519699097,0.5353549122810364,0.37777915596961975,-0.28612610697746277,0.9527224898338318,0.9978163242340088,0.37713274359703064,0.3830128312110901,0.052897967398166656,0.955856204032898,0.9985778331756592,0.5312581658363342,0.3827655613422394,-0.2445044368505478,0.9431692957878113,0.9982969164848328,0.42582809925079346,0.6213590502738953,0.03861898556351662,0.9992096424102783,0.9999306201934814,0.4790489971637726,0.6178232431411743,-0.03844662755727768,0.9993471503257751,0.9999117851257324,0.42185303568840027,0.6928097009658813,0.11429706960916519,0.6766262650489807,0.9997289776802063,0.4910903871059418,0.6884200572967529,0.03428390994668007,0.6790295839309692,0.9996509552001953,0.42570868134498596,0.7775329351425171,0.21272346377372742,0.7308119535446167,0.9996064305305481,0.48183906078338623,0.7704671621322632,0.14202533662319183,0.7295536994934082,0.9995226860046387,0.4294337034225464,0.7853840589523315,0.22001948952674866,0.7233149409294128,0.9994947910308838,0.4722178876399994,0.7822691202163696,0.1491895616054535,0.7069388628005981,0.999428927898407,0.4099358320236206,0.7994530200958252,0.12480752915143967,0.7863109111785889,0.9991804957389832,0.4929714500904083,0.79754239320755,0.06363026797771454,0.7640062570571899,0.9992592930793762
161,5474,True,0.44870269298553467,0.4629848003387451,0.13523729145526886,0.9993278980255127,0.9999891519546509,0.44428253173828125,0.4588497281074524,0.10647983849048615,0.9993462562561035,0.9999805688858032,0.44086217880249023,0.45884498953819275,0.10650599747896194,0.9993312358856201,0.9999805688858032,0.4351157248020172,0.45876049995422363,0.10647907108068466,0.9992905259132385,0.9999794960021973,0.4582252502441406,0.45907965302467346,0.09505294263362885,0.9993336200714111,0.9999785423278809,0.4630499482154846,0.4592250883579254,0.0949244275689125,0.9993277788162231,0.9999750852584839,0.46686190366744995,0.45931220054626465,0.09503953903913498,0.9992460012435913,0.9999715089797974,0.4332839548587799,0.46317562460899353,0.010003943927586079,0.9991148710250854,0.9999761581420898,0.46976542472839355,0.46393823623657227,-0.04216701537370682,0.999110221862793,0.999961256980896,0.4417034089565277,0.46869421005249023,0.1073264330625534,0.9990550875663757,0.9999716281890869,0.45650362968444824,0.4689614176750183,0.09220311790704727,0.99900221824646,0.9999686479568481,0.3981064260005951,0.49101781845092773,-0.016804112121462822,0.9995469450950623,0.9999290704727173,0.5021405816078186,0.49125272035598755,-0.12458169460296631,0.9993237853050232,0.9998251795768738,0.37141942977905273,0.4416491985321045,0.03684729337692261,0.9765891432762146,0.9999220371246338,0.5304248929023743,0.44127359986305237,-0.1835692673921585,0.9646642804145813,0.9997971653938293,0.3693017363548279,0.39048805832862854,0.03855030611157417,0.9746558666229248,0.9993682503700256,0.5368149876594543,0.3895806670188904,-0.22932253777980804,0.9676584005355835,0.9990636706352234,0.3598630130290985,0.3809388279914856,0.019647985696792603,0.9652842879295349,0.9988226294517517,0.5448882579803467,0.37824857234954834,-0.2749902904033661,0.9569404721260071,0.9983845949172974,0.3681325316429138,0.37961894273757935,-0.006032195873558521,0.9633022546768188,0.9986056685447693,0.5361260175704956,0.377859890460968,-0.27906301617622375,0.9553511142730713,0.9984315037727356,0.37646353244781494,0.38294291496276855,0.026328587904572487,0.9592546820640564,0.9989848732948303,0.5313417911529541,0.3827137053012848,-0.23573629558086395,0.9461675882339478,0.9987825751304626,0.4268074035644531,0.6207567453384399,0.037370797246694565,0.9992808699607849,0.9999469518661499,0.47881290316581726,0.6178120374679565,-0.0372186042368412,0.9993969202041626,0.99992835521698,0.42012664675712585,0.6959573030471802,0.10597570985555649,0.7077279090881348,0.9997705817222595,0.4903511106967926,0.6913691163063049,0.03089827485382557,0.7087377905845642,0.9996914863586426,0.423786461353302,0.7772491574287415,0.20570339262485504,0.756910502910614,0.9996225833892822,0.48096588253974915,0.7740129232406616,0.14484640955924988,0.754199206829071,0.999546468257904,0.42882800102233887,0.7872911691665649,0.21312549710273743,0.7503255009651184,0.9995065927505493,0.47154825925827026,0.7865859270095825,0.15256935358047485,0.7331623435020447,0.9994485974311829,0.4069657623767853,0.8068807721138,0.11194820702075958,0.8056374192237854,0.9991862177848816,0.4909181296825409,0.8032633662223816,0.06135832518339157,0.7823226451873779,0.9992737174034119
162,5508,True,0.4477168321609497,0.46208325028419495,0.16822655498981476,0.9993834495544434,0.999991774559021,0.4432462155818939,0.45861729979515076,0.1375250369310379,0.9993955492973328,0.9999850988388062,0.4396645426750183,0.45855259895324707,0.13755616545677185,0.9993798136711121,0.9999850988388062,0.43441739678382874,0.4584314823150635,0.13752895593643188,0.9993407130241394,0.9999842643737793,0.4573850929737091,0.45893073081970215,0.12684209644794464,0.999387800693512,0.9999834299087524,0.4625038504600525,0.45905932784080505,0.12671150267124176,0.9993815422058105,0.9999809265136719,0.4666185975074768,0.45911702513694763,0.1268390268087387,0.9993036985397339,0.9999781847000122,0.43171006441116333,0.46301764249801636,0.03281395137310028,0.9991837739944458,0.9999837875366211,0.46942341327667236,0.4638260304927826,-0.015861431136727333,0.9991830587387085,0.9999737739562988,0.44080373644828796,0.46755504608154297,0.1375938355922699,0.9991294145584106,0.9999816417694092,0.45577922463417053,0.4677700996398926,0.12339330464601517,0.9990804195404053,0.999980092048645,0.39671093225479126,0.4899574816226959,0.004505619872361422,0.9995628595352173,0.9999494552612305,0.5016507506370544,0.4903002381324768,-0.10355439782142639,0.9993387460708618,0.9998852014541626,0.37016570568084717,0.44064491987228394,0.06569746136665344,0.9770752191543579,0.9999295473098755,0.5310370326042175,0.4411294460296631,-0.15834221243858337,0.9670687317848206,0.9998001456260681,0.369242399930954,0.3877350986003876,0.08807817846536636,0.9760810136795044,0.9993640780448914,0.5369885563850403,0.38980868458747864,-0.19983060657978058,0.9692538380622864,0.9989293217658997,0.35986801981925964,0.378630667924881,0.07486628741025925,0.9676491022109985,0.998770534992218,0.5449284315109253,0.378253698348999,-0.2404746115207672,0.9588655233383179,0.998094379901886,0.3693629503250122,0.378363698720932,0.04840525612235069,0.9657523036003113,0.9985820055007935,0.5353352427482605,0.37788838148117065,-0.24477969110012054,0.9572628736495972,0.9981936812400818,0.3759714365005493,0.38063880801200867,0.07643335312604904,0.9619061350822449,0.9989721775054932,0.5312417149543762,0.382689893245697,-0.20583654940128326,0.9483891725540161,0.998603880405426,0.4263893663883209,0.618582546710968,0.03712824359536171,0.9993452429771423,0.999951958656311,0.48010000586509705,0.6154130101203918,-0.037002913653850555,0.9994439482688904,0.9999353885650635,0.4190531075000763,0.696086585521698,0.09025625884532928,0.7355794906616211,0.9997767806053162,0.49045097827911377,0.6890155076980591,0.01713614910840988,0.73566734790802,0.9997022747993469,0.42341452836990356,0.774480402469635,0.17091330885887146,0.7803122997283936,0.9995608925819397,0.4818277657032013,0.7735164761543274,0.10747287422418594,0.7767179608345032,0.999434769153595,0.42481693625450134,0.7854174375534058,0.17686358094215393,0.7745946645736694,0.9994059801101685,0.4745875895023346,0.7874600291252136,0.11366866528987885,0.7572099566459656,0.9992951154708862,0.40594619512557983,0.807489275932312,0.08337346464395523,0.8227091431617737,0.9990379810333252,0.49267828464508057,0.8048836588859558,0.027726491913199425,0.7989851832389832,0.9990699887275696
163,5542,True,0.4476486146450043,0.4599487781524658,0.20304690301418304,0.9994350075721741,0.999994158744812,0.4425542950630188,0.4555550217628479,0.17013667523860931,0.9994428157806396,0.99998939037323,0.43887048959732056,0.45544686913490295,0.17018552124500275,0.9994277358055115,0.9999896287918091,0.43396660685539246,0.45530158281326294,0.17016486823558807,0.9993897080421448,0.9999891519546509,0.45756080746650696,0.45592552423477173,0.16304419934749603,0.9994382262229919,0.9999877214431763,0.46269193291664124,0.4560352861881256,0.16293847560882568,0.9994320273399353,0.9999855756759644,0.4675843119621277,0.45598840713500977,0.16310550272464752,0.9993573427200317,0.9999833106994629,0.43076789379119873,0.4602992534637451,0.05626251548528671,0.9992507696151733,0.9999892711639404,0.4698784351348877,0.4610064625740051,0.02388671413064003,0.9992508292198181,0.9999804496765137,0.44079941511154175,0.4658275246620178,0.16884785890579224,0.9991993308067322,0.9999874830245972,0.45590630173683167,0.46611103415489197,0.159303218126297,0.9991534352302551,0.999985933303833,0.39622434973716736,0.4898262917995453,0.013968397863209248,0.9995849132537842,0.9999673366546631,0.501569390296936,0.48968568444252014,-0.05980765074491501,0.9993637800216675,0.9999161958694458,0.36843979358673096,0.43431511521339417,0.062384866178035736,0.9782536625862122,0.9999535083770752,0.532228410243988,0.43998876214027405,-0.0980774313211441,0.9691025614738464,0.9998395442962646,0.368932843208313,0.38301634788513184,0.09267149865627289,0.9777339100837708,0.9995073080062866,0.5382890701293945,0.3900635838508606,-0.14040568470954895,0.9706727862358093,0.9991855025291443,0.3596116900444031,0.37423601746559143,0.08215855062007904,0.970123827457428,0.9989833235740662,0.5453327894210815,0.3783251941204071,-0.177718847990036,0.9606074690818787,0.9984955787658691,0.3697285056114197,0.37407785654067993,0.057403139770030975,0.9683231711387634,0.9988119602203369,0.5357327461242676,0.37790775299072266,-0.18270042538642883,0.9589950442314148,0.9985550045967102,0.3756411373615265,0.37744489312171936,0.08272474259138107,0.9647086262702942,0.9991652965545654,0.5312528610229492,0.3826315999031067,-0.1466519981622696,0.9504753947257996,0.998915433883667,0.4240129292011261,0.6155060529708862,0.036073535680770874,0.9994034767150879,0.9999600648880005,0.48017555475234985,0.6123385429382324,-0.03599545732140541,0.9994875192642212,0.9999421834945679,0.41800087690353394,0.6898090243339539,0.057527314871549606,0.7608435750007629,0.9998118281364441,0.49006760120391846,0.687685489654541,0.0026588179171085358,0.7596279978752136,0.9997379183769226,0.42202457785606384,0.7721551656723022,0.125894695520401,0.8013973832130432,0.9996497631072998,0.4831804037094116,0.7748805284500122,0.07761694490909576,0.7967712879180908,0.9995254278182983,0.4223576784133911,0.7841309905052185,0.13054312765598297,0.7965427041053772,0.9995508790016174,0.477739542722702,0.7887873649597168,0.082203209400177,0.7788987159729004,0.9994269609451294,0.406030535697937,0.8009344935417175,0.04361720755696297,0.8380152583122253,0.9992470741271973,0.4914683997631073,0.8033111691474915,0.002382889622822404,0.8133170008659363,0.9992062449455261
164,5576,True,0.4521692395210266,0.4563983082771301,0.2512194812297821,0.999481737613678,0.9999949932098389,0.44719478487968445,0.4522005021572113,0.22166824340820312,0.9994864463806152,0.9999905824661255,0.4431397020816803,0.4519060254096985,0.2217274308204651,0.9994719624519348,0.9999904632568359,0.4385015368461609,0.4515431523323059,0.22172190248966217,0.9994350075721741,0.9999896287918091,0.4641319811344147,0.4530450403690338,0.2089635282754898,0.9994851350784302,0.9999898672103882,0.468546986579895,0.4532354474067688,0.20882752537727356,0.9994792342185974,0.9999884366989136,0.47363924980163574,0.45329174399375916,0.20898142457008362,0.9994083046913147,0.9999868869781494,0.43394923210144043,0.4560225009918213,0.11203005164861679,0.9993118643760681,0.9999885559082031,0.47479650378227234,0.4583127498626709,0.05388205498456955,0.9993138909339905,0.9999841451644897,0.4437786638736725,0.46215516328811646,0.21813102066516876,0.9992611408233643,0.9999868869781494,0.45940572023391724,0.4629853665828705,0.20100201666355133,0.9992188811302185,0.9999867677688599,0.39580434560775757,0.4866452217102051,0.07105501741170883,0.9996023178100586,0.9999535083770752,0.5014666318893433,0.4885437488555908,-0.05010046064853668,0.9993981122970581,0.9999333620071411,0.3678571581840515,0.43169641494750977,0.15127411484718323,0.9783751964569092,0.9999443292617798,0.532616138458252,0.4352560043334961,-0.09692247211933136,0.9714723229408264,0.9998916387557983,0.368716299533844,0.38329267501831055,0.20562422275543213,0.9786848425865173,0.9994356036186218,0.5382723808288574,0.38901570439338684,-0.12074781209230423,0.9724873304367065,0.9993560910224915,0.3591477572917938,0.37333327531814575,0.20612485706806183,0.9718812704086304,0.9989036321640015,0.5451801419258118,0.3775006830692291,-0.15460573136806488,0.9628422260284424,0.9987439513206482,0.36916351318359375,0.37353581190109253,0.1768532395362854,0.9701290726661682,0.9986901879310608,0.5357134938240051,0.3771703839302063,-0.15569014847278595,0.9612518548965454,0.9987670183181763,0.3744225800037384,0.37756362557411194,0.19484327733516693,0.9666591286659241,0.9990703463554382,0.5311961770057678,0.38112929463386536,-0.12436191737651825,0.9530373215675354,0.9990953207015991,0.42081207036972046,0.612015426158905,0.0403735488653183,0.9994565844535828,0.9999518394470215,0.479826956987381,0.6091336011886597,-0.04032987728714943,0.9995300769805908,0.9999450445175171,0.41158172488212585,0.6889948844909668,0.054814036935567856,0.7832058072090149,0.9998001456260681,0.48948758840560913,0.6870178580284119,-0.03227314352989197,0.7815570831298828,0.9997923970222473,0.41204309463500977,0.767647385597229,0.11062698066234589,0.8201507329940796,0.9996873140335083,0.48278528451919556,0.7704355120658875,0.015015777200460434,0.8151344656944275,0.9996161460876465,0.409649521112442,0.7813308835029602,0.11429048329591751,0.8161934018135071,0.9996054768562317,0.4771237373352051,0.7857275009155273,0.01737559586763382,0.7986204624176025,0.9995279312133789,0.40226924419403076,0.7992261052131653,0.03162507340312004,0.851652979850769,0.9993378520011902,0.488842636346817,0.8019895553588867,-0.06322291493415833,0.8273882865905762,0.999305248260498
