frame,timestamp_ms,pose_detected,lm_0_x,lm_0_y,lm_0_z,lm_0_visibility,lm_0_presence,lm_1_x,lm_1_y,lm_1_z,lm_1_visibility,lm_1_presence,lm_2_x,lm_2_y,lm_2_z,lm_2_visibility,lm_2_presence,lm_3_x,lm_3_y,lm_3_z,lm_3_visibility,lm_3_presence,lm_4_x,lm_4_y,lm_4_z,lm_4_visibility,lm_4_presence,lm_5_x,lm_5_y,lm_5_z,lm_5_visibility,lm_5_presence,lm_6_x,lm_6_y,lm_6_z,lm_6_visibility,lm_6_presence,lm_7_x,lm_7_y,lm_7_z,lm_7_visibility,lm_7_presence,lm_8_x,lm_8_y,lm_8_z,lm_8_visibility,lm_8_presence,lm_9_x,lm_9_y,lm_9_z,lm_9_visibility,lm_9_presence,lm_10_x,lm_10_y,lm_10_z,lm_10_visibility,lm_10_presence,lm_11_x,lm_11_y,lm_11_z,lm_11_visibility,lm_11_presence,lm_12_x,lm_12_y,lm_12_z,lm_12_visibility,lm_12_presence,lm_13_x,lm_13_y,lm_13_z,lm_13_visibility,lm_13_presence,lm_14_x,lm_14_y,lm_14_z,lm_14_visibility,lm_14_presence,lm_15_x,lm_15_y,lm_15_z,lm_15_visibility,lm_15_presence,lm_16_x,lm_16_y,lm_16_z,lm_16_visibility,lm_16_presence,lm_17_x,lm_17_y,lm_17_z,lm_17_visibility,lm_17_presence,lm_18_x,lm_18_y,lm_18_z,lm_18_visibility,lm_18_presence,lm_19_x,lm_19_y,lm_19_z,lm_19_visibility,lm_19_presence,lm_20_x,lm_20_y,lm_20_z,lm_20_visibility,lm_20_presence,lm_21_x,lm_21_y,lm_21_z,lm_21_visibility,lm_21_presence,lm_22_x,lm_22_y,lm_22_z,lm_22_visibility,lm_22_presence,lm_23_x,lm_23_y,lm_23_z,lm_23_visibility,lm_23_presence,lm_24_x,lm_24_y,lm_24_z,lm_24_visibility,lm_24_presence,lm_25_x,lm_25_y,lm_25_z,lm_25_visibility,lm_25_presence,lm_26_x,lm_26_y,lm_26_z,lm_26_visibility,lm_26_presence,lm_27_x,lm_27_y,lm_27_z,lm_27_visibility,lm_27_presence,lm_28_x,lm_28_y,lm_28_z,lm_28_visibility,lm_28_presence,lm_29_x,lm_29_y,lm_29_z,lm_29_visibility,lm_29_presence,lm_30_x,lm_30_y,lm_30_z,lm_30_visibility,lm_30_presence,lm_31_x,lm_31_y,lm_31_z,lm_31_visibility,lm_31_presence,lm_32_x,lm_32_y,lm_32_z,lm_32_visibility,lm_32_presence
0,0,True,0.3797603249549866,0.35195550322532654,-0.014049209654331207,0.980387806892395,0.9818096160888672,0.3889666795730591,0.34614065289497375,-0.005653113592416048,0.9837587475776672,0.9820126295089722,0.38833266496658325,0.34530553221702576,-0.00579738337546587,0.9819168448448181,0.9823952317237854,0.3877687156200409,0.34445300698280334,-0.005977170541882515,0.9862544536590576,0.982749342918396,0.38955217599868774,0.3455934524536133,-0.042122382670640945,0.9870462417602539,0.9810066819190979,0.38941365480422974,0.34425294399261475,-0.04231469705700874,0.9870771169662476,0.9811737537384033,0.38906019926071167,0.34279879927635193,-0.042314767837524414,0.9866449236869812,0.9810328483581543,0.3758256137371063,0.3334176540374756,0.04208661615848541,0.988339900970459,0.9861197471618652,0.374236136674881,0.33186179399490356,-0.1254948228597641,0.9861704111099243,0.984865665435791,0.36570265889167786,0.34625619649887085,0.011054912582039833,0.9799087643623352,0.9860935211181641,0.3693319857120514,0.34775927662849426,-0.03789709880948067,0.9746493101119995,0.9858017563819885,0.3412133455276489,0.33146753907203674,0.11101961880922318,0.9987994432449341,0.9975379705429077,0.34934061765670776,0.3265378475189209,-0.21687649190425873,0.9994753003120422,0.9981661438941956,0.34419357776641846,0.35299962759017944,0.18816201388835907,0.16939754784107208,0.99142986536026,0.41792982816696167,0.3305017054080963,-0.2630186676979065,0.9681605696678162,0.9930984377861023,0.3359796404838562,0.3585173487663269,0.16774117946624756,0.17438040673732758,0.9791995882987976,0.47386878728866577,0.3223712146282196,-0.16091914474964142,0.8714906573295593,0.9657048583030701,0.33074575662612915,0.35876843333244324,0.16741809248924255,0.16520212590694427,0.968776524066925,0.48911067843437195,0.32006508111953735,-0.1895054280757904,0.805974006652832,0.9377650022506714,0.3284986913204193,0.35646194219589233,0.1496434509754181,0.16685669124126434,0.9676244258880615,0.4848766624927521,0.3172163963317871,-0.17099052667617798,0.7990453839302063,0.9394272565841675,0.33105146884918213,0.3559204936027527,0.15867845714092255,0.18262310326099396,0.9720121622085571,0.4783831238746643,0.3183729648590088,-0.15155714750289917,0.7652673125267029,0.9517706036567688,0.1925647258758545,0.39623376727104187,0.09758970141410828,0.9986353516578674,0.9964422583580017,0.1891941875219345,0.3920400142669678,-0.09788138419389725,0.9990484118461609,0.9957108497619629,0.10724584013223648,0.43400150537490845,0.21744902431964874,0.4000073969364166,0.9820753931999207,0.09170614928007126,0.4349513649940491,0.00962736178189516,0.8738970756530762,0.9752019047737122,0.019853338599205017,0.458548367023468,0.389404296875,0.358142614364624,0.9556763768196106,-0.004663482308387756,0.4599215090274811,0.13941675424575806,0.8000134229660034,0.9536153674125671,0.004210248589515686,0.4570302367210388,0.40550360083580017,0.41663438081741333,0.9437035322189331,-0.017940610647201538,0.45756441354751587,0.1528662145137787,0.733320415019989,0.9461572170257568,-0.0021792203187942505,0.48062342405319214,0.38477084040641785,0.42380526661872864,0.9374642372131348,-0.032000139355659485,0.4845496118068695,0.11230484396219254,0.765049159526825,0.9289214015007019
1,34,True,0.3873244822025299,0.34289902448654175,0.039354920387268066,0.9814045429229736,0.9949801564216614,0.3916509747505188,0.33823782205581665,0.04812641814351082,0.9844300150871277,0.9933763146400452,0.391187846660614,0.3383905291557312,0.04807400703430176,0.9824554920196533,0.9932410717010498,0.3908883035182953,0.3381601572036743,0.04796146973967552,0.986774742603302,0.9930840730667114,0.39178550243377686,0.3367840349674225,0.014646182768046856,0.9874484539031982,0.9936142563819885,0.3914605379104614,0.33593806624412537,0.014435912482440472,0.9873398542404175,0.993831992149353,0.39117231965065,0.3348199427127838,0.014412014745175838,0.9871163964271545,0.9937931299209595,0.38003993034362793,0.3326694965362549,0.09794969856739044,0.9886689186096191,0.9936819076538086,0.37978965044021606,0.32988736033439636,-0.05308061093091965,0.9866299629211426,0.9940749406814575,0.37722906470298767,0.3422366976737976,0.0637921467423439,0.9810253977775574,0.9951983094215393,0.3779900074005127,0.3407757878303528,0.019839931279420853,0.9760626554489136,0.9955824017524719,0.34215280413627625,0.3347363770008087,0.16443011164665222,0.9988235235214233,0.9980342984199524,0.3493417501449585,0.32637453079223633,-0.15351688861846924,0.9994403123855591,0.9988486766815186,0.3411301374435425,0.3589071035385132,0.24461205303668976,0.17029142379760742,0.9956654906272888,0.4346778988838196,0.33226317167282104,-0.21229998767375946,0.9661710858345032,0.9978531002998352,0.3242986798286438,0.3601760268211365,0.24685995280742645,0.1689549684524536,0.9943577647209167,0.48408401012420654,0.3212243914604187,-0.06338728219270706,0.8580347299575806,0.992542028427124,0.3162720203399658,0.36012542247772217,0.25253742933273315,0.16001614928245544,0.9933551549911499,0.49716344475746155,0.3183947205543518,-0.08222579210996628,0.7893798351287842,0.9868254065513611,0.3131864666938782,0.3585069179534912,0.23718111217021942,0.16156049072742462,0.9925411939620972,0.4879865050315857,0.3167417049407959,-0.06439899653196335,0.7812951803207397,0.9853116273880005,0.31605878472328186,0.35800331830978394,0.23867839574813843,0.17709392309188843,0.9932760000228882,0.4820018708705902,0.3182869851589203,-0.055178042501211166,0.749075174331665,0.9890819787979126,0.1927080750465393,0.39640331268310547,0.08660756796598434,0.9987182021141052,0.9991425275802612,0.18932336568832397,0.3877764344215393,-0.08687993884086609,0.9990918636322021,0.9990412592887878,0.1006224974989891,0.43202120065689087,0.14823362231254578,0.43172386288642883,0.9954146146774292,0.08468222618103027,0.4255754351615906,-0.004799406975507736,0.8786207437515259,0.9946802258491516,0.01911035366356373,0.454179584980011,0.25763940811157227,0.3918169438838959,0.9887276887893677,-0.00882529653608799,0.4482492506504059,0.08404135704040527,0.8095514178276062,0.9867782592773438,0.003744671819731593,0.45472922921180725,0.26694899797439575,0.44398877024650574,0.9851787686347961,-0.022967739030718803,0.44919854402542114,0.09008615463972092,0.7422594428062439,0.982978880405426,0.004062872380018234,0.46946239471435547,0.20755352079868317,0.4554463028907776,0.9821513891220093,-0.03196795657277107,0.464749813079834,0.008180984295904636,0.7752336859703064,0.976913332939148
2,68,True,0.3874247670173645,0.34074684977531433,0.03734826669096947,0.9822162985801697,0.9897253513336182,0.39061683416366577,0.337734192609787,0.04883817583322525,0.984746515750885,0.9865171909332275,0.3903447985649109,0.338031142950058,0.04877499118447304,0.9823853969573975,0.9861337542533875,0.3902915120124817,0.33797138929367065,0.04867890104651451,0.9868940114974976,0.9857940077781677,0.39009466767311096,0.33587509393692017,0.018503354862332344,0.9876328110694885,0.9871360063552856,0.39061814546585083,0.33420878648757935,0.018317582085728645,0.987269401550293,0.9875463843345642,0.39024966955184937,0.33311137557029724,0.018284466117620468,0.9873693585395813,0.9871765971183777,0.379856139421463,0.333042174577713,0.10729724913835526,0.9883865118026733,0.9855212569236755,0.37874582409858704,0.3299045264720917,-0.027938755229115486,0.986699104309082,0.9863344430923462,0.3784736692905426,0.34244304895401,0.06379519402980804,0.9815092086791992,0.9841976761817932,0.3784789741039276,0.3409983515739441,0.02394641749560833,0.9768834710121155,0.9858352541923523,0.33731988072395325,0.3440110683441162,0.17174461483955383,0.9986803531646729,0.9924483299255371,0.34856337308883667,0.3277558386325836,-0.12495028972625732,0.9992844462394714,0.9946416616439819,0.348890483379364,0.361625999212265,0.23989465832710266,0.18125322461128235,0.9946170449256897,0.4315148591995239,0.33796578645706177,-0.18943843245506287,0.9649582505226135,0.996349573135376,0.3560163676738739,0.36014625430107117,0.2376718968153,0.17525383830070496,0.9926027655601501,0.4813472628593445,0.3284161388874054,-0.06966327875852585,0.8527188897132874,0.9931582808494568,0.35687774419784546,0.3600234389305115,0.2376546710729599,0.16438914835453033,0.9899217486381531,0.49472567439079285,0.32522547245025635,-0.09023768454790115,0.7815662026405334,0.9880791306495667,0.3529030680656433,0.35843709111213684,0.2234339565038681,0.16585272550582886,0.988594651222229,0.4845062792301178,0.32470443844795227,-0.07538481801748276,0.7726245522499084,0.9865911602973938,0.3522774875164032,0.35795485973358154,0.22862017154693604,0.18216481804847717,0.990348219871521,0.47843554615974426,0.3264591097831726,-0.06266866624355316,0.741570770740509,0.9899194240570068,0.1952633261680603,0.39693838357925415,0.07693669199943542,0.9987546801567078,0.9980229139328003,0.1889294981956482,0.3857271075248718,-0.07721203565597534,0.9991005659103394,0.9979212880134583,0.10014010220766068,0.43049725890159607,0.12066619843244553,0.45118120312690735,0.9887300133705139,0.0759362280368805,0.419609397649765,-0.023547496646642685,0.8768956065177917,0.9878113865852356,0.019695669412612915,0.45030274987220764,0.21642892062664032,0.411048024892807,0.9769504070281982,-0.0193099956959486,0.4436876177787781,0.03547569736838341,0.8108084797859192,0.969717264175415,0.0022738766856491566,0.4537333846092224,0.22392839193344116,0.4561861455440521,0.9700446724891663,-0.03455585986375809,0.44560346007347107,0.03785599023103714,0.7361333966255188,0.9608529210090637,0.0038155277725309134,0.46839460730552673,0.16304339468479156,0.4749322831630707,0.966816246509552,-0.03936890512704849,0.4615059792995453,-0.053942807018756866,0.7771166563034058,0.9539650678634644
3,102,True,0.3934766948223114,0.33747854828834534,0.017514992505311966,0.9831150770187378,0.9713170528411865,0.39472249150276184,0.33437520265579224,0.03328583389520645,0.9853707551956177,0.970952570438385,0.3944695293903351,0.3348407745361328,0.03322532773017883,0.9827148914337158,0.9702451825141907,0.3944758176803589,0.3350186049938202,0.033159736543893814,0.9872758388519287,0.9695829749107361,0.3939324617385864,0.33254972100257874,0.012630174867808819,0.988267183303833,0.9708533883094788,0.393654465675354,0.3315688967704773,0.012671389617025852,0.9878174066543579,0.9705679416656494,0.39311689138412476,0.33069196343421936,0.012648086994886398,0.9880412220954895,0.9689521193504333,0.3860422670841217,0.3329196572303772,0.09134384989738464,0.9888523817062378,0.9662644863128662,0.3828415870666504,0.3291699290275574,-0.05441301688551903,0.9874669313430786,0.9613093137741089,0.3871774971485138,0.34097790718078613,0.0488419383764267,0.982146680355072,0.9247041344642639,0.385943740606308,0.3379989564418793,0.021716110408306122,0.9779305458068848,0.928458034992218,0.3435558080673218,0.34318023920059204,0.15730562806129456,0.996526300907135,0.9226020574569702,0.34873467683792114,0.3328395485877991,-0.14442694187164307,0.9977084398269653,0.8918285369873047,0.40922555327415466,0.35395580530166626,0.20386560261249542,0.20123589038848877,0.9838154911994934,0.4310864806175232,0.34331122040748596,-0.208168625831604,0.9645622968673706,0.9647529721260071,0.45616641640663147,0.33457493782043457,0.20032306015491486,0.1922283172607422,0.9702473282814026,0.4897620677947998,0.33184370398521423,-0.10056010633707047,0.8503735661506653,0.9377272725105286,0.4667944312095642,0.3290975093841553,0.1924603134393692,0.17817161977291107,0.9535161852836609,0.5045670866966248,0.3279711604118347,-0.12046259641647339,0.7795292735099792,0.909144401550293,0.46241268515586853,0.32742106914520264,0.18926258385181427,0.17937800288200378,0.9496105313301086,0.4957710802555084,0.3269425928592682,-0.11722880601882935,0.7702881693840027,0.9050747156143188,0.45813098549842834,0.32932382822036743,0.1935669630765915,0.19722360372543335,0.9574052691459656,0.489388644695282,0.32888707518577576,-0.09929102659225464,0.7403929233551025,0.9221498370170593,0.19771438837051392,0.3984319865703583,0.07723207771778107,0.9984477162361145,0.982437789440155,0.1903255730867386,0.38616853952407837,-0.0774235650897026,0.9987025260925293,0.975422739982605,0.09942314028739929,0.43129459023475647,0.10666754096746445,0.45570576190948486,0.9157778024673462,0.07773207873106003,0.4221858084201813,-0.0450257770717144,0.8754795789718628,0.8529376983642578,0.006608243100345135,0.4509066045284271,0.19385482370853424,0.414524644613266,0.7886602282524109,-0.01861591450870037,0.444629430770874,0.0124273132532835,0.8082654476165771,0.7115249037742615,-0.011037428863346577,0.45217442512512207,0.20128251612186432,0.45773786306381226,0.7296011447906494,-0.033418431878089905,0.44461798667907715,0.016283152624964714,0.72819983959198,0.6692411303520203,-0.0011520662810653448,0.46497827768325806,0.15342088043689728,0.4761051535606384,0.7238829731941223,-0.03974801301956177,0.46381449699401855,-0.05767902731895447,0.7702270150184631,0.6583052277565002
4,136,True,0.3923873007297516,0.339069664478302,0.014712781645357609,0.9841082096099854,0.9887337684631348,0.3940964937210083,0.33546119928359985,0.02844170667231083,0.9860528707504272,0.9856810569763184,0.3940661549568176,0.33575162291526794,0.02836150862276554,0.9832121133804321,0.9849964380264282,0.3943650424480438,0.3357844650745392,0.028268035501241684,0.9877695441246033,0.9841780066490173,0.3928670287132263,0.33385151624679565,0.002106252359226346,0.9889063239097595,0.9868438839912415,0.3922801613807678,0.33287668228149414,0.002016868442296982,0.988385796546936,0.9873078465461731,0.39179012179374695,0.33192065358161926,0.0019945651292800903,0.9887523055076599,0.9867815375328064,0.385395884513855,0.33400702476501465,0.09199953824281693,0.9892612099647522,0.9830378293991089,0.38239508867263794,0.32995590567588806,-0.03571011871099472,0.9882531762123108,0.9853335022926331,0.3846975862979889,0.34103116393089294,0.04403889551758766,0.983020544052124,0.9760885834693909,0.3843417167663574,0.3388684093952179,0.00904790498316288,0.9793199896812439,0.9794123768806458,0.3439481854438782,0.3496537506580353,0.1554301381111145,0.9963150024414062,0.9765059351921082,0.3456587791442871,0.33610326051712036,-0.11713986843824387,0.9974726438522339,0.9779521822929382,0.4093950390815735,0.3543224036693573,0.21249274909496307,0.22999617457389832,0.9925813674926758,0.43122994899749756,0.34240227937698364,-0.16380833089351654,0.9650816917419434,0.9923302531242371,0.4545699656009674,0.3362712562084198,0.22705528140068054,0.2131853699684143,0.9861152172088623,0.4887273907661438,0.33079877495765686,-0.03028741478919983,0.8481448292732239,0.9856789708137512,0.4653433561325073,0.33096978068351746,0.22324959933757782,0.19321708381175995,0.977579653263092,0.5037525296211243,0.3270869851112366,-0.04544632136821747,0.7735763192176819,0.9734461307525635,0.4603593945503235,0.3296097218990326,0.21751810610294342,0.1940469741821289,0.9743044376373291,0.49467015266418457,0.3261468708515167,-0.03552640974521637,0.7636348009109497,0.9701901078224182,0.45582079887390137,0.3311890661716461,0.22034689784049988,0.21396297216415405,0.9791936278343201,0.488301157951355,0.3282144069671631,-0.025315942242741585,0.7356789708137512,0.9785013794898987,0.20183447003364563,0.40131863951683044,0.07117855548858643,0.9984534978866577,0.993986964225769,0.1910448521375656,0.3868533968925476,-0.07136791199445724,0.9986578822135925,0.9925956130027771,0.10145546495914459,0.434569776058197,0.09793034940958023,0.46796903014183044,0.9722235202789307,0.08412802964448929,0.4233110547065735,-0.03572656586766243,0.8734536170959473,0.9583635330200195,0.00825477484613657,0.4563428461551666,0.1844506561756134,0.42690417170524597,0.9252314567565918,-0.015729794278740883,0.44516581296920776,0.020777076482772827,0.8054867386817932,0.8868181705474854,-0.009157060645520687,0.4571495056152344,0.1912444680929184,0.4648083448410034,0.8984009623527527,-0.030650824308395386,0.4462354779243469,0.023362353444099426,0.717606782913208,0.8570865988731384,0.004264632239937782,0.47129732370376587,0.13335594534873962,0.4886242747306824,0.8804693222045898,-0.034295909106731415,0.4652217924594879,-0.06025432050228119,0.7674720883369446,0.8360782265663147
5,170,True,0.3934454619884491,0.33982765674591064,0.006668737158179283,0.985499918460846,0.9964975714683533,0.3941041827201843,0.33615878224372864,0.026573188602924347,0.987217903137207,0.9955311417579651,0.394062340259552,0.3362851142883301,0.026571718975901604,0.9844886064529419,0.995175838470459,0.39433425664901733,0.33616575598716736,0.02657380700111389,0.988743245601654,0.9947176575660706,0.3928980231285095,0.33468136191368103,-0.001064645010046661,0.989883303642273,0.9960078001022339,0.39226922392845154,0.33360159397125244,-0.001131152850575745,0.9893785715103149,0.9960903525352478,0.3917694091796875,0.3325161933898926,-0.0011271561961621046,0.9897539615631104,0.9958919286727905,0.3853321969509125,0.3350076973438263,0.0936524048447609,0.9901193976402283,0.9938376545906067,0.38215193152427673,0.3315160274505615,-0.04965050891041756,0.9893144369125366,0.9948204755783081,0.3858705759048462,0.3416139483451843,0.041897550225257874,0.9843943119049072,0.9885407090187073,0.3849085569381714,0.33938923478126526,0.005503192078322172,0.981115460395813,0.9905887842178345,0.34854307770729065,0.3486967086791992,0.16307510435581207,0.9958990812301636,0.9780939221382141,0.3456214368343353,0.3392300307750702,-0.1370132714509964,0.9973871111869812,0.9834460616111755,0.42134398221969604,0.3529943823814392,0.21348999440670013,0.25107407569885254,0.9940301179885864,0.43263596296310425,0.3430507779121399,-0.19188645482063293,0.9673494100570679,0.9927929639816284,0.47339046001434326,0.334974467754364,0.21893250942230225,0.23600473999977112,0.9869765639305115,0.49201229214668274,0.3315421938896179,-0.120820552110672,0.8557868599891663,0.9845117330551147,0.485939621925354,0.32981058955192566,0.22219818830490112,0.2122482806444168,0.9788728952407837,0.5037816166877747,0.3276485502719879,-0.14448398351669312,0.7825362086296082,0.9721466898918152,0.48068827390670776,0.3283628523349762,0.208304300904274,0.21278034150600433,0.9763107299804688,0.4957931935787201,0.32873567938804626,-0.1302192211151123,0.7725664377212524,0.9707569479942322,0.47593316435813904,0.3301088213920593,0.21226611733436584,0.23459669947624207,0.980485200881958,0.49174240231513977,0.32748931646347046,-0.1152852475643158,0.7461942434310913,0.9780908823013306,0.20628990232944489,0.4056963324546814,0.07180016487836838,0.9983911514282227,0.9899923205375671,0.19864141941070557,0.39307838678359985,-0.07182197272777557,0.9986069798469543,0.9895634055137634,0.10615428537130356,0.44090142846107483,0.1035415530204773,0.47821155190467834,0.9785599112510681,0.09218408912420273,0.4324193596839905,-0.05845396965742111,0.8778759837150574,0.967985212802887,0.009264474734663963,0.4608071744441986,0.18008504807949066,0.4443953335285187,0.9490330219268799,-0.010553721338510513,0.45290201902389526,-0.0164707750082016,0.813416063785553,0.9170796275138855,-0.008064759895205498,0.4585743546485901,0.18490128219127655,0.4820358455181122,0.9238220453262329,-0.030665133148431778,0.46001023054122925,-0.015643266960978508,0.7241693139076233,0.8896124958992004,0.003185506444424391,0.4815756380558014,0.1237577423453331,0.5067225694656372,0.9096381068229675,-0.02505425550043583,0.4764966368675232,-0.10671768337488174,0.7750033736228943,0.8705666661262512
6,204,True,0.3931693732738495,0.3449293076992035,0.0487312413752079,0.9861269593238831,0.9889333248138428,0.3935598134994507,0.34223467111587524,0.0645660012960434,0.9873926639556885,0.9850841164588928,0.393608421087265,0.34264570474624634,0.06455402821302414,0.9844166040420532,0.9843106269836426,0.3940539062023163,0.3427354097366333,0.06449708342552185,0.9888424277305603,0.9833260774612427,0.39209216833114624,0.3401186764240265,0.033638566732406616,0.9901507496833801,0.9866002202033997,0.39072027802467346,0.3382422626018524,0.03348987177014351,0.9896363019943237,0.9872683882713318,0.3901206851005554,0.33711880445480347,0.03349969536066055,0.9901304244995117,0.9871019124984741,0.38515159487724304,0.34098130464553833,0.13535350561141968,0.9901267886161804,0.9808847904205322,0.381184458732605,0.33617332577705383,-0.006999258417636156,0.9897214770317078,0.9851282238960266,0.38529178500175476,0.3479291796684265,0.07964081317186356,0.9843201637268066,0.9697997570037842,0.38451844453811646,0.3447720408439636,0.038936130702495575,0.9815685749053955,0.9761383533477783,0.3516826331615448,0.35662680864334106,0.20772618055343628,0.9953073263168335,0.9660285115242004,0.34607598185539246,0.34088134765625,-0.10277532786130905,0.9972268342971802,0.9845766425132751,0.4197462201118469,0.36486130952835083,0.27743256092071533,0.24980050325393677,0.9889882206916809,0.43196237087249756,0.34520038962364197,-0.1644964963197708,0.9676650166511536,0.994157075881958,0.46868133544921875,0.35342782735824585,0.30323541164398193,0.23229587078094482,0.9843801259994507,0.4907552897930145,0.3314068913459778,-0.048416510224342346,0.8525949716567993,0.9893564581871033,0.480939656496048,0.35065197944641113,0.3085324466228485,0.2087859958410263,0.9805831909179688,0.5029029250144958,0.32977062463760376,-0.0652611255645752,0.7779430150985718,0.9819111227989197,0.4759941101074219,0.35024625062942505,0.29496365785598755,0.2092500776052475,0.9773941040039062,0.4956617057323456,0.32858341932296753,-0.04948315769433975,0.7676175236701965,0.9792389273643494,0.47367364168167114,0.35086145997047424,0.29463404417037964,0.23092511296272278,0.9801788926124573,0.49152886867523193,0.3298342525959015,-0.041154827922582626,0.7420238852500916,0.9846088886260986,0.21210700273513794,0.4136923849582672,0.07218293845653534,0.9982170462608337,0.9888672232627869,0.2022002786397934,0.40022143721580505,-0.07224763929843903,0.9984645843505859,0.9895747303962708,0.10837326943874359,0.4509965777397156,0.08431491255760193,0.48549020290374756,0.9802614450454712,0.0985516831278801,0.44401222467422485,-0.08649393916130066,0.8761835694313049,0.9775546789169312,0.0010439115576446056,0.4695940613746643,0.12575973570346832,0.463273823261261,0.9689291715621948,-0.01293938048183918,0.4650952219963074,-0.068820059299469,0.8181427717208862,0.9594104290008545,-0.017059113830327988,0.46655672788619995,0.12700527906417847,0.5009081363677979,0.9571000933647156,-0.032040998339653015,0.4659806191921234,-0.0700649842619896,0.7266507148742676,0.9481737613677979,-0.003552127629518509,0.4897712767124176,0.06539793312549591,0.5254237651824951,0.9448504447937012,-0.025586161762475967,0.48571324348449707,-0.15611809492111206,0.7805225253105164,0.932038426399231
7,238,True,0.39289364218711853,0.34916189312934875,0.03656596690416336,0.9872118830680847,0.9963345527648926,0.3934786021709442,0.3475801646709442,0.052147213369607925,0.988214910030365,0.9953189492225647,0.39353060722351074,0.34760865569114685,0.05210375785827637,0.9853620529174805,0.9950129389762878,0.3939289450645447,0.3475913107395172,0.052014246582984924,0.9895856976509094,0.9944846034049988,0.39130541682243347,0.3450656533241272,0.019590508192777634,0.9909558296203613,0.9959390163421631,0.389257550239563,0.34317922592163086,0.019423963502049446,0.9905105233192444,0.9961414933204651,0.3886553943157196,0.34233757853507996,0.019431013613939285,0.9909721612930298,0.9959619641304016,0.3838236927986145,0.34679052233695984,0.12598606944084167,0.9908177852630615,0.9934413433074951,0.3785012662410736,0.34264877438545227,-0.023569965735077858,0.99061518907547,0.9955022931098938,0.38454097509384155,0.35371845960617065,0.06709612160921097,0.985156238079071,0.9853449463844299,0.3840073347091675,0.35131382942199707,0.024213427677750587,0.9829022288322449,0.9887017011642456,0.3518960773944855,0.36278271675109863,0.19580093026161194,0.994452178478241,0.9752364158630371,0.3403216302394867,0.3517531156539917,-0.11470154672861099,0.9971351623535156,0.9877661466598511,0.41050562262535095,0.3604631721973419,0.26822197437286377,0.2530148923397064,0.9964107871055603,0.4273762106895447,0.3496343493461609,-0.17091703414916992,0.9673997759819031,0.9969648718833923,0.45828014612197876,0.34069904685020447,0.3051978647708893,0.23764924705028534,0.98972487449646,0.4791105091571808,0.33398786187171936,-0.05440003052353859,0.8454545140266418,0.9936085939407349,0.47106942534446716,0.3357481360435486,0.3093464970588684,0.21377626061439514,0.9846649765968323,0.49225136637687683,0.32986980676651,-0.07169976830482483,0.7692624926567078,0.9890390634536743,0.4656693637371063,0.3376694321632385,0.2961399555206299,0.21406811475753784,0.9815241694450378,0.49050650000572205,0.3305954039096832,-0.056675005704164505,0.7589161396026611,0.9871634244918823,0.46112462878227234,0.3393900394439697,0.29570913314819336,0.2366340160369873,0.9849086999893188,0.4856112599372864,0.33340954780578613,-0.0478551872074604,0.7347789406776428,0.9905902147293091,0.21402569115161896,0.4292769432067871,0.08554191887378693,0.9982871413230896,0.9963381290435791,0.20239469408988953,0.41546955704689026,-0.08562132716178894,0.9985307455062866,0.9970539808273315,0.10826846212148666,0.46903616189956665,0.09803057461977005,0.47920793294906616,0.986575186252594,0.09892787784337997,0.46189451217651367,-0.08324343711137772,0.8781315088272095,0.9895859360694885,0.005632044281810522,0.47061604261398315,0.19268286228179932,0.46108004450798035,0.981236457824707,-0.0005645199562422931,0.46576231718063354,-0.023441974073648453,0.8262274861335754,0.9851699471473694,-0.014181711710989475,0.4650696814060211,0.19923534989356995,0.5089961886405945,0.9759405255317688,-0.009998241439461708,0.46354880928993225,-0.019045323133468628,0.73776775598526,0.9815271496772766,-0.012429607100784779,0.48679429292678833,0.13268619775772095,0.5304029583930969,0.9694283604621887,-0.02412363514304161,0.4840773940086365,-0.08722865581512451,0.7908704876899719,0.9712405800819397
8,272,True,0.3925735354423523,0.3569202721118927,0.10434842854738235,0.9870758652687073,0.9905198812484741,0.39250603318214417,0.3545742630958557,0.11691440641880035,0.9877389669418335,0.987726628780365,0.39252614974975586,0.35475045442581177,0.11692581325769424,0.9844173789024353,0.9867776036262512,0.39289888739585876,0.3546927869319916,0.1168593168258667,0.98907470703125,0.9853723645210266,0.3905786871910095,0.35327503085136414,0.08519093692302704,0.9910839200019836,0.9899581074714661,0.3888218402862549,0.35257819294929504,0.08501534163951874,0.9906796216964722,0.9908668994903564,0.3882348835468292,0.35194653272628784,0.08503741025924683,0.9912502765655518,0.9911885261535645,0.3814631700515747,0.3545973002910614,0.1701618880033493,0.990412712097168,0.9820980429649353,0.3783479332923889,0.3511379063129425,0.02596018835902214,0.9909476637840271,0.9903115034103394,0.3842622637748718,0.36031749844551086,0.12776269018650055,0.9835906624794006,0.9658752083778381,0.38375189900398254,0.35875770449638367,0.08567807078361511,0.9824457168579102,0.9772688746452332,0.3434542715549469,0.3685949742794037,0.23035100102424622,0.9930232167243958,0.9612926840782166,0.3404269814491272,0.36111223697662354,-0.07424460351467133,0.9970792531967163,0.9886026382446289,0.4033588469028473,0.36251866817474365,0.3149695098400116,0.24961182475090027,0.9946042895317078,0.4296831786632538,0.35785552859306335,-0.08005984872579575,0.9637328386306763,0.9953901767730713,0.4458311200141907,0.3421207368373871,0.3605991005897522,0.238937646150589,0.9885978698730469,0.4761884808540344,0.3353070020675659,0.06781870871782303,0.8305448293685913,0.9890164136886597,0.45491209626197815,0.3369061350822449,0.37062254548072815,0.21807393431663513,0.984027624130249,0.4885241687297821,0.32946011424064636,0.05819641053676605,0.7561530470848083,0.982141375541687,0.45176172256469727,0.3380083739757538,0.35599976778030396,0.21784456074237823,0.9798163771629333,0.4809858202934265,0.3296758830547333,0.0664389505982399,0.7456202507019043,0.978507399559021,0.4485507905483246,0.33997318148612976,0.3516889214515686,0.24118377268314362,0.9837730526924133,0.47576314210891724,0.3323555588722229,0.07308870553970337,0.7237802147865295,0.9844287633895874,0.21709533035755157,0.43566346168518066,0.0930967628955841,0.9981199502944946,0.9844958782196045,0.21025153994560242,0.4259273409843445,-0.093199722468853,0.9985024929046631,0.9883850812911987,0.12187549471855164,0.4724411368370056,0.10088248550891876,0.47134634852409363,0.9793157577514648,0.11473515629768372,0.4739590287208557,-0.08504176884889603,0.8756992816925049,0.9847805500030518,0.013447224162518978,0.4937942624092102,0.15020526945590973,0.4669465124607086,0.9818434119224548,0.0042670536786317825,0.4968017041683197,-0.1070135235786438,0.8315158486366272,0.9784026145935059,-0.0058801546692848206,0.4898528456687927,0.15284326672554016,0.5330628752708435,0.978908896446228,-0.010388812981545925,0.49610215425491333,-0.11182807385921478,0.7470362782478333,0.9732332825660706,-0.008958668448030949,0.5135205984115601,0.10331884026527405,0.541183352470398,0.975818395614624,-0.019893338903784752,0.5240216255187988,-0.19645148515701294,0.7968385815620422,0.9650415182113647
9,306,True,0.3907451927661896,0.3647305369377136,0.07297678291797638,0.988152027130127,0.9965676069259644,0.3894987404346466,0.36261844635009766,0.09560587257146835,0.9886394143104553,0.995571494102478,0.3882780373096466,0.36204543709754944,0.09543430805206299,0.985477864742279,0.9953218102455139,0.3871247172355652,0.3614640235900879,0.09515558928251266,0.9898437261581421,0.9949964284896851,0.38966959714889526,0.36206263303756714,0.058395106345415115,0.9918038845062256,0.9955337047576904,0.38829612731933594,0.36193186044692993,0.05809491127729416,0.9914053082466125,0.995261013507843,0.3878798186779022,0.3615923821926117,0.05804082006216049,0.9919437766075134,0.9947587847709656,0.37768131494522095,0.36057743430137634,0.11498422920703888,0.9910351634025574,0.9926922917366028,0.3778286874294281,0.3618968427181244,-0.015420726500451565,0.9916279911994934,0.9914023280143738,0.384188175201416,0.36671286821365356,0.12693119049072266,0.9847198724746704,0.9834128618240356,0.38358747959136963,0.3664260506629944,0.07173793762922287,0.9836845397949219,0.9842356443405151,0.3335011899471283,0.3727266192436218,0.15863355994224548,0.9915593862533569,0.9755659699440002,0.34766894578933716,0.38097476959228516,-0.11025846004486084,0.9966362118721008,0.9669555425643921,0.40101271867752075,0.3598342537879944,0.18722869455814362,0.26161691546440125,0.9975380897521973,0.43124622106552124,0.3641500174999237,-0.18639427423477173,0.9654754996299744,0.9934614896774292,0.4603753685951233,0.3399374485015869,0.16625788807868958,0.26600512862205505,0.9932069182395935,0.47965312004089355,0.33919161558151245,-0.16736403107643127,0.8411775231361389,0.9857524037361145,0.4737453758716583,0.3342610001564026,0.15737399458885193,0.24651585519313812,0.9884054660797119,0.4896916151046753,0.3327072262763977,-0.20091994106769562,0.771172046661377,0.979042649269104,0.47087958455085754,0.33589744567871094,0.14057403802871704,0.2465699017047882,0.9868459701538086,0.48169946670532227,0.3340471386909485,-0.19150634109973907,0.7612214684486389,0.9786791205406189,0.46712616086006165,0.33812272548675537,0.15387378633022308,0.27020055055618286,0.9894178509712219,0.47843632102012634,0.33490318059921265,-0.16507293283939362,0.7393476366996765,0.9824496507644653,0.21516527235507965,0.44327473640441895,0.09274183958768845,0.9980908632278442,0.9943575263023376,0.2132216840982437,0.4443973898887634,-0.09275800734758377,0.9984498620033264,0.9929556846618652,0.12048859894275665,0.48479241132736206,0.1055888906121254,0.46748846769332886,0.9871827363967896,0.1146312803030014,0.49288907647132874,-0.07756508886814117,0.8786831498146057,0.9803312420845032,0.015359221957623959,0.5173152089118958,0.15781007707118988,0.48138999938964844,0.9677315950393677,0.009866752661764622,0.5222879648208618,-0.04918350651860237,0.8378527164459229,0.9602205753326416,-0.0016496898606419563,0.5149820446968079,0.15999835729599,0.5429164171218872,0.9518701434135437,-0.00445693451911211,0.521558403968811,-0.04874647408723831,0.7532204389572144,0.9481077194213867,0.0023697817232459784,0.5350220203399658,0.09700009971857071,0.5540603995323181,0.9443230032920837,-0.012094142846763134,0.545225977897644,-0.13248379528522491,0.8021473288536072,0.9398453831672668
10,340,True,0.39796531200408936,0.37633779644966125,0.011652839370071888,0.9892149567604065,0.9993875026702881,0.3963010609149933,0.3718443512916565,0.033066119998693466,0.9896574020385742,0.9992460012435913,0.3955620527267456,0.3720167875289917,0.033124394714832306,0.9867039322853088,0.9991588592529297,0.39489924907684326,0.37200385332107544,0.033035166561603546,0.9907275438308716,0.9990164041519165,0.3953683078289032,0.37094005942344666,-0.007156770210713148,0.992556095123291,0.9993661046028137,0.3938571810722351,0.37059199810028076,-0.007355630397796631,0.9921765923500061,0.9993745684623718,0.3928382396697998,0.3700483441352844,-0.007340652868151665,0.9926888942718506,0.9993594288825989,0.3827641010284424,0.3717637360095978,0.10620367527008057,0.9917842745780945,0.9985861778259277,0.38222748041152954,0.36867907643318176,-0.06332935392856598,0.99238520860672,0.9990426898002625,0.39282992482185364,0.3787623643875122,0.05201506242156029,0.9858642816543579,0.9957471489906311,0.39174872636795044,0.37766245007514954,-0.0029257761780172586,0.9849947094917297,0.9969362020492554,0.35136014223098755,0.3865317404270172,0.16401150822639465,0.9901841878890991,0.9856063723564148,0.3522225618362427,0.37779828906059265,-0.16371378302574158,0.9965870380401611,0.9958199262619019,0.4167771339416504,0.36952707171440125,0.19818882644176483,0.2556484341621399,0.9972302317619324,0.4394252300262451,0.36061152815818787,-0.2745678126811981,0.9669152498245239,0.9974929094314575,0.45594945549964905,0.34748896956443787,0.16012589633464813,0.2712022066116333,0.9927800297737122,0.4853748381137848,0.3390118181705475,-0.24305394291877747,0.8492344617843628,0.9896968603134155,0.4627006947994232,0.34023982286453247,0.15300500392913818,0.25594937801361084,0.9911792874336243,0.4897822141647339,0.33239230513572693,-0.27678149938583374,0.7824875712394714,0.985453724861145,0.45934274792671204,0.34131568670272827,0.14028234779834747,0.25541961193084717,0.9896699786186218,0.4851101338863373,0.333928644657135,-0.2589208483695984,0.7727471590042114,0.9846273064613342,0.4575338661670685,0.34436824917793274,0.14833876490592957,0.27938246726989746,0.9906512498855591,0.4826297461986542,0.3337669372558594,-0.23735222220420837,0.7520337700843811,0.9874032735824585,0.23690353333950043,0.45801132917404175,0.10767874121665955,0.9981136918067932,0.9969388246536255,0.2254188060760498,0.4495328962802887,-0.10758823901414871,0.9985299706459045,0.9980450868606567,0.15136785805225372,0.5027281045913696,0.11510234326124191,0.4893835186958313,0.9968329071998596,0.13791528344154358,0.5039070844650269,-0.094882532954216,0.8891338109970093,0.9976947903633118,0.045305654406547546,0.5342954397201538,0.18558862805366516,0.5147619247436523,0.9980747699737549,0.030272899195551872,0.5365025997161865,-0.053933508694171906,0.8520653247833252,0.9967940449714661,0.02446596324443817,0.5335773229598999,0.1814998835325241,0.5799148082733154,0.9975507855415344,0.008047363720834255,0.5369831919670105,-0.05403676629066467,0.7739035487174988,0.9960731267929077,0.043655943125486374,0.5610243082046509,0.13273979723453522,0.5857886075973511,0.9971551895141602,0.02694028802216053,0.5690123438835144,-0.15319640934467316,0.8185327649116516,0.9945427179336548
11,374,True,0.4026412069797516,0.378864049911499,0.025579184293746948,0.9893495440483093,0.9973151087760925,0.40135252475738525,0.3764382302761078,0.04580758512020111,0.9897454380989075,0.9967982172966003,0.40112635493278503,0.37666207551956177,0.04588576778769493,0.9865908026695251,0.9964684247970581,0.40098538994789124,0.376687616109848,0.04581991210579872,0.9907954931259155,0.9958657026290894,0.39927834272384644,0.37558668851852417,0.009365047328174114,0.9924869537353516,0.9973524808883667,0.3976837992668152,0.3752458095550537,0.009171374142169952,0.9920708537101746,0.9975334405899048,0.3964894711971283,0.3747488558292389,0.009171053767204285,0.9927539825439453,0.9975969195365906,0.39089155197143555,0.37657132744789124,0.12223798781633377,0.9914904832839966,0.9947528839111328,0.38715383410453796,0.37427854537963867,-0.03412197157740593,0.9922655820846558,0.9969140291213989,0.39748263359069824,0.383662611246109,0.061628129333257675,0.985020101070404,0.9909476637840271,0.39578089118003845,0.3821888566017151,0.013385389931499958,0.9838063716888428,0.9927543997764587,0.3636907935142517,0.39755088090896606,0.20452897250652313,0.9899657964706421,0.9860410094261169,0.357404500246048,0.3827652633190155,-0.15111708641052246,0.9965990781784058,0.9966620206832886,0.39693450927734375,0.4155152440071106,0.2755565345287323,0.24447830021381378,0.9930645823478699,0.4534469544887543,0.3691195249557495,-0.24610568583011627,0.9667686223983765,0.9982744455337524,0.3851621448993683,0.42495793104171753,0.2565042972564697,0.25786086916923523,0.988667905330658,0.4884643852710724,0.33856067061424255,-0.21301110088825226,0.8488368988037109,0.9859365224838257,0.3802179992198944,0.4277782440185547,0.26005762815475464,0.24440759420394897,0.9890047907829285,0.49005135893821716,0.33278563618659973,-0.21570812165737152,0.7819123268127441,0.9782646894454956,0.37597042322158813,0.42739805579185486,0.23273859918117523,0.24461707472801208,0.9870253205299377,0.48624610900878906,0.33276107907295227,-0.2026444524526596,0.7722595930099487,0.9747979044914246,0.3777509331703186,0.42626112699508667,0.2404203563928604,0.2678881883621216,0.9875531196594238,0.484589546918869,0.3351605534553528,-0.19288523495197296,0.7529027462005615,0.9801477193832397,0.2530263066291809,0.47082871198654175,0.10764485597610474,0.9980913996696472,0.9960630536079407,0.24191619455814362,0.46256813406944275,-0.10765153914690018,0.9986027479171753,0.997927188873291,0.16907761991024017,0.5175753831863403,0.12419883161783218,0.48862171173095703,0.9946002960205078,0.1573813259601593,0.5173213481903076,-0.08836560696363449,0.8941655158996582,0.9971393346786499,0.06785184144973755,0.5515647530555725,0.18962374329566956,0.5234093070030212,0.9964062571525574,0.04974152147769928,0.5549305081367493,-0.06101236492395401,0.8607574105262756,0.995965838432312,0.04574417695403099,0.553359866142273,0.1922672837972641,0.5932950377464294,0.9952764511108398,0.0244689229875803,0.5588628053665161,-0.06307066977024078,0.7843615412712097,0.994198203086853,0.07206439971923828,0.5785679817199707,0.13836710155010223,0.5994983911514282,0.9950309991836548,0.05971018970012665,0.5885366797447205,-0.1670127511024475,0.82892906665802,0.9920386075973511
12,408,True,0.4136263132095337,0.39187347888946533,0.2272612750530243,0.989993155002594,0.9998408555984497,0.41221415996551514,0.38901785016059875,0.2568933963775635,0.9903000593185425,0.9997861981391907,0.4125292897224426,0.3893698453903198,0.2569386661052704,0.987282931804657,0.9997547268867493,0.41327640414237976,0.38961178064346313,0.256970077753067,0.9913121461868286,0.9997029900550842,0.4076210558414459,0.3871419429779053,0.22377830743789673,0.9928790330886841,0.999855637550354,0.4059872031211853,0.3865414559841156,0.22342562675476074,0.9925276637077332,0.9998811483383179,0.40486887097358704,0.38573595881462097,0.22343619167804718,0.9932387471199036,0.9998923540115356,0.4024227261543274,0.390070378780365,0.34971264004707336,0.9917754530906677,0.9997041821479797,0.39521631598472595,0.3831973373889923,0.20243430137634277,0.9927812218666077,0.9999105930328369,0.40755170583724976,0.3970709443092346,0.26077431440353394,0.9857849478721619,0.9997184872627258,0.403803288936615,0.3941899538040161,0.21732953190803528,0.9846112132072449,0.9998300075531006,0.3735397458076477,0.42181068658828735,0.40214189887046814,0.9908908009529114,0.9991306662559509,0.36328619718551636,0.3889802098274231,0.06826028227806091,0.9969298839569092,0.9999394416809082,0.3969871401786804,0.45165005326271057,0.5637913942337036,0.23659081757068634,0.9990949630737305,0.4487558901309967,0.3672863841056824,0.008892807178199291,0.9686295390129089,0.9999150037765503,0.38621267676353455,0.4651837944984436,0.6733271479606628,0.24847406148910522,0.9984873533248901,0.4840283989906311,0.3425033986568451,0.15667051076889038,0.8516110181808472,0.9991177916526794,0.38071751594543457,0.469627320766449,0.6968604922294617,0.2350669950246811,0.9983959794044495,0.4878554046154022,0.33580145239830017,0.14998464286327362,0.7817502021789551,0.9978762865066528,0.3784482777118683,0.4689265191555023,0.6721365451812744,0.23554474115371704,0.9981409311294556,0.485400527715683,0.3361547589302063,0.16479100286960602,0.7715485095977783,0.9973933696746826,0.3802269697189331,0.46680116653442383,0.6615394353866577,0.2586820721626282,0.9984419941902161,0.4832667410373688,0.3406221866607666,0.162932351231575,0.7533684968948364,0.9983507394790649,0.2842460870742798,0.48543423414230347,0.10504238307476044,0.9982432723045349,0.9992181062698364,0.27118736505508423,0.4728451669216156,-0.10509249567985535,0.998729944229126,0.99981290102005,0.19118374586105347,0.5391033887863159,0.0892980694770813,0.5094562768936157,0.9989721775054932,0.1742338240146637,0.528289794921875,-0.12154246121644974,0.8998212218284607,0.9997153878211975,0.08480124920606613,0.5715274214744568,0.09842072427272797,0.543665885925293,0.9994304776191711,0.07183360308408737,0.5717564821243286,-0.19132950901985168,0.8684152364730835,0.999278724193573,0.05995755270123482,0.5735357999801636,0.09205599874258041,0.6186928153038025,0.9992303848266602,0.04664136469364166,0.5753047466278076,-0.20475730299949646,0.7962083220481873,0.998785674571991,0.09035386890172958,0.5981453061103821,0.005129563622176647,0.6254204511642456,0.9984351992607117,0.07746325433254242,0.602937638759613,-0.32890889048576355,0.8404729962348938,0.9973192811012268
13,442,True,0.42716607451438904,0.3986046016216278,0.21621166169643402,0.9908167123794556,0.9997240900993347,0.42570608854293823,0.39351141452789307,0.2383887767791748,0.9910213351249695,0.9996515512466431,0.425775945186615,0.3937755525112152,0.23846939206123352,0.9881919026374817,0.999627947807312,0.4259587526321411,0.39383652806282043,0.2384495586156845,0.9919523000717163,0.9995890259742737,0.4228997230529785,0.3925967812538147,0.20554445683956146,0.9934466481208801,0.9997078776359558,0.4213203489780426,0.39223170280456543,0.20529064536094666,0.9931190609931946,0.9997246861457825,0.41993051767349243,0.39161935448646545,0.20535197854042053,0.9937885999679565,0.9997352957725525,0.4129612445831299,0.39415544271469116,0.302045613527298,0.9922668933868408,0.9994982481002808,0.41004854440689087,0.3900676965713501,0.15398479998111725,0.9933311939239502,0.9996845722198486,0.42193734645843506,0.40171003341674805,0.23903204500675201,0.9864997863769531,0.9989039897918701,0.41981327533721924,0.4002567231655121,0.19561146199703217,0.9854241609573364,0.9991757273674011,0.3815755248069763,0.42519688606262207,0.33919161558151245,0.9914281368255615,0.9972878694534302,0.37995097041130066,0.400439977645874,0.01967686414718628,0.9971436858177185,0.9995071887969971,0.4112192690372467,0.43060502409935,0.415303498506546,0.22438260912895203,0.9989104270935059,0.45625758171081543,0.3784969747066498,-0.046974584460258484,0.9668444395065308,0.999619722366333,0.4271712899208069,0.42697057127952576,0.4604608416557312,0.2484363168478012,0.9983841180801392,0.48631545901298523,0.34247836470603943,0.03983726724982262,0.8547378778457642,0.9979904890060425,0.42681995034217834,0.42604827880859375,0.4738070070743561,0.24197736382484436,0.9982863068580627,0.4882339537143707,0.33495819568634033,0.024817153811454773,0.7886437773704529,0.9969342947006226,0.4292687773704529,0.4257054924964905,0.4553155303001404,0.24195073544979095,0.9978306889533997,0.48544391989707947,0.3353595733642578,0.038325000554323196,0.7784006595611572,0.9963334798812866,0.429767906665802,0.4255872666835785,0.4493335783481598,0.2650437653064728,0.9982201457023621,0.4846125841140747,0.3388366401195526,0.045036301016807556,0.7610828876495361,0.9973172545433044,0.3028116226196289,0.49545565247535706,0.10355522483587265,0.998378574848175,0.9991846680641174,0.3016045391559601,0.4885794222354889,-0.10361511260271072,0.9988349080085754,0.9996380805969238,0.21077297627925873,0.545827329158783,0.07284700870513916,0.5482327938079834,0.9993517994880676,0.20538024604320526,0.5420643091201782,-0.14678579568862915,0.907469630241394,0.999601423740387,0.09969145804643631,0.5816534757614136,0.0673777312040329,0.5836163759231567,0.9996953010559082,0.09241358190774918,0.5774014592170715,-0.1766616255044937,0.8790416717529297,0.9996316432952881,0.0782264918088913,0.5836392045021057,0.05858621746301651,0.6538189053535461,0.9996097683906555,0.0731317475438118,0.580013632774353,-0.1856124848127365,0.8127067685127258,0.9995595812797546,0.09190002083778381,0.6081882119178772,-0.03644851595163345,0.6584560871124268,0.9992218017578125,0.08254256844520569,0.6033221483230591,-0.2936067283153534,0.8533043265342712,0.9991150498390198
14,476,True,0.4452948272228241,0.4020555913448334,0.16677787899971008,0.9917287230491638,0.9999895095825195,0.44333234429359436,0.397615909576416,0.1958639919757843,0.9919111728668213,0.9999860525131226,0.4436626434326172,0.3978518843650818,0.195929616689682,0.9893601536750793,0.9999841451644897,0.44377797842025757,0.39804330468177795,0.19599834084510803,0.9927488565444946,0.9999809265136719,0.43973270058631897,0.3971838355064392,0.15960504114627838,0.9940990209579468,0.9999903440475464,0.43746739625930786,0.39706486463546753,0.15932106971740723,0.9938042163848877,0.999991774559021,0.43503206968307495,0.39679425954818726,0.159345343708992,0.9944073557853699,0.9999920129776001,0.4328268766403198,0.40088313817977905,0.2949983477592468,0.9930305480957031,0.9999806880950928,0.4230429232120514,0.39694419503211975,0.13122789561748505,0.9939956665039062,0.999992847442627,0.4418204128742218,0.407498836517334,0.20093123614788055,0.9878135323524475,0.9999338388442993,0.4379159212112427,0.40603572130203247,0.15334247052669525,0.9868589639663696,0.9999620914459229,0.4133703410625458,0.4284366965293884,0.3480094373226166,0.9921998977661133,0.9990711212158203,0.3989638388156891,0.4104636609554291,0.008203417994081974,0.9974157214164734,0.9999001026153564,0.44310930371284485,0.4201207160949707,0.4549477994441986,0.2170320451259613,0.9994314312934875,0.45836591720581055,0.38795655965805054,-0.019137294963002205,0.9685680270195007,0.9998456239700317,0.4692566394805908,0.4119844436645508,0.5584346055984497,0.24110351502895355,0.9983805418014526,0.484334260225296,0.35475248098373413,0.1794770359992981,0.8549771904945374,0.999171257019043,0.474382609128952,0.4169534146785736,0.5834358930587769,0.23546132445335388,0.9980334639549255,0.48626983165740967,0.34206679463386536,0.18860436975955963,0.7859156727790833,0.9984468817710876,0.47205451130867004,0.4229775369167328,0.5682091116905212,0.23507080972194672,0.9975197911262512,0.48270756006240845,0.346482515335083,0.20044134557247162,0.7746601700782776,0.9979954957962036,0.4700917601585388,0.41593852639198303,0.5495230555534363,0.25855785608291626,0.9979844093322754,0.48299381136894226,0.3477093279361725,0.18835040926933289,0.7578872442245483,0.9986270666122437,0.34183600544929504,0.5089980363845825,0.106511689722538,0.9985321164131165,0.9996082186698914,0.3262716233730316,0.49823468923568726,-0.10654893517494202,0.9989449381828308,0.9998651742935181,0.26467499136924744,0.5703962445259094,0.04406226798892021,0.5837214589118958,0.9995843768119812,0.23725591599941254,0.5518922805786133,-0.17119942605495453,0.9157779216766357,0.9998018145561218,0.1484944075345993,0.6037320494651794,0.03731825202703476,0.6204878091812134,0.9997767806053162,0.11466073244810104,0.5815301537513733,-0.21650689840316772,0.8901892900466919,0.9996557235717773,0.12609413266181946,0.6074382066726685,0.03131117671728134,0.6836720705032349,0.9997161030769348,0.09748292714357376,0.5798502564430237,-0.22495406866073608,0.8288212418556213,0.9995538592338562,0.15424536168575287,0.6360768675804138,-0.05099952965974808,0.6891303658485413,0.9991100430488586,0.08444291353225708,0.6039125919342041,-0.33630016446113586,0.866771936416626,0.998711109161377
15,510,True,0.4667465090751648,0.4047324061393738,0.1494995504617691,0.9925437569618225,0.999976396560669,0.46525582671165466,0.4003937840461731,0.17848791182041168,0.9927045106887817,0.9999724626541138,0.4659730792045593,0.400743305683136,0.17853064835071564,0.9904046058654785,0.9999707937240601,0.46655210852622986,0.4010544419288635,0.17856523394584656,0.9934618473052979,0.9999680519104004,0.4605441689491272,0.39929360151290894,0.14194491505622864,0.9946815967559814,0.9999780654907227,0.4582911729812622,0.3989730179309845,0.14165879786014557,0.9944178462028503,0.9999805688858032,0.4558230936527252,0.3985307812690735,0.14169563353061676,0.994960367679596,0.999981164932251,0.45678380131721497,0.4037552773952484,0.2807745635509491,0.9937172532081604,0.9999765157699585,0.44432809948921204,0.39873629808425903,0.11393442004919052,0.994590699672699,0.9999866485595703,0.46453192830085754,0.41092047095298767,0.1845254749059677,0.988984227180481,0.9999291896820068,0.46043968200683594,0.4095541834831238,0.13650807738304138,0.9881349802017212,0.9999480247497559,0.43979814648628235,0.4337749481201172,0.3503781855106354,0.9929265975952148,0.9996218681335449,0.4231927692890167,0.41411352157592773,-0.004263785667717457,0.9976678490638733,0.9999542236328125,0.4450227916240692,0.45116108655929565,0.4855879545211792,0.20548893511295319,0.9993675351142883,0.46563971042633057,0.3828645348548889,-0.03983623534440994,0.9707408547401428,0.9999456405639648,0.4548690915107727,0.4544215798377991,0.5976765751838684,0.22715982794761658,0.9990173578262329,0.4845505654811859,0.3572876453399658,0.13346503674983978,0.8519687652587891,0.9995930790901184,0.45772072672843933,0.45545506477355957,0.6285378336906433,0.22255514562129974,0.9990028738975525,0.4866986870765686,0.34729403257369995,0.1354941427707672,0.7779788374900818,0.999016284942627,0.4553782045841217,0.4574245810508728,0.6010302305221558,0.22215569019317627,0.9987329840660095,0.4827672243118286,0.35377272963523865,0.15535247325897217,0.7659731507301331,0.9988116025924683,0.45389363169670105,0.4561174809932709,0.5855985879898071,0.2442810982465744,0.9989230036735535,0.48251694440841675,0.3575511574745178,0.1433384269475937,0.7502467632293701,0.9991875290870667,0.3867824077606201,0.5203720331192017,0.10783528536558151,0.9986737370491028,0.9998376369476318,0.3672099709510803,0.5101854801177979,-0.10787561535835266,0.999045729637146,0.999935507774353,0.30879661440849304,0.5851842164993286,0.059237413108348846,0.6085689067840576,0.9993434548377991,0.2904486656188965,0.5659315586090088,-0.18885134160518646,0.9231699109077454,0.9997584223747253,0.19006644189357758,0.6203256845474243,0.01123785600066185,0.6541617512702942,0.9996103644371033,0.14406515657901764,0.5729341506958008,-0.24966010451316833,0.9004552960395813,0.9997629523277283,0.16383500397205353,0.6207818984985352,0.0021462689619511366,0.710913896560669,0.999546468257904,0.12657317519187927,0.5673047304153442,-0.25606176257133484,0.8444501161575317,0.9997246861457825,0.17427699267864227,0.6536903381347656,-0.08256542682647705,0.7169401049613953,0.9988025426864624,0.10576394200325012,0.6006491184234619,-0.33909404277801514,0.879067063331604,0.9991769194602966
16,544,True,0.48392367362976074,0.41050291061401367,0.25514209270477295,0.993272602558136,0.9999951124191284,0.4814121723175049,0.40657171607017517,0.2894548773765564,0.9934135675430298,0.9999949932098389,0.48197945952415466,0.4069961905479431,0.28947392106056213,0.9913422465324402,0.9999945163726807,0.48177188634872437,0.4086185395717621,0.289545476436615,0.9941020011901855,0.9999936819076538,0.47663256525993347,0.40556731820106506,0.2611296474933624,0.995201826095581,0.9999963045120239,0.47452738881111145,0.4054201543331146,0.260772168636322,0.994968056678772,0.9999969005584717,0.47215473651885986,0.40514254570007324,0.26082643866539,0.9954554438591003,0.9999970197677612,0.4728267788887024,0.41134828329086304,0.38938891887664795,0.9943333864212036,0.9999954700469971,0.4599666893482208,0.40739259123802185,0.26184898614883423,0.9951252341270447,0.9999982118606567,0.48301011323928833,0.4166005253791809,0.2862693667411804,0.9900452494621277,0.9999922513961792,0.4780024588108063,0.41500401496887207,0.2491922378540039,0.9892802834510803,0.9999945163726807,0.45389285683631897,0.45042675733566284,0.4230707883834839,0.9936233758926392,0.9999606609344482,0.4431418180465698,0.41936999559402466,0.13658186793327332,0.9979003071784973,0.9999979734420776,0.47143691778182983,0.476392924785614,0.5462033748626709,0.20094828307628632,0.9998946189880371,0.4780516028404236,0.3783215880393982,0.11130605638027191,0.973099946975708,0.999997615814209,0.473604679107666,0.49547138810157776,0.6623701453208923,0.2183462679386139,0.9996660947799683,0.48784327507019043,0.354634165763855,0.31538161635398865,0.8514886498451233,0.999913215637207,0.474717378616333,0.5003094673156738,0.6918109059333801,0.21377088129520416,0.9996331930160522,0.4883230924606323,0.3461618721485138,0.3254466652870178,0.7689135074615479,0.9996763467788696,0.4737231433391571,0.5027556419372559,0.6644065976142883,0.21335482597351074,0.9995525479316711,0.48398271203041077,0.35374167561531067,0.34772470593452454,0.7556971311569214,0.9995906949043274,0.4721534848213196,0.5005697011947632,0.6498519778251648,0.23483024537563324,0.9996516704559326,0.48380208015441895,0.3574390411376953,0.32497674226760864,0.7430246472358704,0.9997701048851013,0.42878419160842896,0.5246690511703491,0.09844198077917099,0.9988049864768982,0.9999680519104004,0.4106268882751465,0.5133410692214966,-0.09835585206747055,0.9991402626037598,0.9999947547912598,0.3710934519767761,0.590727686882019,0.02937236614525318,0.6332955956459045,0.9997974038124084,0.3521345257759094,0.5745337009429932,-0.19842198491096497,0.9297828674316406,0.9999665021896362,0.24739836156368256,0.6193152666091919,-0.02887810952961445,0.6800550222396851,0.9998670816421509,0.19873236119747162,0.5731571912765503,-0.2962844967842102,0.9093385934829712,0.9999161958694458,0.22520746290683746,0.6128171682357788,-0.04067154601216316,0.7342865467071533,0.9998478889465332,0.18512649834156036,0.5696032643318176,-0.30882352590560913,0.8587271571159363,0.9998859167098999,0.21197183430194855,0.6414755582809448,-0.11236180365085602,0.740380048751831,0.9994826316833496,0.1477992981672287,0.601371169090271,-0.3878914713859558,0.8899950981140137,0.9995760321617126
17,578,True,0.4897235333919525,0.4095830023288727,0.2720736563205719,0.9938589334487915,0.9999337196350098,0.48660480976104736,0.40731510519981384,0.29783496260643005,0.9939798712730408,0.9999357461929321,0.4843035042285919,0.4073081612586975,0.2978418171405792,0.9921109676361084,0.9999340772628784,0.4839293658733368,0.4075499475002289,0.29785656929016113,0.9946323037147522,0.9999303817749023,0.4833149015903473,0.4068116545677185,0.26950889825820923,0.9956253170967102,0.9999436140060425,0.48387154936790466,0.40446582436561584,0.2691721022129059,0.9954275488853455,0.9999477863311768,0.4829200804233551,0.4041926860809326,0.2692112922668457,0.9958618879318237,0.9999474287033081,0.4781361520290375,0.41196125745773315,0.36167898774147034,0.9948338866233826,0.999944806098938,0.4741783142089844,0.40770870447158813,0.23281022906303406,0.9955639839172363,0.9999594688415527,0.48765745759010315,0.4155375361442566,0.29083651304244995,0.9908064603805542,0.9998888969421387,0.48678550124168396,0.4147903323173523,0.25370705127716064,0.9900830388069153,0.9998964071273804,0.46220862865448,0.45127010345458984,0.37587684392929077,0.9942030310630798,0.9997485280036926,0.4604019522666931,0.425894170999527,0.0970987007021904,0.9981021881103516,0.9999717473983765,0.4548168480396271,0.4709426462650299,0.49199730157852173,0.18458619713783264,0.999648928642273,0.4850294291973114,0.38914352655410767,0.050948139280080795,0.9719525575637817,0.9999830722808838,0.4616748094558716,0.49055761098861694,0.6127125024795532,0.2015438973903656,0.9992254972457886,0.48550426959991455,0.36790159344673157,0.20127613842487335,0.8370068073272705,0.9996466636657715,0.4634707272052765,0.4959053099155426,0.6587103009223938,0.19896993041038513,0.9991907477378845,0.48234057426452637,0.36037296056747437,0.20463691651821136,0.7517821788787842,0.9990260601043701,0.4619520902633667,0.4992096424102783,0.611240029335022,0.1986352950334549,0.9989916682243347,0.47810402512550354,0.3671298325061798,0.22426223754882812,0.7378804087638855,0.9988277554512024,0.46058374643325806,0.4964691698551178,0.5916939377784729,0.218523770570755,0.9991771578788757,0.47863128781318665,0.37058863043785095,0.2099606990814209,0.7261719107627869,0.9992395639419556,0.46113014221191406,0.526659369468689,0.09207788109779358,0.9989225268363953,0.9999529123306274,0.4551219940185547,0.5191930532455444,-0.09208856523036957,0.9992245435714722,0.9999886751174927,0.4141847491264343,0.597909688949585,0.031049000099301338,0.639915406703949,0.9994297623634338,0.4032086133956909,0.5749675035476685,-0.18848854303359985,0.9342259168624878,0.9998767375946045,0.30741214752197266,0.621770441532135,-0.013699706643819809,0.6940035223960876,0.9995997548103333,0.2680116891860962,0.5730109810829163,-0.25235599279403687,0.9156386256217957,0.999841570854187,0.28580790758132935,0.6136783361434937,-0.02395448088645935,0.7490965127944946,0.9995452761650085,0.2521093785762787,0.5617521405220032,-0.26060807704925537,0.8704078793525696,0.9998132586479187,0.2743029296398163,0.6374781727790833,-0.08801902830600739,0.755049467086792,0.9990471005439758,0.22761060297489166,0.5938420295715332,-0.32368141412734985,0.8980437517166138,0.999481737613678
18,612,True,0.5126599669456482,0.41145554184913635,0.05479685962200165,0.9923290014266968,0.9835303425788879,0.5042862296104431,0.4077523648738861,0.06811636686325073,0.9913070201873779,0.9850319623947144,0.5032795667648315,0.4077904224395752,0.06813919544219971,0.9890316128730774,0.9843723773956299,0.5026060938835144,0.4078749716281891,0.06803826987743378,0.9921169281005859,0.983212411403656,0.503800094127655,0.4076717495918274,0.03199019283056259,0.9940376877784729,0.9878133535385132,0.5027183294296265,0.40733107924461365,0.03179147094488144,0.9941630959510803,0.988821268081665,0.5011553764343262,0.4073726534843445,0.03168531507253647,0.9945964813232422,0.9895560145378113,0.4932256042957306,0.41091489791870117,0.13118812441825867,0.9909285306930542,0.9851917028427124,0.4876164197921753,0.409492552280426,-0.030116450041532516,0.9940016269683838,0.9917574524879456,0.5114220380783081,0.4167112410068512,0.08246158063411713,0.9878288507461548,0.9857780933380127,0.5109853148460388,0.41685327887535095,0.03580516204237938,0.9877637624740601,0.9892458319664001,0.49816054105758667,0.44267162680625916,0.225723534822464,0.9943168759346008,0.9956828355789185,0.47448912262916565,0.42757710814476013,-0.1419004499912262,0.9982349276542664,0.999233603477478,0.4903286099433899,0.4765346050262451,0.2949299216270447,0.16813357174396515,0.9905046820640564,0.4781385064125061,0.44753527641296387,-0.25836968421936035,0.9674786925315857,0.9978005290031433,0.4822308123111725,0.5090123414993286,0.2837391495704651,0.1845979243516922,0.9746086597442627,0.48618847131729126,0.4650786519050598,-0.28322529792785645,0.8244532942771912,0.9882928729057312,0.47898802161216736,0.5199347734451294,0.2945583462715149,0.18327537178993225,0.9773433208465576,0.48252254724502563,0.47070401906967163,-0.31881168484687805,0.7425161600112915,0.984546959400177,0.47960609197616577,0.5182930827140808,0.26379919052124023,0.18308980762958527,0.975896954536438,0.48718222975730896,0.46966487169265747,-0.2994576394557953,0.7286561727523804,0.9847020506858826,0.481658935546875,0.5145679712295532,0.26902511715888977,0.20118409395217896,0.9737066030502319,0.4861774146556854,0.4686281681060791,-0.2760775089263916,0.7138825058937073,0.9850825071334839,0.5092721581459045,0.5315984487533569,0.10907752811908722,0.9989614486694336,0.9986978769302368,0.4932533800601959,0.5237937569618225,-0.1090414971113205,0.999260425567627,0.9994801878929138,0.5073639750480652,0.6022971868515015,0.10296314209699631,0.6321023106575012,0.9940844178199768,0.4691285789012909,0.5915681719779968,-0.1672234684228897,0.9366454482078552,0.9975136518478394,0.46978849172592163,0.6602843403816223,0.1351669430732727,0.6995114684104919,0.9928171634674072,0.3934459984302521,0.6355866193771362,-0.1438850611448288,0.9208403825759888,0.9959671497344971,0.4541240334510803,0.6672534942626953,0.13348457217216492,0.7474072575569153,0.9909825921058655,0.3782847821712494,0.6403330564498901,-0.1438765972852707,0.8771944642066956,0.9954699277877808,0.4895634055137634,0.6808682680130005,0.06405746936798096,0.7564387917518616,0.9883047342300415,0.37377166748046875,0.6555384397506714,-0.21709047257900238,0.9034760594367981,0.9915692210197449
19,646,True,0.5321865081787109,0.46512502431869507,0.09276242554187775,0.991921603679657,0.9911808371543884,0.526071310043335,0.4622894823551178,0.10795547813177109,0.9907978773117065,0.9876750707626343,0.5264509916305542,0.46226662397384644,0.1080070286989212,0.9884034991264343,0.9853158593177795,0.5269812941551208,0.46228036284446716,0.10797447711229324,0.9914748072624207,0.9818593859672546,0.5241422653198242,0.46247315406799316,0.07841183245182037,0.9939157962799072,0.9929445385932922,0.522827684879303,0.4627261161804199,0.07817799597978592,0.9941391348838806,0.9945350885391235,0.52115398645401,0.4629780650138855,0.078077033162117,0.994617223739624,0.9954016208648682,0.5251172184944153,0.464815229177475,0.16735301911830902,0.9895966649055481,0.9798023104667664,0.5166015028953552,0.4659655690193176,0.03715984895825386,0.9939311146736145,0.9963669776916504,0.5364007353782654,0.46886396408081055,0.11852172017097473,0.9873213768005371,0.9896895885467529,0.5335216522216797,0.46952399611473083,0.08024968206882477,0.9874524474143982,0.9944137334823608,0.5525583624839783,0.4880295395851135,0.24374249577522278,0.9943280816078186,0.9931402802467346,0.517922043800354,0.47993674874305725,-0.07644063979387283,0.9983808398246765,0.9995774626731873,0.5698361992835999,0.5157943964004517,0.2989558279514313,0.15449628233909607,0.9835461378097534,0.5192053914070129,0.4975608289241791,-0.18104197084903717,0.9582175016403198,0.9972752928733826,0.561132550239563,0.5420786142349243,0.2731606066226959,0.17173822224140167,0.9850597381591797,0.5363943576812744,0.5044570565223694,-0.21474184095859528,0.8061442971229553,0.9959349632263184,0.5591248273849487,0.5512616634368896,0.27990981936454773,0.17171458899974823,0.9857573509216309,0.5374263525009155,0.5078822374343872,-0.24549077451229095,0.7306110858917236,0.9943696856498718,0.55406653881073,0.550723135471344,0.25596970319747925,0.171828493475914,0.9849981665611267,0.540590763092041,0.5060057640075684,-0.2316465824842453,0.7175865769386292,0.9939931035041809,0.5549087524414062,0.5472816824913025,0.2612610161304474,0.18890425562858582,0.9851185083389282,0.5398135185241699,0.5058260560035706,-0.2090650498867035,0.7027810215950012,0.9947347640991211,0.5596055388450623,0.5646820068359375,0.10754236578941345,0.9989883899688721,0.997568666934967,0.5406691431999207,0.5587867498397827,-0.10753559321165085,0.9993164539337158,0.9995906949043274,0.5095657110214233,0.6125577688217163,0.11585032194852829,0.6239941120147705,0.9948546886444092,0.5337116122245789,0.6070681810379028,-0.1171923503279686,0.9388558268547058,0.9990866184234619,0.43161922693252563,0.6454326510429382,0.19244834780693054,0.6907621026039124,0.9954556226730347,0.5147862434387207,0.6737723350524902,-0.14558707177639008,0.9257001280784607,0.995390772819519,0.4099801480770111,0.6588095426559448,0.19855716824531555,0.7444486618041992,0.9944292306900024,0.5006365180015564,0.6835160851478577,-0.149277925491333,0.8802689909934998,0.9928624033927917,0.4405131936073303,0.6690689325332642,0.15756389498710632,0.7528440952301025,0.9919895529747009,0.5452975630760193,0.6938995122909546,-0.2309177964925766,0.9092935919761658,0.9856874346733093
20,680,True,0.5740006566047668,0.5043660998344421,0.41955694556236267,0.9651224613189697,0.9978302121162415,0.5714281797409058,0.5010313987731934,0.4287738502025604,0.9621455073356628,0.9976067543029785,0.5713540315628052,0.5006291270256042,0.4286872446537018,0.9617658257484436,0.9975228905677795,0.5714306235313416,0.5002263784408569,0.4286440908908844,0.9654481410980225,0.9974209070205688,0.5717143416404724,0.5020762085914612,0.4284410774707794,0.9712211489677429,0.9976893663406372,0.5716453790664673,0.5024498105049133,0.4282403290271759,0.9736865758895874,0.9977789521217346,0.5712432265281677,0.5028299689292908,0.42820045351982117,0.9735095500946045,0.9978446960449219,0.5722305178642273,0.5012220740318298,0.42436110973358154,0.9538018107414246,0.996535062789917,0.5716792345046997,0.5046335458755493,0.4229801297187805,0.9694476127624512,0.9976918697357178,0.5762864947319031,0.5067203044891357,0.4150680601596832,0.9569723010063171,0.9971470236778259,0.5762423276901245,0.5079575777053833,0.41485297679901123,0.9558850526809692,0.997051477432251,0.5914772748947144,0.5126492381095886,0.32294127345085144,0.9948087930679321,0.9988219141960144,0.5707553029060364,0.522220253944397,0.3175518214702606,0.9984306693077087,0.9995381832122803,0.594009280204773,0.5437058210372925,0.23395675420761108,0.14822125434875488,0.994629979133606,0.578399121761322,0.5515414476394653,0.22680112719535828,0.8748623132705688,0.9981598258018494,0.5755859613418579,0.557761549949646,0.18729139864444733,0.16384685039520264,0.9942578077316284,0.5718526840209961,0.5676925778388977,0.19525760412216187,0.7403631210327148,0.9949674010276794,0.5716642737388611,0.5609525442123413,0.18414056301116943,0.16488932073116302,0.9947540760040283,0.5718477964401245,0.572238028049469,0.19107761979103088,0.6748256087303162,0.9943720102310181,0.573720395565033,0.5625911355018616,0.1904827058315277,0.16460750997066498,0.9948674440383911,0.5675285458564758,0.5731887221336365,0.19781212508678436,0.661814272403717,0.9943088889122009,0.5749208927154541,0.561735987663269,0.18887092173099518,0.18006043136119843,0.9951527118682861,0.5679031610488892,0.5712142586708069,0.19656965136528015,0.6480512022972107,0.9946118593215942,0.5983554124832153,0.5649380087852478,0.011280464008450508,0.9990631341934204,0.9996291399002075,0.5834691524505615,0.571064829826355,-0.011606310494244099,0.9993671178817749,0.9998965263366699,0.5606698989868164,0.6062909364700317,-0.08861099183559418,0.651555597782135,0.9951474070549011,0.5534790754318237,0.6281471848487854,-0.10144049674272537,0.9410763382911682,0.9985833168029785,0.5028262734413147,0.6290524005889893,-0.14509287476539612,0.6907341480255127,0.9976307153701782,0.5136786699295044,0.660531759262085,-0.2193049043416977,0.9279432892799377,0.9976267218589783,0.49990180134773254,0.6334289908409119,-0.15466611087322235,0.7426556944847107,0.997760534286499,0.5124512314796448,0.6633690595626831,-0.23695364594459534,0.8863336443901062,0.996904194355011,0.4734821617603302,0.6502569913864136,-0.1967523992061615,0.7303680777549744,0.9967244267463684,0.49293258786201477,0.6786543130874634,-0.30552539229393005,0.9079304337501526,0.994780957698822
21,714,True,0.6165220737457275,0.49163761734962463,0.20973369479179382,0.966270923614502,0.9893233180046082,0.6158006191253662,0.4898650050163269,0.21027043461799622,0.962825357913971,0.9861138463020325,0.6154351234436035,0.48990362882614136,0.21027569472789764,0.9614459872245789,0.9844447374343872,0.6151527166366577,0.4899353086948395,0.2102232128381729,0.9656615853309631,0.9824191331863403,0.6153795719146729,0.48948484659194946,0.19800503551959991,0.9721770286560059,0.9891241788864136,0.6147471070289612,0.4892845153808594,0.19782482087612152,0.9743285179138184,0.9900915622711182,0.6138177514076233,0.4891073703765869,0.19775432348251343,0.9745166897773743,0.9903913736343384,0.6104117631912231,0.4914669990539551,0.2185308039188385,0.9542522430419922,0.9769591689109802,0.608637273311615,0.49056077003479004,0.14855729043483734,0.9702258110046387,0.9901766180992126,0.6189979314804077,0.4970605969429016,0.21087411046028137,0.9534420371055603,0.9483208060264587,0.6182213425636292,0.49678581953048706,0.19426967203617096,0.9536117315292358,0.9647824764251709,0.6175600290298462,0.5103460550308228,0.22885662317276,0.993601381778717,0.9286832213401794,0.6002193689346313,0.5041652917861938,0.1047360748052597,0.9981794953346252,0.9887030124664307,0.617701530456543,0.5159393548965454,0.2777540683746338,0.13690221309661865,0.9703670740127563,0.5971167683601379,0.5019890069961548,0.08047257363796234,0.8507224321365356,0.9911397099494934,0.6103551387786865,0.5179482102394104,0.3041878044605255,0.15171322226524353,0.9664774537086487,0.5896372199058533,0.49393430352211,0.11249379813671112,0.699793815612793,0.9823305606842041,0.608305037021637,0.5260805487632751,0.3326142728328705,0.15330752730369568,0.969806969165802,0.5872775912284851,0.49227362871170044,0.06542301923036575,0.6390060186386108,0.9800376892089844,0.6100686192512512,0.5277754664421082,0.3378269076347351,0.1528879702091217,0.9651455879211426,0.5877428650856018,0.49329274892807007,0.08516915887594223,0.6262036561965942,0.9777278900146484,0.6105212569236755,0.5237525105476379,0.3140069842338562,0.16728098690509796,0.967300295829773,0.5882302522659302,0.4941461980342865,0.11530065536499023,0.6116129755973816,0.9797705411911011,0.6380822062492371,0.5706239342689514,0.04854805767536163,0.9989641308784485,0.9931943416595459,0.6216315031051636,0.5683115720748901,-0.04873042553663254,0.9993106126785278,0.9978752136230469,0.6564119458198547,0.5991829037666321,-0.04206535965204239,0.6366334557533264,0.9889822602272034,0.6346469521522522,0.6058254241943359,-0.1805548071861267,0.9318364262580872,0.9957077503204346,0.604634702205658,0.6396376490592957,-0.07920242100954056,0.6869620084762573,0.9944860339164734,0.5818062424659729,0.6446813344955444,-0.23276114463806152,0.9207744598388672,0.9944027066230774,0.5922178626060486,0.6438625454902649,-0.08562568575143814,0.7403483986854553,0.9938474297523499,0.5713728070259094,0.6475880742073059,-0.239286407828331,0.8778592348098755,0.9938377737998962,0.6090905070304871,0.6573563814163208,-0.1277170330286026,0.7296494245529175,0.9888074994087219,0.5830402374267578,0.663885235786438,-0.2947941720485687,0.9026092290878296,0.988310694694519
22,748,True,0.6188123226165771,0.48867350816726685,0.20616236329078674,0.9642932415008545,0.9706703424453735,0.6116117238998413,0.4726323187351227,0.21763285994529724,0.9573866724967957,0.9459545612335205,0.6113064885139465,0.47184500098228455,0.21769429743289948,0.9559066891670227,0.9346116781234741,0.6110770106315613,0.4714439809322357,0.21773770451545715,0.9592449069023132,0.9233754277229309,0.6116153597831726,0.4709477424621582,0.19510605931282043,0.969628632068634,0.9704232215881348,0.6111452579498291,0.4684825539588928,0.19488953053951263,0.9728705286979675,0.9774877429008484,0.6104105710983276,0.46711763739585876,0.19481712579727173,0.9733467102050781,0.9826635718345642,0.6089465618133545,0.46771660447120667,0.2611941397190094,0.9484868049621582,0.9117220640182495,0.6083676815032959,0.46437469124794006,0.14877797663211823,0.9709199070930481,0.9889317750930786,0.6230713725090027,0.4878629148006439,0.22140051424503326,0.9527696967124939,0.9762552380561829,0.62270188331604,0.4945215582847595,0.19132351875305176,0.9553423523902893,0.9904778003692627,0.6286777257919312,0.48947954177856445,0.328117698431015,0.9937601685523987,0.9905044436454773,0.6175169348716736,0.4814682602882385,0.05805453285574913,0.998355507850647,0.9999037981033325,0.6297508478164673,0.5067790746688843,0.32911181449890137,0.12422638386487961,0.9908298254013062,0.6158612370491028,0.4861699044704437,-0.06121611222624779,0.8608512282371521,0.9997783303260803,0.650277853012085,0.5174776315689087,0.27371206879615784,0.14000675082206726,0.9842650890350342,0.6371766328811646,0.49850231409072876,-0.13888917863368988,0.7191920876502991,0.9990111589431763,0.6541750431060791,0.522189736366272,0.27908462285995483,0.14350348711013794,0.9885115623474121,0.6401934027671814,0.5033742785453796,-0.1756397932767868,0.6624317765235901,0.9982136487960815,0.659664511680603,0.5204486846923828,0.25329822301864624,0.143263041973114,0.9866033792495728,0.6443800926208496,0.5014146566390991,-0.159532368183136,0.6503297090530396,0.9980766773223877,0.6586022973060608,0.5183659195899963,0.26098278164863586,0.15651977062225342,0.9864242672920227,0.642806351184845,0.5004344582557678,-0.13299578428268433,0.6326347589492798,0.9985594153404236,0.6526128649711609,0.5485687255859375,0.09600750356912613,0.9990488290786743,0.9966685175895691,0.6497912406921387,0.5468589067459106,-0.09578240662813187,0.9993748664855957,0.9998849630355835,0.7211781144142151,0.587936520576477,-0.008268517442047596,0.6353092789649963,0.9948897361755371,0.726442277431488,0.5744379162788391,-0.20739445090293884,0.9355456233024597,0.999518632888794,0.6901057958602905,0.6369036436080933,-0.0301116444170475,0.6905368566513062,0.9988393187522888,0.7104472517967224,0.6396477818489075,-0.28661781549453735,0.9244217276573181,0.9981440305709839,0.676904022693634,0.6437886357307434,-0.03677460178732872,0.7499297857284546,0.9986398816108704,0.6869730353355408,0.6468098759651184,-0.29767462611198425,0.8855568766593933,0.9971467852592468,0.7078743577003479,0.655110776424408,-0.08423583209514618,0.7374821901321411,0.9972419738769531,0.7477161884307861,0.6568993926048279,-0.3796769082546234,0.9084284901618958,0.9949411153793335
23,782,False,,,,,,,,,,,,,,,,,,,,,,,,,,,,,,,,,,,,,,,,,,,,,,,,,,,,,,,,,,,,,,,,,,,,,,,,,,,,,,,,,,,,,,,,,,,,,,,,,,,,,,,,,,,,,,,,,,,,,,,,,,,,,,,,,,,,,,,,,,,,,,,,,,,,,,,,,,,,,,,,,,,,,
24,816,True,0.8122755885124207,0.5215380191802979,-0.21603447198867798,0.9676149487495422,0.999190628528595,0.8206632137298584,0.5190929174423218,-0.20775650441646576,0.9614684581756592,0.9987831711769104,0.8210033178329468,0.5186277031898499,-0.207876518368721,0.960075318813324,0.998980700969696,0.8213310837745667,0.5181952118873596,-0.20806889235973358,0.9631666541099548,0.9989851117134094,0.8188336491584778,0.5191947221755981,-0.23350857198238373,0.9725261926651001,0.9985380172729492,0.8177003860473633,0.5189517736434937,-0.23368701338768005,0.9754009246826172,0.9985219836235046,0.8166658878326416,0.5185123085975647,-0.233755961060524,0.9758737683296204,0.9983207583427429,0.8129007816314697,0.5142959356307983,-0.14596496522426605,0.9532416462898254,0.9992778897285461,0.8062030076980591,0.5146880745887756,-0.2636201083660126,0.9734609127044678,0.9984839558601379,0.8019990921020508,0.5207947492599487,-0.18602226674556732,0.9571365714073181,0.9994730353355408,0.7996166944503784,0.5210086703300476,-0.21975548565387726,0.9593983888626099,0.9992421865463257,0.7621558904647827,0.5115376114845276,-0.07017549127340317,0.9942336082458496,0.9995765089988708,0.752804160118103,0.512597382068634,-0.29136547446250916,0.9983923435211182,0.9987473487854004,0.8248320817947388,0.5232359170913696,-0.06564336270093918,0.13499413430690765,0.9995520710945129,0.7928270101547241,0.5338688492774963,-0.40335461497306824,0.8403447270393372,0.998181939125061,0.8804566860198975,0.5491833686828613,-0.14548568427562714,0.16439665853977203,0.995064914226532,0.8766951560974121,0.5612951517105103,-0.4515954852104187,0.7098708152770996,0.99510657787323,0.8927785158157349,0.55356365442276,-0.1701803058385849,0.16759510338306427,0.9916161894798279,0.893756628036499,0.5677664279937744,-0.5010741949081421,0.6541832685470581,0.993473470211029,0.891707718372345,0.5539633631706238,-0.1977824717760086,0.16723954677581787,0.9915613532066345,0.8998785018920898,0.5654845237731934,-0.4912436902523041,0.641852617263794,0.9939321875572205,0.8885698914527893,0.5532416105270386,-0.16227538883686066,0.18150921165943146,0.9932418465614319,0.8950621485710144,0.5628666281700134,-0.4495401084423065,0.6224133968353271,0.9946006536483765,0.5489270091056824,0.47583022713661194,0.07134071737527847,0.9990941882133484,0.9998512268066406,0.5480775237083435,0.4880138039588928,-0.07165843993425369,0.9993833899497986,0.9998688697814941,0.5884509086608887,0.41833820939064026,0.14149953424930573,0.6526651382446289,0.9989159107208252,0.5541313886642456,0.551318347454071,-0.07751008868217468,0.9397098422050476,0.9991912245750427,0.607468843460083,0.3579561710357666,0.32028964161872864,0.702150821685791,0.9975045323371887,0.5522608160972595,0.6183516979217529,0.05506393685936928,0.9284607172012329,0.9969608187675476,0.5994309782981873,0.3521907925605774,0.33817312121391296,0.7584879398345947,0.9970056414604187,0.5398786067962646,0.6258068084716797,0.0714636892080307,0.8924126029014587,0.996679425239563,0.6374645829200745,0.3361870050430298,0.2876794636249542,0.7364329099655151,0.9967350363731384,0.5813047289848328,0.6448470950126648,-0.0030203121714293957,0.9085323214530945,0.9954772591590881
25,850,True,0.7440773248672485,0.49322813749313354,-0.56862473487854,0.9708249568939209,0.9999462366104126,0.7413586378097534,0.48722657561302185,-0.5692551732063293,0.9652963280677795,0.9998772144317627,0.7423079609870911,0.48578590154647827,-0.5692917108535767,0.9640392065048218,0.9998928308486938,0.7431997656822205,0.48438191413879395,-0.569398820400238,0.9668275117874146,0.9998800754547119,0.7365131974220276,0.48965010046958923,-0.597183883190155,0.9752522110939026,0.9998704195022583,0.7338256239891052,0.49004611372947693,-0.5973758101463318,0.9778367877006531,0.9998624324798584,0.7312483787536621,0.4902888238430023,-0.5973842144012451,0.978266716003418,0.9998435974121094,0.7239428758621216,0.48204487562179565,-0.47915980219841003,0.957859218120575,0.9998937845230103,0.7200448513031006,0.48759350180625916,-0.6059176325798035,0.9760740399360657,0.9998472929000854,0.741477906703949,0.4911591112613678,-0.5222979784011841,0.9613794088363647,0.9999504089355469,0.7360315918922424,0.4941777288913727,-0.5593428611755371,0.9634133577346802,0.9999402761459351,0.725801408290863,0.47224903106689453,-0.30827444791793823,0.9947827458381653,0.9999194145202637,0.6898190975189209,0.4904820919036865,-0.5261605381965637,0.9985194206237793,0.9998250603675842,0.8243889808654785,0.493316650390625,-0.2331693172454834,0.17500591278076172,0.9999338388442993,0.7767766118049622,0.5154854655265808,-0.6189669370651245,0.8496483564376831,0.9997605681419373,0.8870446085929871,0.5033493041992188,-0.3082648813724518,0.2204979956150055,0.999325156211853,0.8814103007316589,0.5335801839828491,-0.7184749841690063,0.7325707674026489,0.9992735981941223,0.9015604853630066,0.5004193186759949,-0.3338542580604553,0.2246721237897873,0.9986814856529236,0.902586817741394,0.5374944806098938,-0.7897869348526001,0.6813985109329224,0.9987095594406128,0.8974268436431885,0.5031652450561523,-0.3749106824398041,0.22425638139247894,0.9988963603973389,0.9076951742172241,0.5341178178787231,-0.7874577045440674,0.6698939204216003,0.998964786529541,0.8922836184501648,0.5059356093406677,-0.32685115933418274,0.23665456473827362,0.9991806149482727,0.9020562171936035,0.5315370559692383,-0.7197572588920593,0.6497853994369507,0.999206006526947,0.5553127527236938,0.44712162017822266,0.07225444912910461,0.9991711378097534,0.9999312162399292,0.5481083989143372,0.47042569518089294,-0.07236859202384949,0.9994135499000549,0.9999269247055054,0.5564122796058655,0.38930073380470276,0.14622265100479126,0.6766840815544128,0.9997153878211975,0.5162794589996338,0.5498063564300537,-0.09517591446638107,0.9452497363090515,0.9997567534446716,0.5430602431297302,0.34712210297584534,0.27725711464881897,0.725226104259491,0.9987121820449829,0.5146602392196655,0.6404176950454712,0.018273700028657913,0.9351052641868591,0.9990319013595581,0.5252730250358582,0.34663623571395874,0.2893635034561157,0.7743911743164062,0.9978402853012085,0.4993618130683899,0.6541231870651245,0.03712955489754677,0.9022930264472961,0.998645007610321,0.5909148454666138,0.32777947187423706,0.20901082456111908,0.7483212351799011,0.9967009425163269,0.5539891719818115,0.670488715171814,-0.04500916972756386,0.9156690835952759,0.9976086616516113
26,884,True,0.7643241286277771,0.49436551332473755,-0.35858818888664246,0.9735501408576965,0.9992061257362366,0.7672998905181885,0.49067211151123047,-0.33455589413642883,0.9685723781585693,0.9990047812461853,0.7679057717323303,0.48978525400161743,-0.3350428342819214,0.9673524498939514,0.9989871382713318,0.7684573531150818,0.48895806074142456,-0.3353602886199951,0.9699315428733826,0.9989373087882996,0.7637084722518921,0.491119921207428,-0.4135490953922272,0.9776022434234619,0.9989494681358337,0.7614209651947021,0.49048084020614624,-0.41435953974723816,0.9799019694328308,0.9989233613014221,0.7591126561164856,0.48962005972862244,-0.414604514837265,0.9803125262260437,0.9988476037979126,0.7404722571372986,0.48248323798179626,-0.22002294659614563,0.96174556016922,0.9989916682243347,0.7383320331573486,0.48221951723098755,-0.4545538127422333,0.9782395958900452,0.9987016916275024,0.7583385109901428,0.49146023392677307,-0.30093854665756226,0.9647847414016724,0.9988518953323364,0.7546481490135193,0.4917387068271637,-0.41197869181632996,0.9665622711181641,0.9986845850944519,0.7514451742172241,0.47286757826805115,-0.11726919561624527,0.995263397693634,0.9996718168258667,0.7246621251106262,0.4712181091308594,-0.4224124848842621,0.998633086681366,0.9995567202568054,0.8463329076766968,0.48815107345581055,-0.026052186265587807,0.2029375582933426,0.9996758699417114,0.8203586339950562,0.4883618950843811,-0.5428892374038696,0.8615210056304932,0.9997009038925171,0.9052762389183044,0.48807016015052795,-0.13263018429279327,0.26956474781036377,0.9961615800857544,0.9319980144500732,0.48899045586586,-0.590494692325592,0.7549839615821838,0.9973764419555664,0.9172002077102661,0.48381638526916504,-0.16387134790420532,0.2718510031700134,0.9933395981788635,0.9485867023468018,0.4894269108772278,-0.6550348997116089,0.7056976556777954,0.9951890707015991,0.9214025735855103,0.4821023941040039,-0.19198434054851532,0.27180933952331543,0.992990255355835,0.9527832269668579,0.4852777123451233,-0.6428189277648926,0.695061445236206,0.9953481554985046,0.9161677956581116,0.48522529006004333,-0.15318593382835388,0.2839438319206238,0.9943378567695618,0.9481279253959656,0.4902091920375824,-0.5889772176742554,0.6750836968421936,0.9961462020874023,0.5656698942184448,0.4487602114677429,0.10938283056020737,0.9992409348487854,0.9996898174285889,0.5600757002830505,0.4449545443058014,-0.1092170923948288,0.9994589686393738,0.999762237071991,0.501679539680481,0.46061211824417114,0.3359414339065552,0.6751850247383118,0.9993182420730591,0.5084287524223328,0.43680495023727417,0.05521322786808014,0.9480603337287903,0.9991936087608337,0.42082977294921875,0.4544852674007416,0.6411431431770325,0.7234811782836914,0.9989368319511414,0.46876847743988037,0.39907628297805786,0.3824397325515747,0.935990571975708,0.9989467263221741,0.4218924343585968,0.44010305404663086,0.6674137711524963,0.762990415096283,0.9987483024597168,0.46754416823387146,0.39489075541496277,0.4126705229282379,0.9008558988571167,0.999001681804657,0.39104413986206055,0.45253974199295044,0.6301074624061584,0.7464303970336914,0.9979181885719299,0.44289109110832214,0.38876038789749146,0.36775314807891846,0.9164046049118042,0.9983454942703247
27,918,False,,,,,,,,,,,,,,,,,,,,,,,,,,,,,,,,,,,,,,,,,,,,,,,,,,,,,,,,,,,,,,,,,,,,,,,,,,,,,,,,,,,,,,,,,,,,,,,,,,,,,,,,,,,,,,,,,,,,,,,,,,,,,,,,,,,,,,,,,,,,,,,,,,,,,,,,,,,,,,,,,,,,,
28,952,True,0.8631517887115479,0.42802542448043823,-0.13893094658851624,0.956558346748352,0.7827362418174744,0.8734461665153503,0.42579418420791626,-0.13022632896900177,0.9490871429443359,0.7901235222816467,0.8741985559463501,0.4267246127128601,-0.13037441670894623,0.9425066113471985,0.8018386960029602,0.875062882900238,0.4277302622795105,-0.13062626123428345,0.9494925141334534,0.8102684617042542,0.8711866736412048,0.42341527342796326,-0.1405683010816574,0.9601889848709106,0.7772365212440491,0.87030029296875,0.42248719930648804,-0.1407719850540161,0.9577340483665466,0.7835654616355896,0.8693757057189941,0.4213372766971588,-0.14091941714286804,0.9615489840507507,0.7919625043869019,0.871647834777832,0.43110960721969604,-0.06886019557714462,0.9395514130592346,0.853185772895813,0.8644065260887146,0.422136127948761,-0.11373526602983475,0.9612900018692017,0.8122466206550598,0.8556801080703735,0.4338622987270355,-0.11224503815174103,0.9525843262672424,0.8844178915023804,0.8526464104652405,0.4307519793510437,-0.12520751357078552,0.9476374983787537,0.8459964990615845,0.8271788954734802,0.4597393572330475,-0.044716574251651764,0.9947084188461304,0.9760980606079102,0.8276993036270142,0.42619985342025757,-0.14986035227775574,0.9971791505813599,0.9653229117393494,0.8704663515090942,0.45375341176986694,-0.06479854136705399,0.2241523414850235,0.9636881947517395,0.8882544040679932,0.4226551055908203,-0.20359079539775848,0.8531457781791687,0.9689192175865173,0.9032996892929077,0.4393031597137451,-0.05805625766515732,0.2781946361064911,0.7492855191230774,0.9465430378913879,0.41317981481552124,-0.20588098466396332,0.7432805299758911,0.8207169771194458,0.9073032140731812,0.4350045323371887,-0.07760213315486908,0.2766215205192566,0.7144131660461426,0.958475649356842,0.41014546155929565,-0.2412610650062561,0.6915439963340759,0.7947162389755249,0.9092085957527161,0.43321579694747925,-0.08659245073795319,0.2762213349342346,0.6736971735954285,0.9619584083557129,0.41009703278541565,-0.23197278380393982,0.6813767552375793,0.7794369459152222,0.9084635972976685,0.4351326823234558,-0.06646259874105453,0.28891727328300476,0.6822863817214966,0.9572159051895142,0.4116329252719879,-0.20629678666591644,0.6630620360374451,0.7786235213279724,0.6264524459838867,0.466736376285553,0.023745795711874962,0.9991433024406433,0.9812818765640259,0.6353537440299988,0.4398249089717865,-0.024095309898257256,0.9990514516830444,0.9781217575073242,0.5168758034706116,0.4730268120765686,-0.02198309637606144,0.690247654914856,0.9735157489776611,0.559745192527771,0.41128644347190857,0.03266935050487518,0.9403648972511292,0.9470183253288269,0.4247978627681732,0.46801453828811646,0.2117598056793213,0.7245797514915466,0.9438350796699524,0.518836259841919,0.41498327255249023,0.39133214950561523,0.8932452201843262,0.9563995003700256,0.4143827557563782,0.46547389030456543,0.23408763110637665,0.7475438117980957,0.9305421113967896,0.516720712184906,0.41865378618240356,0.42859888076782227,0.8643845319747925,0.9655066728591919,0.38548582792282104,0.4671306014060974,0.1431996375322342,0.7382190227508545,0.9083019495010376,0.4840785264968872,0.40943998098373413,0.3974015414714813,0.8726218342781067,0.9601117968559265
29,986,True,0.870135486125946,0.4259859621524811,-0.24891839921474457,0.9580488204956055,0.9769197702407837,0.8843450546264648,0.42544907331466675,-0.24006551504135132,0.9509611129760742,0.9835370182991028,0.885613739490509,0.42665553092956543,-0.2402060329914093,0.9444599747657776,0.985599160194397,0.8869500756263733,0.4277462363243103,-0.24039563536643982,0.9513303637504578,0.9863325953483582,0.8818435072898865,0.42156118154525757,-0.2376125603914261,0.9597364068031311,0.9789535403251648,0.8813090920448303,0.42009133100509644,-0.23774227499961853,0.9564492106437683,0.9779300689697266,0.8807225823402405,0.41837000846862793,-0.23780731856822968,0.9599432945251465,0.9759844541549683,0.8873047828674316,0.4312058985233307,-0.1520897001028061,0.9401117563247681,0.9888452887535095,0.879063069820404,0.4174805283546448,-0.1403406709432602,0.9584007263183594,0.9727813601493835,0.8623562455177307,0.4315197467803955,-0.21170233190059662,0.9544058442115784,0.9778425097465515,0.8591657876968384,0.4259680211544037,-0.2078750878572464,0.946506142616272,0.9605246782302856,0.8405663967132568,0.4603103697299957,-0.10730420053005219,0.9948393702507019,0.9914950132369995,0.8306536078453064,0.4117357134819031,-0.11801011860370636,0.9956463575363159,0.946147620677948,0.8365517258644104,0.48573437333106995,-0.12324057519435883,0.2785472273826599,0.9705289602279663,0.8448506593704224,0.4023686349391937,-0.17371757328510284,0.8406000137329102,0.9578294157981873,0.8117441534996033,0.5036885142326355,-0.16494007408618927,0.3051862120628357,0.9108008742332458,0.8847619891166687,0.4005253314971924,-0.2510915994644165,0.7240144610404968,0.9387217164039612,0.8051790595054626,0.5113182067871094,-0.1871822327375412,0.2941436469554901,0.8949716687202454,0.8920356035232544,0.3991955518722534,-0.28664466738700867,0.6687366962432861,0.9327486753463745,0.8024030923843384,0.5091655850410461,-0.20882971584796906,0.29508116841316223,0.883415162563324,0.8971332907676697,0.399790495634079,-0.2940709590911865,0.6604658961296082,0.9287610650062561,0.8030242323875427,0.5052616000175476,-0.1768038272857666,0.3076639473438263,0.8893594145774841,0.8932274580001831,0.4009737968444824,-0.2603941559791565,0.6440016627311707,0.9248127937316895,0.6416566371917725,0.4671773314476013,-0.013213816098868847,0.9991128444671631,0.9971861243247986,0.641197144985199,0.4363788068294525,0.012817267328500748,0.9988159537315369,0.9936820268630981,0.5188004970550537,0.47463101148605347,-0.06329521536827087,0.7117464542388916,0.9890429377555847,0.5605476498603821,0.40599432587623596,0.03676311671733856,0.9222092032432556,0.969325065612793,0.4401901364326477,0.47021907567977905,0.20680463314056396,0.7278685569763184,0.9749014973640442,0.5259010195732117,0.4169488549232483,0.4673377275466919,0.8304216265678406,0.9791885018348694,0.43181753158569336,0.46845436096191406,0.2315043807029724,0.7245100140571594,0.966413676738739,0.5287417769432068,0.42195987701416016,0.5125316977500916,0.8099883794784546,0.9837892651557922,0.40178507566452026,0.4686037600040436,0.13210342824459076,0.7314422130584717,0.9516286253929138,0.48872777819633484,0.41211017966270447,0.49769631028175354,0.8142072558403015,0.9793105721473694
30,1020,False,,,,,,,,,,,,,,,,,,,,,,,,,,,,,,,,,,,,,,,,,,,,,,,,,,,,,,,,,,,,,,,,,,,,,,,,,,,,,,,,,,,,,,,,,,,,,,,,,,,,,,,,,,,,,,,,,,,,,,,,,,,,,,,,,,,,,,,,,,,,,,,,,,,,,,,,,,,,,,,,,,,,,
31,1054,False,,,,,,,,,,,,,,,,,,,,,,,,,,,,,,,,,,,,,,,,,,,,,,,,,,,,,,,,,,,,,,,,,,,,,,,,,,,,,,,,,,,,,,,,,,,,,,,,,,,,,,,,,,,,,,,,,,,,,,,,,,,,,,,,,,,,,,,,,,,,,,,,,,,,,,,,,,,,,,,,,,,,,
32,1088,True,0.7652211785316467,0.35669758915901184,0.3000764548778534,0.9619215726852417,0.999860405921936,0.7746896743774414,0.3542347550392151,0.2779102325439453,0.9556292295455933,0.9998140931129456,0.7761162519454956,0.3537687659263611,0.2777872681617737,0.9496477246284485,0.9998268485069275,0.7778046727180481,0.3533981144428253,0.2776292860507965,0.9558966755867004,0.999836802482605,0.7728219032287598,0.35685959458351135,0.3158109486103058,0.9634394645690918,0.9997578263282776,0.7727492451667786,0.35807710886001587,0.3156714141368866,0.9603904485702515,0.9997437596321106,0.772367537021637,0.359086811542511,0.31579291820526123,0.9635394811630249,0.9997177720069885,0.7828773260116577,0.35719403624534607,0.19805829226970673,0.94586181640625,0.9998822212219238,0.7751187682151794,0.3641827702522278,0.36690011620521545,0.9619197845458984,0.9997803568840027,0.7623547315597534,0.35916176438331604,0.27416250109672546,0.9585354328155518,0.9999415874481201,0.7607101202011108,0.36204782128334045,0.3235699534416199,0.9513087272644043,0.9999102354049683,0.785280704498291,0.37424901127815247,0.049058008939027786,0.9953544735908508,0.9999923706054688,0.736572802066803,0.3824150860309601,0.41527530550956726,0.9960668683052063,0.999931812286377,0.7538225650787354,0.3916287422180176,0.002298865932971239,0.32891079783439636,0.9996705055236816,0.6726343035697937,0.390850305557251,0.4736911654472351,0.7609350681304932,0.9995757937431335,0.6873195171356201,0.4047457277774811,0.08491899073123932,0.32343125343322754,0.9973375201225281,0.6138043999671936,0.377875953912735,0.4568037986755371,0.6605122089385986,0.9982897639274597,0.6714869141578674,0.41139650344848633,0.07489136606454849,0.307087242603302,0.9959548711776733,0.5944744944572449,0.374840646982193,0.46640831232070923,0.6130845546722412,0.9973064661026001,0.6679343581199646,0.4088290333747864,0.07473607361316681,0.30743151903152466,0.9956157207489014,0.5948750972747803,0.3717153072357178,0.43991607427597046,0.6057248711585999,0.9972437620162964,0.6730672717094421,0.40732812881469727,0.09077951312065125,0.3159247934818268,0.99650639295578,0.6022469997406006,0.3718211054801941,0.44188934564590454,0.5915933847427368,0.9974964261054993,0.6465263962745667,0.44438058137893677,-0.1379765272140503,0.9991976618766785,0.9998676776885986,0.6201297044754028,0.4329943060874939,0.13785618543624878,0.99892258644104,0.9996321201324463,0.5751378536224365,0.5027102828025818,-0.17829793691635132,0.7401758432388306,0.9993100166320801,0.5469544529914856,0.36493968963623047,0.2078811675310135,0.9148328304290771,0.9984802603721619,0.5761798024177551,0.568467915058136,-0.19740596413612366,0.7527903914451599,0.993170976638794,0.5149983167648315,0.30657413601875305,0.19019971787929535,0.8336686491966248,0.9920897483825684,0.5731125473976135,0.5753278136253357,-0.19864259660243988,0.7468751668930054,0.9897359609603882,0.532468318939209,0.32171350717544556,0.18299701809883118,0.8200907707214355,0.9925368428230286,0.563555896282196,0.5864726305007935,-0.2702205181121826,0.7513689994812012,0.9868816137313843,0.542186975479126,0.2839188575744629,0.1711636632680893,0.8114883303642273,0.9896580576896667
33,1122,True,0.7485283613204956,0.34598496556282043,0.0708637535572052,0.9608567357063293,0.9870089888572693,0.7580698728561401,0.3451830744743347,0.04763255640864372,0.9573277831077576,0.9860761761665344,0.7614444494247437,0.3459548056125641,0.047488074749708176,0.9513790607452393,0.9860737323760986,0.7626969814300537,0.34610432386398315,0.047391243278980255,0.9579169154167175,0.9859586358070374,0.7575767636299133,0.3452466130256653,0.07925298810005188,0.9645360708236694,0.9864829182624817,0.7583473920822144,0.3450162708759308,0.07914785295724869,0.9614171981811523,0.9866676330566406,0.759276270866394,0.34461355209350586,0.0791366770863533,0.9648250937461853,0.9867096543312073,0.7709477543830872,0.349534809589386,-0.02170535922050476,0.9481666088104248,0.986996054649353,0.7708549499511719,0.34951668977737427,0.12106912583112717,0.9627012610435486,0.9887222051620483,0.7510102987289429,0.3532763123512268,0.050635937601327896,0.9590668678283691,0.9897140264511108,0.7512457370758057,0.35364365577697754,0.09184860438108444,0.9512288570404053,0.9891524314880371,0.769808292388916,0.3717438578605652,-0.13719791173934937,0.9957715272903442,0.9985073208808899,0.7384315729141235,0.37066948413848877,0.2054997980594635,0.9962080717086792,0.9980582594871521,0.7521269917488098,0.3962162733078003,-0.18834927678108215,0.37697502970695496,0.9935274720191956,0.6969395875930786,0.39463236927986145,0.2511984705924988,0.6943204402923584,0.9930925369262695,0.6948091983795166,0.4049127995967865,-0.1263166069984436,0.34664496779441833,0.9639847874641418,0.6584504842758179,0.39794400334358215,0.2218828648328781,0.603783369064331,0.973896861076355,0.6819537878036499,0.4111439287662506,-0.14961856603622437,0.32371217012405396,0.9516075253486633,0.6473004817962646,0.3995181620121002,0.2299155592918396,0.5623471736907959,0.961979329586029,0.6779056191444397,0.4080408215522766,-0.1327066868543625,0.3233051598072052,0.9522565603256226,0.6462274789810181,0.3963855803012848,0.20600630342960358,0.555732250213623,0.9630586504936218,0.682881772518158,0.40675243735313416,-0.11759677529335022,0.32851043343544006,0.9582843780517578,0.6505412459373474,0.39564448595046997,0.20968446135520935,0.5432004928588867,0.966139554977417,0.645336389541626,0.43887028098106384,-0.1279880553483963,0.9992053508758545,0.9974397420883179,0.622467577457428,0.42936238646507263,0.12806305289268494,0.9988973736763,0.9977134466171265,0.5465959906578064,0.4233834147453308,-0.11949148029088974,0.7578051686286926,0.9872181415557861,0.53361976146698,0.3887891173362732,0.15225893259048462,0.8534303307533264,0.986006498336792,0.4835038483142853,0.3981678783893585,-0.05278905853629112,0.75957852602005,0.9435458779335022,0.47959187626838684,0.34510746598243713,0.18928392231464386,0.7929801344871521,0.936394214630127,0.46980908513069153,0.3972167372703552,-0.04679050296545029,0.7488463521003723,0.9258943200111389,0.46480321884155273,0.3444278836250305,0.18494659662246704,0.7932710647583008,0.9330481886863708,0.4720865786075592,0.3814135491847992,-0.10720732063055038,0.7556143999099731,0.9172029495239258,0.48397472500801086,0.3187825381755829,0.15018728375434875,0.7732945084571838,0.9252187609672546
34,1156,False,,,,,,,,,,,,,,,,,,,,,,,,,,,,,,,,,,,,,,,,,,,,,,,,,,,,,,,,,,,,,,,,,,,,,,,,,,,,,,,,,,,,,,,,,,,,,,,,,,,,,,,,,,,,,,,,,,,,,,,,,,,,,,,,,,,,,,,,,,,,,,,,,,,,,,,,,,,,,,,,,,,,,
35,1190,True,0.748633086681366,0.33795684576034546,-0.08422700315713882,0.9642946720123291,0.9928629994392395,0.7497341632843018,0.3303642272949219,-0.0896482989192009,0.9611207842826843,0.9898810982704163,0.7497034072875977,0.32982519268989563,-0.08973166346549988,0.9556590914726257,0.9898694157600403,0.7497537136077881,0.32924264669418335,-0.08979286253452301,0.9617090225219727,0.9894763231277466,0.7488375902175903,0.3313397765159607,-0.10086674988269806,0.9675897359848022,0.9895423650741577,0.7483282089233398,0.3315105438232422,-0.10090478509664536,0.9646369218826294,0.9894619584083557,0.7475385665893555,0.3316178321838379,-0.10088233649730682,0.9678537845611572,0.9890449047088623,0.7450661659240723,0.3296216130256653,-0.07262032479047775,0.9525890946388245,0.990789532661438,0.7426779270172119,0.3331778049468994,-0.12068688869476318,0.9656833410263062,0.9907386302947998,0.7459170818328857,0.3424450159072876,-0.06889647990465164,0.9624733924865723,0.9928293824195862,0.7442383766174316,0.34342846274375916,-0.08311537653207779,0.9554286599159241,0.9928858876228333,0.7233282923698425,0.35517197847366333,-0.011624552309513092,0.9960801005363464,0.9952290058135986,0.7320190668106079,0.36010855436325073,-0.13661298155784607,0.9965327978134155,0.9975566864013672,0.7243193984031677,0.38516920804977417,0.05203983560204506,0.3833916485309601,0.9896296858787537,0.7175948023796082,0.3845430612564087,-0.12309262901544571,0.7138947248458862,0.993129312992096,0.7678305506706238,0.3811390995979309,0.048913855105638504,0.3627098500728607,0.9885308742523193,0.7851947546005249,0.3792927861213684,-0.10920626670122147,0.6286597847938538,0.9938402771949768,0.7777255773544312,0.3781726360321045,0.03337257355451584,0.33453169465065,0.9818390607833862,0.8047025203704834,0.3799823224544525,-0.14226697385311127,0.585017204284668,0.9892536997795105,0.7824026942253113,0.3731249272823334,0.012271626852452755,0.33432966470718384,0.9834400415420532,0.8112226724624634,0.3739049434661865,-0.1286013126373291,0.5787718296051025,0.9911030530929565,0.7781371474266052,0.37811389565467834,0.03927282616496086,0.3393992483615875,0.9864814281463623,0.8033298254013062,0.37366577982902527,-0.10349166393280029,0.5645232200622559,0.992875337600708,0.6709032654762268,0.4440022110939026,0.03572409227490425,0.9977489709854126,0.9761987924575806,0.67650306224823,0.4453001916408539,-0.03591829910874367,0.9980204105377197,0.9814901947975159,0.6904792785644531,0.43961572647094727,0.16768859326839447,0.6909268498420715,0.9140221476554871,0.6992545127868652,0.42782264947891235,0.10208353400230408,0.782198429107666,0.9347618222236633,0.6964417695999146,0.44740113615989685,0.3736816942691803,0.6894449591636658,0.8654860258102417,0.7180986404418945,0.44020548462867737,0.2533581852912903,0.727011501789093,0.830015242099762,0.6940791010856628,0.4506928324699402,0.39584001898765564,0.6829217076301575,0.8438621759414673,0.7194448113441467,0.4458135962486267,0.26861336827278137,0.7287377715110779,0.8247013092041016,0.7098484039306641,0.44305044412612915,0.3797505795955658,0.6889796853065491,0.8834342360496521,0.7325205206871033,0.43242770433425903,0.2264551967382431,0.7126238942146301,0.8521169424057007
36,1224,False,,,,,,,,,,,,,,,,,,,,,,,,,,,,,,,,,,,,,,,,,,,,,,,,,,,,,,,,,,,,,,,,,,,,,,,,,,,,,,,,,,,,,,,,,,,,,,,,,,,,,,,,,,,,,,,,,,,,,,,,,,,,,,,,,,,,,,,,,,,,,,,,,,,,,,,,,,,,,,,,,,,,,
37,1258,True,0.7089861035346985,0.3660646378993988,-0.5977267026901245,0.9670579433441162,0.9995038509368896,0.703952968120575,0.37308409810066223,-0.6213887929916382,0.964397132396698,0.9996569156646729,0.6997087597846985,0.3734133839607239,-0.6215571165084839,0.9596073627471924,0.9995988011360168,0.6954408884048462,0.37372398376464844,-0.6216797232627869,0.9650144577026367,0.9994887113571167,0.7160887718200684,0.37315836548805237,-0.6271216869354248,0.9703236818313599,0.9997147917747498,0.7204007506370544,0.37346455454826355,-0.6272707581520081,0.967761754989624,0.999699592590332,0.7245445251464844,0.3737821877002716,-0.627295196056366,0.970633327960968,0.9996833801269531,0.6896554827690125,0.3790741264820099,-0.5859904885292053,0.9569156765937805,0.9994537234306335,0.7319902181625366,0.3790232241153717,-0.6110111474990845,0.9688478112220764,0.9997523427009583,0.7027526497840881,0.3668506145477295,-0.566281259059906,0.9646475315093994,0.9992132186889648,0.7157176733016968,0.3668249845504761,-0.5740118026733398,0.9584146738052368,0.9993276596069336,0.6452994346618652,0.3843904435634613,-0.44037073850631714,0.9959549307823181,0.9947711825370789,0.7682849168777466,0.38023003935813904,-0.49135100841522217,0.9966980814933777,0.9983641505241394,0.5888957381248474,0.37766605615615845,-0.29104238748550415,0.421012818813324,0.9947488903999329,0.806902289390564,0.3658292293548584,-0.34802690148353577,0.7375702261924744,0.9985558390617371,0.577752411365509,0.3352416455745697,-0.24338500201702118,0.40626785159111023,0.9959469437599182,0.7991240620613098,0.32565200328826904,-0.30239903926849365,0.6582691073417664,0.9969161748886108,0.5634876489639282,0.32746201753616333,-0.2643260359764099,0.3873927891254425,0.9936123490333557,0.8060492873191833,0.3181455135345459,-0.334893137216568,0.6215555667877197,0.9951037168502808,0.5826902985572815,0.32496732473373413,-0.2856909930706024,0.38643619418144226,0.9950416684150696,0.7976664900779724,0.31707763671875,-0.352262943983078,0.6154598593711853,0.9955844283103943,0.5919331908226013,0.32797372341156006,-0.24818488955497742,0.382852166891098,0.9958587288856506,0.7930817604064941,0.3194533586502075,-0.3066742718219757,0.5987362861633301,0.9965830445289612,0.6739757061004639,0.3955865502357483,0.02362976036965847,0.9979377388954163,0.9998918771743774,0.7242097854614258,0.3957954943180084,-0.02335081435739994,0.9982015490531921,0.9999436140060425,0.6902040839195251,0.4030226767063141,0.3852039873600006,0.6256604194641113,0.9955167174339294,0.7421334385871887,0.4145975708961487,0.3452010452747345,0.7133223414421082,0.9966541528701782,0.7055327892303467,0.40970379114151,0.789931058883667,0.6340234279632568,0.9949796795845032,0.7379453182220459,0.42012348771095276,0.7304591536521912,0.6750747561454773,0.9949498176574707,0.7078779935836792,0.41355419158935547,0.8376515507698059,0.6359800100326538,0.9944098591804504,0.7342805862426758,0.42341190576553345,0.776476263999939,0.6849057078361511,0.9939565658569336,0.7131895422935486,0.3979325592517853,0.8567537665367126,0.6234613656997681,0.9958678483963013,0.7508773803710938,0.408301442861557,0.7839791774749756,0.6456565856933594,0.9946568012237549
38,1292,True,0.7072156071662903,0.341743528842926,-0.5867942571640015,0.9700947403907776,0.9999114274978638,0.701312780380249,0.3505966067314148,-0.6056255102157593,0.9677625894546509,0.9998852014541626,0.6966602206230164,0.3512860834598541,-0.6057478189468384,0.9634657502174377,0.9998695850372314,0.6919925808906555,0.3519475758075714,-0.6058266758918762,0.9683389663696289,0.9998388290405273,0.7140532732009888,0.35000646114349365,-0.6130561232566833,0.973075807094574,0.9998853206634521,0.7183334231376648,0.3502514660358429,-0.6132040023803711,0.9707705974578857,0.9998681545257568,0.7224708795547485,0.350508451461792,-0.6131564974784851,0.9733512997627258,0.9998393058776855,0.6828687191009521,0.3595034182071686,-0.5618533492088318,0.9610282778739929,0.9998384714126587,0.7274913191795349,0.35747256875038147,-0.5966101288795471,0.9717758297920227,0.999833345413208,0.6983914971351624,0.34295377135276794,-0.5552247166633606,0.9678220152854919,0.999821126461029,0.7120084762573242,0.34240633249282837,-0.5651741623878479,0.9621466994285583,0.9998070597648621,0.6339021325111389,0.36528369784355164,-0.4113674461841583,0.996222198009491,0.9984921216964722,0.7620936036109924,0.35846009850502014,-0.4719327688217163,0.996825098991394,0.9986634254455566,0.5879034399986267,0.36000555753707886,-0.26747554540634155,0.4365656077861786,0.9952795505523682,0.789764404296875,0.3392895460128784,-0.34153980016708374,0.7427999377250671,0.9982059001922607,0.5766153335571289,0.335229754447937,-0.24385973811149597,0.43211281299591064,0.9973878264427185,0.7759006023406982,0.3007025122642517,-0.2824297249317169,0.6723920106887817,0.9976886510848999,0.5634264349937439,0.33000510931015015,-0.26606571674346924,0.42380574345588684,0.9963027238845825,0.7827661037445068,0.2908632159233093,-0.30748945474624634,0.6435074210166931,0.9962843656539917,0.5809552669525146,0.3282896876335144,-0.2893484830856323,0.42217373847961426,0.9972564578056335,0.7687841653823853,0.29187530279159546,-0.33410510420799255,0.6377694606781006,0.9967989921569824,0.5885136127471924,0.32965463399887085,-0.24980846047401428,0.41102656722068787,0.997712254524231,0.7608054280281067,0.29564523696899414,-0.28955724835395813,0.6171231269836426,0.9976135492324829,0.6660041213035583,0.38121241331100464,0.020955365151166916,0.99811851978302,0.9998849630355835,0.7224568724632263,0.37988585233688354,-0.020709797739982605,0.9983581304550171,0.9998987913131714,0.6687816977500916,0.3686719238758087,0.24112220108509064,0.5745032429695129,0.9985865354537964,0.7418079972267151,0.3792911171913147,0.1946890652179718,0.6584844589233398,0.9983933568000793,0.6625133156776428,0.35944873094558716,0.5427087545394897,0.5934842228889465,0.9984018206596375,0.7128399610519409,0.36713486909866333,0.4983200430870056,0.6266311407089233,0.9975051283836365,0.6598480939865112,0.3627642095088959,0.5784019231796265,0.5963397026062012,0.9979158043861389,0.7027275562286377,0.36872434616088867,0.5350411534309387,0.6362217664718628,0.9967790246009827,0.6664266586303711,0.33717918395996094,0.5830968022346497,0.5756543874740601,0.9977082014083862,0.7214334011077881,0.3486420214176178,0.5317481756210327,0.5931699275970459,0.9961131811141968
39,1326,True,0.7005570530891418,0.3001496195793152,-0.16041210293769836,0.9729244112968445,0.9999674558639526,0.6963733434677124,0.30148792266845703,-0.1658574789762497,0.9707820415496826,0.9999334812164307,0.6944325566291809,0.3019491732120514,-0.16588421165943146,0.9669261574745178,0.9999282360076904,0.691767692565918,0.3023933172225952,-0.1658446043729782,0.9713448286056519,0.9999213218688965,0.7007899284362793,0.30078381299972534,-0.17110775411128998,0.9756391048431396,0.9999326467514038,0.7022790312767029,0.3008282780647278,-0.17135097086429596,0.9735880494117737,0.9999316930770874,0.70353102684021,0.3008579611778259,-0.17132335901260376,0.9759067893028259,0.9999234676361084,0.686939001083374,0.30623123049736023,-0.15592540800571442,0.9646541476249695,0.9999361038208008,0.7069790959358215,0.3043065667152405,-0.17910125851631165,0.9744901657104492,0.9999375343322754,0.6979616284370422,0.3027511537075043,-0.1514204889535904,0.9708275198936462,0.9999607801437378,0.7041941285133362,0.30227798223495483,-0.15774312615394592,0.9657644629478455,0.9999616146087646,0.6886686682701111,0.32094496488571167,-0.1085745096206665,0.9965897798538208,0.9999582767486572,0.7259875535964966,0.31215158104896545,-0.1660325527191162,0.9971339702606201,0.9999651908874512,0.664311945438385,0.32873913645744324,-0.11453038454055786,0.4548983871936798,0.9998492002487183,0.7000035047531128,0.32409149408340454,-0.1720435619354248,0.7259252071380615,0.9997922778129578,0.6206450462341309,0.3087467551231384,-0.15998908877372742,0.4622022807598114,0.9998606443405151,0.6570903062820435,0.3061182200908661,-0.18990889191627502,0.6515350937843323,0.9996614456176758,0.6059719324111938,0.3056163191795349,-0.18365050852298737,0.45352330803871155,0.9998021721839905,0.6492500901222229,0.29934629797935486,-0.20176385343074799,0.623785674571991,0.9995344877243042,0.6096777319908142,0.30094829201698303,-0.18322166800498962,0.4509052336215973,0.9998279809951782,0.6434690952301025,0.299334853887558,-0.21348834037780762,0.6165924072265625,0.999596893787384,0.6158460378646851,0.3019102215766907,-0.16263097524642944,0.432905912399292,0.9998694658279419,0.644637942314148,0.3021424412727356,-0.19365206360816956,0.5931580662727356,0.9996720552444458,0.6964641809463501,0.36991482973098755,0.025287874042987823,0.9982988834381104,0.999923586845398,0.7172315120697021,0.361605703830719,-0.025124317035079002,0.9985131621360779,0.9999480247497559,0.6666058301925659,0.37461113929748535,0.014084937982261181,0.5574111342430115,0.9998264908790588,0.6880831122398376,0.3684597313404083,-0.039497241377830505,0.6699862480163574,0.9998893737792969,0.6031286716461182,0.363298237323761,0.11046673357486725,0.5898020267486572,0.9998947381973267,0.6080517172813416,0.35775822401046753,0.004591085948050022,0.6440438628196716,0.9998714923858643,0.5959305167198181,0.36305519938468933,0.11940009146928787,0.601239800453186,0.9998668432235718,0.599155604839325,0.35724490880966187,0.008544937707483768,0.6525878310203552,0.9998224377632141,0.5812313556671143,0.35234302282333374,0.09301439672708511,0.5811365842819214,0.9997028708457947,0.5829461216926575,0.35038334131240845,-0.02993379905819893,0.6173775792121887,0.9995874762535095
40,1360,False,,,,,,,,,,,,,,,,,,,,,,,,,,,,,,,,,,,,,,,,,,,,,,,,,,,,,,,,,,,,,,,,,,,,,,,,,,,,,,,,,,,,,,,,,,,,,,,,,,,,,,,,,,,,,,,,,,,,,,,,,,,,,,,,,,,,,,,,,,,,,,,,,,,,,,,,,,,,,,,,,,,,,
41,1394,True,0.7372642755508423,0.33331650495529175,-0.39315029978752136,0.9744644165039062,0.9811962842941284,0.7375074028968811,0.32845062017440796,-0.4046955406665802,0.9722633361816406,0.9770100116729736,0.7360708713531494,0.3274061679840088,-0.4047315716743469,0.9684896469116211,0.9740119576454163,0.7347689867019653,0.3263336718082428,-0.4047977328300476,0.972674548625946,0.9702516794204712,0.7388054132461548,0.3304920494556427,-0.4241788685321808,0.9768246412277222,0.9810726642608643,0.7384098768234253,0.3308134078979492,-0.42437586188316345,0.9748402833938599,0.9824078679084778,0.7377825379371643,0.3310568928718567,-0.4244464039802551,0.9772906303405762,0.9827356338500977,0.7207193374633789,0.3232022523880005,-0.3733825385570526,0.9659565091133118,0.9663813710212708,0.7254337668418884,0.32994574308395386,-0.45872360467910767,0.9759253859519958,0.9842544794082642,0.7260159254074097,0.3332272469997406,-0.36982959508895874,0.9719517827033997,0.9667282104492188,0.7279066443443298,0.3352372646331787,-0.3948909044265747,0.9678597450256348,0.975774347782135,0.6746819019317627,0.32442528009414673,-0.2554146349430084,0.995785653591156,0.9415399432182312,0.6929261088371277,0.3427715003490448,-0.4301975965499878,0.9970189929008484,0.9861288666725159,0.6460306644439697,0.2975764870643616,-0.1622498482465744,0.43244409561157227,0.9106037020683289,0.6675265431404114,0.3314938545227051,-0.420816034078598,0.7161785364151001,0.962471067905426,0.645671546459198,0.28566351532936096,-0.10826507210731506,0.4313705563545227,0.8457061052322388,0.6455036401748657,0.31722015142440796,-0.34608498215675354,0.6333619952201843,0.8856089115142822,0.6454020738601685,0.2816014885902405,-0.11303016543388367,0.4226621985435486,0.8381388187408447,0.6403940916061401,0.3136776089668274,-0.3703388571739197,0.6060376167297363,0.866442084312439,0.6458326578140259,0.2884429693222046,-0.1381564885377884,0.4201164245605469,0.8337094187736511,0.6371018886566162,0.31617867946624756,-0.382266104221344,0.600498378276825,0.867257297039032,0.6455727815628052,0.29048457741737366,-0.11903323978185654,0.4041993319988251,0.8397695422172546,0.6386206150054932,0.3173834979534149,-0.3484216332435608,0.5763618350028992,0.8747162222862244,0.5830520987510681,0.4144098162651062,0.0602450855076313,0.9937323331832886,0.8380059599876404,0.5894497036933899,0.42083674669265747,-0.0603366494178772,0.9960475564002991,0.9383146166801453,0.6614742875099182,0.4227202534675598,0.10563702881336212,0.5254597663879395,0.8028547763824463,0.6768606901168823,0.4288701117038727,-0.021147005259990692,0.6433674097061157,0.9020740985870361,0.6176357865333557,0.41219162940979004,0.3500902056694031,0.5428193211555481,0.8814936280250549,0.6080214977264404,0.42488354444503784,0.2059437483549118,0.605769693851471,0.895884096622467,0.6072331666946411,0.40974244475364685,0.37879544496536255,0.5537121295928955,0.9036263227462769,0.5941340923309326,0.4238070547580719,0.23166941106319427,0.6072368025779724,0.910319447517395,0.6151624917984009,0.4106397032737732,0.4120866060256958,0.5359248518943787,0.9155939817428589,0.5988165140151978,0.42477554082870483,0.23901531100273132,0.580130398273468,0.919605553150177
42,1428,True,0.7500208616256714,0.33243656158447266,-0.5014434456825256,0.9765554070472717,0.9986926913261414,0.7490878701210022,0.3266099989414215,-0.5213041305541992,0.9744276404380798,0.9989686012268066,0.7473369836807251,0.3246538043022156,-0.5215892195701599,0.9710883498191833,0.9989649057388306,0.7456556558609009,0.3225705921649933,-0.5218120813369751,0.9749289155006409,0.9988580942153931,0.7516958713531494,0.3303197920322418,-0.5451784133911133,0.9786867499351501,0.9990189075469971,0.7518768310546875,0.3308126628398895,-0.5454235672950745,0.97696453332901,0.9990823268890381,0.7518602013587952,0.3312067985534668,-0.5455174446105957,0.9791741967201233,0.9990885257720947,0.7311691045761108,0.3169015645980835,-0.49403950572013855,0.9688820242881775,0.9991340041160583,0.7413232326507568,0.33009108901023865,-0.6017646193504333,0.9780136346817017,0.9994016885757446,0.7394773960113525,0.33078014850616455,-0.472030907869339,0.973528265953064,0.9979804158210754,0.7425457239151001,0.3347422480583191,-0.5036602020263672,0.9700068831443787,0.9982154369354248,0.6809622049331665,0.301279753446579,-0.34504562616348267,0.9960678815841675,0.9984285235404968,0.7025882005691528,0.3473435342311859,-0.5375641584396362,0.9972627758979797,0.9986395239830017,0.6396492719650269,0.295388787984848,-0.12286881357431412,0.40073904395103455,0.9849814176559448,0.6945525407791138,0.365940123796463,-0.428574800491333,0.7263749837875366,0.9838516116142273,0.6454945206642151,0.28729888796806335,0.017645984888076782,0.3989328145980835,0.9839951395988464,0.7237556576728821,0.3549887537956238,-0.31212419271469116,0.6214370727539062,0.971977710723877,0.6443760395050049,0.28212684392929077,0.02135172113776207,0.3936109244823456,0.9855405688285828,0.7332054376602173,0.3553798794746399,-0.34707915782928467,0.5954499840736389,0.9779244065284729,0.6478614211082458,0.28987666964530945,-0.009708428755402565,0.39190784096717834,0.9862062335014343,0.7296695113182068,0.35011711716651917,-0.35290637612342834,0.5912067294120789,0.97698974609375,0.6486135125160217,0.2932997941970825,0.009585989639163017,0.37640896439552307,0.9867803454399109,0.725310206413269,0.3476599454879761,-0.31159159541130066,0.5604795813560486,0.9769814610481262,0.5909897089004517,0.3803494870662689,0.08438021689653397,0.9939126372337341,0.9980306029319763,0.6013442873954773,0.40605106949806213,-0.08417961001396179,0.9962908029556274,0.9985637068748474,0.6355365514755249,0.4073963761329651,0.5106725692749023,0.4810616075992584,0.9893353581428528,0.6396623253822327,0.43692144751548767,0.32486772537231445,0.6330534815788269,0.9871953725814819,0.5882002711296082,0.41314348578453064,0.9634297490119934,0.5030312538146973,0.9948846697807312,0.5840370059013367,0.42663589119911194,0.7637208104133606,0.6006576418876648,0.992344081401825,0.5809512138366699,0.41097012162208557,1.0150575637817383,0.5181035399436951,0.9952064156532288,0.5702069401741028,0.42393383383750916,0.8137951493263245,0.5967212319374084,0.9933449029922485,0.5935795307159424,0.41805896162986755,1.0332528352737427,0.4990100860595703,0.9955606460571289,0.5807130336761475,0.4317556917667389,0.8149436116218567,0.5692792534828186,0.9924813508987427
43,1462,True,0.7734909057617188,0.3147399127483368,-0.07692553102970123,0.9768584966659546,0.9984937906265259,0.7719294428825378,0.30187150835990906,-0.11430534720420837,0.9754599928855896,0.9988269209861755,0.7730240821838379,0.2981846332550049,-0.11461996287107468,0.9724248647689819,0.9989627599716187,0.7722581028938293,0.29723185300827026,-0.11484931409358978,0.9760125875473022,0.9990125894546509,0.7835074663162231,0.3117217421531677,-0.12347143143415451,0.9791187047958374,0.9985563158988953,0.7859045267105103,0.3127670884132385,-0.12362642586231232,0.9774624705314636,0.9985682964324951,0.7880777716636658,0.31370809674263,-0.12374686449766159,0.9794944524765015,0.9984685778617859,0.7631954550743103,0.29805222153663635,-0.20416340231895447,0.9702308177947998,0.9994398951530457,0.7828736901283264,0.31384387612342834,-0.24684739112854004,0.9783381819725037,0.9991416931152344,0.7593259215354919,0.305523157119751,-0.09347029030323029,0.9735075235366821,0.9988440275192261,0.7676897644996643,0.31750351190567017,-0.10633762925863266,0.9705504775047302,0.9987906813621521,0.684688925743103,0.2909364104270935,-0.1967715620994568,0.996379554271698,0.9996836185455322,0.7478910684585571,0.33971720933914185,-0.23487485945224762,0.9974519610404968,0.9991806149482727,0.5957550406455994,0.3014387786388397,-0.07446659356355667,0.4307171404361725,0.9907398223876953,0.7036107182502747,0.37544071674346924,-0.10862249881029129,0.6929150819778442,0.9768663048744202,0.5432302355766296,0.3003724217414856,-0.006441070698201656,0.41053882241249084,0.9765129089355469,0.6976503729820251,0.3691116273403168,0.022665582597255707,0.5831308960914612,0.9689984321594238,0.5498813390731812,0.28919073939323425,-0.012693144381046295,0.40117406845092773,0.9741961359977722,0.6997685432434082,0.3702726364135742,0.013706297613680363,0.5584396123886108,0.9735238552093506,0.5620502233505249,0.2924470603466034,-0.02986879087984562,0.39963456988334656,0.9757644534111023,0.6963568925857544,0.36500099301338196,0.0022213798947632313,0.5547929406166077,0.975131630897522,0.5661602020263672,0.2954429090023041,-0.009791731834411621,0.380362331867218,0.9783375859260559,0.6949138045310974,0.3636748790740967,0.021299490705132484,0.5238178968429565,0.9744577407836914,0.58995121717453,0.3755500614643097,0.05022419989109039,0.9941845536231995,0.9990842342376709,0.6163378953933716,0.40015262365341187,-0.05013348162174225,0.9963757991790771,0.9986020922660828,0.5811509490013123,0.4092802107334137,0.43994972109794617,0.4660392999649048,0.9881763458251953,0.6090947389602661,0.4372049868106842,0.36603066325187683,0.6217117309570312,0.9846469163894653,0.5773766040802002,0.4354960024356842,0.790580153465271,0.48530247807502747,0.9852875471115112,0.5807880163192749,0.4406343102455139,0.7087888717651367,0.5871405601501465,0.983856201171875,0.5729935169219971,0.43856707215309143,0.8311843276023865,0.5084315538406372,0.9837528467178345,0.5721924304962158,0.4444044232368469,0.7472741007804871,0.5909156799316406,0.9840282797813416,0.586650013923645,0.44677504897117615,0.8374717831611633,0.4817204773426056,0.9855576157569885,0.5829431414604187,0.455413281917572,0.7403076887130737,0.5558248162269592,0.9845958352088928
44,1496,True,0.7529164552688599,0.30210667848587036,0.018039645627141,0.9786524772644043,0.9996366500854492,0.7561306357383728,0.29713597893714905,-0.02080184407532215,0.9776458144187927,0.9997530579566956,0.7559723854064941,0.2954665720462799,-0.021061468869447708,0.9749124050140381,0.9998040795326233,0.7550897598266602,0.29427486658096313,-0.021219750866293907,0.9781754016876221,0.9998297691345215,0.7688102126121521,0.3015987277030945,-0.01078684814274311,0.9807479977607727,0.9995961785316467,0.7761107683181763,0.30306896567344666,-0.01084208395332098,0.9791450500488281,0.9995529055595398,0.7851966023445129,0.3042086660861969,-0.01088241022080183,0.9809848070144653,0.9994686245918274,0.7619645595550537,0.29605329036712646,-0.13689061999320984,0.9729161262512207,0.9999188184738159,0.7676693201065063,0.307059109210968,-0.09333466738462448,0.9797863364219666,0.9996100068092346,0.7440322041511536,0.3023759126663208,-0.013750028796494007,0.9754183888435364,0.9996559619903564,0.7542527318000793,0.3079228103160858,-0.001440326333977282,0.9724151492118835,0.9994196891784668,0.6693169474601746,0.2978430986404419,-0.18333062529563904,0.9966985583305359,0.999840497970581,0.7433140873908997,0.34004324674606323,-0.06794627755880356,0.9975481629371643,0.9985504746437073,0.5847695469856262,0.31296902894973755,-0.1368485540151596,0.4825168550014496,0.9967988729476929,0.7235590815544128,0.3739936053752899,0.1268102079629898,0.6426823735237122,0.9896117448806763,0.5204708576202393,0.3235546350479126,-0.14163662493228912,0.4530585706233978,0.9925575256347656,0.7063034772872925,0.3580997884273529,0.33801528811454773,0.5377413034439087,0.9861907958984375,0.5030675530433655,0.31908947229385376,-0.16200368106365204,0.4403211176395416,0.9907227158546448,0.7059585452079773,0.35685816407203674,0.3561673164367676,0.5166934132575989,0.985952615737915,0.5043575763702393,0.31931671500205994,-0.17110711336135864,0.43911272287368774,0.9909316301345825,0.6984714865684509,0.35256510972976685,0.3348144590854645,0.5140226483345032,0.9866304993629456,0.5119563341140747,0.32287904620170593,-0.14263437688350677,0.4173111021518707,0.9922056794166565,0.6964514255523682,0.3524445593357086,0.3350764214992523,0.48562780022621155,0.9872295260429382,0.5846255421638489,0.38366007804870605,-0.0033873654901981354,0.9947114586830139,0.9996638298034668,0.6126464605331421,0.40288883447647095,0.0032757828012108803,0.996665358543396,0.999390721321106,0.5617802143096924,0.4211618900299072,0.3532588481903076,0.4760769009590149,0.9887955188751221,0.6045728325843811,0.4366084933280945,0.323149710893631,0.6170772910118103,0.98607337474823,0.5751342177391052,0.4518347382545471,0.5954854488372803,0.48837605118751526,0.9871124625205994,0.5843697190284729,0.4546205401420593,0.5801601409912109,0.577397346496582,0.987220287322998,0.5718703866004944,0.4557850956916809,0.6235359907150269,0.5113779306411743,0.985850989818573,0.5742472410202026,0.4583255350589752,0.6091076135635376,0.587689220905304,0.9862611889839172,0.5867789387702942,0.45741015672683716,0.5983333587646484,0.4833170771598816,0.9899514317512512,0.595396101474762,0.4639910161495209,0.604982316493988,0.5467128157615662,0.9888274669647217
45,1530,True,0.7138007879257202,0.29654330015182495,0.1082138791680336,0.979556143283844,0.9994526505470276,0.719445526599884,0.29253244400024414,0.07405140995979309,0.9791861176490784,0.9995860457420349,0.7182000875473022,0.2915767431259155,0.0739344134926796,0.9767370223999023,0.999660849571228,0.7169449925422668,0.2907469570636749,0.0738581046462059,0.9797550439834595,0.9996975660324097,0.7285152673721313,0.29600465297698975,0.08770208060741425,0.9815062880516052,0.9993601441383362,0.7324675917625427,0.2968447804450989,0.08770930767059326,0.9798623323440552,0.9992940425872803,0.7398294806480408,0.2984831929206848,0.08772499114274979,0.9815794825553894,0.9991589784622192,0.7204321026802063,0.29355883598327637,-0.04546421766281128,0.9748280048370361,0.9998087286949158,0.7407951354980469,0.30137237906455994,0.014932727441191673,0.9798102974891663,0.9992086291313171,0.7071722745895386,0.2996109127998352,0.0720001608133316,0.9758533835411072,0.9990662932395935,0.7156746983528137,0.30392104387283325,0.08923269063234329,0.9724822044372559,0.9984873533248901,0.6493908762931824,0.298869788646698,-0.10482405871152878,0.9968124628067017,0.9989246726036072,0.7355963587760925,0.33938270807266235,0.01911095902323723,0.9974574446678162,0.994448184967041,0.5676815509796143,0.32339879870414734,-0.10956111550331116,0.5266979336738586,0.9950227737426758,0.7201714515686035,0.36889350414276123,0.18153692781925201,0.5873371362686157,0.986155092716217,0.5210657715797424,0.3277765214443207,-0.09526318311691284,0.4811902642250061,0.9900025129318237,0.6997286081314087,0.3527001142501831,0.376616895198822,0.4886908531188965,0.9799450635910034,0.523050844669342,0.32575613260269165,-0.10218090564012527,0.46474161744117737,0.9885445237159729,0.6994173526763916,0.3558923006057739,0.4048759341239929,0.4706912636756897,0.981539785861969,0.5284494161605835,0.32570964097976685,-0.10088074952363968,0.4633356034755707,0.9871406555175781,0.69086754322052,0.34733620285987854,0.3897358477115631,0.4683985412120819,0.9810349345207214,0.5342517495155334,0.32628998160362244,-0.08954376727342606,0.4387718141078949,0.9888068437576294,0.6890423893928528,0.34985071420669556,0.37577179074287415,0.4432234466075897,0.9814978837966919,0.5758653283119202,0.3873937726020813,-0.008425785228610039,0.9951131343841553,0.999288022518158,0.612411618232727,0.4044892191886902,0.008233434520661831,0.9968949556350708,0.9991627931594849,0.5547284483909607,0.44516390562057495,0.07854491472244263,0.4830881655216217,0.9814075827598572,0.60581374168396,0.4529828131198883,0.15028662979602814,0.6238743662834167,0.9899699091911316,0.5796737670898438,0.47898322343826294,0.21566417813301086,0.4936005175113678,0.9875426292419434,0.5985066890716553,0.4858097434043884,0.21870382130146027,0.5867745876312256,0.9906849265098572,0.5762327313423157,0.48324671387672424,0.23151558637619019,0.5150405168533325,0.9868865609169006,0.5823878645896912,0.4984200894832611,0.22725646197795868,0.5963741540908813,0.9879708886146545,0.5880246758460999,0.48596420884132385,0.221771702170372,0.48314958810806274,0.9909640550613403,0.6127184629440308,0.501710832118988,0.20682549476623535,0.5474790334701538,0.9883623719215393
46,1564,True,0.6751502752304077,0.2982053756713867,0.10534817725419998,0.9795642495155334,0.9994329810142517,0.6824390888214111,0.29424235224723816,0.06396444886922836,0.9803329110145569,0.9996401071548462,0.681949257850647,0.29378047585487366,0.06383365392684937,0.9781560301780701,0.999716579914093,0.6815685033798218,0.2933652997016907,0.06374943256378174,0.9809697866439819,0.9997580647468567,0.6880765557289124,0.29564550518989563,0.09084068983793259,0.9817136526107788,0.9994151592254639,0.6907316446304321,0.29600828886032104,0.09084616601467133,0.9800833463668823,0.9993628859519958,0.6938450336456299,0.29641419649124146,0.0908571109175682,0.9817319512367249,0.9992573857307434,0.6873201727867126,0.29611459374427795,-0.07662761211395264,0.976472795009613,0.9998809099197388,0.7051466703414917,0.30011695623397827,0.043551284819841385,0.9798727035522461,0.9994433522224426,0.6717306971549988,0.30221638083457947,0.06138591095805168,0.9760192036628723,0.9994497895240784,0.6770849227905273,0.30445951223373413,0.096166230738163,0.9724019169807434,0.9990829229354858,0.6390252709388733,0.3133491575717926,-0.15001772344112396,0.9969944357872009,0.9995262622833252,0.725870668888092,0.3375489115715027,0.07614581286907196,0.9975033402442932,0.9966866374015808,0.5503625869750977,0.3327427804470062,-0.1603810340166092,0.5720637440681458,0.9972962737083435,0.6996287703514099,0.3699965178966522,0.2629089653491974,0.5322162508964539,0.9846183657646179,0.5106161236763,0.32395967841148376,-0.09908856451511383,0.5236446857452393,0.9922825694084167,0.6585318446159363,0.34988558292388916,0.4409811794757843,0.44266143441200256,0.9815285205841064,0.5082253217697144,0.31904658675193787,-0.10692210495471954,0.5054910778999329,0.9899563789367676,0.6562203168869019,0.35049372911453247,0.4766447842121124,0.4273897409439087,0.9836146235466003,0.5159424543380737,0.318366140127182,-0.10611677914857864,0.5040801763534546,0.9886826872825623,0.6465780138969421,0.34131860733032227,0.459200382232666,0.4254179000854492,0.9835976958274841,0.5214598178863525,0.3196066915988922,-0.0947481244802475,0.47762906551361084,0.9908209443092346,0.6452704071998596,0.34644410014152527,0.4391177296638489,0.4032331109046936,0.9833508133888245,0.5731126070022583,0.40540796518325806,-0.041907280683517456,0.9953926205635071,0.9992303848266602,0.6135724186897278,0.41041120886802673,0.04165177792310715,0.9969605803489685,0.9987912774085999,0.5572949051856995,0.4685576856136322,0.027652984485030174,0.4868963062763214,0.9786763787269592,0.6046432852745056,0.4608433246612549,0.17047901451587677,0.6132818460464478,0.9836037755012512,0.5743821859359741,0.5046340227127075,0.1567707657814026,0.4959619641304016,0.9773488640785217,0.5897667407989502,0.5041391253471375,0.2685350775718689,0.5770261287689209,0.9787452220916748,0.5728699564933777,0.5094994306564331,0.17202475666999817,0.5179264545440674,0.975176215171814,0.5789152979850769,0.5114121437072754,0.27827075123786926,0.5954861044883728,0.9745509624481201,0.5816928148269653,0.5110435485839844,0.15776605904102325,0.4780316650867462,0.9817909002304077,0.6041303277015686,0.5127078890800476,0.26859065890312195,0.5329104661941528,0.9774651527404785
47,1598,True,0.6603220105171204,0.3024665415287018,0.05174507573246956,0.9815574288368225,0.9999650716781616,0.6704126596450806,0.2987586557865143,0.016441356390714645,0.9822698831558228,0.9999688863754272,0.6711658239364624,0.2980751395225525,0.0164137315005064,0.9803134202957153,0.9999722242355347,0.6720051169395447,0.29732072353363037,0.016389666125178337,0.9828447103500366,0.9999724626541138,0.6716241240501404,0.30009597539901733,0.05403031408786774,0.9834777116775513,0.9999651908874512,0.6732383966445923,0.3004496395587921,0.05400361865758896,0.9820103049278259,0.9999655485153198,0.6758537292480469,0.3009491562843323,0.05403801053762436,0.9835101962089539,0.9999629259109497,0.6787101030349731,0.29798150062561035,-0.09801821410655975,0.978790819644928,0.9999856948852539,0.685984194278717,0.3046318590641022,0.07313293218612671,0.9818404912948608,0.9999778270721436,0.6591018438339233,0.30576834082603455,0.016286838799715042,0.9783283472061157,0.9999675750732422,0.6616326570510864,0.308533251285553,0.06545594334602356,0.9750537276268005,0.9999607801437378,0.6431626677513123,0.3277299404144287,-0.17615856230258942,0.9972922205924988,0.9999903440475464,0.6913637518882751,0.3378683924674988,0.1658661663532257,0.9977390170097351,0.9999675750732422,0.5555650591850281,0.33946681022644043,-0.19982299208641052,0.6144360899925232,0.999843955039978,0.6302381157875061,0.3644576668739319,0.2801510691642761,0.4837305247783661,0.9997178912162781,0.5071916580200195,0.32315582036972046,-0.1318296492099762,0.569577157497406,0.9989445805549622,0.564504086971283,0.3350248634815216,0.3169448971748352,0.4073939621448517,0.9990078806877136,0.4927889108657837,0.3159882426261902,-0.15649619698524475,0.5522107481956482,0.9985858201980591,0.5607961416244507,0.3253885805606842,0.3380398154258728,0.3959565758705139,0.9988265633583069,0.5018436908721924,0.3149557113647461,-0.1378864198923111,0.5506811141967773,0.9985816478729248,0.554274320602417,0.3213677406311035,0.3076173663139343,0.39449018239974976,0.9987993240356445,0.5062785744667053,0.31724682450294495,-0.1216806024312973,0.5249236822128296,0.9988118410110474,0.5532419681549072,0.32579928636550903,0.30468711256980896,0.37573590874671936,0.9988645315170288,0.5774621367454529,0.4166153073310852,-0.09238643944263458,0.995820164680481,0.999914288520813,0.6157340407371521,0.42184963822364807,0.09246326237916946,0.99720299243927,0.9999122619628906,0.5678588151931763,0.4809902608394623,-0.010963208973407745,0.5322579145431519,0.9989797472953796,0.6182596683502197,0.4715002179145813,0.21593324840068817,0.6000492572784424,0.9992941617965698,0.5753974318504333,0.5331606268882751,0.08347923308610916,0.543228268623352,0.9985550045967102,0.6411359310150146,0.5298812389373779,0.32795071601867676,0.5910642147064209,0.9988018274307251,0.5746882557868958,0.5400473475456238,0.09334702044725418,0.5632450580596924,0.9979851245880127,0.645914614200592,0.5391018986701965,0.34167227149009705,0.622355043888092,0.998389720916748,0.5640462636947632,0.544758141040802,0.04600227624177933,0.524563193321228,0.9979044198989868,0.6341890096664429,0.5413604974746704,0.3222340941429138,0.5542050004005432,0.998119056224823
48,1632,True,0.6441212892532349,0.3030581474304199,0.011961852200329304,0.9833232760429382,0.9998526573181152,0.6546899676322937,0.3029041886329651,-0.014856589958071709,0.9839835166931152,0.9998385906219482,0.6561209559440613,0.3039049804210663,-0.014859347604215145,0.9822260141372681,0.9998400211334229,0.6576396226882935,0.30458682775497437,-0.014859971590340137,0.9845073819160461,0.9998306035995483,0.6542026996612549,0.301069974899292,0.02200741320848465,0.9850032925605774,0.9998506307601929,0.6554592847824097,0.3020569682121277,0.021945366635918617,0.983668863773346,0.9998571872711182,0.6570373773574829,0.30307525396347046,0.021963072940707207,0.985064685344696,0.9998538494110107,0.6661345958709717,0.31020063161849976,-0.09604775160551071,0.9808326959609985,0.9998854398727417,0.6682363152503967,0.3086054027080536,0.07422046363353729,0.9835488796234131,0.9999054670333862,0.6454914808273315,0.3122824728488922,-0.012788782827556133,0.9803158044815063,0.9998365640640259,0.6444880366325378,0.310467392206192,0.03580703213810921,0.977330207824707,0.9998216032981873,0.6434862017631531,0.33902543783187866,-0.1827048659324646,0.9975581169128418,0.9999659061431885,0.6677258610725403,0.34165260195732117,0.1761086881160736,0.9979379773139954,0.999946117401123,0.5672420263290405,0.3489590287208557,-0.22038188576698303,0.651874303817749,0.9995319843292236,0.6019202470779419,0.3637789189815521,0.2339932918548584,0.44939124584198,0.9998025298118591,0.5212168097496033,0.33291205763816833,-0.16246166825294495,0.6078938841819763,0.9987803101539612,0.5500286817550659,0.3348221182823181,0.19125396013259888,0.3933183252811432,0.9991604089736938,0.5079920291900635,0.32435569167137146,-0.1909363865852356,0.5896493792533875,0.9985951781272888,0.537893533706665,0.3260282874107361,0.19765044748783112,0.38430413603782654,0.9988073110580444,0.5182146430015564,0.3246472477912903,-0.16981241106987,0.5875318646430969,0.9985553622245789,0.5400948524475098,0.3246968984603882,0.1738652139902115,0.38301727175712585,0.9987432360649109,0.5248548984527588,0.3286556303501129,-0.15191593766212463,0.5606448650360107,0.9987055063247681,0.5404890179634094,0.3272624909877777,0.17940957844257355,0.3670247793197632,0.9989142417907715,0.5891662836074829,0.4268905520439148,-0.10875095427036285,0.9961961507797241,0.9998767375946045,0.6144888401031494,0.42814189195632935,0.10893628001213074,0.9974144101142883,0.9999103546142578,0.5678552985191345,0.4906240999698639,-0.05364459007978439,0.573298454284668,0.9989019632339478,0.6155571937561035,0.48419076204299927,0.2051648050546646,0.5791170597076416,0.9991841912269592,0.5765049457550049,0.5515509247779846,0.023584455251693726,0.5856102108955383,0.9977989792823792,0.6473731398582458,0.5453810095787048,0.3086322844028473,0.5959445238113403,0.998056948184967,0.5908316969871521,0.5589842200279236,0.03033323585987091,0.6030013561248779,0.9965885877609253,0.6590192914009094,0.5542611479759216,0.31769484281539917,0.6384867429733276,0.9971139430999756,0.5605384111404419,0.5688620805740356,-0.027187980711460114,0.5672351717948914,0.9953428506851196,0.633110523223877,0.5599581599235535,0.28566306829452515,0.5709763765335083,0.9960830211639404
49,1666,True,0.6277630925178528,0.3217979669570923,-0.03946906328201294,0.9849779009819031,0.9999593496322632,0.6379945874214172,0.31966859102249146,-0.06391336023807526,0.9855772852897644,0.9999594688415527,0.6397392153739929,0.32029882073402405,-0.06393137574195862,0.9839961528778076,0.9999626874923706,0.6415233016014099,0.32080206274986267,-0.06394074112176895,0.9860495924949646,0.9999622106552124,0.6362430453300476,0.31817319989204407,-0.029683873057365417,0.9864850044250488,0.9999538660049438,0.6368535161018372,0.31821775436401367,-0.029716825112700462,0.9852784872055054,0.9999511241912842,0.6376893520355225,0.3183079659938812,-0.029701251536607742,0.9865404963493347,0.9999459981918335,0.6514889001846313,0.32452574372291565,-0.12530004978179932,0.9827390909194946,0.9999791383743286,0.6464599370956421,0.3236914873123169,0.04343172535300255,0.9851767420768738,0.9999614953994751,0.6314312815666199,0.3309135138988495,-0.057502686977386475,0.9822193384170532,0.9998924732208252,0.6286844611167908,0.32974115014076233,-0.012729499489068985,0.9795229434967041,0.9998559951782227,0.6424682140350342,0.3520335257053375,-0.20626147091388702,0.9977926015853882,0.9999414682388306,0.6540452837944031,0.35376930236816406,0.15899614989757538,0.9980816841125488,0.9998856782913208,0.5720034837722778,0.3619123101234436,-0.3380853533744812,0.68546462059021,0.9995988011360168,0.6082388758659363,0.37459641695022583,0.2986045777797699,0.4138617217540741,0.9997947812080383,0.5281403660774231,0.34843936562538147,-0.3610018491744995,0.6406917572021484,0.9992443323135376,0.5628219246864319,0.35524505376815796,0.3468572497367859,0.37419015169143677,0.999175488948822,0.5181334018707275,0.34380069375038147,-0.39898091554641724,0.6207903623580933,0.9990498423576355,0.5537741184234619,0.3486247956752777,0.3653797209262848,0.36843496561050415,0.9987311959266663,0.524081826210022,0.339773952960968,-0.381056010723114,0.6181735396385193,0.9990164041519165,0.5524744391441345,0.34683290123939514,0.3422761857509613,0.36735543608665466,0.9986974596977234,0.5289854407310486,0.345270574092865,-0.35400092601776123,0.5902645587921143,0.9991030693054199,0.5542837977409363,0.34956151247024536,0.3371112048625946,0.35390737652778625,0.9988945126533508,0.5923193693161011,0.4445513188838959,-0.11564058810472488,0.9965606331825256,0.999948263168335,0.613739013671875,0.443886935710907,0.11571439355611801,0.9976425766944885,0.999947190284729,0.5649880766868591,0.5033777356147766,-0.0961795374751091,0.6104099750518799,0.9993078708648682,0.6156232357025146,0.5052286386489868,0.20212578773498535,0.5684017539024353,0.9992806315422058,0.5789791941642761,0.5649458765983582,-0.03086470253765583,0.6240391731262207,0.9986157417297363,0.6455546617507935,0.5624185800552368,0.3006993234157562,0.6083556413650513,0.9986261129379272,0.6048274040222168,0.5763651132583618,-0.02465156652033329,0.6382426023483276,0.9978176355361938,0.6585835218429565,0.5724655389785767,0.30724799633026123,0.6545236706733704,0.9977853298187256,0.5588662624359131,0.582785964012146,-0.08017753809690475,0.6061354279518127,0.9964601397514343,0.6262496709823608,0.5757390260696411,0.27370715141296387,0.5896793603897095,0.9965735673904419
50,1700,True,0.6082897782325745,0.33532479405403137,-0.00899092759937048,0.9864283800125122,0.9999474287033081,0.6183297038078308,0.3315456807613373,-0.0369582325220108,0.9869822263717651,0.9999479055404663,0.6202711462974548,0.3319282829761505,-0.036987949162721634,0.9855587482452393,0.9999502897262573,0.6223345994949341,0.3322744071483612,-0.03699882701039314,0.9874119162559509,0.9999512434005737,0.6176232099533081,0.33089467883110046,0.003368339966982603,0.9877534508705139,0.9999402761459351,0.6191196441650391,0.33090871572494507,0.0033118354622274637,0.9866390228271484,0.9999371767044067,0.6208464503288269,0.3309120237827301,0.003342818468809128,0.9878013730049133,0.999930739402771,0.6344643831253052,0.33615055680274963,-0.11237526684999466,0.9844180941581726,0.9999712705612183,0.6328120827674866,0.33537226915359497,0.07088412344455719,0.9865151047706604,0.9999514818191528,0.6116885542869568,0.3432771861553192,-0.03236781060695648,0.9838675856590271,0.9999303817749023,0.6104490756988525,0.3428111970424652,0.020822037011384964,0.9813946485519409,0.9999020099639893,0.6320429444313049,0.3641372621059418,-0.20601105690002441,0.9980029463768005,0.9999599456787109,0.6402536630630493,0.3663361072540283,0.18660259246826172,0.9982064962387085,0.9998207688331604,0.5647798180580139,0.3693333566188812,-0.24857456982135773,0.713973879814148,0.999650239944458,0.5938020348548889,0.3800254762172699,0.28501784801483154,0.3786720633506775,0.9997641444206238,0.5305385589599609,0.34912389516830444,-0.14139802753925323,0.6639992594718933,0.9994208812713623,0.5508661270141602,0.35369494557380676,0.27447086572647095,0.3519560396671295,0.999408483505249,0.5198698043823242,0.3439784646034241,-0.16042260825634003,0.6421130299568176,0.9992026686668396,0.542842447757721,0.3461483120918274,0.2859494388103485,0.34945452213287354,0.9991686344146729,0.5281423926353455,0.34429311752319336,-0.14451462030410767,0.6388775706291199,0.9990814924240112,0.5404162406921387,0.34432733058929443,0.2617678642272949,0.34846848249435425,0.9990792274475098,0.5306521654129028,0.34563004970550537,-0.12964202463626862,0.6095980405807495,0.999243974685669,0.5432222485542297,0.3470316529273987,0.26168596744537354,0.3378869295120239,0.99918133020401,0.5971364974975586,0.4585542678833008,-0.12330248206853867,0.9968916177749634,0.9999829530715942,0.6076068878173828,0.4581211507320404,0.12337025254964828,0.9978674650192261,0.9999837875366211,0.5860506296157837,0.5152491927146912,-0.10096913576126099,0.6394599676132202,0.9996378421783447,0.5845413208007812,0.5226276516914368,0.19735480844974518,0.5686696171760559,0.99973064661026,0.65201735496521,0.5700832009315491,-0.02754972316324711,0.6542767882347107,0.9993624091148376,0.5949186682701111,0.5815843939781189,0.2642150819301605,0.6251425743103027,0.999424934387207,0.6763636469841003,0.5752013921737671,-0.021434804424643517,0.6599456071853638,0.9991711378097534,0.6029280424118042,0.5902705788612366,0.2664889991283417,0.6715906262397766,0.9991143345832825,0.6307080388069153,0.5892125368118286,-0.07429512590169907,0.6371433734893799,0.9987480640411377,0.5723733901977539,0.5986011028289795,0.2308690994977951,0.612151563167572,0.9985331296920776
51,1734,True,0.5941434502601624,0.3521178960800171,-0.008862033486366272,0.9877691268920898,0.9999690055847168,0.6035381555557251,0.3491465151309967,-0.03519461676478386,0.9882718324661255,0.9999704360961914,0.6049028038978577,0.34934741258621216,-0.035170938819646835,0.9869918823242188,0.9999717473983765,0.6060875058174133,0.3494809567928314,-0.035132329910993576,0.9886596202850342,0.999971866607666,0.6028444766998291,0.34869760274887085,0.002557390835136175,0.9889512658119202,0.9999687671661377,0.6038228869438171,0.3486134707927704,0.002506483346223831,0.9879411458969116,0.9999679327011108,0.6047902703285217,0.34848567843437195,0.002541686873883009,0.9889951348304749,0.9999662637710571,0.6154904365539551,0.35291850566864014,-0.10377040505409241,0.9859627485275269,0.9999828338623047,0.6145561933517456,0.3520631492137909,0.0676884576678276,0.9878380298614502,0.9999762773513794,0.5965230464935303,0.3575887978076935,-0.030283784493803978,0.9854241609573364,0.9999349117279053,0.5954870581626892,0.3570749759674072,0.019313503056764603,0.9831827282905579,0.9999204874038696,0.6150289177894592,0.37629690766334534,-0.19826757907867432,0.9981940388679504,0.9999542236328125,0.6271782517433167,0.38072848320007324,0.18689113855361938,0.9983444809913635,0.9999117851257324,0.5529866814613342,0.3713216185569763,-0.22908686101436615,0.7411237359046936,0.999729335308075,0.5817521214485168,0.3828909993171692,0.31924793124198914,0.35389605164527893,0.9998730421066284,0.5307939052581787,0.34951576590538025,-0.07818253338336945,0.6879417896270752,0.9994914531707764,0.5472253561019897,0.35693278908729553,0.35982054471969604,0.33872050046920776,0.9995642304420471,0.5246299505233765,0.343924343585968,-0.08932855725288391,0.6655635237693787,0.9993280172348022,0.5409725904464722,0.3486874997615814,0.3812563717365265,0.339047372341156,0.9993305206298828,0.5304665565490723,0.343794047832489,-0.07963364571332932,0.6618334650993347,0.9991732239723206,0.5387507081031799,0.34796372056007385,0.3577870726585388,0.338032990694046,0.999247670173645,0.5324543118476868,0.3482954800128937,-0.06961719691753387,0.6330676674842834,0.9993282556533813,0.5411749482154846,0.3513420522212982,0.34913861751556396,0.3304200768470764,0.9993720650672913,0.5981001257896423,0.4715586304664612,-0.12522254884243011,0.9971961379051208,0.9999814033508301,0.6051791906356812,0.47136521339416504,0.1253174990415573,0.9980758428573608,0.9999868869781494,0.5711042284965515,0.529757559299469,-0.124573715031147,0.6727046370506287,0.9996740818023682,0.5830437541007996,0.5306878089904785,0.18118926882743835,0.5696273446083069,0.9997443556785583,0.6551640629768372,0.5798251628875732,-0.067415751516819,0.6868600845336914,0.999683141708374,0.5979202389717102,0.5923894643783569,0.22241194546222687,0.6425006985664368,0.9997039437294006,0.6747782230377197,0.5840263962745667,-0.06145668029785156,0.6914471387863159,0.9996564388275146,0.6190847158432007,0.5991748571395874,0.22302216291427612,0.6922536492347717,0.9996383190155029,0.6351619362831116,0.6081499457359314,-0.09973865002393723,0.6712340116500854,0.9994428753852844,0.5839443802833557,0.6134536266326904,0.19516095519065857,0.6357927322387695,0.9993507266044617
52,1768,True,0.5820068120956421,0.3672051429748535,0.051545653492212296,0.9889772534370422,0.9999722242355347,0.591747522354126,0.3638865649700165,0.025800436735153198,0.989435613155365,0.9999767541885376,0.5933899879455566,0.36373084783554077,0.02577226608991623,0.9882851243019104,0.9999796152114868,0.5948742032051086,0.36348286271095276,0.025776399299502373,0.9897865653038025,0.9999810457229614,0.5909606218338013,0.36394190788269043,0.06621076911687851,0.9900359511375427,0.9999688863754272,0.592008650302887,0.3638993203639984,0.06614239513874054,0.9891207218170166,0.9999666213989258,0.5929881930351257,0.36377471685409546,0.06617341935634613,0.990074872970581,0.999962568283081,0.6064497828483582,0.365497887134552,-0.0437329038977623,0.9873585104942322,0.9999898672103882,0.6036041975021362,0.3667164742946625,0.139973983168602,0.9890373349189758,0.9999732971191406,0.5874439477920532,0.37312307953834534,0.0287332721054554,0.986842930316925,0.9999610185623169,0.5865010023117065,0.3735523223876953,0.0818806141614914,0.9848108887672424,0.9999386072158813,0.6124793291091919,0.38517701625823975,-0.15036097168922424,0.9983697533607483,0.9999703168869019,0.6134032011032104,0.39563268423080444,0.2511998414993286,0.9984513521194458,0.9998268485069275,0.5600393414497375,0.3902692496776581,-0.24422046542167664,0.7662444114685059,0.9998182654380798,0.5898566246032715,0.41366392374038696,0.4197685122489929,0.3241771459579468,0.9996161460876465,0.53191077709198,0.36617279052734375,-0.1777021735906601,0.7107446789741516,0.9996113181114197,0.5528469681739807,0.3972267806529999,0.5168710350990295,0.31591737270355225,0.9990725517272949,0.5261672139167786,0.3597879707813263,-0.19306103885173798,0.6861292123794556,0.9994732737541199,0.5450538992881775,0.39216867089271545,0.5481290817260742,0.3196770250797272,0.9988736510276794,0.5333011746406555,0.35920917987823486,-0.1733800321817398,0.6820340752601624,0.9994210004806519,0.5422486066818237,0.39114487171173096,0.5238849520683289,0.3189689815044403,0.9987562894821167,0.5358375310897827,0.3639163672924042,-0.16720378398895264,0.6532106995582581,0.9995111227035522,0.5453469753265381,0.39299479126930237,0.5079670548439026,0.3128867447376251,0.9988573789596558,0.5966615676879883,0.48399418592453003,-0.13292831182479858,0.9974691271781921,0.9999754428863525,0.5963706970214844,0.4852520823478699,0.13295018672943115,0.9982579350471497,0.9999614953994751,0.5735141634941101,0.5515978932380676,-0.16177000105381012,0.7023076415061951,0.9997420907020569,0.5803468227386475,0.5506104230880737,0.15391671657562256,0.577041506767273,0.9996261596679688,0.6575685739517212,0.608269989490509,-0.14733223617076874,0.7156367301940918,0.9994674324989319,0.6006126999855042,0.616132378578186,0.1734379529953003,0.6623663306236267,0.9995120763778687,0.6734867095947266,0.6077600717544556,-0.14573563635349274,0.717546284198761,0.9993579983711243,0.6256765127182007,0.6253495812416077,0.17070916295051575,0.7115383148193359,0.9993407130241394,0.6374861001968384,0.632099986076355,-0.20119597017765045,0.7012091875076294,0.9988064765930176,0.587136447429657,0.6363017559051514,0.132125586271286,0.6601448059082031,0.9986573457717896
53,1802,True,0.5688673853874207,0.3879566788673401,0.0063452827744185925,0.9900357127189636,0.9998445510864258,0.5749567151069641,0.3849925398826599,-0.01928865723311901,0.9904677271842957,0.9998769760131836,0.5759116411209106,0.3846587538719177,-0.019309375435113907,0.9894349575042725,0.9998923540115356,0.5765583515167236,0.38420242071151733,-0.0193291325122118,0.9907869100570679,0.9999004602432251,0.575303852558136,0.38534995913505554,0.01631401851773262,0.9909794926643372,0.999855637550354,0.5764092206954956,0.3852992653846741,0.016262110322713852,0.9901388883590698,0.9998526573181152,0.5771504044532776,0.3850971460342407,0.016242312267422676,0.9910160303115845,0.9998443126678467,0.5870299935340881,0.3849390149116516,-0.0878484770655632,0.9885959625244141,0.9999481439590454,0.5867656469345093,0.38647469878196716,0.07764604687690735,0.9900993704795837,0.9998948574066162,0.5712615847587585,0.3936644196510315,-0.014789941720664501,0.9880503416061401,0.9997186064720154,0.5714749097824097,0.394089013338089,0.03141827508807182,0.986207127571106,0.9996448755264282,0.5988211631774902,0.40982356667518616,-0.1566188633441925,0.9985132813453674,0.9998393058776855,0.5988579988479614,0.41446393728256226,0.18512243032455444,0.9984798431396484,0.9997010231018066,0.5621063113212585,0.40803784132003784,-0.34024542570114136,0.7881203293800354,0.9995514750480652,0.586676299571991,0.4239070415496826,0.379836767911911,0.29815995693206787,0.999659538269043,0.5445981621742249,0.3810725808143616,-0.3696061074733734,0.7282236218452454,0.9990242719650269,0.5526923537254333,0.4162282943725586,0.5297502875328064,0.29604727029800415,0.9990155696868896,0.5467456579208374,0.3818119466304779,-0.40304145216941833,0.7006465196609497,0.9987718462944031,0.5461956262588501,0.4135425090789795,0.5663959383964539,0.3019249737262726,0.9986826777458191,0.547532320022583,0.38141268491744995,-0.3848445415496826,0.6963790059089661,0.9986163377761841,0.543900191783905,0.4140474200248718,0.5372909307479858,0.3015049695968628,0.9985103011131287,0.5473428964614868,0.38454681634902954,-0.36457616090774536,0.6668212413787842,0.9987660646438599,0.5457585453987122,0.4151974320411682,0.5208173394203186,0.2969784736633301,0.9986509680747986,0.5938714146614075,0.5063797831535339,-0.12740716338157654,0.9977124333381653,0.9999663829803467,0.5874813795089722,0.5068080425262451,0.12741293013095856,0.9984198212623596,0.9999654293060303,0.573889434337616,0.5708655714988708,-0.13456138968467712,0.7285093069076538,0.9995456337928772,0.5827383399009705,0.5691421627998352,0.1573571264743805,0.5743691325187683,0.9995602965354919,0.6471701264381409,0.6226998567581177,-0.10400860011577606,0.7416964769363403,0.9995051622390747,0.603397786617279,0.6292546987533569,0.21043109893798828,0.6744467616081238,0.9995623230934143,0.669134795665741,0.634044349193573,-0.101753368973732,0.7414228320121765,0.9993832111358643,0.629006028175354,0.6437612771987915,0.2105298787355423,0.7232863903045654,0.9993784427642822,0.62483811378479,0.6484436988830566,-0.16523253917694092,0.7283543944358826,0.9988522529602051,0.5902703404426575,0.6489866971969604,0.16461379826068878,0.6777424812316895,0.9988927245140076
54,1836,True,0.5401791334152222,0.39720866084098816,-0.03758132830262184,0.9907949566841125,0.9992270469665527,0.5441332459449768,0.3940696716308594,-0.060616832226514816,0.9912447929382324,0.999373733997345,0.5453078150749207,0.39411312341690063,-0.060656119138002396,0.9903445243835449,0.9994440674781799,0.5486984252929688,0.39405015110969543,-0.06073179095983505,0.9915644526481628,0.9994903802871704,0.5430933833122253,0.39375799894332886,-0.015110344626009464,0.9915298223495483,0.9992396831512451,0.5434803366661072,0.3936595320701599,-0.01517497282475233,0.9907122850418091,0.9992172718048096,0.5438287258148193,0.39358389377593994,-0.015208723954856396,0.9915841221809387,0.9991785883903503,0.5599796175956726,0.3946790397167206,-0.11583834886550903,0.9895588159561157,0.9997044205665588,0.5532463788986206,0.3951700031757355,0.043527837842702866,0.9908238053321838,0.9994322657585144,0.5447202920913696,0.40313583612442017,-0.055044375360012054,0.9888611435890198,0.9992021918296814,0.5437678694725037,0.4028245508670807,0.004685821011662483,0.9870443344116211,0.9988968372344971,0.5819721817970276,0.41894102096557617,-0.20241793990135193,0.9986479878425598,0.9998216032981873,0.5680117011070251,0.42325615882873535,0.14941643178462982,0.9984548091888428,0.9995976090431213,0.5759366154670715,0.4428415894508362,-0.3375338613986969,0.8065835237503052,0.9984715580940247,0.584766149520874,0.4535648822784424,0.2854534089565277,0.2715681791305542,0.9984787106513977,0.5539432168006897,0.43949803709983826,-0.3469637334346771,0.7361462712287903,0.9968255758285522,0.5643637180328369,0.47405004501342773,0.3615054786205292,0.27070456743240356,0.9953183531761169,0.551007091999054,0.4388338625431061,-0.3811100423336029,0.7040814757347107,0.9969246983528137,0.5577887892723083,0.4792332053184509,0.3908158242702484,0.2776615023612976,0.995394766330719,0.5512623190879822,0.4359555244445801,-0.36030155420303345,0.6995786428451538,0.9966408014297485,0.5544152855873108,0.4790794253349304,0.34866175055503845,0.27738335728645325,0.9948057532310486,0.5522112846374512,0.4373968541622162,-0.3394639194011688,0.6669736504554749,0.996656060218811,0.5559521317481995,0.4773654341697693,0.34335857629776,0.273741215467453,0.9947329759597778,0.5833351612091064,0.5128668546676636,-0.12593773007392883,0.997922956943512,0.9999414682388306,0.5765702128410339,0.5113528966903687,0.12599484622478485,0.9985429048538208,0.9999333620071411,0.5724234580993652,0.5805953741073608,-0.12919160723686218,0.7537050247192383,0.9997009038925171,0.5834600925445557,0.5769966840744019,0.15735690295696259,0.5736770033836365,0.999531626701355,0.6406286954879761,0.6440441012382507,-0.09845598042011261,0.7664519548416138,0.9995993971824646,0.6238914728164673,0.6337906718254089,0.2279597818851471,0.6903747320175171,0.9995917677879333,0.6560341119766235,0.6501884460449219,-0.0983140617609024,0.7646082639694214,0.9993910789489746,0.642383873462677,0.6407148838043213,0.23000892996788025,0.7360432147979736,0.9994262456893921,0.6057986617088318,0.6643186807632446,-0.18442706763744354,0.7540273666381836,0.9982841610908508,0.597382664680481,0.6577656865119934,0.17688634991645813,0.6983737945556641,0.9985964894294739
55,1870,True,0.5313700437545776,0.40486258268356323,-0.005140666384249926,0.9916779398918152,0.9998427629470825,0.5383657217025757,0.4007698893547058,-0.02453245408833027,0.9920905828475952,0.9998557567596436,0.5396223068237305,0.40070462226867676,-0.024534331634640694,0.9912829399108887,0.9998664855957031,0.5411351323127747,0.4005643427371979,-0.02462482452392578,0.9923789501190186,0.9998698234558105,0.5371906757354736,0.4008112847805023,0.014098702929913998,0.9923394322395325,0.9998440742492676,0.5375505089759827,0.40081071853637695,0.014036186970770359,0.9915968179702759,0.9998440742492676,0.5380525588989258,0.4007604718208313,0.01394431758671999,0.9923880696296692,0.9998359680175781,0.5532000660896301,0.40191325545310974,-0.0704154297709465,0.9905677437782288,0.9999160766601562,0.5469445586204529,0.402751624584198,0.09707508981227875,0.9917163848876953,0.999882698059082,0.5368725657463074,0.4096151292324066,-0.01866883598268032,0.9898737072944641,0.9996792078018188,0.5353868007659912,0.4097360074520111,0.03183973953127861,0.9882478713989258,0.9996292591094971,0.5778771042823792,0.4260810911655426,-0.17519912123680115,0.9987427592277527,0.9996850490570068,0.5537983179092407,0.43469685316085815,0.20301373302936554,0.9984205365180969,0.999579131603241,0.5771344900131226,0.43455296754837036,-0.38443273305892944,0.8245118260383606,0.999061644077301,0.5667771697044373,0.473010390996933,0.29825857281684875,0.24655525386333466,0.9980378746986389,0.5557030439376831,0.41359156370162964,-0.48088890314102173,0.7547447085380554,0.997627317905426,0.5580617785453796,0.5005702376365662,0.3397645950317383,0.24794912338256836,0.9960838556289673,0.5533174276351929,0.40797311067581177,-0.5250305533409119,0.7221288084983826,0.9974073767662048,0.5546099543571472,0.5088492035865784,0.362194687128067,0.25607362389564514,0.9966339468955994,0.5530716776847839,0.4065757691860199,-0.49946606159210205,0.7174427509307861,0.9972997307777405,0.555493950843811,0.5089913606643677,0.33211377263069153,0.2559266984462738,0.9964179992675781,0.5537258386611938,0.41020768880844116,-0.47423481941223145,0.6841317415237427,0.997307538986206,0.5570952296257019,0.5059124827384949,0.3274673521518707,0.2529624104499817,0.9960858821868896,0.5752865076065063,0.5218734741210938,-0.12493005394935608,0.9981191158294678,0.9999517202377319,0.5665719509124756,0.5216687917709351,0.12492445856332779,0.9986663460731506,0.9999363422393799,0.5689225792884827,0.5903468728065491,-0.18156632781028748,0.7763457298278809,0.9997593760490417,0.5678137540817261,0.5888894200325012,0.10535100102424622,0.5716849565505981,0.9996676445007324,0.6230599284172058,0.6589955687522888,-0.16448338329792023,0.788280189037323,0.9997392296791077,0.605988085269928,0.6543627381324768,0.1388384997844696,0.701575517654419,0.9996680021286011,0.6440145969390869,0.6659364700317383,-0.1660824716091156,0.7847939133644104,0.9995562434196472,0.6338514089584351,0.6652058362960815,0.13531018793582916,0.7450205087661743,0.9994812607765198,0.5887800455093384,0.6804361939430237,-0.2642686367034912,0.777070939540863,0.9988445043563843,0.5664937496185303,0.6750280857086182,0.05320126190781593,0.716107189655304,0.9988216757774353
56,1904,True,0.5396549701690674,0.416039377450943,0.05492835119366646,0.9910853505134583,0.9908848404884338,0.5446697473526001,0.4121822416782379,0.035756099969148636,0.9908576607704163,0.9909161925315857,0.5451294183731079,0.41243815422058105,0.03568590432405472,0.9899953007698059,0.99128258228302,0.5456790328025818,0.4126622676849365,0.03560549020767212,0.9914028644561768,0.9913672804832458,0.5453794002532959,0.4114193916320801,0.06097067892551422,0.9907609820365906,0.9900410771369934,0.5462807416915894,0.41112884879112244,0.060893259942531586,0.9898090362548828,0.990140974521637,0.5469176769256592,0.4108552932739258,0.060905132442712784,0.9910892844200134,0.9902818202972412,0.548216700553894,0.41137057542800903,-0.0118862921372056,0.9887832999229431,0.9919000864028931,0.5525436401367188,0.41235366463661194,0.10147607326507568,0.9889581799507141,0.9911854863166809,0.5398157238960266,0.4212651252746582,0.042253538966178894,0.9879793524742126,0.9916274547576904,0.5403318405151367,0.42019224166870117,0.07504281401634216,0.9861226081848145,0.9904434084892273,0.5538983941078186,0.4371890127658844,-0.09143364429473877,0.9987913370132446,0.9988741278648376,0.5516155958175659,0.44285693764686584,0.17210032045841217,0.9982044696807861,0.9979725480079651,0.5630006790161133,0.4603189527988434,-0.14119403064250946,0.8336204290390015,0.9980740547180176,0.5653547644615173,0.48314017057418823,0.20979540050029755,0.2273743897676468,0.9970908164978027,0.5422970056533813,0.48623108863830566,-0.08553079515695572,0.7418332099914551,0.9924641847610474,0.5542927980422974,0.5042282938957214,0.17015127837657928,0.2320309728384018,0.9945906400680542,0.5404186248779297,0.4934636652469635,-0.10382348299026489,0.6992151141166687,0.9914917349815369,0.5512523055076599,0.5142386555671692,0.16535542905330658,0.24208535254001617,0.9951196908950806,0.5417327284812927,0.49426373839378357,-0.09605030715465546,0.6939160227775574,0.9907861948013306,0.5549196004867554,0.5134056210517883,0.14625181257724762,0.24248665571212769,0.9941824078559875,0.5425435304641724,0.49355563521385193,-0.08084447681903839,0.6616569757461548,0.991006076335907,0.555624783039093,0.5080529451370239,0.15883700549602509,0.24001820385456085,0.9938703775405884,0.5657272934913635,0.5295129418373108,-0.09929589927196503,0.9982255697250366,0.9996459484100342,0.5595141649246216,0.5283713936805725,0.09918946027755737,0.9986822605133057,0.9996459484100342,0.5657748579978943,0.5953789353370667,-0.1585022658109665,0.7920127511024475,0.9988162517547607,0.5641304850578308,0.5950831174850464,0.1090429425239563,0.5784883499145508,0.9987531900405884,0.6022876501083374,0.6663079261779785,-0.0821777805685997,0.8049847483634949,0.9974862337112427,0.593368649482727,0.6642439961433411,0.14430131018161774,0.715448260307312,0.9981569647789001,0.612073540687561,0.6752730011940002,-0.08526958525180817,0.7925400137901306,0.9951253533363342,0.6128996014595032,0.6743705868721008,0.14178578555583954,0.7487637400627136,0.996798574924469,0.567416787147522,0.690723180770874,-0.1849314421415329,0.7930097579956055,0.9927936792373657,0.5563356876373291,0.682658314704895,0.06571727246046066,0.729570746421814,0.9950238466262817
57,1938,False,,,,,,,,,,,,,,,,,,,,,,,,,,,,,,,,,,,,,,,,,,,,,,,,,,,,,,,,,,,,,,,,,,,,,,,,,,,,,,,,,,,,,,,,,,,,,,,,,,,,,,,,,,,,,,,,,,,,,,,,,,,,,,,,,,,,,,,,,,,,,,,,,,,,,,,,,,,,,,,,,,,,,
58,1972,True,0.4996855556964874,0.47116464376449585,0.03896041214466095,0.9892248511314392,0.9861080050468445,0.4966415762901306,0.4659184515476227,0.05125151574611664,0.9877194166183472,0.9793217778205872,0.49832436442375183,0.46535223722457886,0.0513094887137413,0.9862128496170044,0.9759594798088074,0.5001296997070312,0.4647829532623291,0.05128252133727074,0.9877117872238159,0.9717232584953308,0.49096471071243286,0.46696892380714417,0.03472251817584038,0.988957405090332,0.9866227507591248,0.48851096630096436,0.4672846794128418,0.03453667089343071,0.9882937073707581,0.9885151982307434,0.4857625365257263,0.4676678776741028,0.034440334886312485,0.9897087812423706,0.9896537661552429,0.4995006024837494,0.4649878144264221,0.12178552150726318,0.9825531840324402,0.9657011032104492,0.4802052080631256,0.469155877828598,0.04794493690133095,0.9875209927558899,0.9912281036376953,0.5049716234207153,0.47408527135849,0.06971734762191772,0.9844972491264343,0.9788210391998291,0.4977199137210846,0.4756546914577484,0.0481303371489048,0.9837085604667664,0.9885369539260864,0.5302464962005615,0.4813653826713562,0.17477861046791077,0.9982800483703613,0.9722477197647095,0.4700610637664795,0.4873514771461487,-0.005515930242836475,0.998240053653717,0.9972953200340271,0.5494717955589294,0.4984682500362396,0.24521909654140472,0.7642767429351807,0.9810240268707275,0.46173202991485596,0.49548158049583435,-0.11083987355232239,0.2947460114955902,0.9958885312080383,0.5384580492973328,0.5129823684692383,0.2792778015136719,0.683952808380127,0.9709600210189819,0.47685104608535767,0.49049878120422363,-0.17562095820903778,0.27805471420288086,0.9930803179740906,0.538334846496582,0.5201292037963867,0.2820108234882355,0.645278811454773,0.9721213579177856,0.48060157895088196,0.49176812171936035,-0.20591792464256287,0.2816982865333557,0.9900557994842529,0.5343085527420044,0.5191100239753723,0.2659772038459778,0.6405469179153442,0.9704625010490417,0.4836184084415436,0.4894665777683258,-0.19869333505630493,0.2816995680332184,0.989364743232727,0.5344098210334778,0.5167816877365112,0.272962749004364,0.6126474142074585,0.9692110419273376,0.48317039012908936,0.49001842737197876,-0.1749146431684494,0.2774307429790497,0.9902228116989136,0.572396457195282,0.55719393491745,0.055020447820425034,0.998224675655365,0.9919258952140808,0.5327733755111694,0.5602696537971497,-0.05532792955636978,0.9986618161201477,0.996581494808197,0.5849279761314392,0.6180368065834045,0.05466577783226967,0.7695679664611816,0.9939613342285156,0.5459476113319397,0.6148124933242798,-0.05813669040799141,0.5896862149238586,0.9972800016403198,0.5912069082260132,0.6755795478820801,0.09011172503232956,0.7967000603675842,0.9924468994140625,0.5570613741874695,0.6808698773384094,-0.05658847838640213,0.7294077277183533,0.9937512278556824,0.5921743512153625,0.6908451914787292,0.08897191286087036,0.7822476625442505,0.9895939826965332,0.5570462942123413,0.6895354986190796,-0.060340676456689835,0.7422515153884888,0.9915018081665039,0.6159378886222839,0.6888222694396973,-0.004769478924572468,0.7908707857131958,0.9784063100814819,0.5625258088111877,0.6965415477752686,-0.16979382932186127,0.7434910535812378,0.9811776876449585
59,2006,True,0.496965229511261,0.479839950799942,0.05865037068724632,0.9880997538566589,0.9929733276367188,0.49446821212768555,0.47499141097068787,0.0767284631729126,0.9866068959236145,0.9904582500457764,0.4964335858821869,0.47453346848487854,0.0767306387424469,0.9847357273101807,0.9892857670783997,0.49851077795028687,0.4740679860115051,0.07670208066701889,0.9862979650497437,0.9875785708427429,0.48811572790145874,0.4756665825843811,0.05573941767215729,0.9878743290901184,0.9924890995025635,0.48536378145217896,0.47587722539901733,0.05556824058294296,0.9872273802757263,0.9930835962295532,0.48235559463500977,0.47612157464027405,0.05548308789730072,0.9887917041778564,0.9932449460029602,0.49746614694595337,0.47472715377807617,0.16393117606639862,0.9793064594268799,0.9858819246292114,0.47626474499702454,0.4779399037361145,0.07026148587465286,0.9862248301506042,0.9931105375289917,0.502273678779602,0.48303261399269104,0.09490648657083511,0.9804664254188538,0.9801909923553467,0.4938204884529114,0.4842928946018219,0.06751026213169098,0.9796000123023987,0.9870229959487915,0.5188324451446533,0.49656248092651367,0.23190811276435852,0.9971825480461121,0.981680154800415,0.46906983852386475,0.4923485815525055,-0.002517261542379856,0.9982259273529053,0.9970490336418152,0.5366825461387634,0.5183252096176147,0.3092065155506134,0.6930596828460693,0.9939156174659729,0.46909645199775696,0.500410795211792,-0.11114554107189178,0.35166820883750916,0.997612476348877,0.5361289381980896,0.5305486917495728,0.3317362368106842,0.6269064545631409,0.9883517622947693,0.4889521300792694,0.4948362708091736,-0.1691996455192566,0.313739150762558,0.996307373046875,0.5375574231147766,0.5367641448974609,0.33460235595703125,0.5932598114013672,0.9883898496627808,0.4930498003959656,0.49617043137550354,-0.20282556116580963,0.3149529695510864,0.9947195053100586,0.5342513918876648,0.5352960824966431,0.3144742250442505,0.5893444418907166,0.9875631332397461,0.4955497682094574,0.4946211278438568,-0.1913415491580963,0.314991295337677,0.9939770698547363,0.5341308116912842,0.5332489013671875,0.3224198818206787,0.5657157897949219,0.987177848815918,0.4941716492176056,0.4954257607460022,-0.16624785959720612,0.30836570262908936,0.994419515132904,0.5568427443504333,0.5718217492103577,0.0687924325466156,0.9982895255088806,0.9974626302719116,0.5239220261573792,0.5692903995513916,-0.06886083632707596,0.9986988306045532,0.9989175796508789,0.580138623714447,0.6227192282676697,0.11053203791379929,0.7298989295959473,0.9947313070297241,0.5496814250946045,0.6252540349960327,-0.03934851288795471,0.6054955720901489,0.9980078339576721,0.5886077880859375,0.6731032729148865,0.13853448629379272,0.771897554397583,0.9941481351852417,0.5622354745864868,0.6829604506492615,-0.056231096386909485,0.7424731850624084,0.9946826100349426,0.5884483456611633,0.6889577507972717,0.13650476932525635,0.7697030901908875,0.9915493726730347,0.5591785311698914,0.692066490650177,-0.06035199016332626,0.7389272451400757,0.9913730621337891,0.6159161329269409,0.6852072477340698,0.06399229168891907,0.7823408842086792,0.985438346862793,0.5944974422454834,0.6988521814346313,-0.16111281514167786,0.7569435834884644,0.9844539761543274
60,2040,False,,,,,,,,,,,,,,,,,,,,,,,,,,,,,,,,,,,,,,,,,,,,,,,,,,,,,,,,,,,,,,,,,,,,,,,,,,,,,,,,,,,,,,,,,,,,,,,,,,,,,,,,,,,,,,,,,,,,,,,,,,,,,,,,,,,,,,,,,,,,,,,,,,,,,,,,,,,,,,,,,,,,,
61,2074,False,,,,,,,,,,,,,,,,,,,,,,,,,,,,,,,,,,,,,,,,,,,,,,,,,,,,,,,,,,,,,,,,,,,,,,,,,,,,,,,,,,,,,,,,,,,,,,,,,,,,,,,,,,,,,,,,,,,,,,,,,,,,,,,,,,,,,,,,,,,,,,,,,,,,,,,,,,,,,,,,,,,,,
62,2108,True,0.4171808362007141,0.4790673851966858,0.17950423061847687,0.987487256526947,0.994114339351654,0.4152449369430542,0.474902868270874,0.183366060256958,0.9856541156768799,0.991394579410553,0.4160294532775879,0.4742419123649597,0.18330982327461243,0.9838602542877197,0.992268979549408,0.41693931818008423,0.4735848307609558,0.1831606775522232,0.9859495162963867,0.9926592707633972,0.4141075015068054,0.47626811265945435,0.18919363617897034,0.9866870641708374,0.9882904291152954,0.41437339782714844,0.47663968801498413,0.18905504047870636,0.9854447245597839,0.986786425113678,0.4144238829612732,0.4770427644252777,0.1891276091337204,0.9872156381607056,0.984830379486084,0.4244425892829895,0.47427040338516235,0.1874680370092392,0.9787288308143616,0.9930705428123474,0.4195277690887451,0.47897443175315857,0.2153840959072113,0.9831398129463196,0.9809970855712891,0.4249325096607208,0.48148804903030396,0.18124650418758392,0.9770581126213074,0.9905411601066589,0.4231904447078705,0.4834967255592346,0.1892208456993103,0.9753988981246948,0.9834452271461487,0.45955103635787964,0.4913415014743805,0.15105250477790833,0.9972670078277588,0.9975269436836243,0.44561880826950073,0.49025312066078186,0.1648789346218109,0.9973586201667786,0.9861608743667603,0.4613577425479889,0.4630480408668518,0.13484600186347961,0.7058178186416626,0.9986745119094849,0.47401806712150574,0.46444669365882874,0.1987786889076233,0.34994447231292725,0.9961075186729431,0.4765191078186035,0.42045411467552185,0.19272272288799286,0.6408803462982178,0.99460369348526,0.4707895815372467,0.4219989776611328,0.25753214955329895,0.32279589772224426,0.9928661584854126,0.4781027138233185,0.41638678312301636,0.19350038468837738,0.6092082858085632,0.9926757216453552,0.4766121804714203,0.41240301728248596,0.25266534090042114,0.3269542157649994,0.9921252131462097,0.480529248714447,0.4136696457862854,0.18573220074176788,0.6038106083869934,0.9906378984451294,0.4700659513473511,0.4118477404117584,0.2543838918209076,0.32627031207084656,0.990453839302063,0.47865813970565796,0.41577571630477905,0.18923403322696686,0.5830087065696716,0.9923306703567505,0.4699060320854187,0.41581687331199646,0.25650936365127563,0.3208281993865967,0.991777777671814,0.486587256193161,0.5609278678894043,-0.01086343452334404,0.9983753561973572,0.9979571104049683,0.4649636447429657,0.5649399757385254,0.010572894476354122,0.9987010359764099,0.996379554271698,0.5183001160621643,0.6158798933029175,-0.12198260426521301,0.7501781582832336,0.9983528852462769,0.5037699937820435,0.6093149185180664,-0.10496941953897476,0.6267161965370178,0.9970486760139465,0.5568956136703491,0.6736966371536255,-0.16224753856658936,0.7873322367668152,0.9959787130355835,0.5494339466094971,0.6694833040237427,-0.16158297657966614,0.7521023750305176,0.9960907101631165,0.561626136302948,0.6803238987922668,-0.1690351665019989,0.7846346497535706,0.994562566280365,0.5574193596839905,0.676997721195221,-0.1707584112882614,0.7448616623878479,0.9947314262390137,0.568006157875061,0.6968972682952881,-0.2632116973400116,0.7957358956336975,0.9903319478034973,0.5629480481147766,0.6899635791778564,-0.25858744978904724,0.7664283514022827,0.9899528622627258
63,2142,True,0.4234274625778198,0.45662760734558105,0.3418300747871399,0.9886816143989563,0.9998595714569092,0.42635834217071533,0.4524267613887787,0.3333786129951477,0.9870388507843018,0.999862790107727,0.4274686276912689,0.4518568515777588,0.33330631256103516,0.9854286313056946,0.999886155128479,0.4287647604942322,0.45122379064559937,0.33320778608322144,0.9873162508010864,0.9999029636383057,0.4259411692619324,0.4534829258918762,0.3604240417480469,0.9879357218742371,0.9997686743736267,0.42657551169395447,0.4537401795387268,0.360196053981781,0.9867945313453674,0.9997417330741882,0.4269457459449768,0.45403409004211426,0.36021021008491516,0.9884065985679626,0.9997056126594543,0.43722230195999146,0.45057040452957153,0.2894470691680908,0.9808114171028137,0.9999284744262695,0.4335669279098511,0.4544493556022644,0.4098929464817047,0.9847641587257385,0.9997268319129944,0.4276341199874878,0.4588618278503418,0.32371658086776733,0.9791820049285889,0.9998853206634521,0.4264029562473297,0.46007615327835083,0.359058678150177,0.977698028087616,0.9997970461845398,0.4595654010772705,0.45242589712142944,0.17932388186454773,0.9975379109382629,0.9999809265136719,0.44570037722587585,0.47316670417785645,0.40598148107528687,0.9975513219833374,0.999695897102356,0.4633723497390747,0.43804827332496643,0.13240718841552734,0.7343177795410156,0.9999290704727173,0.4498692750930786,0.47523149847984314,0.5599948167800903,0.3210645318031311,0.9992170333862305,0.47777044773101807,0.4152281880378723,0.19276085495948792,0.6679133176803589,0.9995751976966858,0.45613357424736023,0.4617905616760254,0.7262545228004456,0.30179378390312195,0.9988301396369934,0.4811973571777344,0.40900954604148865,0.1944419890642166,0.6348686814308167,0.999224066734314,0.45956021547317505,0.4599386751651764,0.7569509148597717,0.3099847733974457,0.9987673759460449,0.4813389778137207,0.4089639186859131,0.1915704905986786,0.6290497779846191,0.9991446733474731,0.45798632502555847,0.4585207402706146,0.7482538819313049,0.30925559997558594,0.998641312122345,0.4794067442417145,0.41232532262802124,0.1923886388540268,0.6089724898338318,0.9993228912353516,0.4564949572086334,0.45848575234413147,0.7261418700218201,0.3037099540233612,0.9986463189125061,0.47499144077301025,0.5283583402633667,-0.08973176777362823,0.9985302090644836,0.9999641180038452,0.46184760332107544,0.537844181060791,0.0892203226685524,0.9988142251968384,0.9998288154602051,0.4704107940196991,0.5999769568443298,-0.17805983126163483,0.7741802334785461,0.9997485280036926,0.4593983590602875,0.6013343334197998,0.06186791881918907,0.6425973773002625,0.9992591738700867,0.5472589135169983,0.6579174399375916,-0.3117552101612091,0.8061040043830872,0.9992546439170837,0.538000762462616,0.6626392006874084,-0.0882221907377243,0.7631112337112427,0.9992450475692749,0.5620006322860718,0.6615063548088074,-0.32309553027153015,0.8027790784835815,0.9989476799964905,0.5558508634567261,0.6683506965637207,-0.10877707600593567,0.7584964632987976,0.999018669128418,0.5391645431518555,0.6900870203971863,-0.36111679673194885,0.8129051327705383,0.9974391460418701,0.5291635394096375,0.6891621351242065,-0.1431165486574173,0.7782585024833679,0.9968007802963257
64,2176,True,0.43499165773391724,0.4243597984313965,0.30090540647506714,0.9898079633712769,0.9999740123748779,0.45012351870536804,0.4188116490840912,0.29938262701034546,0.9883278012275696,0.9999632835388184,0.4514724016189575,0.4189169406890869,0.29931795597076416,0.9868784546852112,0.9999667406082153,0.4522808790206909,0.4190475344657898,0.29925060272216797,0.9885781407356262,0.9999690055847168,0.4477671682834625,0.4191683828830719,0.3241160809993744,0.9891344308853149,0.9999475479125977,0.44686344265937805,0.42083463072776794,0.32383066415786743,0.9881051778793335,0.999943733215332,0.4462919533252716,0.42121630907058716,0.32384195923805237,0.989557683467865,0.9999351501464844,0.4617947041988373,0.42194873094558716,0.27796947956085205,0.982721209526062,0.9999743700027466,0.45096567273139954,0.42335399985313416,0.38964271545410156,0.9862784147262573,0.9999390840530396,0.4400942921638489,0.4271244406700134,0.28979840874671936,0.9812310934066772,0.9999676942825317,0.4363653361797333,0.4295688271522522,0.3220340609550476,0.9799007177352905,0.9999493360519409,0.4640052020549774,0.4374757707118988,0.16468742489814758,0.9977830052375793,0.9999920129776001,0.44396883249282837,0.45537084341049194,0.40160059928894043,0.9977657198905945,0.9998834133148193,0.47938409447669983,0.4205164909362793,0.06169552728533745,0.7602916359901428,0.9999592304229736,0.4395492970943451,0.48252105712890625,0.5054627060890198,0.2942904829978943,0.9995253086090088,0.47924575209617615,0.39209914207458496,0.08714998513460159,0.6971020102500916,0.999634861946106,0.41611096262931824,0.4843010902404785,0.5991759300231934,0.2852940559387207,0.9992269277572632,0.4823012053966522,0.383465975522995,0.08134142309427261,0.6637918949127197,0.9992328882217407,0.41075998544692993,0.48660796880722046,0.6223971247673035,0.29668930172920227,0.9991626739501953,0.48134198784828186,0.3837507367134094,0.09084082394838333,0.6576334834098816,0.9990791082382202,0.40624791383743286,0.4858132302761078,0.6042623519897461,0.29601630568504333,0.9989768266677856,0.4796183407306671,0.38771137595176697,0.09208054840564728,0.6388072371482849,0.9993250370025635,0.4083714485168457,0.48387178778648376,0.5920106768608093,0.2914257347583771,0.9990149736404419,0.46779415011405945,0.5189423561096191,-0.09730702638626099,0.9986749887466431,0.9999874830245972,0.4540646970272064,0.5270259976387024,0.0968284085392952,0.9989277124404907,0.9999572038650513,0.45165079832077026,0.5863948464393616,-0.18148857355117798,0.7961817979812622,0.9999421834945679,0.4297076463699341,0.592769980430603,0.06973288953304291,0.6695632934570312,0.9998332262039185,0.5338370203971863,0.6470669507980347,-0.27740147709846497,0.8244868516921997,0.9998109936714172,0.5000461339950562,0.645108163356781,-0.0297748614102602,0.7818889021873474,0.9998620748519897,0.5549337863922119,0.6504555344581604,-0.28717195987701416,0.8201151490211487,0.9996836185455322,0.5201355218887329,0.6568718552589417,-0.04685109481215477,0.7777112722396851,0.9997977614402771,0.5202945470809937,0.6821874380111694,-0.35522934794425964,0.8298473954200745,0.9989656209945679,0.4809189736843109,0.6770379543304443,-0.10260486602783203,0.7953706383705139,0.9991511106491089
65,2210,True,0.4448084235191345,0.4172120690345764,0.26986968517303467,0.9908222556114197,0.9999595880508423,0.4604092538356781,0.41359907388687134,0.27363598346710205,0.9894884824752808,0.9999419450759888,0.46245959401130676,0.4137330949306488,0.2735585868358612,0.9881834983825684,0.9999469518661499,0.4638155698776245,0.4138374924659729,0.2734937369823456,0.9897141456604004,0.9999496936798096,0.45264023542404175,0.414695680141449,0.29535990953445435,0.990215539932251,0.9999208450317383,0.4515458047389984,0.415066659450531,0.29507309198379517,0.989287257194519,0.9999158382415771,0.4502546489238739,0.415396511554718,0.29507920145988464,0.9905962347984314,0.9999028444290161,0.47069770097732544,0.41736990213394165,0.27733543515205383,0.9844402074813843,0.9999583959579468,0.4539016783237457,0.4194447100162506,0.37626945972442627,0.9876445531845093,0.9999088048934937,0.4492107033729553,0.4222303330898285,0.2667667269706726,0.9830759167671204,0.9999548196792603,0.4429436922073364,0.4224540591239929,0.2950153648853302,0.9818912148475647,0.9999352693557739,0.4677293002605438,0.4333580434322357,0.15864363312721252,0.9980039596557617,0.999991774559021,0.4353100657463074,0.45495033264160156,0.39447522163391113,0.9979734420776367,0.9998893737792969,0.4924263060092926,0.3976849913597107,0.044720713049173355,0.7839356064796448,0.9999731779098511,0.40900805592536926,0.48209714889526367,0.46857646107673645,0.27866387367248535,0.999593198299408,0.4866631031036377,0.36797723174095154,0.06060853600502014,0.7252490520477295,0.9994040727615356,0.4006331264972687,0.4830652177333832,0.5222203135490417,0.2868558168411255,0.9992885589599609,0.49150344729423523,0.3585112988948822,0.04898949712514877,0.6921901702880859,0.9984354376792908,0.400755912065506,0.4862686097621918,0.5369409918785095,0.2990143597126007,0.9991351962089539,0.4889208972454071,0.35943347215652466,0.060972876846790314,0.6858550310134888,0.9980823993682861,0.3979716897010803,0.48326507210731506,0.5251669883728027,0.29846805334091187,0.9990020394325256,0.48748958110809326,0.36364439129829407,0.06555530428886414,0.6686408519744873,0.9986701011657715,0.3981081247329712,0.480905681848526,0.516496479511261,0.2943204939365387,0.9990522265434265,0.460297554731369,0.5136398077011108,-0.09761938452720642,0.998805820941925,0.9999833106994629,0.4398840665817261,0.5232359766960144,0.09708278626203537,0.999031126499176,0.9999476671218872,0.43682098388671875,0.5815011262893677,-0.17908930778503418,0.8160154223442078,0.9999479055404663,0.4110460877418518,0.586078941822052,0.07653972506523132,0.6906891465187073,0.9998137354850769,0.5086405277252197,0.6447586417198181,-0.25010770559310913,0.8411194682121277,0.9998148083686829,0.4815651774406433,0.6394872665405273,0.002825020346790552,0.7978498339653015,0.999854326248169,0.5295500159263611,0.649238109588623,-0.25822561979293823,0.8362410068511963,0.9996533393859863,0.4983070492744446,0.6489440202713013,-0.012298176996409893,0.7951021790504456,0.9997904896736145,0.4879317879676819,0.6750009655952454,-0.3397757112979889,0.8451777696609497,0.9987473487854004,0.46272069215774536,0.6725897789001465,-0.08642080426216125,0.810070276260376,0.9990643858909607
66,2244,True,0.44486916065216064,0.41837334632873535,0.31014665961265564,0.9917293190956116,0.9999293088912964,0.4598839282989502,0.4141308665275574,0.3123313784599304,0.9905267953872681,0.9999127388000488,0.46222949028015137,0.41415780782699585,0.3122332990169525,0.9893524050712585,0.9999221563339233,0.46383175253868103,0.41421136260032654,0.3121531307697296,0.9907302260398865,0.9999277591705322,0.4507215619087219,0.4156428277492523,0.336405873298645,0.991179883480072,0.9998694658279419,0.4496563673019409,0.415780633687973,0.33607128262519836,0.9903405904769897,0.9998565912246704,0.44838982820510864,0.416018545627594,0.33605071902275085,0.9915201663970947,0.9998311996459961,0.4680935740470886,0.4174984097480774,0.30459004640579224,0.985980749130249,0.9999449253082275,0.4527375102043152,0.4201129972934723,0.41033652424812317,0.9888643622398376,0.9998506307601929,0.4499201774597168,0.4231964647769928,0.3034450113773346,0.9847205877304077,0.9999358654022217,0.4433273375034332,0.4231221079826355,0.3345191776752472,0.9836603403091431,0.9998923540115356,0.46822500228881836,0.43606632947921753,0.16838783025741577,0.9982025623321533,0.9999909400939941,0.4304841458797455,0.457038551568985,0.42043858766555786,0.9981446266174316,0.9997760653495789,0.4909805655479431,0.4197910726070404,0.05306778848171234,0.8046000599861145,0.9998990297317505,0.41279950737953186,0.4921555519104004,0.47667697072029114,0.2541131377220154,0.9984421133995056,0.4857995808124542,0.38492846488952637,0.05586670711636543,0.7469365000724792,0.998948872089386,0.40694481134414673,0.5030404329299927,0.5240520238876343,0.2660501003265381,0.9978874325752258,0.49065130949020386,0.3785187602043152,0.04791722446680069,0.7123539447784424,0.9978869557380676,0.40752458572387695,0.5092743635177612,0.5405150651931763,0.27943241596221924,0.9980042576789856,0.4875698387622833,0.37791121006011963,0.0633721873164177,0.7051572799682617,0.9974678754806519,0.40452125668525696,0.5065688490867615,0.5300387144088745,0.2787536084651947,0.9977117776870728,0.4871005117893219,0.3809514343738556,0.06354833394289017,0.6882638931274414,0.9980941414833069,0.4047994911670685,0.5032106041908264,0.5189625024795532,0.275467187166214,0.9975900650024414,0.45213818550109863,0.515766441822052,-0.09690801054239273,0.9989230632781982,0.999975323677063,0.4306390881538391,0.5243303775787354,0.09632226824760437,0.9991214871406555,0.9998980760574341,0.4359428286552429,0.5824374556541443,-0.1989789754152298,0.8338630199432373,0.9998944997787476,0.39246922731399536,0.5824727416038513,0.03572269156575203,0.7121737599372864,0.9994361996650696,0.5059777498245239,0.647653341293335,-0.3048134446144104,0.85588139295578,0.9994334578514099,0.4609505236148834,0.6381387710571289,-0.039497967809438705,0.8095144629478455,0.9996263980865479,0.5262714624404907,0.6529535055160522,-0.31594032049179077,0.8493608236312866,0.9989253878593445,0.47515881061553955,0.6450252532958984,-0.052709490060806274,0.809485137462616,0.999484658241272,0.4870365858078003,0.6792672276496887,-0.39876464009284973,0.8580571413040161,0.9962130784988403,0.43451106548309326,0.6702660918235779,-0.10684701800346375,0.8197420835494995,0.9978739023208618
67,2278,True,0.44512125849723816,0.4162002205848694,0.2972220182418823,0.9925498366355896,0.9999645948410034,0.4595381021499634,0.4133768677711487,0.2978164255619049,0.9914668798446655,0.999956488609314,0.4619675874710083,0.4133076071739197,0.297726035118103,0.9904101490974426,0.999961256980896,0.4637377858161926,0.41325873136520386,0.2976592481136322,0.9916504621505737,0.9999641180038452,0.453939825296402,0.41390958428382874,0.32309845089912415,0.992053747177124,0.9999346733093262,0.45336833596229553,0.41410285234451294,0.32280072569847107,0.9912964105606079,0.9999285936355591,0.45271381735801697,0.4142824113368988,0.3227977454662323,0.9923589825630188,0.9999160766601562,0.47067591547966003,0.4158859848976135,0.2879806458950043,0.9873748421669006,0.9999723434448242,0.4573165476322174,0.4177941679954529,0.4006638824939728,0.9899691939353943,0.9999231100082397,0.4518823027610779,0.42121070623397827,0.29017776250839233,0.9862166047096252,0.9999644756317139,0.4446830451488495,0.4210525155067444,0.3230445981025696,0.9852675795555115,0.9999411106109619,0.47210901975631714,0.4310382902622223,0.16246457397937775,0.9983815550804138,0.9999932050704956,0.43228599429130554,0.45087161660194397,0.4202631711959839,0.9983091354370117,0.9998589754104614,0.49269863963127136,0.41019678115844727,0.035954028367996216,0.8237765431404114,0.9999556541442871,0.4167081117630005,0.4876324236392975,0.5010891556739807,0.23351536691188812,0.9992740750312805,0.4853997230529785,0.3883829712867737,0.03271474689245224,0.7695277333259583,0.9994532465934753,0.4055485725402832,0.4918385446071625,0.5661761164665222,0.25133052468299866,0.9988304972648621,0.4894651174545288,0.38098520040512085,0.022335458546876907,0.7354778051376343,0.9987527132034302,0.4044104814529419,0.49622559547424316,0.5848463177680969,0.26663604378700256,0.9987432360649109,0.487356960773468,0.38027217984199524,0.03675070405006409,0.7282209396362305,0.9984918832778931,0.40118852257728577,0.49343305826187134,0.5723015666007996,0.26589763164520264,0.9985448122024536,0.4866541922092438,0.3837582468986511,0.039984121918678284,0.712100088596344,0.9989392161369324,0.4022413492202759,0.4907665252685547,0.5607874989509583,0.26351311802864075,0.9985765218734741,0.44566234946250916,0.5151619911193848,-0.10166723281145096,0.999028742313385,0.9999798536300659,0.4258888363838196,0.5219374895095825,0.10113001614809036,0.9992044568061829,0.9999233484268188,0.4070014953613281,0.5798605680465698,-0.19140322506427765,0.8496556282043457,0.9998899698257446,0.38492968678474426,0.5826480388641357,0.06721815466880798,0.7289727926254272,0.9995471835136414,0.49049997329711914,0.6465083360671997,-0.27873679995536804,0.8685978055000305,0.9995344877243042,0.4410625100135803,0.6420964598655701,-0.027752086520195007,0.8205775618553162,0.9996392726898193,0.5129401683807373,0.6518020033836365,-0.2876753807067871,0.8611290454864502,0.9992138147354126,0.45565974712371826,0.6497105360031128,-0.043811503797769547,0.823130190372467,0.99951171875,0.46948111057281494,0.6788042187690735,-0.36306270956993103,0.8689718246459961,0.9975966811180115,0.40958020091056824,0.6710527539253235,-0.10088814795017242,0.8290597796440125,0.998075008392334
68,2312,True,0.4485987722873688,0.4171931743621826,0.28171467781066895,0.9932909607887268,0.999977707862854,0.4616824686527252,0.4138237535953522,0.2832711935043335,0.9923162460327148,0.9999748468399048,0.4637936055660248,0.4137679636478424,0.28318843245506287,0.991365373134613,0.9999779462814331,0.4673680067062378,0.4138411581516266,0.28311559557914734,0.9924817681312561,0.9999796152114868,0.45751699805259705,0.41386857628822327,0.3078102767467499,0.99284428358078,0.9999614953994751,0.45705196261405945,0.4138774871826172,0.3075242042541504,0.9921615719795227,0.999957799911499,0.4565449655056,0.4139004647731781,0.30751678347587585,0.9931182861328125,0.9999499320983887,0.47233474254608154,0.4160817265510559,0.2787635028362274,0.9886332154273987,0.9999845027923584,0.46023157238960266,0.41736167669296265,0.3927241563796997,0.9909678101539612,0.9999549388885498,0.4547315239906311,0.42225131392478943,0.27658048272132874,0.9875748157501221,0.9999735355377197,0.4473751485347748,0.4220775067806244,0.3085927665233612,0.9867252111434937,0.9999557733535767,0.4738367199897766,0.4366459250450134,0.1539820283651352,0.9985426068305969,0.9999938011169434,0.43288981914520264,0.4517935812473297,0.4162861704826355,0.998458206653595,0.9998883008956909,0.49765318632125854,0.4194045066833496,0.014606078155338764,0.8409818410873413,0.99996018409729,0.41580870747566223,0.48872169852256775,0.5035915970802307,0.2133331000804901,0.9993252754211426,0.49296873807907104,0.3914741575717926,-0.003670524572953582,0.7892544269561768,0.9994518160820007,0.4045475125312805,0.49862605333328247,0.5764386653900146,0.23402364552021027,0.9987924098968506,0.49669045209884644,0.38371068239212036,-0.016237773001194,0.7549567818641663,0.9987654685974121,0.40236997604370117,0.5045323967933655,0.5958420038223267,0.25063905119895935,0.9987865090370178,0.49393221735954285,0.38309335708618164,-0.0020154167432338,0.747556209564209,0.9984983205795288,0.3995257019996643,0.5022882223129272,0.5822654962539673,0.24998986721038818,0.9985802173614502,0.4928252398967743,0.38678351044654846,0.0029059399385005236,0.732154905796051,0.998913049697876,0.40136417746543884,0.49915915727615356,0.5708239078521729,0.24842523038387299,0.9985713958740234,0.4387279152870178,0.5155234336853027,-0.10097654908895493,0.9991245865821838,0.9999879598617554,0.41680657863616943,0.5217471718788147,0.10043390840291977,0.9992811679840088,0.9999567270278931,0.3944697082042694,0.5814791917800903,-0.18471436202526093,0.863861083984375,0.9999347925186157,0.377734512090683,0.5842704772949219,0.07160990685224533,0.745157778263092,0.9997594952583313,0.4877176582813263,0.6443541049957275,-0.27147170901298523,0.8800011873245239,0.9997168183326721,0.41435813903808594,0.6451146602630615,-0.030878813937306404,0.8315613269805908,0.9997757077217102,0.5035542845726013,0.6494808793067932,-0.280631422996521,0.8713414072990417,0.9995114803314209,0.43758663535118103,0.65289306640625,-0.04803304001688957,0.8353368639945984,0.9996757507324219,0.45837074518203735,0.673426628112793,-0.3579452633857727,0.8788021206855774,0.9984728693962097,0.39174994826316833,0.672207772731781,-0.11085658520460129,0.8385413289070129,0.9987047910690308
69,2346,True,0.4507196545600891,0.41274309158325195,0.1625116616487503,0.9939612746238708,0.9999967813491821,0.4628112018108368,0.4100598394870758,0.16326290369033813,0.993084192276001,0.9999969005584717,0.46606072783470154,0.40953391790390015,0.16322006285190582,0.9922283887863159,0.9999972581863403,0.4689469635486603,0.4097445011138916,0.16319821774959564,0.9932331442832947,0.9999972581863403,0.4590645730495453,0.40960508584976196,0.19250178337097168,0.9935593008995056,0.999995231628418,0.4588422477245331,0.40958738327026367,0.19230356812477112,0.9929446578025818,0.9999945163726807,0.4587448239326477,0.40956488251686096,0.19226154685020447,0.9938057065010071,0.999993085861206,0.474965363740921,0.41366833448410034,0.17907214164733887,0.9897693395614624,0.999997615814209,0.46257874369621277,0.4134857654571533,0.3121485114097595,0.9918703436851501,0.9999926090240479,0.4555369019508362,0.4190296232700348,0.16629330813884735,0.9888122081756592,0.9999884366989136,0.4490010142326355,0.41838669776916504,0.204204261302948,0.9880483150482178,0.9999809265136719,0.478853702545166,0.43338742852211,0.058302298188209534,0.9986856579780579,0.9999871253967285,0.43633779883384705,0.44501709938049316,0.3758421242237091,0.9985737800598145,0.9998799562454224,0.49415671825408936,0.42231959104537964,-0.1752728968858719,0.8564956784248352,0.9999511241912842,0.4190044403076172,0.48657625913619995,0.463422954082489,0.19580674171447754,0.999529242515564,0.4924468696117401,0.39363378286361694,-0.3089190721511841,0.8079842925071716,0.9996798038482666,0.404549241065979,0.4942564070224762,0.44104987382888794,0.2223324179649353,0.9991663694381714,0.4954577684402466,0.3860935866832733,-0.34365546703338623,0.7750570774078369,0.9993913173675537,0.39820942282676697,0.499673068523407,0.44556599855422974,0.24196086823940277,0.9991475343704224,0.4934092164039612,0.38526108860969543,-0.3258032500743866,0.7680820226669312,0.9993116855621338,0.39877861738204956,0.49800363183021545,0.4325169026851654,0.2417881041765213,0.9990806579589844,0.4925400912761688,0.3889806866645813,-0.3040478527545929,0.7533565759658813,0.9994603991508484,0.4023951590061188,0.4956035614013672,0.4329729676246643,0.2413208782672882,0.9990847110748291,0.4359220862388611,0.5159748196601868,-0.10884708911180496,0.9992114305496216,0.9999963045120239,0.4138517677783966,0.5196889638900757,0.10854808241128922,0.9993516802787781,0.99998939037323,0.3850051164627075,0.5767542719841003,-0.18929794430732727,0.8761451244354248,0.9999450445175171,0.3675558269023895,0.5836535096168518,0.07272253185510635,0.752208411693573,0.9998519420623779,0.46476635336875916,0.6422526240348816,-0.2549072504043579,0.8892483115196228,0.9998268485069275,0.3961655795574188,0.6466571688652039,0.0015800909604877234,0.8384161591529846,0.9998500347137451,0.48655980825424194,0.647445023059845,-0.2580559551715851,0.8798090219497681,0.9997124075889587,0.4237034320831299,0.6543744802474976,-0.012896368280053139,0.8447073101997375,0.999786913394928,0.4341844320297241,0.6702990531921387,-0.3354312479496002,0.8872990608215332,0.9992533326148987,0.3710290789604187,0.6721367835998535,-0.08320854604244232,0.8456672430038452,0.999293327331543
70,2380,True,0.4549022316932678,0.41025376319885254,0.1603483259677887,0.9945616126060486,0.999990701675415,0.4653499126434326,0.407283216714859,0.15361423790454865,0.9937726855278015,0.9999904632568359,0.4675641357898712,0.40765029191970825,0.15358895063400269,0.9930028915405273,0.9999910593032837,0.4703672528266907,0.4082283079624176,0.15358135104179382,0.9939072132110596,0.9999908208847046,0.46318623423576355,0.4067245423793793,0.18744339048862457,0.9941983819007874,0.9999874830245972,0.4634973406791687,0.4068380296230316,0.18724742531776428,0.9936439394950867,0.9999865293502808,0.46397602558135986,0.4069785177707672,0.1872129589319229,0.9944196939468384,0.9999845027923584,0.4777508080005646,0.41337084770202637,0.1411791294813156,0.9907886981964111,0.9999924898147583,0.46948379278182983,0.4124029576778412,0.29451051354408264,0.9926764965057373,0.9999867677688599,0.45637544989585876,0.41716060042381287,0.15518230199813843,0.9899107217788696,0.9999830722808838,0.4520021677017212,0.41672483086586,0.19905540347099304,0.9892179369926453,0.9999734163284302,0.4773290455341339,0.43619900941848755,0.015402003191411495,0.9988157153129578,0.9999920129776001,0.443237841129303,0.44397419691085815,0.36781764030456543,0.9987015128135681,0.9999755620956421,0.46181249618530273,0.4568844735622406,-0.15761348605155945,0.8692668080329895,0.9998922348022461,0.4212830364704132,0.485615074634552,0.4269869029521942,0.18047580122947693,0.9998819828033447,0.4353558123111725,0.44345563650131226,-0.22965455055236816,0.8181774616241455,0.9996391534805298,0.40486904978752136,0.4967935085296631,0.3674086630344391,0.21176953613758087,0.9996447563171387,0.43134164810180664,0.4403251111507416,-0.25870802998542786,0.7852228879928589,0.9995476603507996,0.3983197510242462,0.5018388032913208,0.3686683773994446,0.23425878584384918,0.9995958209037781,0.433207631111145,0.43772655725479126,-0.2415507435798645,0.7781802415847778,0.9995005130767822,0.39802783727645874,0.49969959259033203,0.3549406826496124,0.2340097725391388,0.9995367527008057,0.43478265404701233,0.4398171901702881,-0.2223423272371292,0.7621623873710632,0.9995672106742859,0.4017491936683655,0.497687429189682,0.358119934797287,0.23417928814888,0.999566376209259,0.4295765459537506,0.5167291760444641,-0.11759078502655029,0.9992892742156982,0.9999960660934448,0.41241979598999023,0.5185590982437134,0.11746235191822052,0.9994151592254639,0.9999951124191284,0.36834555864334106,0.5785568952560425,-0.18474623560905457,0.8863983154296875,0.999914288520813,0.3613753020763397,0.5800958871841431,0.0870848298072815,0.752181351184845,0.999889612197876,0.4428669810295105,0.6429358124732971,-0.21938084065914154,0.8976618647575378,0.9998407363891602,0.3844592273235321,0.6462043523788452,0.03675974905490875,0.8439062237739563,0.9998753070831299,0.4630720913410187,0.6488201022148132,-0.22160780429840088,0.887824535369873,0.9997790455818176,0.4132879972457886,0.6555306911468506,0.026447352021932602,0.8536783456802368,0.999830961227417,0.40732184052467346,0.6709128618240356,-0.29304027557373047,0.8947453498840332,0.9994513392448425,0.36652708053588867,0.6721271276473999,-0.03417885676026344,0.8518050909042358,0.9994927644729614
71,2414,True,0.45438897609710693,0.4106326103210449,0.15519052743911743,0.9950979948043823,0.9999805688858032,0.4649001955986023,0.40697401762008667,0.14705237746238708,0.9943888187408447,0.9999808073043823,0.4672340452671051,0.4071807861328125,0.14700794219970703,0.9936969876289368,0.9999823570251465,0.46966081857681274,0.4074438512325287,0.14696349203586578,0.994511067867279,0.999982476234436,0.46256306767463684,0.4069279730319977,0.17969386279582977,0.994767963886261,0.999972939491272,0.46278855204582214,0.40702390670776367,0.17952044308185577,0.9942659735679626,0.9999698400497437,0.4631423056125641,0.4070955812931061,0.1794833242893219,0.9949650764465332,0.9999643564224243,0.47847530245780945,0.4123663306236267,0.13346344232559204,0.9917031526565552,0.999985933303833,0.46889427304267883,0.4117967188358307,0.28072458505630493,0.9933936595916748,0.9999675750732422,0.45611876249313354,0.4161025881767273,0.15022912621498108,0.9908844828605652,0.9999676942825317,0.4516773521900177,0.41688069701194763,0.1926373839378357,0.9902487397193909,0.9999420642852783,0.47952160239219666,0.4360213875770569,0.014536872506141663,0.9989320039749146,0.9999849796295166,0.4460572898387909,0.4442981779575348,0.3658723533153534,0.9988058805465698,0.9999356269836426,0.46190595626831055,0.46160659193992615,-0.16477921605110168,0.8802180290222168,0.9998161196708679,0.42132821679115295,0.48484450578689575,0.3996804654598236,0.16705937683582306,0.9997956156730652,0.4298834502696991,0.4484504163265228,-0.24626074731349945,0.8251491189002991,0.9994992017745972,0.40219104290008545,0.4968242049217224,0.3551623523235321,0.20238293707370758,0.9993911981582642,0.4238591492176056,0.4461001753807068,-0.27543506026268005,0.7917364239692688,0.9993934631347656,0.39446789026260376,0.5022116899490356,0.35492804646492004,0.22730350494384766,0.9993281364440918,0.4249599874019623,0.44294577836990356,-0.25830888748168945,0.784577488899231,0.9993470311164856,0.39440980553627014,0.4999491572380066,0.34342703223228455,0.22695423662662506,0.9992467164993286,0.4271555244922638,0.44487157464027405,-0.23890917003154755,0.7672256231307983,0.9994139671325684,0.3985691964626312,0.49792933464050293,0.3469897210597992,0.22790592908859253,0.9992830157279968,0.4269619286060333,0.517703652381897,-0.11458908766508102,0.9993588924407959,0.9999935626983643,0.407977432012558,0.5185600519180298,0.11446111649274826,0.9994715452194214,0.9999915361404419,0.3555908203125,0.5775784850120544,-0.18196794390678406,0.8951645493507385,0.9998724460601807,0.35055011510849,0.5789283514022827,0.08538216352462769,0.7545692324638367,0.9997945427894592,0.4202618896961212,0.644232451915741,-0.19899910688400269,0.9042084813117981,0.9996862411499023,0.3733175992965698,0.6462470293045044,0.04294797405600548,0.8483057618141174,0.9997543692588806,0.4402194917201996,0.650507390499115,-0.20120498538017273,0.8928799033164978,0.9995649456977844,0.39866936206817627,0.6558311581611633,0.03360311686992645,0.8610062003135681,0.9996705055236816,0.38484883308410645,0.6709085702896118,-0.2690431475639343,0.899925947189331,0.9988943934440613,0.3503432869911194,0.6716945767402649,-0.023838726803660393,0.8559065461158752,0.9989863038063049
72,2448,True,0.45406800508499146,0.409017950296402,0.15308883786201477,0.9955769777297974,0.999932050704956,0.46500226855278015,0.4055770933628082,0.14345234632492065,0.9949377179145813,0.999927282333374,0.4671589434146881,0.4057691693305969,0.14340242743492126,0.9943174123764038,0.9999326467514038,0.4699012041091919,0.40603598952293396,0.14334221184253693,0.9950507283210754,0.9999324083328247,0.4622593820095062,0.40609273314476013,0.17611299455165863,0.9952723979949951,0.9999027252197266,0.4625568687915802,0.4062434136867523,0.1759231686592102,0.9948166012763977,0.9998946189880371,0.46301859617233276,0.40635934472084045,0.1759091466665268,0.9954479932785034,0.9998786449432373,0.4795736074447632,0.41147953271865845,0.1223151758313179,0.9925216436386108,0.9999449253082275,0.4685138165950775,0.4109409749507904,0.27066487073898315,0.9940285086631775,0.9998942613601685,0.4566020965576172,0.4146958291530609,0.14609715342521667,0.9917488694190979,0.9999154806137085,0.4526939392089844,0.4149409830570221,0.18877741694450378,0.9911529421806335,0.9998488426208496,0.4815082550048828,0.4355693459510803,0.007603097707033157,0.9990367889404297,0.9999827146530151,0.448214054107666,0.4426848292350769,0.3503468334674835,0.9988987445831299,0.9999301433563232,0.46443966031074524,0.4630051553249359,-0.1454000473022461,0.8901261687278748,0.9997920393943787,0.42068421840667725,0.48476457595825195,0.3732123374938965,0.15507368743419647,0.9998205304145813,0.43223679065704346,0.45617327094078064,-0.1985524296760559,0.8312342166900635,0.9992876648902893,0.39901354908943176,0.49566587805747986,0.3189980685710907,0.19396458566188812,0.9993402361869812,0.4260682463645935,0.4559187889099121,-0.22432221472263336,0.7970743179321289,0.9991151690483093,0.39049461483955383,0.501139760017395,0.3172079920768738,0.22106529772281647,0.9992181062698364,0.4263809621334076,0.45254501700401306,-0.20866845548152924,0.7897335290908813,0.9990290403366089,0.39045798778533936,0.4986693859100342,0.30446556210517883,0.22075830399990082,0.9990811347961426,0.42889246344566345,0.4536628723144531,-0.1912011057138443,0.7710468769073486,0.9991457462310791,0.39492669701576233,0.49661532044410706,0.3097425103187561,0.22214865684509277,0.9991621971130371,0.4235878884792328,0.5176969766616821,-0.11406679451465607,0.9994212985038757,0.9999908208847046,0.40533536672592163,0.518055260181427,0.11392845213413239,0.9995221495628357,0.9999901056289673,0.3488445580005646,0.5772358775138855,-0.1742977499961853,0.9026744365692139,0.9998726844787598,0.3541965186595917,0.5799400210380554,0.08599520474672318,0.7520467638969421,0.9998119473457336,0.3884846568107605,0.6437754034996033,-0.18470627069473267,0.9104118347167969,0.9996086955070496,0.3917345702648163,0.6496785283088684,0.05170485004782677,0.8516117930412292,0.9997164607048035,0.41793233156204224,0.6513509750366211,-0.18693040311336517,0.8978046178817749,0.9993934631347656,0.4103977680206299,0.6595486402511597,0.04368424788117409,0.8671978712081909,0.9995911717414856,0.34643834829330444,0.6710718274116516,-0.2574663460254669,0.9056378602981567,0.998349666595459,0.3621171712875366,0.6720932722091675,-0.014683926478028297,0.8602928519248962,0.9986513257026672
73,2482,True,0.4545227885246277,0.40846824645996094,0.1616911143064499,0.99598228931427,0.999954104423523,0.4651421308517456,0.4054478108882904,0.15186136960983276,0.9954057335853577,0.9999510049819946,0.46714815497398376,0.40561309456825256,0.1518082320690155,0.9948536157608032,0.999954104423523,0.4698306918144226,0.4058992266654968,0.15177187323570251,0.9955152273178101,0.9999537467956543,0.4627721905708313,0.4055943489074707,0.18518614768981934,0.9956845641136169,0.9999333620071411,0.46313077211380005,0.40574127435684204,0.1850074976682663,0.9952608942985535,0.9999260902404785,0.46364906430244446,0.4058528542518616,0.18500077724456787,0.9958348274230957,0.9999140501022339,0.4795168936252594,0.41111940145492554,0.1292618066072464,0.9932290315628052,0.9999608993530273,0.46972164511680603,0.41071391105651855,0.27951347827911377,0.9945237040519714,0.9999184608459473,0.45676371455192566,0.4142996370792389,0.15377138555049896,0.9924355745315552,0.9999399185180664,0.4529031217098236,0.4150497317314148,0.1972438544034958,0.9918280243873596,0.9998874664306641,0.4809643626213074,0.43539029359817505,0.009994755499064922,0.9991316199302673,0.9999877214431763,0.44847220182418823,0.4430506229400635,0.34983134269714355,0.9989838004112244,0.9999370574951172,0.46410703659057617,0.46620431542396545,-0.13225150108337402,0.8991472125053406,0.9998553991317749,0.4205002784729004,0.4844211935997009,0.36867594718933105,0.14535492658615112,0.999858021736145,0.42894065380096436,0.4660665988922119,-0.18069911003112793,0.8367702960968018,0.9994601607322693,0.3989312946796417,0.49503570795059204,0.29933324456214905,0.18816059827804565,0.9994949102401733,0.4226028025150299,0.4671318531036377,-0.20656026899814606,0.8016276359558105,0.999322772026062,0.3916468024253845,0.49996909499168396,0.29568228125572205,0.21705253422260284,0.9993997812271118,0.4223889708518982,0.46429944038391113,-0.1916930079460144,0.7941095232963562,0.9992726445198059,0.39062070846557617,0.49728983640670776,0.2820643186569214,0.21660862863063812,0.9993177652359009,0.42495137453079224,0.46498656272888184,-0.17325645685195923,0.7746236324310303,0.9993607401847839,0.39443597197532654,0.4954867362976074,0.28927862644195557,0.21869026124477386,0.9993643164634705,0.42147064208984375,0.515674352645874,-0.11384330689907074,0.9994776248931885,0.999992847442627,0.4056228697299957,0.5161923170089722,0.1137285977602005,0.999567449092865,0.9999916553497314,0.3457582890987396,0.5760992765426636,-0.17545069754123688,0.9090085625648499,0.9998537302017212,0.3489771783351898,0.5777822732925415,0.08225414901971817,0.7464640140533447,0.9997949004173279,0.3885549008846283,0.6446307897567749,-0.19979457557201385,0.9157548546791077,0.9996563196182251,0.37415045499801636,0.6468631029129028,0.035507939755916595,0.8529701828956604,0.999729573726654,0.411330908536911,0.6514293551445007,-0.20381100475788116,0.9024507403373718,0.9995309114456177,0.3998379111289978,0.659829318523407,0.026370348408818245,0.8728213906288147,0.9996311664581299,0.344468355178833,0.6709764003753662,-0.2757696807384491,0.9094191193580627,0.9989197254180908,0.34722328186035156,0.6718286275863647,-0.03162709251046181,0.8624818921089172,0.9989920258522034
74,2516,True,0.4548742175102234,0.4082113206386566,0.16184765100479126,0.9963229298591614,0.9999501705169678,0.46537306904792786,0.4048759937286377,0.15051491558551788,0.9958004951477051,0.9999456405639648,0.4672246277332306,0.405040979385376,0.15046913921833038,0.9953140616416931,0.9999487400054932,0.46984243392944336,0.4053427577018738,0.15042783319950104,0.9959104061126709,0.9999487400054932,0.46347737312316895,0.40496253967285156,0.18493302166461945,0.9960143566131592,0.9999265670776367,0.46396082639694214,0.4051377773284912,0.1847769170999527,0.9956121444702148,0.9999182224273682,0.46461910009384155,0.4052840769290924,0.18474705517292023,0.9961381554603577,0.9999053478240967,0.4797021150588989,0.41063395142555237,0.12311980873346329,0.9938361048698425,0.9999576807022095,0.47107434272766113,0.41046419739723206,0.27846860885620117,0.9949067831039429,0.9999116659164429,0.45714154839515686,0.4135710597038269,0.1522981822490692,0.9929848313331604,0.9999374151229858,0.45359790325164795,0.4146285653114319,0.1972525268793106,0.992311954498291,0.9998804330825806,0.4808040261268616,0.43443021178245544,0.0013928100233897567,0.9992173910140991,0.9999909400939941,0.45058974623680115,0.441464900970459,0.34830889105796814,0.9990643858909607,0.9999507665634155,0.4647658169269562,0.46575117111206055,-0.13758334517478943,0.9075766801834106,0.9998871088027954,0.4211745262145996,0.48420849442481995,0.36510780453681946,0.13611288368701935,0.9998795986175537,0.43235838413238525,0.47191768884658813,-0.184241384267807,0.8430653810501099,0.9993388056755066,0.40174561738967896,0.4992507994174957,0.2950843274593353,0.18154548108577728,0.9994890689849854,0.42745140194892883,0.47444072365760803,-0.21089871227741241,0.806889533996582,0.9991017580032349,0.3956776559352875,0.5055533647537231,0.29257461428642273,0.21131952106952667,0.9993820190429688,0.42651456594467163,0.4725136160850525,-0.1964239925146103,0.799280047416687,0.9990647435188293,0.39438357949256897,0.5030514001846313,0.2775449752807617,0.21069659292697906,0.9993106126785278,0.428428053855896,0.4728212356567383,-0.17714877426624298,0.7794162631034851,0.9991806149482727,0.3977378308773041,0.5009039640426636,0.2846212685108185,0.21299557387828827,0.9993438124656677,0.4168284833431244,0.5152479410171509,-0.11463887244462967,0.9995286464691162,0.9999939203262329,0.40350019931793213,0.5148030519485474,0.11454682052135468,0.9996084570884705,0.9999927282333374,0.3434769809246063,0.5746143460273743,-0.19373618066310883,0.9150831699371338,0.9998583793640137,0.3413223624229431,0.574893057346344,0.07364388555288315,0.7390259504318237,0.9998083710670471,0.3903868496417999,0.645048975944519,-0.21591462194919586,0.9213806986808777,0.9997509121894836,0.36321792006492615,0.6432210206985474,0.021130550652742386,0.8528144359588623,0.9997643828392029,0.4085713326931,0.6519788503646851,-0.21876825392246246,0.9079726934432983,0.999681830406189,0.3811667859554291,0.6561656594276428,0.011416807770729065,0.8773289918899536,0.9996874332427979,0.35617855191230774,0.6717618107795715,-0.27797746658325195,0.9139488339424133,0.9992509484291077,0.3263426721096039,0.6672080159187317,-0.04732886329293251,0.8641236424446106,0.9991893172264099
75,2550,True,0.45501819252967834,0.4091280996799469,0.15599536895751953,0.996674656867981,0.9999786615371704,0.46518680453300476,0.40573206543922424,0.14529743790626526,0.9962058067321777,0.99997878074646,0.46708184480667114,0.4058529734611511,0.1452481895685196,0.9957705140113831,0.9999802112579346,0.46943962574005127,0.4060339033603668,0.145217165350914,0.9963071346282959,0.9999802112579346,0.4630323648452759,0.40592139959335327,0.17892932891845703,0.9963884949684143,0.9999704360961914,0.4631116986274719,0.40599751472473145,0.1787707507610321,0.996020495891571,0.9999666213989258,0.4636101722717285,0.4061337113380432,0.17874179780483246,0.9964959621429443,0.9999606609344482,0.4793904721736908,0.4109409749507904,0.12292312830686569,0.9944378137588501,0.9999840259552002,0.46987587213516235,0.41072097420692444,0.27441105246543884,0.9953809976577759,0.9999622106552124,0.45741331577301025,0.41488876938819885,0.1484871506690979,0.9936297535896301,0.9999649524688721,0.4536382853984833,0.41545432806015015,0.1924896091222763,0.992988109588623,0.999931812286377,0.480885773897171,0.4345880150794983,0.0056272209621965885,0.9992946982383728,0.9999915361404419,0.4505307078361511,0.4425714910030365,0.3450751006603241,0.9991374611854553,0.9999544620513916,0.4657045006752014,0.46304336190223694,-0.1472998708486557,0.9154186248779297,0.9998849630355835,0.42153194546699524,0.4839152693748474,0.3702777028083801,0.1274956911802292,0.9998730421066284,0.43393006920814514,0.4588802456855774,-0.21567605435848236,0.8504827618598938,0.9995829463005066,0.40331709384918213,0.4987269341945648,0.31978917121887207,0.1759277880191803,0.9995604157447815,0.42883580923080444,0.4585197865962982,-0.244280606508255,0.8145235180854797,0.9994634985923767,0.3973931074142456,0.504467785358429,0.318402498960495,0.20727790892124176,0.9994822144508362,0.42814627289772034,0.4562918543815613,-0.2276088297367096,0.8069447875022888,0.9994333386421204,0.3961181938648224,0.5024026036262512,0.30401983857154846,0.20655541121959686,0.9994297623634338,0.42984771728515625,0.4575604796409607,-0.2081124186515808,0.786487340927124,0.9994981288909912,0.39942291378974915,0.5004348158836365,0.3102061152458191,0.20935150980949402,0.999457061290741,0.41562896966934204,0.5150167942047119,-0.11467080563306808,0.9995748400688171,0.9999949932098389,0.402709424495697,0.5154561996459961,0.11459872871637344,0.9996458888053894,0.9999935626983643,0.34967750310897827,0.5751736164093018,-0.18928483128547668,0.9214070439338684,0.9999123811721802,0.341793030500412,0.5744116902351379,0.07132425159215927,0.7355703711509705,0.999854564666748,0.39422205090522766,0.6452290415763855,-0.21998876333236694,0.9272146224975586,0.999825656414032,0.35897186398506165,0.6421480774879456,0.025816535577178,0.8545761108398438,0.9998507499694824,0.4097757041454315,0.6524192094802856,-0.22384949028491974,0.9137203097343445,0.9997594952583313,0.37217462062835693,0.656075119972229,0.016950484365224838,0.8821551203727722,0.9998015761375427,0.3530048131942749,0.6712198853492737,-0.3008234202861786,0.9196287393569946,0.9993807077407837,0.31561848521232605,0.6663516759872437,-0.04716567322611809,0.8682606220245361,0.9994221925735474
76,2584,True,0.4553879499435425,0.40943026542663574,0.145522341132164,0.9969930052757263,0.9999606609344482,0.46546241641044617,0.40591421723365784,0.13485290110111237,0.9965724349021912,0.9999614953994751,0.4673657715320587,0.406054824590683,0.13481414318084717,0.9961833357810974,0.9999637603759766,0.4695451855659485,0.4062371850013733,0.13478508591651917,0.9966660737991333,0.9999635219573975,0.46288833022117615,0.40591326355934143,0.16727997362613678,0.9967294335365295,0.9999493360519409,0.46290168166160583,0.40613818168640137,0.167103573679924,0.9963938593864441,0.999944806098938,0.46325916051864624,0.40628236532211304,0.16706348955631256,0.9968241453170776,0.9999366998672485,0.47917208075523376,0.41086381673812866,0.11414825916290283,0.9949825406074524,0.9999709129333496,0.46938323974609375,0.41062960028648376,0.26090532541275024,0.9958186745643616,0.9999443292617798,0.45783111453056335,0.41533946990966797,0.13945409655570984,0.9942159652709961,0.9999322891235352,0.4538065493106842,0.4157547056674957,0.1818636804819107,0.9936070442199707,0.9998774528503418,0.4812995493412018,0.4345409870147705,0.00434869946911931,0.9993640184402466,0.9999876022338867,0.45047733187675476,0.44251495599746704,0.33426105976104736,0.9992044568061829,0.9999518394470215,0.46632033586502075,0.46097326278686523,-0.139775350689888,0.9221469759941101,0.9998413324356079,0.42374226450920105,0.4837453365325928,0.370218962430954,0.11885508894920349,0.9998464584350586,0.43768781423568726,0.4517592787742615,-0.19499850273132324,0.855158805847168,0.9994551539421082,0.4036010801792145,0.4991413652896881,0.3304884731769562,0.16830943524837494,0.9994063377380371,0.43348202109336853,0.4502534866333008,-0.22016805410385132,0.8190821409225464,0.9993144273757935,0.3986418843269348,0.5048873424530029,0.33080485463142395,0.20072384178638458,0.9993190765380859,0.4329959750175476,0.44811496138572693,-0.20322494208812714,0.8114475011825562,0.9992503523826599,0.3971795439720154,0.5031927824020386,0.31661880016326904,0.19994696974754333,0.999218225479126,0.4343647360801697,0.4497269093990326,-0.18712420761585236,0.7901287078857422,0.9993404746055603,0.39975807070732117,0.5012369751930237,0.3214482069015503,0.202996164560318,0.9992701411247253,0.41594064235687256,0.5135798454284668,-0.11337827146053314,0.9996163249015808,0.999993085861206,0.4024549126625061,0.5144779086112976,0.11330077797174454,0.9996796250343323,0.9999924898147583,0.3464568555355072,0.574226975440979,-0.18875785171985626,0.9266867637634277,0.9999136924743652,0.344697505235672,0.5746157765388489,0.06906042993068695,0.7265264987945557,0.9998490810394287,0.39601072669029236,0.645584225654602,-0.22129324078559875,0.9324008822441101,0.999811589717865,0.36631637811660767,0.6437755823135376,0.02297230251133442,0.8534929752349854,0.9998340606689453,0.41445809602737427,0.6526346802711487,-0.22555282711982727,0.918848991394043,0.9997314810752869,0.3824149966239929,0.6563792824745178,0.014304185286164284,0.8850380182266235,0.9997767806053162,0.35283753275871277,0.6716811060905457,-0.30696922540664673,0.9250884056091309,0.9992220401763916,0.3300688564777374,0.6666182279586792,-0.05124083533883095,0.8710960149765015,0.9993057250976562
77,2618,True,0.45483189821243286,0.4090333878993988,0.14959312975406647,0.9972237944602966,0.9999428987503052,0.46468213200569153,0.4054587483406067,0.1376231461763382,0.9968536496162415,0.9999405145645142,0.46688923239707947,0.4056813716888428,0.1375650018453598,0.9965158104896545,0.9999436140060425,0.4690207242965698,0.405875027179718,0.13753339648246765,0.9969497323036194,0.9999434947967529,0.46264374256134033,0.40562739968299866,0.1711774617433548,0.996950626373291,0.9999207258224487,0.46268895268440247,0.405790239572525,0.17100729048252106,0.9966258406639099,0.9999117851257324,0.4628414511680603,0.40592947602272034,0.17097912728786469,0.997029185295105,0.9998987913131714,0.4787595570087433,0.41024985909461975,0.10893753170967102,0.9954262375831604,0.999956488609314,0.4686773121356964,0.41032248735427856,0.26143118739128113,0.9960978031158447,0.9999101161956787,0.45653632283210754,0.4150981903076172,0.14061889052391052,0.9946148991584778,0.9999240636825562,0.45373472571372986,0.41537022590637207,0.18454033136367798,0.9939189553260803,0.9998524188995361,0.4810895323753357,0.4338976740837097,-0.005978332832455635,0.9994269013404846,0.9999922513961792,0.4503251314163208,0.44234952330589294,0.3292723298072815,0.999265730381012,0.9999575614929199,0.46619075536727905,0.46198493242263794,-0.13194984197616577,0.9282312989234924,0.9998946189880371,0.426607608795166,0.4834337830543518,0.3575122356414795,0.11163065582513809,0.9998935461044312,0.4357242286205292,0.46020904183387756,-0.17351478338241577,0.8590157628059387,0.9994654059410095,0.4072102904319763,0.4994423985481262,0.2988424599170685,0.16244687139987946,0.9994717240333557,0.4309982657432556,0.46045103669166565,-0.19766345620155334,0.8222620487213135,0.9992855191230774,0.40254250168800354,0.5053244829177856,0.29881417751312256,0.19555863738059998,0.999346911907196,0.43055644631385803,0.4586537480354309,-0.18141913414001465,0.8145143985748291,0.9992491602897644,0.4003382921218872,0.5033700466156006,0.28251275420188904,0.19455857574939728,0.9992744326591492,0.43204084038734436,0.45974740386009216,-0.1657961905002594,0.7926424145698547,0.9993513226509094,0.4028978943824768,0.5014537572860718,0.2886059880256653,0.19779068231582642,0.9993255138397217,0.4145911633968353,0.5139142274856567,-0.113392673432827,0.9996538162231445,0.9999954700469971,0.40177494287490845,0.5149332880973816,0.11334948241710663,0.9997099041938782,0.9999949932098389,0.3492676913738251,0.5749439001083374,-0.19278843700885773,0.9314249157905579,0.9999063014984131,0.3455403745174408,0.5752735733985901,0.06615464389324188,0.7171359062194824,0.9998356103897095,0.4015955626964569,0.6463038921356201,-0.23561272025108337,0.9375306367874146,0.9998289346694946,0.37669843435287476,0.6440427303314209,0.022205378860235214,0.8533892035484314,0.9998301267623901,0.42300015687942505,0.653631329536438,-0.24107487499713898,0.9242233037948608,0.9997819066047668,0.3915029764175415,0.6565192341804504,0.014591186307370663,0.8886000514030457,0.9997788071632385,0.3607853353023529,0.6732607483863831,-0.32356882095336914,0.9299283027648926,0.9994003772735596,0.33715733885765076,0.6685181856155396,-0.050343986600637436,0.8738757967948914,0.9994064569473267
78,2652,True,0.45303505659103394,0.40872612595558167,0.1533685177564621,0.9973495602607727,0.9999501705169678,0.46289142966270447,0.40533846616744995,0.14082208275794983,0.9970465302467346,0.9999489784240723,0.4650849997997284,0.4053828716278076,0.14076171815395355,0.9967647194862366,0.9999516010284424,0.466990202665329,0.4055948257446289,0.14073576033115387,0.9971539378166199,0.9999514818191528,0.4613397419452667,0.40535131096839905,0.17547574639320374,0.9970359206199646,0.9999319314956665,0.4617772400379181,0.4054884910583496,0.1753128319978714,0.9966962337493896,0.9999237060546875,0.46218037605285645,0.40562230348587036,0.17529064416885376,0.9970963001251221,0.999911904335022,0.4770398437976837,0.410134494304657,0.10780315101146698,0.9957544803619385,0.9999629259109497,0.46842461824417114,0.41004762053489685,0.26540547609329224,0.9961841702461243,0.9999186992645264,0.4545719027519226,0.41487544775009155,0.14272189140319824,0.9947782158851624,0.9999291896820068,0.4524475038051605,0.4149859547615051,0.1880733221769333,0.9938584566116333,0.9998632669448853,0.4805494546890259,0.43404141068458557,-0.01335365604609251,0.9994834065437317,0.9999923706054688,0.45012903213500977,0.44193577766418457,0.33072322607040405,0.9993165135383606,0.9999517202377319,0.46530067920684814,0.4638962149620056,-0.13338901102542877,0.9334001541137695,0.9999105930328369,0.4297063648700714,0.48330870270729065,0.3592681884765625,0.10443458706140518,0.999882698059082,0.43254950642585754,0.4705604612827301,-0.17089343070983887,0.8604299426078796,0.9994180202484131,0.41126561164855957,0.5021153092384338,0.29988256096839905,0.15512478351593018,0.9993706345558167,0.42750295996665955,0.4730992317199707,-0.19640271365642548,0.8230876326560974,0.9992296695709229,0.40731948614120483,0.5084431171417236,0.3014959394931793,0.188307985663414,0.9992475509643555,0.42635855078697205,0.4714381694793701,-0.17973218858242035,0.815244734287262,0.9992035031318665,0.4043823778629303,0.5064257383346558,0.2830972373485565,0.1871638298034668,0.9991750121116638,0.42796042561531067,0.4717537462711334,-0.16272418200969696,0.7925851941108704,0.9993035793304443,0.4065028429031372,0.5043503046035767,0.28890159726142883,0.1906414031982422,0.9992128610610962,0.415223091840744,0.5142844915390015,-0.11490773409605026,0.9996873736381531,0.9999960660934448,0.40158113837242126,0.5153084993362427,0.11490551382303238,0.9997366070747375,0.9999949932098389,0.353084921836853,0.5753843188285828,-0.20209163427352905,0.9353683590888977,0.9998894929885864,0.3479989469051361,0.5758838653564453,0.06360574811697006,0.7023730874061584,0.9997996687889099,0.4083406329154968,0.6468010544776917,-0.2557581067085266,0.9419925808906555,0.999854564666748,0.38063672184944153,0.6457011103630066,0.019646625965833664,0.8501377701759338,0.9998328685760498,0.4279423952102661,0.6544448137283325,-0.262615829706192,0.9290947318077087,0.9998282194137573,0.3972174823284149,0.6566721200942993,0.011750325560569763,0.8909449577331543,0.9997941851615906,0.3678717613220215,0.6732639074325562,-0.34652236104011536,0.9338184595108032,0.9995661377906799,0.34480422735214233,0.6687719821929932,-0.05307421088218689,0.8741666078567505,0.9995182752609253
79,2686,True,0.44960683584213257,0.40938085317611694,0.12711049616336823,0.997542142868042,0.9998098015785217,0.45929956436157227,0.4058450758457184,0.11210799962282181,0.9972866773605347,0.9998183846473694,0.4617590308189392,0.40593060851097107,0.11204446107149124,0.9970438480377197,0.9998292922973633,0.46372315287590027,0.40612515807151794,0.11198088526725769,0.9973953366279602,0.9998311996459961,0.45813336968421936,0.4058445990085602,0.1473056674003601,0.9972279071807861,0.9997692704200745,0.45888617634773254,0.40595489740371704,0.14713430404663086,0.9968974590301514,0.9997531771659851,0.4595780372619629,0.40606680512428284,0.14711441099643707,0.9972842335700989,0.9997249245643616,0.4746220111846924,0.41051188111305237,0.07333199679851532,0.9961321353912354,0.999886155128479,0.4674597978591919,0.41032734513282776,0.23226191103458405,0.9964593648910522,0.9997891783714294,0.4521876871585846,0.41523241996765137,0.11514818668365479,0.9951283931732178,0.9997976422309875,0.4499044716358185,0.4155045449733734,0.16094031929969788,0.9941633939743042,0.9996538162231445,0.47829410433769226,0.43428605794906616,-0.04287334904074669,0.9995331764221191,0.9999806880950928,0.4498146176338196,0.44194483757019043,0.31215810775756836,0.9993576407432556,0.9999294281005859,0.45844709873199463,0.46594300866127014,-0.16702179610729218,0.9376901388168335,0.9997603297233582,0.4294973909854889,0.4824705123901367,0.353864461183548,0.09696542471647263,0.9997963309288025,0.42333751916885376,0.465862512588501,-0.20340126752853394,0.8620156645774841,0.9989175796508789,0.40842676162719727,0.5004927515983582,0.3064413368701935,0.14788314700126648,0.9988705515861511,0.4168621599674225,0.46686848998069763,-0.22992202639579773,0.8252199292182922,0.9986472725868225,0.40247413516044617,0.5063024759292603,0.31062716245651245,0.1814826875925064,0.9985765218734741,0.4169911742210388,0.4639056622982025,-0.21045583486557007,0.8173749446868896,0.9985741376876831,0.4005778133869171,0.5042773485183716,0.291759729385376,0.18042044341564178,0.9984111785888672,0.4192608594894409,0.4646434783935547,-0.19428960978984833,0.7931113839149475,0.9987303614616394,0.40355509519577026,0.5022528767585754,0.29567480087280273,0.1840127557516098,0.9985384941101074,0.4161689877510071,0.5144048929214478,-0.11732305586338043,0.9997157454490662,0.999987006187439,0.401685893535614,0.515588641166687,0.11733391135931015,0.9997580647468567,0.9999854564666748,0.3534960150718689,0.5808423757553101,-0.18982329964637756,0.9380792379379272,0.9997913241386414,0.35012227296829224,0.5797925591468811,0.0698225274682045,0.6802918314933777,0.9996069073677063,0.41645464301109314,0.650459885597229,-0.2337317317724228,0.9455643892288208,0.9995864033699036,0.39345529675483704,0.6472364664077759,0.05963079631328583,0.8403580784797668,0.9995749592781067,0.43586793541908264,0.6559492349624634,-0.23943477869033813,0.9324542284011841,0.9994291663169861,0.4086757302284241,0.6599758863449097,0.05556636303663254,0.8883984088897705,0.9994326233863831,0.37081268429756165,0.6748626232147217,-0.3383813202381134,0.9375350475311279,0.9983824491500854,0.3494003713130951,0.6712791919708252,-0.010244171135127544,0.8711968660354614,0.9985373020172119
80,2720,True,0.44698843359947205,0.4098256230354309,0.15885168313980103,0.9977672696113586,0.9999758005142212,0.45595359802246094,0.40610575675964355,0.14415206015110016,0.9975439310073853,0.9999755620956421,0.4587915539741516,0.4062742292881012,0.1441413313150406,0.9973276853561401,0.9999769926071167,0.46071857213974,0.4064730703830719,0.14415177702903748,0.9976437091827393,0.9999773502349854,0.45482638478279114,0.40618443489074707,0.18441961705684662,0.9974793791770935,0.9999696016311646,0.4555872678756714,0.40632209181785583,0.1842651218175888,0.997177243232727,0.9999679327011108,0.456286758184433,0.4064515233039856,0.18423286080360413,0.997532308101654,0.9999653100967407,0.471460223197937,0.41089358925819397,0.08665616065263748,0.9965049624443054,0.999984622001648,0.4645760953426361,0.41074317693710327,0.2812809944152832,0.9967911243438721,0.9999735355377197,0.4492357075214386,0.4154687821865082,0.14226779341697693,0.9955613017082214,0.9999734163284302,0.44720908999443054,0.41559600830078125,0.19537317752838135,0.9946695566177368,0.999956488609314,0.47753503918647766,0.4346199631690979,-0.018466763198375702,0.9995793104171753,0.9999957084655762,0.448280930519104,0.4420219361782074,0.35092443227767944,0.9994102716445923,0.9999828338623047,0.4551112651824951,0.4647768437862396,-0.15470215678215027,0.9431639909744263,0.9999172687530518,0.4215562045574188,0.48377400636672974,0.37318503856658936,0.09249560534954071,0.9999141693115234,0.4274879992008209,0.4456075131893158,-0.16844360530376434,0.8715739846229553,0.9997598528862,0.4006444215774536,0.496368408203125,0.31572920083999634,0.1497308760881424,0.9996477365493774,0.42172935605049133,0.43934527039527893,-0.19136273860931396,0.8362711071968079,0.9996691942214966,0.39563530683517456,0.4988388419151306,0.3111748695373535,0.18481753766536713,0.9995309114456177,0.41840168833732605,0.436934232711792,-0.1645396649837494,0.8286412358283997,0.999646782875061,0.3938117027282715,0.49603232741355896,0.29695725440979004,0.18332161009311676,0.9995039701461792,0.4219670295715332,0.4403608441352844,-0.15492361783981323,0.8043226599693298,0.9997091889381409,0.39686834812164307,0.4951811730861664,0.30611878633499146,0.18652425706386566,0.9995494484901428,0.41714319586753845,0.5161217451095581,-0.11975005269050598,0.9997419714927673,0.9999927282333374,0.4024517834186554,0.5179413557052612,0.11969300359487534,0.9997779130935669,0.9999909400939941,0.3593163788318634,0.5852881073951721,-0.19594766199588776,0.9424887895584106,0.9998838901519775,0.35139378905296326,0.5839313268661499,0.07297471165657043,0.6700280904769897,0.9997707009315491,0.42621392011642456,0.6537032127380371,-0.25823038816452026,0.9499673247337341,0.9998862743377686,0.40884071588516235,0.6512966156005859,0.04390820488333702,0.8405143618583679,0.9998339414596558,0.44696706533432007,0.6581552624702454,-0.26495444774627686,0.9379059672355652,0.9998522996902466,0.42949870228767395,0.6601016521453857,0.037733037024736404,0.8919011950492859,0.9997962117195129,0.3887619376182556,0.6803689002990723,-0.35482344031333923,0.9418973326683044,0.9995798468589783,0.37404298782348633,0.6755075454711914,-0.021801643073558807,0.8727073669433594,0.9994930028915405
81,2754,True,0.44392314553260803,0.4138115346431732,0.13666757941246033,0.9979790449142456,0.9999425411224365,0.45339587330818176,0.40994805097579956,0.12495434284210205,0.9977805614471436,0.999927282333374,0.4557434618473053,0.4100554883480072,0.12495741248130798,0.9975863695144653,0.9999258518218994,0.4577881693840027,0.4100639224052429,0.12496785074472427,0.997870683670044,0.9999208450317383,0.45135417580604553,0.40985822677612305,0.16235338151454926,0.9977218508720398,0.9999294281005859,0.45196443796157837,0.40995073318481445,0.1621556580066681,0.9974482655525208,0.9999319314956665,0.45256736874580383,0.4099659025669098,0.16212044656276703,0.9977714419364929,0.9999300241470337,0.47091051936149597,0.41346874833106995,0.08524271845817566,0.9968433976173401,0.9999358654022217,0.46098649501800537,0.41466641426086426,0.25760504603385925,0.9971062541007996,0.9999480247497559,0.4471800923347473,0.41989678144454956,0.12269862741231918,0.9959614872932434,0.9998970031738281,0.44444945454597473,0.4198792576789856,0.17197203636169434,0.9951668977737427,0.9998832941055298,0.4778103232383728,0.43484896421432495,-0.031015777960419655,0.9996182918548584,0.9999693632125854,0.44807857275009155,0.4480994641780853,0.32717350125312805,0.9994482398033142,0.9999387264251709,0.4716126322746277,0.42117467522621155,-0.16162928938865662,0.9484319090843201,0.9999401569366455,0.4211823344230652,0.48379597067832947,0.38726484775543213,0.08708363026380539,0.9998036026954651,0.47962066531181335,0.3812863230705261,-0.16680023074150085,0.8820149302482605,0.9993045330047607,0.4012915790081024,0.4973676800727844,0.38195329904556274,0.14608123898506165,0.9993060827255249,0.48585307598114014,0.37006518244743347,-0.19040244817733765,0.8482048511505127,0.99843829870224,0.39605584740638733,0.5010360479354858,0.3934864401817322,0.1813984513282776,0.9990347623825073,0.48685452342033386,0.3714643716812134,-0.164707213640213,0.8409076929092407,0.9982341527938843,0.39508941769599915,0.4995228350162506,0.37165912985801697,0.180063858628273,0.9989320635795593,0.48414120078086853,0.3768921494483948,-0.1541956514120102,0.817646861076355,0.9987536668777466,0.39814549684524536,0.49782323837280273,0.37134552001953125,0.18313610553741455,0.9990629553794861,0.41812583804130554,0.5197650194168091,-0.11845283210277557,0.9997643828392029,0.9999793767929077,0.4035179615020752,0.5231832265853882,0.11837886273860931,0.9997944831848145,0.9999762773513794,0.3762670159339905,0.5926191210746765,-0.20319463312625885,0.9452267289161682,0.9998685121536255,0.36402764916419983,0.5910794734954834,0.0783180519938469,0.6533722281455994,0.9997722506523132,0.4343743324279785,0.6604059934616089,-0.25004318356513977,0.953031599521637,0.9997573494911194,0.42100003361701965,0.6559236645698547,0.046711742877960205,0.8334934115409851,0.9996457099914551,0.4537312686443329,0.6664129495620728,-0.25642839074134827,0.9417609572410583,0.9995957016944885,0.4395565986633301,0.6644927859306335,0.038631509989500046,0.8885576128959656,0.9994682669639587,0.4015115201473236,0.6859515905380249,-0.3416505753993988,0.945098876953125,0.9986959099769592,0.39033043384552,0.6825318932533264,-0.030807839706540108,0.8698785901069641,0.9985975623130798
82,2788,True,0.43952247500419617,0.4222628176212311,0.1741664707660675,0.998170793056488,0.9999123811721802,0.4482296407222748,0.41992178559303284,0.1669015735387802,0.9979947209358215,0.9999121427536011,0.4503970146179199,0.41996708512306213,0.16685587167739868,0.9978203773498535,0.999919056892395,0.45251554250717163,0.41993770003318787,0.1668463498353958,0.9980770945549011,0.9999216794967651,0.4457659125328064,0.42004743218421936,0.1999145746231079,0.997939944267273,0.9998916387557983,0.4460311830043793,0.42020171880722046,0.19969619810581207,0.997690737247467,0.9998880624771118,0.44643309712409973,0.42028728127479553,0.19968219101428986,0.997985303401947,0.9998775720596313,0.4659692943096161,0.423544704914093,0.13917876780033112,0.9971498250961304,0.999935507774353,0.45246464014053345,0.42559680342674255,0.28889697790145874,0.9973878860473633,0.999885082244873,0.4435241222381592,0.42881178855895996,0.16237744688987732,0.9963154792785645,0.9998205304145813,0.4395392835140228,0.4288971424102783,0.2057306319475174,0.9956087470054626,0.999745786190033,0.47768670320510864,0.4431861937046051,0.021962640807032585,0.9996510744094849,0.9999405145645142,0.4397020936012268,0.45694440603256226,0.3458820879459381,0.9994178414344788,0.9995445609092712,0.4720345735549927,0.4243025779724121,-0.06810951977968216,0.9530215263366699,0.9998992681503296,0.42118343710899353,0.48320072889328003,0.5080211758613586,0.0821032002568245,0.9994068145751953,0.4844927191734314,0.3950080871582031,-0.014025636948645115,0.8874777555465698,0.9991081357002258,0.39899423718452454,0.4855000078678131,0.6291393041610718,0.1400100141763687,0.9981123208999634,0.49032872915267944,0.38743650913238525,-0.023879585787653923,0.8522666096687317,0.9980734586715698,0.3918258547782898,0.4863120913505554,0.6576623916625977,0.17564375698566437,0.9975542426109314,0.4896966218948364,0.3882654309272766,-0.015921223908662796,0.8449996113777161,0.9977098703384399,0.3904058337211609,0.48650819063186646,0.6332594752311707,0.17483824491500854,0.9971201419830322,0.4865679442882538,0.3924156725406647,-0.009189478121697903,0.8229817152023315,0.9983450174331665,0.3947770893573761,0.48590120673179626,0.6205693483352661,0.17817068099975586,0.9974197149276733,0.4201980233192444,0.5302822589874268,-0.11764413118362427,0.9997831583023071,0.9999656677246094,0.40390750765800476,0.5330675840377808,0.11755054444074631,0.9998058080673218,0.999923586845398,0.3834027051925659,0.6004924178123474,-0.200821191072464,0.9490920901298523,0.9997850060462952,0.3664262592792511,0.5981053113937378,0.08036467432975769,0.6526215672492981,0.999441921710968,0.4393162131309509,0.6663979887962341,-0.27043092250823975,0.9557556509971619,0.9994439482688904,0.4279320538043976,0.661841869354248,0.04451718181371689,0.8308003544807434,0.9994503855705261,0.45805251598358154,0.6721165180206299,-0.27719318866729736,0.9445959329605103,0.9991948008537292,0.4445594251155853,0.6699144244194031,0.035522837191820145,0.8876855373382568,0.999248206615448,0.40845516324043274,0.6953328847885132,-0.3487100601196289,0.9477724432945251,0.9977618455886841,0.39993417263031006,0.6892061829566956,-0.03250385448336601,0.8686764240264893,0.9980735778808594
83,2822,True,0.43821728229522705,0.4276811182498932,0.05279826745390892,0.9983231425285339,0.9998193383216858,0.44647639989852905,0.42461079359054565,0.032779909670352936,0.9981765747070312,0.9998428821563721,0.44815096259117126,0.424919068813324,0.032791618257761,0.9980220794677734,0.9998527765274048,0.451043963432312,0.42517799139022827,0.032799866050481796,0.998252809047699,0.9998537302017212,0.4446968138217926,0.4245104193687439,0.07183033227920532,0.998114287853241,0.9998397827148438,0.4450504779815674,0.42473745346069336,0.07171206176280975,0.9978847503662109,0.9998468160629272,0.4455122649669647,0.42487436532974243,0.07169941067695618,0.9981610178947449,0.9998465776443481,0.46354252099990845,0.43072205781936646,-0.023299237713217735,0.9974156618118286,0.9999061822891235,0.45226821303367615,0.431016206741333,0.1536586731672287,0.9976310729980469,0.9998993873596191,0.4403594434261322,0.4350084662437439,0.034425076097249985,0.9965693354606628,0.999526858329773,0.437799870967865,0.43477457761764526,0.08516215533018112,0.9959160685539246,0.9994853734970093,0.4668563902378082,0.4555582106113434,-0.1304478496313095,0.9996663331985474,0.9997650980949402,0.44022372364997864,0.46132683753967285,0.2609444558620453,0.9993709325790405,0.9997771382331848,0.4523870348930359,0.4412550926208496,-0.24108554422855377,0.9558904767036438,0.9991752505302429,0.4345884919166565,0.48042017221450806,0.4795853793621063,0.07660236209630966,0.9993426203727722,0.48009800910949707,0.40236228704452515,-0.22088979184627533,0.8860862255096436,0.9967718720436096,0.41495481133461,0.4762435853481293,0.5159031748771667,0.1315239518880844,0.9977949857711792,0.4772860109806061,0.40474972128868103,-0.2446610927581787,0.8502604961395264,0.9960230588912964,0.41170811653137207,0.474520206451416,0.5492196083068848,0.16619253158569336,0.9974431991577148,0.4758599102497101,0.39924219250679016,-0.22617997229099274,0.843221127986908,0.9953063130378723,0.40833401679992676,0.47504091262817383,0.520548403263092,0.16558723151683807,0.9969282746315002,0.4756665527820587,0.40003952383995056,-0.21431249380111694,0.820267915725708,0.99598228931427,0.4103318452835083,0.4754788875579834,0.505902111530304,0.16917873919010162,0.9971725940704346,0.4207442104816437,0.5429775714874268,-0.12392126768827438,0.9997898936271667,0.9998923540115356,0.40893054008483887,0.5428293943405151,0.12389910966157913,0.9998089671134949,0.9999198913574219,0.39302322268486023,0.6131042242050171,-0.18492421507835388,0.9506540298461914,0.9993420243263245,0.38891300559043884,0.6098875999450684,0.12096719443798065,0.6310235857963562,0.9994733929634094,0.44726288318634033,0.6770816445350647,-0.1768689900636673,0.9584790468215942,0.9995346069335938,0.44248101115226746,0.6733736395835876,0.13150188326835632,0.8246990442276001,0.9994747042655945,0.46771833300590515,0.6813836693763733,-0.1754268854856491,0.9476866126060486,0.999432384967804,0.4613035023212433,0.67938631772995,0.12870724499225616,0.8811131119728088,0.9993259906768799,0.4209015667438507,0.7028002142906189,-0.2420503795146942,0.9508896470069885,0.9985007047653198,0.41751328110694885,0.6984614729881287,0.0681980773806572,0.8654641509056091,0.9983835220336914
84,2856,True,0.43492409586906433,0.43590229749679565,0.03321676328778267,0.9984809756278992,0.9999556541442871,0.4424312710762024,0.43185439705848694,0.008290544152259827,0.9983543753623962,0.9999707937240601,0.4436213970184326,0.43215832114219666,0.008238601498305798,0.9982161521911621,0.9999759197235107,0.4451731741428375,0.43238967657089233,0.008200597949326038,0.9984237551689148,0.9999786615371704,0.4419272243976593,0.4316611886024475,0.048563357442617416,0.998292863368988,0.9999622106552124,0.44264474511146545,0.4318251609802246,0.048497240990400314,0.9980835914611816,0.9999610185623169,0.44314512610435486,0.4325946271419525,0.048482004553079605,0.9983351230621338,0.9999583959579468,0.4579041004180908,0.4371776580810547,-0.0635451152920723,0.9976702928543091,0.9999912977218628,0.4522993266582489,0.43733349442481995,0.11987148970365524,0.9978630542755127,0.9999759197235107,0.43666285276412964,0.4434719979763031,0.008998238481581211,0.9968847036361694,0.9999115467071533,0.43598467111587524,0.44293683767318726,0.06160649284720421,0.9962911009788513,0.9998763799667358,0.4604625403881073,0.4645603597164154,-0.17362450063228607,0.9996874332427979,0.9999157190322876,0.4468227028846741,0.469041645526886,0.22963514924049377,0.999348521232605,0.9998389482498169,0.4531138241291046,0.4699222147464752,-0.3843761384487152,0.9588361978530884,0.9994602799415588,0.43964675068855286,0.4871348738670349,0.4448108375072479,0.07120941579341888,0.9992510676383972,0.4611187279224396,0.44884467124938965,-0.47647756338119507,0.8864123821258545,0.9985336065292358,0.41532599925994873,0.4805893898010254,0.616299569606781,0.12338733673095703,0.9984256029129028,0.46390068531036377,0.44536828994750977,-0.510343074798584,0.8503450155258179,0.9983615279197693,0.4114990532398224,0.4805254340171814,0.6654461622238159,0.1572432816028595,0.9983764886856079,0.4593363106250763,0.4438568651676178,-0.4886610209941864,0.8437610268592834,0.9982221722602844,0.4083641469478607,0.48025378584861755,0.638059675693512,0.1567627638578415,0.9981877207756042,0.45702412724494934,0.44616490602493286,-0.4709926247596741,0.8200993537902832,0.9983407258987427,0.40995630621910095,0.4803362488746643,0.6102964878082275,0.1607239693403244,0.9982184767723083,0.4221082329750061,0.5529216527938843,-0.1291138231754303,0.9998064041137695,0.9999815225601196,0.4189213216304779,0.5529369115829468,0.12911643087863922,0.9998213648796082,0.9999752044677734,0.3995530903339386,0.621408998966217,-0.184467151761055,0.9517695307731628,0.9995591044425964,0.3990558087825775,0.6170605421066284,0.13294316828250885,0.6231526732444763,0.999549925327301,0.4607151448726654,0.6809380650520325,-0.1662479043006897,0.9600650072097778,0.9996956586837769,0.45712047815322876,0.6778504848480225,0.15258586406707764,0.8240717053413391,0.9996892213821411,0.4818113446235657,0.6875837445259094,-0.16351069509983063,0.9490041136741638,0.9996683597564697,0.47592973709106445,0.6872745752334595,0.14988815784454346,0.8784592747688293,0.9996157884597778,0.43352097272872925,0.7038637399673462,-0.2190655618906021,0.9529093503952026,0.9992720484733582,0.4259442687034607,0.7019833326339722,0.1013268232345581,0.8652729392051697,0.9991725087165833
85,2890,True,0.4301234781742096,0.44375690817832947,0.0384523905813694,0.9986247420310974,0.9999754428863525,0.4384083151817322,0.4394332468509674,0.01959040015935898,0.9985132813453674,0.9999769926071167,0.43996548652648926,0.43945175409317017,0.019573986530303955,0.9983897805213928,0.9999785423278809,0.4416135549545288,0.4394502639770508,0.019584404304623604,0.9985765218734741,0.9999784231185913,0.4373968839645386,0.4394872784614563,0.058151908218860626,0.998452365398407,0.9999735355377197,0.4381566047668457,0.43956613540649414,0.05805053561925888,0.9982611536979675,0.9999728202819824,0.43890759348869324,0.43974265456199646,0.05804581195116043,0.9984909892082214,0.9999709129333496,0.45485085248947144,0.4427722990512848,-0.02838856913149357,0.9978970289230347,0.9999865293502808,0.4483778774738312,0.4432687759399414,0.14673399925231934,0.9980684518814087,0.9999803304672241,0.4350723326206207,0.45021504163742065,0.022490093484520912,0.9971594214439392,0.9999432563781738,0.433915913105011,0.4506375789642334,0.07302413880825043,0.9966205358505249,0.9999295473098755,0.4627840220928192,0.46793636679649353,-0.12207163870334625,0.9997129440307617,0.9999539852142334,0.44655129313468933,0.47443366050720215,0.2533179521560669,0.9993741512298584,0.9999101161956787,0.44655075669288635,0.4659424424171448,-0.367676705121994,0.9622446298599243,0.9998290538787842,0.42234382033348083,0.48955196142196655,0.4368230700492859,0.07217419892549515,0.9997950196266174,0.438723623752594,0.44425541162490845,-0.13188794255256653,0.8888801336288452,0.9995636343955994,0.402374267578125,0.4799811840057373,0.5487921237945557,0.124698206782341,0.9994966983795166,0.4371764361858368,0.4395236074924469,-0.14159364998340607,0.8505975604057312,0.99934321641922,0.39854973554611206,0.4775705337524414,0.5813050866127014,0.15815848112106323,0.9992918968200684,0.4383721947669983,0.43869462609291077,-0.12978123128414154,0.8440317511558533,0.99928218126297,0.39830610156059265,0.47678184509277344,0.5594374537467957,0.1579217165708542,0.999230146408081,0.4382176995277405,0.4416133761405945,-0.12442588061094284,0.8201539516448975,0.999428927898407,0.39994701743125916,0.4778296947479248,0.5417681932449341,0.16214299201965332,0.9993267059326172,0.4287911653518677,0.5563833117485046,-0.1281680464744568,0.9998195767402649,0.9999827146530151,0.42283546924591064,0.5571882724761963,0.12818951904773712,0.9998319745063782,0.9999816417694092,0.40416979789733887,0.6240783929824829,-0.170887753367424,0.953935980796814,0.9998078942298889,0.40411505103111267,0.6215440630912781,0.13199074566364288,0.6183995008468628,0.9997883439064026,0.46770134568214417,0.6838160157203674,-0.16683609783649445,0.9620789885520935,0.9996728897094727,0.46363577246665955,0.6819976568222046,0.1413325071334839,0.8243564367294312,0.9997382760047913,0.48964792490005493,0.6923714280128479,-0.16618449985980988,0.9506916999816895,0.9995774626731873,0.48351576924324036,0.6924974322319031,0.13772086799144745,0.8791952729225159,0.9996411800384521,0.43531084060668945,0.703720211982727,-0.2217613011598587,0.9554123282432556,0.9990129470825195,0.4285585284233093,0.7015725374221802,0.09544791281223297,0.8674241900444031,0.9990843534469604
86,2924,True,0.42201802134513855,0.45088428258895874,-0.05760137364268303,0.9987174272537231,0.9999138116836548,0.4286877512931824,0.44573384523391724,-0.08405974507331848,0.998634397983551,0.9999245405197144,0.43038782477378845,0.4455973207950592,-0.08408290892839432,0.998526930809021,0.9999308586120605,0.43303579092025757,0.4454878866672516,-0.08413630723953247,0.9986931085586548,0.9999339580535889,0.4278942048549652,0.44586044549942017,-0.04268914461135864,0.9985609650611877,0.9999227523803711,0.428973525762558,0.4458311200141907,-0.04275454580783844,0.9983819127082825,0.9999266862869263,0.43011364340782166,0.44575271010398865,-0.04284107685089111,0.9986021518707275,0.9999270439147949,0.44667503237724304,0.4474826455116272,-0.15406286716461182,0.9980757832527161,0.9999687671661377,0.4422502815723419,0.4479290843009949,0.03514648601412773,0.9982398152351379,0.9999634027481079,0.4300503730773926,0.45750340819358826,-0.07991695404052734,0.9973407983779907,0.9998906850814819,0.4278603494167328,0.4575873017311096,-0.025498878210783005,0.9968690276145935,0.9998856782913208,0.4641358554363251,0.475666344165802,-0.24240873754024506,0.9997230768203735,0.9998856782913208,0.448949933052063,0.4782477915287018,0.15101242065429688,0.999386191368103,0.999921441078186,0.4476194679737091,0.485750675201416,-0.4275810122489929,0.9632152318954468,0.9990942478179932,0.4310058653354645,0.5121449828147888,0.3197292387485504,0.06804700195789337,0.9991126656532288,0.4339399039745331,0.46199220418930054,-0.4697956442832947,0.8852884769439697,0.998231828212738,0.40288540720939636,0.5305962562561035,0.41440168023109436,0.11743196099996567,0.9979066848754883,0.4321552813053131,0.4554781913757324,-0.5102689266204834,0.8460044264793396,0.998157799243927,0.3981909155845642,0.5352744460105896,0.4490188956260681,0.14960050582885742,0.9979111552238464,0.4354064464569092,0.45373398065567017,-0.4883503019809723,0.8399922251701355,0.9980654120445251,0.3981475532054901,0.5354195833206177,0.41646242141723633,0.14948201179504395,0.9977079629898071,0.4353054165840149,0.45741525292396545,-0.4643523693084717,0.8136907815933228,0.998130738735199,0.400209903717041,0.5339648723602295,0.40379413962364197,0.15397299826145172,0.9976847171783447,0.4369327425956726,0.5698999762535095,-0.12881124019622803,0.9998291730880737,0.9999839067459106,0.42551934719085693,0.5661354064941406,0.12890058755874634,0.9998378157615662,0.999984622001648,0.4093917906284332,0.6331031918525696,-0.1316353976726532,0.9555807113647461,0.9997318387031555,0.4068053662776947,0.6281120181083679,0.1993100643157959,0.6183596253395081,0.9997572302818298,0.4649205803871155,0.6854380369186401,-0.03388432413339615,0.9632486701011658,0.9997994303703308,0.46203914284706116,0.6828125715255737,0.286149263381958,0.8245782852172852,0.9997333884239197,0.4884110689163208,0.6924227476119995,-0.024771086871623993,0.9507972598075867,0.9997504353523254,0.47916680574417114,0.6920009851455688,0.28897902369499207,0.8737494945526123,0.9996376037597656,0.434116393327713,0.705822765827179,-0.06780283898115158,0.9568893313407898,0.9993143081665039,0.42699745297431946,0.7032581567764282,0.25130707025527954,0.8673906326293945,0.9991377592086792
87,2958,True,0.4182065427303314,0.4526163935661316,-0.06479451060295105,0.9986992478370667,0.9995867609977722,0.42377525568008423,0.44738394021987915,-0.08765600621700287,0.9986521601676941,0.9996445178985596,0.425801545381546,0.4471036493778229,-0.08770418912172318,0.9985664486885071,0.9996707439422607,0.42909109592437744,0.4468995928764343,-0.08775587379932404,0.99872225522995,0.9996843338012695,0.42218008637428284,0.44765931367874146,-0.04797222837805748,0.9984715580940247,0.9995799660682678,0.42292913794517517,0.4479868412017822,-0.04803748056292534,0.998256504535675,0.9995580315589905,0.42373645305633545,0.4479120373725891,-0.04805104061961174,0.9985067844390869,0.9995284080505371,0.4435698688030243,0.44824695587158203,-0.13869303464889526,0.9981561303138733,0.9998045563697815,0.433852881193161,0.44967779517173767,0.043187882751226425,0.9981936812400818,0.9996564388275146,0.42621368169784546,0.4586571156978607,-0.08011576533317566,0.9972839951515198,0.9994463324546814,0.423025518655777,0.45849722623825073,-0.027691416442394257,0.9967225193977356,0.9991762042045593,0.4667436480522156,0.47455158829689026,-0.2261764109134674,0.9997146129608154,0.9997798800468445,0.44757622480392456,0.4804920554161072,0.15726682543754578,0.9992503523826599,0.9993252754211426,0.4418303668498993,0.4784631133079529,-0.38091498613357544,0.965649425983429,0.9992018342018127,0.4170617461204529,0.5051826238632202,0.22042866051197052,0.07015658915042877,0.9991177916526794,0.4029989540576935,0.45779362320899963,-0.39433738589286804,0.8890874981880188,0.9984779953956604,0.3958096504211426,0.4885627329349518,0.17479534447193146,0.12274761497974396,0.9979071617126465,0.39598867297172546,0.451331228017807,-0.43284738063812256,0.8488680124282837,0.9980868101119995,0.3920111656188965,0.48494666814804077,0.17617347836494446,0.15441283583641052,0.9976220726966858,0.3982779085636139,0.45090779662132263,-0.4094979166984558,0.8426911234855652,0.9979987740516663,0.39315828680992126,0.48247799277305603,0.1604509949684143,0.1542387455701828,0.9975334405899048,0.3992927670478821,0.45306554436683655,-0.38551267981529236,0.8154429197311401,0.9982004165649414,0.39461761713027954,0.4840776324272156,0.16481660306453705,0.15899263322353363,0.997596800327301,0.4436897337436676,0.5698539018630981,-0.12854412198066711,0.999832808971405,0.9999552965164185,0.4258631467819214,0.5676336288452148,0.12862713634967804,0.9998367428779602,0.9999535083770752,0.40413936972618103,0.6309438943862915,-0.13246263563632965,0.950609028339386,0.999316930770874,0.406432181596756,0.6263788938522339,0.1694628745317459,0.6023629307746887,0.9990890026092529,0.46317121386528015,0.68490070104599,-0.04166850820183754,0.9587047100067139,0.9989297986030579,0.45876866579055786,0.6816451549530029,0.24820083379745483,0.8083082437515259,0.9990058541297913,0.48752543330192566,0.6934785842895508,-0.033663276582956314,0.9422362446784973,0.9986042380332947,0.47512000799179077,0.6920359134674072,0.25144079327583313,0.8612634539604187,0.9987223744392395,0.43424633145332336,0.7062035799026489,-0.08468417078256607,0.9524672627449036,0.9973859190940857,0.4270989000797272,0.7021938562393188,0.21171747148036957,0.8539005517959595,0.9974867105484009
88,2992,True,0.4111613929271698,0.4498116075992584,-0.008306237868964672,0.9987749457359314,0.9997277855873108,0.41648179292678833,0.44459018111228943,-0.025587068870663643,0.9987133145332336,0.9997186064720154,0.4190603494644165,0.44422441720962524,-0.025630732998251915,0.9986417889595032,0.999722421169281,0.42198970913887024,0.44385337829589844,-0.02568122372031212,0.9987857341766357,0.9997162222862244,0.4133789837360382,0.44528499245643616,0.010570068843662739,0.9985180497169495,0.9996811151504517,0.4138738811016083,0.44539958238601685,0.010512106120586395,0.9983136057853699,0.9996618032455444,0.4145278036594391,0.4453578591346741,0.010533756576478481,0.99854576587677,0.9996383190155029,0.43809399008750916,0.4450352191925049,-0.06304167211055756,0.9982906579971313,0.9997774958610535,0.42625439167022705,0.44686755537986755,0.1071353629231453,0.9982239603996277,0.9997054934501648,0.4208686053752899,0.45527610182762146,-0.017195135354995728,0.9974673390388489,0.9997835755348206,0.41730570793151855,0.455465167760849,0.03073492832481861,0.9968703389167786,0.9996523857116699,0.46900007128715515,0.4702224135398865,-0.1685914844274521,0.9997379183769226,0.9999454021453857,0.4315311908721924,0.4779689311981201,0.20641013979911804,0.9992870092391968,0.9998452663421631,0.45647457242012024,0.49782639741897583,-0.26514098048210144,0.9683089852333069,0.9994992017745972,0.40672680735588074,0.5115107297897339,0.13500212132930756,0.08903231471776962,0.9997015595436096,0.39593595266342163,0.4867454171180725,-0.22847720980644226,0.8963101506233215,0.9994333386421204,0.38753950595855713,0.4994184076786041,-0.08466870337724686,0.15988673269748688,0.9994121789932251,0.38420796394348145,0.48715224862098694,-0.2568948268890381,0.8563669323921204,0.9993442893028259,0.3786797821521759,0.49112868309020996,-0.11127202957868576,0.18848808109760284,0.9993379712104797,0.3841380178928375,0.48245635628700256,-0.2311255931854248,0.8502721786499023,0.9993457198143005,0.3821217119693756,0.4923230707645416,-0.11703117936849594,0.18784275650978088,0.9993008375167847,0.3885359466075897,0.4819626212120056,-0.21442773938179016,0.823581874370575,0.999404788017273,0.385627418756485,0.49389687180519104,-0.09571366012096405,0.1907038539648056,0.9993211030960083,0.4503495395183563,0.5660512447357178,-0.12077128887176514,0.9998449087142944,0.9999754428863525,0.42622658610343933,0.5643681287765503,0.12072161585092545,0.9998478889465332,0.9999833106994629,0.4015325903892517,0.6273057460784912,-0.13644441962242126,0.9515626430511475,0.9995860457420349,0.4055494964122772,0.6257847547531128,0.15712769329547882,0.6152916550636292,0.9995633959770203,0.462280809879303,0.6828662753105164,-0.03587779402732849,0.9575304985046387,0.9988961219787598,0.46008673310279846,0.6830170750617981,0.19794900715351105,0.8128556609153748,0.9990264177322388,0.48509734869003296,0.6915183067321777,-0.027386019006371498,0.9336408972740173,0.9983612895011902,0.47724008560180664,0.6930629014968872,0.1994175761938095,0.8567042350769043,0.9986394047737122,0.43044111132621765,0.705093264579773,-0.09100909531116486,0.9511929750442505,0.9966188669204712,0.42341023683547974,0.703548789024353,0.14333106577396393,0.855340838432312,0.9964582324028015
89,3026,True,0.40715816617012024,0.44942227005958557,-0.008969064801931381,0.9987956285476685,0.9996495246887207,0.4123413860797882,0.44441550970077515,-0.025584639981389046,0.9987114071846008,0.9996078610420227,0.41481372714042664,0.4441344738006592,-0.02564976178109646,0.9986547827720642,0.9996086955070496,0.41754281520843506,0.443807989358902,-0.025708002969622612,0.998801589012146,0.9995957016944885,0.4099123775959015,0.44490915536880493,0.010161859914660454,0.9984611868858337,0.9995629191398621,0.41064807772636414,0.4449850916862488,0.010100413113832474,0.9982396364212036,0.9995488524436951,0.4115535616874695,0.4449950158596039,0.010119098238646984,0.9984858632087708,0.9995331764221191,0.43386921286582947,0.44464245438575745,-0.05680758133530617,0.9983349442481995,0.9996579885482788,0.42400452494621277,0.4469030797481537,0.10817504674196243,0.9980709552764893,0.999618411064148,0.41614091396331787,0.4542713761329651,-0.01690296083688736,0.9975535869598389,0.9997348189353943,0.413249671459198,0.45467138290405273,0.030422551557421684,0.9968773722648621,0.999595582485199,0.46950116753578186,0.4690084457397461,-0.14821842312812805,0.9997573494911194,0.9999449253082275,0.4302126467227936,0.4787651002407074,0.21289093792438507,0.9993196725845337,0.9998879432678223,0.45787733793258667,0.5062988996505737,-0.26375940442085266,0.9706582427024841,0.9995656609535217,0.4071831703186035,0.5188102722167969,0.1991523802280426,0.10116669535636902,0.9997488856315613,0.3875477612018585,0.5037111639976501,-0.28720808029174805,0.9031966924667358,0.9993682503700256,0.3795914649963379,0.5223199129104614,0.025610346347093582,0.19160448014736176,0.9994682669639587,0.3760197162628174,0.5061811208724976,-0.3238494098186493,0.8641403317451477,0.9992985725402832,0.36867019534111023,0.5269738435745239,0.0028873393312096596,0.2179270088672638,0.9993959665298462,0.3718787431716919,0.5002793073654175,-0.30630257725715637,0.8582264184951782,0.9993208646774292,0.37110546231269836,0.5209285020828247,-0.011330928653478622,0.21763263642787933,0.9993570446968079,0.377938836812973,0.500916600227356,-0.2780090868473053,0.8319076895713806,0.9993600249290466,0.3758796155452728,0.5201277136802673,0.012483646161854267,0.21986520290374756,0.9993939399719238,0.45395368337631226,0.563193678855896,-0.11541356891393661,0.9998485445976257,0.9999632835388184,0.42671191692352295,0.5631015300750732,0.11547490209341049,0.9998468160629272,0.9999690055847168,0.40770718455314636,0.6274729371070862,-0.12056177109479904,0.9520082473754883,0.9996310472488403,0.40972959995269775,0.6255475282669067,0.14783601462841034,0.6299282908439636,0.9995960593223572,0.46367064118385315,0.6842089295387268,-0.036826275289058685,0.9566527605056763,0.9987952709197998,0.4617745578289032,0.6826081871986389,0.21174627542495728,0.8168899416923523,0.9991927742958069,0.4849373698234558,0.692794680595398,-0.03232214227318764,0.9239869117736816,0.9980056881904602,0.4823574125766754,0.6926581859588623,0.21433544158935547,0.8512260913848877,0.9987565279006958,0.4294951856136322,0.704580545425415,-0.11313694715499878,0.950434148311615,0.996502161026001,0.4248000681400299,0.7027022838592529,0.15215350687503815,0.8579061627388,0.9974654912948608
90,3060,True,0.39849334955215454,0.4481371343135834,-0.012000186368823051,0.9984984993934631,0.9992214441299438,0.4021809995174408,0.4433113634586334,-0.03341042622923851,0.9983710646629333,0.9992534518241882,0.4044903516769409,0.44304603338241577,-0.033497367054224014,0.9983654618263245,0.9993075132369995,0.4071877896785736,0.4427235722541809,-0.03359173983335495,0.998579740524292,0.9993385672569275,0.40087276697158813,0.4437524676322937,0.0039160898886621,0.997839629650116,0.9990314245223999,0.4019581377506256,0.44380417466163635,0.0038549439050257206,0.9975438714027405,0.9989718198776245,0.4033770263195038,0.4437825679779053,0.003900465788319707,0.997887372970581,0.9989001750946045,0.4256557524204254,0.44362539052963257,-0.08012839406728745,0.9981042742729187,0.9995648264884949,0.418369323015213,0.4454669952392578,0.09104248881340027,0.9969139695167542,0.9991236329078674,0.40722110867500305,0.4529307782649994,-0.02488565631210804,0.9972419142723083,0.9996278285980225,0.4055076241493225,0.45340695977211,0.02442418970167637,0.9960418939590454,0.9992982149124146,0.4690985083580017,0.46760988235473633,-0.16339461505413055,0.999775767326355,0.99996018409729,0.428970605134964,0.4770786166191101,0.2051461935043335,0.9992949366569519,0.9997584223747253,0.4633967876434326,0.5083626508712769,-0.2508474290370941,0.9725877642631531,0.9995456337928772,0.42217373847961426,0.517654299736023,0.244019016623497,0.09661606699228287,0.9993988275527954,0.3959237337112427,0.5189893841743469,-0.24530541896820068,0.9076974391937256,0.9990109205245972,0.3845583498477936,0.5297674536705017,0.14446550607681274,0.18631768226623535,0.9982422590255737,0.38406482338905334,0.520431637763977,-0.27728796005249023,0.8688244819641113,0.9988855719566345,0.37504035234451294,0.5331127047538757,0.14015081524848938,0.2132478654384613,0.9982035160064697,0.38176077604293823,0.5171099901199341,-0.25972747802734375,0.8630110025405884,0.9988937973976135,0.37309619784355164,0.5210493803024292,0.1144106537103653,0.21332494914531708,0.9979814291000366,0.38574090600013733,0.5164693593978882,-0.23505927622318268,0.8360797166824341,0.998950719833374,0.3771154582500458,0.5203730463981628,0.12932844460010529,0.21589615941047668,0.9980359673500061,0.45571640133857727,0.560829758644104,-0.1157584860920906,0.9998383522033691,0.9999518394470215,0.42954471707344055,0.5605233907699585,0.11580196022987366,0.9998138546943665,0.9999375343322754,0.4163632392883301,0.6253494620323181,-0.11595096439123154,0.9502729773521423,0.9996005892753601,0.41591596603393555,0.6230185031890869,0.1518692970275879,0.6292466521263123,0.9993639588356018,0.46578148007392883,0.6842726469039917,-0.043981101363897324,0.9549848437309265,0.9988059997558594,0.463364839553833,0.6817091703414917,0.22013363242149353,0.8138553500175476,0.9988436698913574,0.4851284921169281,0.6931287050247192,-0.04034958407282829,0.9181213974952698,0.9981369972229004,0.48363587260246277,0.6932089924812317,0.22215977311134338,0.845876932144165,0.9983077049255371,0.4282643496990204,0.7042492628097534,-0.11375903338193893,0.9487118721008301,0.9964486360549927,0.4258628785610199,0.7018049955368042,0.1705111861228943,0.8559483885765076,0.9965752959251404
91,3094,True,0.39765265583992004,0.4471050202846527,-0.08912581205368042,0.9984502196311951,0.999636173248291,0.40180155634880066,0.4422961175441742,-0.10961733758449554,0.9982889890670776,0.9996449947357178,0.40414148569107056,0.4420657753944397,-0.10967674106359482,0.9983084797859192,0.9996711015701294,0.40687811374664307,0.44177207350730896,-0.10975757241249084,0.9985359907150269,0.9996888637542725,0.39981985092163086,0.442678838968277,-0.07335352152585983,0.9976615905761719,0.999518632888794,0.4005817770957947,0.4427367150783539,-0.07342714071273804,0.9973605871200562,0.9994633793830872,0.40165117383003235,0.4427250027656555,-0.07335793972015381,0.9977112412452698,0.9994056224822998,0.42384767532348633,0.44270962476730347,-0.14122363924980164,0.9980831146240234,0.9998014569282532,0.41575655341148376,0.4443722367286682,0.023655902594327927,0.9965648055076599,0.9995037317276001,0.40636903047561646,0.4518595337867737,-0.0958373174071312,0.9971925020217896,0.9997627139091492,0.403950572013855,0.4523993134498596,-0.04813292995095253,0.9957208037376404,0.9995417594909668,0.468961238861084,0.46666496992111206,-0.2031579166650772,0.9997930526733398,0.999967098236084,0.4283543527126312,0.4756840765476227,0.15172559022903442,0.9992734789848328,0.9997133612632751,0.4747712314128876,0.5089842081069946,-0.25515857338905334,0.9744930267333984,0.9997316002845764,0.4431859850883484,0.5194174647331238,0.18031591176986694,0.09221308678388596,0.999247670173645,0.4013253152370453,0.5280731916427612,-0.23994140326976776,0.912085771560669,0.9991838335990906,0.42964330315589905,0.5278627276420593,0.05789605900645256,0.17786429822444916,0.9981008172035217,0.39465561509132385,0.5304226875305176,-0.2722387909889221,0.8739114999771118,0.998969554901123,0.424661248922348,0.5365016460418701,0.04594611003994942,0.20499800145626068,0.9981406927108765,0.3933294415473938,0.5268413424491882,-0.2565949261188507,0.8682810664176941,0.9990172386169434,0.4204341471195221,0.5315567851066589,0.02368350327014923,0.20502744615077972,0.9980717897415161,0.3961035907268524,0.5250871181488037,-0.23052296042442322,0.8407745361328125,0.9990952014923096,0.4229046404361725,0.5301279425621033,0.043999843299388885,0.20708607137203217,0.9980379939079285,0.4614830017089844,0.5591813921928406,-0.11600401252508163,0.9998235702514648,0.9999488592147827,0.4352390766143799,0.5597455501556396,0.11604253947734833,0.9997634291648865,0.9999212026596069,0.4225859045982361,0.6247166395187378,-0.11426305025815964,0.9481236934661865,0.9996757507324219,0.4222266674041748,0.621390163898468,0.15288671851158142,0.6162340641021729,0.9992617964744568,0.4684818983078003,0.6869651675224304,-0.03614649921655655,0.9538949728012085,0.9990304708480835,0.4663600027561188,0.6821557283401489,0.23276019096374512,0.8045393824577332,0.998907208442688,0.4874214231967926,0.6974896192550659,-0.03139214962720871,0.9166429042816162,0.9985144734382629,0.48749080300331116,0.6929706335067749,0.23583421111106873,0.8418958187103271,0.9984960556030273,0.42744243144989014,0.7048223614692688,-0.0997326672077179,0.9469534158706665,0.9967257976531982,0.42798706889152527,0.7011128664016724,0.1871243566274643,0.8485371470451355,0.9967519044876099
92,3128,True,0.3944541811943054,0.44603148102760315,-0.05721982941031456,0.9983511567115784,0.9990884065628052,0.39865994453430176,0.44132232666015625,-0.07464654743671417,0.9981662631034851,0.9991963505744934,0.4010249972343445,0.4411855638027191,-0.07471361011266708,0.9982072710990906,0.999271810054779,0.40381351113319397,0.4409978985786438,-0.07479678839445114,0.9984691739082336,0.9992995262145996,0.39658844470977783,0.4416608214378357,-0.039005450904369354,0.9974008798599243,0.9988131523132324,0.39731594920158386,0.4417323172092438,-0.03905597701668739,0.9970104694366455,0.9986433386802673,0.3983668386936188,0.441739559173584,-0.03900197520852089,0.9973649382591248,0.9984354376792908,0.42047473788261414,0.4421849250793457,-0.09802659600973129,0.9979963898658752,0.9994316697120667,0.4119192659854889,0.4438937306404114,0.06563269346952438,0.9956713914871216,0.9984084963798523,0.40301185846328735,0.45113420486450195,-0.06086296960711479,0.9972102046012878,0.9994800686836243,0.40079155564308167,0.4515078067779541,-0.013763600960373878,0.9954701066017151,0.9988312125205994,0.4681406319141388,0.463937908411026,-0.18129239976406097,0.99980628490448,0.9999330043792725,0.42326784133911133,0.4739287495613098,0.18424957990646362,0.9991735219955444,0.9992480874061584,0.482965350151062,0.5031288862228394,-0.23945190012454987,0.9763689041137695,0.9996881484985352,0.4397680461406708,0.5143827795982361,0.2317560613155365,0.09202105551958084,0.9993135929107666,0.417524129152298,0.5319408178329468,-0.2624399960041046,0.9155901074409485,0.9985061287879944,0.4210522472858429,0.528957724571228,0.12738193571567535,0.1744527965784073,0.997521698474884,0.4048744738101959,0.5365829467773438,-0.2965170443058014,0.8764215707778931,0.998056948184967,0.41432398557662964,0.5373085737228394,0.11534028500318527,0.200381338596344,0.9973790645599365,0.3961850106716156,0.5336600542068481,-0.28818124532699585,0.8708279728889465,0.9981314539909363,0.41163066029548645,0.5340153574943542,0.09010259062051773,0.2007695734500885,0.9971513152122498,0.4017481207847595,0.5320519208908081,-0.25572142004966736,0.8432274460792542,0.998245358467102,0.4144107699394226,0.531943678855896,0.11250516027212143,0.20236214995384216,0.9971871972084045,0.46528223156929016,0.555907666683197,-0.11282526701688766,0.9998103976249695,0.9999340772628784,0.43690401315689087,0.5574763417243958,0.11287061870098114,0.999721348285675,0.9999151229858398,0.4281938374042511,0.6240924596786499,-0.14684517681598663,0.9454326629638672,0.9994480013847351,0.43012940883636475,0.6212749481201172,0.07194152474403381,0.6220749020576477,0.999256432056427,0.4700397551059723,0.6881626844406128,-0.08024871349334717,0.950946569442749,0.9978504180908203,0.46956363320350647,0.6839587688446045,0.13210265338420868,0.8042604923248291,0.9986063838005066,0.487459659576416,0.6990684866905212,-0.08143875747919083,0.9083684682846069,0.9966827034950256,0.4882377088069916,0.6949487924575806,0.132393017411232,0.839583158493042,0.9980106949806213,0.42611420154571533,0.7048428654670715,-0.19468875229358673,0.943757951259613,0.9946945309638977,0.42763522267341614,0.7006009817123413,0.054528653621673584,0.8476047515869141,0.9961186647415161
93,3162,True,0.3917892575263977,0.44541335105895996,-0.055599212646484375,0.9979013800621033,0.9987952709197998,0.39599767327308655,0.4408639967441559,-0.07541880756616592,0.9976292848587036,0.998892605304718,0.39842939376831055,0.44081807136535645,-0.075484998524189,0.9977149367332458,0.9989842772483826,0.4012410342693329,0.4407978951931,-0.07556944340467453,0.9980983734130859,0.9990203380584717,0.3937843441963196,0.44111427664756775,-0.03816496208310127,0.9965257048606873,0.9984985589981079,0.3944522440433502,0.44120392203330994,-0.03820415958762169,0.9960084557533264,0.9983618855476379,0.3954591155052185,0.44123443961143494,-0.03814337030053139,0.9964451193809509,0.9981955885887146,0.4175320863723755,0.4415700435638428,-0.1094529926776886,0.997442364692688,0.9992222785949707,0.4090472459793091,0.4435930848121643,0.06077964976429939,0.993500828742981,0.9982498288154602,0.4007309675216675,0.4505768418312073,-0.06373881548643112,0.9967570900917053,0.9992753863334656,0.39801618456840515,0.45095372200012207,-0.014466931112110615,0.9941825866699219,0.9985388517379761,0.46687325835227966,0.4631187915802002,-0.18065311014652252,0.9998109340667725,0.9998836517333984,0.4243405759334564,0.47283950448036194,0.18153080344200134,0.9989818334579468,0.9990811347961426,0.48755618929862976,0.5023452043533325,-0.24665236473083496,0.9779160022735596,0.9995162487030029,0.4431256651878357,0.5122703313827515,0.2380971908569336,0.08830966055393219,0.9988598823547363,0.4299403429031372,0.5331446528434753,-0.2629067003726959,0.9181144833564758,0.9977937936782837,0.4233524799346924,0.5318669080734253,0.1458938866853714,0.16675342619419098,0.9967575669288635,0.41738009452819824,0.5374378561973572,-0.29622843861579895,0.8778669834136963,0.997273862361908,0.41820573806762695,0.5382953882217407,0.13873016834259033,0.19195015728473663,0.9968505501747131,0.4090845286846161,0.5355494022369385,-0.28634023666381836,0.872353196144104,0.997329831123352,0.41239726543426514,0.5371604561805725,0.11051080375909805,0.19264954328536987,0.9964524507522583,0.41344153881073,0.5336934328079224,-0.2561592161655426,0.8443017601966858,0.9974809288978577,0.4150640368461609,0.5334257483482361,0.13006483018398285,0.19427789747714996,0.9964207410812378,0.4687388241291046,0.5533978343009949,-0.11328243464231491,0.9997566342353821,0.9998621940612793,0.44163423776626587,0.5549240112304688,0.11332158744335175,0.9995934367179871,0.9998169541358948,0.4356505870819092,0.6215597987174988,-0.1468188762664795,0.9412524104118347,0.9992751479148865,0.43783217668533325,0.6187831163406372,0.09191922843456268,0.6214600801467896,0.9990918636322021,0.4700934886932373,0.6871341466903687,-0.08327959477901459,0.9474010467529297,0.9978396892547607,0.4699629843235016,0.6831787824630737,0.1478549987077713,0.8006868362426758,0.9982313513755798,0.48688948154449463,0.6975637674331665,-0.08241711556911469,0.9003822803497314,0.9966455101966858,0.4869992136955261,0.6941108107566833,0.1479005068540573,0.834517776966095,0.9974013566970825,0.42532992362976074,0.7044256925582886,-0.18785110116004944,0.939484179019928,0.9949086308479309,0.4273441731929779,0.7002652883529663,0.08020368963479996,0.8437192440032959,0.9955618381500244
94,3196,True,0.39143019914627075,0.44530215859413147,-0.09054476767778397,0.997871458530426,0.999219536781311,0.39562198519706726,0.44048207998275757,-0.10663051903247833,0.9975793361663818,0.9993332028388977,0.39818331599235535,0.4401911795139313,-0.10669369250535965,0.9976735711097717,0.999386191368103,0.4010067880153656,0.4398636817932129,-0.10677628219127655,0.9980723857879639,0.999407172203064,0.39315032958984375,0.4410337805747986,-0.07173705846071243,0.9963934421539307,0.999053418636322,0.39370405673980713,0.4411103129386902,-0.07178140431642532,0.9958192706108093,0.9989275336265564,0.39456605911254883,0.44111689925193787,-0.07173240184783936,0.9962404370307922,0.9987767338752747,0.41658222675323486,0.43995895981788635,-0.12054653465747833,0.9973966479301453,0.999504566192627,0.4072890281677246,0.4425566792488098,0.03860684856772423,0.9929103255271912,0.9987560510635376,0.4008084535598755,0.45015138387680054,-0.09128377586603165,0.9968119859695435,0.9994805455207825,0.3976631462574005,0.45063620805740356,-0.045257579535245895,0.9940827488899231,0.9989204406738281,0.46615472435951233,0.4614335596561432,-0.17769426107406616,0.9998170733451843,0.9998949766159058,0.42043131589889526,0.4708370566368103,0.1658591777086258,0.9988405704498291,0.9991164803504944,0.4897683560848236,0.5012535452842712,-0.25559166073799133,0.9794055223464966,0.9994874000549316,0.4396768808364868,0.5116051435470581,0.2059546411037445,0.08943513035774231,0.9990648627281189,0.4365215003490448,0.5324807167053223,-0.29692769050598145,0.9206033945083618,0.9982314705848694,0.42226067185401917,0.5282285809516907,0.08378200232982635,0.16476386785507202,0.9973387122154236,0.42382654547691345,0.5363895893096924,-0.33189329504966736,0.8791497945785522,0.9979192614555359,0.414595365524292,0.5317636728286743,0.06841737776994705,0.1884153187274933,0.9973437190055847,0.4170982241630554,0.5341739654541016,-0.32333269715309143,0.873619794845581,0.9980002045631409,0.41137775778770447,0.5308746099472046,0.04438770189881325,0.1893322616815567,0.9971701502799988,0.42100292444229126,0.5323094129562378,-0.2910332679748535,0.8451858162879944,0.9980599284172058,0.4167751371860504,0.5288236141204834,0.06877675652503967,0.19060054421424866,0.9970880150794983,0.47275084257125854,0.5510361790657043,-0.11129868775606155,0.999729573726654,0.9999089241027832,0.4440317451953888,0.5535547137260437,0.11134474724531174,0.9995368123054504,0.9998972415924072,0.4443574547767639,0.6206977963447571,-0.13997125625610352,0.9399444460868835,0.9994421601295471,0.44142967462539673,0.618665874004364,0.08459387719631195,0.6288448572158813,0.9993903636932373,0.475338876247406,0.6862083077430725,-0.06254895776510239,0.9458422660827637,0.9983115196228027,0.47385138273239136,0.682732343673706,0.15155534446239471,0.8023067712783813,0.9990228414535522,0.4936673939228058,0.6963224411010742,-0.06067647039890289,0.89369797706604,0.997444748878479,0.4920477271080017,0.6932831406593323,0.14910578727722168,0.8335559368133545,0.9985957741737366,0.4268842339515686,0.7041725516319275,-0.17754575610160828,0.9374402165412903,0.9959885478019714,0.42905789613723755,0.7000561356544495,0.08770815283060074,0.8440030813217163,0.9972398281097412
95,3230,True,0.39132335782051086,0.4450938105583191,-0.09972629696130753,0.997927188873291,0.9994427561759949,0.3952465057373047,0.440072625875473,-0.11186140775680542,0.9976341724395752,0.9995085000991821,0.39784684777259827,0.4395279288291931,-0.11191917955875397,0.9977267384529114,0.9995446801185608,0.40064099431037903,0.4389125406742096,-0.11200686544179916,0.9981162548065186,0.9995519518852234,0.3919994831085205,0.440983384847641,-0.0782996341586113,0.9964190125465393,0.9993033409118652,0.3922262489795685,0.4410461485385895,-0.0783415213227272,0.9958128929138184,0.9991989731788635,0.3927454352378845,0.4410499930381775,-0.07829204946756363,0.9961977601051331,0.9990816116333008,0.41570383310317993,0.43847402930259705,-0.1097811609506607,0.9974751472473145,0.9996092915534973,0.4043068289756775,0.4419766068458557,0.04401258006691933,0.9928302764892578,0.9990789890289307,0.40127813816070557,0.44955191016197205,-0.09398998320102692,0.9969877600669861,0.9996015429496765,0.39761924743652344,0.45044389367103577,-0.049815766513347626,0.9942987561225891,0.9992073178291321,0.46623313426971436,0.4590342938899994,-0.16570574045181274,0.9998217225074768,0.9998644590377808,0.4161331057548523,0.46985411643981934,0.16876831650733948,0.9988051056861877,0.99920254945755,0.4921151101589203,0.4993882179260254,-0.24625259637832642,0.9805896878242493,0.9994266033172607,0.4142303764820099,0.5041481852531433,0.16852468252182007,0.10275274515151978,0.9992088675498962,0.4415658414363861,0.5297403931617737,-0.30167943239212036,0.9222316741943359,0.9983886480331421,0.41967102885246277,0.5082621574401855,-0.01509878784418106,0.1780998408794403,0.9985087513923645,0.4296431541442871,0.5346145629882812,-0.33795154094696045,0.8793301582336426,0.9981714487075806,0.41252580285072327,0.5118227601051331,-0.045170608907938004,0.19870151579380035,0.9984349608421326,0.4239824414253235,0.5312539339065552,-0.3330904543399811,0.8738691806793213,0.9983052015304565,0.4106072187423706,0.5075127482414246,-0.05760545656085014,0.199706569314003,0.9984514713287354,0.4276201128959656,0.5296663045883179,-0.2974613308906555,0.8451234102249146,0.998371422290802,0.4141521453857422,0.506340742111206,-0.026885854080319405,0.19939102232456207,0.9984114170074463,0.4754961133003235,0.5499039888381958,-0.1074746772646904,0.9997062683105469,0.9998883008956909,0.4450374245643616,0.5532275438308716,0.1074918881058693,0.9994996190071106,0.9998874664306641,0.45191383361816406,0.6205204129219055,-0.14354461431503296,0.9389680624008179,0.9993919134140015,0.44778791069984436,0.6183644533157349,0.07357807457447052,0.6390693187713623,0.9994345307350159,0.4783649742603302,0.6856544613838196,-0.06391429901123047,0.9443274140357971,0.9979156851768494,0.479322224855423,0.6827951073646545,0.15848800539970398,0.8062360286712646,0.9989631175994873,0.4965580701828003,0.6955689787864685,-0.06174973025918007,0.8851342797279358,0.9967867136001587,0.49882885813713074,0.6927797198295593,0.16188371181488037,0.8335727453231812,0.9985412359237671,0.4298332631587982,0.7039645314216614,-0.18320631980895996,0.9350001215934753,0.9949392080307007,0.4347900450229645,0.6998876929283142,0.08525928854942322,0.8452267646789551,0.99698406457901
96,3264,True,0.39208871126174927,0.44467273354530334,-0.14492644369602203,0.9979876279830933,0.9994996786117554,0.3953544497489929,0.4390130043029785,-0.1540544629096985,0.9977073073387146,0.9995742440223694,0.39797350764274597,0.4381994605064392,-0.1541062295436859,0.9977928400039673,0.9996008276939392,0.40079420804977417,0.4373111128807068,-0.15419144928455353,0.9981625080108643,0.9995986819267273,0.3916274309158325,0.440499871969223,-0.12094982713460922,0.9964797496795654,0.9994102716445923,0.39145737886428833,0.44068044424057007,-0.1209791824221611,0.9958516359329224,0.9993178844451904,0.391600638628006,0.4407684803009033,-0.12093032896518707,0.9961881041526794,0.9992153644561768,0.4158082604408264,0.43651753664016724,-0.13443109393119812,0.9975569248199463,0.9996273517608643,0.40230321884155273,0.4411233365535736,0.01572151854634285,0.9928440451622009,0.9991841912269592,0.4023289084434509,0.448295921087265,-0.1330387145280838,0.9971633553504944,0.9995710253715515,0.39803165197372437,0.4497900903224945,-0.08960778266191483,0.9945479035377502,0.999188244342804,0.46692797541618347,0.4575197100639343,-0.16658827662467957,0.9998202919960022,0.9997715353965759,0.41357851028442383,0.46892791986465454,0.14698426425457,0.998775839805603,0.9990118741989136,0.4930300712585449,0.4986606240272522,-0.2506227195262909,0.9814912676811218,0.999213695526123,0.3981141746044159,0.4990994930267334,0.12580128014087677,0.1258893460035324,0.9991720914840698,0.44313904643058777,0.5287564992904663,-0.3289559781551361,0.9230505228042603,0.9982748031616211,0.40810415148735046,0.4996769428253174,-0.09261741489171982,0.20164363086223602,0.998633086681366,0.431426465511322,0.5337820053100586,-0.36906716227531433,0.8784467577934265,0.9981312155723572,0.4089619517326355,0.5029650926589966,-0.12932923436164856,0.21731291711330414,0.9985378980636597,0.42639902234077454,0.5298995971679688,-0.36680611968040466,0.8731045126914978,0.9982823133468628,0.41033002734184265,0.4978737235069275,-0.1401294767856598,0.21834784746170044,0.9985942244529724,0.43000248074531555,0.5282709002494812,-0.326138973236084,0.8437178730964661,0.9983435869216919,0.4116702079772949,0.4970855116844177,-0.10428255051374435,0.21553656458854675,0.9985558390617371,0.4779244661331177,0.548972487449646,-0.10554356873035431,0.999670684337616,0.9998158812522888,0.4458412528038025,0.55239337682724,0.10557766258716583,0.9994382262229919,0.9998272061347961,0.4569811522960663,0.6199384927749634,-0.17621050775051117,0.9388731718063354,0.9991376399993896,0.4533672332763672,0.6181778907775879,0.08129408955574036,0.6480675935745239,0.9992945194244385,0.4792317748069763,0.6853208541870117,-0.07734314352273941,0.9434026479721069,0.9972672462463379,0.4849647581577301,0.682612419128418,0.20374362170696259,0.8089565634727478,0.9986259937286377,0.495926171541214,0.6952084302902222,-0.07474100589752197,0.8768749833106995,0.9957379102706909,0.5050268173217773,0.6927469372749329,0.21031448245048523,0.8318227529525757,0.9981086254119873,0.4298478960990906,0.7034615278244019,-0.22200344502925873,0.9330947995185852,0.9938315153121948,0.4373844861984253,0.6988371014595032,0.10910823941230774,0.8452152609825134,0.9965144991874695
