frame,timestamp_ms,pose_detected,lm_0_x,lm_0_y,lm_0_z,lm_0_visibility,lm_0_presence,lm_1_x,lm_1_y,lm_1_z,lm_1_visibility,lm_1_presence,lm_2_x,lm_2_y,lm_2_z,lm_2_visibility,lm_2_presence,lm_3_x,lm_3_y,lm_3_z,lm_3_visibility,lm_3_presence,lm_4_x,lm_4_y,lm_4_z,lm_4_visibility,lm_4_presence,lm_5_x,lm_5_y,lm_5_z,lm_5_visibility,lm_5_presence,lm_6_x,lm_6_y,lm_6_z,lm_6_visibility,lm_6_presence,lm_7_x,lm_7_y,lm_7_z,lm_7_visibility,lm_7_presence,lm_8_x,lm_8_y,lm_8_z,lm_8_visibility,lm_8_presence,lm_9_x,lm_9_y,lm_9_z,lm_9_visibility,lm_9_presence,lm_10_x,lm_10_y,lm_10_z,lm_10_visibility,lm_10_presence,lm_11_x,lm_11_y,lm_11_z,lm_11_visibility,lm_11_presence,lm_12_x,lm_12_y,lm_12_z,lm_12_visibility,lm_12_presence,lm_13_x,lm_13_y,lm_13_z,lm_13_visibility,lm_13_presence,lm_14_x,lm_14_y,lm_14_z,lm_14_visibility,lm_14_presence,lm_15_x,lm_15_y,lm_15_z,lm_15_visibility,lm_15_presence,lm_16_x,lm_16_y,lm_16_z,lm_16_visibility,lm_16_presence,lm_17_x,lm_17_y,lm_17_z,lm_17_visibility,lm_17_presence,lm_18_x,lm_18_y,lm_18_z,lm_18_visibility,lm_18_presence,lm_19_x,lm_19_y,lm_19_z,lm_19_visibility,lm_19_presence,lm_20_x,lm_20_y,lm_20_z,lm_20_visibility,lm_20_presence,lm_21_x,lm_21_y,lm_21_z,lm_21_visibility,lm_21_presence,lm_22_x,lm_22_y,lm_22_z,lm_22_visibility,lm_22_presence,lm_23_x,lm_23_y,lm_23_z,lm_23_visibility,lm_23_presence,lm_24_x,lm_24_y,lm_24_z,lm_24_visibility,lm_24_presence,lm_25_x,lm_25_y,lm_25_z,lm_25_visibility,lm_25_presence,lm_26_x,lm_26_y,lm_26_z,lm_26_visibility,lm_26_presence,lm_27_x,lm_27_y,lm_27_z,lm_27_visibility,lm_27_presence,lm_28_x,lm_28_y,lm_28_z,lm_28_visibility,lm_28_presence,lm_29_x,lm_29_y,lm_29_z,lm_29_visibility,lm_29_presence,lm_30_x,lm_30_y,lm_30_z,lm_30_visibility,lm_30_presence,lm_31_x,lm_31_y,lm_31_z,lm_31_visibility,lm_31_presence,lm_32_x,lm_32_y,lm_32_z,lm_32_visibility,lm_32_presence
0,0,True,0.46168798208236694,0.5529493093490601,0.3138262927532196,0.999806821346283,0.9999582767486572,0.4698001444339752,0.5490626692771912,0.33569270372390747,0.9997586607933044,0.9999349117279053,0.46965867280960083,0.5484640002250671,0.3356262147426605,0.9997208714485168,0.9999405145645142,0.4696696400642395,0.5477734208106995,0.33563148975372314,0.99983811378479,0.9999417066574097,0.4737069010734558,0.5499918460845947,0.2980492115020752,0.9997819066047668,0.9999208450317383,0.4745611548423767,0.5497782826423645,0.29790106415748596,0.999716579914093,0.9999169111251831,0.47570762038230896,0.5494560599327087,0.29807937145233154,0.9997970461845398,0.9999052286148071,0.4692654013633728,0.5393652319908142,0.3916030526161194,0.9998145699501038,0.9999344348907471,0.4755708575248718,0.541216254234314,0.22263690829277039,0.9996347427368164,0.9998818635940552,0.4523976743221283,0.5496651530265808,0.33551517128944397,0.999717652797699,0.9999486207962036,0.45777833461761475,0.5511147379875183,0.2849981188774109,0.9996367692947388,0.9999426603317261,0.4123803377151489,0.5196221470832825,0.4457526206970215,0.9998050332069397,0.9999120235443115,0.4507458209991455,0.5359354019165039,0.0662008747458458,0.9999719858169556,0.999955415725708,0.3633597195148468,0.5692496299743652,0.49751007556915283,0.3174532949924469,0.999977707862854,0.4416027069091797,0.5879373550415039,0.006443371996283531,0.9723150134086609,0.9999750852584839,0.3622141182422638,0.6209117770195007,0.483864963054657,0.5197193026542664,0.9999483823776245,0.4466925263404846,0.6377570033073425,0.059055741876363754,0.9677745699882507,0.9999338388442993,0.3680461347103119,0.6289748549461365,0.4980524778366089,0.4746025800704956,0.9998818635940552,0.4668726623058319,0.6433976888656616,0.02461361698806286,0.9556849598884583,0.9998267292976379,0.3805041015148163,0.6332045793533325,0.46575865149497986,0.47376739978790283,0.9998815059661865,0.470350980758667,0.6408251523971558,0.056618113070726395,0.9524925947189331,0.9998342990875244,0.3743230700492859,0.6287686824798584,0.46687233448028564,0.4875510334968567,0.9999263286590576,0.4622792601585388,0.63981032371521,0.07112187147140503,0.9351574182510376,0.9998979568481445,0.2893908619880676,0.4940602779388428,0.12215864658355713,0.9996935129165649,0.9997730851173401,0.2924139201641083,0.4988188147544861,-0.1217479482293129,0.9999109506607056,0.999868631362915,0.24065794050693512,0.5632439851760864,0.08154843002557755,0.394816130399704,0.9995285272598267,0.20306237041950226,0.566157877445221,-0.16580739617347717,0.9710983633995056,0.9998918771743774,0.1660546213388443,0.6104143261909485,0.09194718301296234,0.39862489700317383,0.9991687536239624,0.08610698580741882,0.6141375303268433,-0.25583359599113464,0.9678053855895996,0.999262273311615,0.15175145864486694,0.6116341352462769,0.08622480928897858,0.6518369317054749,0.9988678693771362,0.05790330469608307,0.6135472059249878,-0.2694748342037201,0.9675999879837036,0.9983946681022644,0.1604183167219162,0.637073814868927,0.03377252072095871,0.5960962176322937,0.9982467889785767,0.10662057995796204,0.6482917070388794,-0.3715580701828003,0.9544978141784668,0.9967023730278015
1,34,True,0.46867620944976807,0.5529088377952576,0.34123456478118896,0.9997852444648743,0.9999614953994751,0.4734928011894226,0.5492813587188721,0.3649946451187134,0.9997227787971497,0.9999496936798096,0.4753824472427368,0.5480916500091553,0.36493784189224243,0.9996816515922546,0.9999563694000244,0.4752514362335205,0.5474590063095093,0.36495769023895264,0.9998162388801575,0.9999595880508423,0.47578591108322144,0.55007004737854,0.3266935646533966,0.9997506141662598,0.9999315738677979,0.4765288531780243,0.549851655960083,0.32655519247055054,0.9996784329414368,0.9999264478683472,0.4774848520755768,0.5495544075965881,0.3267521858215332,0.9997677803039551,0.9999146461486816,0.46724382042884827,0.53730309009552,0.4206767976284027,0.9997882843017578,0.999957799911499,0.47681909799575806,0.5414925217628479,0.2500339448451996,0.9995802640914917,0.9998946189880371,0.45702341198921204,0.5497455596923828,0.36237838864326477,0.9996839165687561,0.9999585151672363,0.46061715483665466,0.5511149168014526,0.3109855055809021,0.9995941519737244,0.9999499320983887,0.41199082136154175,0.5199755430221558,0.4698438346385956,0.9998031854629517,0.9999464750289917,0.45081570744514465,0.5366699695587158,0.08883746713399887,0.9999707937240601,0.9999549388885498,0.36318057775497437,0.5730950236320496,0.5166538953781128,0.31838542222976685,0.9999858140945435,0.44160282611846924,0.5883790254592896,0.03216538578271866,0.9710402488708496,0.9999665021896362,0.36190909147262573,0.6209648847579956,0.503233790397644,0.5227653384208679,0.9999628067016602,0.4477878212928772,0.6376945972442627,0.09544561058282852,0.9664127230644226,0.9999116659164429,0.3680397868156433,0.629403293132782,0.5170239806175232,0.4777843654155731,0.9999170303344727,0.46877729892730713,0.6436941027641296,0.061360619962215424,0.9541264176368713,0.999799907207489,0.37503761053085327,0.6327902674674988,0.4871116280555725,0.4769192636013031,0.99991774559021,0.4722902476787567,0.6408252120018005,0.09165389090776443,0.950768232345581,0.9998051524162292,0.3743440508842468,0.6289470791816711,0.4868133068084717,0.49079984426498413,0.9999481439590454,0.4639784097671509,0.6395701169967651,0.10657249391078949,0.9328842163085938,0.9998809099197388,0.28992918133735657,0.49385303258895874,0.12501339614391327,0.9996883273124695,0.9998242259025574,0.29296883940696716,0.49887657165527344,-0.1245431900024414,0.9999058842658997,0.99986732006073,0.23103567957878113,0.5620614290237427,0.07941833883523941,0.3937239348888397,0.9996005892753601,0.20344989001750946,0.566512942314148,-0.17379595339298248,0.9697043299674988,0.9998800754547119,0.14746123552322388,0.6068723797798157,0.08959092199802399,0.3918531835079193,0.9993178844451904,0.08803002536296844,0.6157538890838623,-0.2698676288127899,0.9650734066963196,0.9993394017219543,0.13315144181251526,0.6075116395950317,0.08247608691453934,0.6499783396720886,0.9990938901901245,0.060322921723127365,0.616206169128418,-0.2857755124568939,0.9664202332496643,0.998650848865509,0.1497805267572403,0.6361644864082336,0.030333612114191055,0.5908982157707214,0.9984934329986572,0.10999616235494614,0.6482048630714417,-0.38874635100364685,0.9518722891807556,0.997094988822937
2,68,True,0.4686135947704315,0.5529863834381104,0.2552683651447296,0.999750018119812,0.999860405921936,0.4734066128730774,0.5504757165908813,0.2748187184333801,0.9996791481971741,0.9998064637184143,0.475056529045105,0.5496979355812073,0.2747550904750824,0.9996323585510254,0.9998289346694946,0.4750833809375763,0.5475666522979736,0.27472418546676636,0.9997857809066772,0.9998383522033691,0.4757479727268219,0.5509981513023376,0.23771463334560394,0.9997079372406006,0.9997541308403015,0.47650858759880066,0.5507428050041199,0.2376137375831604,0.9996264576911926,0.9997381567955017,0.47745707631111145,0.5504792928695679,0.2377776950597763,0.9997272491455078,0.9997033476829529,0.46544015407562256,0.5373411774635315,0.3315258026123047,0.9997566938400269,0.9998315572738647,0.47681885957717896,0.5428889989852905,0.165115088224411,0.9995124340057373,0.9996476173400879,0.4569385051727295,0.5499647855758667,0.27817627787590027,0.9996406435966492,0.9998705387115479,0.46056437492370605,0.5513172149658203,0.22850170731544495,0.999545693397522,0.9998525381088257,0.41207826137542725,0.5209519863128662,0.39795196056365967,0.9997846484184265,0.9998594522476196,0.45317456126213074,0.5372933745384216,0.02125486545264721,0.9999670386314392,0.9999041557312012,0.3631584644317627,0.5731085538864136,0.4346979856491089,0.321824848651886,0.9999547004699707,0.44201669096946716,0.5874097943305969,-0.05075438320636749,0.9702975749969482,0.9999240636825562,0.3586026132106781,0.6214843392372131,0.39379599690437317,0.5244884490966797,0.9998836517333984,0.4475629925727844,0.6375389695167542,-0.011384804733097553,0.9657174944877625,0.9998257756233215,0.36556276679039,0.6301590204238892,0.403965026140213,0.4791593551635742,0.9997575879096985,0.46800094842910767,0.6435667276382446,-0.04936046153306961,0.9533128142356873,0.9996137022972107,0.36890891194343567,0.6327831745147705,0.37349531054496765,0.4783700108528137,0.9997568726539612,0.4719516634941101,0.6407955884933472,-0.017121564596891403,0.9499301314353943,0.9996370077133179,0.37293651700019836,0.6295490264892578,0.3770182728767395,0.49209025502204895,0.9998362064361572,0.4635477364063263,0.6393212676048279,9.06110362848267e-05,0.9318296909332275,0.9997559189796448,0.29167941212654114,0.49383077025413513,0.12497583776712418,0.9996614456176758,0.99962317943573,0.29440566897392273,0.4988430440425873,-0.12449733167886734,0.9998957514762878,0.9997116923332214,0.23823818564414978,0.5620816946029663,0.0803787037730217,0.3861396312713623,0.9990001320838928,0.20808298885822296,0.5666524171829224,-0.16529621183872223,0.9688853025436401,0.9997599720954895,0.16034968197345734,0.6070693135261536,0.11495275795459747,0.38444340229034424,0.9984036087989807,0.09355355054140091,0.616567850112915,-0.23977996408939362,0.964859127998352,0.9985853433609009,0.14655017852783203,0.607742428779602,0.11267296224832535,0.6428157687187195,0.9979598522186279,0.06616078317165375,0.6174439787864685,-0.25166377425193787,0.9660807251930237,0.9971289038658142,0.15742109715938568,0.6361749768257141,0.06627881526947021,0.5814807415008545,0.9973955154418945,0.11668184399604797,0.6478797793388367,-0.3509798049926758,0.9511452317237854,0.9945122003555298
3,102,True,0.46744969487190247,0.553004801273346,0.1674828976392746,0.99961256980896,0.9992561936378479,0.473375141620636,0.5511491298675537,0.18395784497261047,0.999507486820221,0.9989238381385803,0.474948912858963,0.5505605340003967,0.1838972121477127,0.9994434118270874,0.9990346431732178,0.474984735250473,0.5475867390632629,0.18381455540657043,0.9996659755706787,0.9990704655647278,0.47517693042755127,0.5515141487121582,0.1465899497270584,0.9995574355125427,0.9987300038337708,0.47593599557876587,0.5512217283248901,0.1465211808681488,0.9994518160820007,0.9986743927001953,0.4759610891342163,0.5504200458526611,0.146640345454216,0.999588668346405,0.9985427856445312,0.46433189511299133,0.5374190807342529,0.24200250208377838,0.9996415376663208,0.999004065990448,0.47666510939598083,0.5433310866355896,0.07300830632448196,0.9992985725402832,0.9982914328575134,0.45675691962242126,0.5503557920455933,0.1923907995223999,0.9994868040084839,0.9993471503257751,0.46036458015441895,0.5514039993286133,0.14244620501995087,0.9993777275085449,0.9992916584014893,0.4138445556163788,0.5245800018310547,0.32277950644493103,0.99971604347229,0.9994598031044006,0.45092299580574036,0.5370981693267822,-0.0556219108402729,0.9999476671218872,0.9995744824409485,0.3646773397922516,0.5765624642372131,0.3617030382156372,0.3269253969192505,0.9997983574867249,0.4418206810951233,0.5881606340408325,-0.1352158784866333,0.9670200943946838,0.9996802806854248,0.3730854094028473,0.6217116713523865,0.30641263723373413,0.5229669213294983,0.9995368719100952,0.4495335817337036,0.6376013159751892,-0.10390728712081909,0.9625937342643738,0.9994532465934753,0.38067805767059326,0.6301491856575012,0.31582343578338623,0.477229505777359,0.9991288781166077,0.46857893466949463,0.6437349915504456,-0.14578519761562347,0.9496941566467285,0.9989651441574097,0.3851023018360138,0.6325715780258179,0.28569966554641724,0.4768097996711731,0.9990986585617065,0.4736981987953186,0.6408241987228394,-0.11406242847442627,0.9462560415267944,0.9990222454071045,0.38466373085975647,0.6295909285545349,0.2902364134788513,0.4903371036052704,0.9993571639060974,0.4650733172893524,0.6394104957580566,-0.09313169866800308,0.9274371266365051,0.9992856383323669,0.2944048047065735,0.49522286653518677,0.12491670995950699,0.999563992023468,0.998740017414093,0.29477041959762573,0.49855369329452515,-0.12443371117115021,0.9998648762702942,0.9988692402839661,0.25961801409721375,0.5638434886932373,0.08049000799655914,0.3713825047016144,0.9969137907028198,0.21008455753326416,0.5660824179649353,-0.16333889961242676,0.9669308066368103,0.9992701411247253,0.18694959580898285,0.6090325117111206,0.13512301445007324,0.370877742767334,0.9956747889518738,0.0935373529791832,0.616081178188324,-0.22034382820129395,0.9646231532096863,0.9965901374816895,0.1733468621969223,0.6102727055549622,0.13762497901916504,0.625140905380249,0.9949776530265808,0.06644655764102936,0.6172760128974915,-0.2284667193889618,0.9649114608764648,0.9932990074157715,0.1832837015390396,0.6367716789245605,0.09563522040843964,0.5615383982658386,0.9946454763412476,0.11625813692808151,0.6462644338607788,-0.32596921920776367,0.9498804211616516,0.9884583353996277
4,136,True,0.46736839413642883,0.553508460521698,0.17439015209674835,0.9995107650756836,0.9996060729026794,0.4722058176994324,0.5518689155578613,0.19239215552806854,0.9993563890457153,0.9994829893112183,0.474790096282959,0.5505049824714661,0.19235244393348694,0.9992789030075073,0.9995490908622742,0.4747146666049957,0.5479300022125244,0.19230300188064575,0.9995644092559814,0.99957674741745,0.47490885853767395,0.5524442791938782,0.1518315225839615,0.99943608045578,0.9993539452552795,0.47566094994544983,0.5521156191825867,0.15177026391029358,0.999313473701477,0.9993172883987427,0.4758644104003906,0.5515690445899963,0.15189804136753082,0.9994755387306213,0.9992454051971436,0.4667859375476837,0.5382663011550903,0.2518119215965271,0.9995459914207458,0.9995638728141785,0.47614067792892456,0.5441514849662781,0.06895552575588226,0.9991297125816345,0.9991274476051331,0.45662185549736023,0.5507802367210388,0.19972962141036987,0.9993767142295837,0.9996649026870728,0.4603312611579895,0.551967203617096,0.14556364715099335,0.9992703795433044,0.999625563621521,0.41840896010398865,0.5253115296363831,0.3345707058906555,0.999679446220398,0.9997281432151794,0.450715035200119,0.5374979972839355,-0.06473793089389801,0.9999347925186157,0.9997515082359314,0.3714614808559418,0.5787871479988098,0.37546882033348083,0.32856515049934387,0.9999003410339355,0.4409969747066498,0.5887755155563354,-0.14578858017921448,0.9651650786399841,0.9997895359992981,0.37153685092926025,0.6217855215072632,0.3229856789112091,0.5203487277030945,0.9997217059135437,0.44947436451911926,0.637614369392395,-0.10862063616514206,0.9613908529281616,0.9994995594024658,0.3871036469936371,0.629425585269928,0.33474001288414,0.4748295545578003,0.9994866847991943,0.4685671627521515,0.6437303423881531,-0.15398791432380676,0.948268473148346,0.999066174030304,0.38597992062568665,0.6325361728668213,0.30183225870132446,0.4750271737575531,0.9994589686393738,0.47370487451553345,0.6408237814903259,-0.12093205004930496,0.9447755217552185,0.9991274476051331,0.38950639963150024,0.6294137835502625,0.30559608340263367,0.4886883795261383,0.9996044039726257,0.4651039242744446,0.6394893527030945,-0.09796125441789627,0.9252790212631226,0.9993714690208435,0.2979035973548889,0.4953927993774414,0.13054347038269043,0.9994949102401733,0.9991825222969055,0.29724565148353577,0.49838653206825256,-0.13016970455646515,0.9998395442962646,0.999284565448761,0.2618255317211151,0.5639849901199341,0.08046320080757141,0.3558361828327179,0.9982463121414185,0.21410495042800903,0.5653287172317505,-0.17663682997226715,0.965350329875946,0.9995148181915283,0.1840713918209076,0.6090799570083618,0.13352936506271362,0.3559362590312958,0.997635006904602,0.09329020231962204,0.6159709692001343,-0.22484374046325684,0.9637612700462341,0.9980962872505188,0.17011475563049316,0.6103827357292175,0.13505706191062927,0.6093786954879761,0.9973190426826477,0.06621002405881882,0.6171453595161438,-0.23792482912540436,0.963886022567749,0.9963650703430176,0.17814159393310547,0.6368891000747681,0.09269550442695618,0.542616069316864,0.9971083998680115,0.11715409904718399,0.6460443735122681,-0.3391512334346771,0.9481926560401917,0.9937113523483276
5,170,True,0.467196524143219,0.5539321303367615,0.21549803018569946,0.9994478225708008,0.9997884631156921,0.4721699059009552,0.5517457723617554,0.23563559353351593,0.9992563128471375,0.9997326731681824,0.47471630573272705,0.5504559874534607,0.235587939620018,0.9991698265075684,0.9997674822807312,0.4745977520942688,0.5481330156326294,0.23555609583854675,0.9994974136352539,0.9997832179069519,0.4746589660644531,0.552947998046875,0.19568122923374176,0.9993613958358765,0.9996660947799683,0.4754161536693573,0.5525947213172913,0.19559118151664734,0.9992292523384094,0.9996486902236938,0.47606325149536133,0.5515285730361938,0.19573050737380981,0.9994061589241028,0.9996102452278137,0.46764886379241943,0.5386196374893188,0.2955540418624878,0.9994885921478271,0.9997816681861877,0.4756156802177429,0.5444592833518982,0.11618481576442719,0.9990341067314148,0.9995496869087219,0.45645806193351746,0.5511142611503601,0.24010536074638367,0.9993150234222412,0.9998220801353455,0.4602956473827362,0.5524779558181763,0.18667009472846985,0.9992109537124634,0.9998024106025696,0.4181042015552521,0.5254178643226624,0.3675287365913391,0.9996567964553833,0.999829888343811,0.4484575092792511,0.5375620126724243,-0.024923615157604218,0.999927818775177,0.999841570854187,0.37119385600090027,0.5800911784172058,0.40637797117233276,0.3262501657009125,0.9999465942382812,0.44012153148651123,0.5893099308013916,-0.10456396639347076,0.9633707404136658,0.9998773336410522,0.37748268246650696,0.6217454671859741,0.3632051348686218,0.5168094038963318,0.999849796295166,0.4494239389896393,0.6379894614219666,-0.06794711202383041,0.96040940284729,0.9996628761291504,0.3902754485607147,0.6290032267570496,0.37441834807395935,0.47206443548202515,0.9997095465660095,0.4685550332069397,0.6437210440635681,-0.1119355857372284,0.9472304582595825,0.9993242025375366,0.3937056362628937,0.6317771077156067,0.3432430326938629,0.4726257920265198,0.9996987581253052,0.4738028645515442,0.6408177614212036,-0.07922250032424927,0.9436459541320801,0.9993715882301331,0.39182060956954956,0.6294015645980835,0.3461991548538208,0.4865108132362366,0.9997885823249817,0.46524327993392944,0.6395283341407776,-0.05749611184000969,0.9236130118370056,0.9995679259300232,0.29748693108558655,0.4958488345146179,0.13173431158065796,0.9994723200798035,0.9994990825653076,0.2970115542411804,0.49851465225219727,-0.1313576102256775,0.9998301267623901,0.9996034502983093,0.25965380668640137,0.5641587972640991,0.07887565344572067,0.3452698290348053,0.9990122318267822,0.21423104405403137,0.5653437376022339,-0.18576450645923615,0.9640957713127136,0.9997156262397766,0.18164272606372833,0.6084250211715698,0.1283443570137024,0.34435126185417175,0.9984575510025024,0.09347756952047348,0.6153903007507324,-0.25449874997138977,0.962537944316864,0.9986661672592163,0.168018639087677,0.6095260381698608,0.1310705691576004,0.6001580357551575,0.9981610178947449,0.06618746370077133,0.6164197325706482,-0.26693490147590637,0.9633433222770691,0.997368574142456,0.17643076181411743,0.6358018517494202,0.08656392991542816,0.5293798446655273,0.9976345300674438,0.11460387706756592,0.6459022760391235,-0.364360511302948,0.9463157057762146,0.9950107336044312
6,204,True,0.46351104974746704,0.5559452772140503,0.22599099576473236,0.9994467496871948,0.9999105930328369,0.4715725779533386,0.5531954765319824,0.24584238231182098,0.999238908290863,0.999872088432312,0.470847487449646,0.5520716905593872,0.2458023726940155,0.999152660369873,0.999887228012085,0.4709071218967438,0.5507452487945557,0.24577952921390533,0.9994850754737854,0.9998925924301147,0.4733586609363556,0.5540411472320557,0.20493939518928528,0.9993530511856079,0.9998420476913452,0.474149614572525,0.5537275075912476,0.2048465758562088,0.9992220997810364,0.9998339414596558,0.4749022126197815,0.5531297326087952,0.20499172806739807,0.9993987083435059,0.9998143315315247,0.4685816466808319,0.5397332906723022,0.30360397696495056,0.999478280544281,0.9998883008956909,0.47547975182533264,0.5456096529960632,0.11902980506420135,0.9990311861038208,0.9997923970222473,0.4551287889480591,0.5515401363372803,0.2500104606151581,0.9993165731430054,0.9999136924743652,0.45971718430519104,0.5530240535736084,0.19531318545341492,0.9992228746414185,0.9999077320098877,0.4196561574935913,0.5255472660064697,0.3760530352592468,0.9996616244316101,0.999903678894043,0.44871166348457336,0.537668764591217,-0.023918641731142998,0.9999285340309143,0.9999228715896606,0.3717253506183624,0.5796018838882446,0.41674694418907166,0.32493019104003906,0.9999617338180542,0.4401017129421234,0.589859127998352,-0.10368715971708298,0.9624292850494385,0.9999133348464966,0.378801167011261,0.6216003894805908,0.3761957883834839,0.5134229063987732,0.9998974800109863,0.44918832182884216,0.6382330656051636,-0.05810250714421272,0.9600873589515686,0.9997798800468445,0.3898516893386841,0.6286624073982239,0.3886904716491699,0.4687705636024475,0.9997950196266174,0.4683658480644226,0.6437007188796997,-0.10086679458618164,0.9467933177947998,0.9995518326759338,0.3987693786621094,0.6315587162971497,0.35765063762664795,0.4695885181427002,0.9997883439064026,0.4723777770996094,0.6407795548439026,-0.06784085184335709,0.9431411027908325,0.9995836615562439,0.39159974455833435,0.6293434500694275,0.35940006375312805,0.48367613554000854,0.9998542070388794,0.46433427929878235,0.6395344734191895,-0.047148000448942184,0.9225718379020691,0.9997190833091736,0.300905704498291,0.4971040189266205,0.1349572241306305,0.9994655847549438,0.9996601343154907,0.29747474193573,0.4982520639896393,-0.13461478054523468,0.9998285174369812,0.9997391104698181,0.2578246295452118,0.5640047788619995,0.07891452312469482,0.337412565946579,0.9993844032287598,0.21457083523273468,0.5644636154174805,-0.1890541911125183,0.9635190367698669,0.9998326301574707,0.17972277104854584,0.6084440350532532,0.1233406513929367,0.33540263772010803,0.9990925788879395,0.0919312983751297,0.6153855323791504,-0.2589159905910492,0.9622345566749573,0.9992706179618835,0.16593453288078308,0.6095666289329529,0.1233135461807251,0.592843234539032,0.9988994598388672,0.0644175261259079,0.6175738573074341,-0.27105724811553955,0.9632238745689392,0.9985030889511108,0.17452217638492584,0.6358166933059692,0.07793974131345749,0.5196729302406311,0.9985880255699158,0.11128290742635727,0.6458426713943481,-0.3684413433074951,0.9459480047225952,0.9971112012863159
7,238,True,0.4635412096977234,0.5558575987815857,0.11351798474788666,0.999310314655304,0.9990146160125732,0.4718089699745178,0.5526812076568604,0.13082550466060638,0.999060869216919,0.9987075328826904,0.4712649881839752,0.5518380403518677,0.1307859569787979,0.9989596009254456,0.9988677501678467,0.4714221954345703,0.5507145524024963,0.13071735203266144,0.9993582367897034,0.9989307522773743,0.47336721420288086,0.5539522171020508,0.08900536596775055,0.9991998672485352,0.9984422326087952,0.4747556149959564,0.5531100034713745,0.08896047621965408,0.9990443587303162,0.9983751773834229,0.47551071643829346,0.552706241607666,0.08906339854001999,0.9992510080337524,0.9982345104217529,0.46927645802497864,0.5397817492485046,0.19773238897323608,0.9993615746498108,0.9988752007484436,0.4756709933280945,0.544488787651062,0.00881239864975214,0.9988297820091248,0.9978975057601929,0.4550710916519165,0.551594614982605,0.1425577700138092,0.9991664886474609,0.999151349067688,0.4597056210041046,0.5530503988265991,0.08690132945775986,0.9990765452384949,0.99906986951828,0.4208816885948181,0.5262521505355835,0.2983364462852478,0.999579131603241,0.9993283748626709,0.44840121269226074,0.5376607179641724,-0.11764270067214966,0.9999035000801086,0.9994155168533325,0.37275204062461853,0.579339861869812,0.33996155858039856,0.32561880350112915,0.9997280240058899,0.43972891569137573,0.589857816696167,-0.2030295431613922,0.9607927203178406,0.9995133876800537,0.3730120062828064,0.6215912103652954,0.2733095586299896,0.5082817077636719,0.999308705329895,0.44906914234161377,0.638238251209259,-0.17131617665290833,0.9586261510848999,0.9990255832672119,0.3774748146533966,0.6291303038597107,0.2843705713748932,0.4639102816581726,0.9988356232643127,0.4683559536933899,0.6435794830322266,-0.22034917771816254,0.9450444579124451,0.9982960820198059,0.397220641374588,0.6314887404441833,0.24902844429016113,0.4654713571071625,0.9987485408782959,0.47193875908851624,0.640606164932251,-0.1868828684091568,0.9413853287696838,0.9984159469604492,0.39022955298423767,0.6290850043296814,0.25484147667884827,0.4796611964702606,0.9990370273590088,0.4640806019306183,0.6394930481910706,-0.16069230437278748,0.9202185869216919,0.9987829327583313,0.30068767070770264,0.49741992354393005,0.13596214354038239,0.9992872476577759,0.9978433847427368,0.2967873215675354,0.4982422888278961,-0.13565722107887268,0.9997745156288147,0.9980884194374084,0.2699313461780548,0.5652707815170288,0.09493640065193176,0.32094964385032654,0.9959392547607422,0.21403935551643372,0.5644728541374207,-0.18385232985019684,0.9625526666641235,0.9989534616470337,0.19544492661952972,0.6104219555854797,0.16311566531658173,0.32270699739456177,0.9956101775169373,0.09064332395792007,0.615529477596283,-0.2300242930650711,0.9625314474105835,0.9964216947555542,0.1812690794467926,0.6119174957275391,0.1676672101020813,0.5775123238563538,0.9953097701072693,0.06374186277389526,0.6176339983940125,-0.23751528561115265,0.9628595113754272,0.9932577610015869,0.19451969861984253,0.6374812722206116,0.1271728128194809,0.5013383626937866,0.9956430196762085,0.09823676198720932,0.6467119455337524,-0.33747220039367676,0.945218563079834,0.9895235896110535
8,272,True,0.4644926190376282,0.5558136105537415,0.24081771075725555,0.999325156211853,0.9999266862869263,0.4727879762649536,0.5526601076126099,0.2639356553554535,0.9990726113319397,0.9998979568481445,0.472345769405365,0.5517362356185913,0.2638855576515198,0.9989732503890991,0.9999079704284668,0.47248461842536926,0.5505814552307129,0.26386287808418274,0.9993658661842346,0.9999110698699951,0.47335702180862427,0.5541209578514099,0.22230912744998932,0.999217689037323,0.9998795986175537,0.47471097111701965,0.5534781217575073,0.2221856415271759,0.9990670084953308,0.9998749494552612,0.4761360287666321,0.5526536107063293,0.22231824696063995,0.9992688298225403,0.9998592138290405,0.46942538022994995,0.5398246049880981,0.3267119526863098,0.9993748664855957,0.9999011754989624,0.47677022218704224,0.5441700220108032,0.1391516476869583,0.9988657832145691,0.9998239874839783,0.4553699493408203,0.5517341494560242,0.2655501365661621,0.9991902112960815,0.9999146461486816,0.4596588909626007,0.5531052350997925,0.20970666408538818,0.9991053938865662,0.9999115467071533,0.42062339186668396,0.5259932279586792,0.3892536461353302,0.9995750188827515,0.9998599290847778,0.4492693543434143,0.5363604426383972,-0.012103401124477386,0.9999038577079773,0.999884843826294,0.3723609149456024,0.5790712833404541,0.42145419120788574,0.31802070140838623,0.9999600648880005,0.4395371377468109,0.5898452997207642,-0.10878303647041321,0.9591943621635437,0.999908447265625,0.38550055027008057,0.6213365793228149,0.3851645886898041,0.4964600205421448,0.9998810291290283,0.4493384063243866,0.6385335326194763,-0.06907098740339279,0.9566810131072998,0.9997656941413879,0.3946176767349243,0.6281101107597351,0.39491555094718933,0.45357218384742737,0.9997534155845642,0.4704958498477936,0.643661618232727,-0.11164052039384842,0.9428634643554688,0.9995056390762329,0.4032588005065918,0.6305157542228699,0.36828887462615967,0.45508697628974915,0.9997472167015076,0.4722656309604645,0.640662431716919,-0.07884461432695389,0.9390355348587036,0.9995341300964355,0.3983341157436371,0.628865122795105,0.3693372905254364,0.4699609577655792,0.9998339414596558,0.46409377455711365,0.6395645141601562,-0.058982882648706436,0.9174104332923889,0.999691367149353,0.30027809739112854,0.49660372734069824,0.13567247986793518,0.9993078708648682,0.9996634721755981,0.2979176342487335,0.4974361062049866,-0.13532859086990356,0.9997814297676086,0.9997515082359314,0.2663594186306,0.5654126405715942,0.07849305868148804,0.31978490948677063,0.9993717074394226,0.21639995276927948,0.5629011392593384,-0.19540128111839294,0.9626967310905457,0.9998444318771362,0.19415448606014252,0.611564040184021,0.09658889472484589,0.31641486287117004,0.9990234375,0.09221084415912628,0.6144348382949829,-0.27439743280410767,0.961795449256897,0.9991914629936218,0.17967644333839417,0.612952470779419,0.09205879271030426,0.5746949315071106,0.9987989664077759,0.06770218908786774,0.6165961027145386,-0.28717175126075745,0.9628555178642273,0.9983065128326416,0.19303768873214722,0.6394049525260925,0.04227394610643387,0.4956260621547699,0.9981258511543274,0.10310573875904083,0.6463416218757629,-0.387619286775589,0.9444249868392944,0.9964397549629211
9,306,True,0.46906259655952454,0.5557911396026611,0.220559224486351,0.9992871880531311,0.9997765421867371,0.4773775339126587,0.5520163178443909,0.24346351623535156,0.9990051984786987,0.9997202754020691,0.4769829511642456,0.5512670874595642,0.24342676997184753,0.9989002346992493,0.9997519850730896,0.4769441783428192,0.5502795577049255,0.24340246617794037,0.9993212223052979,0.9997639060020447,0.4795123338699341,0.5529254674911499,0.20184826850891113,0.9991729855537415,0.9996647834777832,0.48005354404449463,0.5524610280990601,0.20175719261169434,0.9990163445472717,0.9996525049209595,0.4806727468967438,0.551959753036499,0.20188426971435547,0.9992273449897766,0.9996176958084106,0.4727803170681,0.5397516489028931,0.3095319867134094,0.9993322491645813,0.999737560749054,0.47901082038879395,0.543265700340271,0.12212537974119186,0.9988026022911072,0.9995301961898804,0.4577617645263672,0.5517903566360474,0.24660882353782654,0.999118447303772,0.9997467398643494,0.46088165044784546,0.5530973672866821,0.19099682569503784,0.9990430474281311,0.999736487865448,0.42038819193840027,0.5258398652076721,0.37907713651657104,0.9995439052581787,0.9996820688247681,0.44939854741096497,0.5365001559257507,-0.022099042311310768,0.9998952150344849,0.9997745156288147,0.37052181363105774,0.5788379907608032,0.41228294372558594,0.31377604603767395,0.9999192953109741,0.4383033215999603,0.5907986164093018,-0.10712186992168427,0.9576813578605652,0.9998499155044556,0.37596210837364197,0.6213238835334778,0.37291985750198364,0.4890176057815552,0.9997525811195374,0.4479087293148041,0.6385110020637512,-0.0676923543214798,0.9555132389068604,0.9995754361152649,0.3791764974594116,0.628501296043396,0.38550153374671936,0.4471476972103119,0.9995476603507996,0.4688120186328888,0.6436313390731812,-0.11244289577007294,0.941486120223999,0.9991732239723206,0.3963078260421753,0.6305409669876099,0.35260969400405884,0.44909095764160156,0.9995203018188477,0.47109511494636536,0.640752911567688,-0.07886500656604767,0.9375190734863281,0.9992218017578125,0.3871888518333435,0.62889164686203,0.3551258146762848,0.46434491872787476,0.9996531009674072,0.46328285336494446,0.6395753622055054,-0.05724676325917244,0.9153595566749573,0.9994646906852722,0.30017489194869995,0.49632716178894043,0.13516095280647278,0.9992772936820984,0.9992367029190063,0.29671356081962585,0.497460275888443,-0.1348084807395935,0.9997696876525879,0.999421238899231,0.2587795853614807,0.5641878843307495,0.07857802510261536,0.31255894899368286,0.9986263513565063,0.21499991416931152,0.5629750490188599,-0.19110921025276184,0.9611061215400696,0.9995922446250916,0.18861031532287598,0.61113041639328,0.10111738741397858,0.30801430344581604,0.9982550740242004,0.09340539574623108,0.6148754358291626,-0.2692049741744995,0.9599242806434631,0.9984380602836609,0.1756150722503662,0.6128958463668823,0.09835218638181686,0.566440761089325,0.9979050159454346,0.0693800151348114,0.6176428198814392,-0.2813906669616699,0.9616977572441101,0.9969605803489685,0.19225896894931793,0.6385904550552368,0.04873639717698097,0.48553118109703064,0.997489333152771,0.11039019376039505,0.6463269591331482,-0.3806772828102112,0.9420310854911804,0.99460369348526
10,340,True,0.4688715636730194,0.5557359457015991,0.2781965136528015,0.9993141889572144,0.9999464750289917,0.4756445586681366,0.5525524020195007,0.30124324560165405,0.9990362524986267,0.9999189376831055,0.4760037660598755,0.5512269139289856,0.30119818449020386,0.998935878276825,0.999925971031189,0.47597554326057434,0.5502383708953857,0.301181823015213,0.999342143535614,0.9999271631240845,0.4773477017879486,0.5533052086830139,0.26023179292678833,0.9992035627365112,0.9999066591262817,0.47797802090644836,0.5529237389564514,0.2600949704647064,0.9990522861480713,0.9999037981033325,0.47858139872550964,0.5525521039962769,0.26023557782173157,0.9992568492889404,0.9998911619186401,0.4724864959716797,0.5397579073905945,0.36118003726005554,0.9993541240692139,0.9999146461486816,0.4785956144332886,0.5439385771751404,0.1762869656085968,0.9988537430763245,0.9998601675033569,0.45764532685279846,0.5518065094947815,0.30174434185028076,0.9991531372070312,0.9999269247055054,0.4601065218448639,0.5530920028686523,0.24674659967422485,0.9990804195404053,0.9999262094497681,0.4202596843242645,0.525545060634613,0.41892534494400024,0.9995444416999817,0.9998501539230347,0.45006653666496277,0.5356666445732117,0.02186790108680725,0.999897837638855,0.9998947381973267,0.37051549553871155,0.578738272190094,0.45444992184638977,0.3032527565956116,0.9999563694000244,0.4384441375732422,0.5907795429229736,-0.06430009007453918,0.9546449184417725,0.9999114274978638,0.4056917726993561,0.6216790676116943,0.42574313282966614,0.4736957550048828,0.9998880624771118,0.44820141792297363,0.6388734579086304,-0.012051071971654892,0.951614499092102,0.9998154044151306,0.3985394239425659,0.6279798150062561,0.4376828968524933,0.43364787101745605,0.9997629523277283,0.4707423746585846,0.6438212394714355,-0.04986874759197235,0.9371976852416992,0.9996083378791809,0.40575048327445984,0.6301400065422058,0.41148871183395386,0.4353880286216736,0.9997562766075134,0.4715978503227234,0.6409611701965332,-0.018242163583636284,0.9329692125320435,0.999620795249939,0.4188728630542755,0.6288598775863647,0.4104105532169342,0.4513905942440033,0.9998457431793213,0.46475037932395935,0.6400662660598755,-0.0012176528107374907,0.9102017283439636,0.9997525811195374,0.30100181698799133,0.49580660462379456,0.13529814779758453,0.9993042945861816,0.9997197985649109,0.2976004183292389,0.49684539437294006,-0.13493607938289642,0.9997814297676086,0.9998109936714172,0.26752373576164246,0.5656607151031494,0.07311693578958511,0.31525954604148865,0.999488115310669,0.21545279026031494,0.563043475151062,-0.20096293091773987,0.9620634913444519,0.9998935461044312,0.19521766901016235,0.6127870082855225,0.08137655258178711,0.30579835176467896,0.999311089515686,0.09336034953594208,0.6146539449691772,-0.29190146923065186,0.9605479836463928,0.9994389414787292,0.1816679835319519,0.6142329573631287,0.07553455233573914,0.5671096444129944,0.9991700649261475,0.06804278492927551,0.616469144821167,-0.3059135377407074,0.9625172019004822,0.9987805485725403,0.19357940554618835,0.6407603025436401,0.025572501122951508,0.4842770993709564,0.9986259937286377,0.09898103028535843,0.6463093757629395,-0.4093626141548157,0.9428936243057251,0.9973244667053223
11,374,True,0.4695338010787964,0.5557243824005127,0.29298198223114014,0.999329686164856,0.9999485015869141,0.4767089784145355,0.5520581603050232,0.3174198269844055,0.9990476369857788,0.9999321699142456,0.47680991888046265,0.5510930418968201,0.31738075613975525,0.998947262763977,0.9999403953552246,0.4760406017303467,0.5501528978347778,0.3173844814300537,0.9993511438369751,0.999943733215332,0.47721201181411743,0.5532976388931274,0.2768944799900055,0.9992177486419678,0.9999157190322876,0.4778802692890167,0.552911639213562,0.2767741084098816,0.9990687370300293,0.9999111890792847,0.47938627004623413,0.5519353151321411,0.2769383192062378,0.9992703199386597,0.9998996257781982,0.4726696014404297,0.5397393703460693,0.37909188866615295,0.9993600249290466,0.9999377727508545,0.47856414318084717,0.5439468622207642,0.19741033017635345,0.9988700151443481,0.9998725652694702,0.45798975229263306,0.5518543720245361,0.3166600167751312,0.9991635084152222,0.999936580657959,0.46034932136535645,0.5530886054039001,0.26230770349502563,0.9990922808647156,0.9999312162399292,0.41945594549179077,0.5252810120582581,0.4338219165802002,0.9995567202568054,0.9999047517776489,0.4503222703933716,0.5361230969429016,0.04251513630151749,0.9999003410339355,0.9999234676361084,0.3693321645259857,0.5786703824996948,0.472656786441803,0.3010244071483612,0.9999773502349854,0.43825510144233704,0.5912482142448425,-0.04534153267741203,0.9540631175041199,0.9999518394470215,0.3817167580127716,0.6216107606887817,0.4452205300331116,0.47387853264808655,0.9999345541000366,0.44771477580070496,0.6388723254203796,-0.005095090717077255,0.9511922597885132,0.9998670816421509,0.38053566217422485,0.628535270690918,0.45738524198532104,0.43464481830596924,0.999862551689148,0.46801626682281494,0.64381343126297,-0.046237070113420486,0.9367265701293945,0.9997108578681946,0.3981553316116333,0.6302279829978943,0.42675861716270447,0.4365723431110382,0.999859094619751,0.4703142046928406,0.6410720348358154,-0.014149834401905537,0.9323787093162537,0.9997233748435974,0.39374545216560364,0.6289730072021484,0.42821696400642395,0.45275604724884033,0.9999080896377563,0.46378448605537415,0.6400845646858215,0.0053391712717711926,0.9094343781471252,0.9998263716697693,0.30080199241638184,0.49568992853164673,0.13495232164859772,0.9993380904197693,0.9997884631156921,0.29760661721229553,0.49701300263404846,-0.13454453647136688,0.9997900724411011,0.9998438358306885,0.2472933679819107,0.5631262063980103,0.06857109069824219,0.3185439109802246,0.9995263814926147,0.21429738402366638,0.5631150007247925,-0.19792766869068146,0.9609912037849426,0.9998568296432495,0.1720493733882904,0.608610987663269,0.07598678022623062,0.30330467224121094,0.9993059635162354,0.09410880506038666,0.6165800094604492,-0.2927936315536499,0.9587240219116211,0.9993324875831604,0.15879610180854797,0.6102272272109985,0.06923674792051315,0.5682470202445984,0.9990959167480469,0.0682905986905098,0.6181038618087769,-0.30843451619148254,0.9621033668518066,0.9986360669136047,0.1687975972890854,0.6358175277709961,0.01770191639661789,0.48345947265625,0.9985972046852112,0.10668359696865082,0.6463443636894226,-0.41248300671577454,0.941379189491272,0.9971662163734436
12,408,True,0.47093522548675537,0.5556885004043579,0.28854823112487793,0.9993463754653931,0.9999374151229858,0.4786808490753174,0.5518635511398315,0.3132408559322357,0.9990630745887756,0.9999186992645264,0.4785880744457245,0.551062822341919,0.3131958544254303,0.998964250087738,0.9999282360076904,0.4782026410102844,0.550118088722229,0.31319430470466614,0.9993630051612854,0.9999319314956665,0.4795391857624054,0.5526788234710693,0.27260732650756836,0.999235212802887,0.9998996257781982,0.48115187883377075,0.5524040460586548,0.27248749136924744,0.9990893006324768,0.9998948574066162,0.48199865221977234,0.5516984462738037,0.2726479768753052,0.9992864727973938,0.9998811483383179,0.47350871562957764,0.5397170782089233,0.37658801674842834,0.999372124671936,0.9999257326126099,0.48016631603240967,0.5431994795799255,0.1943332850933075,0.9988958835601807,0.9998512268066406,0.45890012383461,0.552113950252533,0.3127072751522064,0.9991792440414429,0.9999256134033203,0.46116435527801514,0.553183913230896,0.2582438290119171,0.9991095066070557,0.9999200105667114,0.41858410835266113,0.525187611579895,0.434004545211792,0.999561607837677,0.9998830556869507,0.4504612386226654,0.5365358591079712,0.03895826265215874,0.9999021887779236,0.9999059438705444,0.36779335141181946,0.578553318977356,0.47638562321662903,0.29789867997169495,0.999970555305481,0.4392930865287781,0.5911778807640076,-0.04402526095509529,0.9537270069122314,0.9999357461929321,0.37488847970962524,0.6216393113136292,0.4538125693798065,0.4704793095588684,0.9999054670333862,0.4476988613605499,0.6388736963272095,-0.0004271809302736074,0.9506008625030518,0.9998263716697693,0.37593573331832886,0.6291595101356506,0.467260479927063,0.4319929778575897,0.9998005032539368,0.46800994873046875,0.6438227891921997,-0.04162295535206795,0.9359874129295349,0.9996281862258911,0.3955669403076172,0.6304116249084473,0.4355563223361969,0.4340694546699524,0.9997952580451965,0.47005540132522583,0.6411688327789307,-0.009213712066411972,0.9315214157104492,0.9996442794799805,0.38647890090942383,0.6292833089828491,0.43655332922935486,0.45065703988075256,0.9998667240142822,0.4636448323726654,0.6401013731956482,0.010204743593931198,0.9084521532058716,0.9997736811637878,0.29951074719429016,0.4956854283809662,0.13472765684127808,0.9993548393249512,0.9996981620788574,0.29757019877433777,0.4974519610404968,-0.13432256877422333,0.9997943639755249,0.9997730851173401,0.24380172789096832,0.5631495118141174,0.06698393076658249,0.318917840719223,0.9993314743041992,0.21330000460147858,0.5637397766113281,-0.19909949600696564,0.9602592587471008,0.9998089671134949,0.16490599513053894,0.6086667776107788,0.07677482813596725,0.29797449707984924,0.9990090131759644,0.09338025748729706,0.6168035268783569,-0.29343780875205994,0.9567816853523254,0.9990898370742798,0.15126332640647888,0.6102606058120728,0.07057463377714157,0.5659056305885315,0.9987586736679077,0.06635716557502747,0.6186823844909668,-0.3086637258529663,0.9615341424942017,0.9981518387794495,0.16370995342731476,0.6371281147003174,0.02008860558271408,0.47870492935180664,0.9981116056442261,0.1104586273431778,0.6463677287101746,-0.41219329833984375,0.9395390748977661,0.9962295889854431
13,442,True,0.47089216113090515,0.5558578968048096,0.2812943160533905,0.9993515014648438,0.9999170303344727,0.4787640869617462,0.5518496036529541,0.30489933490753174,0.9990673661231995,0.99988853931427,0.4786173105239868,0.5510085821151733,0.30484989285469055,0.998970627784729,0.9999003410339355,0.4783422648906708,0.5500649809837341,0.3048422634601593,0.9993672370910645,0.9999047517776489,0.48043254017829895,0.5526179075241089,0.26536890864372253,0.9992401003837585,0.9998643398284912,0.48148617148399353,0.5523444414138794,0.2652547359466553,0.9990955591201782,0.9998582601547241,0.48219001293182373,0.5516802072525024,0.26541367173194885,0.9992921352386475,0.9998394250869751,0.47398126125335693,0.5398340225219727,0.36680856347084045,0.9993767738342285,0.9998921155929565,0.48027530312538147,0.5431092381477356,0.18963338434696198,0.9989020824432373,0.999788224697113,0.4589155912399292,0.5525065064430237,0.30510833859443665,0.9991846084594727,0.9998999834060669,0.46256157755851746,0.5538581609725952,0.25212204456329346,0.9991122484207153,0.9998916387557983,0.4184872508049011,0.5251666307449341,0.4248884320259094,0.9995561838150024,0.9998438358306885,0.450442373752594,0.5372408628463745,0.03664201870560646,0.9999016523361206,0.9998664855957031,0.36877885460853577,0.5789996981620789,0.4646594524383545,0.30003035068511963,0.9999645948410034,0.439636766910553,0.5912109613418579,-0.038586702197790146,0.9530978202819824,0.9999188184738159,0.377676784992218,0.6216577291488647,0.43661850690841675,0.469087153673172,0.9998843669891357,0.4478105306625366,0.6390669941902161,0.007050142623484135,0.9492840766906738,0.9997884631156921,0.3832090198993683,0.6290549039840698,0.4487648904323578,0.4302452504634857,0.9997512698173523,0.4682886302471161,0.6438707113265991,-0.03266793489456177,0.9345183372497559,0.9995402097702026,0.39532271027565,0.6304399967193604,0.4178910255432129,0.43212178349494934,0.999745786190033,0.47188514471054077,0.6412121057510376,-0.002404832514002919,0.9300060272216797,0.9995543360710144,0.38801857829093933,0.6293826103210449,0.4196825325489044,0.44905975461006165,0.9998354911804199,0.4644622504711151,0.6402232646942139,0.016981732100248337,0.9069346785545349,0.9997106194496155,0.29941093921661377,0.4952614903450012,0.13397835195064545,0.9993627667427063,0.999634861946106,0.2975406050682068,0.49736151099205017,-0.133535698056221,0.9997959136962891,0.9997138381004333,0.2441522628068924,0.5639185309410095,0.06575416773557663,0.31902021169662476,0.9990853071212769,0.21313033998012543,0.5652592778205872,-0.19703881442546844,0.9599385261535645,0.9997790455818176,0.16488862037658691,0.6119092106819153,0.07609802484512329,0.29374510049819946,0.9986585378646851,0.09197179973125458,0.6171495318412781,-0.28825643658638,0.9555718898773193,0.9988535642623901,0.15123122930526733,0.6134887337684631,0.0703606903553009,0.5629845261573792,0.9983558058738708,0.0662795677781105,0.6187000274658203,-0.30268487334251404,0.9609017968177795,0.9976187348365784,0.16302859783172607,0.6402092576026917,0.019353395327925682,0.4735247492790222,0.997506320476532,0.11040303856134415,0.6467816829681396,-0.4056105613708496,0.9378823637962341,0.9951381087303162
14,476,True,0.4734102785587311,0.555878221988678,0.33869093656539917,0.9993858337402344,0.9999686479568481,0.48110851645469666,0.5517278909683228,0.36464923620224,0.9991115927696228,0.9999583959579468,0.48080116510391235,0.5509803295135498,0.36459168791770935,0.9990187883377075,0.999963641166687,0.48272502422332764,0.5489910840988159,0.36461105942726135,0.9993981122970581,0.9999659061431885,0.48343661427497864,0.5523425340652466,0.3251464068889618,0.9992788434028625,0.9999469518661499,0.4838748574256897,0.5520513653755188,0.3249974250793457,0.9991422891616821,0.9999439716339111,0.4842728078365326,0.5515009760856628,0.32517918944358826,0.9993288516998291,0.9999359846115112,0.47452786564826965,0.5398158431053162,0.42540982365608215,0.9994068741798401,0.9999639987945557,0.4814099669456482,0.5426211953163147,0.24912039935588837,0.9989581108093262,0.9999194145202637,0.4623759686946869,0.5522573590278625,0.360851913690567,0.9992289543151855,0.9999690055847168,0.4636078178882599,0.5539337992668152,0.30801287293434143,0.9991593956947327,0.9999644756317139,0.4172639548778534,0.5249620079994202,0.47624287009239197,0.9995803833007812,0.9999591112136841,0.4508782625198364,0.5373831391334534,0.07775422930717468,0.9999080300331116,0.9999656677246094,0.3657876253128052,0.578918993473053,0.5210972428321838,0.3001182973384857,0.9999896287918091,0.4399019479751587,0.5910011529922485,-0.010564207099378109,0.9546621441841125,0.9999760389328003,0.3489602506160736,0.6227462887763977,0.5014103055000305,0.4732470214366913,0.999953031539917,0.4478527903556824,0.6387029886245728,0.02432585507631302,0.9507060050964355,0.999923586845398,0.3571653664112091,0.631314218044281,0.5138152837753296,0.435289204120636,0.9998899698257446,0.46825459599494934,0.6438402533531189,-0.01623358018696308,0.9362565279006958,0.9998170733451843,0.3720785677433014,0.6324155330657959,0.4804846942424774,0.43723613023757935,0.9998899698257446,0.47179511189460754,0.6410859227180481,0.016911642625927925,0.9318104386329651,0.999823272228241,0.3756554424762726,0.6311646699905396,0.48287805914878845,0.454369455575943,0.9999321699142456,0.46430498361587524,0.6401742696762085,0.03540673479437828,0.9092856645584106,0.9998915195465088,0.29841721057891846,0.4954507350921631,0.13452640175819397,0.9993996024131775,0.999834418296814,0.29846933484077454,0.49734607338905334,-0.13405124843120575,0.9998044371604919,0.9998747110366821,0.2402704656124115,0.5651077628135681,0.06327607482671738,0.32103079557418823,0.9995424747467041,0.21667446196079254,0.5653529763221741,-0.19702328741550446,0.9590288400650024,0.9998823404312134,0.14161622524261475,0.6118165254592896,0.05820119008421898,0.2890349328517914,0.9992161989212036,0.09865951538085938,0.6172130107879639,-0.3052009642124176,0.9522064328193665,0.9992951154708862,0.1277378499507904,0.6132977604866028,0.049116045236587524,0.5641264915466309,0.9989715814590454,0.0714823454618454,0.6187694072723389,-0.3224320113658905,0.960087776184082,0.9985503554344177,0.14536219835281372,0.6409066319465637,-0.005165009293705225,0.4707692861557007,0.998218834400177,0.11865636706352234,0.6467670202255249,-0.42496490478515625,0.935337483882904,0.996890127658844
15,510,True,0.47641846537590027,0.5549493432044983,0.36190617084503174,0.9993404746055603,0.9999709129333496,0.48179754614830017,0.55161452293396,0.3874492943286896,0.9990406036376953,0.9999600648880005,0.48148927092552185,0.5509384274482727,0.3873887062072754,0.9989393949508667,0.999964714050293,0.4821528494358063,0.5489910840988159,0.3874293565750122,0.9993466734886169,0.9999668598175049,0.48347973823547363,0.552052915096283,0.34901806712150574,0.999233603477478,0.9999504089355469,0.48387253284454346,0.5517286062240601,0.34888243675231934,0.9990943074226379,0.9999477863311768,0.4843161404132843,0.5512336492538452,0.3490332365036011,0.9992913007736206,0.9999418258666992,0.47500336170196533,0.5397536754608154,0.4475148618221283,0.9993379712104797,0.9999639987945557,0.4821362793445587,0.5420724153518677,0.27550533413887024,0.9988799095153809,0.9999247789382935,0.46403074264526367,0.551868736743927,0.38311436772346497,0.9991911053657532,0.9999719858169556,0.46440595388412476,0.5539196133613586,0.3318127393722534,0.9991220235824585,0.9999681711196899,0.4169938266277313,0.5247329473495483,0.49263110756874084,0.9996060729026794,0.9999662637710571,0.45158395171165466,0.537409782409668,0.09347514808177948,0.9999147057533264,0.9999772310256958,0.36581629514694214,0.5779776573181152,0.5333647131919861,0.29728415608406067,0.9999911785125732,0.4399043321609497,0.5907465815544128,0.005005952902138233,0.9567751884460449,0.9999854564666748,0.3443742096424103,0.6239019632339478,0.502246081829071,0.474864661693573,0.9999592304229736,0.44796672463417053,0.6385201215744019,0.03745071217417717,0.9527491927146912,0.9999507665634155,0.3528749346733093,0.6326922178268433,0.5127938389778137,0.4379872679710388,0.9999068975448608,0.46764421463012695,0.6437899470329285,-0.001163250650279224,0.9387338757514954,0.9998794794082642,0.3592640459537506,0.633307933807373,0.47850319743156433,0.4401590824127197,0.999907374382019,0.47179114818573,0.6410261988639832,0.029618049040436745,0.9343990683555603,0.9998832941055298,0.3606129586696625,0.6321018934249878,0.48287713527679443,0.4584823548793793,0.9999426603317261,0.4642939269542694,0.6401479840278625,0.048093281686306,0.9128544330596924,0.9999264478683472,0.2978781759738922,0.4949869215488434,0.13480226695537567,0.999443769454956,0.9998999834060669,0.298766165971756,0.4982844889163971,-0.13431164622306824,0.9998164176940918,0.9999330043792725,0.24035091698169708,0.5674540400505066,0.0576067715883255,0.3317835330963135,0.9995670914649963,0.22014498710632324,0.565820574760437,-0.19730055332183838,0.9599250555038452,0.9999170303344727,0.14116530120372772,0.6083666086196899,0.03623386472463608,0.2978021204471588,0.9995183944702148,0.10088501125574112,0.6167110204696655,-0.32007285952568054,0.9526956081390381,0.99959796667099,0.12682095170021057,0.6093662977218628,0.025208687409758568,0.5759133100509644,0.9994681477546692,0.07551475614309311,0.6179507970809937,-0.33786746859550476,0.9612228274345398,0.9992249011993408,0.1386214941740036,0.6398211717605591,-0.030979439616203308,0.47400256991386414,0.9991205334663391,0.12011803686618805,0.646780252456665,-0.4406677782535553,0.9359380602836609,0.9984622001647949
16,544,True,0.47870776057243347,0.5536817312240601,0.3501354157924652,0.9993824362754822,0.9999403953552246,0.48455488681793213,0.5491224527359009,0.3836924135684967,0.9991031289100647,0.9999184608459473,0.4841516315937042,0.5485648512840271,0.38369056582450867,0.9990078806877136,0.999927282333374,0.4834361672401428,0.5471892952919006,0.38388070464134216,0.9993904232978821,0.9999302625656128,0.484192818403244,0.5508455038070679,0.3364294767379761,0.9992824792861938,0.9998947381973267,0.48451822996139526,0.5504211783409119,0.33640146255493164,0.9991522431373596,0.9998866319656372,0.48600244522094727,0.5484934449195862,0.3364914059638977,0.9993371367454529,0.9998692274093628,0.4752936363220215,0.5394443273544312,0.4238516092300415,0.9993761777877808,0.9999262094497681,0.4822743237018585,0.5409731864929199,0.2348559945821762,0.9989429116249084,0.9998289346694946,0.4661824405193329,0.5513224005699158,0.3743983507156372,0.9992398619651794,0.9999468326568604,0.467340350151062,0.5524786710739136,0.31797927618026733,0.999165415763855,0.9999336004257202,0.41693800687789917,0.5247882008552551,0.47038328647613525,0.9996199607849121,0.999943733215332,0.45220446586608887,0.5373891592025757,0.06954345852136612,0.999918520450592,0.999950647354126,0.371085524559021,0.5777381658554077,0.5191116333007812,0.3067459762096405,0.999985933303833,0.4395684599876404,0.5904706716537476,-0.01618443801999092,0.9588015079498291,0.9999721050262451,0.35874688625335693,0.6238483786582947,0.4768107533454895,0.49014946818351746,0.9999380111694336,0.4480825662612915,0.6383365392684937,0.031265199184417725,0.9547116160392761,0.9999092817306519,0.35619020462036133,0.632651686668396,0.48008546233177185,0.45332929491996765,0.9998569488525391,0.4676225781440735,0.6437238454818726,-0.0053459517657756805,0.9411132335662842,0.9997887015342712,0.3662049174308777,0.633521556854248,0.44271260499954224,0.4554784297943115,0.9998568296432495,0.47176721692085266,0.6408500671386719,0.022305261343717575,0.9369722604751587,0.9997941851615906,0.3672614097595215,0.6320356130599976,0.4545738995075226,0.4727855920791626,0.9999089241027832,0.4643707573413849,0.6400524377822876,0.04249135032296181,0.9161437749862671,0.9998656511306763,0.2942480444908142,0.49558597803115845,0.13027238845825195,0.9994606971740723,0.9997389912605286,0.29949748516082764,0.5002514719963074,-0.12975670397281647,0.9998173117637634,0.9998117089271545,0.24131357669830322,0.568259596824646,0.05966144800186157,0.3337976932525635,0.9993576407432556,0.2398078739643097,0.5715351700782776,-0.18843571841716766,0.9606183767318726,0.9998493194580078,0.13854610919952393,0.6058046221733093,0.04184561222791672,0.3009353280067444,0.998845100402832,0.10824517160654068,0.6139769554138184,-0.2707855999469757,0.952518880367279,0.999290943145752,0.12364892661571503,0.6057112812995911,0.034817811101675034,0.5774174928665161,0.9985842704772949,0.08322667330503464,0.6146644353866577,-0.28249406814575195,0.9609254598617554,0.9986730813980103,0.13484665751457214,0.6354614496231079,-0.020339922979474068,0.47889116406440735,0.9978723526000977,0.11927749961614609,0.6449323892593384,-0.3738294839859009,0.9361615777015686,0.9972460269927979
17,578,True,0.4830852448940277,0.5531884431838989,0.3320053219795227,0.9994062781333923,0.9999009370803833,0.48746898770332336,0.5479177832603455,0.3572483956813812,0.9991312026977539,0.9998694658279419,0.4868970215320587,0.5473446846008301,0.3572322428226471,0.9990395307540894,0.9998822212219238,0.4862518310546875,0.5462529063224792,0.3573334515094757,0.9994137287139893,0.9998862743377686,0.4885711669921875,0.5489532351493835,0.31371062994003296,0.9993058443069458,0.99983811378479,0.4884088337421417,0.5485466718673706,0.3136928975582123,0.9991806745529175,0.9998296499252319,0.4888658821582794,0.547339141368866,0.3138587176799774,0.9993603825569153,0.9998061060905457,0.47658395767211914,0.5380609035491943,0.40398675203323364,0.999390184879303,0.9998824596405029,0.48309463262557983,0.5404823422431946,0.2215905785560608,0.9989731311798096,0.9997581839561462,0.46722131967544556,0.5509861707687378,0.3579470217227936,0.999266505241394,0.9999287128448486,0.4710143506526947,0.5520768165588379,0.3026368319988251,0.9991867542266846,0.9999148845672607,0.4140717685222626,0.5247571468353271,0.4562057554721832,0.9996292591094971,0.9999243021011353,0.45164191722869873,0.5372741222381592,0.054807987064123154,0.9999210834503174,0.9999325275421143,0.3611781597137451,0.5767101049423218,0.5055684447288513,0.302978515625,0.9999772310256958,0.43965843319892883,0.5883834958076477,-0.03332064300775528,0.96114581823349,0.9999568462371826,0.3388313353061676,0.6251277923583984,0.4552767872810364,0.49097585678100586,0.9998711347579956,0.4478111267089844,0.6383234262466431,-0.010806741192936897,0.9569222927093506,0.9998406171798706,0.3441678285598755,0.6334594488143921,0.4604208767414093,0.4567485749721527,0.9997121691703796,0.46713846921920776,0.6439905166625977,-0.054883480072021484,0.9436008930206299,0.9996193647384644,0.3544488549232483,0.6343141794204712,0.41718971729278564,0.4591723680496216,0.9997132420539856,0.4712750017642975,0.6408990025520325,-0.019543366506695747,0.9396235942840576,0.9996460676193237,0.3471243381500244,0.6327768564224243,0.4301906228065491,0.4763333201408386,0.999813973903656,0.46431243419647217,0.6400497555732727,0.0015827278839424253,0.9195562601089478,0.9997714161872864,0.28606730699539185,0.4965997338294983,0.13311783969402313,0.9994571805000305,0.9995644688606262,0.29839688539505005,0.500231146812439,-0.13256590068340302,0.9998054504394531,0.9996565580368042,0.23088505864143372,0.5678945183753967,0.07121215760707855,0.33038273453712463,0.9990335702896118,0.2431875467300415,0.5708735585212708,-0.19162023067474365,0.9590508937835693,0.9996786117553711,0.13125577569007874,0.6060449481010437,0.051119428128004074,0.2973266541957855,0.9977808594703674,0.11898060142993927,0.6099625825881958,-0.2559848427772522,0.9446499347686768,0.9982958436012268,0.11716142296791077,0.6058992147445679,0.04212360084056854,0.5709668397903442,0.9971300959587097,0.09687463939189911,0.6102769374847412,-0.26537054777145386,0.9553888440132141,0.9970459342002869,0.12456855922937393,0.6350331902503967,-0.015032225288450718,0.47552523016929626,0.9955556988716125,0.11935362219810486,0.6389318704605103,-0.347610205411911,0.9295869469642639,0.9948740601539612
18,612,True,0.48230209946632385,0.5526617765426636,0.31916162371635437,0.999397873878479,0.9997612833976746,0.48778995871543884,0.5471141934394836,0.3449048697948456,0.9991168975830078,0.9996823072433472,0.48660922050476074,0.5465010404586792,0.3448421061038971,0.9990229606628418,0.999721109867096,0.4859922528266907,0.545606255531311,0.34485357999801636,0.9994121193885803,0.9997404217720032,0.4886532723903656,0.5477463006973267,0.30559641122817993,0.9992853999137878,0.9995864033699036,0.4885022044181824,0.5473455786705017,0.3054591417312622,0.999151885509491,0.9995648264884949,0.48881903290748596,0.5464957356452942,0.30558323860168457,0.9993430376052856,0.9995068311691284,0.476645290851593,0.5373156666755676,0.405023992061615,0.9993650317192078,0.9997562766075134,0.4829912781715393,0.5400515198707581,0.2332611232995987,0.998926043510437,0.999390721321106,0.4669102430343628,0.5505351424217224,0.3424527943134308,0.9992673993110657,0.9998795986175537,0.4704558551311493,0.5515223741531372,0.2904976010322571,0.9991569519042969,0.9998347759246826,0.4103747606277466,0.5252014398574829,0.45581647753715515,0.9996403455734253,0.999903678894043,0.44884970784187317,0.5343173742294312,0.06573529541492462,0.9999197721481323,0.9998577833175659,0.3617857098579407,0.576129138469696,0.49770301580429077,0.2970423400402069,0.9999653100967407,0.43902915716171265,0.5885002613067627,-0.012130800634622574,0.9625347256660461,0.99991774559021,0.3364899456501007,0.625092625617981,0.4589552581310272,0.48911184072494507,0.9998224377632141,0.4478929340839386,0.6383110284805298,0.01541683916002512,0.9581612348556519,0.9997031092643738,0.3460550308227539,0.6331557631492615,0.46711477637290955,0.4582640528678894,0.9996219873428345,0.4670731723308563,0.643877387046814,-0.02472352795302868,0.945015549659729,0.999313235282898,0.3555189371109009,0.6343761086463928,0.4275522828102112,0.46093231439590454,0.999624490737915,0.47127068042755127,0.6409518122673035,0.008785037323832512,0.941184401512146,0.9993676543235779,0.34880727529525757,0.6324959993362427,0.4374482035636902,0.47786977887153625,0.999761164188385,0.4643060863018036,0.6400214433670044,0.027246018871665,0.9215518832206726,0.999588668346405,0.2781834602355957,0.4998285174369812,0.13099437952041626,0.9994410872459412,0.9993016719818115,0.29425427317619324,0.50206458568573,-0.13049107789993286,0.9997649192810059,0.9993789196014404,0.233306422829628,0.5712715983390808,0.07421364635229111,0.3429482877254486,0.9988178610801697,0.26083171367645264,0.570713460445404,-0.19160984456539154,0.9581000804901123,0.9992455244064331,0.13438297808170319,0.6085227727890015,0.050504688173532486,0.30644088983535767,0.9954778552055359,0.1513102650642395,0.6044958233833313,-0.22909143567085266,0.9330120086669922,0.9958725571632385,0.11978305131196976,0.6073495149612427,0.04150743409991264,0.5719269514083862,0.9942190647125244,0.13241524994373322,0.6053751111030579,-0.2350248098373413,0.9457471370697021,0.9940723776817322,0.12906011939048767,0.6369102001190186,-0.017273778095841408,0.48300808668136597,0.9897242784500122,0.1442270576953888,0.626255452632904,-0.30370646715164185,0.9190969467163086,0.9909467697143555
19,646,True,0.48195961117744446,0.5519710779190063,0.2679845094680786,0.9993659853935242,0.9996507167816162,0.48807576298713684,0.5462468862533569,0.29155948758125305,0.999076783657074,0.9995114803314209,0.48707717657089233,0.5456250905990601,0.2914826571941376,0.9989837408065796,0.9995585083961487,0.4864763021469116,0.5448018312454224,0.29144179821014404,0.9993911385536194,0.9995724558830261,0.4900199770927429,0.5467888712882996,0.25328126549720764,0.999254047870636,0.9993993043899536,0.48977288603782654,0.5464029312133789,0.2531370222568512,0.9991226196289062,0.9993693232536316,0.48988229036331177,0.5457566976547241,0.25324010848999023,0.9993200302124023,0.9992819428443909,0.4777693450450897,0.5367754697799683,0.3563137948513031,0.9993208646774292,0.9995704293251038,0.4839402139186859,0.5387310981750488,0.18536832928657532,0.9988654851913452,0.9990854263305664,0.46715736389160156,0.5500818490982056,0.29185232520103455,0.9992460608482361,0.9997958540916443,0.4701666533946991,0.5507979393005371,0.24112769961357117,0.9991164803504944,0.9997439980506897,0.4106236398220062,0.5251715779304504,0.4168810248374939,0.9996322393417358,0.999829888343811,0.44733020663261414,0.533660352230072,0.028276115655899048,0.9999109506607056,0.9997474551200867,0.36826223134994507,0.5761359333992004,0.4540012776851654,0.2946459650993347,0.999932050704956,0.4379420876502991,0.5891645550727844,-0.029083434492349625,0.9619753360748291,0.9998193383216858,0.36481472849845886,0.62354576587677,0.4082792103290558,0.48611563444137573,0.9996943473815918,0.4478522837162018,0.6383315324783325,0.012712475843727589,0.9570322036743164,0.9993810653686523,0.3725273609161377,0.63032066822052,0.4148927927017212,0.457716703414917,0.9993438124656677,0.4671246409416199,0.6438741087913513,-0.02971913479268551,0.9437801837921143,0.9986509680747986,0.37117141485214233,0.6330255270004272,0.3803587257862091,0.4603410065174103,0.9993372559547424,0.4712931215763092,0.6409230828285217,0.006435952614992857,0.9400478005409241,0.9987383484840393,0.37439247965812683,0.6307933926582336,0.38914862275123596,0.4769458472728729,0.9995681643486023,0.46447956562042236,0.6400198340415955,0.025956550613045692,0.9204139709472656,0.9991426467895508,0.2725207209587097,0.5005120635032654,0.13057202100753784,0.9993531107902527,0.9983914494514465,0.2866811752319336,0.5027106404304504,-0.1301066130399704,0.9996926784515381,0.9985167384147644,0.23644331097602844,0.5708619952201843,0.08200378715991974,0.33889248967170715,0.9979977011680603,0.2724226415157318,0.5718165636062622,-0.17471738159656525,0.9548391699790955,0.9991494417190552,0.1407899707555771,0.6124792695045471,0.09599530696868896,0.3008924722671509,0.9942483901977539,0.15564648807048798,0.6146835088729858,-0.19577068090438843,0.9239497780799866,0.9960184693336487,0.12599433958530426,0.612415611743927,0.09321116656064987,0.5592016577720642,0.992824912071228,0.13338960707187653,0.6172769069671631,-0.20004798471927643,0.9371281862258911,0.9937354922294617,0.1333020031452179,0.6381536722183228,0.038526587188243866,0.47505253553390503,0.9892480969429016,0.15343280136585236,0.6390507221221924,-0.27226802706718445,0.9102097153663635,0.9893105030059814
20,680,True,0.4790361523628235,0.5515644550323486,0.273401141166687,0.9993821382522583,0.9998892545700073,0.4854676425457001,0.5461057424545288,0.29641807079315186,0.9991114139556885,0.999830961227417,0.4827871024608612,0.5454458594322205,0.2963537275791168,0.9990202188491821,0.999840259552002,0.48242637515068054,0.544676661491394,0.296332985162735,0.999415397644043,0.9998358488082886,0.48688557744026184,0.546556830406189,0.2580280005931854,0.9992842674255371,0.9998100399971008,0.4868870675563812,0.5461745858192444,0.2578745186328888,0.9991604685783386,0.9998050332069397,0.48702219128608704,0.5456035137176514,0.2579883933067322,0.9993522763252258,0.9997777342796326,0.4759395718574524,0.5366136431694031,0.35760796070098877,0.9993387460708618,0.9998331069946289,0.4825141131877899,0.5381824970245361,0.18622945249080658,0.9989116191864014,0.9997279047966003,0.462655246257782,0.5473175644874573,0.29634734988212585,0.9992688894271851,0.9999231100082397,0.468207985162735,0.5483106970787048,0.24540016055107117,0.9991426467895508,0.9999147653579712,0.410137802362442,0.5238604545593262,0.419441819190979,0.9996441602706909,0.9999170303344727,0.44588467478752136,0.5314834117889404,0.027428068220615387,0.9999133944511414,0.9999065399169922,0.37733030319213867,0.5727970600128174,0.46039652824401855,0.2838354706764221,0.9999595880508423,0.4364490807056427,0.5888572931289673,-0.018053706735372543,0.9620298743247986,0.9999237060546875,0.38938963413238525,0.6181269884109497,0.4304801821708679,0.47168928384780884,0.9998193383216858,0.4477299451828003,0.6380257606506348,0.06173715740442276,0.9551538228988647,0.9996662139892578,0.39725664258003235,0.6240542531013489,0.4373759925365448,0.4479597806930542,0.9995848536491394,0.46701890230178833,0.6436275243759155,0.03524334728717804,0.9413902163505554,0.999173104763031,0.40106379985809326,0.6273239850997925,0.4067061245441437,0.4504486322402954,0.9995693564414978,0.4713764488697052,0.6407822370529175,0.05911541357636452,0.9376810789108276,0.9991839528083801,0.39950403571128845,0.6256265640258789,0.4130948781967163,0.4669714868068695,0.9997348189353943,0.46439653635025024,0.6398237943649292,0.0715855285525322,0.9181522727012634,0.9994829893112183,0.26672667264938354,0.5014609098434448,0.1306382566690445,0.999349057674408,0.9993583559989929,0.27916815876960754,0.5039006471633911,-0.1301872432231903,0.9996886849403381,0.9994034767150879,0.23810693621635437,0.5730845332145691,0.09273039549589157,0.33633482456207275,0.9991940855979919,0.27054816484451294,0.57460618019104,-0.16983942687511444,0.9539210796356201,0.9996994733810425,0.14166824519634247,0.6157922744750977,0.09666703641414642,0.30133482813835144,0.9977503418922424,0.1459318846464157,0.6167529821395874,-0.20080098509788513,0.9202620387077332,0.9983330368995667,0.12627820670604706,0.615165114402771,0.09209296852350235,0.5564050078392029,0.9971430897712708,0.1230984553694725,0.6178886294364929,-0.20564059913158417,0.9337231516838074,0.997288703918457,0.1272134631872177,0.6422286629676819,0.04273267462849617,0.4767765998840332,0.9949400424957275,0.14508888125419617,0.6454089283943176,-0.2667693793773651,0.9076123237609863,0.994681179523468
21,714,True,0.4788150489330292,0.5515154600143433,0.22884239256381989,0.9994232654571533,0.9999550580978394,0.4852900505065918,0.5464230179786682,0.24803633987903595,0.9991759657859802,0.999929666519165,0.48236483335494995,0.5456759929656982,0.24799564480781555,0.9990901947021484,0.9999328851699829,0.48238977789878845,0.5445504188537598,0.2479921132326126,0.9994577169418335,0.99992835521698,0.48666542768478394,0.5467985272407532,0.209524005651474,0.999336838722229,0.9999232292175293,0.4867100715637207,0.5464097261428833,0.2093881219625473,0.9992217421531677,0.9999210834503174,0.4869239926338196,0.5459959506988525,0.2094999998807907,0.9994004368782043,0.9999098777770996,0.47591447830200195,0.5362577438354492,0.3066386878490448,0.9993841648101807,0.9999294281005859,0.48239821195602417,0.538201093673706,0.13408318161964417,0.9989885091781616,0.9999092817306519,0.46274226903915405,0.5475156307220459,0.2525065839290619,0.999309241771698,0.9999634027481079,0.468164324760437,0.5485551953315735,0.20124730467796326,0.9991957545280457,0.9999639987945557,0.4099138081073761,0.5203644037246704,0.38153958320617676,0.9996633529663086,0.9999309778213501,0.4417587220668793,0.5319252014160156,-0.007680755108594894,0.9999194145202637,0.9999603033065796,0.3791334927082062,0.5692808628082275,0.4395829439163208,0.275844007730484,0.9999523162841797,0.435721755027771,0.5902115106582642,-0.026762580499053,0.9620712995529175,0.9999476671218872,0.39843788743019104,0.6143852472305298,0.41794687509536743,0.46333831548690796,0.9998817443847656,0.44807571172714233,0.638030469417572,0.045417506247758865,0.9545809030532837,0.9997802376747131,0.4107884168624878,0.6202057600021362,0.4298992156982422,0.443129301071167,0.9997304081916809,0.47000715136528015,0.6436718106269836,0.01477720309048891,0.9405032992362976,0.9994251728057861,0.41465461254119873,0.6238497495651245,0.396746963262558,0.44535186886787415,0.9997226595878601,0.47307318449020386,0.6407833099365234,0.040318019688129425,0.9367683529853821,0.9994513392448425,0.41055306792259216,0.6225189566612244,0.40078210830688477,0.46170228719711304,0.9998283386230469,0.465207040309906,0.6397379040718079,0.055248770862817764,0.9172857403755188,0.9996649026870728,0.26361507177352905,0.5025101900100708,0.13067489862442017,0.9993709921836853,0.9996147155761719,0.27174726128578186,0.5073817372322083,-0.1302308887243271,0.9997110366821289,0.9997581839561462,0.2513269782066345,0.5690053105354309,0.13456304371356964,0.3260883688926697,0.9994280934333801,0.2454611212015152,0.5759086012840271,-0.17241498827934265,0.9551255106925964,0.999882698059082,0.14945802092552185,0.6012061238288879,0.22128814458847046,0.298175185918808,0.9986718893051147,0.09282044321298599,0.6174859404563904,-0.20402215421199799,0.9248409271240234,0.9990718364715576,0.13190396130084991,0.5994077324867249,0.22648991644382477,0.552261471748352,0.9983731508255005,0.06592928618192673,0.6174907088279724,-0.20836256444454193,0.9364341497421265,0.9981287121772766,0.1293073296546936,0.6270336508750916,0.19974221289157867,0.4757364094257355,0.9978482723236084,0.09529327601194382,0.6473278999328613,-0.27888917922973633,0.9122913479804993,0.9958536624908447
22,748,True,0.4795023500919342,0.5509753227233887,0.24830402433872223,0.9994715452194214,0.9999890327453613,0.4855552613735199,0.5452591180801392,0.27001211047172546,0.9992466568946838,0.9999821186065674,0.4834195077419281,0.5444930791854858,0.2699598968029022,0.999167799949646,0.9999828338623047,0.48239666223526,0.5434790253639221,0.2699495553970337,0.9995043277740479,0.9999815225601196,0.4868503510951996,0.5457340478897095,0.23117737472057343,0.9993939399719238,0.9999802112579346,0.4868868589401245,0.5453922748565674,0.23104184865951538,0.9992883801460266,0.9999796152114868,0.48708203434944153,0.5450003743171692,0.23116670548915863,0.9994522929191589,0.9999762773513794,0.4761057198047638,0.5351407527923584,0.33023571968078613,0.9994343519210815,0.999981164932251,0.48251041769981384,0.5372669696807861,0.15700598061084747,0.9990718364715576,0.999975323677063,0.46274974942207336,0.5472503304481506,0.27184006571769714,0.9993618130683899,0.99998939037323,0.46856069564819336,0.5485385656356812,0.2200867086648941,0.9992586970329285,0.9999892711639404,0.40992966294288635,0.5192945003509521,0.3971713185310364,0.9996877312660217,0.9999700784683228,0.44036510586738586,0.5321163535118103,-0.0038562866393476725,0.999925971031189,0.9999853372573853,0.3786313235759735,0.5671147704124451,0.44846662878990173,0.26852259039878845,0.9999814033508301,0.4354097247123718,0.5905968546867371,-0.008416231721639633,0.9622816443443298,0.9999817609786987,0.39987191557884216,0.6125085949897766,0.42500653862953186,0.45898136496543884,0.9999605417251587,0.44815686345100403,0.637945830821991,0.06773681938648224,0.9546037316322327,0.9999167919158936,0.41369691491127014,0.6182560920715332,0.43964046239852905,0.4418284595012665,0.9999077320098877,0.4706772267818451,0.6434520483016968,0.03771562874317169,0.9403839707374573,0.9997654557228088,0.4175596833229065,0.6222072839736938,0.4070620536804199,0.4435700476169586,0.9999058246612549,0.47319263219833374,0.6406563520431519,0.06366992741823196,0.9365931749343872,0.9997761845588684,0.41297152638435364,0.621104896068573,0.4089326560497284,0.4594917595386505,0.9999438524246216,0.4664599895477295,0.6394802927970886,0.07753821462392807,0.917144775390625,0.9998700618743896,0.2623243033885956,0.5034163594245911,0.13021685183048248,0.9994141459465027,0.9998698234558105,0.2736205458641052,0.5098381638526917,-0.1297571063041687,0.9997358918190002,0.9999369382858276,0.2510608732700348,0.5659662485122681,0.13603927195072174,0.32307836413383484,0.9998133778572083,0.2406163513660431,0.5766857266426086,-0.172695592045784,0.9569881558418274,0.9999668598175049,0.15305054187774658,0.597359836101532,0.216511070728302,0.30173259973526,0.9995694756507874,0.09233778715133667,0.6198339462280273,-0.21408401429653168,0.9295797348022461,0.9997316002845764,0.13576605916023254,0.5958786606788635,0.21952052414417267,0.5554149746894836,0.999446451663971,0.06432192772626877,0.6188795566558838,-0.22004741430282593,0.9395749568939209,0.9994328618049622,0.13120220601558685,0.6227821707725525,0.18659226596355438,0.4837278127670288,0.9991764426231384,0.09584151208400726,0.6482648253440857,-0.29480576515197754,0.9174636006355286,0.9986207485198975
23,782,True,0.4789821207523346,0.5504235029220581,0.2563195824623108,0.9994527101516724,0.9999098777770996,0.48566657304763794,0.5446231365203857,0.278457373380661,0.9992251992225647,0.9998646974563599,0.48338285088539124,0.5438826680183411,0.2784057855606079,0.9991426467895508,0.9998705387115479,0.48236313462257385,0.5429888367652893,0.27840039134025574,0.9994935989379883,0.9998655319213867,0.48673194646835327,0.5459627509117126,0.23972642421722412,0.9993797540664673,0.9998549222946167,0.48698854446411133,0.5446733236312866,0.2395855188369751,0.9992730021476746,0.9998533725738525,0.4871920347213745,0.5442386865615845,0.2397104948759079,0.9994468688964844,0.9998363256454468,0.476027250289917,0.5345927476882935,0.3382863700389862,0.9993881583213806,0.9998689889907837,0.4825257956981659,0.5363367795944214,0.16485589742660522,0.9990481734275818,0.9998266100883484,0.4626733064651489,0.547160804271698,0.27951574325561523,0.9993364810943604,0.9999446868896484,0.4676938056945801,0.548275887966156,0.22789683938026428,0.999237596988678,0.999944806098938,0.4099452495574951,0.5191659331321716,0.4021827280521393,0.9997014999389648,0.9999433755874634,0.43787145614624023,0.5317835211753845,0.007093480788171291,0.9999296069145203,0.9999561309814453,0.37844929099082947,0.5666314959526062,0.44865626096725464,0.2562825381755829,0.9999738931655884,0.4328046441078186,0.5901055335998535,-0.008790831081569195,0.9628120064735413,0.9999567270278931,0.39365795254707336,0.6127573251724243,0.4190383851528168,0.4439506530761719,0.999887228012085,0.4472860097885132,0.6377795338630676,0.05607033148407936,0.95436030626297,0.9997950196266174,0.4048587381839752,0.6197730302810669,0.42818865180015564,0.4304277002811432,0.9997405409812927,0.4676920175552368,0.6430761218070984,0.023639341816306114,0.9396708011627197,0.9994654059410095,0.40552833676338196,0.6233659982681274,0.3930773138999939,0.4320458471775055,0.9997372031211853,0.470611572265625,0.6404226422309875,0.052991416305303574,0.9358618855476379,0.9995068311691284,0.4071180522441864,0.6217623949050903,0.4007396697998047,0.448129266500473,0.9998346567153931,0.4635815918445587,0.6393623352050781,0.06684364378452301,0.91624915599823,0.9996945858001709,0.26061442494392395,0.5050772428512573,0.13036692142486572,0.9994379878044128,0.9997759461402893,0.2702935039997101,0.509729266166687,-0.12990131974220276,0.9997473955154419,0.9998268485069275,0.23698359727859497,0.5682114362716675,0.12259891629219055,0.32251960039138794,0.9996943473815918,0.2455553412437439,0.5760557055473328,-0.16455186903476715,0.9525763988494873,0.9998674392700195,0.13140273094177246,0.6075334548950195,0.19430069625377655,0.30545008182525635,0.9990720748901367,0.11292917281389236,0.6169898509979248,-0.17726801335811615,0.9206804633140564,0.999226450920105,0.11359970271587372,0.6060010194778442,0.2120884209871292,0.553866982460022,0.9986833930015564,0.09062150120735168,0.6160548329353333,-0.1811608225107193,0.9316856265068054,0.9987136125564575,0.1197536438703537,0.6365287899971008,0.1452433168888092,0.48930975794792175,0.9977516531944275,0.10692844539880753,0.6481958031654358,-0.24234366416931152,0.9113172888755798,0.9976150989532471
24,816,True,0.48097798228263855,0.5504802465438843,0.10150523483753204,0.99941486120224,0.999373733997345,0.4873710572719574,0.5447992086410522,0.11464447528123856,0.999211311340332,0.9991111159324646,0.4859157204627991,0.5440574884414673,0.11457086354494095,0.999126136302948,0.9991476535797119,0.4860762357711792,0.5428016185760498,0.11450227349996567,0.999485433101654,0.999101996421814,0.4884989857673645,0.5458086729049683,0.07679938524961472,0.9993544220924377,0.9990617632865906,0.4885343313217163,0.5447667837142944,0.07669775933027267,0.9992453455924988,0.9990455508232117,0.488555908203125,0.5443000793457031,0.07673566788434982,0.9994282126426697,0.9989402890205383,0.4783499836921692,0.5344936847686768,0.17011260986328125,0.9993733763694763,0.9991777539253235,0.4828260540962219,0.5364486575126648,-0.00017768268298823386,0.999017596244812,0.9988901019096375,0.4669088125228882,0.5472158789634705,0.12530823051929474,0.9992945194244385,0.9996628761291504,0.4700244963169098,0.548101544380188,0.07560089230537415,0.9991946816444397,0.9996404647827148,0.41086477041244507,0.5192261934280396,0.2723570466041565,0.9996970295906067,0.9998018145561218,0.43725597858428955,0.5324605703353882,-0.137940913438797,0.9999265074729919,0.9998053908348083,0.3588277995586395,0.5622650384902954,0.3337305784225464,0.24775990843772888,0.9998136162757874,0.432089239358902,0.5899580717086792,-0.176533043384552,0.964408278465271,0.9998031258583069,0.34593915939331055,0.613854706287384,0.2758753299713135,0.42239952087402344,0.9986238479614258,0.44649505615234375,0.6376019716262817,-0.12081248313188553,0.9543481469154358,0.9990130662918091,0.34743911027908325,0.6203383207321167,0.2820928394794464,0.4123546779155731,0.9974409341812134,0.4653022289276123,0.6427162885665894,-0.15959538519382477,0.9390491247177124,0.9977496266365051,0.35401564836502075,0.6240321397781372,0.23836460709571838,0.41435810923576355,0.9973013997077942,0.4683835804462433,0.6404001116752625,-0.13318181037902832,0.9355189204216003,0.9978682994842529,0.35346102714538574,0.6225000023841858,0.2544253170490265,0.43057262897491455,0.9980022311210632,0.46146872639656067,0.6392231583595276,-0.11126416176557541,0.9161890745162964,0.9984523057937622,0.26002681255340576,0.5045815706253052,0.13089323043823242,0.9994263648986816,0.9993359446525574,0.2641318738460541,0.5091041922569275,-0.1304508000612259,0.9997363686561584,0.9991936087608337,0.23671966791152954,0.572161853313446,0.13741403818130493,0.30945372581481934,0.9978755712509155,0.24261322617530823,0.5826376676559448,-0.14888222515583038,0.9484913349151611,0.999136745929718,0.1317865401506424,0.6103178262710571,0.18047849833965302,0.3068712651729584,0.994602382183075,0.11384846270084381,0.6162869930267334,-0.11242834478616714,0.9160780310630798,0.9954930543899536,0.11465601623058319,0.6082571744918823,0.18471260368824005,0.5472217798233032,0.9930612444877625,0.09418483078479767,0.612856924533844,-0.10622350126504898,0.9255449771881104,0.9931164979934692,0.12121892720460892,0.6406533718109131,0.14204831421375275,0.48759159445762634,0.9919758439064026,0.10805395245552063,0.6481031179428101,-0.14587204158306122,0.9075056910514832,0.9901543855667114
25,850,True,0.48188844323158264,0.5505245923995972,0.10716457664966583,0.9994478821754456,0.999816358089447,0.48861315846443176,0.5449170470237732,0.12230908125638962,0.9992597699165344,0.9997097849845886,0.4874799847602844,0.5441745519638062,0.12225201725959778,0.9991796016693115,0.9997232556343079,0.48648861050605774,0.5428780913352966,0.12220172584056854,0.9995176792144775,0.9997084736824036,0.4899967312812805,0.5457050800323486,0.08082527667284012,0.9993934035301208,0.9996833801269531,0.49000340700149536,0.5447691679000854,0.08070974051952362,0.9992929697036743,0.9996764659881592,0.4900089204311371,0.544226884841919,0.08076456934213638,0.9994646310806274,0.9996390342712402,0.4787590801715851,0.5345574617385864,0.1863967329263687,0.9994128346443176,0.9997321963310242,0.4833809733390808,0.5364207029342651,-0.0004018670879304409,0.9990789890289307,0.9996479749679565,0.46667954325675964,0.5474878549575806,0.13377781212329865,0.9993295073509216,0.9998964071273804,0.47067469358444214,0.5481445789337158,0.07908018678426743,0.9992398023605347,0.9998974800109863,0.4100803732872009,0.5193756818771362,0.2940140664577484,0.9997128844261169,0.9999270439147949,0.4376152455806732,0.5323396325111389,-0.13338616490364075,0.9999293088912964,0.9999499320983887,0.37032124400138855,0.563805341720581,0.3606831729412079,0.2514687478542328,0.9999498128890991,0.43218231201171875,0.5899542570114136,-0.1650804877281189,0.9664778113365173,0.9999477863311768,0.3665134906768799,0.613939106464386,0.31355756521224976,0.4210655689239502,0.9996770620346069,0.4473016858100891,0.6376856565475464,-0.08541243523359299,0.9566812515258789,0.9996771812438965,0.3720628619194031,0.6208134293556213,0.3254643678665161,0.4124409258365631,0.9993510842323303,0.46560245752334595,0.642604649066925,-0.12187722325325012,0.9417242407798767,0.9991891980171204,0.3774028718471527,0.6244268417358398,0.28377315402030945,0.41449305415153503,0.999300479888916,0.4692908823490143,0.6404004096984863,-0.09375148266553879,0.9384152293205261,0.9992239475250244,0.37345215678215027,0.6226797699928284,0.2926538586616516,0.4307129979133606,0.9995013475418091,0.46216312050819397,0.6392209529876709,-0.07514835149049759,0.9197970628738403,0.9994693398475647,0.2618132531642914,0.5040165781974792,0.13208609819412231,0.9994485378265381,0.9996267557144165,0.26712414622306824,0.507821798324585,-0.13168098032474518,0.9997475743293762,0.9996572732925415,0.2531343400478363,0.5747540593147278,0.13138718903064728,0.3025294840335846,0.999427855014801,0.25259071588516235,0.5821223855018616,-0.1541825234889984,0.9496030211448669,0.9998194575309753,0.13114295899868011,0.6048709750175476,0.19149932265281677,0.31821104884147644,0.9985482096672058,0.10819670557975769,0.6064335703849792,-0.12525741755962372,0.9205480813980103,0.9990585446357727,0.10661808401346207,0.5991017818450928,0.1969592422246933,0.5507592558860779,0.9982478618621826,0.08842065930366516,0.5994653701782227,-0.1211017519235611,0.9276463389396667,0.9984625577926636,0.123381607234478,0.6375423669815063,0.1589357554912567,0.4998898506164551,0.997931718826294,0.10133931785821915,0.6411656141281128,-0.17066605389118195,0.9122869968414307,0.9972225427627563
26,884,True,0.48260706663131714,0.5506770610809326,0.15609779953956604,0.9994933009147644,0.999964714050293,0.48969951272010803,0.5450406670570374,0.19439449906349182,0.9993166923522949,0.9999440908432007,0.4887118935585022,0.5443486571311951,0.19443437457084656,0.9992429614067078,0.9999465942382812,0.48868328332901,0.5429155230522156,0.19454649090766907,0.9995549321174622,0.9999445676803589,0.4912019371986389,0.5457993745803833,0.1357150673866272,0.9994415640830994,0.99993896484375,0.4911969006061554,0.544874370098114,0.13559897243976593,0.9993493556976318,0.9999380111694336,0.49267157912254333,0.5443213582038879,0.13570329546928406,0.9995075464248657,0.9999309778213501,0.48052483797073364,0.5347031354904175,0.2884114682674408,0.9994584321975708,0.9999357461929321,0.4844701588153839,0.5365264415740967,0.04811374470591545,0.9991554021835327,0.9999206066131592,0.46816572546958923,0.5478646159172058,0.19936834275722504,0.9993771314620972,0.9999538660049438,0.47162577509880066,0.5482338070869446,0.11890134960412979,0.9992985725402832,0.999957799911499,0.41023916006088257,0.5204064249992371,0.38495224714279175,0.9997254610061646,0.999896764755249,0.43799889087677,0.5323635339736938,-0.13027122616767883,0.9999331831932068,0.9999552965164185,0.37158092856407166,0.5707882642745972,0.4315592348575592,0.2629951536655426,0.9999680519104004,0.4328276216983795,0.5898303985595703,-0.12800195813179016,0.9684907793998718,0.9999585151672363,0.3860825002193451,0.6158698201179504,0.40337464213371277,0.4304312765598297,0.9998995065689087,0.4473063051700592,0.6378551721572876,-0.0584212988615036,0.959039568901062,0.9998511075973511,0.39869236946105957,0.6220077276229858,0.42024534940719604,0.41785889863967896,0.9997851252555847,0.4666517376899719,0.6425877809524536,-0.11976370215415955,0.9443799257278442,0.9996360540390015,0.4030410051345825,0.6258041858673096,0.38500896096229553,0.41923531889915466,0.9997808337211609,0.4693443775177002,0.6404169797897339,-0.057496506720781326,0.9411327838897705,0.9996646642684937,0.3980391323566437,0.6245084404945374,0.3846590220928192,0.43565407395362854,0.9998549222946167,0.46219757199287415,0.6392409801483154,-0.03938547894358635,0.9230477809906006,0.9997913241386414,0.26662755012512207,0.503897488117218,0.13908007740974426,0.9994680881500244,0.9996071457862854,0.2688869833946228,0.5071792006492615,-0.13861508667469025,0.9997603893280029,0.9997463822364807,0.23185037076473236,0.574116051197052,0.10679110139608383,0.3086174428462982,0.9995458722114563,0.2157929688692093,0.5811889171600342,-0.19609816372394562,0.9513660073280334,0.9998607635498047,0.12282922863960266,0.6068122982978821,0.14792513847351074,0.3291890025138855,0.9991647005081177,0.0701693445444107,0.6079427599906921,-0.2239348143339157,0.9243742227554321,0.9992679953575134,0.10441672801971436,0.6029155850410461,0.1474342942237854,0.559075117111206,0.998923122882843,0.04755008965730667,0.6018655300140381,-0.23074492812156677,0.9297950267791748,0.9985607266426086,0.10831817239522934,0.637894868850708,0.09566617757081985,0.511198878288269,0.9983494281768799,0.07596652954816818,0.6406731605529785,-0.3199138343334198,0.9160210490226746,0.9972092509269714
27,918,True,0.48599180579185486,0.5504178404808044,0.23763321340084076,0.9995295405387878,0.9999728202819824,0.49226897954940796,0.5451213121414185,0.2659776210784912,0.9993601441383362,0.9999555349349976,0.4903630018234253,0.54444420337677,0.26595303416252136,0.9992916584014893,0.9999582767486572,0.49116748571395874,0.5429196357727051,0.2660070061683655,0.999583899974823,0.9999575614929199,0.4938008189201355,0.545857310295105,0.21969100832939148,0.9994799494743347,0.9999492168426514,0.4937845468521118,0.5449064373970032,0.2195553034543991,0.9993950724601746,0.9999479055404663,0.4945884644985199,0.5443578958511353,0.21967901289463043,0.9995420575141907,0.9999418258666992,0.482709676027298,0.5349034667015076,0.34402433037757874,0.9994948506355286,0.9999551773071289,0.4876013398170471,0.5366126894950867,0.14215503633022308,0.9992173314094543,0.9999353885650635,0.47126027941703796,0.5478919744491577,0.26833516359329224,0.9994144439697266,0.9999713897705078,0.47346776723861694,0.5491057634353638,0.20607611536979675,0.9993456602096558,0.9999715089797974,0.41023457050323486,0.5211490392684937,0.4276603162288666,0.999742865562439,0.9999452829360962,0.43939080834388733,0.5336307287216187,-0.03202739730477333,0.999937891960144,0.9999717473983765,0.37040436267852783,0.5714444518089294,0.48823028802871704,0.2722736597061157,0.9999765157699585,0.4344835877418518,0.589917778968811,-0.066788449883461,0.970558762550354,0.9999749660491943,0.37472304701805115,0.6179192066192627,0.4772767424583435,0.4399673044681549,0.9999221563339233,0.4473123848438263,0.6381378173828125,0.022607704624533653,0.9613467454910278,0.9999047517776489,0.39602208137512207,0.6229552030563354,0.49633076786994934,0.4249124526977539,0.9998327493667603,0.4667898714542389,0.6429307460784912,-0.016180643811821938,0.9470363259315491,0.9997546076774597,0.38934525847435,0.6276696920394897,0.4589795768260956,0.42605680227279663,0.9998273849487305,0.46936437487602234,0.6405752897262573,0.021172581240534782,0.9438612461090088,0.9997658133506775,0.3948959410190582,0.6262840032577515,0.45822104811668396,0.44280099868774414,0.9998874664306641,0.46223437786102295,0.6393784284591675,0.036174338310956955,0.9264636039733887,0.9998588562011719,0.266905814409256,0.503872275352478,0.14051944017410278,0.9994919300079346,0.9996874332427979,0.2697696387767792,0.5050440430641174,-0.1400342881679535,0.9997730851173401,0.9997814297676086,0.20906248688697815,0.5692883729934692,0.08919518440961838,0.31973540782928467,0.99958735704422,0.19267764687538147,0.5729304552078247,-0.20535790920257568,0.9534872174263,0.9998663663864136,0.09660764038562775,0.6014149188995361,0.10509839653968811,0.3482101559638977,0.9992896318435669,0.05029049888253212,0.5995889902114868,-0.2562631666660309,0.9287384152412415,0.9993784427642822,0.07972659170627594,0.5989956259727478,0.10060114413499832,0.5736401081085205,0.9991016387939453,0.02721550688147545,0.5966342687606812,-0.2651543915271759,0.9330891370773315,0.9987732768058777,0.07353577762842178,0.6293448805809021,0.04611286520957947,0.5264873504638672,0.9985532164573669,0.03642130643129349,0.6288130879402161,-0.35502859950065613,0.9204931259155273,0.9976109266281128
28,952,True,0.4917975962162018,0.5503072142601013,0.24840565025806427,0.9995526075363159,0.9998493194580078,0.49639689922332764,0.5447100400924683,0.2733364403247833,0.9993942379951477,0.9997791647911072,0.49382591247558594,0.5439878702163696,0.2732779383659363,0.9993274807929993,0.9997896552085876,0.49349886178970337,0.5427118539810181,0.2732865810394287,0.9996060132980347,0.9997894167900085,0.49789923429489136,0.5452861189842224,0.23299875855445862,0.9995040893554688,0.9997424483299255,0.4977194368839264,0.5445259809494019,0.23283682763576508,0.9994186162948608,0.999736487865448,0.4979744255542755,0.5439099073410034,0.23293349146842957,0.999561607837677,0.9997084736824036,0.48650068044662476,0.534443736076355,0.3411511778831482,0.9995227456092834,0.9997871518135071,0.49032309651374817,0.5366064310073853,0.1621163785457611,0.999255359172821,0.999675989151001,0.47395044565200806,0.5479139089584351,0.2736620306968689,0.9994314908981323,0.9998399019241333,0.4791581332683563,0.5491242408752441,0.21965910494327545,0.9993548393249512,0.9998176693916321,0.41079258918762207,0.5211564302444458,0.4168827533721924,0.9997430443763733,0.9997580647468567,0.4421733021736145,0.5336576104164124,-0.0027559068985283375,0.9999390244483948,0.9998546838760376,0.3646877408027649,0.5678401589393616,0.4676661491394043,0.2748861014842987,0.9999057054519653,0.4377102255821228,0.5895735025405884,-0.05947110801935196,0.9720580577850342,0.9999008178710938,0.37090179324150085,0.6179450154304504,0.4435950517654419,0.44115760922431946,0.9997394680976868,0.4474901556968689,0.6375106573104858,0.020553113892674446,0.9626463651657104,0.9995452761650085,0.3940332233905792,0.623133659362793,0.45943573117256165,0.42533808946609497,0.9995043277740479,0.46667617559432983,0.6429481506347656,-0.01796516217291355,0.948535144329071,0.9989868998527527,0.38492918014526367,0.6276556253433228,0.4227650463581085,0.4263567626476288,0.9995040893554688,0.4694320261478424,0.6405879259109497,0.01696004346013069,0.9453926086425781,0.9990416169166565,0.393949419260025,0.6261719465255737,0.42470890283584595,0.4427095651626587,0.9996496438980103,0.46224868297576904,0.6393958330154419,0.034357015043497086,0.9281426072120667,0.9993687272071838,0.26995202898979187,0.5017740726470947,0.13559462130069733,0.9995099306106567,0.9994723200798035,0.27167513966560364,0.501803457736969,-0.13509750366210938,0.9997835159301758,0.9995829463005066,0.21075426042079926,0.569309413433075,0.06988252699375153,0.33341550827026367,0.9987902045249939,0.16918614506721497,0.551211416721344,-0.2186056524515152,0.9557933807373047,0.9993294477462769,0.09491585940122604,0.6021342873573303,0.05190638452768326,0.3689025640487671,0.9972922205924988,0.03565753623843193,0.5563196539878845,-0.28492316603660583,0.931853175163269,0.9961482286453247,0.06671508401632309,0.6027418375015259,0.044590022414922714,0.5871575474739075,0.9964928030967712,0.01633511483669281,0.5515983700752258,-0.2948983609676361,0.9338173866271973,0.9926948547363281,0.08028941601514816,0.6353781223297119,-0.008771801367402077,0.5442981123924255,0.995063841342926,0.011234951205551624,0.5781106948852539,-0.38324233889579773,0.9231945276260376,0.9894590377807617
29,986,True,0.49201303720474243,0.5516281723976135,0.0457790233194828,0.9995073676109314,0.9984992742538452,0.49658045172691345,0.5455825924873352,0.06387891620397568,0.9993398189544678,0.9978576302528381,0.4946010708808899,0.5448163747787476,0.0637856274843216,0.9992662072181702,0.9980091452598572,0.49390605092048645,0.5438469648361206,0.06367932260036469,0.9995628595352173,0.9980772733688354,0.49804022908210754,0.5460098385810852,0.028188694268465042,0.9994193315505981,0.9974345564842224,0.4977785646915436,0.5453386306762695,0.02807762287557125,0.9992942214012146,0.9973553419113159,0.4978189170360565,0.5446586012840271,0.028074733912944794,0.9994533061981201,0.997161865234375,0.48671504855155945,0.5349370837211609,0.13429313898086548,0.9994730949401855,0.9983217120170593,0.4904478192329407,0.5366517305374146,-0.027681952342391014,0.9991396069526672,0.9971293807029724,0.4753454923629761,0.5497554540634155,0.07344937324523926,0.999313473701477,0.9989688396453857,0.4793493151664734,0.5506223440170288,0.026049235835671425,0.99913489818573,0.9986203908920288,0.4171714782714844,0.5248124599456787,0.2334241271018982,0.9997242093086243,0.999377429485321,0.4423570930957794,0.5334259271621704,-0.14175376296043396,0.9999213814735413,0.9988011121749878,0.35974544286727905,0.5688104033470154,0.2688007652759552,0.289597749710083,0.9993876218795776,0.4393094480037689,0.5893617868423462,-0.22448164224624634,0.9732231497764587,0.9988539218902588,0.346550315618515,0.6191189885139465,0.2043321579694748,0.44581082463264465,0.9984771609306335,0.447675496339798,0.637525200843811,-0.2220839411020279,0.9630655646324158,0.9971831440925598,0.350394070148468,0.6269470453262329,0.21507303416728973,0.42915233969688416,0.997721254825592,0.4666873514652252,0.6429520845413208,-0.27467525005340576,0.9483065605163574,0.9957061409950256,0.35890519618988037,0.6293107271194458,0.1743917614221573,0.43073588609695435,0.9977796673774719,0.4695762097835541,0.6405949592590332,-0.24137327075004578,0.9450742602348328,0.9962419271469116,0.3521255850791931,0.6273424625396729,0.18470850586891174,0.44643497467041016,0.998193085193634,0.4623042941093445,0.639367938041687,-0.21229879558086395,0.9273849725723267,0.9970191717147827,0.2773537039756775,0.5017542839050293,0.1246008425951004,0.9995155930519104,0.99931800365448,0.2719561755657196,0.4977816641330719,-0.12426751106977463,0.9997849464416504,0.9988918900489807,0.21613116562366486,0.5721761584281921,0.06782816350460052,0.37464189529418945,0.9974676370620728,0.14423339068889618,0.5109145641326904,-0.21982590854167938,0.958968997001648,0.9952658414840698,0.09779786318540573,0.6061993837356567,0.05778960511088371,0.417374849319458,0.9909986257553101,0.02512534148991108,0.4741732180118561,-0.25570470094680786,0.9364877343177795,0.9816131591796875,0.06973546743392944,0.6029552221298218,0.05521434545516968,0.6135697960853577,0.9887413382530212,0.006736148614436388,0.466967910528183,-0.2513498365879059,0.9348634481430054,0.9706465601921082,0.08120880275964737,0.6374098062515259,-0.0033482282888144255,0.5780203938484192,0.9869909882545471,-0.017156776040792465,0.48993435502052307,-0.3527255654335022,0.9273709654808044,0.9713829755783081
30,1020,True,0.49228715896606445,0.5525897741317749,0.0003407615004107356,0.99953693151474,0.9997469782829285,0.4960004687309265,0.5479367971420288,0.014026924036443233,0.999377429485321,0.9995676875114441,0.4955134987831116,0.5453744530677795,0.01392205711454153,0.9993090629577637,0.9995842576026917,0.49478864669799805,0.5443967580795288,0.013814480043947697,0.9995834231376648,0.99959796667099,0.49740248918533325,0.5485461950302124,-0.0196994636207819,0.9994451403617859,0.999487042427063,0.4972250163555145,0.5480154752731323,-0.019804110750555992,0.9993208646774292,0.9994701743125916,0.49732711911201477,0.5473273396492004,-0.019812308251857758,0.9994674324989319,0.9994309544563293,0.4867978096008301,0.5362771153450012,0.07828982919454575,0.9994958639144897,0.9996569156646729,0.4904220998287201,0.5384894609451294,-0.07519028335809708,0.9991798996925354,0.9994619488716125,0.47645440697669983,0.5508949160575867,0.026730818673968315,0.9993375539779663,0.9998241066932678,0.479791522026062,0.5517795085906982,-0.018084494397044182,0.9991466999053955,0.9997703433036804,0.41869285702705383,0.525090754032135,0.18240182101726532,0.9997326731681824,0.9997299313545227,0.43816930055618286,0.534479022026062,-0.1788518726825714,0.9999196529388428,0.999607264995575,0.35816460847854614,0.569257378578186,0.22242265939712524,0.3042677938938141,0.9996646642684937,0.43987196683883667,0.590309739112854,-0.24027150869369507,0.9744299054145813,0.9995194673538208,0.34709322452545166,0.6192530393600464,0.16476251184940338,0.4521602988243103,0.9993898868560791,0.4455443024635315,0.6380287408828735,-0.22233223915100098,0.9629707336425781,0.9988977909088135,0.35585150122642517,0.6275299787521362,0.1714252233505249,0.4341185688972473,0.9990118741989136,0.4643956422805786,0.6433591842651367,-0.27266478538513184,0.9472415447235107,0.9981245398521423,0.36516863107681274,0.6295268535614014,0.13325366377830505,0.43586865067481995,0.9991081357002258,0.46747666597366333,0.6409515142440796,-0.24356286227703094,0.9437987208366394,0.9984005093574524,0.3595503568649292,0.6276324987411499,0.14576229453086853,0.45037394762039185,0.9992958307266235,0.4608839750289917,0.6396028399467468,-0.21376600861549377,0.9253215789794922,0.9987493753433228,0.2771932780742645,0.5017467141151428,0.11645212024450302,0.999535858631134,0.9997522234916687,0.27197933197021484,0.4900054335594177,-0.1161358505487442,0.9997959136962891,0.9996318817138672,0.21019689738750458,0.5700153112411499,0.10213819146156311,0.4260370433330536,0.9991469383239746,0.14701665937900543,0.46369147300720215,-0.1851351261138916,0.9625630378723145,0.9986244440078735,0.09487678855657578,0.6087039709091187,0.12549720704555511,0.46976783871650696,0.996880292892456,0.03753627836704254,0.41268038749694824,-0.14154624938964844,0.9421824216842651,0.9948167204856873,0.06966770440340042,0.6046568155288696,0.12812989950180054,0.6444031596183777,0.9962484240531921,0.01179349422454834,0.4118945598602295,-0.1390838772058487,0.938310444355011,0.9913023710250854,0.08935936540365219,0.6411821246147156,0.07396141439676285,0.6135715842247009,0.9946610331535339,-0.0026710652746260166,0.4153514504432678,-0.23638544976711273,0.9329538941383362,0.9903945326805115
31,1054,True,0.49048343300819397,0.5525633692741394,-0.12826785445213318,0.9995565414428711,0.9996504783630371,0.4956032633781433,0.5477320551872253,-0.11177144944667816,0.9993788003921509,0.9995286464691162,0.4949636161327362,0.54535973072052,-0.11188077181577682,0.9993366003036499,0.9995595812797546,0.49429503083229065,0.5443888902664185,-0.11202351003885269,0.9995754957199097,0.9995936751365662,0.49719512462615967,0.5483604669570923,-0.14717355370521545,0.9994454383850098,0.9994258880615234,0.4971702992916107,0.5478532314300537,-0.14723023772239685,0.9993351101875305,0.9994010925292969,0.4971248209476471,0.5471514463424683,-0.14723792672157288,0.9994434714317322,0.9993628859519958,0.48679816722869873,0.5358136296272278,-0.021506620571017265,0.9994989037513733,0.9996684789657593,0.490224152803421,0.5375629663467407,-0.1821841150522232,0.9992117881774902,0.9993830919265747,0.47579386830329895,0.5508213639259338,-0.09200776368379593,0.9993214011192322,0.9997865557670593,0.47731783986091614,0.5516789555549622,-0.13871096074581146,0.999106228351593,0.9997028708457947,0.4233688712120056,0.5259091258049011,0.11163712292909622,0.9997347593307495,0.9997788071632385,0.43821075558662415,0.5307497382164001,-0.27209389209747314,0.9999133944511414,0.9994841814041138,0.358643501996994,0.5695739388465881,0.13588936626911163,0.32461094856262207,0.9998261332511902,0.435425341129303,0.584989070892334,-0.3617086112499237,0.9752981662750244,0.9994268417358398,0.35798272490501404,0.619284987449646,0.0409802570939064,0.46428728103637695,0.999263346195221,0.44332313537597656,0.637819230556488,-0.3883024752140045,0.9624263048171997,0.9984642267227173,0.35857993364334106,0.627469003200531,0.03819495439529419,0.4452628791332245,0.9987340569496155,0.4569844603538513,0.6431492567062378,-0.4543836712837219,0.9458803534507751,0.9976194500923157,0.3679077625274658,0.6292411088943481,-0.003735582809895277,0.4470844268798828,0.9988918900489807,0.4649459421634674,0.640961766242981,-0.4238763451576233,0.9422886371612549,0.9979463219642639,0.3657442629337311,0.6276276111602783,0.019337354227900505,0.4598636031150818,0.9991022348403931,0.4566881060600281,0.6395827531814575,-0.3809163272380829,0.9232959151268005,0.9982696771621704,0.27876120805740356,0.49137550592422485,0.1190551221370697,0.9995628595352173,0.9997891783714294,0.27221545577049255,0.47178250551223755,-0.11871112883090973,0.9998067021369934,0.9995226860046387,0.2123630791902542,0.5605918169021606,0.13806740939617157,0.47706615924835205,0.9991453886032104,0.16507481038570404,0.4325455129146576,-0.1845274567604065,0.9660728573799133,0.9972892999649048,0.13011464476585388,0.6144815683364868,0.1755530834197998,0.5200799703598022,0.994484007358551,0.08313794434070587,0.3687658905982971,-0.10670780390501022,0.9474703669548035,0.9931286573410034,0.11072006076574326,0.6149227619171143,0.17884758114814758,0.6760974526405334,0.9927632212638855,0.08190953731536865,0.35713768005371094,-0.10015596449375153,0.9423913955688477,0.9890734553337097,0.1280403882265091,0.6484956741333008,0.12881317734718323,0.6483418345451355,0.9888970255851746,0.04016101360321045,0.3585551381111145,-0.1856381595134735,0.9383989572525024,0.9871548414230347
32,1088,True,0.4941663444042206,0.5502785444259644,-0.20538629591464996,0.9995310306549072,0.9992363452911377,0.4988434612751007,0.5467481017112732,-0.18172524869441986,0.999332845211029,0.9991801381111145,0.4981576204299927,0.5451358556747437,-0.18187251687049866,0.9993172883987427,0.9992765784263611,0.49737340211868286,0.5443845391273499,-0.18204964697360992,0.9995359182357788,0.9993519186973572,0.5000525712966919,0.5459980368614197,-0.2155960500240326,0.9994021058082581,0.9989432692527771,0.4997529685497284,0.5451253652572632,-0.21569472551345825,0.9992998242378235,0.9989006519317627,0.4994927644729614,0.5440641045570374,-0.2157130390405655,0.9993658065795898,0.998838484287262,0.4882351756095886,0.5364841222763062,-0.06289191544055939,0.9994680881500244,0.9995917677879333,0.49049124121665955,0.5337409973144531,-0.21736778318881989,0.9992111921310425,0.9990278482437134,0.4808325469493866,0.5487664937973022,-0.16026179492473602,0.9992737174034119,0.9997958540916443,0.4815519452095032,0.5476967096328735,-0.20498979091644287,0.9990044832229614,0.999675989151001,0.4227871000766754,0.5293228626251221,0.07667458802461624,0.9997467398643494,0.9999079704284668,0.4388747811317444,0.5230665802955627,-0.295634001493454,0.9999129176139832,0.9995887875556946,0.3542861044406891,0.5697944164276123,0.10326234251260757,0.35448166728019714,0.9998874664306641,0.4354618489742279,0.5748016238212585,-0.39910128712654114,0.9764223098754883,0.9992502331733704,0.34044575691223145,0.6203743815422058,0.006386429537087679,0.4878705143928528,0.9993304014205933,0.4426857531070709,0.637524425983429,-0.4509831666946411,0.9628778100013733,0.998112678527832,0.3452482521533966,0.6295340657234192,0.00027840136317536235,0.46706128120422363,0.9987517595291138,0.43606239557266235,0.6437721252441406,-0.5221512913703918,0.9460970759391785,0.9972842931747437,0.35244858264923096,0.6305351257324219,-0.04169318079948425,0.46941009163856506,0.9989142417907715,0.46443086862564087,0.6413679122924805,-0.49051281809806824,0.942431628704071,0.9977163076400757,0.3510696291923523,0.6290980577468872,-0.01579318940639496,0.4808879494667053,0.999135434627533,0.4564262926578522,0.6396337151527405,-0.44401833415031433,0.9232494235038757,0.9979411959648132,0.2798493206501007,0.48799219727516174,0.11940690875053406,0.9995995163917542,0.9999114274978638,0.28228121995925903,0.45912331342697144,-0.11912227421998978,0.9998210072517395,0.9996242523193359,0.20987413823604584,0.5544995665550232,0.13673073053359985,0.5207323431968689,0.9983878135681152,0.17422659695148468,0.39873233437538147,-0.1818276345729828,0.9690492153167725,0.9937346577644348,0.1285860687494278,0.6078459024429321,0.2277381271123886,0.5576075911521912,0.98990797996521,0.13752728700637817,0.3511260747909546,-0.06128853186964989,0.9506136178970337,0.9832109212875366,0.10833774507045746,0.6088171601295471,0.2387172281742096,0.69718998670578,0.9879773259162903,0.13744927942752838,0.3482007086277008,-0.048181697726249695,0.942218005657196,0.9753026962280273,0.1246216744184494,0.6461780667304993,0.20182056725025177,0.6697196364402771,0.9832057356834412,0.11827000230550766,0.336825966835022,-0.12082850188016891,0.9399129748344421,0.974932849407196
33,1122,True,0.4970953166484833,0.5503249764442444,-0.11054368317127228,0.9995672106742859,0.9998544454574585,0.4991891086101532,0.5465863943099976,-0.08591918647289276,0.9993798732757568,0.9998624324798584,0.49848195910453796,0.5451298952102661,-0.08610157668590546,0.9993736147880554,0.999883770942688,0.49779990315437317,0.5443931221961975,-0.086297906935215,0.9995667338371277,0.9999014139175415,0.5032046437263489,0.5460276007652283,-0.1238594725728035,0.9994485378265381,0.9998088479042053,0.5029892921447754,0.5451686978340149,-0.12397094070911407,0.9993583559989929,0.9997982382774353,0.5028437376022339,0.5441317558288574,-0.12395007163286209,0.9994081258773804,0.9997879862785339,0.4880026876926422,0.5366065502166748,0.022903399541974068,0.9995108246803284,0.9999469518661499,0.4906747043132782,0.5340399742126465,-0.14984528720378876,0.9992831945419312,0.9998447895050049,0.48057204484939575,0.5488029718399048,-0.07034757733345032,0.9993261098861694,0.9999610185623169,0.4813700318336487,0.5477818250656128,-0.12036775797605515,0.9990713596343994,0.9999332427978516,0.4219866096973419,0.5300124883651733,0.1471434235572815,0.9997674822807312,0.9999836683273315,0.44626516103744507,0.5243321657180786,-0.27021315693855286,0.9999183416366577,0.9999179840087891,0.35502439737319946,0.5712555050849915,0.17233195900917053,0.375846803188324,0.9999604225158691,0.4412105083465576,0.5734244585037231,-0.3808256685733795,0.977737307548523,0.9996813535690308,0.3433291018009186,0.6223027110099792,0.07456556707620621,0.5040416717529297,0.9996417760848999,0.4454646110534668,0.6366685628890991,-0.4172375202178955,0.962718665599823,0.9989469647407532,0.3530846834182739,0.6313343644142151,0.07092764973640442,0.48141583800315857,0.9993007183074951,0.45403021574020386,0.6438146233558655,-0.48780199885368347,0.9448448419570923,0.998563826084137,0.3587877154350281,0.6318221688270569,0.030627336353063583,0.4841529130935669,0.9993880987167358,0.4700332581996918,0.6415578126907349,-0.44652965664863586,0.940936267375946,0.9987401366233826,0.35535308718681335,0.6296371221542358,0.05233766883611679,0.4939320981502533,0.9995243549346924,0.4601297974586487,0.6396158933639526,-0.4056814908981323,0.9215726852416992,0.9988860487937927,0.2795213460922241,0.4751998484134674,0.11989420652389526,0.9996381402015686,0.9999654293060303,0.29056230187416077,0.44918903708457947,-0.1195337176322937,0.9998371005058289,0.9997945427894592,0.19734247028827667,0.5355733633041382,0.16306231915950775,0.5660445690155029,0.9995334148406982,0.2008313536643982,0.37827545404434204,-0.12693406641483307,0.9719911813735962,0.9964120984077454,0.13623526692390442,0.6050410270690918,0.28406962752342224,0.5992486476898193,0.9920821189880371,0.2478199601173401,0.3241562247276306,0.09554643929004669,0.9543042778968811,0.9901538491249084,0.12330485135316849,0.6087287664413452,0.29780012369155884,0.7240665555000305,0.9888291954994202,0.2493693232536316,0.32954245805740356,0.12097419053316116,0.9452364444732666,0.9867635369300842,0.1342020183801651,0.6377321481704712,0.26946255564689636,0.6978704929351807,0.9815248250961304,0.23763270676136017,0.30531466007232666,0.08201532065868378,0.9429774284362793,0.9852058291435242
34,1156,True,0.4965254068374634,0.551970362663269,-0.13047143816947937,0.999604344367981,0.9999407529830933,0.4996401369571686,0.5484829545021057,-0.1006152555346489,0.999433696269989,0.9999436140060425,0.49869999289512634,0.5477484464645386,-0.10084536671638489,0.9994292855262756,0.999954342842102,0.4977830648422241,0.5475438237190247,-0.10105904191732407,0.9996034502983093,0.9999620914459229,0.502988874912262,0.5471699833869934,-0.13765472173690796,0.9994972348213196,0.9999097585678101,0.5028337836265564,0.5461372137069702,-0.13780130445957184,0.9994158148765564,0.9999003410339355,0.5027971267700195,0.5449265241622925,-0.13775016367435455,0.999457061290741,0.9998903274536133,0.487737774848938,0.5413787961006165,0.026119690388441086,0.9995547533035278,0.999982476234436,0.49199917912483215,0.536090075969696,-0.14271730184555054,0.9993498921394348,0.999919056892395,0.4800284206867218,0.5517001152038574,-0.08506280183792114,0.9993877410888672,0.9999897480010986,0.4821319580078125,0.5489445924758911,-0.13409516215324402,0.9991523623466492,0.9999781847000122,0.4198959469795227,0.5370081663131714,0.14459477365016937,0.9997896552085876,0.9999966621398926,0.4505825936794281,0.5247634649276733,-0.2573084533214569,0.9999251365661621,0.9999672174453735,0.3510955274105072,0.5731831789016724,0.15096724033355713,0.40526077151298523,0.9999772310256958,0.442862331867218,0.5723605751991272,-0.38086792826652527,0.9795330166816711,0.999859094619751,0.3352107107639313,0.6244823932647705,0.028213702142238617,0.5325431227684021,0.9998528957366943,0.44664064049720764,0.6346235275268555,-0.445966899394989,0.9647901654243469,0.9996352195739746,0.3415854573249817,0.6332906484603882,0.017402546480298042,0.5092634558677673,0.9996912479400635,0.4615990221500397,0.6435516476631165,-0.5188360214233398,0.947346568107605,0.9994133710861206,0.34716862440109253,0.6336216926574707,-0.02156708389520645,0.5123232007026672,0.999728262424469,0.4707792103290558,0.6418921947479248,-0.4781826436519623,0.9435455203056335,0.9995063543319702,0.3495235741138458,0.6315035820007324,0.005129416007548571,0.5198992490768433,0.999797523021698,0.4631445109844208,0.6394573450088501,-0.43502938747406006,0.9248019456863403,0.9995841383934021,0.2792009711265564,0.4704090654850006,0.11471307277679443,0.9996739625930786,0.9999852180480957,0.29996487498283386,0.44169172644615173,-0.11432092636823654,0.9998523592948914,0.9998500347137451,0.16626855731010437,0.5123505592346191,0.06320822238922119,0.6080241799354553,0.9998028874397278,0.2327079325914383,0.361301451921463,-0.13308560848236084,0.9746206998825073,0.9981670379638672,0.06498189270496368,0.55448317527771,0.22510091960430145,0.635834276676178,0.9953500032424927,0.31514787673950195,0.32861703634262085,0.20531082153320312,0.9559659957885742,0.9931297898292542,0.06267093867063522,0.5611594915390015,0.24099133908748627,0.745654821395874,0.9934321045875549,0.3306026756763458,0.3330187201499939,0.2458144724369049,0.946235716342926,0.9926832318305969,0.05912062153220177,0.5874677300453186,0.21084605157375336,0.7216227650642395,0.987858772277832,0.3239096701145172,0.31138208508491516,0.25682368874549866,0.9427854418754578,0.9923146367073059
35,1190,True,0.4868961274623871,0.5536202788352966,-0.1792316436767578,0.9996362328529358,0.999876856803894,0.4873661994934082,0.5516597628593445,-0.14698190987110138,0.999483048915863,0.9998869895935059,0.48645442724227905,0.5512919425964355,-0.14718709886074066,0.9994757771492004,0.9999055862426758,0.48893317580223083,0.5508795380592346,-0.147420272231102,0.9996339082717896,0.999919056892395,0.4970298409461975,0.5480414628982544,-0.1827489286661148,0.9995418787002563,0.9998317956924438,0.49782541394233704,0.5467146635055542,-0.18288230895996094,0.9994658827781677,0.99981290102005,0.4987536072731018,0.5452443361282349,-0.18284542858600616,0.9995011687278748,0.9997907280921936,0.4790496528148651,0.5459131002426147,-0.0023031001910567284,0.9995931386947632,0.9999591112136841,0.4906962215900421,0.5367971658706665,-0.16376689076423645,0.9994094371795654,0.9998179078102112,0.4662623107433319,0.5541985630989075,-0.1254148632287979,0.999442994594574,0.9999734163284302,0.4735746681690216,0.5498586893081665,-0.1727910339832306,0.999225914478302,0.9999449253082275,0.4126446545124054,0.5395358800888062,0.11618100106716156,0.999808132648468,0.9999774694442749,0.4537751376628876,0.5221143960952759,-0.2781151831150055,0.9999286532402039,0.9998496770858765,0.33886370062828064,0.5742620229721069,0.11650871485471725,0.42841652035713196,0.9997401833534241,0.4427315592765808,0.5744679570198059,-0.4210117757320404,0.9813018441200256,0.9992986917495728,0.3249678611755371,0.6245495080947876,-0.015153434127569199,0.5557360649108887,0.9984581470489502,0.4466809928417206,0.6313213109970093,-0.46540147066116333,0.9673787355422974,0.9974205493927002,0.32898834347724915,0.632970929145813,-0.03346002846956253,0.532400906085968,0.9971858859062195,0.4614051878452301,0.6405156850814819,-0.5296834111213684,0.9506608843803406,0.9959024786949158,0.33857962489128113,0.6338748335838318,-0.06647331267595291,0.5358137488365173,0.9972910284996033,0.47044071555137634,0.6404260993003845,-0.49905383586883545,0.9470143914222717,0.9961684346199036,0.33811867237091064,0.631371259689331,-0.03711572289466858,0.5430995225906372,0.9978540539741516,0.4631279408931732,0.6369874477386475,-0.4568922817707062,0.9293344020843506,0.9966669678688049,0.27957355976104736,0.4641445577144623,0.09971760958433151,0.9997052550315857,0.9997954964637756,0.3127632141113281,0.43466266989707947,-0.0992698222398758,0.9998601078987122,0.9984715580940247,0.1824842095375061,0.5131044387817383,-0.15580445528030396,0.6464805006980896,0.999154806137085,0.27979370951652527,0.362787127494812,-0.03510216623544693,0.9767476916313171,0.9940419793128967,0.057154253125190735,0.4889656603336334,0.029412616044282913,0.6705191731452942,0.9880940318107605,0.3187657296657562,0.3201991617679596,0.35917311906814575,0.9567199945449829,0.9568663239479065,0.04720054566860199,0.478520929813385,0.05175076052546501,0.7659857273101807,0.9827186465263367,0.3268185257911682,0.3147079646587372,0.4039340019226074,0.9437115788459778,0.9567577242851257,0.026519911363720894,0.5053899884223938,-0.013091765344142914,0.7455620765686035,0.9597589373588562,0.3073998689651489,0.2951441705226898,0.39753279089927673,0.940936803817749,0.9514042139053345
36,1224,True,0.4787401854991913,0.5597535967826843,-0.22649182379245758,0.9996715188026428,0.999984622001648,0.48179373145103455,0.5598486065864563,-0.19148068130016327,0.9995335340499878,0.9999816417694092,0.4798780083656311,0.5584501624107361,-0.19162724912166595,0.9995260238647461,0.9999829530715942,0.48041054606437683,0.5578476190567017,-0.1917700171470642,0.9996687173843384,0.9999836683273315,0.49019670486450195,0.5526604056358337,-0.22745674848556519,0.999586820602417,0.9999778270721436,0.49026381969451904,0.551409125328064,-0.2276095449924469,0.9995178580284119,0.9999765157699585,0.49049055576324463,0.5499312877655029,-0.22758008539676666,0.9995495676994324,0.9999740123748779,0.4733356833457947,0.5513210892677307,-0.031732939183712006,0.9996324777603149,0.9999908208847046,0.48501166701316833,0.5386435985565186,-0.19230429828166962,0.9994676113128662,0.9999783039093018,0.4603160321712494,0.5613510012626648,-0.16679900884628296,0.9994974732398987,0.9999945163726807,0.46771863102912903,0.5554803609848022,-0.21395984292030334,0.9993014335632324,0.9999914169311523,0.4069133400917053,0.5422503352165222,0.09537629038095474,0.9998257756233215,0.9999864101409912,0.45731744170188904,0.5230982899665833,-0.3080942928791046,0.9999346137046814,0.9999653100967407,0.334155410528183,0.5762620568275452,0.09037359058856964,0.4641185700893402,0.9998140931129456,0.4460480213165283,0.5739241242408752,-0.47184139490127563,0.9830907583236694,0.9996944665908813,0.32165488600730896,0.6249694228172302,-0.03839439898729324,0.5876882076263428,0.9988507032394409,0.4484226107597351,0.6296035051345825,-0.5233822464942932,0.9703582525253296,0.9986742734909058,0.3241989314556122,0.6337207555770874,-0.05992097780108452,0.5628023743629456,0.9977832436561584,0.4626290500164032,0.6391540765762329,-0.5896326899528503,0.9547803401947021,0.9975377321243286,0.33410757780075073,0.6338707804679871,-0.09162164479494095,0.5662096738815308,0.9978341460227966,0.4704204499721527,0.6393337249755859,-0.5594154000282288,0.9513705968856812,0.9976423382759094,0.33356034755706787,0.6317845582962036,-0.06077975034713745,0.5733928084373474,0.9983238577842712,0.46547701954841614,0.6365617513656616,-0.5150665044784546,0.9350974559783936,0.998042106628418,0.2804039716720581,0.46058782935142517,0.09902891516685486,0.9997324347496033,0.9998329877853394,0.32544830441474915,0.43260079622268677,-0.09851420670747757,0.9998680353164673,0.9993684887886047,0.18688006699085236,0.49366363883018494,-0.09717118740081787,0.6810440421104431,0.9993083477020264,0.2940032482147217,0.3516950011253357,-0.03435096889734268,0.9788433313369751,0.9978863596916199,0.06433743983507156,0.4418603777885437,0.09133286029100418,0.7019720673561096,0.9940235018730164,0.3066578209400177,0.29962578415870667,0.30036240816116333,0.9596767425537109,0.9809545278549194,0.06006137654185295,0.4275081157684326,0.10130786895751953,0.7842648029327393,0.9908468127250671,0.307699978351593,0.29298728704452515,0.33582088351249695,0.944483757019043,0.9766779541969299,0.019475480541586876,0.4490872919559479,0.03955540806055069,0.7678190469741821,0.9764273166656494,0.2984599471092224,0.26936790347099304,0.27585840225219727,0.9436172842979431,0.9653661251068115
37,1258,True,0.4679635465145111,0.5626185536384583,-0.1160726249217987,0.9997038841247559,0.9999974966049194,0.4757855236530304,0.5599700212478638,-0.0892048180103302,0.9995795488357544,0.9999969005584717,0.4668334424495697,0.5608922243118286,-0.0893607959151268,0.9995721578598022,0.9999971389770508,0.4661511778831482,0.5604540705680847,-0.0895056203007698,0.9997010231018066,0.9999972581863403,0.4802795946598053,0.5561794638633728,-0.12440633773803711,0.9996277689933777,0.9999959468841553,0.47965675592422485,0.5542048215866089,-0.12453839927911758,0.9995654821395874,0.9999955892562866,0.4801158010959625,0.5527083873748779,-0.12450215965509415,0.9995940327644348,0.9999948740005493,0.46050721406936646,0.5521821975708008,0.05690067261457443,0.9996686577796936,0.9999984502792358,0.47722190618515015,0.541120707988739,-0.1489591747522354,0.999520480632782,0.9999953508377075,0.45459866523742676,0.5611827969551086,-0.07239122688770294,0.9995471835136414,0.9999985694885254,0.4598781168460846,0.5578701496124268,-0.11888627707958221,0.9993705153465271,0.9999977350234985,0.40281856060028076,0.5408285856246948,0.17273150384426117,0.999842643737793,0.9999966621398926,0.45603200793266296,0.5267817974090576,-0.2521919310092926,0.9999403953552246,0.999987006187439,0.33362653851509094,0.5778940916061401,0.22624170780181885,0.4905780553817749,0.999950647354126,0.44610854983329773,0.5741487741470337,-0.37641653418540955,0.9847021102905273,0.9999096393585205,0.31873443722724915,0.6255468726158142,0.13972999155521393,0.6123219132423401,0.9996839761734009,0.44869470596313477,0.6296743154525757,-0.4914259910583496,0.9728993773460388,0.9996211528778076,0.31986168026924133,0.6340972781181335,0.12450292706489563,0.585752546787262,0.9993495345115662,0.46223247051239014,0.6384662389755249,-0.5049522519111633,0.9580001831054688,0.9992320537567139,0.3321895897388458,0.6342728734016418,0.10031084716320038,0.5889713168144226,0.9993351101875305,0.4685600697994232,0.6386226415634155,-0.46902498602867126,0.9547054171562195,0.9992555975914001,0.32951590418815613,0.6319966316223145,0.11923051625490189,0.5966311693191528,0.9995219707489014,0.4641134440898895,0.6362950205802917,-0.5115105509757996,0.9395908713340759,0.9994505047798157,0.2823529839515686,0.45116037130355835,0.10274659097194672,0.9997587203979492,0.999962329864502,0.3323221206665039,0.4287623465061188,-0.10230367630720139,0.9998785853385925,0.9998273849487305,0.1660316288471222,0.4682379364967346,-0.18062366545200348,0.7124612331390381,0.9998728036880493,0.3134036660194397,0.35314080119132996,-0.06259354203939438,0.9807668328285217,0.9994162321090698,0.07476107031106949,0.39404410123825073,-0.0317811481654644,0.7309788465499878,0.9988852143287659,0.35325196385383606,0.3053477704524994,0.2668497860431671,0.9624664187431335,0.9951574206352234,0.0744456872344017,0.3777356445789337,-0.018216142430901527,0.8030682802200317,0.9981383085250854,0.3572978973388672,0.30024608969688416,0.3021409809589386,0.9466462731361389,0.9948617815971375,0.0176693182438612,0.40025871992111206,-0.11699055880308151,0.7895422577857971,0.9935526847839355,0.3455219268798828,0.28003427386283875,0.2597290575504303,0.9468830823898315,0.9910637140274048
38,1292,True,0.45711445808410645,0.5705482959747314,-0.14552201330661774,0.999733030796051,0.9999963045120239,0.46114301681518555,0.5713381767272949,-0.10991407930850983,0.9996209144592285,0.9999954700469971,0.4579320251941681,0.571496844291687,-0.10996431857347488,0.9996135830879211,0.9999955892562866,0.4569074809551239,0.5713299512863159,-0.11003092676401138,0.9997299909591675,0.9999955892562866,0.46910518407821655,0.5675764083862305,-0.15602976083755493,0.9996646046638489,0.9999947547912598,0.4699098765850067,0.5662926435470581,-0.15621186792850494,0.9996083378791809,0.9999945163726807,0.47107166051864624,0.5650233030319214,-0.15618407726287842,0.9996340274810791,0.9999938011169434,0.45403730869293213,0.5630780458450317,0.04982060194015503,0.9997010827064514,0.9999969005584717,0.471513569355011,0.5530741810798645,-0.1621047705411911,0.9995680451393127,0.9999939203262329,0.44681257009506226,0.5659574866294861,-0.0863986536860466,0.999591588973999,0.9999953508377075,0.45269888639450073,0.5641754865646362,-0.1468389332294464,0.9994325041770935,0.9999939203262329,0.39494824409484863,0.5418188571929932,0.17966406047344208,0.9998556971549988,0.9999830722808838,0.4559081196784973,0.533070981502533,-0.284567266702652,0.9999445676803589,0.9999673366546631,0.3345693051815033,0.5780426859855652,0.25142958760261536,0.513701856136322,0.9998868703842163,0.4585570991039276,0.5818050503730774,-0.44088858366012573,0.9861575365066528,0.9998201727867126,0.3206067681312561,0.6256097555160522,0.16648870706558228,0.6322800517082214,0.9993495345115662,0.45862752199172974,0.6299694180488586,-0.42414969205856323,0.9750992655754089,0.9992316961288452,0.32185953855514526,0.6340117454528809,0.1576499193906784,0.6037390232086182,0.9988057613372803,0.46841713786125183,0.6383167505264282,-0.4747088551521301,0.960635781288147,0.9985339641571045,0.3331027030944824,0.6350076198577881,0.12775591015815735,0.6068934798240662,0.9987315535545349,0.4690104126930237,0.6385000348091125,-0.43907007575035095,0.957435131072998,0.9985558390617371,0.3321026861667633,0.6319496631622314,0.1445079892873764,0.6152806282043457,0.9990291595458984,0.4648977816104889,0.6362988948822021,-0.4157176613807678,0.9433921575546265,0.9989023208618164,0.29113373160362244,0.44260597229003906,0.11988437175750732,0.999780535697937,0.9998806715011597,0.33758512139320374,0.4286680817604065,-0.11944580078125,0.9998820424079895,0.999626874923706,0.16198395192623138,0.4317265450954437,-0.07225026935338974,0.7390475869178772,0.9996962547302246,0.29850172996520996,0.36274510622024536,-0.06431063264608383,0.9821746945381165,0.9989156723022461,0.09584283828735352,0.3608322739601135,0.04712044820189476,0.7559224367141724,0.9982669353485107,0.3235361874103546,0.30730777978897095,0.2366383671760559,0.964138388633728,0.9951851963996887,0.10829660296440125,0.34592390060424805,0.05885293334722519,0.8176450133323669,0.9972172975540161,0.3320924937725067,0.3011600375175476,0.2674671709537506,0.9467207193374634,0.9949618577957153,0.036274272948503494,0.35789135098457336,-0.020923607051372528,0.8075984120368958,0.9932388067245483,0.30579277873039246,0.2834234833717346,0.21457311511039734,0.9487206339836121,0.9930405616760254
39,1326,True,0.4494646191596985,0.5740028619766235,-0.1735605150461197,0.9997584819793701,0.9999874830245972,0.4549526572227478,0.574128270149231,-0.1394643634557724,0.9996573328971863,0.9999866485595703,0.4531099498271942,0.5741680860519409,-0.1395200490951538,0.9996494054794312,0.9999868869781494,0.44857990741729736,0.5752643942832947,-0.1395924985408783,0.9997551441192627,0.9999861717224121,0.4603102505207062,0.5721001625061035,-0.18280817568302155,0.9996972680091858,0.9999862909317017,0.4618636965751648,0.5709378123283386,-0.18299661576747894,0.9996462464332581,0.9999860525131226,0.4673445522785187,0.5679870843887329,-0.18300703167915344,0.9996695518493652,0.9999852180480957,0.44933781027793884,0.566200315952301,0.015484306961297989,0.9997295141220093,0.9999902248382568,0.4661810100078583,0.558479905128479,-0.17926155030727386,0.9996104836463928,0.9999876022338867,0.4418935179710388,0.5689029097557068,-0.11505410820245743,0.9996299743652344,0.9999827146530151,0.448239266872406,0.5673538446426392,-0.17164485156536102,0.9994869232177734,0.9999810457229614,0.39015668630599976,0.5428262948989868,0.1574534773826599,0.9998639822006226,0.9999548196792603,0.45472559332847595,0.5361588597297668,-0.2981884181499481,0.9999470114707947,0.9999631643295288,0.33300498127937317,0.5816912651062012,0.22626084089279175,0.5379519462585449,0.9998225569725037,0.4564935863018036,0.5937610268592834,-0.4551827013492584,0.9874488115310669,0.9997645020484924,0.3196146488189697,0.6282114386558533,0.14610570669174194,0.6530019640922546,0.9982446432113647,0.46221378445625305,0.6319207549095154,-0.47208303213119507,0.9771872758865356,0.9977530837059021,0.3231233060359955,0.6349993944168091,0.13133995234966278,0.6222835779190063,0.9969587326049805,0.4725857973098755,0.6383656859397888,-0.5374901294708252,0.9634174108505249,0.9959261417388916,0.3305578827857971,0.6354641318321228,0.09878964722156525,0.6253731846809387,0.9969066977500916,0.4695492088794708,0.6385730504989624,-0.5012929439544678,0.9603886008262634,0.9961358904838562,0.33436349034309387,0.6330487728118896,0.12245547026395798,0.6343389749526978,0.9974861145019531,0.4651981294155121,0.6364930272102356,-0.46182912588119507,0.9474361538887024,0.9968793392181396,0.29991403222084045,0.4393654465675354,0.12394987791776657,0.9997968673706055,0.9997331500053406,0.34100037813186646,0.4294922947883606,-0.12356898188591003,0.9998806118965149,0.9995750784873962,0.1679510921239853,0.4158755838871002,0.08419174700975418,0.7589789628982544,0.9991266131401062,0.2884594798088074,0.3793385922908783,-0.04539751634001732,0.9830062985420227,0.9982807636260986,0.1511968970298767,0.33093592524528503,0.26659947633743286,0.7734626531600952,0.9966604709625244,0.31349602341651917,0.320246160030365,0.21200472116470337,0.9647695422172546,0.992241382598877,0.16985830664634705,0.31778818368911743,0.28311651945114136,0.8252875208854675,0.9951419830322266,0.3242684602737427,0.31334197521209717,0.23823663592338562,0.9456982016563416,0.9918707609176636,0.09634607285261154,0.3153148293495178,0.19958069920539856,0.8180010318756104,0.9898455142974854,0.29488807916641235,0.2970772385597229,0.17480628192424774,0.9490947127342224,0.9873758554458618
40,1360,True,0.44247958064079285,0.575336217880249,-0.17845679819583893,0.999782145023346,0.9999971389770508,0.44424596428871155,0.5775049328804016,-0.13920584321022034,0.9996909499168396,0.9999966621398926,0.4425216615200043,0.5774213075637817,-0.13925792276859283,0.9996832609176636,0.9999967813491821,0.44043824076652527,0.5776032209396362,-0.1393081694841385,0.999778687953949,0.9999966621398926,0.4538188576698303,0.5749132037162781,-0.1799270659685135,0.999727189540863,0.9999964237213135,0.456466943025589,0.5736602544784546,-0.18010208010673523,0.9996811151504517,0.9999961853027344,0.46045711636543274,0.5718048810958862,-0.18008208274841309,0.9997020959854126,0.9999957084655762,0.4404158592224121,0.5689966678619385,0.028278440237045288,0.9997557997703552,0.999997615814209,0.46488210558891296,0.5603224039077759,-0.15502165257930756,0.999649167060852,0.9999959468841553,0.4342169761657715,0.5699211359024048,-0.11570592224597931,0.9996662139892578,0.9999960660934448,0.4444676339626312,0.5681705474853516,-0.1687212437391281,0.999537467956543,0.9999948740005493,0.3837510347366333,0.5444859862327576,0.16027116775512695,0.9998757839202881,0.9999886751174927,0.45518505573272705,0.5360419154167175,-0.27657175064086914,0.9999507069587708,0.9999786615371704,0.32709258794784546,0.5812349915504456,0.20749638974666595,0.567507803440094,0.9999240636825562,0.45534124970436096,0.5946296453475952,-0.42173001170158386,0.9886660575866699,0.9999043941497803,0.31529930233955383,0.6293542385101318,0.13084980845451355,0.6762071847915649,0.9994409680366516,0.4621081054210663,0.6320148706436157,-0.41162851452827454,0.9791797995567322,0.9993835687637329,0.3128759562969208,0.6356308460235596,0.1149037554860115,0.6437610387802124,0.998884379863739,0.47204941511154175,0.6383715867996216,-0.47905653715133667,0.9660054445266724,0.9987136125564575,0.32307878136634827,0.6357326507568359,0.0869305357336998,0.6464892029762268,0.9987937211990356,0.46976372599601746,0.6384392976760864,-0.4451254904270172,0.9631045460700989,0.9986901879310608,0.32387953996658325,0.6338931918144226,0.109094999730587,0.6558237075805664,0.9990997314453125,0.46575748920440674,0.636444091796875,-0.4017663598060608,0.951171875,0.9990038275718689,0.2981882095336914,0.43770885467529297,0.11670267581939697,0.9998165369033813,0.9999502897262573,0.35208413004875183,0.4257982671260834,-0.11644720286130905,0.9998897314071655,0.999849796295166,0.18265286087989807,0.3999159038066864,-0.08012132346630096,0.7811673879623413,0.9997852444648743,0.32637929916381836,0.3589043915271759,-0.06243118643760681,0.9837515354156494,0.9993103742599487,0.20063616335391998,0.3200734257698059,0.1825415939092636,0.7929486632347107,0.9986097812652588,0.36488139629364014,0.31853967905044556,0.31517672538757324,0.962308943271637,0.9965123534202576,0.20606669783592224,0.3012968897819519,0.2388143390417099,0.8353849053382874,0.9975724816322327,0.37918761372566223,0.3163881301879883,0.3566320240497589,0.9403320550918579,0.9963609576225281,0.14646917581558228,0.2953069806098938,0.09894995391368866,0.8316179513931274,0.9936509728431702,0.34940481185913086,0.29159513115882874,0.32980605959892273,0.946437418460846,0.9942635893821716
41,1394,True,0.43871867656707764,0.5760496854782104,-0.1643027365207672,0.99980229139328,0.9999861717224121,0.4386272430419922,0.5789888501167297,-0.12571945786476135,0.9997191429138184,0.9999828338623047,0.43670180439949036,0.5789731740951538,-0.1257598102092743,0.9997105002403259,0.9999825954437256,0.4350786507129669,0.5790102481842041,-0.12579791247844696,0.9997973442077637,0.999981164932251,0.4492378532886505,0.5763167142868042,-0.16387233138084412,0.9997530579566956,0.9999830722808838,0.4521232545375824,0.5751175284385681,-0.1640593409538269,0.999711275100708,0.9999830722808838,0.4553987383842468,0.5728805661201477,-0.16407309472560883,0.9997300505638123,0.9999816417694092,0.4338899850845337,0.5705136060714722,0.03734514117240906,0.9997766017913818,0.9999860525131226,0.4616200029850006,0.5618684887886047,-0.1410570591688156,0.999683141708374,0.9999847412109375,0.42969322204589844,0.570670485496521,-0.10376884788274765,0.9996965527534485,0.9999837875366211,0.4414028227329254,0.5689939856529236,-0.1531142145395279,0.9995806813240051,0.9999818801879883,0.3748731315135956,0.5459074378013611,0.1654512733221054,0.9998839497566223,0.999969482421875,0.45465990900993347,0.5364800691604614,-0.2633509933948517,0.9999533295631409,0.9999675750732422,0.32217586040496826,0.5823580026626587,0.20073407888412476,0.5936490893363953,0.9998658895492554,0.4542064666748047,0.5952902436256409,-0.39790648221969604,0.9897452592849731,0.99983811378479,0.30997276306152344,0.6308620572090149,0.1320945918560028,0.6976353526115417,0.9990861415863037,0.46171268820762634,0.6329351663589478,-0.4030241370201111,0.980921745300293,0.9990097284317017,0.30583876371383667,0.6367295980453491,0.11864273250102997,0.663025438785553,0.9981219172477722,0.47148531675338745,0.6384947896003723,-0.4589958190917969,0.9682158827781677,0.997893750667572,0.31848907470703125,0.6364372968673706,0.0888218805193901,0.6653851270675659,0.998007595539093,0.4640275239944458,0.6387816071510315,-0.4331933259963989,0.9654313325881958,0.9978808760643005,0.3177412152290344,0.6349725127220154,0.11036083102226257,0.674933671951294,0.9985118508338928,0.45986780524253845,0.6368561387062073,-0.3963761627674103,0.9544160962104797,0.9983519315719604,0.2970016598701477,0.4347890019416809,0.11348212510347366,0.9998330473899841,0.9999005794525146,0.3568461537361145,0.4240610599517822,-0.11335913091897964,0.9998956918716431,0.9997939467430115,0.20479273796081543,0.3738669157028198,-0.013890417292714119,0.7999376058578491,0.9994726777076721,0.35204824805259705,0.35373860597610474,-0.07391531020402908,0.98414146900177,0.9988110065460205,0.23064985871315002,0.29448384046554565,0.23463119566440582,0.8085581064224243,0.996576726436615,0.39388859272003174,0.30495867133140564,0.24781426787376404,0.9594230651855469,0.995222270488739,0.24659675359725952,0.286097913980484,0.25954705476760864,0.8400203585624695,0.994281530380249,0.40618011355400085,0.3040921986103058,0.28290826082229614,0.9328272938728333,0.9947125911712646,0.18169212341308594,0.27249789237976074,0.16536103188991547,0.8408066630363464,0.9868165850639343,0.38640832901000977,0.2755127549171448,0.23550480604171753,0.942642867565155,0.9912458062171936
42,1428,True,0.43997785449028015,0.5746463537216187,-0.18672947585582733,0.9998144507408142,0.999923825263977,0.4384613335132599,0.5768996477127075,-0.14847171306610107,0.9997361302375793,0.9999154806137085,0.4360101819038391,0.5768606662750244,-0.1485338807106018,0.9997221231460571,0.9999176263809204,0.43396657705307007,0.5768569707870483,-0.14859804511070251,0.9998030662536621,0.9999135732650757,0.44730785489082336,0.5747201442718506,-0.18672184646129608,0.999771773815155,0.9999133348464966,0.45261281728744507,0.5728166103363037,-0.18692909181118011,0.9997323751449585,0.9999129772186279,0.45547303557395935,0.5710777044296265,-0.1870022416114807,0.999748945236206,0.9999066591262817,0.429023414850235,0.5699864625930786,0.015373213216662407,0.9997808933258057,0.9999345541000366,0.4579939842224121,0.5605109930038452,-0.15488895773887634,0.9997096657752991,0.999915599822998,0.4286869764328003,0.5694233775138855,-0.12588657438755035,0.9997182488441467,0.9999395608901978,0.44136950373649597,0.5678771734237671,-0.17488771677017212,0.9996127486228943,0.999925971031189,0.3685986399650574,0.545445442199707,0.13933031260967255,0.9998894929885864,0.999943733215332,0.45447710156440735,0.5365520715713501,-0.2874680459499359,0.9999530911445618,0.999930739402771,0.3234657049179077,0.5821309089660645,0.15863007307052612,0.6163875460624695,0.9998241066932678,0.45224612951278687,0.5949372053146362,-0.4139946699142456,0.9907065629959106,0.9997796416282654,0.3125417232513428,0.6306613683700562,0.09136845171451569,0.7171128392219543,0.9985879063606262,0.45565906167030334,0.6335774660110474,-0.3987569212913513,0.9825464487075806,0.9987257122993469,0.30873653292655945,0.6378544569015503,0.0727713331580162,0.6805103421211243,0.9971888661384583,0.46674609184265137,0.63922518491745,-0.4572141468524933,0.9704371690750122,0.9974710941314697,0.3208533823490143,0.6371541023254395,0.044842854142189026,0.682490885257721,0.9969573020935059,0.4564991295337677,0.6395573616027832,-0.4269978106021881,0.9677926301956177,0.9974294304847717,0.32093188166618347,0.6358801126480103,0.0700182244181633,0.692253053188324,0.9976611137390137,0.4525613486766815,0.6379367113113403,-0.3895983397960663,0.9575839042663574,0.9979090690612793,0.2973368167877197,0.42978817224502563,0.10582879185676575,0.9998478293418884,0.9998476505279541,0.36068180203437805,0.42328476905822754,-0.1057533472776413,0.9998995661735535,0.9997144341468811,0.22979295253753662,0.363935649394989,-0.017625756561756134,0.8171287178993225,0.9993001222610474,0.365586519241333,0.3505224883556366,-0.058320511132478714,0.983992338180542,0.9983345866203308,0.2459389567375183,0.2907346189022064,0.25864821672439575,0.8205631375312805,0.9947015643119812,0.39770668745040894,0.3136177062988281,0.3631817698478699,0.9488440752029419,0.9933027029037476,0.2627691924571991,0.2798840403556824,0.2871939539909363,0.8397339582443237,0.9914463758468628,0.4064367413520813,0.312759667634964,0.40764695405960083,0.9156533479690552,0.9931858777999878,0.21532461047172546,0.268466979265213,0.1970181167125702,0.846175491809845,0.9837189316749573,0.3852073550224304,0.2865835130214691,0.36892169713974,0.9304811358451843,0.9909608960151672
43,1462,True,0.4298633933067322,0.5732749700546265,-0.1848537027835846,0.9998290538787842,0.9999703168869019,0.42705366015434265,0.5746656060218811,-0.1465243697166443,0.9997557997703552,0.999962568283081,0.4238671064376831,0.5745620131492615,-0.14655426144599915,0.9997392892837524,0.9999610185623169,0.42141616344451904,0.5744701623916626,-0.14657799899578094,0.9998149275779724,0.9999572038650513,0.43894603848457336,0.57279372215271,-0.18537254631519318,0.9997915625572205,0.9999657869338989,0.4426538646221161,0.5713664889335632,-0.1855892539024353,0.9997553825378418,0.9999666213989258,0.44573691487312317,0.570090115070343,-0.18565455079078674,0.9997704029083252,0.9999651908874512,0.4177626371383667,0.567557156085968,0.014867754653096199,0.9997936487197876,0.9999651908874512,0.45040076971054077,0.5607204437255859,-0.15738390386104584,0.9997360706329346,0.999971866607666,0.41656744480133057,0.5691171884536743,-0.12521809339523315,0.9997372031211853,0.9999587535858154,0.43222397565841675,0.5669659376144409,-0.1750800460577011,0.9996436238288879,0.9999600648880005,0.3627814054489136,0.544717013835907,0.14355617761611938,0.999893844127655,0.9999566078186035,0.4512026607990265,0.536540687084198,-0.28462356328964233,0.9999552369117737,0.9999723434448242,0.324699729681015,0.5820512771606445,0.16389110684394836,0.6351529359817505,0.999889612197876,0.4518665373325348,0.593874990940094,-0.40734943747520447,0.9915556311607361,0.9998800754547119,0.3141896426677704,0.6308284401893616,0.0934540331363678,0.7335896492004395,0.9990255832672119,0.45225411653518677,0.6342402696609497,-0.3984389007091522,0.9838597178459167,0.9989972710609436,0.31258830428123474,0.6381871104240417,0.07535003870725632,0.6944907307624817,0.9979643821716309,0.4629784822463989,0.6400686502456665,-0.460927277803421,0.9719482064247131,0.9978121519088745,0.32302409410476685,0.6378664970397949,0.046420421451330185,0.696051299571991,0.9978488683700562,0.4562256336212158,0.6400598287582397,-0.42702654004096985,0.9693714380264282,0.9978724718093872,0.32185304164886475,0.6363776922225952,0.07152925431728363,0.7060074806213379,0.9983962178230286,0.45208171010017395,0.6386672258377075,-0.38875991106033325,0.9598931670188904,0.9983500242233276,0.30240678787231445,0.4289233684539795,0.11013433337211609,0.9998599290847778,0.9998486042022705,0.36277496814727783,0.4243102967739105,-0.11015408486127853,0.9999035596847534,0.9997979998588562,0.24701489508152008,0.3580441474914551,0.13005949556827545,0.8285368084907532,0.9993853569030762,0.36995768547058105,0.3566121459007263,-0.06322921812534332,0.9840933680534363,0.999004065990448,0.26029172539711,0.2838687300682068,0.3424714207649231,0.8306304216384888,0.9961754083633423,0.4338744580745697,0.30307748913764954,0.2326560914516449,0.9487038850784302,0.9959562420845032,0.27698081731796265,0.2723076343536377,0.3613114655017853,0.8404838442802429,0.9940085411071777,0.4410419166088104,0.30377963185310364,0.2566996216773987,0.9131087064743042,0.9955116510391235,0.22343182563781738,0.2608374357223511,0.2633090019226074,0.8511543869972229,0.9881876111030579,0.42663201689720154,0.2739699184894562,0.1590384840965271,0.9300435781478882,0.9925087094306946
44,1496,True,0.4301884174346924,0.5754000544548035,-0.15846319496631622,0.999840497970581,0.9999568462371826,0.43040353059768677,0.5760358572006226,-0.11356615275144577,0.9997706413269043,0.9999479055404663,0.42763400077819824,0.5757758617401123,-0.11358042061328888,0.9997518658638,0.9999477863311768,0.4254570007324219,0.5756741762161255,-0.11360654979944229,0.9998233318328857,0.9999444484710693,0.4390180706977844,0.5751544237136841,-0.1572924107313156,0.9998081922531128,0.9999502897262573,0.4418107867240906,0.5742322206497192,-0.1576119363307953,0.999775230884552,0.9999518394470215,0.4468157887458801,0.5726102590560913,-0.157738596200943,0.9997884631156921,0.9999504089355469,0.4203319847583771,0.567958652973175,0.05302276462316513,0.9998041987419128,0.9999618530273438,0.44790786504745483,0.5626758337020874,-0.13541395962238312,0.9997595548629761,0.9999641180038452,0.4190303683280945,0.5694853663444519,-0.09568057954311371,0.9997546076774597,0.9999675750732422,0.4314635694026947,0.5690481066703796,-0.15113858878612518,0.9996711611747742,0.9999663829803467,0.3633686602115631,0.5456358790397644,0.1812765896320343,0.9999015927314758,0.9999827146530151,0.4483796954154968,0.5401593446731567,-0.27990204095840454,0.9999582767486572,0.9999862909317017,0.3251267671585083,0.5812870264053345,0.202369824051857,0.6510016918182373,0.9999386072158813,0.44843173027038574,0.5944339632987976,-0.3916420340538025,0.9923184514045715,0.999923825263977,0.31461092829704285,0.6306945085525513,0.15184816718101501,0.7476197481155396,0.9995297193527222,0.448799729347229,0.634579598903656,-0.3719463050365448,0.9850438237190247,0.9993289709091187,0.312172532081604,0.6380017995834351,0.1383070945739746,0.705750048160553,0.9990161657333374,0.4525523781776428,0.6405748128890991,-0.4336138069629669,0.9733918309211731,0.9985283613204956,0.3241890072822571,0.6377531290054321,0.11295178532600403,0.7068925499916077,0.998940646648407,0.44847920536994934,0.6402187943458557,-0.3975336253643036,0.9708878993988037,0.9985476136207581,0.3235776126384735,0.6362264156341553,0.13177432119846344,0.716691792011261,0.9992201328277588,0.44578874111175537,0.6389721632003784,-0.3615405559539795,0.9620487689971924,0.9988968372344971,0.30811235308647156,0.43065929412841797,0.11486969143152237,0.9998728632926941,0.9999432563781738,0.3645437955856323,0.4259704649448395,-0.114932581782341,0.9999109506607056,0.9999125003814697,0.269315630197525,0.348388135433197,0.1382720023393631,0.8409376740455627,0.9997157454490662,0.3797687590122223,0.35188958048820496,-0.07617796957492828,0.9845191240310669,0.999372661113739,0.2797081172466278,0.2750381529331207,0.3597702085971832,0.8412856459617615,0.9976012110710144,0.4559304416179657,0.3027578294277191,0.22269581258296967,0.9490245580673218,0.9976262450218201,0.30243831872940063,0.267702579498291,0.3797081708908081,0.8440138101577759,0.9960069060325623,0.4663163125514984,0.30313777923583984,0.24749329686164856,0.9125319719314575,0.9973292350769043,0.25041571259498596,0.24994783103466034,0.2799929082393646,0.8584762811660767,0.9916396737098694,0.44552111625671387,0.2707151770591736,0.15333959460258484,0.9310535192489624,0.9950708150863647
45,1530,True,0.4267082214355469,0.5773738622665405,0.01216062530875206,0.9998354315757751,0.999884843826294,0.42468133568763733,0.57756507396698,0.05269031599164009,0.9997594952583313,0.9998533725738525,0.4217802584171295,0.5772062540054321,0.05265785753726959,0.9997277855873108,0.9998495578765869,0.41934934258461,0.5771052837371826,0.052614375948905945,0.9998085498809814,0.9998372793197632,0.4353505074977875,0.5769641995429993,0.013965411111712456,0.9998144507408142,0.999870777130127,0.4377749264240265,0.576285719871521,0.013669838197529316,0.9997841119766235,0.9998801946640015,0.44082844257354736,0.5754633545875549,0.01362957525998354,0.9997963309288025,0.9998799562454224,0.41308456659317017,0.568771243095398,0.19477693736553192,0.9997955560684204,0.9998832941055298,0.4440668821334839,0.5646994709968567,0.02217191644012928,0.9997757077217102,0.9999197721481323,0.417291522026062,0.5710986852645874,0.06302453577518463,0.9997357726097107,0.9998788833618164,0.42823076248168945,0.5715844631195068,0.012905020266771317,0.9996710419654846,0.9998914003372192,0.3604579567909241,0.5460323095321655,0.2865808308124542,0.9999034404754639,0.9999392032623291,0.4456380307674408,0.5421117544174194,-0.12376188486814499,0.9999598264694214,0.9999645948410034,0.3255661725997925,0.5810506939888,0.3411412537097931,0.6521637439727783,0.9998692274093628,0.44528427720069885,0.6009923219680786,-0.19172774255275726,0.9928233623504639,0.9998602867126465,0.31500232219696045,0.6304627060890198,0.3523509204387665,0.7478405833244324,0.9988787770271301,0.44746842980384827,0.6351721882820129,-0.11078799515962601,0.9848748445510864,0.9986333250999451,0.31221529841423035,0.6380600333213806,0.35138896107673645,0.7015692591667175,0.9976378679275513,0.453414648771286,0.6413477659225464,-0.15167611837387085,0.9715883135795593,0.9968957901000977,0.3248806297779083,0.637779176235199,0.3269312381744385,0.7023708820343018,0.9973428845405579,0.4503816068172455,0.6406552195549011,-0.12153278291225433,0.9688456654548645,0.9967430233955383,0.32439282536506653,0.6362506151199341,0.3345688581466675,0.7137110233306885,0.9981175661087036,0.4471309185028076,0.6391361951828003,-0.10128659009933472,0.9604514241218567,0.9976964592933655,0.3147999346256256,0.42965689301490784,0.11524657160043716,0.9998833537101746,0.9998261332511902,0.3670145571231842,0.4275897443294525,-0.11536334455013275,0.9999160170555115,0.9997726082801819,0.2917015850543976,0.3482385277748108,0.13772328197956085,0.8448288440704346,0.9992333650588989,0.3745187222957611,0.35457032918930054,-0.10242646187543869,0.9831039309501648,0.9986230134963989,0.29955294728279114,0.2691861391067505,0.2911691665649414,0.8447625041007996,0.99489825963974,0.45679938793182373,0.30234646797180176,0.04242189601063728,0.9470428228378296,0.9948287606239319,0.32218778133392334,0.2622646689414978,0.30749768018722534,0.842877209186554,0.9918780326843262,0.4674290418624878,0.300592303276062,0.055768731981515884,0.9101927280426025,0.9938275218009949,0.2650577425956726,0.24034082889556885,0.2185119390487671,0.8601065874099731,0.9817607998847961,0.44417625665664673,0.2667023539543152,-0.03609467297792435,0.9301825165748596,0.9871929883956909
46,1564,True,0.43070483207702637,0.5723604559898376,0.04170019552111626,0.9996832013130188,0.9992679953575134,0.4296885132789612,0.5705395936965942,0.08145109564065933,0.9995058178901672,0.99903404712677,0.42696279287338257,0.5705058574676514,0.08146428316831589,0.9993662238121033,0.9990026354789734,0.4246998727321625,0.5705884099006653,0.08143217861652374,0.9995390772819519,0.998932421207428,0.4388532340526581,0.5695244073867798,0.04920456185936928,0.9997237920761108,0.99918133020401,0.44115185737609863,0.5686289668083191,0.04889734089374542,0.9996834397315979,0.9992621541023254,0.4439801871776581,0.5677415132522583,0.04881191626191139,0.9997049570083618,0.9992958307266235,0.4115007221698761,0.5613381266593933,0.21651588380336761,0.9994494318962097,0.9991666078567505,0.44687092304229736,0.5542340278625488,0.07564015686511993,0.9997245073318481,0.999466598033905,0.4191026985645294,0.5687573552131653,0.0898829847574234,0.9995014667510986,0.9995067119598389,0.429047554731369,0.5666857361793518,0.04884958267211914,0.9994789958000183,0.9995381832122803,0.356765478849411,0.5439407825469971,0.2887968122959137,0.9998943209648132,0.9997909665107727,0.4441070854663849,0.5378180742263794,-0.07656668871641159,0.9999563694000244,0.9999067783355713,0.3256511092185974,0.5801131725311279,0.31609752774238586,0.6585205793380737,0.9997385144233704,0.4442944824695587,0.5975121259689331,-0.1562451720237732,0.9931029081344604,0.9997219443321228,0.3154425621032715,0.6303893327713013,0.31602942943573,0.7538986802101135,0.9972811937332153,0.4471805989742279,0.635170578956604,-0.11514952778816223,0.9847977161407471,0.9972667694091797,0.31392401456832886,0.638031542301178,0.3060609996318817,0.7040143609046936,0.9947458505630493,0.45086532831192017,0.6413492560386658,-0.16175629198551178,0.9704644680023193,0.9946454763412476,0.3255370855331421,0.6383380889892578,0.2824353873729706,0.7045924067497253,0.9940478801727295,0.44861775636672974,0.6406620740890503,-0.13456624746322632,0.9675755500793457,0.9942383766174316,0.3252822160720825,0.6364151239395142,0.2974216341972351,0.717372715473175,0.995563268661499,0.4458354115486145,0.6392305493354797,-0.10763542354106903,0.9594295620918274,0.9955524802207947,0.31656134128570557,0.4243261218070984,0.1054052859544754,0.9998882412910461,0.9993439316749573,0.37168455123901367,0.4267801344394684,-0.10552971810102463,0.999914288520813,0.9995027780532837,0.30975979566574097,0.3483075201511383,0.10943494737148285,0.8493202924728394,0.9986482262611389,0.3936733603477478,0.35006240010261536,-0.07006867974996567,0.9797114729881287,0.9984567165374756,0.3261212706565857,0.27342861890792847,0.2490801066160202,0.8450725674629211,0.9945610165596008,0.4563613831996918,0.28266531229019165,0.07748336344957352,0.9410043358802795,0.9936501383781433,0.3413330614566803,0.26513561606407166,0.2608008086681366,0.837693452835083,0.9919745326042175,0.46469148993492126,0.2792568504810333,0.08865609765052795,0.8984830975532532,0.991944432258606,0.30568450689315796,0.2433357536792755,0.13835786283016205,0.858113706111908,0.9822168350219727,0.4500838816165924,0.2490989863872528,-0.03990137577056885,0.9247509837150574,0.9850170612335205
47,1598,True,0.4318750500679016,0.5722814798355103,0.20624536275863647,0.9996658563613892,0.9999524354934692,0.4322333037853241,0.5701681971549988,0.25354519486427307,0.9994729161262512,0.9999363422393799,0.4294889569282532,0.5701859593391418,0.25359031558036804,0.9993122220039368,0.999931812286377,0.4251299202442169,0.5704929232597351,0.2536781430244446,0.9995083808898926,0.9999244213104248,0.44073486328125,0.5690984725952148,0.22206737101078033,0.9997193813323975,0.9999477863311768,0.4429626166820526,0.5682231783866882,0.2216903418302536,0.9996783137321472,0.9999535083770752,0.44622382521629333,0.5665982961654663,0.22166132926940918,0.999704897403717,0.9999547004699707,0.41344404220581055,0.5613088011741638,0.38851645588874817,0.9993837475776672,0.9999364614486694,0.4473530352115631,0.554280698299408,0.25391316413879395,0.999727189540863,0.9999645948410034,0.42065510153770447,0.5687189102172852,0.2512465715408325,0.9994465112686157,0.9999421834945679,0.4304194450378418,0.5665581822395325,0.21134677529335022,0.9994316697120667,0.9999490976333618,0.35199078917503357,0.5438961386680603,0.43315479159355164,0.999893844127655,0.9999417066574097,0.44323599338531494,0.5377817153930664,0.0757029801607132,0.999958336353302,0.9999809265136719,0.32516297698020935,0.5819931626319885,0.45972299575805664,0.6593624949455261,0.9999513626098633,0.4439561069011688,0.5965529084205627,0.006053396500647068,0.9933215379714966,0.9999407529830933,0.3157205283641815,0.6335665583610535,0.4951404929161072,0.7606143355369568,0.9994878768920898,0.4486462473869324,0.6354634761810303,0.051166895776987076,0.9845561385154724,0.9992386102676392,0.3185123801231384,0.640722393989563,0.48778390884399414,0.7077189087867737,0.9988574981689453,0.4533124268054962,0.6424078941345215,0.012654502876102924,0.9691283106803894,0.9982708692550659,0.3265714943408966,0.6404587626457214,0.4685173034667969,0.7078035473823547,0.9987666606903076,0.45182034373283386,0.6418123841285706,0.03650801256299019,0.9660546183586121,0.998115062713623,0.32554343342781067,0.6387596130371094,0.47764256596565247,0.7218461036682129,0.9991777539253235,0.44765740633010864,0.6398327946662903,0.057914867997169495,0.9581791758537292,0.9987309575080872,0.31600841879844666,0.42643603682518005,0.10619933158159256,0.9998939037322998,0.9997847676277161,0.3760286867618561,0.4274846017360687,-0.10629919916391373,0.9999172687530518,0.9998986721038818,0.3148323595523834,0.34854233264923096,0.1023956686258316,0.8486008048057556,0.9996384382247925,0.3974798321723938,0.35451430082321167,-0.10897160321474075,0.9775134921073914,0.999704897403717,0.34218770265579224,0.2723953425884247,0.20550711452960968,0.8403704762458801,0.9987961053848267,0.45900726318359375,0.29239895939826965,-0.09461723268032074,0.9367005228996277,0.9984523057937622,0.3616075813770294,0.26395484805107117,0.2041933685541153,0.8360856771469116,0.998157799243927,0.4721980690956116,0.2843814194202423,-0.10058819502592087,0.8926490545272827,0.9978208541870117,0.31604117155075073,0.24181003868579865,0.08038989454507828,0.8570960760116577,0.9944637417793274,0.4468894600868225,0.25436508655548096,-0.2554103136062622,0.9228413701057434,0.9946938157081604
48,1632,True,0.43162816762924194,0.573043942451477,0.2240118682384491,0.9996427297592163,0.9999350309371948,0.4331137239933014,0.5710145831108093,0.27199000120162964,0.9994344711303711,0.9999144077301025,0.4302138388156891,0.5708203315734863,0.2720297574996948,0.9992515444755554,0.999907374382019,0.42440134286880493,0.5709851980209351,0.27212265133857727,0.9994683861732483,0.9998974800109863,0.44136130809783936,0.5701413154602051,0.24101707339286804,0.9997087121009827,0.9999315738677979,0.44369179010391235,0.569211483001709,0.24064485728740692,0.9996643662452698,0.9999399185180664,0.4476712942123413,0.567198634147644,0.24062110483646393,0.9996976852416992,0.9999425411224365,0.4120224416255951,0.5613774657249451,0.40821558237075806,0.9993178844451904,0.9999116659164429,0.44760221242904663,0.5552490949630737,0.27546826004981995,0.9997258186340332,0.9999544620513916,0.4202181100845337,0.5684328079223633,0.2691527009010315,0.999395489692688,0.9999126195907593,0.430298388004303,0.567217230796814,0.2296479344367981,0.9993839859962463,0.9999277591705322,0.35263702273368835,0.5436670184135437,0.44943758845329285,0.9998837113380432,0.9998670816421509,0.44314485788345337,0.5376579165458679,0.09646057337522507,0.9999588131904602,0.9999666213989258,0.32550016045570374,0.5817891955375671,0.4832768440246582,0.6576380133628845,0.9998965263366699,0.44366100430488586,0.5959300994873047,0.021704278886318207,0.9935274720191956,0.9998836517333984,0.3147728145122528,0.6336859464645386,0.524017333984375,0.7625414729118347,0.9989393353462219,0.4443100094795227,0.6362870335578918,0.058761872351169586,0.9840912222862244,0.9985787868499756,0.3168392777442932,0.640997052192688,0.5165387392044067,0.7065998315811157,0.9978379607200623,0.4509117901325226,0.6425730586051941,0.019002549350261688,0.9675430655479431,0.9969556331634521,0.32367390394210815,0.6408590078353882,0.4952629506587982,0.7061805725097656,0.9977226853370667,0.4495493173599243,0.6420842409133911,0.043437227606773376,0.964270293712616,0.9967441558837891,0.3235022723674774,0.6389657855033875,0.5059173703193665,0.7217634320259094,0.9984121322631836,0.4458359181880951,0.6405304074287415,0.06600978225469589,0.9566342830657959,0.9977211356163025,0.3207171857357025,0.4279382824897766,0.10681705176830292,0.9998914003372192,0.9994208812713623,0.37956610321998596,0.42782649397850037,-0.10683223605155945,0.9999149441719055,0.9997592568397522,0.3247080147266388,0.35113054513931274,0.08990846574306488,0.8447974324226379,0.9991393089294434,0.3985765278339386,0.3525175452232361,-0.12978816032409668,0.9755793213844299,0.9994358420372009,0.3557065427303314,0.27150478959083557,0.17702172696590424,0.8296259045600891,0.9976752400398254,0.45261111855506897,0.26896998286247253,-0.14793606102466583,0.9336944818496704,0.9964218139648438,0.37526240944862366,0.2621171474456787,0.17558525502681732,0.8318528532981873,0.9966427087783813,0.4630468487739563,0.26182839274406433,-0.15767043828964233,0.8880566358566284,0.9946929812431335,0.3298376500606537,0.24109888076782227,0.058108169585466385,0.8512654304504395,0.9904481768608093,0.43925827741622925,0.23217856884002686,-0.3236519992351532,0.9207636117935181,0.9877592921257019
49,1666,True,0.43267855048179626,0.5747534036636353,0.20432381331920624,0.9996072053909302,0.9998887777328491,0.4339613616466522,0.5731534361839294,0.24835586547851562,0.9993641376495361,0.9998413324356079,0.43109381198883057,0.5728048086166382,0.24837714433670044,0.9991545677185059,0.999829888343811,0.42597121000289917,0.5726464986801147,0.24842067062854767,0.9994059205055237,0.9998117089271545,0.44189566373825073,0.5722740888595581,0.21906402707099915,0.9996862411499023,0.999870777130127,0.4442378282546997,0.5704143643379211,0.21869368851184845,0.9996387958526611,0.9998865127563477,0.44859594106674194,0.5687279105186462,0.21865658462047577,0.99968022108078,0.9998911619186401,0.4129074215888977,0.5625408291816711,0.3771294057369232,0.9992214441299438,0.9998409748077393,0.44803375005722046,0.556848406791687,0.25135940313339233,0.9997150897979736,0.9999175071716309,0.4203023314476013,0.5693898797035217,0.2479173243045807,0.9993142485618591,0.9998657703399658,0.4301207959651947,0.5692338943481445,0.2106565535068512,0.9993113875389099,0.9998866319656372,0.3521966338157654,0.5442374348640442,0.4232623279094696,0.9998770356178284,0.9998471736907959,0.44317206740379333,0.5376277565956116,0.08326591551303864,0.9999585151672363,0.999957799911499,0.3248063921928406,0.5818536877632141,0.47034817934036255,0.6569976806640625,0.9998675584793091,0.44351357221603394,0.5963959693908691,0.02186695672571659,0.9934796094894409,0.9998670816421509,0.31297993659973145,0.6338242292404175,0.5188934803009033,0.763854444026947,0.9986441731452942,0.44271790981292725,0.6375343203544617,0.06817184388637543,0.9829242825508118,0.9986329674720764,0.309421569108963,0.6417571306228638,0.5151885747909546,0.7054364681243896,0.9972748160362244,0.44919684529304504,0.6430011987686157,0.029767410829663277,0.9647535681724548,0.9971047043800354,0.31498992443084717,0.6417548656463623,0.49059176445007324,0.7047565579414368,0.9970893263816833,0.44822752475738525,0.6435761451721191,0.05400850996375084,0.9612279534339905,0.9968593120574951,0.32031944394111633,0.6393155455589294,0.5003452301025391,0.7217656373977661,0.9979593753814697,0.4441588819026947,0.6414342522621155,0.07514359802007675,0.9538275599479675,0.9978051781654358,0.32256564497947693,0.42832890152931213,0.10517079383134842,0.9998884201049805,0.9994319081306458,0.38579678535461426,0.42817726731300354,-0.10513100028038025,0.9999118447303772,0.9997367262840271,0.33810755610466003,0.3498147130012512,0.08575116097927094,0.8407145738601685,0.9991857409477234,0.41674092411994934,0.35080525279045105,-0.12398520857095718,0.9728497862815857,0.9994428753852844,0.37299418449401855,0.2711750566959381,0.18547749519348145,0.8205996751785278,0.997621476650238,0.46628090739250183,0.2673870921134949,-0.11555320769548416,0.93092280626297,0.9969344139099121,0.39184027910232544,0.26261913776397705,0.18752796947956085,0.8260545134544373,0.9966135621070862,0.47516268491744995,0.2612982392311096,-0.12237109243869781,0.8824248313903809,0.9955534338951111,0.35236138105392456,0.23871619999408722,0.07211291790008545,0.8459778428077698,0.9902589321136475,0.4580114483833313,0.22961047291755676,-0.28453347086906433,0.9192808866500854,0.9893129467964172
50,1700,True,0.4330851137638092,0.574528157711029,0.027242567390203476,0.999485969543457,0.9993933439254761,0.4339647889137268,0.5730963945388794,0.06340651214122772,0.9992016553878784,0.999171257019043,0.4310048818588257,0.5727437734603882,0.06349966675043106,0.9989145398139954,0.9991077780723572,0.42668426036834717,0.5725663304328918,0.06351907551288605,0.9992314577102661,0.9990025162696838,0.44238120317459106,0.5711379647254944,0.038357388228178024,0.999624490737915,0.9993353486061096,0.4448762536048889,0.5690664052963257,0.03810444846749306,0.9995659589767456,0.999404788017273,0.4492335915565491,0.5672554969787598,0.03799322992563248,0.9996203780174255,0.9994357228279114,0.41241562366485596,0.5625091791152954,0.19215984642505646,0.9989954829216003,0.9991708993911743,0.4483380913734436,0.5553138852119446,0.08923718333244324,0.9996786713600159,0.9995653033256531,0.4197015166282654,0.5691617727279663,0.07410117238759995,0.999113917350769,0.9994161128997803,0.4306538999080658,0.5690008997917175,0.04378516227006912,0.9991685152053833,0.9995015859603882,0.3516497015953064,0.5441856980323792,0.2689075767993927,0.9998599290847778,0.9996683597564697,0.4432055652141571,0.5369549989700317,-0.051774051040410995,0.9999544024467468,0.9998914003372192,0.32488152384757996,0.5840542316436768,0.28197044134140015,0.6689026951789856,0.9997264742851257,0.4434841573238373,0.5931506752967834,-0.0416213683784008,0.9937238097190857,0.9996460676193237,0.3180016279220581,0.6368223428726196,0.28430941700935364,0.7718241214752197,0.9966689944267273,0.44301241636276245,0.6375346183776855,-0.0634215921163559,0.9831244349479675,0.9958892464637756,0.31978461146354675,0.6431236267089844,0.26738566160202026,0.7107393741607666,0.9932189583778381,0.44822102785110474,0.6430376768112183,-0.11884211748838425,0.9644939303398132,0.9918387532234192,0.3239347040653229,0.6437687277793884,0.24621611833572388,0.7098190188407898,0.9924811124801636,0.44640764594078064,0.6435234546661377,-0.10400717705488205,0.9609619975090027,0.9914283156394958,0.32522550225257874,0.6411796808242798,0.26649799942970276,0.727557897567749,0.9943363070487976,0.44282108545303345,0.641708493232727,-0.06399635970592499,0.9538688063621521,0.9932799935340881,0.3226901590824127,0.4237505793571472,0.10510191321372986,0.9998803734779358,0.9989005327224731,0.3872947692871094,0.4268592894077301,-0.10510771721601486,0.9999032020568848,0.9993314743041992,0.34659287333488464,0.34888526797294617,0.11339596658945084,0.8232511281967163,0.997443675994873,0.41180431842803955,0.34818407893180847,-0.08570776879787445,0.9667862057685852,0.9980613589286804,0.3911900520324707,0.27440914511680603,0.28676095604896545,0.8028519153594971,0.9937939643859863,0.46816155314445496,0.2689581513404846,-0.02933076210319996,0.9255002737045288,0.9924618601799011,0.41039326786994934,0.2667439579963684,0.3008810877799988,0.8106467127799988,0.9917646050453186,0.47822120785713196,0.26391685009002686,-0.024239245802164078,0.8707402944564819,0.9900413155555725,0.3738248646259308,0.24325215816497803,0.193258598446846,0.8306905031204224,0.9845971465110779,0.4578626751899719,0.2333393096923828,-0.16756445169448853,0.9141521453857422,0.9812813401222229
51,1734,True,0.43753552436828613,0.5710892081260681,0.1797807216644287,0.9994757175445557,0.9999319314956665,0.4370463490486145,0.5711334943771362,0.21857719123363495,0.999182939529419,0.9999006986618042,0.43408140540122986,0.5710211992263794,0.21867841482162476,0.9988832473754883,0.9998910427093506,0.42733922600746155,0.5712720155715942,0.21878644824028015,0.9992148876190186,0.9998751878738403,0.44545555114746094,0.5660927891731262,0.19765953719615936,0.9996193647384644,0.9999203681945801,0.44769465923309326,0.563874363899231,0.1973467916250229,0.9995579719543457,0.9999289512634277,0.453632652759552,0.5609496235847473,0.19734227657318115,0.9996181130409241,0.9999315738677979,0.41354915499687195,0.5608168840408325,0.33453506231307983,0.9989489316940308,0.9998828172683716,0.44861364364624023,0.5507990717887878,0.2486080527305603,0.9996734857559204,0.9999425411224365,0.4197595417499542,0.5687800049781799,0.21980677545070648,0.9990749955177307,0.999893069267273,0.431824266910553,0.5680776238441467,0.19406108558177948,0.9991271495819092,0.999908447265625,0.35185086727142334,0.5433729887008667,0.3724137246608734,0.9998592734336853,0.9998675584793091,0.4430123269557953,0.5354675650596619,0.09943530708551407,0.9999554753303528,0.9999649524688721,0.3222517967224121,0.581791877746582,0.3813689351081848,0.6782833933830261,0.9998891353607178,0.44307538866996765,0.5862113833427429,0.04429156333208084,0.9936478734016418,0.999901533126831,0.3160041570663452,0.6363615989685059,0.40724772214889526,0.7807416319847107,0.9991243481636047,0.4424745738506317,0.6373671293258667,0.051290661096572876,0.9826926589012146,0.9990563988685608,0.31870928406715393,0.6428711414337158,0.3949643075466156,0.7189473509788513,0.9981845021247864,0.4455721080303192,0.6427842378616333,0.011562683619558811,0.9633769392967224,0.9979158043861389,0.3232092261314392,0.6434875726699829,0.3786795437335968,0.7175887823104858,0.9980631470680237,0.44355374574661255,0.6435497999191284,0.03154505789279938,0.9597845077514648,0.9977588653564453,0.3238648474216461,0.6409276723861694,0.3921647071838379,0.7353906631469727,0.9986593723297119,0.43974363803863525,0.6416856050491333,0.05562945455312729,0.9530430436134338,0.99847811460495,0.32349303364753723,0.4250761568546295,0.09795209020376205,0.9998747706413269,0.999097466468811,0.38798385858535767,0.42761287093162537,-0.09798081964254379,0.9999002814292908,0.9996784925460815,0.3428030014038086,0.34940940141677856,0.07446759194135666,0.8150877356529236,0.9993002414703369,0.41054266691207886,0.3496624529361725,-0.10517530143260956,0.9613779783248901,0.9995518326759338,0.38590601086616516,0.2724813222885132,0.16640272736549377,0.7881314158439636,0.9982714653015137,0.46205148100852966,0.26964136958122253,-0.12679027020931244,0.9194069504737854,0.9970824122428894,0.40540897846221924,0.265155166387558,0.16783078014850616,0.8026644587516785,0.9974573254585266,0.47130104899406433,0.26309651136398315,-0.13534608483314514,0.8621658086776733,0.9957243204116821,0.36780214309692383,0.2394026517868042,0.057646818459033966,0.8220136165618896,0.9930102229118347,0.4502314627170563,0.23294150829315186,-0.2935381531715393,0.9104916453361511,0.9902532696723938
52,1768,True,0.43702197074890137,0.5709446668624878,0.13351702690124512,0.9994975924491882,0.9999592304229736,0.4366563558578491,0.5711780190467834,0.1725473701953888,0.9992151260375977,0.9999364614486694,0.433614045381546,0.5710552930831909,0.17266687750816345,0.9989238977432251,0.9999275207519531,0.4278425872325897,0.571265459060669,0.1727914959192276,0.9992422461509705,0.9999136924743652,0.4456336200237274,0.5659843683242798,0.14846085011959076,0.9996373653411865,0.9999538660049438,0.44792598485946655,0.5638964176177979,0.14818145334720612,0.9995790123939514,0.9999597072601318,0.45286697149276733,0.5613309144973755,0.14817248284816742,0.9996374249458313,0.9999618530273438,0.4126830995082855,0.560901939868927,0.29701754450798035,0.998975396156311,0.9999159574508667,0.4481221139431,0.5510141253471375,0.19721150398254395,0.9996908903121948,0.9999690055847168,0.41976237297058105,0.5687073469161987,0.17710694670677185,0.9991021752357483,0.9999275207519531,0.4319060146808624,0.5680292844772339,0.14734676480293274,0.9991622567176819,0.9999480247497559,0.3521979749202728,0.5433241128921509,0.35351118445396423,0.9998586773872375,0.9998651742935181,0.44232669472694397,0.5350552797317505,0.0496799610555172,0.9999573826789856,0.9999779462814331,0.3225647509098053,0.5815941095352173,0.36659401655197144,0.6899922490119934,0.9998939037322998,0.4431455433368683,0.5837963819503784,-0.017286496236920357,0.9939608573913574,0.9999275207519531,0.31675463914871216,0.6361780762672424,0.3759463131427765,0.7902435064315796,0.9991686344146729,0.44258710741996765,0.6365021467208862,-0.007819820195436478,0.9832549691200256,0.9992784857749939,0.32012826204299927,0.6427436470985413,0.3654550313949585,0.7279921174049377,0.9983223080635071,0.44789260625839233,0.6419268846511841,-0.04964493215084076,0.9641509652137756,0.9983687996864319,0.32529309391975403,0.6434951424598694,0.34433287382125854,0.7261780500411987,0.9982106685638428,0.44481930136680603,0.6427245140075684,-0.029253104701638222,0.9606311321258545,0.998234748840332,0.3253675699234009,0.6409028768539429,0.358906090259552,0.7439137697219849,0.9987242817878723,0.4404561221599579,0.641305148601532,-0.003010557731613517,0.954302191734314,0.9988045692443848,0.3247051239013672,0.4259944558143616,0.09901614487171173,0.9998717904090881,0.9991980195045471,0.38963329792022705,0.4283272325992584,-0.09900899231433868,0.9999011158943176,0.9997642636299133,0.354536235332489,0.3520626425743103,0.06886516511440277,0.8046677708625793,0.9992913007736206,0.41296106576919556,0.35127556324005127,-0.1259801983833313,0.9572481513023376,0.9996377229690552,0.40863850712776184,0.2761470079421997,0.18054544925689697,0.7702137231826782,0.9986748695373535,0.46658456325531006,0.26181161403656006,-0.14962640404701233,0.917324423789978,0.9973859190940857,0.42999380826950073,0.2692963480949402,0.18568333983421326,0.793868362903595,0.9981202483177185,0.4770042896270752,0.254487007856369,-0.15855108201503754,0.8567391037940979,0.9959673881530762,0.39306819438934326,0.24388012290000916,0.08348909765481949,0.8109502792358398,0.9950670003890991,0.4536903500556946,0.22496846318244934,-0.3239324986934662,0.9098186492919922,0.9907500147819519
53,1802,True,0.4245971143245697,0.5708659291267395,0.1114388182759285,0.9995007514953613,0.9999264478683472,0.42260971665382385,0.5711820721626282,0.15316520631313324,0.9992197155952454,0.9998786449432373,0.4145471453666687,0.5710468888282776,0.15314830839633942,0.9989252686500549,0.9998596906661987,0.4097979664802551,0.5712462663650513,0.15313416719436646,0.9992359280586243,0.999830961227417,0.4305318593978882,0.5662279725074768,0.12158012390136719,0.9996417164802551,0.999911904335022,0.4326949119567871,0.564475417137146,0.12129458039999008,0.9995843172073364,0.9999215602874756,0.4390021860599518,0.5620166063308716,0.12127268314361572,0.9996433854103088,0.9999240636825562,0.39912983775138855,0.5609155893325806,0.2858911454677582,0.9989405870437622,0.9998258948326111,0.4374457895755768,0.5536552667617798,0.16543495655059814,0.9996970891952515,0.9999350309371948,0.40014758706092834,0.565815269947052,0.15684545040130615,0.9990836381912231,0.9998470544815063,0.42188993096351624,0.5665251016616821,0.12013335525989532,0.9991673827171326,0.999894380569458,0.35060304403305054,0.5433065891265869,0.3337494432926178,0.9998513460159302,0.9997249245643616,0.44000762701034546,0.5350551009178162,0.02852192148566246,0.9999575614929199,0.9999560117721558,0.3225422203540802,0.5826760530471802,0.3290407061576843,0.7011180520057678,0.9998624324798584,0.4431213438510895,0.5823951959609985,-0.050300776958465576,0.9941611289978027,0.999906063079834,0.31679657101631165,0.6361037492752075,0.31941622495651245,0.7983527779579163,0.998995840549469,0.44241833686828613,0.636145293712616,-0.04156553000211716,0.9836554527282715,0.9993170499801636,0.3184649646282196,0.6433570384979248,0.2992481589317322,0.7351884841918945,0.9978517293930054,0.44805535674095154,0.6415746808052063,-0.08431274443864822,0.9646408557891846,0.9983312487602234,0.3253230154514313,0.6435480713844299,0.2857857048511505,0.7329381704330444,0.9976925849914551,0.44408655166625977,0.6428161263465881,-0.06356004625558853,0.9611936807632446,0.9982038736343384,0.32548093795776367,0.6409236788749695,0.3045254647731781,0.7512450218200684,0.9983736276626587,0.4389353096485138,0.6412550210952759,-0.03646047040820122,0.9551874995231628,0.998773992061615,0.32433491945266724,0.4265061020851135,0.09342637658119202,0.9998685121536255,0.9992326498031616,0.388131320476532,0.43008551001548767,-0.09355712682008743,0.9999012351036072,0.9997695088386536,0.3592830300331116,0.3544970452785492,0.06533726304769516,0.7911866903305054,0.9990376234054565,0.41270947456359863,0.3518611490726471,-0.11269401013851166,0.9453471899032593,0.9995303153991699,0.414852112531662,0.28037434816360474,0.18613363802433014,0.7489064931869507,0.9982465505599976,0.46587783098220825,0.26678261160850525,-0.10103463381528854,0.9073590040206909,0.996992826461792,0.4336599111557007,0.2722681164741516,0.19282445311546326,0.7775213718414307,0.9975526928901672,0.4771134555339813,0.26332393288612366,-0.10675231367349625,0.8401176929473877,0.9955230951309204,0.4085518717765808,0.24661774933338165,0.09314040839672089,0.7943812608718872,0.9943477511405945,0.45070645213127136,0.23274624347686768,-0.2619529962539673,0.9019336104393005,0.9907572865486145
54,1836,True,0.4260936677455902,0.5708845853805542,0.07729888707399368,0.9994611740112305,0.9998476505279541,0.424029678106308,0.5708185434341431,0.11188841611146927,0.9991579055786133,0.9997575879096985,0.41731634736061096,0.5708026885986328,0.11200319230556488,0.9988367557525635,0.9997294545173645,0.41253238916397095,0.5708242654800415,0.11207948625087738,0.999174952507019,0.9996839761734009,0.43132659792900085,0.5663076043128967,0.09204023331403732,0.9996191263198853,0.9998140931129456,0.43397411704063416,0.5645583271980286,0.0917757898569107,0.9995582103729248,0.9998340606689453,0.44091588258743286,0.5622159242630005,0.09173435717821121,0.9996249079704285,0.9998408555984497,0.40213125944137573,0.5609468221664429,0.2313305139541626,0.9988195300102234,0.9997032284736633,0.4391830563545227,0.5533092617988586,0.16127680242061615,0.999681830406189,0.999868631362915,0.40211617946624756,0.566252589225769,0.11934696137905121,0.9990040063858032,0.999796450138092,0.4233596920967102,0.5663050413131714,0.09687795490026474,0.9991162419319153,0.9998382329940796,0.3512737452983856,0.5432668924331665,0.2820459008216858,0.9998480081558228,0.9997896552085876,0.43930062651634216,0.5351155400276184,0.010608768090605736,0.9999573826789856,0.9999574422836304,0.3216592073440552,0.5839412808418274,0.2759496569633484,0.7152462005615234,0.9998677968978882,0.44333726167678833,0.5825292468070984,-0.06700694561004639,0.9943069219589233,0.9999042749404907,0.3165363371372223,0.636440634727478,0.26747360825538635,0.8076654672622681,0.9988139867782593,0.4424424171447754,0.6361418962478638,-0.051730819046497345,0.9838825464248657,0.9992307424545288,0.3182351887226105,0.6437563300132751,0.2484917789697647,0.7438806295394897,0.9975541234016418,0.44836151599884033,0.6415219306945801,-0.09580996632575989,0.9646444916725159,0.9982051849365234,0.3252665102481842,0.6436041593551636,0.23260602355003357,0.74139004945755,0.99729984998703,0.44447579979896545,0.6428910493850708,-0.071137934923172,0.9612206220626831,0.9980621933937073,0.3255997896194458,0.6413390040397644,0.25200939178466797,0.75972580909729,0.9980462789535522,0.43952804803848267,0.6412438750267029,-0.04334694519639015,0.95546555519104,0.9986388087272644,0.324908584356308,0.42685312032699585,0.08827050030231476,0.9998656511306763,0.9992902278900146,0.38766151666641235,0.4313245713710785,-0.08843669295310974,0.9999004602432251,0.9997643828392029,0.3591701090335846,0.35584694147109985,0.06591828167438507,0.7780938148498535,0.9991133809089661,0.4121318459510803,0.3546505570411682,-0.09275899827480316,0.9376447796821594,0.9995276927947998,0.41768112778663635,0.28229719400405884,0.19795021414756775,0.732546329498291,0.998490571975708,0.463305801153183,0.26738211512565613,-0.07511281222105026,0.9004724025726318,0.9976746439933777,0.43594253063201904,0.27249830961227417,0.20771941542625427,0.7646846175193787,0.9979583024978638,0.4764556884765625,0.26748955249786377,-0.07633139193058014,0.828648567199707,0.9967030882835388,0.414858341217041,0.24745552241802216,0.11175432056188583,0.7824037075042725,0.9954245686531067,0.44797423481941223,0.23705489933490753,-0.22508324682712555,0.896993100643158,0.9932118654251099
55,1870,True,0.4241531789302826,0.5719691514968872,0.1875654011964798,0.9994993209838867,0.9999886751174927,0.4217248260974884,0.5715204477310181,0.2303195744752884,0.9992148280143738,0.9999822378158569,0.4164527356624603,0.5712959170341492,0.23042255640029907,0.9989150762557983,0.9999798536300659,0.41207563877105713,0.57121741771698,0.23057158291339874,0.9992308616638184,0.9999762773513794,0.43099868297576904,0.568830668926239,0.20678044855594635,0.999646008014679,0.999985933303833,0.4332447946071625,0.5675612688064575,0.20644091069698334,0.9995895624160767,0.9999871253967285,0.43722832202911377,0.5662509202957153,0.20646733045578003,0.9996520280838013,0.999987006187439,0.3985427916049957,0.5615836977958679,0.35838180780410767,0.9988939166069031,0.9999774694442749,0.4355052411556244,0.556791365146637,0.2605624198913574,0.9997043013572693,0.9999890327453613,0.4040476083755493,0.5664373636245728,0.23060010373592377,0.9990634918212891,0.9999711513519287,0.42174530029296875,0.5665572881698608,0.2013304978609085,0.9991713762283325,0.9999780654907227,0.35072049498558044,0.543254017829895,0.38959574699401855,0.9998500943183899,0.9999136924743652,0.4382309913635254,0.5359541177749634,0.1168031245470047,0.9999597072601318,0.9999842643737793,0.32172563672065735,0.5844988822937012,0.4042619466781616,0.7193140387535095,0.9999537467956543,0.44334784150123596,0.582869291305542,0.03809884935617447,0.9944044351577759,0.9999583959579468,0.31481292843818665,0.6369989514350891,0.42961645126342773,0.8115919232368469,0.9996356964111328,0.44232767820358276,0.6361395120620728,0.05461962893605232,0.9836994409561157,0.9997021555900574,0.3156808912754059,0.6440726518630981,0.41691067814826965,0.7465199828147888,0.9991839528083801,0.4484010338783264,0.6417978405952454,0.02109501138329506,0.9639513492584229,0.999255359172821,0.3217847943305969,0.6439176797866821,0.4034845232963562,0.7434717416763306,0.999143123626709,0.44334423542022705,0.6430081129074097,0.04273936152458191,0.9604162573814392,0.9991981387138367,0.32231685519218445,0.6419376730918884,0.4148494005203247,0.7625786662101746,0.9994311928749084,0.43988555669784546,0.6412345170974731,0.060662318021059036,0.9547702670097351,0.9994825124740601,0.3268246352672577,0.4288499355316162,0.08867785334587097,0.9998695850372314,0.9997398257255554,0.3873828053474426,0.4364268183708191,-0.08873993158340454,0.9999051094055176,0.9999287128448486,0.3635087311267853,0.3567325174808502,0.04280064254999161,0.7726120948791504,0.9996733665466309,0.41292935609817505,0.3569401502609253,-0.12382939457893372,0.9353750348091125,0.9998490810394287,0.41342905163764954,0.2833763062953949,0.1317342072725296,0.7200847864151001,0.9994283318519592,0.4624784290790558,0.27391472458839417,-0.1573418527841568,0.896798849105835,0.9989994168281555,0.4324887692928314,0.2731335759162903,0.1324624866247177,0.7584920525550842,0.9991884827613831,0.47591739892959595,0.26912176609039307,-0.16828954219818115,0.8251150846481323,0.9984865188598633,0.40759047865867615,0.2482205331325531,0.0364372543990612,0.7764473557472229,0.9975945353507996,0.4464350938796997,0.23905885219573975,-0.3255295753479004,0.8950212597846985,0.9962078332901001
56,1904,True,0.42515987157821655,0.5721925497055054,0.1434890180826187,0.9995132088661194,0.9999591112136841,0.4235033392906189,0.5717252492904663,0.18045441806316376,0.9992353916168213,0.9999393224716187,0.4182620942592621,0.5714347958564758,0.18079251050949097,0.9989404678344727,0.9999306201934814,0.4139282703399658,0.5712522864341736,0.18116703629493713,0.9992451071739197,0.9999172687530518,0.4319762885570526,0.5691630244255066,0.16030888259410858,0.9996575117111206,0.9999556541442871,0.4342426657676697,0.5677323341369629,0.16010388731956482,0.999603271484375,0.9999606609344482,0.4385508596897125,0.5663164854049683,0.16011807322502136,0.9996642470359802,0.999962329864502,0.4004366993904114,0.5618559718132019,0.30169370770454407,0.9989030957221985,0.999920129776001,0.4367837607860565,0.5567247867584229,0.2277824431657791,0.9997161626815796,0.999968409538269,0.4057062864303589,0.5664980411529541,0.186430424451828,0.9990846514701843,0.9999268054962158,0.42261043190956116,0.5665687322616577,0.16380207240581512,0.9992002844810486,0.9999479055404663,0.3510419726371765,0.543244481086731,0.3562178313732147,0.9998497366905212,0.9998832941055298,0.43823733925819397,0.5361255407333374,0.08169198781251907,0.999961256980896,0.999981164932251,0.3218122124671936,0.5843735933303833,0.3434964120388031,0.727990984916687,0.9999309778213501,0.44337642192840576,0.5831272602081299,-0.0191787239164114,0.9946880340576172,0.9999456405639648,0.31552040576934814,0.6368734240531921,0.32601839303970337,0.8183731436729431,0.9993840456008911,0.4424316883087158,0.6359875202178955,-0.027950014919042587,0.9843379855155945,0.9994381070137024,0.31756001710891724,0.6438121795654297,0.30449017882347107,0.7527998685836792,0.9986750483512878,0.4492691159248352,0.6415368318557739,-0.07143232971429825,0.9649951457977295,0.9986532926559448,0.32413747906684875,0.6439031958580017,0.29135841131210327,0.7494414448738098,0.998568058013916,0.4420328736305237,0.6427379846572876,-0.055822208523750305,0.9615476727485657,0.9985395669937134,0.32419008016586304,0.6417866945266724,0.31061461567878723,0.7687485814094543,0.9989823698997498,0.44012323021888733,0.6410881280899048,-0.02539125829935074,0.9561970233917236,0.9990018010139465,0.32881784439086914,0.4301660656929016,0.09268032014369965,0.9998711943626404,0.9995713829994202,0.389082133769989,0.4371704161167145,-0.09278400987386703,0.9999083280563354,0.9998798370361328,0.36688312888145447,0.35806509852409363,0.07141084969043732,0.7567155361175537,0.9994008541107178,0.41476473212242126,0.36047327518463135,-0.12124694883823395,0.9280092716217041,0.9997178912162781,0.42733171582221985,0.2903509736061096,0.1952621191740036,0.6979461312294006,0.9991508722305298,0.4620816111564636,0.27684181928634644,-0.11666920781135559,0.8906154632568359,0.9985331296920776,0.44704797863960266,0.2834653854370117,0.20120128989219666,0.7468256950378418,0.9988406300544739,0.47538188099861145,0.270202100276947,-0.12333501875400543,0.8175485730171204,0.9977976083755493,0.41273224353790283,0.25632843375205994,0.12071370333433151,0.7620862722396851,0.9973766803741455,0.4453914165496826,0.23956124484539032,-0.27639704942703247,0.8913167715072632,0.9954413175582886
57,1938,True,0.4211670756340027,0.5720287561416626,0.21670947968959808,0.9995391368865967,0.9999886751174927,0.4175798296928406,0.5713413953781128,0.2618112564086914,0.9992653727531433,0.9999829530715942,0.4128515124320984,0.5708271265029907,0.26193901896476746,0.9989822506904602,0.9999804496765137,0.40508538484573364,0.5704987049102783,0.26212677359580994,0.999273955821991,0.9999768733978271,0.42647260427474976,0.5692444443702698,0.2363152652978897,0.9996726512908936,0.999987006187439,0.42865970730781555,0.5679641962051392,0.2359943985939026,0.9996209740638733,0.9999881982803345,0.4345541298389435,0.5664635896682739,0.2360181361436844,0.99968022108078,0.9999881982803345,0.3941696584224701,0.5612372159957886,0.391283243894577,0.9989320039749146,0.9999755620956421,0.4331718981266022,0.5567396283149719,0.2844204902648926,0.9997301697731018,0.99998939037323,0.3972548246383667,0.5657057166099548,0.2601293921470642,0.9991161823272705,0.9999681711196899,0.4195820391178131,0.5661875009536743,0.22809509932994843,0.9992331862449646,0.999977707862854,0.35075047612190247,0.5411084890365601,0.4163924753665924,0.9998506307601929,0.9999068975448608,0.43804532289505005,0.5362554788589478,0.1313464492559433,0.9999627470970154,0.9999836683273315,0.32303088903427124,0.5847926735877991,0.41456684470176697,0.7327635884284973,0.9999653100967407,0.4437828063964844,0.5847370624542236,0.036229755729436874,0.9947878122329712,0.9999663829803467,0.3174724876880646,0.63712078332901,0.419244647026062,0.823520302772522,0.9996967315673828,0.4432882070541382,0.6360012292861938,0.047371748834848404,0.984475314617157,0.9996968507766724,0.3174785375595093,0.6439492702484131,0.39940622448921204,0.7572137117385864,0.9992934465408325,0.44954681396484375,0.6417169570922852,0.0072663454338908195,0.964929461479187,0.9992479681968689,0.3250128924846649,0.6438428163528442,0.38919147849082947,0.7534080743789673,0.999271810054779,0.44366276264190674,0.6427411437034607,0.028206657618284225,0.961422860622406,0.9991948008537292,0.32541659474372864,0.6418658494949341,0.4044361114501953,0.7732781171798706,0.9995225667953491,0.44037681818008423,0.6413645148277283,0.05205915868282318,0.9562302231788635,0.9994869232177734,0.33237797021865845,0.4309662878513336,0.0932307317852974,0.9998764395713806,0.9997753500938416,0.39043426513671875,0.43787819147109985,-0.09330113977193832,0.9999133348464966,0.9999366998672485,0.36806339025497437,0.35920053720474243,0.06043239310383797,0.7538753151893616,0.9996966123580933,0.41522908210754395,0.3619595766067505,-0.12773720920085907,0.9241026639938354,0.9998575448989868,0.4203031659126282,0.29255765676498413,0.16299302875995636,0.6834229826927185,0.9995052814483643,0.4619213044643402,0.27948981523513794,-0.1440923511981964,0.8836774826049805,0.9991666078567505,0.4391447603702545,0.2865979075431824,0.16321387887001038,0.7403666377067566,0.9992947578430176,0.4735861122608185,0.27086788415908813,-0.1559133529663086,0.811244785785675,0.9986861348152161,0.41046279668807983,0.2613210678100586,0.06922736763954163,0.7547515630722046,0.9978758096694946,0.44425123929977417,0.24035044014453888,-0.31807997822761536,0.88741135597229,0.9966942071914673
58,1972,True,0.41088196635246277,0.5721107721328735,0.2381249964237213,0.999569296836853,0.9999903440475464,0.4065742790699005,0.5711742639541626,0.2836437225341797,0.9993093609809875,0.999984860420227,0.40257495641708374,0.5705209374427795,0.2837522327899933,0.9990413784980774,0.9999823570251465,0.39807945489883423,0.570104718208313,0.2839358150959015,0.9993153810501099,0.9999790191650391,0.41923636198043823,0.5694828629493713,0.25472983717918396,0.9996932744979858,0.9999887943267822,0.4215174913406372,0.568445086479187,0.2543804943561554,0.9996448755264282,0.9999901056289673,0.42479875683784485,0.5674198865890503,0.25440800189971924,0.9997012615203857,0.9999902248382568,0.390298068523407,0.5608556270599365,0.41409754753112793,0.9989875555038452,0.9999775886535645,0.4291349947452545,0.5593301653862,0.2910151183605194,0.9997478127479553,0.9999910593032837,0.3902176320552826,0.5652006268501282,0.2818968892097473,0.9991629123687744,0.9999692440032959,0.4033784568309784,0.5652440190315247,0.24504922330379486,0.9992768168449402,0.9999794960021973,0.3509299159049988,0.5390454530715942,0.44485774636268616,0.9998486638069153,0.99988853931427,0.436982125043869,0.5376925468444824,0.13131846487522125,0.9999644160270691,0.999984622001648,0.32344600558280945,0.5847337245941162,0.46647611260414124,0.7271289825439453,0.9999585151672363,0.4436407685279846,0.5871816277503967,0.041359007358551025,0.9949192404747009,0.9999661445617676,0.3176693916320801,0.6368336081504822,0.4859258532524109,0.8218849301338196,0.9997126460075378,0.4422490894794464,0.6357972621917725,0.07372929900884628,0.984446108341217,0.9997133612632751,0.3176978528499603,0.6437379717826843,0.4708646237850189,0.7539228796958923,0.99934321641922,0.44942718744277954,0.6413266062736511,0.03954853117465973,0.9647286534309387,0.9992517828941345,0.3250003159046173,0.6434825658798218,0.4595555067062378,0.7495899796485901,0.9993174076080322,0.4438031017780304,0.6420308947563171,0.05775504186749458,0.9611709117889404,0.9991834759712219,0.32547637820243835,0.6412888765335083,0.47105836868286133,0.7707691788673401,0.9995520710945129,0.44059374928474426,0.6409820318222046,0.07882240414619446,0.9560909867286682,0.9994897842407227,0.33770424127578735,0.4328744411468506,0.09477309137582779,0.9998812675476074,0.9997598528862,0.39123043417930603,0.44229546189308167,-0.0947815552353859,0.9999179244041443,0.999935507774353,0.37364551424980164,0.36074593663215637,0.060234542936086655,0.7526348233222961,0.9997074007987976,0.4171009361743927,0.36321502923965454,-0.1341157853603363,0.923387885093689,0.9998635053634644,0.4312143623828888,0.2941553592681885,0.1337040215730667,0.677068829536438,0.9995100498199463,0.4626469910144806,0.2820442318916321,-0.1775466650724411,0.8819996118545532,0.9991284012794495,0.4437794089317322,0.2874419391155243,0.13015301525592804,0.7405444979667664,0.9992716908454895,0.4735899269580841,0.2731781005859375,-0.1918521225452423,0.8104653358459473,0.9985937476158142,0.4111909568309784,0.26288098096847534,0.0348840169608593,0.7543194890022278,0.9978030323982239,0.4442671537399292,0.2438194453716278,-0.3507485091686249,0.8871015310287476,0.9965912103652954
59,2006,True,0.4138525128364563,0.5718247890472412,0.15740805864334106,0.9995658993721008,0.9999566078186035,0.40842947363853455,0.5704439878463745,0.19790856540203094,0.9992964267730713,0.9999334812164307,0.4033225178718567,0.5698699355125427,0.19807760417461395,0.9990195631980896,0.9999243021011353,0.40167054533958435,0.5695178508758545,0.1982593685388565,0.9992965459823608,0.9999101161956787,0.4220205843448639,0.5689525604248047,0.17072679102420807,0.999688982963562,0.9999505281448364,0.4243687391281128,0.567878782749176,0.17045719921588898,0.9996389746665955,0.9999557733535767,0.42542096972465515,0.5666269063949585,0.1704227328300476,0.9996984601020813,0.9999568462371826,0.39252814650535583,0.5603090524673462,0.3227115273475647,0.9989386200904846,0.9999077320098877,0.43030551075935364,0.5582222938537598,0.20798765122890472,0.9997474551200867,0.999961256980896,0.39042362570762634,0.5648708939552307,0.20083247125148773,0.9991489052772522,0.9999179840087891,0.4067733883857727,0.56227707862854,0.16685736179351807,0.9992741942405701,0.9999408721923828,0.35133811831474304,0.5382648706436157,0.3636842370033264,0.9998443126678467,0.9998438358306885,0.43649694323539734,0.5376433730125427,0.05569741874933243,0.9999646544456482,0.9999746084213257,0.32427138090133667,0.5845328569412231,0.34374743700027466,0.7322150468826294,0.999930739402771,0.4441053569316864,0.5872392058372498,-0.05854048207402229,0.9951236248016357,0.9999433755874634,0.3179756999015808,0.6361986398696899,0.318829208612442,0.8267662525177002,0.9993153810501099,0.4415051341056824,0.6348339319229126,-0.05841684713959694,0.9850066304206848,0.9994480013847351,0.31863781809806824,0.643108606338501,0.29585570096969604,0.7585005164146423,0.9985535740852356,0.44811317324638367,0.6407712697982788,-0.10558796674013138,0.965611457824707,0.9987022876739502,0.3293568193912506,0.6425579190254211,0.282355397939682,0.754072904586792,0.9984340071678162,0.43809908628463745,0.6420722603797913,-0.08322416990995407,0.9621111154556274,0.9985911250114441,0.3296654522418976,0.6403542757034302,0.30255332589149475,0.7754952311515808,0.9988840222358704,0.43981650471687317,0.6402961015701294,-0.0537150502204895,0.9571778774261475,0.9990371465682983,0.34200289845466614,0.4315944314002991,0.09491530805826187,0.9998824596405029,0.9995880722999573,0.3947342038154602,0.4414801597595215,-0.09492894262075424,0.9999198317527771,0.9998775720596313,0.377938836812973,0.3624630272388458,0.06996234506368637,0.7451564073562622,0.9994208812713623,0.4191708564758301,0.3630957007408142,-0.11976957321166992,0.9207088947296143,0.9997228980064392,0.4352438151836395,0.29982322454452515,0.19500069320201874,0.6645252108573914,0.9991668462753296,0.4620617628097534,0.287696897983551,-0.11992111057043076,0.8773493766784668,0.9986847043037415,0.4429500102996826,0.2916180491447449,0.19978487491607666,0.7330414652824402,0.9988499879837036,0.47301802039146423,0.2791752517223358,-0.12960924208164215,0.8043226599693298,0.9980271458625793,0.4180609881877899,0.2703723907470703,0.10559693723917007,0.7465033531188965,0.9972915053367615,0.44371575117111206,0.24956509470939636,-0.300001323223114,0.8841159343719482,0.9958456158638
60,2040,True,0.40664443373680115,0.5700550675392151,0.3177579343318939,0.9995926022529602,0.9999963045120239,0.40215179324150085,0.568199634552002,0.3674105405807495,0.9993234872817993,0.999993085861206,0.3977242708206177,0.5674563646316528,0.3675133287906647,0.9990555047988892,0.9999920129776001,0.3949339687824249,0.5670112371444702,0.3677021861076355,0.9993237853050232,0.9999902248382568,0.4169832766056061,0.5678674578666687,0.34111225605010986,0.9997016787528992,0.9999947547912598,0.4192437529563904,0.5670301914215088,0.3407606780529022,0.9996524453163147,0.999995231628418,0.4207681119441986,0.5661208629608154,0.3408171832561493,0.9997122883796692,0.9999949932098389,0.3882503807544708,0.55799400806427,0.49728256464004517,0.9989615678787231,0.9999881982803345,0.4266524016857147,0.55697101354599,0.3851169943809509,0.999758243560791,0.9999947547912598,0.3912089765071869,0.5628243684768677,0.35960155725479126,0.9991864562034607,0.9999867677688599,0.3979533016681671,0.5590665340423584,0.3255763649940491,0.999308168888092,0.999990701675415,0.35138267278671265,0.5375441908836365,0.4872698187828064,0.999847948551178,0.9999065399169922,0.43593162298202515,0.537525475025177,0.22836874425411224,0.9999659061431885,0.9999823570251465,0.32561102509498596,0.5841493606567383,0.4726313650608063,0.7364382743835449,0.9999747276306152,0.44516634941101074,0.5829497575759888,0.08046970516443253,0.9952120184898376,0.9999781847000122,0.31797316670417786,0.6361418962478638,0.4809107482433319,0.8333627581596375,0.9998732805252075,0.44307535886764526,0.634536862373352,0.061818912625312805,0.9853501319885254,0.9998898506164551,0.31817057728767395,0.6425386667251587,0.4586825370788574,0.7652103900909424,0.9996802806854248,0.4507206082344055,0.6405527591705322,0.021104296669363976,0.9658917188644409,0.9996912479400635,0.32792219519615173,0.6422171592712402,0.45499664545059204,0.7605533003807068,0.9996895790100098,0.4443303942680359,0.6421103477478027,0.04436077922582626,0.9623202681541443,0.9996817111968994,0.3289959132671356,0.640316367149353,0.46834832429885864,0.7820029854774475,0.9998102784156799,0.442538321018219,0.6400878429412842,0.0663432776927948,0.9573453068733215,0.9998152852058411,0.34122222661972046,0.4325684905052185,0.08775321394205093,0.9998867511749268,0.9998413324356079,0.39605283737182617,0.443053662776947,-0.08768728375434875,0.9999238848686218,0.999946117401123,0.3814835846424103,0.3672867715358734,0.018350841477513313,0.7473069429397583,0.9998290538787842,0.41821718215942383,0.36437085270881653,-0.1624765545129776,0.9161380529403687,0.9999134540557861,0.4365765452384949,0.29973453283309937,0.07953201234340668,0.6562576293945312,0.9996465444564819,0.45394212007522583,0.2876545786857605,-0.203334242105484,0.8651354908943176,0.9994009733200073,0.44214141368865967,0.2913293242454529,0.07105730473995209,0.7312167286872864,0.9994269609451294,0.472726434469223,0.2806425094604492,-0.22155223786830902,0.7936393022537231,0.9989601373672485,0.41407325863838196,0.27058690786361694,-0.03983169049024582,0.7451983690261841,0.9979362487792969,0.4407139718532562,0.25333040952682495,-0.3912559151649475,0.8771675229072571,0.9971259236335754
61,2074,True,0.4094632863998413,0.569922924041748,0.254875123500824,0.9995548725128174,0.9999456405639648,0.40622979402542114,0.567988395690918,0.29919347167015076,0.9992315769195557,0.9999185800552368,0.40188199281692505,0.5672163367271423,0.2992492914199829,0.9989380836486816,0.9999096393585205,0.39815276861190796,0.5667099952697754,0.29936763644218445,0.9992477297782898,0.9998949766159058,0.41913872957229614,0.5674892067909241,0.2739705741405487,0.999660849571228,0.9999350309371948,0.4214957058429718,0.5666391253471375,0.2736489474773407,0.9996078610420227,0.9999405145645142,0.42254316806793213,0.5662863850593567,0.2736676335334778,0.9996789693832397,0.9999383687973022,0.3901486396789551,0.5577298998832703,0.4237421154975891,0.9988687038421631,0.9998902082443237,0.4275364279747009,0.5564156770706177,0.3157217502593994,0.9997420310974121,0.9999442100524902,0.3936765789985657,0.562752366065979,0.296263188123703,0.9991313219070435,0.999896764755249,0.3987107276916504,0.5593196153640747,0.2638651728630066,0.9992709755897522,0.9999232292175293,0.3517313301563263,0.5355426073074341,0.433293879032135,0.9998389482498169,0.9997071623802185,0.43611714243888855,0.5372107625007629,0.16754791140556335,0.9999646544456482,0.9999432563781738,0.32605817914009094,0.5835651159286499,0.4561232626438141,0.7408092617988586,0.9999276399612427,0.44534996151924133,0.583143949508667,0.04427735134959221,0.9953038096427917,0.9999492168426514,0.31879743933677673,0.6350411176681519,0.43341144919395447,0.8359656929969788,0.9995444416999817,0.4436122477054596,0.6343338489532471,0.05195794627070427,0.9853500723838806,0.9996892213821411,0.3200746178627014,0.641448974609375,0.39666640758514404,0.7660481333732605,0.998913049697876,0.451223760843277,0.6405904293060303,0.011905703693628311,0.9652092456817627,0.999096155166626,0.32964596152305603,0.6414841413497925,0.4201008677482605,0.7611982226371765,0.9988917708396912,0.444172739982605,0.642079770565033,0.03740533068776131,0.9614635109901428,0.9990455508232117,0.33076906204223633,0.6395297050476074,0.4326895475387573,0.7830751538276672,0.9992789626121521,0.4421788156032562,0.6400940418243408,0.05768444761633873,0.9564498662948608,0.9994292855262756,0.34632188081741333,0.43083444237709045,0.08142858743667603,0.9998865127563477,0.9996167421340942,0.40086060762405396,0.44243019819259644,-0.08138793706893921,0.9999239444732666,0.9998424053192139,0.38943231105804443,0.3656333386898041,0.0264543779194355,0.7314069271087646,0.9988579750061035,0.41977378726005554,0.36205440759658813,-0.14863432943820953,0.9050118923187256,0.9993982315063477,0.4412641227245331,0.2982770800590515,0.11354910582304001,0.6254543662071228,0.9972212314605713,0.45823076367378235,0.2876052260398865,-0.16342729330062866,0.8405778408050537,0.9961615800857544,0.4542164206504822,0.29108795523643494,0.11165011674165726,0.7106524705886841,0.9959624409675598,0.4724763333797455,0.2808278203010559,-0.17579595744609833,0.7743050456047058,0.9939326643943787,0.4367855191230774,0.266399085521698,0.013051573187112808,0.7215492725372314,0.9896159172058105,0.4533950388431549,0.25317731499671936,-0.3323567807674408,0.8585557341575623,0.9860973358154297
62,2108,True,0.41296419501304626,0.5698162913322449,0.3447667956352234,0.9995571374893188,0.9999897480010986,0.4158000946044922,0.5679963827133179,0.3938468396663666,0.9992022514343262,0.9999828338623047,0.40895524621009827,0.5672929286956787,0.39398494362831116,0.9988954067230225,0.9999804496765137,0.4068008363246918,0.5668082237243652,0.39417967200279236,0.9992273449897766,0.9999768733978271,0.4226389229297638,0.5674466490745544,0.3675653338432312,0.999650776386261,0.9999867677688599,0.4243294298648834,0.5665955543518066,0.3672153055667877,0.9995933175086975,0.9999879598617554,0.425088107585907,0.5661870241165161,0.36726832389831543,0.9996732473373413,0.9999877214431763,0.3996986746788025,0.5577329397201538,0.5157485008239746,0.998805820941925,0.9999722242355347,0.42898422479629517,0.5563157796859741,0.40357890725135803,0.9997354745864868,0.999987006187439,0.4002671241760254,0.5636422038078308,0.3831195533275604,0.9991124272346497,0.9999696016311646,0.4069873094558716,0.5614479184150696,0.3491072654724121,0.9992514252662659,0.9999773502349854,0.35736966133117676,0.5356380343437195,0.5005109310150146,0.9998331069946289,0.999852180480957,0.43633151054382324,0.5373277068138123,0.24096675217151642,0.9999645948410034,0.9999711513519287,0.3282565772533417,0.5851374268531799,0.4708655774593353,0.7400259375572205,0.9999619722366333,0.4466446340084076,0.5835545063018799,0.1019139364361763,0.9952680468559265,0.9999643564224243,0.31896379590034485,0.6355631351470947,0.4681657552719116,0.839140772819519,0.9997828602790833,0.4451518654823303,0.6343733668327332,0.08112109452486038,0.985335648059845,0.9997839331626892,0.3200656473636627,0.6418548226356506,0.44580432772636414,0.7693712711334229,0.9994872808456421,0.4541371166706085,0.6419258713722229,0.037788521498441696,0.9648340940475464,0.9994423985481262,0.3307179808616638,0.6416144967079163,0.4419724643230438,0.7644443511962891,0.9994868040084839,0.4497224688529968,0.6426020860671997,0.06277881562709808,0.9609427452087402,0.9994188547134399,0.3320574462413788,0.6399224996566772,0.4556489586830139,0.7862496972084045,0.9996752738952637,0.4455326199531555,0.6401045918464661,0.08570833504199982,0.9558499455451965,0.9996533393859863,0.3480682075023651,0.43510809540748596,0.08337815850973129,0.9998827576637268,0.9996010661125183,0.39977261424064636,0.4439714848995209,-0.08333772420883179,0.9999232292175293,0.9998502731323242,0.3930400013923645,0.3676786720752716,-0.0011796826729550958,0.7276914715766907,0.9996659755706787,0.42007556557655334,0.3648647665977478,-0.19554650783538818,0.9021806120872498,0.9997982382774353,0.44522082805633545,0.29796627163887024,0.014625790528953075,0.6156536340713501,0.9993230104446411,0.4574946463108063,0.2875891327857971,-0.2692745625972748,0.8273666501045227,0.9987976551055908,0.45386335253715515,0.28823643922805786,0.0017886421410366893,0.7079307436943054,0.9989365935325623,0.47245487570762634,0.28129830956459045,-0.2900577187538147,0.7648846507072449,0.9980149269104004,0.42869991064071655,0.2664996087551117,-0.11359862983226776,0.7177112102508545,0.9963351488113403,0.4516436755657196,0.25419002771377563,-0.4575037658214569,0.8493565917015076,0.995018482208252
63,2142,True,0.41350576281547546,0.570393443107605,0.29759058356285095,0.9995613098144531,0.9999761581420898,0.4161171317100525,0.5687621831893921,0.344686359167099,0.9991908669471741,0.999962568283081,0.40956398844718933,0.568063497543335,0.3447797894477844,0.9988847374916077,0.9999581575393677,0.406919002532959,0.5676411390304565,0.3449421525001526,0.9992194175720215,0.9999513626098633,0.4233391284942627,0.5686020851135254,0.3144453167915344,0.9996490478515625,0.9999706745147705,0.4248385429382324,0.5675451755523682,0.31410810351371765,0.9995937347412109,0.9999732971191406,0.4256182014942169,0.5671807527542114,0.3141379654407501,0.9996734261512756,0.9999724626541138,0.39837467670440674,0.5585066676139832,0.47404998540878296,0.9987980723381042,0.9999480247497559,0.4299129843711853,0.557712197303772,0.3440439999103546,0.9997406601905823,0.9999744892120361,0.3961152732372284,0.5634139180183411,0.34049439430236816,0.9991233348846436,0.9999483823776245,0.40863579511642456,0.5617883205413818,0.30145689845085144,0.9992650151252747,0.9999635219573975,0.3573440909385681,0.5356969833374023,0.49005427956581116,0.9998274445533752,0.9998062252998352,0.4370374083518982,0.5372677445411682,0.17990730702877045,0.9999646544456482,0.999964714050293,0.32835960388183594,0.5850360989570618,0.47306573390960693,0.7332152128219604,0.9999582767486572,0.4466324746608734,0.5846909284591675,0.0609017014503479,0.9953779578208923,0.999962329864502,0.3191395103931427,0.6357041597366333,0.467801570892334,0.8377355337142944,0.9997208714485168,0.4418945014476776,0.6346409916877747,0.07789362221956253,0.9853540062904358,0.9997548460960388,0.3200090229511261,0.6418540477752686,0.44788864254951477,0.7670483589172363,0.9993265867233276,0.44168755412101746,0.6421427130699158,0.03785372152924538,0.9645977020263672,0.9993370175361633,0.3291170597076416,0.6416105031967163,0.44001781940460205,0.7619447112083435,0.9993206262588501,0.43783801794052124,0.6426525115966797,0.06233225017786026,0.9606003165245056,0.9992978572845459,0.33057913184165955,0.6398323774337769,0.4537464678287506,0.7843616604804993,0.9995608925819397,0.43383699655532837,0.6404960751533508,0.08433756977319717,0.9553884267807007,0.9995747208595276,0.3474634885787964,0.4348490834236145,0.09104885160923004,0.9998854398727417,0.9997146725654602,0.4004419147968292,0.44322118163108826,-0.09094508737325668,0.9999252557754517,0.9998912811279297,0.3925952613353729,0.3675521910190582,0.015836594626307487,0.7163574695587158,0.9994866847991943,0.42123058438301086,0.3642691373825073,-0.18530820310115814,0.8976004719734192,0.9997304081916809,0.45128554105758667,0.29692310094833374,0.07533567398786545,0.5973946452140808,0.9988627433776855,0.4694521725177765,0.28515109419822693,-0.23833104968070984,0.8187799453735352,0.9984105825424194,0.47630301117897034,0.2881799638271332,0.06936788558959961,0.7011294364929199,0.9983158111572266,0.4886232614517212,0.2812744975090027,-0.25519075989723206,0.7598562836647034,0.9974024891853333,0.43370726704597473,0.2651026248931885,-0.03267347440123558,0.7071680426597595,0.9948551654815674,0.4638423025608063,0.2538371682167053,-0.41436469554901123,0.8440779447555542,0.9932340979576111
64,2176,True,0.41382330656051636,0.5701860189437866,0.29850757122039795,0.9995657205581665,0.9999825954437256,0.4163433015346527,0.5687355995178223,0.3468170762062073,0.9991834759712219,0.9999727010726929,0.4098675549030304,0.5680546164512634,0.3469243347644806,0.9988744854927063,0.9999687671661377,0.40697190165519714,0.5676347017288208,0.3471049964427948,0.9992146492004395,0.9999631643295288,0.42356711626052856,0.5685025453567505,0.3179258704185486,0.9996504187583923,0.9999802112579346,0.4252501130104065,0.5674540996551514,0.31756749749183655,0.9995955228805542,0.9999827146530151,0.426093727350235,0.5669780969619751,0.31759199500083923,0.9996773600578308,0.9999831914901733,0.3990027606487274,0.5584859251976013,0.47737088799476624,0.9987831115722656,0.9999604225158691,0.4301602244377136,0.5573134422302246,0.354231059551239,0.9997460246086121,0.999984622001648,0.39710533618927,0.5631312727928162,0.34146517515182495,0.9991284012794495,0.9999603033065796,0.4098025858402252,0.561888575553894,0.3044196367263794,0.9992746114730835,0.9999736547470093,0.35730695724487305,0.5359015464782715,0.48806723952293396,0.9998294711112976,0.9998730421066284,0.43733397126197815,0.5372341275215149,0.1869020313024521,0.9999656677246094,0.999980092048645,0.3282756805419922,0.5844494700431824,0.47967857122421265,0.7319815158843994,0.9999561309814453,0.44671398401260376,0.5847104787826538,0.06598805636167526,0.9954079985618591,0.9999634027481079,0.31850382685661316,0.6356989741325378,0.49010470509529114,0.8385775685310364,0.9996907711029053,0.4427880048751831,0.6349615454673767,0.07197253406047821,0.985336184501648,0.9997422099113464,0.3199256658554077,0.6420551538467407,0.4716256558895111,0.7670994997024536,0.9992735981941223,0.44210803508758545,0.6421872973442078,0.029566992074251175,0.9643911123275757,0.9993165731430054,0.3290719985961914,0.6417357921600342,0.46192672848701477,0.7618951201438904,0.9992544054985046,0.4393503963947296,0.6426506042480469,0.05408584326505661,0.9603508114814758,0.9992677569389343,0.33040672540664673,0.6398187279701233,0.4753481149673462,0.7849565744400024,0.9995222091674805,0.43484315276145935,0.6407812237739563,0.07767267525196075,0.95527184009552,0.9995613694190979,0.3465731739997864,0.4340464174747467,0.09230796247720718,0.9998865723609924,0.999652624130249,0.40067851543426514,0.4428483545780182,-0.09219443798065186,0.9999268054962158,0.9998908042907715,0.39442145824432373,0.3676207959651947,0.02357017807662487,0.7156670689582825,0.999626636505127,0.42498448491096497,0.36411595344543457,-0.17302682995796204,0.8940471410751343,0.9997938275337219,0.45932823419570923,0.29558274149894714,0.09620470553636551,0.5873091816902161,0.9992177486419678,0.47867119312286377,0.28213754296302795,-0.20477215945720673,0.8113205432891846,0.9985573887825012,0.4752294719219208,0.2871789038181305,0.09344666451215744,0.697496771812439,0.9988240599632263,0.4917820394039154,0.2810770869255066,-0.21980927884578705,0.7527896761894226,0.9976480603218079,0.44343188405036926,0.2636123299598694,-0.007372566498816013,0.702313244342804,0.9960319399833679,0.4692440927028656,0.2527786195278168,-0.382388174533844,0.8396960496902466,0.9941125512123108
65,2210,True,0.41445061564445496,0.5697242021560669,0.24819238483905792,0.9995725750923157,0.9999833106994629,0.4164649248123169,0.568178653717041,0.3016277849674225,0.9991852045059204,0.9999746084213257,0.409990131855011,0.5674976706504822,0.301805704832077,0.9988755583763123,0.9999710321426392,0.4071013033390045,0.5670720338821411,0.30207374691963196,0.9992142915725708,0.9999656677246094,0.42454993724823,0.5676496624946594,0.2728476822376251,0.9996532797813416,0.9999814033508301,0.4258344769477844,0.5666004419326782,0.272555947303772,0.9995982050895691,0.9999834299087524,0.42667561769485474,0.5659914612770081,0.2725788652896881,0.9996808767318726,0.999983549118042,0.3990303575992584,0.557783305644989,0.4639175534248352,0.9987680912017822,0.9999620914459229,0.43109604716300964,0.5561551451683044,0.33970558643341064,0.9997504353523254,0.9999840259552002,0.3983584940433502,0.5625115036964417,0.2972892224788666,0.9991358518600464,0.9999614953994751,0.41136592626571655,0.5616438388824463,0.26099124550819397,0.9992867708206177,0.9999734163284302,0.35735127329826355,0.5354591608047485,0.4685249328613281,0.9998294115066528,0.9998681545257568,0.4375459551811218,0.5366127490997314,0.16734689474105835,0.9999663233757019,0.9999771118164062,0.32825666666030884,0.5842599272727966,0.4058910012245178,0.737816572189331,0.9999545812606812,0.44795095920562744,0.5829687714576721,0.006865010596811771,0.99559485912323,0.9999594688415527,0.3194681406021118,0.6356644630432129,0.3801724314689636,0.8433750867843628,0.9996510744094849,0.4433784484863281,0.6329056024551392,-0.02117961272597313,0.9858408570289612,0.9997323155403137,0.3223426043987274,0.6418676376342773,0.35256674885749817,0.771715521812439,0.9991918206214905,0.4429706931114197,0.6408568024635315,-0.07162798196077347,0.96522456407547,0.9993023872375488,0.3310157060623169,0.6416269540786743,0.3451620936393738,0.7663851976394653,0.9991621971130371,0.4395234286785126,0.6413761377334595,-0.045601196587085724,0.9612457156181335,0.9992590546607971,0.33209487795829773,0.6398071050643921,0.3650851249694824,0.7894554734230042,0.9994418025016785,0.4349893033504486,0.6397033333778381,-0.0161781907081604,0.9563196301460266,0.9995356798171997,0.3489038050174713,0.43394121527671814,0.09306036680936813,0.9998872876167297,0.9996578693389893,0.4018815755844116,0.44146662950515747,-0.09293211996555328,0.9999275803565979,0.9998843669891357,0.3961489498615265,0.3654358386993408,0.026117730885744095,0.7130299806594849,0.999528169631958,0.42900216579437256,0.36263853311538696,-0.16732965409755707,0.8925715088844299,0.9997614026069641,0.46010321378707886,0.2955481708049774,0.11926693469285965,0.5788639783859253,0.9991243481636047,0.4797194302082062,0.28501516580581665,-0.20230087637901306,0.8065035343170166,0.9985028505325317,0.47727617621421814,0.2880686819553375,0.11697392165660858,0.6934764981269836,0.9987047910690308,0.4952027499675751,0.2819095253944397,-0.21467283368110657,0.7475423812866211,0.9976033568382263,0.4465981721878052,0.26306039094924927,0.009216557256877422,0.6976982951164246,0.996180534362793,0.4674108326435089,0.2528882622718811,-0.36555370688438416,0.8365015387535095,0.9942382574081421
66,2244,True,0.4017043709754944,0.5677821636199951,0.2755524516105652,0.9996050000190735,0.9999977350234985,0.4105627238750458,0.5660125017166138,0.3299369513988495,0.9992398619651794,0.9999961853027344,0.40165573358535767,0.5653418302536011,0.33011069893836975,0.9989485740661621,0.9999954700469971,0.3984275758266449,0.5651038885116577,0.33036744594573975,0.9992630481719971,0.9999943971633911,0.41914063692092896,0.5657302141189575,0.29917213320732117,0.9996777772903442,0.9999973773956299,0.4210183918476105,0.5649265050888062,0.2988702356815338,0.999626100063324,0.999997615814209,0.4226592481136322,0.5644853711128235,0.29891738295555115,0.9997033476829529,0.999997615814209,0.3917829394340515,0.5565022826194763,0.4764788746833801,0.9988324046134949,0.999992847442627,0.4272920489311218,0.5553737878799438,0.34603315591812134,0.9997674226760864,0.9999973773956299,0.3962292969226837,0.5607463717460632,0.3223680853843689,0.9991934895515442,0.9999912977218628,0.4002210795879364,0.5599088668823242,0.28301873803138733,0.9993364214897156,0.9999946355819702,0.35656797885894775,0.5345643758773804,0.4825894236564636,0.9998319745063782,0.9999217987060547,0.4362415373325348,0.5344287753105164,0.1717957854270935,0.9999677538871765,0.9999898672103882,0.3282460570335388,0.5842434167861938,0.4348475933074951,0.7402427792549133,0.9999760389328003,0.4478057324886322,0.5816497802734375,0.004993894137442112,0.9958319664001465,0.9999792575836182,0.3188885450363159,0.6356889009475708,0.3992471992969513,0.8497179746627808,0.9998441934585571,0.44465765357017517,0.6313997507095337,-0.04459012299776077,0.9866401553153992,0.9998472929000854,0.32095202803611755,0.6418442726135254,0.3601839244365692,0.7794654965400696,0.9996415376663208,0.4465821087360382,0.6395902633666992,-0.09545523673295975,0.966942548751831,0.999617338180542,0.3309530019760132,0.6415724158287048,0.36259713768959045,0.7740043997764587,0.9996492862701416,0.4439249336719513,0.6403293013572693,-0.07286839187145233,0.9631350636482239,0.9996032118797302,0.3320704996585846,0.6398042440414429,0.3844221234321594,0.7966114282608032,0.9997726082801819,0.438828706741333,0.6386329531669617,-0.041030190885066986,0.9584037065505981,0.9997593760490417,0.3509182631969452,0.4338948130607605,0.1031477302312851,0.9998917579650879,0.9998001456260681,0.4020397961139679,0.4423901438713074,-0.10289586335420609,0.9999315142631531,0.9999538660049438,0.40027809143066406,0.3667128384113312,0.02980605512857437,0.7221415638923645,0.999850869178772,0.4279429614543915,0.3651967942714691,-0.2090376317501068,0.8971705436706543,0.9999397993087769,0.46583646535873413,0.2962106168270111,0.12737752497196198,0.5808994770050049,0.9997603297233582,0.4820494055747986,0.28856223821640015,-0.24678511917591095,0.8133761286735535,0.9995530247688293,0.4868616461753845,0.2920319437980652,0.12313862890005112,0.7001283168792725,0.9996254444122314,0.5005277395248413,0.28331243991851807,-0.2642970681190491,0.7532420754432678,0.9992094039916992,0.44822219014167786,0.2670133113861084,0.01571415737271309,0.7039941549301147,0.9986181259155273,0.46718630194664,0.25562602281570435,-0.4452933967113495,0.8429305553436279,0.9976491332054138
67,2278,True,0.4043119549751282,0.5680117607116699,0.08853737264871597,0.9996324777603149,0.99998939037323,0.4065684378147125,0.566165566444397,0.13240669667720795,0.9992930889129639,0.9999823570251465,0.40029776096343994,0.5653851628303528,0.13259540498256683,0.9990199208259583,0.9999790191650391,0.3939397931098938,0.5652240514755249,0.13280701637268066,0.999309778213501,0.9999741315841675,0.4156166613101959,0.5662657022476196,0.10300864279270172,0.9997005462646484,0.9999876022338867,0.42011722922325134,0.5653845071792603,0.10278663784265518,0.9996526837348938,0.9999887943267822,0.4222431182861328,0.5647895932197571,0.10279771685600281,0.9997238516807556,0.9999887943267822,0.3871239423751831,0.5565774440765381,0.27934926748275757,0.9989053606987,0.9999707937240601,0.42515242099761963,0.5555421710014343,0.1534377634525299,0.9997841119766235,0.9999891519546509,0.39468562602996826,0.5607770085334778,0.13984555006027222,0.9992454648017883,0.9999716281890869,0.4028870761394501,0.5603071451187134,0.10279528051614761,0.9993847608566284,0.9999819993972778,0.3556281626224518,0.5347294807434082,0.3384876549243927,0.9998327493667603,0.9998615980148315,0.4362187385559082,0.53445965051651,0.013047579675912857,0.9999687671661377,0.9999822378158569,0.3282969295978546,0.5829360485076904,0.31184330582618713,0.7515250444412231,0.9999406337738037,0.44695913791656494,0.5816901326179504,-0.13177524507045746,0.9961338043212891,0.9999608993530273,0.31863999366760254,0.6349124312400818,0.26357048749923706,0.8565941452980042,0.9995927214622498,0.4443499743938446,0.6306401491165161,-0.1603606790304184,0.9875034689903259,0.9996746778488159,0.32068362832069397,0.6411470174789429,0.23627978563308716,0.7875241041183472,0.9991138577461243,0.44663259387016296,0.6396385431289673,-0.21168655157089233,0.9687711596488953,0.9991509914398193,0.3305589556694031,0.6411713361740112,0.22649338841438293,0.7820674180984497,0.9990637898445129,0.44422751665115356,0.6403636336326599,-0.18971416354179382,0.9651658535003662,0.9991023540496826,0.3317400813102722,0.6390588879585266,0.2480936050415039,0.8040359616279602,0.999340832233429,0.4388861060142517,0.6381235718727112,-0.15662789344787598,0.9606854915618896,0.9994117021560669,0.35090136528015137,0.4331807494163513,0.10483666509389877,0.9998931884765625,0.9995827078819275,0.4042578935623169,0.44071269035339355,-0.1047164723277092,0.9999333620071411,0.9998849630355835,0.4007035195827484,0.36582064628601074,0.06518714874982834,0.7189846038818359,0.9994502663612366,0.4278371036052704,0.3651164174079895,-0.20198310911655426,0.8992936611175537,0.9997723698616028,0.46435242891311646,0.29892000555992126,0.20917607843875885,0.5792232155799866,0.9992177486419678,0.4858461916446686,0.28967946767807007,-0.1862720549106598,0.8209848999977112,0.9986911416053772,0.4922611117362976,0.2928619980812073,0.2157108336687088,0.6984604597091675,0.9988937973976135,0.5047662854194641,0.28365853428840637,-0.19441357254981995,0.7570315003395081,0.997856080532074,0.4500059485435486,0.2704106569290161,0.12535354495048523,0.7023205161094666,0.9973511695861816,0.4671793580055237,0.25541001558303833,-0.3711673319339752,0.8481281399726868,0.9950600266456604
68,2312,True,0.4019426703453064,0.5680793523788452,0.22978270053863525,0.9996601939201355,0.9999967813491821,0.4032343924045563,0.566224217414856,0.28136712312698364,0.999342679977417,0.9999947547912598,0.39518508315086365,0.5653215646743774,0.2815574109554291,0.9990872144699097,0.9999936819076538,0.39041149616241455,0.5649935007095337,0.28184378147125244,0.9993568658828735,0.9999922513961792,0.4130217730998993,0.5662870407104492,0.250372052192688,0.9997223019599915,0.9999963045120239,0.4165688455104828,0.5654951930046082,0.25006529688835144,0.9996779561042786,0.9999966621398926,0.4211781919002533,0.5648864507675171,0.2501351535320282,0.9997442364692688,0.9999966621398926,0.3855481743812561,0.556549072265625,0.4281184673309326,0.9989743232727051,0.9999904632568359,0.4237639605998993,0.5556228756904602,0.2977094352245331,0.9998000860214233,0.999996542930603,0.39239996671676636,0.5608782172203064,0.27835577726364136,0.9992966055870056,0.9999872446060181,0.40296927094459534,0.5604042410850525,0.2390754073858261,0.9994285106658936,0.9999921321868896,0.3554052710533142,0.5349095463752747,0.44927656650543213,0.9998377561569214,0.9999071359634399,0.4360812306404114,0.5349025130271912,0.13559933006763458,0.9999702572822571,0.9999889135360718,0.32826054096221924,0.5827252864837646,0.4323742687702179,0.7551780939102173,0.9999698400497437,0.44696468114852905,0.5818795561790466,-0.043549660593271255,0.996353805065155,0.9999830722808838,0.31863856315612793,0.6343613266944885,0.42250239849090576,0.8600992560386658,0.9998346567153931,0.44366455078125,0.6307679414749146,-0.10309997946023941,0.9881179928779602,0.9998898506164551,0.32046404480934143,0.6409010887145996,0.4001353681087494,0.7912444472312927,0.9996174573898315,0.4468991458415985,0.6397092938423157,-0.14607977867126465,0.9699735641479492,0.9996802806854248,0.32962557673454285,0.6404088735580444,0.3944772481918335,0.7855733633041382,0.9996165037155151,0.4442388713359833,0.6403959393501282,-0.11056390404701233,0.9664626121520996,0.9996660947799683,0.3311368227005005,0.638576328754425,0.408764511346817,0.8074846863746643,0.9997531771659851,0.4390394389629364,0.6379648447036743,-0.09307963401079178,0.96212238073349,0.999808132648468,0.3504828214645386,0.43332791328430176,0.10413859784603119,0.9998961687088013,0.9997287392616272,0.4040173888206482,0.44067639112472534,-0.1040266677737236,0.9999361634254456,0.9999485015869141,0.3993738293647766,0.36611324548721313,0.03518621250987053,0.7270245552062988,0.9997557997703552,0.42834174633026123,0.36532270908355713,-0.1853969395160675,0.9009251594543457,0.9998925924301147,0.4708865284919739,0.2996814548969269,0.12884002923965454,0.5788151621818542,0.9996448755264282,0.4913040101528168,0.29044076800346375,-0.20641042292118073,0.821729838848114,0.9991188645362854,0.4937858283519745,0.2940780520439148,0.1263505220413208,0.6999112367630005,0.9994656443595886,0.507140040397644,0.28387317061424255,-0.2212659865617752,0.756393313407898,0.9985677003860474,0.46097084879875183,0.2701725363731384,0.03832544386386871,0.7039896845817566,0.9981222748756409,0.4853503406047821,0.2547498643398285,-0.39198005199432373,0.8490844964981079,0.9962714910507202
69,2346,True,0.39911749958992004,0.567924439907074,0.10966305434703827,0.999669075012207,0.9999772310256958,0.3970446288585663,0.5661140084266663,0.15670521557331085,0.9993603229522705,0.9999634027481079,0.3915601074695587,0.5652217268943787,0.1568739116191864,0.9991067051887512,0.999956488609314,0.3876323699951172,0.5648428201675415,0.15708650648593903,0.9993641376495361,0.9999468326568604,0.41025784611701965,0.5662356615066528,0.12429922074079514,0.9997310638427734,0.9999752044677734,0.41337093710899353,0.5654193758964539,0.12406469136476517,0.9996886849403381,0.9999779462814331,0.4199169874191284,0.5647165179252625,0.1240653246641159,0.9997520446777344,0.9999781847000122,0.3832985758781433,0.5563639998435974,0.30798858404159546,0.9989812970161438,0.999937891960144,0.4220748543739319,0.555351197719574,0.16921775043010712,0.9998078346252441,0.9999783039093018,0.38949766755104065,0.5605028867721558,0.16201753914356232,0.9993130564689636,0.9999417066574097,0.40136629343032837,0.5602340698242188,0.12110001593828201,0.999450147151947,0.9999641180038452,0.3551459312438965,0.5345429182052612,0.3630991280078888,0.9998301267623901,0.999763548374176,0.4346781075000763,0.5340584516525269,0.013991604559123516,0.9999696016311646,0.9999685287475586,0.32861047983169556,0.5809131860733032,0.340066522359848,0.759773313999176,0.9999217987060547,0.44622352719306946,0.5815715193748474,-0.15021805465221405,0.9966112375259399,0.9999505281448364,0.3184731602668762,0.6338152289390564,0.2931298017501831,0.8641207218170166,0.9994662404060364,0.4436682462692261,0.6302656531333923,-0.18379470705986023,0.9888763427734375,0.9996399879455566,0.32016900181770325,0.6403052806854248,0.2655438184738159,0.7957028746604919,0.9988068342208862,0.44713982939720154,0.6392346620559692,-0.2373885214328766,0.9716091752052307,0.9990192651748657,0.32935285568237305,0.6402437686920166,0.25402963161468506,0.7901086211204529,0.9987406134605408,0.44461944699287415,0.6404321789741516,-0.21382524073123932,0.9682745933532715,0.998961329460144,0.3309009373188019,0.6383522748947144,0.27644041180610657,0.8121049404144287,0.9991214871406555,0.4393269717693329,0.6376403570175171,-0.1792476922273636,0.9641426801681519,0.9993271827697754,0.3525618016719818,0.43274417519569397,0.10649063438177109,0.9998959302902222,0.99950110912323,0.4040524363517761,0.43923434615135193,-0.10642372071743011,0.9999356865882874,0.999855637550354,0.402157723903656,0.3647671341896057,0.05343937873840332,0.7245451807975769,0.9991437196731567,0.4318024814128876,0.36375749111175537,-0.15685071051120758,0.9003560543060303,0.9996286630630493,0.4750632047653198,0.2990984320640564,0.17943137884140015,0.5754350423812866,0.9986504912376404,0.4956108033657074,0.2907482385635376,-0.15474677085876465,0.8232570886611938,0.9975649118423462,0.49989446997642517,0.29395973682403564,0.1837114691734314,0.6961816549301147,0.998044490814209,0.5139281153678894,0.28432101011276245,-0.1648373305797577,0.7528995275497437,0.9961814880371094,0.46204379200935364,0.2699437439441681,0.09326643496751785,0.700097382068634,0.9951773881912231,0.48938992619514465,0.25467780232429504,-0.33263731002807617,0.8489089608192444,0.9916558265686035
70,2380,True,0.39985132217407227,0.56806480884552,0.1501641869544983,0.9996910095214844,0.9999926090240479,0.39892464876174927,0.5661804676055908,0.19787171483039856,0.9993999004364014,0.9999866485595703,0.3936953544616699,0.5652860999107361,0.19802898168563843,0.9991580247879028,0.9999837875366211,0.38836801052093506,0.5648367404937744,0.19823989272117615,0.9993992447853088,0.9999798536300659,0.4110499620437622,0.5663006901741028,0.16697220504283905,0.9997487664222717,0.9999911785125732,0.41485342383384705,0.5655003786087036,0.166708305478096,0.9997090101242065,0.9999922513961792,0.42048853635787964,0.5647682547569275,0.16672809422016144,0.9997684955596924,0.9999922513961792,0.3840133249759674,0.556639552116394,0.34271717071533203,0.9990339279174805,0.999975323677063,0.42234086990356445,0.5553511381149292,0.2112581729888916,0.9998206496238708,0.9999920129776001,0.3898126780986786,0.5605190992355347,0.19947323203086853,0.9993550181388855,0.9999775886535645,0.39722272753715515,0.560097873210907,0.16029465198516846,0.9994869232177734,0.9999865293502808,0.355285108089447,0.5345660448074341,0.38251373171806335,0.9998331069946289,0.9998645782470703,0.4347259998321533,0.5350828766822815,0.05347852036356926,0.9999704360961914,0.9999822378158569,0.3288147747516632,0.5817026495933533,0.35932663083076477,0.7656621336936951,0.9999479055404663,0.4467621147632599,0.5816076993942261,-0.12399428337812424,0.9968511462211609,0.9999706745147705,0.31809568405151367,0.6335231065750122,0.32865023612976074,0.8688323497772217,0.9997099041938782,0.44393086433410645,0.6301642656326294,-0.17068567872047424,0.9895896911621094,0.999828577041626,0.3192352056503296,0.6402497887611389,0.3038536608219147,0.8009055852890015,0.9993484616279602,0.44946861267089844,0.6386789083480835,-0.22206319868564606,0.9731144309043884,0.9995198249816895,0.32842394709587097,0.640246570110321,0.2947618365287781,0.7952263951301575,0.9993311166763306,0.44461753964424133,0.6404598951339722,-0.1965683400630951,0.9699265956878662,0.9994962215423584,0.3308808505535126,0.6381634473800659,0.31346139311790466,0.8169631361961365,0.99954754114151,0.4394596517086029,0.6374329924583435,-0.1656399518251419,0.9659612774848938,0.9996906518936157,0.354468435049057,0.433401495218277,0.10597986727952957,0.9998980760574341,0.9996697902679443,0.404008150100708,0.4394732415676117,-0.10591284185647964,0.9999370574951172,0.999913215637207,0.4058077037334442,0.3649141490459442,0.042466651648283005,0.7341888546943665,0.999602735042572,0.43213844299316406,0.36416253447532654,-0.15804050862789154,0.903716504573822,0.9998165965080261,0.4769272208213806,0.2980178892612457,0.1670694500207901,0.5859463214874268,0.9993270635604858,0.4987010955810547,0.2905881404876709,-0.16005092859268188,0.8293668627738953,0.9985577464103699,0.4995079040527344,0.2938052713871002,0.1714850813150406,0.7016323208808899,0.9989587068557739,0.5150617957115173,0.284259557723999,-0.1712033748626709,0.7546563744544983,0.9976599216461182,0.4609706997871399,0.26954272389411926,0.07563788443803787,0.7078012228012085,0.996884286403656,0.4905255138874054,0.2547047436237335,-0.3360058069229126,0.8532325029373169,0.9944466352462769
71,2414,True,0.4007830321788788,0.5680710077285767,0.088539719581604,0.999700129032135,0.9999804496765137,0.4001774787902832,0.5661884546279907,0.1339511275291443,0.999415397644043,0.9999648332595825,0.39403948187828064,0.5652753710746765,0.13411486148834229,0.999174952507019,0.999957799911499,0.38926905393600464,0.5648316144943237,0.13430587947368622,0.9994075894355774,0.9999479055404663,0.41177913546562195,0.566320538520813,0.10184270143508911,0.9997569918632507,0.9999769926071167,0.41522952914237976,0.5655200481414795,0.10160756856203079,0.9997192025184631,0.9999797344207764,0.4195350706577301,0.5647760629653931,0.10160180181264877,0.999776303768158,0.9999802112579346,0.38441890478134155,0.5572711229324341,0.28095772862434387,0.999040424823761,0.9999392032623291,0.42275550961494446,0.5554034113883972,0.14354176819324493,0.9998273253440857,0.9999805688858032,0.3903038501739502,0.5605574250221252,0.13936007022857666,0.9993730187416077,0.9999555349349976,0.39510267972946167,0.5601673722267151,0.09893456846475601,0.9995076656341553,0.999972939491272,0.35528886318206787,0.534807562828064,0.33541300892829895,0.9998308420181274,0.9998201727867126,0.43465059995651245,0.5345077514648438,-0.009688001126050949,0.9999700784683228,0.9999758005142212,0.32903245091438293,0.5813540816307068,0.31228992342948914,0.7713059782981873,0.9999289512634277,0.4464992582798004,0.5816468596458435,-0.1918908804655075,0.9970704913139343,0.9999600648880005,0.31815069913864136,0.6334398984909058,0.2705448567867279,0.8729365468025208,0.9995692372322083,0.44415321946144104,0.630197286605835,-0.235519677400589,0.9902260899543762,0.9997506737709045,0.31939268112182617,0.6400887370109558,0.24482636153697968,0.8054348230361938,0.999092698097229,0.4499923288822174,0.6392644643783569,-0.29084521532058716,0.9744503498077393,0.9993398785591125,0.3284810483455658,0.6401899456977844,0.2341064214706421,0.7997982501983643,0.9990394711494446,0.44603368639945984,0.6405193209648132,-0.26592734456062317,0.9714015126228333,0.9992979764938354,0.33085644245147705,0.6381357908248901,0.25482311844825745,0.8212460875511169,0.9993172883987427,0.4409257769584656,0.6374406814575195,-0.23118826746940613,0.9675764441490173,0.9995446801185608,0.35522186756134033,0.4335553050041199,0.10715550184249878,0.9998999834060669,0.999652624130249,0.40412604808807373,0.43951019644737244,-0.10710287094116211,0.9999375343322754,0.9998961687088013,0.40584683418273926,0.36490240693092346,0.047642920166254044,0.7383899092674255,0.9994737505912781,0.4317712187767029,0.3641374707221985,-0.1513872891664505,0.9058719277381897,0.9997608065605164,0.4781702160835266,0.2983744740486145,0.18049898743629456,0.5944814682006836,0.9992181062698364,0.4999735653400421,0.2916463315486908,-0.13843204081058502,0.8358058929443359,0.9985663294792175,0.4996802806854248,0.2937484383583069,0.18565885722637177,0.7054439783096313,0.9988383650779724,0.5148138403892517,0.28556737303733826,-0.14718221127986908,0.7567206025123596,0.9977351427078247,0.4632880389690399,0.2698080241680145,0.08682206273078918,0.7136853933334351,0.9969961643218994,0.48692184686660767,0.25570911169052124,-0.31751272082328796,0.8578148484230042,0.9949447512626648
72,2448,True,0.4059320092201233,0.5695254802703857,-0.11530332267284393,0.9996993541717529,0.9998785257339478,0.40496325492858887,0.568048357963562,-0.07831920683383942,0.9994180798530579,0.9997847676277161,0.4004226326942444,0.5671209096908569,-0.07819211483001709,0.9991706013679504,0.9997486472129822,0.3965221047401428,0.5664956569671631,-0.07807157933712006,0.9993992447853088,0.9996984004974365,0.4174596071243286,0.5678306818008423,-0.11230181902647018,0.999759316444397,0.9998534917831421,0.4199305772781372,0.5667855739593506,-0.11249715834856033,0.999722421169281,0.9998711347579956,0.422982782125473,0.5657919049263,-0.1125539019703865,0.9997780323028564,0.9998767375946045,0.3897359073162079,0.558929979801178,0.07071579992771149,0.9990378618240356,0.9996882677078247,0.4268943667411804,0.5559014081954956,-0.07678893953561783,0.9998311400413513,0.9998877048492432,0.3925575315952301,0.562028706073761,-0.0601174458861351,0.9993801116943359,0.9998207688331604,0.4035230278968811,0.5618515610694885,-0.10277068614959717,0.9995230436325073,0.9998818635940552,0.355648934841156,0.5355958938598633,0.1755031943321228,0.9998171329498291,0.9995618462562561,0.4346659779548645,0.534997820854187,-0.20701171457767487,0.9999673366546631,0.9999314546585083,0.3294614255428314,0.5813531279563904,0.16671735048294067,0.7791880965232849,0.9997459053993225,0.44604378938674927,0.5828277468681335,-0.3694979250431061,0.9973000288009644,0.9998574256896973,0.31821855902671814,0.6333237886428833,0.10774336755275726,0.8757486939430237,0.99830162525177,0.44379231333732605,0.6302045583724976,-0.3923878073692322,0.9908409118652344,0.9990110397338867,0.31942152976989746,0.6398268938064575,0.08170429617166519,0.8076928853988647,0.9967780709266663,0.4497046172618866,0.6397213339805603,-0.45206281542778015,0.9757096171379089,0.997634768486023,0.3297160863876343,0.6399581432342529,0.06338269263505936,0.8022922873497009,0.9964106678962708,0.44219085574150085,0.6407468914985657,-0.4276244640350342,0.9727914333343506,0.9974637031555176,0.3317519724369049,0.6379666924476624,0.08937334269285202,0.8232948184013367,0.9971845746040344,0.43818190693855286,0.6374558210372925,-0.3878069519996643,0.9690663814544678,0.9981399774551392,0.3551103174686432,0.4331393837928772,0.10995565354824066,0.9998872876167297,0.998744010925293,0.4050692319869995,0.43749579787254333,-0.10995873063802719,0.9999263286590576,0.9994292855262756,0.4056950509548187,0.3648441731929779,0.09701597690582275,0.7352003455162048,0.9978600144386292,0.43151581287384033,0.36414122581481934,-0.11058761924505234,0.9092814326286316,0.9988835453987122,0.4751734733581543,0.29829517006874084,0.27881920337677,0.6050580143928528,0.9970753192901611,0.5013391375541687,0.29171663522720337,-0.04191283509135246,0.844529926776886,0.995568573474884,0.5001250505447388,0.2937079071998596,0.29278892278671265,0.7070252895355225,0.9959614872932434,0.5197439193725586,0.28550589084625244,-0.041766438633203506,0.7604734897613525,0.9934803247451782,0.4611118733882904,0.2694264352321625,0.19178757071495056,0.7170885801315308,0.992484986782074,0.4844130277633667,0.25555622577667236,-0.20815740525722504,0.8626161813735962,0.9883578419685364
73,2482,True,0.4080698788166046,0.5684089660644531,0.28788548707962036,0.9997178316116333,0.9999974966049194,0.40637218952178955,0.5667310953140259,0.3398591876029968,0.9994446039199829,0.9999957084655762,0.4025076925754547,0.5658838748931885,0.34001466631889343,0.9992078542709351,0.9999948740005493,0.399166077375412,0.5653391480445862,0.34024912118911743,0.999430239200592,0.9999939203262329,0.4197275936603546,0.5666801333427429,0.31062906980514526,0.9997721910476685,0.9999969005584717,0.4217926561832428,0.565804660320282,0.31030401587486267,0.9997371435165405,0.9999972581863403,0.42430567741394043,0.5650019645690918,0.31037411093711853,0.9997907280921936,0.9999972581863403,0.39000293612480164,0.5578054785728455,0.4766163229942322,0.9990814924240112,0.9999927282333374,0.4269481301307678,0.5557194352149963,0.35182985663414,0.9998405575752258,0.9999972581863403,0.3932637572288513,0.5612836480140686,0.3311010003089905,0.9994122385978699,0.9999920129776001,0.40677884221076965,0.5614460110664368,0.2934601306915283,0.999548077583313,0.9999949932098389,0.3562018573284149,0.535744845867157,0.47421926259994507,0.9998246431350708,0.9999473094940186,0.43488240242004395,0.5358278155326843,0.18668411672115326,0.9999690651893616,0.9999921321868896,0.3298574388027191,0.583014726638794,0.435381144285202,0.778093695640564,0.9999814033508301,0.446106880903244,0.5846854448318481,0.02867717668414116,0.9973484873771667,0.9999871253967285,0.31871336698532104,0.6339533925056458,0.4333530366420746,0.8771663904190063,0.9998743534088135,0.44347503781318665,0.631224513053894,0.008872448466718197,0.9908142685890198,0.9999107122421265,0.3196582496166229,0.6398295164108276,0.41154366731643677,0.8092747330665588,0.9997077584266663,0.4495939016342163,0.6413795948028564,-0.03561198338866234,0.9752956032752991,0.9997504353523254,0.329695463180542,0.6399537324905396,0.40538740158081055,0.8037200570106506,0.9997034668922424,0.442444384098053,0.6407662630081177,-0.008042535744607449,0.9722830057144165,0.9997345805168152,0.33163169026374817,0.6379651427268982,0.4192715585231781,0.8246527910232544,0.9998124241828918,0.4383474886417389,0.6380415558815002,0.01412166003137827,0.9686381816864014,0.9998511075973511,0.35482630133628845,0.4332858622074127,0.10716840624809265,0.9998921155929565,0.9998447895050049,0.4049649238586426,0.4397546350955963,-0.10704701393842697,0.9999300837516785,0.9999585151672363,0.40772008895874023,0.3658941686153412,0.022154217585921288,0.746065616607666,0.999884843826294,0.4341749846935272,0.36488351225852966,-0.1803690791130066,0.9124812483787537,0.9999392032623291,0.480132520198822,0.29823413491249084,0.07980209589004517,0.6124295592308044,0.999774158000946,0.5038567185401917,0.29199111461639404,-0.22268517315387726,0.8480860590934753,0.9994922876358032,0.5073021650314331,0.2935391068458557,0.07139068096876144,0.7156554460525513,0.9996366500854492,0.5232337117195129,0.2859387695789337,-0.24085508286952972,0.7659064531326294,0.9991416931152344,0.4656047821044922,0.26710301637649536,-0.03687157481908798,0.7263330221176147,0.9984423518180847,0.502290666103363,0.25415533781051636,-0.41470786929130554,0.8666738867759705,0.9974223375320435
74,2516,True,0.40427160263061523,0.5690005421638489,-0.07614236325025558,0.9997317790985107,0.9999582767486572,0.4044497609138489,0.5677015781402588,-0.03711840882897377,0.9994750618934631,0.9999308586120605,0.3975907564163208,0.5666307210922241,-0.03698430210351944,0.9992480278015137,0.9999185800552368,0.39425668120384216,0.5660085082054138,-0.03684645891189575,0.9994566440582275,0.9999008178710938,0.4160217344760895,0.5679041147232056,-0.07069487124681473,0.9997851848602295,0.9999524354934692,0.4181336760520935,0.5670087337493896,-0.07090020924806595,0.999752402305603,0.9999575614929199,0.42313194274902344,0.5661135315895081,-0.07093894481658936,0.9998021721839905,0.9999586343765259,0.3874606192111969,0.5580809116363525,0.11327768862247467,0.9991310238838196,0.9998975992202759,0.4251354932785034,0.5566492080688477,-0.03303208202123642,0.999850332736969,0.999963641166687,0.3917642831802368,0.5614917874336243,-0.021390995010733604,0.9994398951530457,0.9999212026596069,0.40559038519859314,0.5618568658828735,-0.06382879614830017,0.999575138092041,0.9999500513076782,0.3561510443687439,0.5356881022453308,0.21141457557678223,0.9998196959495544,0.9997772574424744,0.4344649314880371,0.5362723469734192,-0.16530533134937286,0.9999690055847168,0.9999697208404541,0.33015093207359314,0.5823124647140503,0.19395887851715088,0.7837347388267517,0.9998748302459717,0.44571563601493835,0.5876736044883728,-0.3136526644229889,0.9975502490997314,0.9999232292175293,0.3187423050403595,0.6334708333015442,0.1287921667098999,0.8786449432373047,0.9990617632865906,0.4426082670688629,0.6312249302864075,-0.3265816867351532,0.9913555383682251,0.9992519021034241,0.3196432888507843,0.6396321058273315,0.1016402542591095,0.8101339936256409,0.998124897480011,0.44415614008903503,0.641369640827179,-0.3830550014972687,0.9764469861984253,0.9981598258018494,0.330000102519989,0.6398371458053589,0.08608736097812653,0.8045861124992371,0.9979425072669983,0.43775126338005066,0.640785276889801,-0.3582439720630646,0.9735548496246338,0.998051643371582,0.3317985534667969,0.6377397179603577,0.11111685633659363,0.8251866102218628,0.9984331727027893,0.4346029460430145,0.6381122469902039,-0.3214619755744934,0.9700355529785156,0.9985970854759216,0.3550538718700409,0.4320608675479889,0.11132446676492691,0.9998908042907715,0.9994530081748962,0.4063222110271454,0.43724432587623596,-0.11129412055015564,0.9999284744262695,0.9997583031654358,0.4073001444339752,0.3654623329639435,0.09517724066972733,0.7413487434387207,0.9988168478012085,0.4338262677192688,0.3648509979248047,-0.13400031626224518,0.9155246615409851,0.9994059801101685,0.4808858335018158,0.2981030344963074,0.26060226559638977,0.619634211063385,0.9981948733329773,0.5054273009300232,0.2926461696624756,-0.07668650895357132,0.8562842607498169,0.9974862337112427,0.5055897831916809,0.2937281131744385,0.27239102125167847,0.716957151889801,0.9974700212478638,0.5260524153709412,0.2878534495830536,-0.0774250403046608,0.7726306319236755,0.9962583780288696,0.4641658067703247,0.2671089172363281,0.17571204900741577,0.7284945249557495,0.995154857635498,0.4976820945739746,0.25663676857948303,-0.23609136044979095,0.8718817830085754,0.9927843809127808
75,2550,True,0.40559980273246765,0.5686611533164978,0.2467077076435089,0.9997521638870239,0.9999985694885254,0.40454912185668945,0.5667303800582886,0.29889219999313354,0.9995114207267761,0.9999974966049194,0.3981691598892212,0.5656710863113403,0.2990604043006897,0.9992986917495728,0.9999970197677612,0.3950715661048889,0.5650194883346558,0.29930615425109863,0.9994943737983704,0.9999963045120239,0.41727590560913086,0.5670524835586548,0.2711848020553589,0.9998003840446472,0.9999982118606567,0.4193706214427948,0.566139817237854,0.27087831497192383,0.999769389629364,0.9999984502792358,0.42361292243003845,0.5652443170547485,0.2709437906742096,0.9998162984848022,0.9999983310699463,0.38753196597099304,0.5570766925811768,0.4389564096927643,0.9991839528083801,0.9999953508377075,0.4253276288509369,0.556013286113739,0.3218647539615631,0.9998602867126465,0.9999982118606567,0.39220288395881653,0.5613255500793457,0.2911141812801361,0.9994772672653198,0.999994158744812,0.40746209025382996,0.5617674589157104,0.25574472546577454,0.9996030330657959,0.9999963045120239,0.3563789427280426,0.5357872843742371,0.4378802478313446,0.9998279809951782,0.9999507665634155,0.4354907274246216,0.5364883542060852,0.16186168789863586,0.9999704957008362,0.9999929666519165,0.3308040201663971,0.5827450752258301,0.3912137448787689,0.7873594760894775,0.9999831914901733,0.4466616213321686,0.5887092351913452,-0.0008644343470223248,0.9976152777671814,0.9999885559082031,0.31876862049102783,0.6339759826660156,0.3706100881099701,0.8825112581253052,0.9998903274536133,0.44258636236190796,0.6322527527809143,-0.03390292823314667,0.9915795922279358,0.9999110698699951,0.3192107379436493,0.6396321654319763,0.34294161200523376,0.8150176405906677,0.9997400641441345,0.4455535411834717,0.6413666009902954,-0.07989079505205154,0.9767878651618958,0.9997517466545105,0.3292965888977051,0.6398330330848694,0.33955538272857666,0.8093833327293396,0.9997437596321106,0.43820491433143616,0.6408842206001282,-0.053525712341070175,0.9739100337028503,0.9997449517250061,0.3313031792640686,0.6379585266113281,0.3568912148475647,0.829621434211731,0.9998377561569214,0.43500179052352905,0.6388945579528809,-0.02896556258201599,0.9704769849777222,0.9998534917831421,0.3571891784667969,0.43293309211730957,0.10443584620952606,0.9998968243598938,0.9998874664306641,0.40719303488731384,0.4383164942264557,-0.10428885370492935,0.999933123588562,0.9999756813049316,0.4081684648990631,0.3661021888256073,0.025445392355322838,0.7540980577468872,0.9999099969863892,0.4335772693157196,0.365638792514801,-0.16653770208358765,0.9189066886901855,0.9999606609344482,0.4829613268375397,0.3013055622577667,0.12150664627552032,0.6277557015419006,0.9998575448989868,0.5069952011108398,0.29417842626571655,-0.18063104152679443,0.860232412815094,0.9996645450592041,0.5065768957138062,0.2961269021034241,0.11714009195566177,0.7244203090667725,0.9997748732566833,0.525175929069519,0.2908516526222229,-0.196530282497406,0.7770344018936157,0.9994346499443054,0.4662219285964966,0.2718058228492737,0.012898564338684082,0.737498939037323,0.9990847110748291,0.49688467383384705,0.25994443893432617,-0.3712051510810852,0.8759092688560486,0.9982971549034119
76,2584,True,0.40114158391952515,0.5661979913711548,-0.1621999591588974,0.9997438192367554,0.9998955726623535,0.39845386147499084,0.5661760568618774,-0.12515303492546082,0.9994915723800659,0.9998036026954651,0.3937574028968811,0.5652526617050171,-0.1250835508108139,0.9992659091949463,0.9997690320014954,0.3908887207508087,0.5647388696670532,-0.12499219179153442,0.9994621872901917,0.9997242093086243,0.4087582528591156,0.5665398836135864,-0.1597740352153778,0.9997947812080383,0.9998679161071777,0.415081650018692,0.5658830404281616,-0.16000528633594513,0.9997648000717163,0.9998834133148193,0.41829970479011536,0.5651330351829529,-0.1600683033466339,0.9998114109039307,0.9998879432678223,0.3860674202442169,0.5573439002037048,0.028962422162294388,0.9991329312324524,0.9997135996818542,0.42355620861053467,0.5559520721435547,-0.12146656960248947,0.999858021736145,0.9998990297317505,0.38796165585517883,0.5600882768630981,-0.10472723841667175,0.9994691610336304,0.999854564666748,0.4042816460132599,0.5605746507644653,-0.148258775472641,0.9996084570884705,0.9999089241027832,0.3565013110637665,0.535706639289856,0.13227024674415588,0.9998214244842529,0.99968421459198,0.4334476590156555,0.5352752804756165,-0.24030043184757233,0.9999678134918213,0.9999464750289917,0.3309749364852905,0.5827108025550842,0.12056168168783188,0.7956862449645996,0.9998462200164795,0.4461488425731659,0.5826280117034912,-0.4337173104286194,0.9977802038192749,0.9999109506607056,0.3187386095523834,0.6337184309959412,0.05288281291723251,0.8864450454711914,0.9988378882408142,0.44331178069114685,0.6305903196334839,-0.49000629782676697,0.9920688271522522,0.9994373917579651,0.3193871080875397,0.6395507454872131,0.02106795459985733,0.819104015827179,0.9977216124534607,0.4472118318080902,0.6402708292007446,-0.5561872124671936,0.9778618216514587,0.9986158609390259,0.32941463589668274,0.6398019194602966,0.005531433038413525,0.8136323690414429,0.9975518584251404,0.44186773896217346,0.6402373313903809,-0.5339686274528503,0.9751208424568176,0.9985299110412598,0.3321567475795746,0.6378651857376099,0.03485624119639397,0.8332180976867676,0.9981164932250977,0.438461571931839,0.6374914050102234,-0.4875626862049103,0.9717333316802979,0.9989359974861145,0.35876983404159546,0.4324415326118469,0.1071535125374794,0.9998913407325745,0.9993770718574524,0.40736377239227295,0.43620482087135315,-0.10707616806030273,0.9999258518218994,0.9997193217277527,0.4140021800994873,0.3656945526599884,0.10381615161895752,0.7544081211090088,0.9990170001983643,0.4337600767612457,0.36534589529037476,-0.11614827066659927,0.9195556640625,0.9994664788246155,0.4856663942337036,0.30128833651542664,0.3048863708972931,0.6384544372558594,0.9986850619316101,0.507874608039856,0.29589661955833435,-0.015635648742318153,0.8663986325263977,0.9982045888900757,0.5124120712280273,0.2959546148777008,0.31946828961372375,0.7261781692504883,0.9981836676597595,0.5276966691017151,0.29336702823638916,-0.013622568920254707,0.7783548831939697,0.9974090456962585,0.47135835886001587,0.2718680500984192,0.21567906439304352,0.7422250509262085,0.9961292743682861,0.5015506148338318,0.2612035870552063,-0.18349689245224,0.8797502517700195,0.9949038028717041
77,2618,True,0.4026862382888794,0.5662957429885864,0.05838276445865631,0.9997539520263672,0.9999909400939941,0.3986300230026245,0.5654057264328003,0.1057211309671402,0.9995095133781433,0.9999839067459106,0.39461153745651245,0.5645142197608948,0.10585597157478333,0.9992883205413818,0.9999810457229614,0.3919775187969208,0.5640048384666443,0.10600162297487259,0.9994798302650452,0.9999771118164062,0.412122517824173,0.5656218528747559,0.07511147111654282,0.9998028874397278,0.9999886751174927,0.41687533259391785,0.5648230314254761,0.07486660033464432,0.9997735619544983,0.9999898672103882,0.4195132255554199,0.5640223622322083,0.07485832273960114,0.9998188018798828,0.9999898672103882,0.38824570178985596,0.5572213530540466,0.25094178318977356,0.9991583824157715,0.9999749660491943,0.4236576557159424,0.5550163984298706,0.11946537345647812,0.9998638033866882,0.9999902248382568,0.388517290353775,0.5601152181625366,0.10703019797801971,0.9994885921478271,0.9999802112579346,0.4056917428970337,0.5605605840682983,0.06834867596626282,0.9996243715286255,0.9999867677688599,0.3565768301486969,0.5357233285903931,0.2840198874473572,0.9998270273208618,0.9999204874038696,0.43367454409599304,0.5354857444763184,-0.03450733795762062,0.9999685883522034,0.9999852180480957,0.3312290608882904,0.5827317833900452,0.244983971118927,0.7992373108863831,0.999962568283081,0.4461279511451721,0.5847198367118835,-0.22725440561771393,0.9978812336921692,0.9999712705612183,0.31862854957580566,0.6337056159973145,0.21612153947353363,0.8892555832862854,0.9997290968894958,0.44263187050819397,0.6315192580223083,-0.2667863070964813,0.9923437833786011,0.9997852444648743,0.3183017075061798,0.6394416093826294,0.1887335479259491,0.8222705125808716,0.9993849992752075,0.4468373656272888,0.6403335928916931,-0.32581570744514465,0.9782944321632385,0.9994322657585144,0.3277495205402374,0.6397140026092529,0.1809079498052597,0.8168654441833496,0.9993602633476257,0.44159719347953796,0.6402910351753235,-0.2899840176105499,0.9755716323852539,0.9994103908538818,0.3303193151950836,0.6377549171447754,0.20136010646820068,0.836299479007721,0.9995654225349426,0.43819460272789,0.6381069421768188,-0.2602955996990204,0.9722157716751099,0.9996241331100464,0.3590526282787323,0.4308837950229645,0.10614685714244843,0.9998970031738281,0.9998430013656616,0.40770721435546875,0.4360959529876709,-0.10606300830841064,0.9999294877052307,0.9999436140060425,0.41414231061935425,0.36655035614967346,0.08748125284910202,0.7611096501350403,0.9997417330741882,0.43456289172172546,0.3648297190666199,-0.12485083192586899,0.9218679070472717,0.9998607635498047,0.4855281412601471,0.3007369637489319,0.26468971371650696,0.6473646759986877,0.9995336532592773,0.5107333064079285,0.29654818773269653,-0.06993111968040466,0.8700015544891357,0.9991316199302673,0.5116109848022461,0.29597729444503784,0.2722955346107483,0.7308628559112549,0.9992882609367371,0.5316102504730225,0.294187992811203,-0.07347217202186584,0.7803919315338135,0.9986282587051392,0.46956685185432434,0.27179616689682007,0.14677836000919342,0.7487972974777222,0.9978846907615662,0.5005434155464172,0.26095885038375854,-0.2394677698612213,0.8824676871299744,0.9966356158256531
78,2652,True,0.4057721495628357,0.567046046257019,0.028601717203855515,0.999768853187561,0.9999923706054688,0.40306565165519714,0.5670110583305359,0.07346541434526443,0.9995388388633728,0.9999868869781494,0.399311363697052,0.56607586145401,0.07361733913421631,0.9993287920951843,0.999984622001648,0.3961089551448822,0.5655054450035095,0.07379914075136185,0.9995100498199463,0.9999812841415405,0.41662460565567017,0.5658543109893799,0.04204775393009186,0.999815046787262,0.9999908208847046,0.41997408866882324,0.5649487972259521,0.04181436821818352,0.9997872710227966,0.999991774559021,0.42195671796798706,0.564069390296936,0.04180575907230377,0.9998299479484558,0.9999918937683105,0.3908154368400574,0.5574759244918823,0.22263675928115845,0.9992048144340515,0.9999799728393555,0.42614105343818665,0.5550073981285095,0.08801743388175964,0.9998722672462463,0.9999923706054688,0.38871410489082336,0.5603622198104858,0.08011473715305328,0.9995175004005432,0.9999833106994629,0.40771475434303284,0.5610930919647217,0.04060427099466324,0.9996470212936401,0.9999889135360718,0.3565658926963806,0.5358094573020935,0.28206852078437805,0.9998329877853394,0.9999284744262695,0.4337722063064575,0.5359703302383423,-0.055170513689517975,0.9999696016311646,0.9999879598617554,0.331256628036499,0.5828176736831665,0.26236575841903687,0.8053933382034302,0.9999649524688721,0.4461536705493927,0.586500346660614,-0.21699464321136475,0.9980148077011108,0.9999756813049316,0.31833115220069885,0.6337193250656128,0.23240767419338226,0.8924160003662109,0.9996799230575562,0.44224029779434204,0.6316720843315125,-0.24124491214752197,0.9927135109901428,0.999771773815155,0.3171694576740265,0.6393548250198364,0.20673933625221252,0.8259479403495789,0.9993084669113159,0.445426344871521,0.6408077478408813,-0.29693034291267395,0.979005753993988,0.9994179010391235,0.3266034722328186,0.6395803689956665,0.194350004196167,0.8206465840339661,0.9992597699165344,0.4401707649230957,0.6407558917999268,-0.2687109112739563,0.9763413071632385,0.9993793964385986,0.33027395606040955,0.6376336812973022,0.21611423790454865,0.8396705985069275,0.9994763731956482,0.4367864727973938,0.638221263885498,-0.23613116145133972,0.9730426073074341,0.9995899796485901,0.3592071831226349,0.42956966161727905,0.10705435276031494,0.999901294708252,0.9998376369476318,0.4080186188220978,0.4360036849975586,-0.10694631189107895,0.9999322295188904,0.9999434947967529,0.4142460823059082,0.36560046672821045,0.08008281141519547,0.7653326392173767,0.9997257590293884,0.4349408447742462,0.36465972661972046,-0.12905514240264893,0.9254266023635864,0.9998623132705688,0.4838751554489136,0.30010131001472473,0.23671717941761017,0.6571799516677856,0.9996262788772583,0.5130844712257385,0.29675203561782837,-0.08094751834869385,0.8758864998817444,0.999291181564331,0.5123667120933533,0.2959354817867279,0.24338819086551666,0.7369683384895325,0.9994667172431946,0.5342270135879517,0.2937103807926178,-0.08577731251716614,0.7863494157791138,0.998933732509613,0.4695771634578705,0.2719978094100952,0.13364776968955994,0.7560253739356995,0.9985346794128418,0.5100733041763306,0.26007941365242004,-0.25486505031585693,0.8870897889137268,0.9974921941757202
79,2686,True,0.4058189392089844,0.5670862197875977,-0.06356276571750641,0.9997797608375549,0.9999847412109375,0.40290939807891846,0.5666422843933105,-0.021889032796025276,0.9995619654655457,0.999974250793457,0.3989200294017792,0.5656120777130127,-0.021751759573817253,0.9993592500686646,0.9999699592590332,0.39554181694984436,0.5649709701538086,-0.021577684208750725,0.9995319843292236,0.999963641166687,0.41666683554649353,0.5658658742904663,-0.050175003707408905,0.9998244643211365,0.9999815225601196,0.4199945628643036,0.5649541616439819,-0.05039610341191292,0.9997975826263428,0.9999831914901733,0.42207637429237366,0.5640685558319092,-0.05040878802537918,0.9998383522033691,0.9999833106994629,0.39063531160354614,0.5574589967727661,0.128340482711792,0.9992358684539795,0.9999605417251587,0.42577534914016724,0.5549708008766174,0.008573991246521473,0.9998776316642761,0.999983549118042,0.38891518115997314,0.560368001461029,-0.010419747792184353,0.9995337724685669,0.9999620914459229,0.40783753991127014,0.5610970258712769,-0.045519761741161346,0.9996619820594788,0.9999740123748779,0.3560549020767212,0.5357022285461426,0.20136310160160065,0.9998336434364319,0.9998682737350464,0.43391716480255127,0.5351430177688599,-0.11231254786252975,0.9999690651893616,0.9999761581420898,0.3312649726867676,0.5828465819358826,0.1835055947303772,0.814314067363739,0.9999406337738037,0.4464888572692871,0.5858641266822815,-0.25915399193763733,0.9981292486190796,0.9999589920043945,0.31745806336402893,0.6338064670562744,0.13996019959449768,0.8966582417488098,0.9994033575057983,0.4422512352466583,0.6315932273864746,-0.2980126440525055,0.9930930733680725,0.9996092915534973,0.31530553102493286,0.6393964290618896,0.10929039865732193,0.8311843872070312,0.9987335801124573,0.4463016092777252,0.6402932405471802,-0.35310080647468567,0.979874312877655,0.9990414977073669,0.3263470232486725,0.6395783424377441,0.09487731754779816,0.8259701132774353,0.9986674785614014,0.4411584734916687,0.6407688856124878,-0.33215630054473877,0.9773196578025818,0.9989959597587585,0.3295561969280243,0.6376272439956665,0.1227501854300499,0.8443354964256287,0.9990296363830566,0.43735000491142273,0.6381182074546814,-0.2950451672077179,0.9740808606147766,0.9993064403533936,0.3590521216392517,0.42807140946388245,0.10545577853918076,0.9999026656150818,0.9997443556785583,0.40836015343666077,0.43522509932518005,-0.10532978922128677,0.9999328255653381,0.9999210834503174,0.4096054136753082,0.36549443006515503,0.06314672529697418,0.7699359059333801,0.999578058719635,0.4347626268863678,0.3648926615715027,-0.13037921488285065,0.9282020926475525,0.9997972846031189,0.4882234036922455,0.3000272512435913,0.22422228753566742,0.6660799980163574,0.9995279312133789,0.515388548374176,0.29655301570892334,-0.08719030767679214,0.8803821802139282,0.9988699555397034,0.5144928097724915,0.29572874307632446,0.23203183710575104,0.741079568862915,0.9993360638618469,0.5339788198471069,0.29361051321029663,-0.09115893393754959,0.7896924018859863,0.9983654618263245,0.47712770104408264,0.2703540623188019,0.12994249165058136,0.7610024213790894,0.9982283711433411,0.5115228891372681,0.25997212529182434,-0.2586463391780853,0.8901408314704895,0.9962829947471619
80,2720,True,0.4053557217121124,0.5671151876449585,-0.06964587420225143,0.9997915625572205,0.9999850988388062,0.40155062079429626,0.5663136839866638,-0.028187107294797897,0.999586820602417,0.9999735355377197,0.39753320813179016,0.5652474164962769,-0.028052039444446564,0.9993933439254761,0.9999687671661377,0.39142265915870667,0.5645335912704468,-0.027885066345334053,0.999556303024292,0.9999617338180542,0.41376253962516785,0.565825343132019,-0.057338692247867584,0.9998345375061035,0.9999816417694092,0.4188879728317261,0.564939022064209,-0.05756286904215813,0.9998089075088501,0.999983549118042,0.4211226999759674,0.5640531778335571,-0.05758536607027054,0.9998474717140198,0.9999837875366211,0.3875596821308136,0.5574309825897217,0.12156163156032562,0.9992721676826477,0.9999583959579468,0.42402732372283936,0.5549288392066956,-0.002303196582943201,0.9998840689659119,0.9999845027923584,0.3887656331062317,0.5603612065315247,-0.016642577946186066,0.9995546340942383,0.9999651908874512,0.3993462920188904,0.5599075555801392,-0.05287522077560425,0.9996795058250427,0.9999771118164062,0.3557422161102295,0.5353232622146606,0.19536875188350677,0.9998366236686707,0.999885082244873,0.43364864587783813,0.5346918702125549,-0.12527605891227722,0.9999692440032959,0.999981164932251,0.33132702112197876,0.582859218120575,0.17465464770793915,0.8221210241317749,0.9999433755874634,0.44678229093551636,0.5848788022994995,-0.2779551148414612,0.9982448816299438,0.9999626874923706,0.31730765104293823,0.6337984800338745,0.12526322901248932,0.900427520275116,0.9994409680366516,0.4423667788505554,0.6313961744308472,-0.3208245038986206,0.9934861063957214,0.9996590614318848,0.3147147595882416,0.6390333771705627,0.09544537961483002,0.8357093930244446,0.9988197684288025,0.4471929669380188,0.6398884057998657,-0.37722671031951904,0.9808089137077332,0.9991472959518433,0.326242059469223,0.6393042802810669,0.08128553628921509,0.8305238485336304,0.998757004737854,0.4417513608932495,0.6403834819793701,-0.3548836410045624,0.9783700108528137,0.9991104006767273,0.32927456498146057,0.6375784277915955,0.10819695889949799,0.8483649492263794,0.9990870952606201,0.43775972723960876,0.6379894018173218,-0.31738540530204773,0.9752241969108582,0.9993826150894165,0.3595682382583618,0.42742761969566345,0.1046387329697609,0.9999045133590698,0.9997708201408386,0.40849483013153076,0.43458399176597595,-0.10451161861419678,0.999933660030365,0.9999244213104248,0.40953001379966736,0.3652409017086029,0.06383582949638367,0.7743397951126099,0.9995967745780945,0.43506839871406555,0.36500078439712524,-0.12266671657562256,0.9307902455329895,0.9998063445091248,0.4898506700992584,0.29954129457473755,0.2352762222290039,0.6756700873374939,0.9994981288909912,0.51404869556427,0.2966107726097107,-0.055470626801252365,0.8851582407951355,0.9989795088768005,0.5143659114837646,0.2956773042678833,0.24564491212368011,0.7449634671211243,0.9992923736572266,0.5329121351242065,0.29309844970703125,-0.05692671239376068,0.7931912541389465,0.9985260963439941,0.4784739315509796,0.2699492573738098,0.14408256113529205,0.7665280699729919,0.9982095956802368,0.5097389221191406,0.2598646283149719,-0.222687229514122,0.8935362696647644,0.9967315196990967
81,2754,True,0.4132176637649536,0.5671508312225342,-0.193827822804451,0.9997854828834534,0.9999113082885742,0.41206443309783936,0.5663317441940308,-0.15823031961917877,0.9995835423469543,0.9998518228530884,0.40847358107566833,0.565322756767273,-0.15813682973384857,0.9993832111358643,0.9998321533203125,0.40429097414016724,0.5646360516548157,-0.1580468863248825,0.9995487332344055,0.9998019337654114,0.42393791675567627,0.5658161640167236,-0.187144935131073,0.9998330473899841,0.9998898506164551,0.42690539360046387,0.5648571252822876,-0.187354177236557,0.9998055100440979,0.9999009370803833,0.4287201762199402,0.5638911128044128,-0.18741962313652039,0.9998453855514526,0.9999040365219116,0.393149197101593,0.5574977397918701,-0.011006793938577175,0.99925696849823,0.9998045563697815,0.4287382662296295,0.5546339750289917,-0.13442903757095337,0.9998807907104492,0.9999088048934937,0.39660945534706116,0.5603735446929932,-0.13935694098472595,0.9995424151420593,0.9998570680618286,0.40893712639808655,0.5599227547645569,-0.1750962734222412,0.9996727705001831,0.9998915195465088,0.35577744245529175,0.5360699892044067,0.0860474556684494,0.9998295903205872,0.9997506737709045,0.43476828932762146,0.5337144732475281,-0.2391209453344345,0.9999657273292542,0.9999438524246216,0.3314192593097687,0.5828464031219482,0.07214567810297012,0.8299549221992493,0.999839186668396,0.44767260551452637,0.5810240507125854,-0.3719395399093628,0.9983218312263489,0.9998761415481567,0.3162219226360321,0.633797824382782,0.01733340322971344,0.9035497903823853,0.9979493021965027,0.4428330361843109,0.6297423243522644,-0.4187611937522888,0.9937719702720642,0.998776376247406,0.312818706035614,0.6386367678642273,-0.012536223977804184,0.8391427993774414,0.9960688352584839,0.4487505257129669,0.6390300393104553,-0.47961294651031494,0.9814772009849548,0.997394323348999,0.3255896270275116,0.6387217044830322,-0.033351290971040726,0.8342201709747314,0.9957283139228821,0.443657249212265,0.6396465301513672,-0.4603479504585266,0.9791450500488281,0.997246503829956,0.3283103108406067,0.6373885869979858,-0.00204899488016963,0.8515181541442871,0.9966200590133667,0.43810272216796875,0.6368674039840698,-0.4167017340660095,0.976023256778717,0.9978752136230469,0.35998305678367615,0.4270501136779785,0.10340289771556854,0.9998934268951416,0.9993188381195068,0.40893635153770447,0.4340933859348297,-0.10326952487230301,0.9999244809150696,0.9997310042381287,0.4094850420951843,0.3651637136936188,0.09211955964565277,0.7747786045074463,0.999071478843689,0.4347184896469116,0.3650164306163788,-0.08895102888345718,0.9333716034889221,0.9995003938674927,0.48864856362342834,0.30079346895217896,0.3103058338165283,0.6843834519386292,0.9989932179450989,0.5131918787956238,0.29690855741500854,0.02663181908428669,0.8897960186004639,0.99813312292099,0.5145280361175537,0.2959362268447876,0.32768791913986206,0.7465254068374634,0.9986810088157654,0.532346248626709,0.2927515506744385,0.03160132095217705,0.7955198287963867,0.9974972605705261,0.4773651659488678,0.27218085527420044,0.22418011724948883,0.7700297832489014,0.9970877766609192,0.5080865025520325,0.26082950830459595,-0.1329338103532791,0.8961653709411621,0.9948771595954895
82,2788,True,0.40761443972587585,0.5671759843826294,-0.0937640517950058,0.999791145324707,0.9999771118164062,0.40825513005256653,0.5662704706192017,-0.05163240432739258,0.9995964169502258,0.999962329864502,0.40466582775115967,0.5652650594711304,-0.0515432208776474,0.9993999600410461,0.9999555349349976,0.39632052183151245,0.5645797848701477,-0.051431141793727875,0.9995603561401367,0.9999456405639648,0.41884079575538635,0.5658205151557922,-0.08392549306154251,0.9998382925987244,0.9999737739562988,0.42150625586509705,0.5648778676986694,-0.08417675644159317,0.9998114109039307,0.999976396560669,0.4271627962589264,0.5639334321022034,-0.08420637249946594,0.9998502135276794,0.9999768733978271,0.3894287645816803,0.5575647354125977,0.0950750783085823,0.9992706179618835,0.9999372959136963,0.42766669392585754,0.5547795295715332,-0.04959595948457718,0.9998838305473328,0.9999769926071167,0.39453887939453125,0.5603777170181274,-0.042229894548654556,0.9995465874671936,0.9999368190765381,0.40856650471687317,0.5600475072860718,-0.0838024914264679,0.9996787905693054,0.9999591112136841,0.35502949357032776,0.5361248254776001,0.16670633852481842,0.9998257160186768,0.9997902512550354,0.434772789478302,0.5349398255348206,-0.21822522580623627,0.9999651908874512,0.9999704360961914,0.3315223455429077,0.5829035043716431,0.13854506611824036,0.8339338302612305,0.9999134540557861,0.44749879837036133,0.5813008546829224,-0.3369063138961792,0.9983876347541809,0.9999500513076782,0.3166753649711609,0.6338809728622437,0.08073017746210098,0.9054079055786133,0.9992796778678894,0.44355931878089905,0.6297746300697327,-0.3888826072216034,0.9939983487129211,0.999640941619873,0.31360095739364624,0.6389533281326294,0.04944571852684021,0.8412176966667175,0.9985263347625732,0.44890838861465454,0.6389652490615845,-0.45791900157928467,0.9820000529289246,0.9991207718849182,0.3255982995033264,0.6390588283538818,0.027178475633263588,0.8362564444541931,0.998428225517273,0.4440174102783203,0.639880359172821,-0.43964076042175293,0.9797385931015015,0.99906986951828,0.32826223969459534,0.637463390827179,0.0587025061249733,0.8533853888511658,0.9988428354263306,0.4387858211994171,0.6368889212608337,-0.3898293375968933,0.9766631722450256,0.9993579983711243,0.35975295305252075,0.42919760942459106,0.10256298631429672,0.9998918175697327,0.9995561242103577,0.4088239371776581,0.43478989601135254,-0.10247042775154114,0.9999236464500427,0.999876856803894,0.4095815420150757,0.3651638329029083,0.08693261444568634,0.7742620706558228,0.9994440674781799,0.4340207278728485,0.36530694365501404,-0.10113051533699036,0.9334506392478943,0.9997418522834778,0.4886268079280853,0.3007989823818207,0.28215479850769043,0.6865119934082031,0.9993700385093689,0.5124355554580688,0.29683467745780945,-0.027774015441536903,0.8910873532295227,0.998653769493103,0.5140420198440552,0.29592373967170715,0.29321035742759705,0.7467825412750244,0.9991152882575989,0.5306652784347534,0.2926456034183502,-0.029011812061071396,0.795009195804596,0.9980688691139221,0.4782229959964752,0.2723991870880127,0.18404020369052887,0.7710174322128296,0.9977802634239197,0.4930379092693329,0.26142022013664246,-0.19554339349269867,0.8969101309776306,0.9958143830299377
83,2822,True,0.3981717824935913,0.5655404329299927,-0.21540533006191254,0.9997907280921936,0.9999159574508667,0.40574556589126587,0.5658892393112183,-0.18041691184043884,0.9995928406715393,0.9998272061347961,0.4021338224411011,0.5650066137313843,-0.1803295761346817,0.9993910193443298,0.9997958540916443,0.39248424768447876,0.5644665956497192,-0.1802290976047516,0.9995495676994324,0.9997521042823792,0.4151187539100647,0.5654855966567993,-0.21146097779273987,0.9998367428779602,0.9998823404312134,0.4210135042667389,0.5645724534988403,-0.2116771638393402,0.9998096823692322,0.9998960494995117,0.4255790710449219,0.5637584924697876,-0.21174708008766174,0.9998489618301392,0.9998995065689087,0.3868541717529297,0.5577044486999512,-0.029395390301942825,0.9992464780807495,0.9997337460517883,0.42584869265556335,0.5547424554824829,-0.1633736789226532,0.9998823404312134,0.9999032020568848,0.39137938618659973,0.560211181640625,-0.15865769982337952,0.9995453953742981,0.999862790107727,0.39902183413505554,0.5582473278045654,-0.19727732241153717,0.9996854066848755,0.9999094009399414,0.3548398017883301,0.5361106395721436,0.0772143229842186,0.9998201727867126,0.999639630317688,0.43414199352264404,0.5344840884208679,-0.268798291683197,0.9999632239341736,0.9999402761459351,0.3313508629798889,0.583142876625061,0.05232387036085129,0.8420792818069458,0.9997720122337341,0.4471580982208252,0.5795722007751465,-0.43277209997177124,0.9984749555587769,0.9998714923858643,0.31606245040893555,0.6335257887840271,-0.030652323737740517,0.9091722369194031,0.9982763528823853,0.4435998201370239,0.6297696828842163,-0.47560250759124756,0.9942734837532043,0.9993274211883545,0.31366536021232605,0.6388417482376099,-0.06537248194217682,0.845615565776825,0.9967664480209351,0.4478950500488281,0.6390467286109924,-0.5397688150405884,0.9826000332832336,0.9984612464904785,0.3257816731929779,0.6390538215637207,-0.08191556483507156,0.8407980799674988,0.9965497255325317,0.44297289848327637,0.6398969292640686,-0.5176964402198792,0.980419397354126,0.9983715415000916,0.3282746374607086,0.6374305486679077,-0.0492531843483448,0.8571757674217224,0.9972915053367615,0.43853047490119934,0.6368907690048218,-0.4726174771785736,0.9773404002189636,0.9987918734550476,0.3600134253501892,0.42951709032058716,0.10310885310173035,0.9998733401298523,0.9988551139831543,0.4086487293243408,0.4348125457763672,-0.10302731394767761,0.9999096393585205,0.9995162487030029,0.4098637104034424,0.3672283887863159,0.12235516309738159,0.7701021432876587,0.9987437129020691,0.4324313998222351,0.3668343722820282,-0.10251477360725403,0.9344934821128845,0.9993990659713745,0.48539239168167114,0.30116093158721924,0.354566752910614,0.6907253265380859,0.9986416697502136,0.5047207474708557,0.296922892332077,0.004793866071850061,0.8947235941886902,0.9979202151298523,0.5066408514976501,0.2976225018501282,0.37306615710258484,0.7450936436653137,0.9981726408004761,0.5251479744911194,0.29231786727905273,0.008378967642784119,0.7938739061355591,0.9969385862350464,0.472134530544281,0.27668651938438416,0.2723507285118103,0.7710034847259521,0.9963435530662537,0.48062825202941895,0.26304593682289124,-0.16416007280349731,0.8987368941307068,0.9942442774772644
84,2856,True,0.4037167429924011,0.5682087540626526,-0.047534678131341934,0.9997966289520264,0.9999812841415405,0.41071879863739014,0.5679611563682556,-0.004990456625819206,0.9996033310890198,0.999967098236084,0.40752843022346497,0.5673402547836304,-0.0048179323785007,0.9994038939476013,0.9999617338180542,0.39817923307418823,0.5668209791183472,-0.004641005769371986,0.999561071395874,0.9999537467956543,0.41815730929374695,0.5674389600753784,-0.03324359282851219,0.9998412728309631,0.9999765157699585,0.4220943748950958,0.56661057472229,-0.03342359513044357,0.9998143911361694,0.99997878074646,0.4268335700035095,0.5660394430160522,-0.033422213047742844,0.9998531341552734,0.9999788999557495,0.39080703258514404,0.5588927865028381,0.142421156167984,0.9992627501487732,0.9999485015869141,0.42669057846069336,0.557159423828125,0.021412910893559456,0.9998850226402283,0.9999785423278809,0.39571139216423035,0.562778890132904,0.0036702221259474754,0.9995532035827637,0.9999561309814453,0.4037919342517853,0.5613641142845154,-0.031640324741601944,0.9996917843818665,0.9999692440032959,0.35484039783477783,0.5385473966598511,0.20572616159915924,0.9998190402984619,0.9998345375061035,0.4342814087867737,0.5368360280990601,-0.10475723445415497,0.9999626278877258,0.9999659061431885,0.33132627606391907,0.5836716294288635,0.180922269821167,0.8469657897949219,0.9999325275421143,0.44750726222991943,0.5807205438613892,-0.2724037170410156,0.9985459446907043,0.9999475479125977,0.31446149945259094,0.6343904733657837,0.14748278260231018,0.9119621515274048,0.9994783997535706,0.44357651472091675,0.6297869682312012,-0.3478781282901764,0.99449622631073,0.9996401071548462,0.31243428587913513,0.6392229795455933,0.12160489708185196,0.849232017993927,0.9989016056060791,0.44791945815086365,0.6392561197280884,-0.4062209129333496,0.983086347579956,0.9991375207901001,0.3232807517051697,0.6392694711685181,0.1064765527844429,0.844543993473053,0.9988183379173279,0.44298413395881653,0.6399794816970825,-0.38276904821395874,0.9809621572494507,0.9990930557250977,0.32529643177986145,0.6378673315048218,0.13104429841041565,0.8604467511177063,0.9991421699523926,0.4386462867259979,0.6369041800498962,-0.3458869159221649,0.9779156446456909,0.9993748068809509,0.3577214181423187,0.4315354824066162,0.10249185562133789,0.9998757839202881,0.9996792078018188,0.4079909920692444,0.436387836933136,-0.10240595042705536,0.999910831451416,0.9998726844787598,0.4085257947444916,0.3676908612251282,0.060009606182575226,0.7717123031616211,0.9994795918464661,0.431172639131546,0.3674168586730957,-0.13192978501319885,0.9360551238059998,0.9997121691703796,0.48467162251472473,0.30111294984817505,0.2042282521724701,0.6975698471069336,0.9993140697479248,0.504728376865387,0.29692739248275757,-0.08466007560491562,0.8969665765762329,0.9985535740852356,0.507170557975769,0.29706689715385437,0.21096329391002655,0.7491692304611206,0.9990003705024719,0.5253807306289673,0.29217618703842163,-0.08876808732748032,0.7947502136230469,0.9978603720664978,0.47204431891441345,0.27641627192497253,0.09916823357343674,0.7760966420173645,0.9974130988121033,0.48275867104530334,0.26264476776123047,-0.25924140214920044,0.9003624320030212,0.9952890872955322
85,2890,True,0.40632158517837524,0.5683085918426514,0.06926823407411575,0.9998021125793457,0.9999849796295166,0.4104202389717102,0.5677434802055359,0.11409616470336914,0.9996107816696167,0.9999731779098511,0.4070604145526886,0.5671204924583435,0.11425130814313889,0.9994133114814758,0.999968409538269,0.39929935336112976,0.5666254758834839,0.11442156881093979,0.9995679259300232,0.9999616146087646,0.42013898491859436,0.5671898126602173,0.08344686031341553,0.9998451471328735,0.9999814033508301,0.4230758547782898,0.566317617893219,0.08322091400623322,0.999818742275238,0.9999834299087524,0.42692887783050537,0.5657153129577637,0.08322112262248993,0.9998565912246704,0.9999836683273315,0.3920494616031647,0.5582510232925415,0.25629645586013794,0.9992758631706238,0.9999568462371826,0.42899399995803833,0.5567436814308167,0.12445806711912155,0.9998881816864014,0.9999839067459106,0.39488136768341064,0.5627515316009521,0.11797984689474106,0.9995635747909546,0.9999655485153198,0.40238720178604126,0.5613476037979126,0.07917401194572449,0.9997002482414246,0.9999775886535645,0.355528861284256,0.5385137796401978,0.3041315972805023,0.9998204112052917,0.9998700618743896,0.43417590856552124,0.5372318029403687,-0.022671256214380264,0.9999638199806213,0.9999804496765137,0.331378310918808,0.5837767124176025,0.2654966413974762,0.8469091653823853,0.9999417066574097,0.447295606136322,0.5817502737045288,-0.18497958779335022,0.998600959777832,0.9999575614929199,0.3158739507198334,0.6343228816986084,0.2220761477947235,0.9129422307014465,0.9995484948158264,0.44392919540405273,0.629863977432251,-0.2253682017326355,0.994672417640686,0.9996932744979858,0.3138744533061981,0.6392165422439575,0.19581913948059082,0.850195586681366,0.9990332126617432,0.4480552673339844,0.6392263770103455,-0.27918553352355957,0.9834797978401184,0.9992443323135376,0.3259613811969757,0.639270007610321,0.18535259366035461,0.8454592823982239,0.9989874958992004,0.4432789385318756,0.640226423740387,-0.2525879442691803,0.9813875555992126,0.9992103576660156,0.327790230512619,0.6378644108772278,0.2064250111579895,0.8613214492797852,0.9992809891700745,0.4390110373497009,0.6369452476501465,-0.22019988298416138,0.9783791899681091,0.9994742274284363,0.3587987720966339,0.43323811888694763,0.10320605337619781,0.9998788833618164,0.9996685981750488,0.4077252149581909,0.43945154547691345,-0.10310870409011841,0.9999136924743652,0.9998867511749268,0.4085638225078583,0.36764389276504517,0.05853147432208061,0.7733602523803711,0.999555766582489,0.43122023344039917,0.36735230684280396,-0.15000711381435394,0.9374166131019592,0.999782145023346,0.47741860151290894,0.3010651469230652,0.19457228481769562,0.6984995603561401,0.9992724061012268,0.503059446811676,0.29751700162887573,-0.12935541570186615,0.8988901376724243,0.9987577199935913,0.5066190361976624,0.2975226044654846,0.19951845705509186,0.751144528388977,0.9988968372344971,0.5235090851783752,0.2923128306865692,-0.13719208538532257,0.7969751954078674,0.9980143308639526,0.466267853975296,0.2758970856666565,0.09488831460475922,0.7777396440505981,0.9970710277557373,0.48115989565849304,0.26278382539749146,-0.30855587124824524,0.90196692943573,0.9952982068061829
86,2924,True,0.40098270773887634,0.5689457654953003,-0.12273382395505905,0.999796986579895,0.9999068975448608,0.40427497029304504,0.5678432583808899,-0.08672250062227249,0.9996051788330078,0.999825656414032,0.3963319659233093,0.5671316385269165,-0.0866260975599289,0.9994034171104431,0.9997933506965637,0.39197367429733276,0.5666400194168091,-0.08652277290821075,0.9995553493499756,0.999745786190033,0.4127366244792938,0.5674384832382202,-0.11670178174972534,0.9998414516448975,0.9998811483383179,0.41495805978775024,0.566565215587616,-0.11691469699144363,0.9998144507408142,0.9998946189880371,0.4221079647541046,0.5659278035163879,-0.11698201298713684,0.9998529553413391,0.9998979568481445,0.3871861398220062,0.5588780641555786,0.0582771934568882,0.9992537498474121,0.999723494052887,0.42327359318733215,0.5569766163825989,-0.07064889371395111,0.9998868107795715,0.9999040365219116,0.38804057240486145,0.56275475025177,-0.06905284523963928,0.9995542168617249,0.9998279809951782,0.39643532037734985,0.5613352060317993,-0.10635828226804733,0.9996976256370544,0.9998875856399536,0.35535478591918945,0.5380823016166687,0.15253189206123352,0.9998131990432739,0.9996069073677063,0.43287166953086853,0.5370001196861267,-0.18650686740875244,0.9999620318412781,0.9999384880065918,0.3315408527851105,0.583209753036499,0.12803548574447632,0.8524445295333862,0.9998109936714172,0.44716253876686096,0.5820215344429016,-0.32744306325912476,0.9986673593521118,0.9998812675476074,0.3159390687942505,0.6340141296386719,0.05637781322002411,0.9145478010177612,0.9983968138694763,0.4439331889152527,0.6300426721572876,-0.34653419256210327,0.9948821663856506,0.9991258978843689,0.3139835000038147,0.639094352722168,0.026763031259179115,0.8513922691345215,0.9968493580818176,0.4488826394081116,0.6392512917518616,-0.40344691276550293,0.9839591383934021,0.9979593753814697,0.3263106048107147,0.6392356753349304,0.012148100882768631,0.8466169238090515,0.9966073036193848,0.4432239830493927,0.6402430534362793,-0.3799183666706085,0.9819221496582031,0.9978500604629517,0.3280504643917084,0.6377853155136108,0.03918113559484482,0.8623428344726562,0.9973637461662292,0.43902525305747986,0.6371454000473022,-0.34171509742736816,0.9789395928382874,0.9983958601951599,0.3593525290489197,0.43328604102134705,0.10217460244894028,0.9998695850372314,0.9990060925483704,0.4083060026168823,0.43929100036621094,-0.10212762653827667,0.9999061822891235,0.9995964169502258,0.40861982107162476,0.3676134943962097,0.08219201117753983,0.7702344655990601,0.9984850287437439,0.4320929944515228,0.3673039376735687,-0.09891770780086517,0.9370040893554688,0.9992445707321167,0.47054871916770935,0.30113083124160767,0.2689454257488251,0.7007478475570679,0.9979040622711182,0.5019395351409912,0.297483891248703,-0.009496371261775494,0.9001381397247314,0.9969039559364319,0.5016157627105713,0.2974550127983093,0.283396452665329,0.747526228427887,0.9970941543579102,0.5206269025802612,0.2920902371406555,-0.007688201032578945,0.7937027812004089,0.9954042434692383,0.46086812019348145,0.27557432651519775,0.17952993512153625,0.7756003737449646,0.9944380521774292,0.47698670625686646,0.2627318799495697,-0.17472241818904877,0.9013484716415405,0.9916071891784668
87,2958,True,0.39743751287460327,0.568935751914978,0.10229580849409103,0.9998019933700562,0.9999885559082031,0.39999619126319885,0.5680658221244812,0.14731574058532715,0.9996128678321838,0.9999792575836182,0.3918253481388092,0.5672571063041687,0.1474626064300537,0.9994138479232788,0.999975323677063,0.3880951702594757,0.5668166875839233,0.1476573795080185,0.9995623826980591,0.999969482421875,0.408565491437912,0.5674301981925964,0.11915193498134613,0.9998432993888855,0.9999853372573853,0.41115602850914,0.5665422677993774,0.1189066544175148,0.9998154640197754,0.9999866485595703,0.4182102680206299,0.5659126043319702,0.11891186982393265,0.9998545050621033,0.9999864101409912,0.38385090231895447,0.5588755011558533,0.28873130679130554,0.9992544651031494,0.999961256980896,0.42048755288124084,0.5570184588432312,0.1691843867301941,0.9998871088027954,0.9999847412109375,0.38636520504951477,0.5627297163009644,0.15094828605651855,0.9995574951171875,0.9999573230743408,0.3924868702888489,0.5612109899520874,0.1154615730047226,0.9996981024742126,0.9999712705612183,0.3532375395298004,0.5380619764328003,0.32666856050491333,0.9998091459274292,0.9997571110725403,0.43278807401657104,0.5368303060531616,0.029725540429353714,0.999960720539093,0.9999533891677856,0.33156293630599976,0.5832312703132629,0.3057272732257843,0.8524174094200134,0.999931812286377,0.4473114013671875,0.5820776224136353,-0.12556785345077515,0.9986406564712524,0.999944806098938,0.31507501006126404,0.6341032385826111,0.27336594462394714,0.9153279662132263,0.9996434450149536,0.44362249970436096,0.6298977136611938,-0.17058272659778595,0.9948757886886597,0.9997265934944153,0.31386619806289673,0.6391094326972961,0.24598900973796844,0.8525583148002625,0.9991901516914368,0.4488891661167145,0.6387779712677002,-0.2229234278202057,0.9839515089988708,0.9993065595626831,0.3264443874359131,0.6392343640327454,0.2369859516620636,0.8477477431297302,0.9991752505302429,0.4432314932346344,0.6395891904830933,-0.20091046392917633,0.9819148778915405,0.999286949634552,0.32808977365493774,0.6376695036888123,0.2587224245071411,0.863558292388916,0.9994367957115173,0.4390348792076111,0.6369821429252625,-0.16685308516025543,0.9788999557495117,0.9995334148406982,0.35892415046691895,0.4332159161567688,0.09836284071207047,0.9998721480369568,0.9996340274810791,0.4082943797111511,0.43919581174850464,-0.0983176901936531,0.9999087452888489,0.9998821020126343,0.40800315141677856,0.36660265922546387,0.06466791778802872,0.7689318060874939,0.9994750618934631,0.4318109154701233,0.3667507469654083,-0.10100040584802628,0.9345948100090027,0.9997425675392151,0.46964403986930847,0.3022114336490631,0.1987958550453186,0.6955922842025757,0.999220609664917,0.4936519265174866,0.29274722933769226,-0.08103509247303009,0.8946975469589233,0.9985194802284241,0.4873015880584717,0.29613393545150757,0.20248650014400482,0.743739128112793,0.9988422989845276,0.5129722952842712,0.2911893427371979,-0.09014744311571121,0.785204291343689,0.9976361989974976,0.45608803629875183,0.2746647000312805,0.09580053389072418,0.7726577520370483,0.9969143867492676,0.4740973711013794,0.2626986801624298,-0.2612481713294983,0.8968513607978821,0.9947338104248047
88,2992,True,0.4002217948436737,0.5689753293991089,0.04169715940952301,0.999789834022522,0.999945878982544,0.40250274538993835,0.5694534778594971,0.0874212309718132,0.9995932579040527,0.9999008178710938,0.3966112732887268,0.5687369704246521,0.08758412301540375,0.999382495880127,0.9998840093612671,0.3935510814189911,0.5683280229568481,0.08782699704170227,0.9995352625846863,0.9998594522476196,0.41165581345558167,0.5675431489944458,0.05361136794090271,0.9998317360877991,0.9999270439147949,0.413461297750473,0.5666149258613586,0.05337377265095711,0.9997990131378174,0.9999332427978516,0.41847720742225647,0.5659369230270386,0.05337334796786308,0.9998424053192139,0.9999330043792725,0.3863917887210846,0.5594233870506287,0.25622478127479553,0.9991961121559143,0.9998366832733154,0.4218817353248596,0.5571134090423584,0.09957925230264664,0.9998751878738403,0.9999270439147949,0.3911682665348053,0.5641361474990845,0.09592098742723465,0.9995248317718506,0.9998595714569092,0.39345142245292664,0.5611593127250671,0.053597692400217056,0.9996750950813293,0.9998964071273804,0.353262722492218,0.538318395614624,0.2830258011817932,0.9997926354408264,0.9995074272155762,0.43282872438430786,0.536770761013031,-0.03377572074532509,0.9999552369117737,0.9998868703842163,0.3313223719596863,0.5833021402359009,0.2507442235946655,0.8550669550895691,0.9997913241386414,0.44733190536499023,0.5816530585289001,-0.18082484602928162,0.9985607862472534,0.9997993111610413,0.31502610445022583,0.6344304084777832,0.20924708247184753,0.9165875911712646,0.9985613226890564,0.4434683620929718,0.6299101114273071,-0.22609195113182068,0.9947859644889832,0.9988541603088379,0.31229913234710693,0.6393061876296997,0.1794375479221344,0.8542506694793701,0.9970360994338989,0.4485412538051605,0.6387370824813843,-0.2806301414966583,0.9837951064109802,0.9975526928901672,0.3261542022228241,0.6392656564712524,0.1669711470603943,0.8495917320251465,0.996927797794342,0.4432358145713806,0.6397191882133484,-0.2589735984802246,0.9817829728126526,0.9975000023841858,0.32766079902648926,0.6376733779907227,0.19427907466888428,0.865259051322937,0.9977623224258423,0.43903037905693054,0.6369885206222534,-0.22267593443393707,0.9787110090255737,0.9981828331947327,0.35912802815437317,0.43313536047935486,0.09454980492591858,0.9998595118522644,0.9989070892333984,0.4086432456970215,0.4395216107368469,-0.09452261030673981,0.9999025464057922,0.9995899796485901,0.4080215096473694,0.3662203252315521,0.07487686723470688,0.7641234993934631,0.9988670349121094,0.43130767345428467,0.3681933581829071,-0.10874629765748978,0.933181881904602,0.9994180202484131,0.46907302737236023,0.3037634491920471,0.25026944279670715,0.6898748278617859,0.9983533620834351,0.4839768707752228,0.291842520236969,-0.080651193857193,0.892450749874115,0.9973825812339783,0.48972082138061523,0.29801231622695923,0.2607485353946686,0.7369667887687683,0.9976723790168762,0.5088768005371094,0.29117506742477417,-0.08978396654129028,0.7778995037078857,0.9958860278129578,0.4534917175769806,0.2754267752170563,0.15891721844673157,0.7668878436088562,0.9947296380996704,0.47080403566360474,0.26261192560195923,-0.2579914927482605,0.894007682800293,0.9912556409835815
89,3026,True,0.39537569880485535,0.5689556002616882,0.011702056974172592,0.9997965097427368,0.9999754428863525,0.3931716978549957,0.5689749717712402,0.05445278063416481,0.999608039855957,0.999955415725708,0.3884124755859375,0.5681882500648499,0.054640911519527435,0.9994038939476013,0.9999467134475708,0.3854181468486786,0.5677617788314819,0.05487758293747902,0.9995492100715637,0.9999337196350098,0.40609362721443176,0.5675438046455383,0.02225552126765251,0.9998369812965393,0.999968409538269,0.4085213541984558,0.5666340589523315,0.022081337869167328,0.9998049736022949,0.9999709129333496,0.41218245029449463,0.5659596920013428,0.02209159918129444,0.9998468160629272,0.9999704360961914,0.3818064033985138,0.5594208240509033,0.22249117493629456,0.9992179274559021,0.9999210834503174,0.4184603691101074,0.5571495294570923,0.07445526868104935,0.9998782873153687,0.9999681711196899,0.38403698801994324,0.563086748123169,0.06847672909498215,0.9995349049568176,0.9999269247055054,0.3935423493385315,0.5611478686332703,0.02790556475520134,0.9996823668479919,0.9999496936798096,0.3509937524795532,0.5372005105018616,0.2817450761795044,0.9997890591621399,0.9996559619903564,0.4323909878730774,0.5359671711921692,-0.05553567036986351,0.9999534487724304,0.9999310970306396,0.3311280310153961,0.5822880864143372,0.23796333372592926,0.8566260933876038,0.9998687505722046,0.4470904767513275,0.5802521705627441,-0.22588981688022614,0.9986075758934021,0.9999014139175415,0.3150383234024048,0.6335123181343079,0.19743949174880981,0.9172943234443665,0.9992634654045105,0.44341790676116943,0.6298545002937317,-0.2807858884334564,0.9949414730072021,0.9994490742683411,0.31264299154281616,0.6387392282485962,0.17027515172958374,0.8551684021949768,0.9984180927276611,0.44870516657829285,0.6387601494789124,-0.33595535159111023,0.984200656414032,0.9986273050308228,0.32639408111572266,0.6390833258628845,0.15758199989795685,0.8504849672317505,0.9983370304107666,0.4421723783016205,0.6397371292114258,-0.3155633211135864,0.9822359681129456,0.9985848665237427,0.3279118239879608,0.6374630331993103,0.1819520741701126,0.8662258982658386,0.9987881779670715,0.4383889436721802,0.6368647217750549,-0.2778526544570923,0.9791996479034424,0.9989941716194153,0.3577132821083069,0.4320068955421448,0.0949401780962944,0.9998587965965271,0.9993836879730225,0.40863803029060364,0.43868961930274963,-0.09492086619138718,0.999901533126831,0.9997511506080627,0.4066804349422455,0.3653346598148346,0.07471092790365219,0.7604594826698303,0.9989317059516907,0.4317000210285187,0.3666227161884308,-0.10748960822820663,0.9319552779197693,0.9994719624519348,0.4680534303188324,0.3035532832145691,0.2439538687467575,0.690280020236969,0.9985319375991821,0.4860973656177521,0.2919312119483948,-0.06373242288827896,0.8919322490692139,0.9976100921630859,0.49058258533477783,0.2979887127876282,0.2543024718761444,0.7340309023857117,0.9979243278503418,0.5070204734802246,0.2912234365940094,-0.06888031959533691,0.7739713788032532,0.9964181184768677,0.4546724557876587,0.2751346528530121,0.14946283400058746,0.7653096318244934,0.9956373572349548,0.4703131318092346,0.2616376578807831,-0.2350594848394394,0.8924341201782227,0.9929445385932922
90,3060,True,0.39760610461235046,0.5689202547073364,-0.051128387451171875,0.9997937083244324,0.9999479055404663,0.39471888542175293,0.5689846873283386,-0.011640852317214012,0.999605655670166,0.9999068975448608,0.3904494345188141,0.5681683421134949,-0.011489585973322392,0.9993984699249268,0.9998900890350342,0.3875836133956909,0.5677223205566406,-0.011316601186990738,0.9995415210723877,0.9998656511306763,0.4075125753879547,0.5675336718559265,-0.04074208810925484,0.9998340010643005,0.9999339580535889,0.4095691740512848,0.56662517786026,-0.04092428460717201,0.9998005628585815,0.9999397993087769,0.4123663306236267,0.5659480690956116,-0.04094541072845459,0.9998432993888855,0.999940037727356,0.3824929893016815,0.5592221021652222,0.1417926847934723,0.9991974830627441,0.9998388290405273,0.4186529517173767,0.556943953037262,0.01639770343899727,0.9998747706413269,0.9999340772628784,0.38519588112831116,0.5631963014602661,0.004225204233080149,0.9995255470275879,0.9998630285263062,0.39849141240119934,0.5612494349479675,-0.031871505081653595,0.9996763467788696,0.9999039173126221,0.3510223627090454,0.5375487208366394,0.2228705734014511,0.9997773766517639,0.9994015693664551,0.4327446520328522,0.5362504124641418,-0.10469689965248108,0.9999490976333618,0.9998793601989746,0.3308875560760498,0.5823190212249756,0.20806321501731873,0.8609645962715149,0.9997782111167908,0.4471052885055542,0.5803614258766174,-0.2666302025318146,0.9986382722854614,0.9998351335525513,0.31319284439086914,0.6346734166145325,0.1634044498205185,0.9195248484611511,0.9986345171928406,0.44332441687583923,0.6298083662986755,-0.32925334572792053,0.9951025247573853,0.9991872906684875,0.3112899363040924,0.639556348323822,0.1362096071243286,0.8583946824073792,0.9972549080848694,0.44865334033966064,0.6385117173194885,-0.38851287961006165,0.984668493270874,0.9981710910797119,0.32371774315834045,0.639632523059845,0.11990664899349213,0.853861927986145,0.997077465057373,0.4421892762184143,0.6394652128219604,-0.36971616744995117,0.982775092124939,0.9980687499046326,0.3273700177669525,0.6380950808525085,0.14668959379196167,0.8692528605461121,0.9978138208389282,0.43841782212257385,0.6368488669395447,-0.32720237970352173,0.9797550439834595,0.9986013770103455,0.3577066957950592,0.4305175840854645,0.09503741562366486,0.9998470544815063,0.998504638671875,0.4087308347225189,0.4374144971370697,-0.09503121674060822,0.9998935461044312,0.9994959831237793,0.40451350808143616,0.3654235303401947,0.07710032910108566,0.759046733379364,0.9984292387962341,0.4312039613723755,0.36661744117736816,-0.11756867170333862,0.9321062564849854,0.9991959929466248,0.46696019172668457,0.3028567433357239,0.26142850518226624,0.6894516348838806,0.9980630278587341,0.4848024547100067,0.2868519723415375,-0.06376557052135468,0.8917185068130493,0.9962071180343628,0.4870196580886841,0.2975921332836151,0.2742284834384918,0.7306473851203918,0.9973228573799133,0.5039456486701965,0.29029273986816406,-0.06885834038257599,0.7689920663833618,0.9942516088485718,0.45058271288871765,0.27428746223449707,0.17147809267044067,0.7627524733543396,0.9942505359649658,0.4683978259563446,0.25934845209121704,-0.2383480668067932,0.89128577709198,0.9888879656791687
91,3094,True,0.39949387311935425,0.5695172548294067,0.15356676280498505,0.999794602394104,0.9999878406524658,0.39723098278045654,0.570239782333374,0.19863183796405792,0.9996068477630615,0.9999797344207764,0.3934727609157562,0.569351077079773,0.1987740397453308,0.9994003176689148,0.9999765157699585,0.3907482624053955,0.5688318610191345,0.198963925242424,0.9995465278625488,0.9999713897705078,0.41078194975852966,0.5698719024658203,0.17320309579372406,0.9998337030410767,0.9999845027923584,0.4124189019203186,0.5688850283622742,0.17292821407318115,0.9997990131378174,0.9999855756759644,0.41366153955459595,0.5664249062538147,0.17295914888381958,0.999843180179596,0.9999850988388062,0.382784903049469,0.5596266984939575,0.3344267010688782,0.99919593334198,0.9999655485153198,0.41883766651153564,0.5584467649459839,0.22712822258472443,0.9998723268508911,0.9999833106994629,0.3856310248374939,0.5643622875213623,0.19949692487716675,0.9995115995407104,0.9999512434005737,0.40150150656700134,0.5637007355690002,0.16751019656658173,0.9996613264083862,0.9999632835388184,0.35108694434165955,0.5377804040908813,0.3607242703437805,0.9997768402099609,0.9997808337211609,0.4330940246582031,0.5366640090942383,0.08719722181558609,0.9999485015869141,0.9999464750289917,0.33056312799453735,0.5824658274650574,0.34963154792785645,0.856554388999939,0.9999352693557739,0.44705042243003845,0.5812164545059204,-0.043432459235191345,0.9984649419784546,0.999935507774353,0.31315502524375916,0.6346632838249207,0.3425579071044922,0.9171123504638672,0.9995912909507751,0.44277310371398926,0.6301602721214294,-0.07517130672931671,0.9946491122245789,0.9996185302734375,0.3113458454608917,0.6395502686500549,0.3195214867591858,0.855413556098938,0.9990643858909607,0.44860026240348816,0.6395045518875122,-0.1205054372549057,0.9836021065711975,0.9990823268890381,0.3229575455188751,0.6391203999519348,0.30958884954452515,0.8507372736930847,0.999038577079773,0.44062313437461853,0.6399564146995544,-0.09913155436515808,0.9815936088562012,0.9990471005439758,0.32578280568122864,0.6378754377365112,0.32820242643356323,0.8665885925292969,0.999355137348175,0.4371849000453949,0.6369991898536682,-0.07116472721099854,0.9784190058708191,0.9993738532066345,0.35675734281539917,0.431441068649292,0.0915461853146553,0.9998506307601929,0.9995939135551453,0.40879079699516296,0.4386051595211029,-0.09155678004026413,0.9998967051506042,0.999863862991333,0.40383949875831604,0.3655511736869812,0.044055938720703125,0.7562835216522217,0.9995369911193848,0.42968618869781494,0.36686429381370544,-0.12722277641296387,0.9281306266784668,0.9997395873069763,0.4669657349586487,0.3022940456867218,0.14893761277198792,0.6835365891456604,0.9993215799331665,0.48447880148887634,0.2878709137439728,-0.12515978515148163,0.882775604724884,0.9985393285751343,0.4876980185508728,0.29682716727256775,0.14922386407852173,0.7281516790390015,0.998995840549469,0.5048406720161438,0.2922021746635437,-0.13581013679504395,0.7609546184539795,0.9977731108665466,0.4524747133255005,0.27333760261535645,0.041695304214954376,0.7597271203994751,0.9971491694450378,0.46981900930404663,0.2598199248313904,-0.30120551586151123,0.8847783803939819,0.9949241876602173
92,3128,True,0.3974929749965668,0.5690963268280029,0.06670422106981277,0.9997819066047668,0.9999430179595947,0.3932807147502899,0.5685311555862427,0.1063985526561737,0.9995876550674438,0.9999008178710938,0.38926056027412415,0.5677465200424194,0.10650812089443207,0.9993727803230286,0.9998838901519775,0.3863447308540344,0.56739342212677,0.10661312937736511,0.9995241761207581,0.9998586177825928,0.40813836455345154,0.568897008895874,0.08635924756526947,0.999824583530426,0.9999282360076904,0.4104108214378357,0.5680752992630005,0.08617614954710007,0.9997881054878235,0.9999344348907471,0.41236960887908936,0.5662046670913696,0.08614087104797363,0.9998341798782349,0.9999337196350098,0.38129594922065735,0.5596152544021606,0.24505168199539185,0.9991567730903625,0.9998338222503662,0.418152779340744,0.5581910610198975,0.1712939739227295,0.999864935874939,0.9999312162399292,0.3832722008228302,0.5625935196876526,0.11542132496833801,0.9994825720787048,0.9998564720153809,0.39522263407707214,0.5613356828689575,0.09172876179218292,0.9996415972709656,0.9998997449874878,0.3506395220756531,0.5377761125564575,0.28270646929740906,0.9997701048851013,0.9995691180229187,0.43169543147087097,0.5359113812446594,0.08391077071428299,0.9999465346336365,0.9999202489852905,0.32986143231391907,0.5822752714157104,0.24073649942874908,0.858758270740509,0.999848484992981,0.446422278881073,0.579795777797699,-0.08404896408319473,0.9984753131866455,0.9998956918716431,0.31335341930389404,0.634329080581665,0.19341470301151276,0.9178557991981506,0.9989250302314758,0.4427741467952728,0.6291478872299194,-0.1286960393190384,0.9947133660316467,0.9994745850563049,0.3124915361404419,0.6395310163497925,0.1656251847743988,0.8560823798179626,0.9976940751075745,0.44856491684913635,0.6389883756637573,-0.17981398105621338,0.9837236404418945,0.9986696243286133,0.3230985105037689,0.6392238736152649,0.15608708560466766,0.8513845801353455,0.9975526928901672,0.44093891978263855,0.6394162774085999,-0.16568750143051147,0.981735348701477,0.9986024498939514,0.3258034884929657,0.6378769874572754,0.17886123061180115,0.8674038648605347,0.9982272982597351,0.4375503659248352,0.6360961198806763,-0.12760211527347565,0.9785782694816589,0.9990358352661133,0.3556617796421051,0.4314894676208496,0.08908401429653168,0.9998462200164795,0.99918133020401,0.40850746631622314,0.43851789832115173,-0.08911482244729996,0.9998930096626282,0.9997108578681946,0.40471646189689636,0.3663286566734314,0.04672619327902794,0.751258134841919,0.998599112033844,0.4298992156982422,0.36706119775772095,-0.11465726792812347,0.925148069858551,0.9993321299552917,0.467610239982605,0.30515894293785095,0.18219682574272156,0.675454318523407,0.997841477394104,0.48502594232559204,0.29735714197158813,-0.07749981433153152,0.8779823184013367,0.9963120818138123,0.4882347583770752,0.29945874214172363,0.1846141815185547,0.7190625071525574,0.9970308542251587,0.5013088583946228,0.2943197786808014,-0.08172661811113358,0.7529160380363464,0.994635283946991,0.45484864711761475,0.2772115170955658,0.06547851860523224,0.751971960067749,0.9936286807060242,0.470689058303833,0.2611643671989441,-0.24218067526817322,0.8798701763153076,0.989284098148346
93,3162,True,0.4085715115070343,0.5717003345489502,0.07072608917951584,0.9997603893280029,0.9999451637268066,0.4079499840736389,0.5705896019935608,0.11206908524036407,0.9995468258857727,0.9999059438705444,0.4052129089832306,0.5699999332427979,0.11221735179424286,0.9993095397949219,0.999891996383667,0.4026682674884796,0.5696946978569031,0.11236288398504257,0.9994786977767944,0.9998711347579956,0.41807785630226135,0.5706930160522461,0.08611483871936798,0.9998040795326233,0.9999294281005859,0.4194354712963104,0.5698021054267883,0.08591213822364807,0.9997607469558716,0.999935507774353,0.420468807220459,0.5685673356056213,0.08590182662010193,0.9998140335083008,0.9999352693557739,0.39469438791275024,0.5606292486190796,0.2501591145992279,0.9990758895874023,0.9998476505279541,0.42196837067604065,0.559963583946228,0.14156761765480042,0.9998487830162048,0.9999277591705322,0.3932792544364929,0.5654417872428894,0.11931861191987991,0.9994360208511353,0.9998555183410645,0.40571826696395874,0.5645797848701477,0.08700912445783615,0.9996005296707153,0.9998887777328491,0.35112178325653076,0.5409010052680969,0.29726698994636536,0.9997571110725403,0.9995009899139404,0.43195924162864685,0.5383338332176208,0.015295013785362244,0.9999423027038574,0.9998772144317627,0.3288586437702179,0.5830033421516418,0.26676517724990845,0.8593891859054565,0.999812662601471,0.4463639259338379,0.5824854969978333,-0.13586798310279846,0.9984244108200073,0.9998237490653992,0.3108658492565155,0.6348058581352234,0.22980043292045593,0.9181182980537415,0.9989885687828064,0.4425543546676636,0.6296919584274292,-0.18347197771072388,0.994607150554657,0.999122679233551,0.31114664673805237,0.6398390531539917,0.20434769988059998,0.8561148047447205,0.9979155659675598,0.448066383600235,0.6400098204612732,-0.23763999342918396,0.9834402203559875,0.998069703578949,0.3231762647628784,0.639343798160553,0.19262678921222687,0.8515281081199646,0.997800886631012,0.44097068905830383,0.6400974988937378,-0.21662010252475739,0.9814277291297913,0.9979944229125977,0.3257974088191986,0.6379004716873169,0.2146429419517517,0.8675284385681152,0.9983972907066345,0.4375075101852417,0.6366044282913208,-0.18041469156742096,0.9781910181045532,0.9985711574554443,0.3541857898235321,0.43407732248306274,0.08974180370569229,0.9998345375061035,0.998670220375061,0.4076043963432312,0.439601331949234,-0.08976426720619202,0.9998850226402283,0.9994381070137024,0.4028889536857605,0.36777451634407043,0.0505351684987545,0.7459325790405273,0.9986622333526611,0.4285655617713928,0.3678916096687317,-0.11474740505218506,0.9229040145874023,0.9992330074310303,0.4660261273384094,0.30487921833992004,0.1844765543937683,0.6721463203430176,0.9980402588844299,0.48201829195022583,0.2931235730648041,-0.09180575609207153,0.8737188577651978,0.9964587092399597,0.4853132367134094,0.29932233691215515,0.18890486657619476,0.7163920402526855,0.9971750974655151,0.4998839795589447,0.2919618487358093,-0.09871278703212738,0.7456380724906921,0.994560182094574,0.45008137822151184,0.27682259678840637,0.07483614981174469,0.7486783862113953,0.9934195876121521,0.467890202999115,0.2609682083129883,-0.2690271735191345,0.8751372694969177,0.9888971447944641
94,3196,True,0.40911611914634705,0.5717491507530212,0.15427254140377045,0.9997113943099976,0.9999185800552368,0.4077489674091339,0.5705543160438538,0.19642259180545807,0.9994509816169739,0.9998711347579956,0.40463176369667053,0.5699364542961121,0.19651734828948975,0.9991808533668518,0.9998540878295898,0.4017309546470642,0.5695993900299072,0.19664724171161652,0.9993858337402344,0.9998286962509155,0.418813019990921,0.5705610513687134,0.17117129266262054,0.9997581243515015,0.999901533126831,0.4203090965747833,0.5696521997451782,0.17091004550457,0.9997051954269409,0.9999103546142578,0.42146673798561096,0.568457305431366,0.1709107905626297,0.9997716546058655,0.9999096393585205,0.39299795031547546,0.5605977773666382,0.3257981240749359,0.9989500045776367,0.9998121857643127,0.422158807516098,0.5597994327545166,0.21832013130187988,0.999824583530426,0.9999111890792847,0.39255383610725403,0.5653191804885864,0.19884270429611206,0.9993576407432556,0.9998254179954529,0.4043230712413788,0.5644594430923462,0.16684550046920776,0.9995396137237549,0.9998722076416016,0.3511165380477905,0.5407617688179016,0.3531012237071991,0.999747097492218,0.999505877494812,0.4320012331008911,0.53838050365448,0.07836855947971344,0.9999408721923828,0.9998912811279297,0.32848984003067017,0.583295464515686,0.31469282507896423,0.8562377691268921,0.9998575448989868,0.44636455178260803,0.5842380523681641,-0.048418521881103516,0.9983156323432922,0.999866247177124,0.3127264976501465,0.6353533864021301,0.28574422001838684,0.9154918193817139,0.9990321397781372,0.44294309616088867,0.6298335790634155,-0.0695532038807869,0.9942306280136108,0.999265730381012,0.3123757243156433,0.6405606865882874,0.2589690387248993,0.8520970344543457,0.9978107810020447,0.4480741620063782,0.6399983167648315,-0.11820100247859955,0.9824771285057068,0.9981544613838196,0.3231959939002991,0.6401634812355042,0.25144556164741516,0.8473367094993591,0.9977572560310364,0.4414759874343872,0.6401045918464661,-0.09407495707273483,0.9803574681282043,0.9981023669242859,0.3258447051048279,0.638667106628418,0.2718614935874939,0.8639053106307983,0.9984424710273743,0.4380100965499878,0.6369442939758301,-0.06464362144470215,0.9770386815071106,0.9987350106239319,0.35399994254112244,0.43410760164260864,0.08644502609968185,0.9998246431350708,0.9988099336624146,0.4075619578361511,0.44030189514160156,-0.08647102117538452,0.9998786449432373,0.9994490742683411,0.4031570553779602,0.36771178245544434,0.046493250876665115,0.7284315824508667,0.9980700612068176,0.4285946786403656,0.3655897080898285,-0.11780871450901031,0.9115179181098938,0.9988480806350708,0.4648759663105011,0.29896822571754456,0.152457594871521,0.6471999287605286,0.9957192540168762,0.47955089807510376,0.2855561375617981,-0.12051893025636673,0.8544162511825562,0.9931870698928833,0.48343679308891296,0.29752907156944275,0.15378186106681824,0.7013850212097168,0.9937553405761719,0.4956420361995697,0.28656765818595886,-0.13041861355304718,0.7301790714263916,0.9892818927764893,0.4499790668487549,0.26834022998809814,0.05003679171204567,0.7286444306373596,0.9855258464813232,0.4677019417285919,0.2536674737930298,-0.2915683388710022,0.8589826226234436,0.9782675504684448
95,3230,True,0.3978857696056366,0.571272075176239,-0.08848025649785995,0.9996784925460815,0.999772846698761,0.39435216784477234,0.5695174932479858,-0.05219905078411102,0.999401330947876,0.9995519518852234,0.39093291759490967,0.568962574005127,-0.052104827016592026,0.9990962743759155,0.9994677901268005,0.3882002532482147,0.5687652826309204,-0.0520196333527565,0.9993103742599487,0.9993465542793274,0.40867993235588074,0.5699415802955627,-0.07886843383312225,0.999735414981842,0.9996863603591919,0.4109013080596924,0.5692080855369568,-0.07906322181224823,0.9996762871742249,0.9997163414955139,0.4128362834453583,0.5683165788650513,-0.07912084460258484,0.9997488260269165,0.9997182488441467,0.38447147607803345,0.5606443285942078,0.0899522677063942,0.9988178610801697,0.9992215633392334,0.4180562198162079,0.5597707033157349,-0.024310631677508354,0.999803900718689,0.9996985197067261,0.38336023688316345,0.5645698308944702,-0.03594984859228134,0.9992767572402954,0.9994926452636719,0.3984985053539276,0.5643349885940552,-0.06904800981283188,0.9994934797286987,0.9996405839920044,0.3503190577030182,0.5405932664871216,0.16361069679260254,0.9997288584709167,0.9989394545555115,0.42798179388046265,0.5373610854148865,-0.1355442851781845,0.9999325275421143,0.9997568726539612,0.3281658887863159,0.5838934183120728,0.13530898094177246,0.8597739338874817,0.9996094107627869,0.44593921303749084,0.5805557370185852,-0.28253868222236633,0.9983264207839966,0.9997101426124573,0.31276801228523254,0.6353428959846497,0.0689433291554451,0.9164238572120667,0.9973135590553284,0.44339242577552795,0.6297109127044678,-0.3233448266983032,0.9942977428436279,0.9985877275466919,0.3124033510684967,0.640550434589386,0.03754633292555809,0.8527133464813232,0.9944374561309814,0.4499978721141815,0.6399788856506348,-0.3801855444908142,0.9826062321662903,0.9966789484024048,0.32361358404159546,0.6401628851890564,0.024304622784256935,0.847989022731781,0.9939832091331482,0.44393059611320496,0.640107274055481,-0.36191922426223755,0.9805241823196411,0.9964942336082458,0.3260492980480194,0.6386638879776001,0.052545107901096344,0.8647099137306213,0.9954441785812378,0.43971213698387146,0.6368614435195923,-0.32104480266571045,0.9771992564201355,0.9973663687705994,0.353223592042923,0.43395406007766724,0.08564870804548264,0.9998108744621277,0.9981070756912231,0.4065735638141632,0.44015973806381226,-0.08572639524936676,0.999863862991333,0.9990254640579224,0.4009872078895569,0.36820006370544434,0.053383197635412216,0.7257444858551025,0.9967427849769592,0.42757633328437805,0.3661431074142456,-0.09198535978794098,0.9086025953292847,0.9982788562774658,0.463821142911911,0.29911988973617554,0.2254430204629898,0.6504790186882019,0.9944695234298706,0.4796900153160095,0.2881331145763397,-0.019958384335041046,0.8534730672836304,0.9922652244567871,0.4809970557689667,0.2972913980484009,0.2392285019159317,0.6960992217063904,0.992363691329956,0.49616047739982605,0.29043251276016235,-0.01943819411098957,0.7206475734710693,0.9888408780097961,0.4463966488838196,0.26948004961013794,0.1333111971616745,0.7260261178016663,0.9865149855613708,0.46539008617401123,0.2589494585990906,-0.18225455284118652,0.8552708625793457,0.9808727502822876
96,3264,True,0.40752673149108887,0.5713347792625427,-0.03756921738386154,0.999617874622345,0.9997875094413757,0.4079008400440216,0.5713045001029968,0.004764025565236807,0.9993178248405457,0.9996531009674072,0.4049080014228821,0.5707827806472778,0.004875362850725651,0.9989670515060425,0.9996030926704407,0.4020383059978485,0.5704840421676636,0.005030193366110325,0.9992133975028992,0.9995259046554565,0.415983110666275,0.5710805654525757,-0.02647034265100956,0.9996918439865112,0.9997386336326599,0.41981619596481323,0.5702219605445862,-0.026709889993071556,0.9996173977851868,0.9997619986534119,0.4208691418170929,0.5682259798049927,-0.0267050601541996,0.9997057914733887,0.999764621257782,0.38948380947113037,0.5609772801399231,0.1496630311012268,0.9986371397972107,0.9994615912437439,0.42195168137550354,0.5601915717124939,0.019723566249012947,0.9997667670249939,0.999748170375824,0.392508327960968,0.5658961534500122,0.016449637711048126,0.9991355538368225,0.9995061159133911,0.40727224946022034,0.5653538107872009,-0.023279495537281036,0.9993820190429688,0.9996131062507629,0.3504711985588074,0.5412632822990417,0.21075350046157837,0.9997017979621887,0.9990480542182922,0.42902106046676636,0.5376673936843872,-0.134370818734169,0.9999223947525024,0.9997555613517761,0.3281688988208771,0.5839167833328247,0.18516379594802856,0.8605685830116272,0.9996461868286133,0.4463253319263458,0.5814651250839233,-0.18317127227783203,0.9982215762138367,0.9996705055236816,0.3124888241291046,0.6353310346603394,0.13275276124477386,0.9152835011482239,0.9971610307693481,0.44342726469039917,0.6298248171806335,-0.20899401605129242,0.9940809607505798,0.9978362917900085,0.3119626045227051,0.6405435800552368,0.10061527788639069,0.850667417049408,0.9943728446960449,0.45152294635772705,0.6397768259048462,-0.2587236762046814,0.982096791267395,0.9954982995986938,0.32365113496780396,0.6401206254959106,0.09089890867471695,0.8460132479667664,0.9938854575157166,0.4445299506187439,0.6403211951255798,-0.24037837982177734,0.9800004363059998,0.9952616691589355,0.3260488212108612,0.6384758353233337,0.11696882545948029,0.8630870580673218,0.9953553676605225,0.4400727450847626,0.6369751691818237,-0.20622307062149048,0.976621687412262,0.9964087605476379,0.3506607413291931,0.434408038854599,0.08353955298662186,0.9997934103012085,0.9980257749557495,0.40611428022384644,0.4401538372039795,-0.08362817019224167,0.9998513460159302,0.9991624355316162,0.39895349740982056,0.36981263756752014,0.05419044569134712,0.722197413444519,0.9974935054779053,0.42579591274261475,0.36800459027290344,-0.0906544178724289,0.9067636728286743,0.9985026121139526,0.4640476107597351,0.3009799122810364,0.22438105940818787,0.6492413878440857,0.9960612654685974,0.47914934158325195,0.293302983045578,-0.03303854912519455,0.8500710725784302,0.9932699799537659,0.48069000244140625,0.29775628447532654,0.2352374792098999,0.6918641924858093,0.994569718837738,0.4957354962825775,0.29085952043533325,-0.03482705354690552,0.7128552794456482,0.9902828931808472,0.4427410960197449,0.2727598249912262,0.13216838240623474,0.722545862197876,0.9891276955604553,0.4625791907310486,0.25919008255004883,-0.19863198697566986,0.8507345914840698,0.9820716977119446
97,3298,True,0.40099847316741943,0.5712877511978149,0.06571373343467712,0.9996209740638733,0.9999463558197021,0.39817512035369873,0.5707528591156006,0.10802391171455383,0.999316930770874,0.9999035596847534,0.39448848366737366,0.57012939453125,0.1081300601363182,0.9989692568778992,0.9998867511749268,0.39134499430656433,0.5697736740112305,0.10826368629932404,0.9992138147354126,0.9998618364334106,0.4106585681438446,0.5708865523338318,0.08084575831890106,0.9996909499168396,0.9999294281005859,0.4138390123844147,0.5700341463088989,0.08060674369335175,0.9996170401573181,0.9999352693557739,0.41554734110832214,0.5681686401367188,0.08060257881879807,0.999704897403717,0.9999338388442993,0.38493284583091736,0.5609596371650696,0.2457999587059021,0.9986400604248047,0.9998327493667603,0.4195760488510132,0.5598540902137756,0.1301293522119522,0.999767541885376,0.9999295473098755,0.38970884680747986,0.5656675100326538,0.11412759125232697,0.999140739440918,0.9998562335968018,0.40392494201660156,0.5652210116386414,0.07984460890293121,0.999384880065918,0.9998970031738281,0.3494603633880615,0.5400335788726807,0.28440141677856445,0.999706506729126,0.9995414018630981,0.42892715334892273,0.5368589758872986,-0.007687151897698641,0.9999236464500427,0.9999054670333862,0.3276998996734619,0.5838860273361206,0.24404841661453247,0.862459659576416,0.9998568296432495,0.4462979733943939,0.5802968740463257,-0.14124193787574768,0.9982320666313171,0.9998928308486938,0.3131101727485657,0.6348556280136108,0.19728273153305054,0.9162011742591858,0.9992032647132874,0.44356921315193176,0.6296936869621277,-0.17428402602672577,0.994145393371582,0.9995304346084595,0.3129097521305084,0.6403831243515015,0.16888104379177094,0.8514173030853271,0.9982343912124634,0.4510713815689087,0.6395924091339111,-0.22573359310626984,0.9821959137916565,0.9987965822219849,0.32375064492225647,0.6401046514511108,0.1638869345188141,0.846602737903595,0.9981663823127747,0.4444659650325775,0.6400517225265503,-0.2012149542570114,0.9800949692726135,0.9987581968307495,0.3271336257457733,0.6383792161941528,0.18417371809482574,0.8637108206748962,0.9987132549285889,0.44006937742233276,0.6369723081588745,-0.1694445163011551,0.9767032265663147,0.9991596937179565,0.3503658175468445,0.43447238206863403,0.0831291675567627,0.9997950792312622,0.9990572333335876,0.4051259756088257,0.44069308042526245,-0.08321277797222137,0.9998524785041809,0.9996190071105957,0.39706146717071533,0.36949265003204346,0.0519670695066452,0.7205909490585327,0.9985098242759705,0.4259876608848572,0.3675377368927002,-0.09166115522384644,0.9037787914276123,0.9991926550865173,0.4595484137535095,0.30075255036354065,0.19764722883701324,0.6442974805831909,0.9969972372055054,0.47263628244400024,0.29261747002601624,-0.03724723309278488,0.8445878028869629,0.9958418011665344,0.4771767854690552,0.29805988073349,0.20463040471076965,0.6861499547958374,0.9956451654434204,0.49150794744491577,0.2911457121372223,-0.04105478525161743,0.7059124708175659,0.9936191439628601,0.4428477883338928,0.2721964120864868,0.09963219612836838,0.7179417014122009,0.9905651807785034,0.4587663412094116,0.25961995124816895,-0.20421478152275085,0.8458430171012878,0.9873208999633789
98,3332,True,0.4014325439929962,0.5703681707382202,0.04962487891316414,0.999575138092041,0.9998288154602051,0.39832690358161926,0.5691465139389038,0.0884963646531105,0.9992448687553406,0.9996984004974365,0.39456668496131897,0.5684224367141724,0.08858861774206161,0.998857319355011,0.9996507167816162,0.3913975656032562,0.5679771304130554,0.08866172283887863,0.999119222164154,0.9995792508125305,0.41151338815689087,0.5692335367202759,0.06600330024957657,0.9996553659439087,0.9997761845588684,0.4143504202365875,0.5682328939437866,0.06580328196287155,0.9995706677436829,0.9997949004173279,0.41597339510917664,0.5668630003929138,0.06575904041528702,0.9996688961982727,0.9997939467430115,0.3850124478340149,0.5585139989852905,0.21677392721176147,0.9984806776046753,0.9995163679122925,0.41931647062301636,0.5578910112380981,0.1203140988945961,0.9997379779815674,0.9997766613960266,0.38911712169647217,0.563372015953064,0.09467499703168869,0.9990422129631042,0.9996200799942017,0.3997378349304199,0.5607984662055969,0.06640209257602692,0.9993131160736084,0.999705970287323,0.34979259967803955,0.5373848080635071,0.25578704476356506,0.999691903591156,0.999234676361084,0.4287280738353729,0.5352118611335754,-0.012926638126373291,0.9999179840087891,0.9997846484184265,0.32785287499427795,0.5838342905044556,0.2096872329711914,0.8637706637382507,0.9997265934944153,0.44638344645500183,0.5784469842910767,-0.14339952170848846,0.9981663823127747,0.9997068047523499,0.3129543662071228,0.6344670653343201,0.15207141637802124,0.9170342683792114,0.997840166091919,0.44372227787971497,0.6287610530853271,-0.1961742639541626,0.9941129088401794,0.9982684850692749,0.31242793798446655,0.6399379968643188,0.12156308442354202,0.8524357676506042,0.9952953457832336,0.4510475993156433,0.6390008926391602,-0.2499055713415146,0.9821707010269165,0.9960817694664001,0.3237631022930145,0.6398125290870667,0.11195245385169983,0.8476520776748657,0.9950379729270935,0.4445989429950714,0.6396173238754272,-0.230913907289505,0.9800916314125061,0.9959491491317749,0.326896071434021,0.6381481289863586,0.13696537911891937,0.8649622797966003,0.9963500499725342,0.440151184797287,0.6362136602401733,-0.19377894699573517,0.976704478263855,0.9969896078109741,0.3515585660934448,0.43366581201553345,0.08243244141340256,0.9997872710227966,0.9983910322189331,0.4045194387435913,0.4383142590522766,-0.08252201974391937,0.9998449683189392,0.9992086291313171,0.397402822971344,0.3695047199726105,0.05248170346021652,0.7149779200553894,0.9973700046539307,0.4260519742965698,0.3671833574771881,-0.09414359927177429,0.8994678854942322,0.9984973669052124,0.45905154943466187,0.3007325530052185,0.19858354330062866,0.639320433139801,0.9950093030929565,0.4718151390552521,0.29384446144104004,-0.045114532113075256,0.8378162980079651,0.9926930665969849,0.475905179977417,0.2970629632472992,0.2057320773601532,0.6792511343955994,0.9928464293479919,0.48941177129745483,0.29096412658691406,-0.04886956140398979,0.6955727934837341,0.9890398979187012,0.43702659010887146,0.272821307182312,0.1006108894944191,0.7109816074371338,0.9861511588096619,0.4569935202598572,0.25956210494041443,-0.21048998832702637,0.8383070826530457,0.9799848794937134
99,3366,True,0.40272900462150574,0.57026207447052,0.04381261765956879,0.9995909333229065,0.9999656677246094,0.4041163921356201,0.569517970085144,0.08314729481935501,0.9992738366127014,0.9999394416809082,0.3975246548652649,0.5686928033828735,0.08324681967496872,0.9988966584205627,0.9999291896820068,0.39398694038391113,0.5682500004768372,0.08333812654018402,0.9991496205329895,0.9999133348464966,0.4136783182621002,0.5694237947463989,0.05922237038612366,0.999667763710022,0.999955415725708,0.4156675934791565,0.5680462718009949,0.05901128798723221,0.9995845556259155,0.9999589920043945,0.4171603322029114,0.5667380094528198,0.058973994106054306,0.9996804594993591,0.9999585151672363,0.3866424560546875,0.5585662126541138,0.21527601778507233,0.9985179901123047,0.9998949766159058,0.41991040110588074,0.5579854249954224,0.11247900128364563,0.9997444748878479,0.9999525547027588,0.3917081654071808,0.5639269948005676,0.09027238190174103,0.9990677833557129,0.9998911619186401,0.4021964967250824,0.5611178874969482,0.06024262681603432,0.999329686164856,0.9999183416366577,0.34981510043144226,0.5380057096481323,0.26375171542167664,0.9996916651725769,0.9995983242988586,0.42884352803230286,0.535666823387146,-0.018175579607486725,0.9999175667762756,0.9999053478240967,0.32785776257514954,0.5839175581932068,0.23987136781215668,0.8647081851959229,0.999853253364563,0.44635966420173645,0.5791714191436768,-0.15094652771949768,0.9981728196144104,0.9998654127120972,0.31256815791130066,0.6349021792411804,0.19050651788711548,0.9183758497238159,0.9990876913070679,0.4436756670475006,0.6289789080619812,-0.21066077053546906,0.9942156672477722,0.9992733597755432,0.3117881417274475,0.6400678753852844,0.1622990220785141,0.8547938466072083,0.998062789440155,0.4507266581058502,0.6388609409332275,-0.26565003395080566,0.9825057983398438,0.9983586668968201,0.32247763872146606,0.6398752927780151,0.14864765107631683,0.8501489758491516,0.9979742169380188,0.4443579316139221,0.6396982669830322,-0.24760764837265015,0.980475127696991,0.9983041286468506,0.3251001834869385,0.6383155584335327,0.1741047203540802,0.8672666549682617,0.9985225796699524,0.4399436116218567,0.6362689733505249,-0.20876584947109222,0.9771191477775574,0.9987842440605164,0.3515602648258209,0.43468064069747925,0.08522087335586548,0.9997901320457458,0.9992007613182068,0.40446344017982483,0.43853339552879333,-0.08526894450187683,0.9998477697372437,0.9997071623802185,0.3971279561519623,0.369589626789093,0.05441019684076309,0.7150131464004517,0.999035120010376,0.42531463503837585,0.3681528568267822,-0.0994785949587822,0.9004673957824707,0.9994826316833496,0.45635735988616943,0.3002728521823883,0.19919775426387787,0.6416344046592712,0.9986670017242432,0.4698958992958069,0.2940254211425781,-0.06728728115558624,0.8387084007263184,0.9972580671310425,0.47565197944641113,0.29637420177459717,0.20641115307807922,0.6815727949142456,0.9980484247207642,0.48489272594451904,0.2904137372970581,-0.07348001003265381,0.6949527263641357,0.9957797527313232,0.4317139983177185,0.27516645193099976,0.10043638199567795,0.7134857177734375,0.99565190076828,0.4494721293449402,0.2599099278450012,-0.24355894327163696,0.8391987681388855,0.9917929768562317
100,3400,True,0.39741578698158264,0.5702940821647644,0.22191500663757324,0.9996204376220703,0.9999939203262329,0.3949373960494995,0.5692234635353088,0.26859381794929504,0.9993204474449158,0.99998939037323,0.3899083137512207,0.5683580040931702,0.2687225043773651,0.9989685416221619,0.9999873638153076,0.3866465985774994,0.5678974986076355,0.26891517639160156,0.9992064237594604,0.9999845027923584,0.4091411232948303,0.5694149136543274,0.23971456289291382,0.9996896386146545,0.9999922513961792,0.41148146986961365,0.5680438280105591,0.23941166698932648,0.9996122717857361,0.9999929666519165,0.4134907126426697,0.5667998194694519,0.23944859206676483,0.9997020363807678,0.9999927282333374,0.38303837180137634,0.5587343573570251,0.4017750918865204,0.9986142516136169,0.9999806880950928,0.41848987340927124,0.5579507946968079,0.2789224088191986,0.9997620582580566,0.9999922513961792,0.38502904772758484,0.5638647675514221,0.2664852738380432,0.9991287589073181,0.9999750852584839,0.3937355875968933,0.5611180067062378,0.22970284521579742,0.9993717074394226,0.9999831914901733,0.3496158719062805,0.5378936529159546,0.42417117953300476,0.9997055530548096,0.9998377561569214,0.42851075530052185,0.5372425317764282,0.12251823395490646,0.999923050403595,0.999972939491272,0.32737159729003906,0.5849007964134216,0.40461277961730957,0.8581796884536743,0.9999463558197021,0.445334792137146,0.5849168300628662,-0.011260760948061943,0.9981362223625183,0.9999562501907349,0.3125832974910736,0.6351984143257141,0.3856904208660126,0.9161843657493591,0.999693751335144,0.4423092007637024,0.6320508718490601,-0.01791592501103878,0.9940686225891113,0.9997264742851257,0.3117937445640564,0.6402828097343445,0.3633560240268707,0.8523113131523132,0.999293327331543,0.4486905336380005,0.6404846906661987,-0.06122870370745659,0.9821465015411377,0.9992930889129639,0.3228234648704529,0.639946460723877,0.35609978437423706,0.8474401831626892,0.9992944002151489,0.4434090554714203,0.6406892538070679,-0.037010278552770615,0.9800376296043396,0.9992695450782776,0.3251589834690094,0.638323187828064,0.371437668800354,0.8650020360946655,0.9995369911193848,0.43932420015335083,0.6384950876235962,-0.012114743702113628,0.9766519069671631,0.9995513558387756,0.35046088695526123,0.43513649702072144,0.09115942567586899,0.9997983574867249,0.9994737505912781,0.4035859704017639,0.4431861340999603,-0.0911271944642067,0.999856173992157,0.9998557567596436,0.3945714831352234,0.3693603575229645,0.045244455337524414,0.7216076850891113,0.9996045231819153,0.42540207505226135,0.3675002455711365,-0.14378722012043,0.902198314666748,0.9997907280921936,0.45512327551841736,0.3002632260322571,0.13575206696987152,0.6394191384315491,0.9992814660072327,0.4709074795246124,0.29407116770744324,-0.1574680060148239,0.837809681892395,0.998548686504364,0.474068820476532,0.2959095537662506,0.13314218819141388,0.6849324107170105,0.9988653659820557,0.48552390933036804,0.28959402441978455,-0.17079733312129974,0.6982890963554382,0.9975528120994568,0.4288119375705719,0.2750137448310852,0.03198683634400368,0.7154603004455566,0.9964483976364136,0.4496309161186218,0.25967496633529663,-0.3373575508594513,0.8401898145675659,0.9941244721412659
101,3434,True,0.39785435795783997,0.570534348487854,0.1408585160970688,0.9996428489685059,0.9999830722808838,0.39510759711265564,0.5694367289543152,0.1843193918466568,0.9993581771850586,0.9999704360961914,0.3904240131378174,0.5685651302337646,0.18445779383182526,0.9990261197090149,0.9999651908874512,0.3871316611766815,0.5680572390556335,0.18463782966136932,0.9992507696151733,0.9999574422836304,0.409407377243042,0.5695062279701233,0.15555457770824432,0.9997073411941528,0.9999784231185913,0.41154319047927856,0.5681662559509277,0.15529990196228027,0.9996347427368164,0.9999803304672241,0.41370251774787903,0.5669714212417603,0.15531279146671295,0.9997192025184631,0.9999799728393555,0.38306209444999695,0.5587680339813232,0.32089728116989136,0.9986939430236816,0.9999518394470215,0.4187692105770111,0.5579346418380737,0.1986052244901657,0.9997765421867371,0.9999793767929077,0.3851660490036011,0.5638390779495239,0.1881626695394516,0.9991797804832458,0.9999524354934692,0.39350512623786926,0.5611439347267151,0.1519002765417099,0.9994086027145386,0.9999663829803467,0.34963950514793396,0.5377466082572937,0.36460956931114197,0.9997187852859497,0.9997953772544861,0.42857542634010315,0.536979079246521,0.053612757474184036,0.9999275803565979,0.9999593496322632,0.3274797201156616,0.5835601687431335,0.3504040539264679,0.8557916879653931,0.9999213218688965,0.4450508952140808,0.5828139185905457,-0.08632438629865646,0.9981779456138611,0.9999301433563232,0.312843918800354,0.6330092549324036,0.326244056224823,0.9153650999069214,0.9995612502098083,0.44193679094314575,0.631165623664856,-0.11365693062543869,0.9941726326942444,0.999620795249939,0.3123250901699066,0.6389854550361633,0.30418866872787476,0.8511675596237183,0.9989976286888123,0.4463026225566864,0.640254020690918,-0.1628527194261551,0.9824191331863403,0.9990341663360596,0.3238281011581421,0.6393064260482788,0.2943800091743469,0.8461781740188599,0.9989558458328247,0.44113588333129883,0.6404398679733276,-0.14002762734889984,0.9803141355514526,0.9989916682243347,0.3258742690086365,0.6374117136001587,0.31174859404563904,0.8639733195304871,0.9992814660072327,0.4376014769077301,0.6382647752761841,-0.10904236137866974,0.976932168006897,0.9993299245834351,0.3502391278743744,0.4351270794868469,0.09370429068803787,0.9998052716255188,0.9993793964385986,0.40335285663604736,0.4429830014705658,-0.09369700402021408,0.9998622536659241,0.9997709393501282,0.392821729183197,0.3695177435874939,0.04736512526869774,0.717702329158783,0.9991876482963562,0.4253844916820526,0.3674938380718231,-0.13743911683559418,0.9009526371955872,0.999552309513092,0.4529845714569092,0.300268292427063,0.15339189767837524,0.6346401572227478,0.9986360669136047,0.46944770216941833,0.2940625548362732,-0.13782542943954468,0.8348012566566467,0.9975276589393616,0.47199326753616333,0.29579252004623413,0.15460944175720215,0.6832498908042908,0.9979593753814697,0.4847430884838104,0.2892557382583618,-0.14774253964424133,0.6967012286186218,0.9960206151008606,0.42704254388809204,0.2749539911746979,0.05234922841191292,0.7129155993461609,0.9950758814811707,0.4495530128479004,0.25963324308395386,-0.311704158782959,0.838326096534729,0.9918564558029175
102,3468,True,0.3954104483127594,0.5699434280395508,0.1656208038330078,0.9996616840362549,0.9999884366989136,0.39138543605804443,0.5679541230201721,0.2113082855939865,0.9993861317634583,0.9999797344207764,0.38708385825157166,0.5670452117919922,0.21144570410251617,0.9990689158439636,0.9999762773513794,0.3839133083820343,0.5665627717971802,0.21162474155426025,0.9992846250534058,0.9999711513519287,0.4065025746822357,0.5686412453651428,0.18200428783893585,0.9997206926345825,0.999984860420227,0.4091093838214874,0.5675956606864929,0.18174202740192413,0.999651312828064,0.9999860525131226,0.41163352131843567,0.5666132569313049,0.18177197873592377,0.9997318387031555,0.9999856948852539,0.3810173571109772,0.5576332211494446,0.34780219197273254,0.998753011226654,0.9999655485153198,0.41745564341545105,0.55731600522995,0.2223476618528366,0.9997871518135071,0.9999843835830688,0.3824678063392639,0.5625998377799988,0.21190577745437622,0.9992192387580872,0.9999632835388184,0.38999485969543457,0.5603571534156799,0.17464031279087067,0.9994351863861084,0.9999736547470093,0.3496556878089905,0.5371825098991394,0.3793843984603882,0.9997303485870361,0.9998373985290527,0.4284931719303131,0.536996603012085,0.07060591131448746,0.9999313950538635,0.9999644756317139,0.327435702085495,0.5830482244491577,0.3500637412071228,0.8527623414993286,0.9999371767044067,0.4442782998085022,0.5828430652618408,-0.07133474200963974,0.9981838464736938,0.9999388456344604,0.31416428089141846,0.6328574419021606,0.31327250599861145,0.914876401424408,0.9996176958084106,0.4416741728782654,0.6313503384590149,-0.09098953753709793,0.9941762089729309,0.9995866417884827,0.31383034586906433,0.6385743021965027,0.28750136494636536,0.850899338722229,0.9991012811660767,0.4463557302951813,0.6406001448631287,-0.13960081338882446,0.9824256896972656,0.998933732509613,0.32390865683555603,0.6390043497085571,0.27919644117355347,0.8458076119422913,0.9990869760513306,0.4381059408187866,0.640708327293396,-0.11547435075044632,0.9802960753440857,0.9989155530929565,0.32591360807418823,0.6372649669647217,0.29832881689071655,0.8637917041778564,0.9993904829025269,0.4354402422904968,0.6382317543029785,-0.08582958579063416,0.9769476652145386,0.9992977380752563,0.34988003969192505,0.43511494994163513,0.09434355795383453,0.9998115301132202,0.9994392991065979,0.40201109647750854,0.44278231263160706,-0.09432908892631531,0.9998679757118225,0.9997915625572205,0.39205577969551086,0.3698640763759613,0.044917091727256775,0.7223644256591797,0.9994207620620728,0.42541202902793884,0.3676113486289978,-0.14691497385501862,0.9023982286453247,0.9996734857559204,0.4514729082584381,0.3010507822036743,0.14409148693084717,0.634834885597229,0.998777449131012,0.47006547451019287,0.2921276092529297,-0.14852264523506165,0.8357048034667969,0.9979321956634521,0.47053948044776917,0.29581913352012634,0.14399394392967224,0.6854391694068909,0.9981107711791992,0.48555463552474976,0.2892020344734192,-0.1594514697790146,0.7004992365837097,0.9966247081756592,0.4277340769767761,0.2735021710395813,0.04141002520918846,0.7142384052276611,0.9949303269386292,0.4503442645072937,0.25963786244392395,-0.3227981925010681,0.8392816781997681,0.9923926591873169
103,3502,True,0.40108177065849304,0.5706130266189575,0.13049818575382233,0.9996644258499146,0.9999538660049438,0.40164539217948914,0.5710170865058899,0.17416243255138397,0.9993910193443298,0.9999227523803711,0.3978966176509857,0.5701733231544495,0.17429538071155548,0.9990757703781128,0.9999099969863892,0.3942059278488159,0.5695754289627075,0.174460306763649,0.9992905855178833,0.9998914003372192,0.4144492745399475,0.5710864663124084,0.14632835984230042,0.9997234344482422,0.9999438524246216,0.41529005765914917,0.5683477520942688,0.14608356356620789,0.9996549487113953,0.99994957447052,0.416886568069458,0.5672212243080139,0.14609739184379578,0.9997348189353943,0.9999500513076782,0.385276198387146,0.5588057041168213,0.3114103674888611,0.998774528503418,0.9998807907104492,0.42089158296585083,0.5586502552032471,0.19901707768440247,0.9997913837432861,0.9999500513076782,0.38972777128219604,0.5646017789840698,0.17770592868328094,0.99923175573349,0.9998891353607178,0.3917003273963928,0.5609102845191956,0.1424330174922943,0.9994437098503113,0.9999206066131592,0.3498532772064209,0.5373131632804871,0.35134726762771606,0.999735414981842,0.9996631145477295,0.4285520315170288,0.5377084016799927,0.05861222371459007,0.9999337792396545,0.9999346733093262,0.32746750116348267,0.5827680826187134,0.3388617932796478,0.8485166430473328,0.9998421669006348,0.4442920684814453,0.5835155844688416,-0.0851835384964943,0.9981756210327148,0.9998784065246582,0.3141518831253052,0.6325122714042664,0.314614862203598,0.9117755889892578,0.9990620017051697,0.44156643748283386,0.6316226720809937,-0.12083693593740463,0.9940934777259827,0.9992000460624695,0.3136480748653412,0.6384375095367432,0.2936544716358185,0.8467116951942444,0.9979761242866516,0.4456723928451538,0.6409764289855957,-0.17050839960575104,0.9822356700897217,0.9980294108390808,0.3230358362197876,0.6389452219009399,0.2810448706150055,0.84163498878479,0.9978566765785217,0.4382670223712921,0.6409320831298828,-0.14716048538684845,0.9800736904144287,0.9979484677314758,0.3250623643398285,0.6371611952781677,0.2990318536758423,0.8602331876754761,0.9984843134880066,0.43551814556121826,0.6382456421852112,-0.11604911834001541,0.9767124056816101,0.9986023306846619,0.3491659462451935,0.43519729375839233,0.09526074677705765,0.9998118281364441,0.9988892674446106,0.40145039558410645,0.4426943361759186,-0.09527432918548584,0.9998699426651001,0.9995959401130676,0.3880605399608612,0.37043556571006775,0.05651170387864113,0.720120906829834,0.9985820055007935,0.4254198670387268,0.3665226697921753,-0.1422102153301239,0.901862382888794,0.9991881251335144,0.44579777121543884,0.30196046829223633,0.1446167677640915,0.630773663520813,0.997505247592926,0.469870924949646,0.29171591997146606,-0.1309083253145218,0.8336601853370667,0.9955371618270874,0.46329259872436523,0.2960134744644165,0.14637063443660736,0.6823949217796326,0.9963680505752563,0.4857231676578522,0.2869004011154175,-0.13983963429927826,0.6987520456314087,0.9930225014686584,0.41817161440849304,0.2756795287132263,0.053231727331876755,0.7102385759353638,0.9918072819709778,0.44948044419288635,0.2584352493286133,-0.30513226985931396,0.8369277119636536,0.9866481423377991
104,3536,True,0.4049689471721649,0.5714240670204163,0.12435019761323929,0.9996739625930786,0.9999696016311646,0.4054186940193176,0.5725511312484741,0.16652047634124756,0.9994052052497864,0.9999487400054932,0.40175360441207886,0.5717527270317078,0.16660772264003754,0.9990976452827454,0.9999393224716187,0.3981839120388031,0.5711742043495178,0.16673681139945984,0.9993074536323547,0.9999256134033203,0.41710832715034485,0.5724741220474243,0.14129020273685455,0.9997312426567078,0.999964714050293,0.41770464181900024,0.5692539811134338,0.14107999205589294,0.9996663331985474,0.9999686479568481,0.4194052517414093,0.568146288394928,0.1410665363073349,0.9997429847717285,0.9999693632125854,0.38871222734451294,0.5600970983505249,0.3005343973636627,0.9988108277320862,0.9999141693115234,0.4213641285896301,0.5599709749221802,0.16393394768238068,0.9997999668121338,0.9999696016311646,0.3896380662918091,0.5649696588516235,0.16999748349189758,0.9992614984512329,0.9999316930770874,0.4021829068660736,0.5647814869880676,0.13495652377605438,0.9994661211967468,0.9999551773071289,0.35071879625320435,0.5375345349311829,0.3432779014110565,0.9997425079345703,0.9997565150260925,0.4289420545101166,0.5383561849594116,0.004048604052513838,0.9999374747276306,0.9999672174453735,0.32743188738822937,0.5830552577972412,0.3257993459701538,0.8460633158683777,0.9998961687088013,0.4441530108451843,0.5866014361381531,-0.15381625294685364,0.9982571601867676,0.999937891960144,0.31550049781799316,0.6327074766159058,0.2990765869617462,0.91136234998703,0.9994497895240784,0.441618949174881,0.631749153137207,-0.17179670929908752,0.9942858815193176,0.9995836615562439,0.3165349066257477,0.6387439966201782,0.2757022976875305,0.8462786674499512,0.9988418221473694,0.44477003812789917,0.6413064002990723,-0.22583675384521484,0.9826940894126892,0.998928964138031,0.3253752887248993,0.6391976475715637,0.26511329412460327,0.8412269353866577,0.9987726807594299,0.4382314383983612,0.6411976218223572,-0.19831566512584686,0.9805582165718079,0.9988769888877869,0.3269796669483185,0.6373608112335205,0.28477972745895386,0.8598254919052124,0.9991256594657898,0.43544214963912964,0.638271689414978,-0.1654142439365387,0.9772564768791199,0.9992546439170837,0.34708115458488464,0.43783363699913025,0.10392379015684128,0.9998166561126709,0.9991987347602844,0.40009137988090515,0.4441189169883728,-0.10392683744430542,0.9998750686645508,0.9997476935386658,0.385322242975235,0.3714842200279236,0.07313480228185654,0.7155386209487915,0.9988264441490173,0.42515894770622253,0.3663675785064697,-0.13812881708145142,0.9034887552261353,0.999462902545929,0.4452471137046814,0.30341485142707825,0.19143907725811005,0.623279869556427,0.9982990622520447,0.46526896953582764,0.28981977701187134,-0.12556618452072144,0.8361794948577881,0.9971518516540527,0.4628105163574219,0.29620927572250366,0.19651055335998535,0.6802904009819031,0.9975672960281372,0.48372405767440796,0.2859480082988739,-0.13398528099060059,0.7030767202377319,0.9954368472099304,0.41815775632858276,0.27861377596855164,0.10605777055025101,0.7060866951942444,0.9947741627693176,0.44759029150009155,0.257803350687027,-0.29826653003692627,0.8392512202262878,0.9911337494850159
105,3570,True,0.4046740233898163,0.5717915296554565,0.16287784278392792,0.9996852874755859,0.9999792575836182,0.40530717372894287,0.5725020170211792,0.20653532445430756,0.9994223713874817,0.9999663829803467,0.4007990062236786,0.5715998411178589,0.2066573202610016,0.9991295337677002,0.9999604225158691,0.3970756530761719,0.5710186958312988,0.2068224847316742,0.9993318915367126,0.9999514818191528,0.41682612895965576,0.5724379420280457,0.17666058242321014,0.9997406601905823,0.999976396560669,0.41759952902793884,0.5699560642242432,0.1763862520456314,0.999680757522583,0.9999791383743286,0.4200054705142975,0.5689395666122437,0.17638935148715973,0.9997531175613403,0.9999793767929077,0.3876078426837921,0.5601279139518738,0.33969882130622864,0.9988634586334229,0.9999452829360962,0.42130377888679504,0.5599488019943237,0.20847877860069275,0.9998103976249695,0.9999809265136719,0.3885386884212494,0.5649412870407104,0.208497554063797,0.9992948174476624,0.9999493360519409,0.40020307898521423,0.5646565556526184,0.17035618424415588,0.9994900822639465,0.9999680519104004,0.3506886959075928,0.5375415086746216,0.3808645009994507,0.9997507333755493,0.999800980091095,0.42897236347198486,0.5387365818023682,0.04981765151023865,0.9999416470527649,0.9999786615371704,0.32739025354385376,0.5838465094566345,0.35573527216911316,0.8424607515335083,0.999927282333374,0.4435323178768158,0.5864131450653076,-0.08864103257656097,0.9982851147651672,0.9999607801437378,0.3176369369029999,0.6327544450759888,0.3195388913154602,0.90971440076828,0.9995484948158264,0.44192183017730713,0.6317718625068665,-0.0889921709895134,0.9943225383758545,0.9997039437294006,0.3196917474269867,0.638925313949585,0.2972882091999054,0.8442166447639465,0.999007523059845,0.4471563696861267,0.6413308382034302,-0.13604408502578735,0.9828008413314819,0.9991711378097534,0.32792022824287415,0.6394211649894714,0.28851091861724854,0.8390424251556396,0.9989733695983887,0.43867790699005127,0.6413940191268921,-0.10952316969633102,0.9806585907936096,0.9991218447685242,0.3291487991809845,0.6374131441116333,0.3049459159374237,0.8579741716384888,0.9992973804473877,0.4357067048549652,0.6383062601089478,-0.08251352608203888,0.9774029850959778,0.999461829662323,0.3462897539138794,0.43795427680015564,0.10382188111543655,0.9998220801353455,0.9992994070053101,0.39950287342071533,0.4456235468387604,-0.10380897670984268,0.9998812675476074,0.9998453855514526,0.3860458433628082,0.3696916699409485,0.07248959690332413,0.710172712802887,0.9990648627281189,0.42440998554229736,0.366421103477478,-0.13800892233848572,0.9028667211532593,0.9996148347854614,0.4461177885532379,0.30571168661117554,0.190919429063797,0.6032168865203857,0.9985588192939758,0.4660433828830719,0.289819598197937,-0.1380942165851593,0.8331203460693359,0.9974855184555054,0.46392980217933655,0.2970563471317291,0.195778027176857,0.6711850166320801,0.9979749321937561,0.48313629627227783,0.2860196828842163,-0.14778722822666168,0.7048102021217346,0.9959090948104858,0.4276220500469208,0.2805977463722229,0.10760071873664856,0.6930966973304749,0.9950018525123596,0.4439490735530853,0.25746244192123413,-0.3061511814594269,0.8381592631340027,0.9911559820175171
106,3604,True,0.40567857027053833,0.5723785758018494,0.10240567475557327,0.999665379524231,0.99989914894104,0.4059758186340332,0.5736443996429443,0.14253805577754974,0.9993895888328552,0.999836802482605,0.4018036425113678,0.5727742910385132,0.142635777592659,0.9990866780281067,0.999809205532074,0.3982113003730774,0.5721937417984009,0.14274591207504272,0.9992969036102295,0.9997676014900208,0.41662415862083435,0.5724499225616455,0.11029642820358276,0.9997279644012451,0.9998865127563477,0.418570339679718,0.5704628825187683,0.1100558415055275,0.9996707439422607,0.9998990297317505,0.42066261172294617,0.5694692134857178,0.11002151668071747,0.9997428059577942,0.9999004602432251,0.38878685235977173,0.5610734820365906,0.2776392102241516,0.9988358020782471,0.9997435212135315,0.4213056266307831,0.5612537860870361,0.13894544541835785,0.9998085498809814,0.9999080896377563,0.38755276799201965,0.5649968385696411,0.1504461020231247,0.9992845058441162,0.9998192191123962,0.39830517768859863,0.5645367503166199,0.10963048040866852,0.999485433101654,0.9998824596405029,0.35090693831443787,0.5378323793411255,0.33766990900039673,0.9997479915618896,0.9995482563972473,0.42898979783058167,0.5395136475563049,-0.01092008501291275,0.9999434947967529,0.999941349029541,0.3272733986377716,0.5839675068855286,0.3056313395500183,0.8427783250808716,0.999841570854187,0.44335392117500305,0.5863443613052368,-0.15837404131889343,0.9983408451080322,0.9999157190322876,0.3177493214607239,0.6327629685401917,0.2487765997648239,0.9090688228607178,0.9990466237068176,0.4405953586101532,0.6320132613182068,-0.15128259360790253,0.9944230914115906,0.9994850158691406,0.3198210299015045,0.6389570832252502,0.22580423951148987,0.8426528573036194,0.9979806542396545,0.44445210695266724,0.6416230201721191,-0.20018857717514038,0.9829643964767456,0.9986066222190857,0.3282751441001892,0.6394304633140564,0.217526376247406,0.8374204635620117,0.9978592991828918,0.43772444128990173,0.6415760517120361,-0.16950276494026184,0.9808147549629211,0.998526930809021,0.32948410511016846,0.6374281048774719,0.2345721423625946,0.8565942645072937,0.9984607696533203,0.4349876344203949,0.6383509635925293,-0.14288654923439026,0.9775469899177551,0.9990409016609192,0.34502068161964417,0.43814221024513245,0.1031726822257042,0.9998220205307007,0.9988614320755005,0.3993649482727051,0.44611725211143494,-0.10317337512969971,0.9998828768730164,0.9996868371963501,0.38313212990760803,0.36849015951156616,0.07014243304729462,0.703750729560852,0.9975300431251526,0.4235404431819916,0.36530083417892456,-0.12998618185520172,0.901430606842041,0.9989318251609802,0.43625661730766296,0.3074614703655243,0.2112330049276352,0.5861867070198059,0.9959608912467957,0.45904743671417236,0.2894265651702881,-0.11132466793060303,0.8297609090805054,0.9938341379165649,0.4531095623970032,0.3009512424468994,0.2207397222518921,0.658992350101471,0.9944948554039001,0.48113659024238586,0.2860764265060425,-0.11692147701978683,0.7017168402671814,0.9904250502586365,0.42652449011802673,0.28283819556236267,0.14346523582935333,0.6787711977958679,0.9893274307250977,0.4412069022655487,0.25720566511154175,-0.2678719460964203,0.8348680734634399,0.98222416639328
107,3638,True,0.40845438838005066,0.5723498463630676,0.17380651831626892,0.9996876120567322,0.9999915361404419,0.4077407717704773,0.5733771920204163,0.21797481179237366,0.9994276762008667,0.9999862909317017,0.40375816822052,0.5724650621414185,0.2181110829114914,0.9991442561149597,0.9999837875366211,0.40014708042144775,0.5717462301254272,0.21829283237457275,0.9993429183959961,0.999980092048645,0.41863372921943665,0.5723622441291809,0.18693457543849945,0.9997459650039673,0.9999903440475464,0.42048031091690063,0.5704305768013,0.18665684759616852,0.9996930956840515,0.9999914169311523,0.4224739074707031,0.5694438815116882,0.18667644262313843,0.9997602105140686,0.9999914169311523,0.39073896408081055,0.560863196849823,0.3484503924846649,0.9989146590232849,0.9999773502349854,0.4220876097679138,0.5607847571372986,0.21506112813949585,0.9998217821121216,0.999991774559021,0.3912833034992218,0.5649148225784302,0.2180449664592743,0.9993297457695007,0.9999754428863525,0.40497708320617676,0.5645903944969177,0.17850272357463837,0.9995173811912537,0.9999840259552002,0.351213663816452,0.5375828742980957,0.3888966143131256,0.9997590780258179,0.999889612197876,0.429044634103775,0.5394656658172607,0.05454980581998825,0.9999474287033081,0.9999854564666748,0.3272567689418793,0.5840116143226624,0.36631104350090027,0.8360247611999512,0.9999501705169678,0.442795991897583,0.5870578289031982,-0.07601463794708252,0.998353123664856,0.9999673366546631,0.3179781436920166,0.632778525352478,0.3371756970882416,0.9060025811195374,0.999679684638977,0.4409882724285126,0.6321729421615601,-0.06414937227964401,0.9943297505378723,0.9997171759605408,0.32020819187164307,0.638971745967865,0.3175659477710724,0.8390136957168579,0.9992996454238892,0.4471730887889862,0.6416988372802734,-0.1074967086315155,0.9826741814613342,0.9992634654045105,0.32843080163002014,0.6394606828689575,0.3086640536785126,0.8335841298103333,0.9992651343345642,0.4383368492126465,0.6417642831802368,-0.08108411729335785,0.9804539680480957,0.999212384223938,0.32958662509918213,0.6375049948692322,0.32261353731155396,0.8530519008636475,0.9995007514953613,0.43539148569107056,0.6384308338165283,-0.057389773428440094,0.9772142171859741,0.9995094537734985,0.3450986444950104,0.43816742300987244,0.10542161017656326,0.9998303055763245,0.9995881915092468,0.3990725576877594,0.4462107717990875,-0.105380579829216,0.9998897314071655,0.9998847246170044,0.382354199886322,0.36852970719337463,0.06868728995323181,0.7050367593765259,0.9995225667953491,0.4231816530227661,0.3653249144554138,-0.1381504237651825,0.9048704504966736,0.9997814297676086,0.4384000897407532,0.3072088360786438,0.18374958634376526,0.5841912627220154,0.9992349147796631,0.46025222539901733,0.2893622815608978,-0.14569734036922455,0.8347582817077637,0.9986804127693176,0.45599013566970825,0.2987666428089142,0.18573269248008728,0.6636211276054382,0.9988635778427124,0.48153677582740784,0.2854982316493988,-0.1561204046010971,0.7122166156768799,0.9978283047676086,0.4257615804672241,0.2823672592639923,0.09943407028913498,0.6817221641540527,0.9970194697380066,0.44175347685813904,0.2572513222694397,-0.31312140822410583,0.8405041694641113,0.9950228929519653
108,3672,True,0.40221697092056274,0.5723273754119873,0.16776341199874878,0.9996976852416992,0.9999768733978271,0.3990197777748108,0.5725899934768677,0.2111879587173462,0.9994444847106934,0.99996018409729,0.3955085277557373,0.5716708898544312,0.2113141566514969,0.999172031879425,0.999951958656311,0.3923588693141937,0.5710102319717407,0.21148520708084106,0.9993632435798645,0.9999395608901978,0.4122249484062195,0.5722184777259827,0.1805226057767868,0.9997539520263672,0.9999731779098511,0.4140954613685608,0.5703921914100647,0.18024620413780212,0.9997045397758484,0.9999762773513794,0.4160650372505188,0.5694262385368347,0.18025138974189758,0.9997687339782715,0.999976396560669,0.38594818115234375,0.5606515407562256,0.34330180287361145,0.9989532828330994,0.999925971031189,0.4196459949016571,0.5607177019119263,0.2122512012720108,0.9998294115066528,0.9999771118164062,0.389740914106369,0.5648944973945618,0.213193878531456,0.9993553161621094,0.9999340772628784,0.39622971415519714,0.5642516016960144,0.17436043918132782,0.9995356202125549,0.9999604225158691,0.35117658972740173,0.5370757579803467,0.3830045163631439,0.9997622966766357,0.999692440032959,0.42792075872421265,0.5394278168678284,0.056227002292871475,0.9999502897262573,0.9999717473983765,0.32715150713920593,0.5840274095535278,0.3581158220767975,0.8344748616218567,0.9999115467071533,0.44153013825416565,0.5869115591049194,-0.08416128903627396,0.998384952545166,0.9999610185623169,0.3179428279399872,0.6329033970832825,0.3185286223888397,0.9052116870880127,0.9995744824409485,0.44090062379837036,0.6320382356643677,-0.0828433409333229,0.9944325685501099,0.9997631907463074,0.3200729489326477,0.63904869556427,0.2966820299625397,0.8378084301948547,0.9990768432617188,0.4447883665561676,0.6417445540428162,-0.12799394130706787,0.9829463958740234,0.9993247985839844,0.32832324504852295,0.6395077705383301,0.2892187833786011,0.8322156071662903,0.9990535378456116,0.43775105476379395,0.6417806148529053,-0.10206460952758789,0.9807369709014893,0.9992844462394714,0.32947641611099243,0.6375085711479187,0.30457359552383423,0.8518663048744202,0.9993532299995422,0.4347659945487976,0.638397216796875,-0.07611644268035889,0.9774994850158691,0.9995669722557068,0.3441859483718872,0.4384341835975647,0.10479312390089035,0.9998342990875244,0.9992488026618958,0.39832931756973267,0.447326123714447,-0.10476169735193253,0.9998951554298401,0.9998577833175659,0.3812674283981323,0.3697126507759094,0.0567791685461998,0.7036322951316833,0.998833954334259,0.422834575176239,0.3651241362094879,-0.1391584724187851,0.9047759771347046,0.9995786547660828,0.43905308842658997,0.30832958221435547,0.18136382102966309,0.5674734115600586,0.9983757734298706,0.4521837532520294,0.28689607977867126,-0.14511089026927948,0.8319109082221985,0.9970007538795471,0.4481859803199768,0.3060017228126526,0.18507705628871918,0.654090404510498,0.9977452158927917,0.4765920042991638,0.28404492139816284,-0.15509791672229767,0.7109119296073914,0.9950183629989624,0.42419958114624023,0.2871302366256714,0.10572341084480286,0.670165479183197,0.9947945475578308,0.43876850605010986,0.2569431960582733,-0.3120391070842743,0.8389254808425903,0.9898216724395752
109,3706,True,0.41700735688209534,0.572728157043457,-0.03729112073779106,0.9995747208595276,0.9992949962615967,0.4171183407306671,0.5726519823074341,-0.00330718862824142,0.9992668032646179,0.9988619089126587,0.4161517322063446,0.5737951993942261,-0.0032131075859069824,0.998915433883667,0.9986925721168518,0.4134223461151123,0.5733675956726074,-0.0031375812832266092,0.9991658926010132,0.9984294772148132,0.42667075991630554,0.5721694231033325,-0.030953144654631615,0.9996759295463562,0.9992200136184692,0.42770102620124817,0.570465087890625,-0.031165650114417076,0.9996205568313599,0.9993230104446411,0.4287078380584717,0.5695214867591858,-0.031240342184901237,0.9997001886367798,0.9993626475334167,0.4019854962825775,0.5620470643043518,0.12874558568000793,0.9986763000488281,0.998375415802002,0.43132027983665466,0.5606240034103394,0.010981990024447441,0.9997868537902832,0.9994468092918396,0.4020591378211975,0.565244197845459,0.011643984355032444,0.9992066621780396,0.9992276430130005,0.4126335680484772,0.5649951100349426,-0.02249329537153244,0.9994323253631592,0.999468982219696,0.3525720238685608,0.5399655699729919,0.20903049409389496,0.9997459053993225,0.9990185499191284,0.4299899637699127,0.5410746932029724,-0.11701072007417679,0.9999483227729797,0.9998738765716553,0.32720011472702026,0.5839859247207642,0.17545506358146667,0.8389503359794617,0.9995529055595398,0.44142723083496094,0.5871201157569885,-0.24820514023303986,0.9984184503555298,0.9998030066490173,0.31791529059410095,0.6330831050872803,0.11510186642408371,0.9056393504142761,0.9969044327735901,0.4389866590499878,0.6326319575309753,-0.2545709013938904,0.9944871664047241,0.9987707734107971,0.3198639452457428,0.6391257047653198,0.09063876420259476,0.8370293974876404,0.9943373799324036,0.44154003262519836,0.6422938704490662,-0.3067070245742798,0.982977032661438,0.9970957040786743,0.328680157661438,0.6395131945610046,0.07855482399463654,0.8315149545669556,0.9936498999595642,0.435783714056015,0.6423235535621643,-0.280809223651886,0.9807769060134888,0.9968131184577942,0.32981428503990173,0.637537956237793,0.10022979229688644,0.8509196043014526,0.994985818862915,0.4333166480064392,0.6389033794403076,-0.2484123855829239,0.9774782657623291,0.9977158308029175,0.34390684962272644,0.4386981129646301,0.10225800424814224,0.9998137950897217,0.9967970252037048,0.39836013317108154,0.4472474157810211,-0.10230204463005066,0.9998817443847656,0.9990599751472473,0.3804008960723877,0.3692416846752167,0.06489163637161255,0.6988446712493896,0.9948373436927795,0.42284905910491943,0.3655695915222168,-0.10016418248414993,0.9037908315658569,0.9976776242256165,0.43773406744003296,0.30803215503692627,0.24235770106315613,0.5616762042045593,0.9925563931465149,0.4537584185600281,0.28796079754829407,-0.0444830060005188,0.8309968709945679,0.9887806177139282,0.4506862163543701,0.30332890152931213,0.25762879848480225,0.6455380320549011,0.990125298500061,0.47713038325309753,0.28414857387542725,-0.044069260358810425,0.7053499817848206,0.9835278987884521,0.4189930856227875,0.2858724594116211,0.17314191162586212,0.6618341207504272,0.983596682548523,0.43964967131614685,0.257959246635437,-0.1989590972661972,0.8366875052452087,0.9732587933540344
110,3740,True,0.41120606660842896,0.572557806968689,0.13725319504737854,0.9995848536491394,0.9999704360961914,0.4088943898677826,0.5720046758651733,0.18061786890029907,0.9992807507514954,0.9999532699584961,0.40673738718032837,0.5724688768386841,0.1807122379541397,0.998939573764801,0.9999438524246216,0.4038873016834259,0.5720896124839783,0.18085570633411407,0.9991841316223145,0.9999297857284546,0.4208960235118866,0.5718015432357788,0.15227554738521576,0.9996837973594666,0.9999691247940063,0.4223743975162506,0.5703312754631042,0.15197190642356873,0.9996311664581299,0.9999730587005615,0.42394477128982544,0.5694640874862671,0.15195009112358093,0.9997087121009827,0.9999735355377197,0.3956148028373718,0.5614827275276184,0.3119466006755829,0.9987070560455322,0.9999165534973145,0.4286419451236725,0.5603564977645874,0.1917257308959961,0.9997935891151428,0.9999760389328003,0.3966975212097168,0.5647944808006287,0.1819140613079071,0.9992252588272095,0.999920129776001,0.40301376581192017,0.564353883266449,0.14617083966732025,0.9994451999664307,0.9999545812606812,0.3512609004974365,0.5391508340835571,0.33926308155059814,0.9997400641441345,0.9995905756950378,0.4299953877925873,0.5397675633430481,0.046144306659698486,0.9999508261680603,0.9999713897705078,0.3271615207195282,0.584151566028595,0.31447890400886536,0.8360761404037476,0.9998922348022461,0.4414302408695221,0.5868301391601562,-0.08493585884571075,0.9983854293823242,0.999958872795105,0.31797608733177185,0.6334102153778076,0.2872440814971924,0.9035488367080688,0.9993723034858704,0.43975749611854553,0.6326106786727905,-0.0814228504896164,0.994384765625,0.9997606873512268,0.3197419047355652,0.639472246170044,0.2648083567619324,0.8337489366531372,0.9986839890480042,0.4416975677013397,0.6422792673110962,-0.12283599376678467,0.9826642870903015,0.9993337988853455,0.3294106423854828,0.6396967768669128,0.26103276014328003,0.8279905319213867,0.9986492991447449,0.4367418885231018,0.6423187255859375,-0.09750345349311829,0.9804123044013977,0.9992897510528564,0.330541729927063,0.6378298401832581,0.2751736044883728,0.8479984998703003,0.9990641474723816,0.43404698371887207,0.638886570930481,-0.0746411457657814,0.9770374894142151,0.9995719790458679,0.3427683413028717,0.43859925866127014,0.10160466283559799,0.9998173713684082,0.9992451667785645,0.39820799231529236,0.4467836916446686,-0.10160333663225174,0.9998884201049805,0.999903678894043,0.37209370732307434,0.3720801770687103,0.062256187200546265,0.6981001496315002,0.9986492991447449,0.42133110761642456,0.36535143852233887,-0.10699068009853363,0.9042267203330994,0.99962317943573,0.4229110777378082,0.3263443410396576,0.23195061087608337,0.5375405550003052,0.9986417889595032,0.44686445593833923,0.2878265976905823,-0.06931351870298386,0.8251643776893616,0.9970138072967529,0.4382496178150177,0.3245452642440796,0.24330390989780426,0.6304864883422852,0.9982653260231018,0.47230392694473267,0.2826066017150879,-0.07124639302492142,0.70213383436203,0.9951613545417786,0.4178670346736908,0.30385705828666687,0.17946270108222961,0.6439747214317322,0.9959837198257446,0.434925377368927,0.25735825300216675,-0.2316022515296936,0.8330923914909363,0.9901425838470459
111,3774,True,0.41808682680130005,0.572674572467804,-0.10971587151288986,0.9994714260101318,0.9991161227226257,0.4196856915950775,0.573643147945404,-0.07722180336713791,0.9991079568862915,0.9986226558685303,0.4176889955997467,0.5737189054489136,-0.0771716833114624,0.9986876249313354,0.998414158821106,0.41533100605010986,0.5734673142433167,-0.0771321952342987,0.9989950060844421,0.9981036186218262,0.42874354124069214,0.5717677474021912,-0.10670069605112076,0.9996187090873718,0.9990752935409546,0.4298422038555145,0.5703158378601074,-0.10691898316144943,0.9995642900466919,0.9992077946662903,0.4309309720993042,0.5694485306739807,-0.10700193047523499,0.9996537566184998,0.9992563128471375,0.4060097634792328,0.5624682307243347,0.054910674691200256,0.9984804391860962,0.9979782700538635,0.4306579530239105,0.5603119730949402,-0.0719674602150917,0.9997554421424866,0.999360978603363,0.3991503119468689,0.5649182796478271,-0.060344722121953964,0.9991100430488586,0.9989510774612427,0.4130053222179413,0.5648767352104187,-0.0971195325255394,0.9993712306022644,0.9993305206298828,0.35299062728881836,0.5408911108970642,0.13816730678081512,0.9997027516365051,0.9984331727027893,0.43076667189598083,0.5409578084945679,-0.1860131174325943,0.999947190284729,0.999847412109375,0.32691672444343567,0.5862335562705994,0.1113821342587471,0.8414862155914307,0.9993343949317932,0.4413681924343109,0.5868856310844421,-0.32198333740234375,0.9984225630760193,0.9997866749763489,0.3180582821369171,0.633425772190094,0.04842304810881615,0.9042845964431763,0.9956697225570679,0.4399864673614502,0.6328400373458862,-0.33027535676956177,0.9944078326225281,0.9988552331924438,0.31983378529548645,0.6394840478897095,0.02224545180797577,0.8332844972610474,0.992496132850647,0.44141003489494324,0.642429769039154,-0.3823566436767578,0.982549786567688,0.9972364902496338,0.33111199736595154,0.6396687030792236,0.009723082184791565,0.8276406526565552,0.9915532469749451,0.43667080998420715,0.642400860786438,-0.3579622805118561,0.9802932143211365,0.9969546794891357,0.33210766315460205,0.6378001570701599,0.03325357288122177,0.8473010063171387,0.9932016730308533,0.4340450167655945,0.6389447450637817,-0.324675977230072,0.9768297076225281,0.9978747367858887,0.3426286280155182,0.43928343057632446,0.10149158537387848,0.999779462814331,0.9957987666130066,0.3980805575847626,0.4473077356815338,-0.10149067640304565,0.9998717308044434,0.9991826415061951,0.3735542297363281,0.37071821093559265,0.07773590087890625,0.6945921182632446,0.9909473061561584,0.4179530143737793,0.36597955226898193,-0.0757676288485527,0.9063758850097656,0.9972937703132629,0.42167365550994873,0.32791346311569214,0.3251350224018097,0.5215815901756287,0.9915711879730225,0.4422718584537506,0.2937357425689697,0.012561003677546978,0.8271281719207764,0.9867632985115051,0.43736186623573303,0.3267568349838257,0.34912919998168945,0.6144911050796509,0.9899416565895081,0.46979522705078125,0.2840680480003357,0.016874829307198524,0.7004388570785522,0.9809039235115051,0.4185742735862732,0.30571508407592773,0.2888018786907196,0.6275318264961243,0.9846363067626953,0.43343302607536316,0.26066213846206665,-0.13387395441532135,0.8327237367630005,0.9694857001304626
112,3808,True,0.4145561158657074,0.5719097256660461,-0.09708328545093536,0.9994222521781921,0.9996304512023926,0.4194108843803406,0.5720399618148804,-0.06269151717424393,0.9990171790122986,0.9994457364082336,0.4174901247024536,0.5717910528182983,-0.06268081068992615,0.9985772371292114,0.999366819858551,0.40905699133872986,0.5714148879051208,-0.0626598671078682,0.9988971948623657,0.9992515444755554,0.42558708786964417,0.5707077383995056,-0.09154848754405975,0.9995891451835632,0.9996160268783569,0.4267602264881134,0.5694937109947205,-0.09178606420755386,0.9995402693748474,0.9996623992919922,0.42998918890953064,0.5684228539466858,-0.0918474942445755,0.9996263980865479,0.99967360496521,0.4004034399986267,0.5612000226974487,0.07148899137973785,0.9983980059623718,0.9992319345474243,0.42987060546875,0.5591520667076111,-0.05314502865076065,0.9997420907020569,0.9997366070747375,0.3945947289466858,0.5633331537246704,-0.047695092856884,0.9990620613098145,0.9995191097259521,0.40552574396133423,0.5620183944702148,-0.08387283980846405,0.999354362487793,0.9997014403343201,0.3529931902885437,0.540774405002594,0.1454666405916214,0.9996834397315979,0.9990468621253967,0.43075239658355713,0.5378707051277161,-0.16684702038764954,0.9999455809593201,0.999902606010437,0.3269028067588806,0.5861873626708984,0.11886817961931229,0.8461235761642456,0.9996200799942017,0.4413851499557495,0.5864672064781189,-0.2985416352748871,0.9984186887741089,0.9998587369918823,0.3182275891304016,0.6335362195968628,0.061184532940387726,0.904871940612793,0.9966303706169128,0.44000813364982605,0.633053183555603,-0.30476614832878113,0.9942622780799866,0.999158501625061,0.31977564096450806,0.6396993398666382,0.03342435136437416,0.8329581022262573,0.9937863349914551,0.4431893229484558,0.6424195766448975,-0.35560378432273865,0.9820208549499512,0.9979368448257446,0.3311002552509308,0.6398209929466248,0.022697342559695244,0.8271770477294922,0.9932622313499451,0.43916067481040955,0.642396092414856,-0.331407368183136,0.9797290563583374,0.9977669715881348,0.3322415351867676,0.6380072832107544,0.046302542090415955,0.8466477990150452,0.9947301149368286,0.43562981486320496,0.6389482021331787,-0.2993218004703522,0.9761379361152649,0.9984521865844727,0.34265199303627014,0.4370031952857971,0.10135085880756378,0.9997726678848267,0.9979179501533508,0.39807531237602234,0.44590097665786743,-0.10135051608085632,0.9998692870140076,0.9995754361152649,0.3746046721935272,0.36847442388534546,0.08975410461425781,0.6910842657089233,0.9945383667945862,0.41530245542526245,0.3658016324043274,-0.08896302431821823,0.9079052209854126,0.9984776377677917,0.4248078167438507,0.331424355506897,0.36443084478378296,0.5008600950241089,0.9944725632667542,0.44498080015182495,0.3038329482078552,-0.0006590632256120443,0.8274748921394348,0.9929914474487305,0.44093695282936096,0.3330077826976776,0.3905584514141083,0.5978360772132874,0.9935325384140015,0.47089317440986633,0.2887991666793823,0.004549980163574219,0.7019595503807068,0.9896913170814514,0.4311618506908417,0.30933326482772827,0.3439696729183197,0.60640549659729,0.9889657497406006,0.4411967396736145,0.2763013243675232,-0.13681906461715698,0.8320592045783997,0.9803205728530884
113,3842,True,0.4062265157699585,0.5709766745567322,0.2812859117984772,0.999459981918335,0.9999929666519165,0.40431442856788635,0.5693989992141724,0.32797303795814514,0.9990701675415039,0.9999876022338867,0.40082913637161255,0.5686541795730591,0.3280937075614929,0.9986557960510254,0.9999852180480957,0.39546284079551697,0.5681575536727905,0.3282996416091919,0.9989622831344604,0.9999816417694092,0.4168333411216736,0.5693421959877014,0.30045220255851746,0.9996111989021301,0.9999912977218628,0.4189939796924591,0.5684130787849426,0.30009886622428894,0.9995648860931396,0.9999922513961792,0.42159202694892883,0.5675420761108398,0.30014193058013916,0.9996479153633118,0.9999921321868896,0.3908522427082062,0.5590303540229797,0.45665502548217773,0.9984744787216187,0.9999768733978271,0.42570528388023376,0.5580522418022156,0.34009239077568054,0.999755322933197,0.9999921321868896,0.39294302463531494,0.5630487203598022,0.32388830184936523,0.9991029500961304,0.9999719858169556,0.40519100427627563,0.5620347261428833,0.2887623608112335,0.9993789196014404,0.9999827146530151,0.35248619318008423,0.5396866202354431,0.46413654088974,0.9996956586837769,0.9998028874397278,0.4307089149951935,0.5378891825675964,0.18779724836349487,0.9999486804008484,0.9999786615371704,0.32690536975860596,0.5857078433036804,0.4602636694908142,0.8397379517555237,0.9999550580978394,0.4423584043979645,0.5864842534065247,0.06503354758024216,0.9982168078422546,0.9999737739562988,0.3184228539466858,0.6339000463485718,0.46434715390205383,0.901814341545105,0.9997811913490295,0.44003719091415405,0.6331590414047241,0.08279159665107727,0.9935781359672546,0.9998757839202881,0.31737375259399414,0.6399601697921753,0.4463445842266083,0.829425036907196,0.9995014667510986,0.44468414783477783,0.6428040266036987,0.04702154919505119,0.9803671836853027,0.9996579885482788,0.3301517367362976,0.6398585438728333,0.4417090117931366,0.8233615159988403,0.9995032548904419,0.4388428032398224,0.6428353190422058,0.07144065201282501,0.9778366088867188,0.9996331930160522,0.3315088152885437,0.6380280256271362,0.45223268866539,0.8433390259742737,0.9996830224990845,0.43535465002059937,0.6392234563827515,0.08939848840236664,0.9739795327186584,0.9997900128364563,0.3422865569591522,0.43700093030929565,0.09850391000509262,0.9997832179069519,0.9995172023773193,0.3980414569377899,0.44667285680770874,-0.09846178442239761,0.9998772740364075,0.9999111890792847,0.3753264844417572,0.36848145723342896,0.0400862917304039,0.6926171779632568,0.9995991587638855,0.41567909717559814,0.36581748723983765,-0.14469511806964874,0.904955267906189,0.9998487234115601,0.43182089924812317,0.3102284073829651,0.12988434731960297,0.4952949285507202,0.9995067119598389,0.4457320272922516,0.29074352979660034,-0.1903873234987259,0.8193109035491943,0.9988536834716797,0.44711706042289734,0.3082077205181122,0.12748679518699646,0.6008918285369873,0.9992952346801758,0.4697103798389435,0.2841346263885498,-0.20687757432460785,0.6991430521011353,0.9980515241622925,0.42635172605514526,0.28883931040763855,0.04428870975971222,0.6077472567558289,0.9976999163627625,0.4345473051071167,0.2652634084224701,-0.3716038167476654,0.8286120295524597,0.9952276945114136
114,3876,True,0.4164974093437195,0.5715233087539673,0.17245008051395416,0.9993298649787903,0.99953293800354,0.4181954562664032,0.5731450319290161,0.20214171707630157,0.9988480806350708,0.9991612434387207,0.41597577929496765,0.5726192593574524,0.2022913545370102,0.9983360171318054,0.9990246295928955,0.41314268112182617,0.5724372863769531,0.20226964354515076,0.998735785484314,0.9988111257553101,0.4265249967575073,0.5699825286865234,0.18698906898498535,0.9995132684707642,0.999419093132019,0.42750638723373413,0.5691795945167542,0.186899334192276,0.9994546175003052,0.9994897842407227,0.42853808403015137,0.5684930086135864,0.18680979311466217,0.9995642900466919,0.9995031356811523,0.40395036339759827,0.5618108510971069,0.31202638149261475,0.998133659362793,0.9986211061477661,0.4283621609210968,0.5583933591842651,0.24283766746520996,0.9996949434280396,0.9995203018188477,0.39606067538261414,0.5639387369155884,0.20935752987861633,0.998900294303894,0.9993273019790649,0.4064263701438904,0.5622058510780334,0.19238822162151337,0.9992299675941467,0.9995318651199341,0.35336917638778687,0.5415757298469543,0.33384954929351807,0.9996780753135681,0.9988130331039429,0.4315764605998993,0.5403968691825867,0.1252552717924118,0.9999449253082275,0.9998315572738647,0.3266342282295227,0.5857541561126709,0.26732197403907776,0.8428336381912231,0.9996594190597534,0.4422255754470825,0.5868123173713684,-0.0870857909321785,0.9982081055641174,0.9998258948326111,0.31817272305488586,0.6341446042060852,0.21212095022201538,0.902651309967041,0.9983410835266113,0.44001078605651855,0.6332992315292358,-0.13411709666252136,0.9935606718063354,0.999279797077179,0.31736326217651367,0.6401001214981079,0.1879909485578537,0.82957524061203,0.9967558979988098,0.44196057319641113,0.6430116295814514,-0.18512435257434845,0.980215847492218,0.998205304145813,0.3303014039993286,0.6398875713348389,0.18300241231918335,0.8235688805580139,0.9964821338653564,0.4369654059410095,0.6430047154426575,-0.15567228198051453,0.977669894695282,0.9980729818344116,0.33162105083465576,0.6380800008773804,0.2004639357328415,0.8432191610336304,0.9973811507225037,0.4341115653514862,0.6394281983375549,-0.12788157165050507,0.9737224578857422,0.998694121837616,0.3422040343284607,0.43910709023475647,0.0907612070441246,0.9997686743736267,0.9974989295005798,0.3973951041698456,0.44751667976379395,-0.09083202481269836,0.9998658895492554,0.9990701079368591,0.375959575176239,0.3696874678134918,0.03504849970340729,0.6841808557510376,0.9954663515090942,0.41355153918266296,0.3671552240848541,-0.13648779690265656,0.8989449739456177,0.9978702068328857,0.43149277567863464,0.3089591860771179,0.16321486234664917,0.4912779629230499,0.9920200705528259,0.4404618442058563,0.2912031412124634,-0.18467366695404053,0.8115894198417664,0.9894852042198181,0.4509424865245819,0.3000378906726837,0.1705223172903061,0.5949030518531799,0.9889256358146667,0.46632465720176697,0.28417161107063293,-0.20111298561096191,0.687174916267395,0.9839418530464172,0.41812819242477417,0.2855267822742462,0.0804034098982811,0.6026313304901123,0.9805967211723328,0.42617377638816833,0.2647746503353119,-0.3590675890445709,0.8211633563041687,0.9726866483688354
115,3910,True,0.4145023226737976,0.5705050826072693,0.2441403865814209,0.9993542432785034,0.9999680519104004,0.41693738102912903,0.5729669332504272,0.28717121481895447,0.9988685846328735,0.9999440908432007,0.413327157497406,0.5724072456359863,0.2872847318649292,0.9983770251274109,0.9999349117279053,0.41029781103134155,0.5722721815109253,0.2874409854412079,0.9987668395042419,0.9999206066131592,0.4259940981864929,0.5699807405471802,0.2596687972545624,0.9995221495628357,0.9999600648880005,0.42702004313468933,0.5691717863082886,0.25936439633369446,0.9994669556617737,0.9999644756317139,0.4281439781188965,0.5684036016464233,0.2593739628791809,0.999573826789856,0.9999642372131348,0.39963820576667786,0.5617641806602478,0.41254547238349915,0.9981718063354492,0.9999058246612549,0.42807379364967346,0.558386504650116,0.2952079176902771,0.9997042417526245,0.9999655485153198,0.3925707936286926,0.563177227973938,0.2865009009838104,0.9989326000213623,0.999924898147583,0.4027518928050995,0.5613463521003723,0.2516922950744629,0.9992476105690002,0.9999517202377319,0.35305091738700867,0.541479766368866,0.43224307894706726,0.9996854066848755,0.999643087387085,0.43173104524612427,0.5391498804092407,0.1420164406299591,0.999947190284729,0.9999605417251587,0.3266865909099579,0.5857633352279663,0.40053367614746094,0.8373227119445801,0.9999204874038696,0.44224706292152405,0.5867940187454224,0.002444319659844041,0.9981542825698853,0.9999600648880005,0.31889671087265015,0.6342430114746094,0.3760702311992645,0.9006987810134888,0.999545156955719,0.439958393573761,0.6332936882972717,0.008183789439499378,0.9933697581291199,0.9997616410255432,0.3190319836139679,0.6404596567153931,0.3549717664718628,0.8278288245201111,0.9989846348762512,0.44234544038772583,0.6429564952850342,-0.0324249230325222,0.9798071980476379,0.9993090629577637,0.3304595649242401,0.6404092907905579,0.3492033779621124,0.8217598795890808,0.9989680051803589,0.4378100037574768,0.6429886817932129,-0.007026237435638905,0.9771949648857117,0.9992644190788269,0.3317461311817169,0.6385051012039185,0.36298805475234985,0.8417654037475586,0.9993098974227905,0.43453359603881836,0.6394248604774475,0.014672815799713135,0.9731981158256531,0.9995668530464172,0.33972907066345215,0.43899765610694885,0.09119728952646255,0.9997761249542236,0.9991438388824463,0.3966865837574005,0.4466765820980072,-0.09124398976564407,0.9998712539672852,0.9998148083686829,0.3753907382488251,0.36917683482170105,0.012254812754690647,0.6833782196044922,0.9990605711936951,0.4137391746044159,0.36700350046157837,-0.1676662713289261,0.8955719470977783,0.9996191263198853,0.42896580696105957,0.3019121289253235,0.0964030772447586,0.483108252286911,0.9983171224594116,0.44473469257354736,0.2885477542877197,-0.21173928678035736,0.8044683337211609,0.9972872734069824,0.45277056097984314,0.2933603525161743,0.09518277645111084,0.594469428062439,0.9975267052650452,0.46724843978881836,0.281247079372406,-0.22694848477840424,0.6860067248344421,0.9953990578651428,0.41855689883232117,0.2759820520877838,0.00860348716378212,0.5993233919143677,0.9930230379104614,0.4264153242111206,0.2542252540588379,-0.38586634397506714,0.8174653053283691,0.989122211933136
116,3944,True,0.4141739308834076,0.5705131888389587,0.2879527807235718,0.9994060397148132,0.9999946355819702,0.41452959179878235,0.572139322757721,0.33436447381973267,0.9989511370658875,0.999990701675415,0.41077476739883423,0.5713791251182556,0.33450958132743835,0.9984975457191467,0.9999889135360718,0.4076465964317322,0.5709987282752991,0.3347374200820923,0.9988601803779602,0.9999861717224121,0.42322838306427,0.5698704123497009,0.3052128553390503,0.9995573163032532,0.9999935626983643,0.4268178343772888,0.5689330697059631,0.3048778772354126,0.9995065927505493,0.9999943971633911,0.4277844727039337,0.5680562853813171,0.304921418428421,0.9996060132980347,0.9999943971633911,0.3947661519050598,0.5617265105247498,0.46544358134269714,0.9982994198799133,0.9999827146530151,0.4271520972251892,0.5578311085700989,0.34257254004478455,0.9997262358665466,0.9999945163726807,0.3899827003479004,0.5624468922615051,0.33204081654548645,0.9990071058273315,0.999980092048645,0.4046469032764435,0.5618780851364136,0.29512205719947815,0.9992977380752563,0.9999879598617554,0.3525826036930084,0.5412481427192688,0.48798930644989014,0.9997046589851379,0.9998619556427002,0.4316329061985016,0.5391425490379333,0.18200427293777466,0.9999510049819946,0.9999865293502808,0.32675600051879883,0.5852658152580261,0.48312732577323914,0.8326548933982849,0.9999568462371826,0.44243690371513367,0.5867613554000854,0.05737653747200966,0.9980951547622681,0.9999791383743286,0.3186843991279602,0.6342222094535828,0.4840112328529358,0.8995351195335388,0.9997997879981995,0.44040870666503906,0.6334913969039917,0.0748613029718399,0.9931711554527283,0.9998987913131714,0.31901833415031433,0.640501856803894,0.46805620193481445,0.8269668817520142,0.9995612502098083,0.44239282608032227,0.6428108811378479,0.03640103340148926,0.9793732762336731,0.9997182488441467,0.32984066009521484,0.6404155492782593,0.4612235724925995,0.8207459449768066,0.9995558857917786,0.43804553151130676,0.6428559422492981,0.062450096011161804,0.9766845107078552,0.9996926784515381,0.3317323625087738,0.638349175453186,0.4710192084312439,0.8409228324890137,0.9997120499610901,0.4350101053714752,0.6396156549453735,0.08208908140659332,0.9726528525352478,0.999826967716217,0.3368796110153198,0.4390407204627991,0.09554591774940491,0.9997860193252563,0.9994045495986938,0.39455294609069824,0.4473991394042969,-0.0955212265253067,0.9998785257339478,0.9999001026153564,0.37323978543281555,0.36688312888145447,0.024676863104104996,0.6907006502151489,0.9996764659881592,0.41197285056114197,0.3662254512310028,-0.1604541838169098,0.8960481882095337,0.9998668432235718,0.42913818359375,0.29973751306533813,0.112146757543087,0.4864446222782135,0.9995536208152771,0.4453670084476471,0.28628459572792053,-0.20362220704555511,0.8036103844642639,0.998980700969696,0.4528582692146301,0.2938886284828186,0.10902173817157745,0.6028465628623962,0.9993255138397217,0.46784740686416626,0.2810475528240204,-0.21979381144046783,0.688900351524353,0.998244047164917,0.41258570551872253,0.2721787095069885,0.020568544045090675,0.6075811386108398,0.997603714466095,0.4260707497596741,0.24840280413627625,-0.385275661945343,0.8199381232261658,0.9954610466957092
117,3978,True,0.42037343978881836,0.5717378258705139,0.2138739675283432,0.9994274377822876,0.9999634027481079,0.4228479564189911,0.5743044018745422,0.25614118576049805,0.9989787936210632,0.9999349117279053,0.42022377252578735,0.5738454461097717,0.25628238916397095,0.9985398650169373,0.9999234676361084,0.4176409840583801,0.5736874938011169,0.25646689534187317,0.9988957047462463,0.9999058246612549,0.43004465103149414,0.5704157948493958,0.2260941118001938,0.9995705485343933,0.9999562501907349,0.4320886433124542,0.5694209337234497,0.2257942408323288,0.9995228052139282,0.999962568283081,0.4329433739185333,0.5685304403305054,0.225797638297081,0.9996199607849121,0.9999643564224243,0.40572383999824524,0.563546359539032,0.3856161832809448,0.9983382821083069,0.9998915195465088,0.4335585832595825,0.5610357522964478,0.2591533660888672,0.9997365474700928,0.9999665021896362,0.4029823839664459,0.5670119524002075,0.25898391008377075,0.9990319609642029,0.9999169111251831,0.414236456155777,0.563944935798645,0.22102364897727966,0.9993141293525696,0.9999480247497559,0.35257238149642944,0.5415341854095459,0.43255335092544556,0.999713659286499,0.9997281432151794,0.4333142936229706,0.540854275226593,0.10953245311975479,0.9999532699584961,0.9999716281890869,0.3253341615200043,0.5856544375419617,0.4328945577144623,0.8245412707328796,0.9999010562896729,0.44288286566734314,0.589657187461853,-0.02072247676551342,0.9980698823928833,0.999955415725708,0.3188992738723755,0.6343092322349548,0.4176750183105469,0.8956845998764038,0.999467670917511,0.44097375869750977,0.6345540285110474,-0.004582901019603014,0.9929405450820923,0.9997195601463318,0.31962522864341736,0.6405206918716431,0.4023246467113495,0.8229190707206726,0.9989437460899353,0.44605958461761475,0.6428094506263733,-0.04701376333832741,0.9789201617240906,0.9992734789848328,0.3298311233520508,0.6404309272766113,0.3893847167491913,0.8168206214904785,0.9988619089126587,0.4384065866470337,0.642911434173584,-0.022726938128471375,0.9762012362480164,0.9991849064826965,0.33168458938598633,0.6384576559066772,0.4025331139564514,0.8373681306838989,0.9991925358772278,0.43541714549064636,0.6404438614845276,0.0017779634799808264,0.972186267375946,0.9994996786117554,0.33777299523353577,0.44026094675064087,0.10626779496669769,0.9997909069061279,0.998946487903595,0.39343148469924927,0.4476850628852844,-0.10623971372842789,0.9998815655708313,0.9997583031654358,0.37096914649009705,0.3668893277645111,0.05149519816040993,0.6867876052856445,0.9993127584457397,0.41191691160202026,0.36658480763435364,-0.15289269387722015,0.8946670889854431,0.9996832609176636,0.43017590045928955,0.296550989151001,0.13687510788440704,0.4909590184688568,0.9990795850753784,0.44617700576782227,0.28619274497032166,-0.18857121467590332,0.8053986430168152,0.9982444047927856,0.4528994560241699,0.290174663066864,0.13657380640506744,0.6115981936454773,0.9986245632171631,0.4681553244590759,0.28087174892425537,-0.2022877186536789,0.6919556260108948,0.9970478415489197,0.40724605321884155,0.26856452226638794,0.04379268363118172,0.6153308749198914,0.9961497783660889,0.42030006647109985,0.24783813953399658,-0.36718928813934326,0.8236022591590881,0.9935382008552551
118,4012,True,0.4255408048629761,0.5722171664237976,0.27654141187667847,0.9994721412658691,0.9999929666519165,0.42663341760635376,0.5741089582443237,0.3219216763973236,0.9990533590316772,0.9999884366989136,0.42432165145874023,0.5736485719680786,0.3220745027065277,0.9986470937728882,0.9999865293502808,0.42207497358322144,0.5734570622444153,0.3222964107990265,0.9989792108535767,0.999983549118042,0.4340033531188965,0.5707105398178101,0.2890525162220001,0.9996032118797302,0.9999920129776001,0.43567177653312683,0.5696491003036499,0.2887239158153534,0.9995592832565308,0.999993085861206,0.43686816096305847,0.5686959624290466,0.2887548804283142,0.9996492266654968,0.9999932050704956,0.41172730922698975,0.563440203666687,0.4495032727718353,0.9984589219093323,0.9999810457229614,0.43550869822502136,0.5608017444610596,0.30962520837783813,0.9997563362121582,0.9999936819076538,0.41201236844062805,0.5682674050331116,0.3195512592792511,0.9990996718406677,0.999980092048645,0.4208020865917206,0.5648061633110046,0.27772819995880127,0.9993588924407959,0.9999872446060181,0.3535751700401306,0.5414451956748962,0.49055859446525574,0.9997292160987854,0.9998981952667236,0.43386709690093994,0.5407999753952026,0.13314978778362274,0.9999563694000244,0.9999880790710449,0.3259730041027069,0.585884153842926,0.5071552991867065,0.8087289333343506,0.9999597072601318,0.44326794147491455,0.5897048711776733,0.01395041961222887,0.998046875,0.9999773502349854,0.32036688923835754,0.6343030333518982,0.5232032537460327,0.890603244304657,0.9997929930686951,0.44258254766464233,0.6345338225364685,0.028024371713399887,0.9927813410758972,0.9998422861099243,0.32236069440841675,0.6405251026153564,0.5135627388954163,0.8182741403579712,0.9995703101158142,0.44802936911582947,0.6427509784698486,-0.012338249944150448,0.9787241816520691,0.9996007084846497,0.33412033319473267,0.6404311060905457,0.5009559988975525,0.812096118927002,0.9995495676994324,0.4419640898704529,0.6422504186630249,0.01036129891872406,0.9759818911552429,0.9995573163032532,0.33527493476867676,0.6384732723236084,0.5088133215904236,0.8328570127487183,0.9996956586837769,0.4380396008491516,0.6402812004089355,0.03406296670436859,0.9719753861427307,0.9997348189353943,0.3377324342727661,0.4410233497619629,0.11607865244150162,0.9998038411140442,0.9995875954627991,0.3927243947982788,0.4480244517326355,-0.11594001203775406,0.9998890161514282,0.9999114274978638,0.3702411353588104,0.36661332845687866,0.06042084842920303,0.6930769681930542,0.9997605681419373,0.41124916076660156,0.366580605506897,-0.16617614030838013,0.8990716934204102,0.9998869895935059,0.4302894175052643,0.2946668267250061,0.12103041261434555,0.5063026547431946,0.9996541738510132,0.4483796954154968,0.2857351005077362,-0.22384166717529297,0.8139097690582275,0.9992944002151489,0.4517008066177368,0.2876303791999817,0.11525101959705353,0.6289596557617188,0.9994606375694275,0.4684276282787323,0.2797803282737732,-0.2400740683078766,0.7055277824401855,0.9987902045249939,0.40214043855667114,0.26538288593292236,0.014395685866475105,0.6327598094940186,0.9980904459953308,0.4220944344997406,0.24776466190814972,-0.40627196431159973,0.8327550888061523,0.9968050718307495
119,4046,True,0.4235788583755493,0.5731207728385925,0.25675439834594727,0.999506950378418,0.999987006187439,0.424477756023407,0.57419353723526,0.3003900349140167,0.9991075396537781,0.9999765157699585,0.42172083258628845,0.5737172961235046,0.30049747228622437,0.9987269043922424,0.999972939491272,0.4190981090068817,0.5734764337539673,0.30067169666290283,0.9990419149398804,0.9999675750732422,0.4323321580886841,0.5717242360115051,0.26937592029571533,0.9996269345283508,0.9999831914901733,0.43416115641593933,0.5706939697265625,0.2690379321575165,0.9995859265327454,0.9999853372573853,0.4357314705848694,0.5697303414344788,0.2690563499927521,0.9996707439422607,0.9999855756759644,0.4090566039085388,0.5648194551467896,0.42781850695610046,0.9985451698303223,0.9999654293060303,0.43468666076660156,0.5608298182487488,0.2950650453567505,0.999770998954773,0.9999871253967285,0.4117981493473053,0.5679544806480408,0.3001583516597748,0.9991523027420044,0.9999703168869019,0.41940838098526,0.5658411979675293,0.26062822341918945,0.9993944764137268,0.9999809265136719,0.3538188338279724,0.5422359704971313,0.46693721413612366,0.9997435808181763,0.999875545501709,0.4347091317176819,0.5408307313919067,0.13087120652198792,0.9999587535858154,0.9999833106994629,0.32761144638061523,0.5860425233840942,0.49198341369628906,0.7978252172470093,0.9999532699584961,0.44381192326545715,0.5902561545372009,0.018257033079862595,0.9979926943778992,0.9999728202819824,0.3221239745616913,0.6344026327133179,0.5121426582336426,0.8863435983657837,0.9997318387031555,0.4429176449775696,0.634743869304657,0.04262327402830124,0.9924049973487854,0.9998513460159302,0.32223427295684814,0.6407021880149841,0.5010674595832825,0.8140882849693298,0.9994311928749084,0.4499700367450714,0.6426674127578735,0.0053193336352705956,0.9779698848724365,0.9996045231819153,0.3339366912841797,0.6404973268508911,0.4877457022666931,0.8078456521034241,0.9994076490402222,0.4419166147708893,0.6422524452209473,0.028081469237804413,0.9751640558242798,0.9995664954185486,0.3351832926273346,0.6386533975601196,0.4974499046802521,0.8291227221488953,0.9996001124382019,0.4408695101737976,0.6401835083961487,0.04906884953379631,0.9711185693740845,0.9997374415397644,0.3358864188194275,0.4407874643802643,0.11420276761054993,0.9998149871826172,0.9996628761291504,0.3923282325267792,0.4480326771736145,-0.11409736424684525,0.9998947381973267,0.9999128580093384,0.3705742657184601,0.36434054374694824,0.061437029391527176,0.7002795338630676,0.9997400641441345,0.4090697467327118,0.3652166724205017,-0.16516664624214172,0.9011173248291016,0.9998706579208374,0.4269976317882538,0.2926139533519745,0.1274893879890442,0.522392988204956,0.9995331764221191,0.4490756094455719,0.28598731756210327,-0.19313174486160278,0.8206095099449158,0.9991556406021118,0.43866539001464844,0.2854790687561035,0.12349730730056763,0.6433579325675964,0.9992708563804626,0.4664873480796814,0.27998676896095276,-0.2064930647611618,0.7141556143760681,0.9985672235488892,0.3996114432811737,0.26405566930770874,0.021497197449207306,0.6487191915512085,0.9974314570426941,0.4233718514442444,0.2470744103193283,-0.3706270754337311,0.8398626446723938,0.9962137341499329
120,4080,True,0.43117982149124146,0.5750890374183655,0.13441267609596252,0.9995279312133789,0.9999451637268066,0.43285149335861206,0.5752796530723572,0.17273171246051788,0.9991433620452881,0.9999008178710938,0.4286979138851166,0.5749977827072144,0.1728638857603073,0.998777449131012,0.9998859167098999,0.4260008931159973,0.5748422145843506,0.17299345135688782,0.9990823864936829,0.9998630285263062,0.43860936164855957,0.5731054544448853,0.14079619944095612,0.9996429085731506,0.9999303817749023,0.4403822124004364,0.5719541311264038,0.14050127565860748,0.9996032118797302,0.9999397993087769,0.4419333040714264,0.569729745388031,0.1404539942741394,0.9996849298477173,0.9999431371688843,0.41433385014533997,0.5653330087661743,0.3002821207046509,0.9985976815223694,0.9998615980148315,0.4408401846885681,0.5610020160675049,0.16371725499629974,0.9997804760932922,0.9999510049819946,0.417981892824173,0.5698856711387634,0.18038469552993774,0.9991810321807861,0.9999033212661743,0.42740270495414734,0.5682252049446106,0.14027342200279236,0.9994128346443176,0.999933123588562,0.35443955659866333,0.5430763959884644,0.38059476017951965,0.9997531771659851,0.999797523021698,0.435638964176178,0.5405910611152649,0.005429682321846485,0.9999598264694214,0.9999688863754272,0.3276054263114929,0.5864876508712769,0.44373375177383423,0.7926806807518005,0.9998738765716553,0.4444039762020111,0.5901180505752563,-0.09557902812957764,0.9979699850082397,0.9999191761016846,0.3222302198410034,0.6348133683204651,0.5105252265930176,0.8835919499397278,0.999283492565155,0.4445624351501465,0.6351794004440308,-0.07710933685302734,0.9922661781311035,0.9995154142379761,0.32351288199424744,0.6409998536109924,0.45248913764953613,0.8112556338310242,0.998630940914154,0.4527603089809418,0.6426427960395813,-0.12314003705978394,0.9777889847755432,0.9989155530929565,0.33385029435157776,0.6406939625740051,0.45493578910827637,0.8053046464920044,0.9985021352767944,0.4474283754825592,0.6422427892684937,-0.10004597902297974,0.9750014543533325,0.9988095760345459,0.3350270092487335,0.6389070749282837,0.4691914916038513,0.8266737461090088,0.9988963603973389,0.4439980089664459,0.6401728391647339,-0.07093247771263123,0.9709558486938477,0.9991909861564636,0.33470872044563293,0.439059317111969,0.11477585136890411,0.9998218417167664,0.9993282556533813,0.39165186882019043,0.4470618665218353,-0.11472958326339722,0.9998970031738281,0.9997790455818176,0.3632366955280304,0.36440509557724,0.09691180288791656,0.7025997638702393,0.999487042427063,0.4058530032634735,0.3650044798851013,-0.12595577538013458,0.9030808806419373,0.9996763467788696,0.41362443566322327,0.293362021446228,0.19119033217430115,0.5416619181632996,0.999187171459198,0.4481395184993744,0.28598886728286743,-0.11941859871149063,0.827984631061554,0.9985799789428711,0.4219888150691986,0.28289926052093506,0.19328027963638306,0.6556791663169861,0.9987609386444092,0.45851820707321167,0.2797606289386749,-0.1264175921678543,0.7201313972473145,0.9977430105209351,0.38344132900238037,0.2633891701698303,0.07903499901294708,0.6639635562896729,0.9966557025909424,0.4183581471443176,0.24725544452667236,-0.29326581954956055,0.8467260599136353,0.9952127933502197
121,4114,True,0.4287954866886139,0.5762608647346497,0.26013559103012085,0.9995536804199219,0.9999866485595703,0.4300951659679413,0.5762103796005249,0.3038675785064697,0.9991843104362488,0.9999768733978271,0.4260360300540924,0.5758914947509766,0.3039661943912506,0.9988385438919067,0.9999736547470093,0.42323875427246094,0.5757175087928772,0.3041132390499115,0.9991321563720703,0.9999686479568481,0.4367181956768036,0.5748082399368286,0.2741297781467438,0.9996605515480042,0.9999828338623047,0.43863698840141296,0.5738470554351807,0.2737678289413452,0.99962317943573,0.9999850988388062,0.4404783546924591,0.572487473487854,0.2737904191017151,0.9997014403343201,0.9999853372573853,0.412502259016037,0.5663575530052185,0.4295642077922821,0.9986667633056641,0.999967098236084,0.43958917260169983,0.5631191730499268,0.3022071123123169,0.9997897744178772,0.9999868869781494,0.4145805239677429,0.5707517266273499,0.30247604846954346,0.9992124438285828,0.9999682903289795,0.4250354468822479,0.5701663494110107,0.26450908184051514,0.9994279146194458,0.9999778270721436,0.35542556643486023,0.544789731502533,0.46557503938674927,0.9997637867927551,0.9998664855957031,0.436721533536911,0.5422167181968689,0.14041362702846527,0.9999616742134094,0.9999819993972778,0.3272612988948822,0.5877307057380676,0.5199958086013794,0.7832276225090027,0.9999427795410156,0.44362109899520874,0.5910810828208923,0.05107216164469719,0.9977792501449585,0.9999626874923706,0.3218851387500763,0.6355473399162292,0.5758166909217834,0.8775877356529236,0.9996547698974609,0.444579154253006,0.6357347369194031,0.09357588738203049,0.9912856221199036,0.9997429251670837,0.32339906692504883,0.6419167518615723,0.569179892539978,0.8042172789573669,0.9993040561676025,0.4550328254699707,0.6425920128822327,0.06210422143340111,0.9758265614509583,0.9993656277656555,0.3313808739185333,0.6417157649993896,0.5552923083305359,0.798138439655304,0.9992659687995911,0.45138970017433167,0.6422120332717896,0.08265876770019531,0.9728602766990662,0.9992889165878296,0.3320698142051697,0.6399266123771667,0.5600190758705139,0.8201864361763,0.9994999170303345,0.4463672339916229,0.6403979659080505,0.09941434860229492,0.9686625003814697,0.9995551705360413,0.33419299125671387,0.4411807060241699,0.11006491631269455,0.9998273849487305,0.9995403289794922,0.3909592032432556,0.4481956958770752,-0.10995320230722427,0.999899685382843,0.9998705387115479,0.35634171962738037,0.3636170029640198,0.06632215529680252,0.7112852931022644,0.9997110962867737,0.40286514163017273,0.36559638381004333,-0.14213788509368896,0.906927227973938,0.9998600482940674,0.4044955372810364,0.2905727028846741,0.10909266024827957,0.5601938962936401,0.9995007514953613,0.43909093737602234,0.28363463282585144,-0.19110344350337982,0.8357576131820679,0.9992246627807617,0.4118497669696808,0.279634952545166,0.10315954685211182,0.6707768440246582,0.999241828918457,0.4575321078300476,0.2788369059562683,-0.20592635869979858,0.731042742729187,0.9987265467643738,0.37431326508522034,0.2600565254688263,-0.01154372002929449,0.6799364686012268,0.9973975419998169,0.41719579696655273,0.24602358043193817,-0.3741423189640045,0.8536102175712585,0.9965997338294983
122,4148,True,0.4283526837825775,0.5762326121330261,0.25642552971839905,0.9995748400688171,0.9999786615371704,0.4293440878391266,0.5760236978530884,0.3013613522052765,0.9992139935493469,0.9999634027481079,0.4258866310119629,0.5757626891136169,0.3014449179172516,0.9988826513290405,0.9999585151672363,0.42290565371513367,0.5756846070289612,0.30159491300582886,0.9991664886474609,0.9999516010284424,0.43596065044403076,0.5746480226516724,0.2686302959918976,0.9996727705001831,0.999972939491272,0.437913715839386,0.5737496614456177,0.2682860195636749,0.9996362924575806,0.9999761581420898,0.4398482143878937,0.5723103284835815,0.2683020532131195,0.9997121095657349,0.9999765157699585,0.4116675853729248,0.566261351108551,0.4324854910373688,0.9987198710441589,0.9999524354934692,0.4390917122364044,0.5629923343658447,0.29100531339645386,0.9997979998588562,0.9999796152114868,0.40908101201057434,0.5692450404167175,0.30100560188293457,0.9992484450340271,0.9999650716781616,0.4170965850353241,0.5679641962051392,0.25898975133895874,0.9994509220123291,0.9999755620956421,0.3554418683052063,0.5445964336395264,0.47244712710380554,0.9997775554656982,0.999883770942688,0.43679988384246826,0.5402982831001282,0.12228674441576004,0.9999634623527527,0.9999780654907227,0.32775941491127014,0.5842715501785278,0.517692506313324,0.7765092849731445,0.9999490976333618,0.44385668635368347,0.590872585773468,0.006146091036498547,0.9977978467941284,0.9999592304229736,0.3209972381591797,0.6349324584007263,0.5538939237594604,0.8745516538619995,0.9996596574783325,0.44421154260635376,0.6357190012931824,0.030286887660622597,0.991255521774292,0.9997506737709045,0.3233306407928467,0.6413959264755249,0.5449241399765015,0.8006405234336853,0.9992610812187195,0.45170342922210693,0.6426488161087036,-0.006740259006619453,0.9757826924324036,0.9993568062782288,0.33035552501678467,0.641674280166626,0.5297346711158752,0.79450923204422,0.9992345571517944,0.4489346742630005,0.6423484683036804,0.01525120995938778,0.972801923751831,0.9993119239807129,0.33207014203071594,0.6396715641021729,0.5386969447135925,0.8170205354690552,0.9994751811027527,0.44327735900878906,0.6404239535331726,0.03622923418879509,0.9685701131820679,0.9995577931404114,0.3329043686389923,0.43706172704696655,0.10998204350471497,0.9998363852500916,0.9996026158332825,0.38833650946617126,0.4447707235813141,-0.10987936705350876,0.999902606010437,0.9998223185539246,0.3477935492992401,0.357843816280365,0.06900465488433838,0.7167659401893616,0.9995964169502258,0.39542156457901,0.358505517244339,-0.14412689208984375,0.906961977481842,0.9997228980064392,0.38737809658050537,0.27936694025993347,0.11177822947502136,0.5762889981269836,0.9989173412322998,0.4264112710952759,0.2773701548576355,-0.1860845983028412,0.8379775881767273,0.9984847903251648,0.39072635769844055,0.26535287499427795,0.10475878417491913,0.6827921271324158,0.9982258677482605,0.43377813696861267,0.27033933997154236,-0.2001233696937561,0.7355831861495972,0.997471809387207,0.3531203269958496,0.25474876165390015,-0.01638909801840782,0.6925643086433411,0.994522213935852,0.40809714794158936,0.24312584102153778,-0.36755478382110596,0.8561765551567078,0.993938684463501
123,4182,True,0.4287811815738678,0.5764724016189575,0.32043054699897766,0.9996121525764465,0.9999978542327881,0.4296261668205261,0.5761711001396179,0.3713264465332031,0.9992821216583252,0.9999969005584717,0.42674747109413147,0.5757966041564941,0.37139061093330383,0.9989790916442871,0.9999966621398926,0.424150675535202,0.5755907297134399,0.3715657591819763,0.9992401003837585,0.9999963045120239,0.43673011660575867,0.5749768614768982,0.3376680016517639,0.9997012615203857,0.9999974966049194,0.4384985566139221,0.5740907788276672,0.337294340133667,0.9996678233146667,0.999997615814209,0.4402901828289032,0.572863757610321,0.3373757600784302,0.9997369647026062,0.999997615814209,0.4133753180503845,0.5660628080368042,0.5072354078292847,0.9988341927528381,0.9999966621398926,0.44054654240608215,0.5631290674209595,0.3617427349090576,0.9998148679733276,0.9999979734420776,0.41291651129722595,0.5701078772544861,0.3636489510536194,0.9993091821670532,0.9999951124191284,0.4220503866672516,0.5697734951972961,0.32009032368659973,0.9994909763336182,0.9999958276748657,0.3575402498245239,0.5443702936172485,0.5344147682189941,0.9997934699058533,0.9999744892120361,0.4375748038291931,0.5408060550689697,0.18111184239387512,0.9999659657478333,0.9999915361404419,0.32862594723701477,0.5848190784454346,0.5934444665908813,0.7607758045196533,0.9999797344207764,0.44209831953048706,0.5947017669677734,0.08219119161367416,0.9977483749389648,0.9999736547470093,0.3209822177886963,0.6351591348648071,0.6803556680679321,0.8667391538619995,0.9998451471328735,0.4443661868572235,0.635980486869812,0.12493593245744705,0.9905715584754944,0.9997273087501526,0.32341015338897705,0.6417555212974548,0.6818713545799255,0.7918270826339722,0.9996603727340698,0.45601725578308105,0.6432062387466431,0.09679212421178818,0.974227786064148,0.999351441860199,0.330270916223526,0.6419206857681274,0.6680583357810974,0.7853845953941345,0.9996434450149536,0.4545050263404846,0.6423385143280029,0.11712992191314697,0.9710326790809631,0.999281108379364,0.33334678411483765,0.6398177146911621,0.6666125655174255,0.808322012424469,0.9997681975364685,0.44823217391967773,0.6405490040779114,0.1308649778366089,0.9666057825088501,0.9995449185371399,0.33310601115226746,0.4386999011039734,0.11027426272630692,0.9998489022254944,0.9998689889907837,0.38737648725509644,0.4456774592399597,-0.110077403485775,0.9999082684516907,0.999931812286377,0.3358481824398041,0.3565557301044464,0.060787636786699295,0.735702395439148,0.9998883008956909,0.3959237039089203,0.35887181758880615,-0.1836770623922348,0.9146712422370911,0.999900221824646,0.35888731479644775,0.2726912200450897,0.03563118353486061,0.6104277968406677,0.999636173248291,0.45667770504951477,0.2858554422855377,-0.25091657042503357,0.8501853942871094,0.999404788017273,0.37653520703315735,0.2611834704875946,0.018500132486224174,0.7073547840118408,0.9993600249290466,0.4752746522426605,0.28429368138313293,-0.26757317781448364,0.7551928162574768,0.999058187007904,0.3191602826118469,0.24267180263996124,-0.11986802518367767,0.7175580859184265,0.997211754322052,0.43710657954216003,0.24483506381511688,-0.42715224623680115,0.8665289878845215,0.9970681071281433
124,4216,True,0.42783835530281067,0.5763322710990906,0.3126237988471985,0.9996439218521118,0.9999964237213135,0.4285113513469696,0.576052188873291,0.3634115755558014,0.9993366599082947,0.9999947547912598,0.4256185293197632,0.5756694078445435,0.36348816752433777,0.9990558624267578,0.9999942779541016,0.4231477975845337,0.5754508972167969,0.36365967988967896,0.9992995262145996,0.9999936819076538,0.4359850287437439,0.5748523473739624,0.329056054353714,0.9997246861457825,0.9999957084655762,0.43777698278427124,0.5739964842796326,0.3287056088447571,0.9996936321258545,0.9999960660934448,0.43964144587516785,0.5729779601097107,0.3287821412086487,0.9997571706771851,0.9999960660934448,0.4141401946544647,0.5660868883132935,0.49613550305366516,0.9989294409751892,0.9999943971633911,0.44019901752471924,0.563274621963501,0.3468727469444275,0.9998287558555603,0.999996542930603,0.4144837260246277,0.5706086754798889,0.3545416295528412,0.9993610382080078,0.9999940395355225,0.42332717776298523,0.5703920125961304,0.3099697232246399,0.9995263814926147,0.9999951124191284,0.36126279830932617,0.5443617105484009,0.5168858766555786,0.9998098611831665,0.9999806880950928,0.4377503991127014,0.5411621332168579,0.1637752205133438,0.9999684691429138,0.9999929666519165,0.3298071324825287,0.5843740105628967,0.5528813004493713,0.7524756789207458,0.999984622001648,0.4417833089828491,0.5977687239646912,0.03807263821363449,0.9977676868438721,0.999980092048645,0.3227922022342682,0.6346474289894104,0.6149915456771851,0.8635583519935608,0.9998700618743896,0.4441964030265808,0.6368535757064819,0.06200971454381943,0.9904849529266357,0.9997749924659729,0.3253369927406311,0.6409849524497986,0.611493706703186,0.7883996963500977,0.9996976852416992,0.45390579104423523,0.6434831023216248,0.025802867487072945,0.9738587141036987,0.9994390606880188,0.3309885561466217,0.6413091421127319,0.5985714197158813,0.7817246913909912,0.9996824264526367,0.45389044284820557,0.6426941156387329,0.04938827082514763,0.970519483089447,0.9993987083435059,0.33340829610824585,0.6395392417907715,0.6011351943016052,0.8045650124549866,0.999796450138092,0.4473186433315277,0.6413263082504272,0.068398617208004,0.9659980535507202,0.999622106552124,0.3358622193336487,0.4401019215583801,0.11003205925226212,0.9998615384101868,0.999900221824646,0.385114848613739,0.4473530650138855,-0.10982777178287506,0.9999145865440369,0.9999408721923828,0.329667866230011,0.35735803842544556,0.04557766765356064,0.7548690438270569,0.9998717308044434,0.39221182465553284,0.363622784614563,-0.198313906788826,0.9214311242103577,0.9998669624328613,0.3324069678783417,0.2744310200214386,0.024831244722008705,0.6413195729255676,0.9995157718658447,0.45937731862068176,0.2894248962402344,-0.25151169300079346,0.860467255115509,0.9992486834526062,0.3573305010795593,0.2646874487400055,0.008809799328446388,0.7281680107116699,0.9991505146026611,0.4830058217048645,0.29273736476898193,-0.26722824573516846,0.7720557451248169,0.9988293051719666,0.30959779024124146,0.24513304233551025,-0.12693971395492554,0.7392253875732422,0.9965007305145264,0.45272111892700195,0.25172707438468933,-0.4245561957359314,0.8750145435333252,0.9966177344322205
125,4250,True,0.42741966247558594,0.578892707824707,0.22988255321979523,0.9996764659881592,0.9999972581863403,0.42807596921920776,0.5785976648330688,0.2835777699947357,0.9993960857391357,0.9999964237213135,0.4255320131778717,0.5781899690628052,0.2835860550403595,0.9991401433944702,0.9999963045120239,0.42343512177467346,0.5780454874038696,0.28367477655410767,0.9993623495101929,0.9999960660934448,0.4356810748577118,0.5782865285873413,0.2399919033050537,0.9997497797012329,0.9999967813491821,0.4373483955860138,0.577499270439148,0.23966217041015625,0.9997216463088989,0.9999969005584717,0.4392087757587433,0.576965868473053,0.23972974717617035,0.9997788071632385,0.9999967813491821,0.4155605435371399,0.5689346194267273,0.4411310851573944,0.999028742313385,0.9999971389770508,0.43978479504585266,0.5674196481704712,0.24488428235054016,0.9998443722724915,0.999997615814209,0.41488856077194214,0.5721210241317749,0.2797756791114807,0.9994178414344788,0.9999963045120239,0.4229661822319031,0.572509765625,0.22341255843639374,0.999567985534668,0.999996542930603,0.3616636097431183,0.5444056987762451,0.49704471230506897,0.999826967716217,0.9999933242797852,0.44001927971839905,0.5413477420806885,0.0625447928905487,0.9999710917472839,0.9999954700469971,0.33236193656921387,0.581902265548706,0.5191612243652344,0.7391417026519775,0.9999889135360718,0.4418012499809265,0.5990430116653442,-0.07622383534908295,0.9978561401367188,0.9999819993972778,0.3267289698123932,0.6334799528121948,0.5579947233200073,0.8591381311416626,0.9999126195907593,0.44427111744880676,0.6370788216590881,-0.06086431443691254,0.9906967282295227,0.9997957348823547,0.33100271224975586,0.6397277116775513,0.5503976941108704,0.7843756079673767,0.9997878670692444,0.45374900102615356,0.6434759497642517,-0.10572892427444458,0.9742943048477173,0.9995113611221313,0.3359649181365967,0.6400552988052368,0.537449836730957,0.7775825262069702,0.9997764229774475,0.45294639468193054,0.6427088975906372,-0.07502999156713486,0.9709393978118896,0.9995026588439941,0.33668386936187744,0.638571560382843,0.5439010858535767,0.8001052737236023,0.9998557567596436,0.44685786962509155,0.6413188576698303,-0.05197768285870552,0.9663609266281128,0.9996699094772339,0.33568283915519714,0.44040971994400024,0.1193743571639061,0.9998750686645508,0.9999743700027466,0.3846919536590576,0.4466021955013275,-0.1191534772515297,0.9999223351478577,0.9999719858169556,0.3238275647163391,0.358020156621933,0.050142981112003326,0.7747945785522461,0.9999487400054932,0.39366039633750916,0.363319993019104,-0.18463726341724396,0.9276149868965149,0.9998946189880371,0.313174307346344,0.27019017934799194,0.06033971160650253,0.6735618114471436,0.9996575117111206,0.4738514721393585,0.3087154030799866,-0.11530175805091858,0.8701557517051697,0.999518871307373,0.32930058240890503,0.2576126158237457,0.049068350344896317,0.7498703598976135,0.999311089515686,0.49400657415390015,0.3065950870513916,-0.1171661913394928,0.7886234521865845,0.9993181228637695,0.27442896366119385,0.2470063865184784,-0.0860113725066185,0.7616806626319885,0.9971613883972168,0.47089627385139465,0.2747200131416321,-0.24082942306995392,0.883328378200531,0.9980677962303162
126,4284,True,0.4265049397945404,0.5793164968490601,0.2551555335521698,0.9997022747993469,0.9999970197677612,0.4267895221710205,0.5793229341506958,0.30921778082847595,0.9994466304779053,0.9999966621398926,0.4247625470161438,0.5788651704788208,0.30916693806648254,0.999210774898529,0.9999966621398926,0.423196017742157,0.5786882638931274,0.3092251121997833,0.9994156956672668,0.9999964237213135,0.4337696433067322,0.5808318853378296,0.26946917176246643,0.9997708797454834,0.9999969005584717,0.43624347448349,0.578773558139801,0.26911404728889465,0.9997453093528748,0.9999970197677612,0.43803146481513977,0.578406810760498,0.26916444301605225,0.9997968673706055,0.9999967813491821,0.41488105058670044,0.5692441463470459,0.45825496315956116,0.999115526676178,0.9999973773956299,0.43947833776474,0.5688641667366028,0.2813858687877655,0.9998573660850525,0.999997615814209,0.40792351961135864,0.5722606182098389,0.3036109209060669,0.9994630217552185,0.9999948740005493,0.4226302206516266,0.5730605721473694,0.2506692707538605,0.9995997548103333,0.9999951124191284,0.36203476786613464,0.5443447828292847,0.49932530522346497,0.9998407363891602,0.9999904632568359,0.44092175364494324,0.5436260104179382,0.10542520880699158,0.9999731779098511,0.9999940395355225,0.33429890871047974,0.5821142792701721,0.5428823828697205,0.7135328054428101,0.9999922513961792,0.4416133761405945,0.5990902185440063,-0.008407662622630596,0.9977590441703796,0.9999878406524658,0.3307094871997833,0.633231520652771,0.5743696689605713,0.8468923568725586,0.9999208450317383,0.4441066384315491,0.6379147171974182,0.03448343649506569,0.9898999333381653,0.9998067021369934,0.33729445934295654,0.6396167278289795,0.5677815079689026,0.7729533910751343,0.9997990727424622,0.4541507363319397,0.6436076760292053,-0.002840668661519885,0.9726536273956299,0.9995021820068359,0.3416614234447479,0.639863133430481,0.553884744644165,0.7661436796188354,0.9997913241386414,0.4523044526576996,0.6429039239883423,0.02480166032910347,0.9690673351287842,0.9994879961013794,0.34139284491539,0.6384365558624268,0.5596151351928711,0.7891628742218018,0.999871015548706,0.44652897119522095,0.6417741775512695,0.04320814087986946,0.96422278881073,0.9996798038482666,0.3363858461380005,0.44058123230934143,0.11785419285297394,0.9998874068260193,0.9999887943267822,0.384391188621521,0.44747263193130493,-0.11763422936201096,0.9999296069145203,0.999987006187439,0.30784162878990173,0.35846880078315735,0.015611516311764717,0.7919409275054932,0.9999550580978394,0.38116776943206787,0.37684252858161926,-0.19736868143081665,0.9324098229408264,0.9999045133590698,0.2832851707935333,0.27115577459335327,-0.02160010114312172,0.6999688148498535,0.999556839466095,0.4719139039516449,0.34121742844581604,-0.12169428914785385,0.8732898831367493,0.9992761015892029,0.29681503772735596,0.257363885641098,-0.03803016245365143,0.7683671116828918,0.999079704284668,0.4907507300376892,0.3409399092197418,-0.14519788324832916,0.8008251786231995,0.9990436434745789,0.23277394473552704,0.2523398995399475,-0.16384045779705048,0.7802359461784363,0.996145486831665,0.46649178862571716,0.3154338002204895,-0.27014514803886414,0.8867090344429016,0.9973548650741577
127,4318,True,0.4261534512042999,0.5801014304161072,0.1955852061510086,0.9997286200523376,0.9999970197677612,0.42653656005859375,0.5803970098495483,0.2475898712873459,0.9994964003562927,0.9999966621398926,0.4244910776615143,0.5799345374107361,0.24753956496715546,0.9992812871932983,0.9999966621398926,0.4226505160331726,0.5797680616378784,0.2476029098033905,0.9994680285453796,0.999996542930603,0.43368110060691833,0.5811877846717834,0.20735053718090057,0.9997914433479309,0.9999966621398926,0.4360179603099823,0.5799859166145325,0.2070358842611313,0.9997682571411133,0.9999966621398926,0.4379340410232544,0.5796939134597778,0.20707836747169495,0.9998144507408142,0.9999964237213135,0.41528481245040894,0.5701693296432495,0.4056440591812134,0.9991976022720337,0.9999974966049194,0.439482718706131,0.5699352622032166,0.22582446038722992,0.9998701214790344,0.9999971389770508,0.4069645404815674,0.5724735856056213,0.24826520681381226,0.9995105266571045,0.9999959468841553,0.42243143916130066,0.5735093355178833,0.1954105794429779,0.9996343851089478,0.9999957084655762,0.3628593981266022,0.5445932149887085,0.47470176219940186,0.9998549222946167,0.9999943971633911,0.4422842562198639,0.5445845723152161,0.058364152908325195,0.9999752640724182,0.9999940395355225,0.3356541693210602,0.5810511112213135,0.5196301937103271,0.6991909146308899,0.9999922513961792,0.4411796033382416,0.5995043516159058,-0.057412873953580856,0.9978190660476685,0.999987006187439,0.33276885747909546,0.6327324509620667,0.5125629901885986,0.8422284722328186,0.9999496936798096,0.4425080716609955,0.6380069255828857,-0.011577309109270573,0.9899518489837646,0.9998916387557983,0.34107792377471924,0.6395183801651001,0.5026588439941406,0.7691794037818909,0.9998735189437866,0.4521886706352234,0.6435926556587219,-0.053449954837560654,0.9727504253387451,0.9997276663780212,0.345521479845047,0.6396363973617554,0.4892435371875763,0.7622445821762085,0.9998644590377808,0.4460706412792206,0.6429036855697632,-0.022950103506445885,0.9691280126571655,0.9997187256813049,0.3445836305618286,0.6380744576454163,0.4980430603027344,0.784779965877533,0.9999150037765503,0.44638824462890625,0.6417627930641174,-0.001230771653354168,0.9641096591949463,0.9998168349266052,0.33340325951576233,0.4405725598335266,0.11812528967857361,0.9998986124992371,0.9999915361404419,0.3838442862033844,0.4476252496242523,-0.11789442598819733,0.9999362826347351,0.9999856948852539,0.28715354204177856,0.360912024974823,0.01907835341989994,0.8088201880455017,0.9999614953994751,0.37264344096183777,0.3760063350200653,-0.17427894473075867,0.9370172023773193,0.9998867511749268,0.2509220242500305,0.2738052010536194,0.02232561632990837,0.7260581851005554,0.9995456337928772,0.4692486524581909,0.34444722533226013,-0.03652722388505936,0.8755550384521484,0.9993374943733215,0.2605586647987366,0.2614101469516754,0.01189417578279972,0.7855978608131409,0.9990449547767639,0.4876924753189087,0.34593576192855835,-0.029316287487745285,0.8104713559150696,0.9991835951805115,0.19614697992801666,0.25984251499176025,-0.11187723278999329,0.7981837391853333,0.9963263869285583,0.4623067080974579,0.3169938325881958,-0.10238481312990189,0.8890715837478638,0.9980050921440125
128,4352,True,0.42691123485565186,0.5828118920326233,0.2463771402835846,0.9997513294219971,0.9999984502792358,0.42654407024383545,0.5834171772003174,0.30318766832351685,0.9995404481887817,0.9999983310699463,0.4247228801250458,0.5830968618392944,0.3030930459499359,0.9993432760238647,0.9999984502792358,0.4223787188529968,0.5808993577957153,0.30315232276916504,0.9995146989822388,0.9999984502792358,0.4339688718318939,0.5835518836975098,0.26224058866500854,0.9998096227645874,0.9999983310699463,0.4361373484134674,0.5829461812973022,0.2618946135044098,0.9997885823249817,0.9999983310699463,0.43804502487182617,0.5827245116233826,0.26194363832473755,0.9998299479484558,0.9999982118606567,0.4162638485431671,0.5710865259170532,0.46583908796310425,0.9992722868919373,0.9999990463256836,0.44099414348602295,0.5729709267616272,0.2843605577945709,0.9998811483383179,0.9999988079071045,0.40718239545822144,0.5733799934387207,0.30016595125198364,0.999552309513092,0.9999983310699463,0.4259076416492462,0.5763790607452393,0.24555125832557678,0.9996650218963623,0.9999983310699463,0.3657397925853729,0.5445395708084106,0.5237833857536316,0.9998676776885986,0.9999973773956299,0.4448356628417969,0.5458805561065674,0.11377610266208649,0.9999773502349854,0.9999973773956299,0.33633509278297424,0.5795326232910156,0.6007411479949951,0.6701778173446655,0.9999973773956299,0.44121330976486206,0.6053889393806458,0.02160060964524746,0.9977442622184753,0.9999939203262329,0.332261860370636,0.6320405006408691,0.6623691320419312,0.8250799179077148,0.9999802112579346,0.44131678342819214,0.6385225653648376,0.09421714395284653,0.9886003136634827,0.9999468326568604,0.3392462134361267,0.6390842199325562,0.664723813533783,0.7516738176345825,0.9999487400054932,0.43138381838798523,0.6504396796226501,0.061606135219335556,0.9697102904319763,0.99985671043396,0.34427565336227417,0.6395713686943054,0.649150013923645,0.7446076273918152,0.9999467134475708,0.4445277750492096,0.6428092122077942,0.08886484801769257,0.9656404852867126,0.9998522996902466,0.34411805868148804,0.6377872228622437,0.6493496298789978,0.7675061821937561,0.9999682903289795,0.44458356499671936,0.6417561173439026,0.10381229966878891,0.9598950147628784,0.9999091625213623,0.3331144154071808,0.43961992859840393,0.12703418731689453,0.9999086856842041,0.9999985694885254,0.38317227363586426,0.4494609236717224,-0.12668673694133759,0.9999424815177917,0.9999973773956299,0.27213335037231445,0.36377429962158203,0.07850932329893112,0.8246281147003174,0.9999831914901733,0.364808052778244,0.3893044888973236,-0.24253860116004944,0.9417577385902405,0.9999511241912842,0.22244513034820557,0.27903175354003906,0.04151592403650284,0.748690128326416,0.9998014569282532,0.4720205068588257,0.37063273787498474,-0.20192526280879974,0.8782777786254883,0.9996650218963623,0.23382557928562164,0.262398898601532,0.03178945183753967,0.8029522895812988,0.9996219873428345,0.49302834272384644,0.37265118956565857,-0.2015349119901657,0.8222156167030334,0.9995914101600647,0.16778631508350372,0.2696561813354492,-0.09464971721172333,0.8147454857826233,0.998276948928833,0.4655795991420746,0.3508670926094055,-0.2230370044708252,0.8930011987686157,0.9989184141159058
129,4386,True,0.42585912346839905,0.5784539580345154,0.22084642946720123,0.9997742772102356,0.9999992847442627,0.4263654053211212,0.5763715505599976,0.2777230441570282,0.9995846152305603,0.9999992847442627,0.42448514699935913,0.5756114721298218,0.27760714292526245,0.9994058012962341,0.9999994039535522,0.42210128903388977,0.5744964480400085,0.2776627540588379,0.9995609521865845,0.9999994039535522,0.4334754943847656,0.5771056413650513,0.23650339245796204,0.9998276829719543,0.9999992847442627,0.43564486503601074,0.5768476128578186,0.2361355870962143,0.9998084902763367,0.9999992847442627,0.4381500780582428,0.5759444236755371,0.2361650913953781,0.9998456835746765,0.9999991655349731,0.4158999025821686,0.5647281408309937,0.45962417125701904,0.9993427395820618,0.9999996423721313,0.4407702088356018,0.5662474632263184,0.26243579387664795,0.9998921155929565,0.9999994039535522,0.4084872007369995,0.5695822238922119,0.27571529150009155,0.9995943307876587,0.9999994039535522,0.425412654876709,0.5718719363212585,0.22097697854042053,0.9996954202651978,0.9999992847442627,0.365425705909729,0.5370885133743286,0.5058431625366211,0.9998800158500671,0.9999990463256836,0.44464531540870667,0.5430459380149841,0.09493628889322281,0.9999793767929077,0.999998927116394,0.3363267779350281,0.5750840306282043,0.5635230541229248,0.6451261639595032,0.9999983310699463,0.4408181607723236,0.6044045686721802,-0.01363455317914486,0.9977653622627258,0.9999951124191284,0.3321012556552887,0.63011634349823,0.603727400302887,0.8163599967956543,0.9999810457229614,0.4420377016067505,0.6367321610450745,-0.021398991346359253,0.9886778593063354,0.9999209642410278,0.3387131690979004,0.6377447247505188,0.600856363773346,0.745691180229187,0.9999500513076782,0.438265323638916,0.6462074518203735,-0.06963774561882019,0.9702727794647217,0.9997945427894592,0.3428279161453247,0.638883650302887,0.5827951431274414,0.7388532757759094,0.9999487400054932,0.4470577538013458,0.64229416847229,-0.042978182435035706,0.9663085341453552,0.9998013377189636,0.3420564532279968,0.6367803812026978,0.5885619521141052,0.761294424533844,0.9999688863754272,0.4451228380203247,0.6407037973403931,-0.01394195668399334,0.9605113863945007,0.9998664855957031,0.3290915787220001,0.4333574175834656,0.12487228214740753,0.9999178051948547,0.9999986886978149,0.3790209889411926,0.4444914758205414,-0.1245473101735115,0.9999480843544006,0.9999977350234985,0.25045812129974365,0.3656138777732849,0.09136830270290375,0.8403275012969971,0.9999911785125732,0.3708677887916565,0.3950424790382385,-0.21989069879055023,0.946885347366333,0.9999678134918213,0.18671144545078278,0.2869695723056793,0.061777301132678986,0.7719629406929016,0.9998175501823425,0.47944337129592896,0.3758964240550995,-0.08974452316761017,0.8851401805877686,0.9997468590736389,0.19242703914642334,0.26797860860824585,0.04736411198973656,0.8198534846305847,0.999634861946106,0.4989154040813446,0.3755532205104828,-0.08040311932563782,0.8357095718383789,0.9997310042381287,0.11934584379196167,0.28551939129829407,-0.08420620858669281,0.8312909007072449,0.9984762072563171,0.4780022203922272,0.35797664523124695,-0.13689963519573212,0.8985411524772644,0.9992876648902893
130,4420,True,0.4249593913555145,0.5788263082504272,0.22890019416809082,0.9997918605804443,0.9999979734420776,0.42626872658729553,0.5774099826812744,0.2859242856502533,0.9996213316917419,0.9999973773956299,0.42236053943634033,0.5767903327941895,0.2858352065086365,0.999457061290741,0.9999974966049194,0.4201369285583496,0.5760778188705444,0.28588563203811646,0.9995998740196228,0.9999973773956299,0.432850182056427,0.5781157612800598,0.24244043231010437,0.9998424053192139,0.9999973773956299,0.4350259006023407,0.5779739618301392,0.2420530766248703,0.9998247027397156,0.9999974966049194,0.4373522102832794,0.5774670243263245,0.24207165837287903,0.9998584389686584,0.9999972581863403,0.4157577157020569,0.5669877529144287,0.4520453214645386,0.9994027018547058,0.9999980926513672,0.44057708978652954,0.5686622858047485,0.26249203085899353,0.9999004006385803,0.9999978542327881,0.41010546684265137,0.5712208151817322,0.2820661664009094,0.9996224641799927,0.9999959468841553,0.42518043518066406,0.5729471445083618,0.22297286987304688,0.9997133612632751,0.9999958276748657,0.3651846945285797,0.5320060849189758,0.5053974390029907,0.9998888373374939,0.9999922513961792,0.4444408416748047,0.5441874861717224,0.10167159885168076,0.9999805092811584,0.9999948740005493,0.3361891210079193,0.5750932693481445,0.5787578225135803,0.6161350011825562,0.9999927282333374,0.4399895668029785,0.6074420809745789,0.05453487113118172,0.9971446394920349,0.9999886751174927,0.3312026560306549,0.6297422647476196,0.6107913255691528,0.7894644737243652,0.9999485015869141,0.4428067207336426,0.6367185115814209,0.17912408709526062,0.9834722876548767,0.9998743534088135,0.3442990481853485,0.6376169919967651,0.619769811630249,0.720740020275116,0.9998912811279297,0.4494878649711609,0.6448003649711609,0.15681569278240204,0.9610155820846558,0.9996904134750366,0.3423595726490021,0.638713002204895,0.5985873937606812,0.7139590382575989,0.9998805522918701,0.4546610116958618,0.641812801361084,0.18305039405822754,0.956288754940033,0.9996792078018188,0.3459319472312927,0.6362138390541077,0.5954301357269287,0.7366172075271606,0.9999243021011353,0.446186900138855,0.6402937173843384,0.19008000195026398,0.9496371746063232,0.9997984766960144,0.328556090593338,0.4338635504245758,0.1289752572774887,0.9999259114265442,0.9999934434890747,0.37760430574417114,0.4460325241088867,-0.1285923272371292,0.9999526739120483,0.9999904632568359,0.19241614639759064,0.37658941745758057,0.044635262340307236,0.8537477254867554,0.9999704360961914,0.36273351311683655,0.4143456518650055,-0.27335911989212036,0.9516115188598633,0.9999282360076904,0.14532087743282318,0.30867713689804077,-0.05160612612962723,0.792584240436554,0.9997056126594543,0.48413556814193726,0.39666593074798584,-0.24118131399154663,0.89225172996521,0.9995831847190857,0.15341423451900482,0.28959694504737854,-0.07074034214019775,0.8348517417907715,0.9995226860046387,0.5056014657020569,0.395898699760437,-0.23947404325008392,0.8477627038955688,0.9995985627174377,0.08737172186374664,0.30708110332489014,-0.1896837204694748,0.8458650708198547,0.9981378316879272,0.4885181486606598,0.3824606239795685,-0.2826240658760071,0.9039291739463806,0.9990123510360718
131,4454,True,0.4250820577144623,0.5817400217056274,0.005840092431753874,0.999809205532074,0.9999922513961792,0.4263470470905304,0.5819283127784729,0.04707694426178932,0.9996559023857117,0.9999897480010986,0.423359215259552,0.5815081596374512,0.04702339321374893,0.9995058178901672,0.9999908208847046,0.4218866229057312,0.581219494342804,0.04700000584125519,0.9996358752250671,0.9999908208847046,0.4329697787761688,0.5819427967071533,0.0020828002598136663,0.9998562335968018,0.9999877214431763,0.43504273891448975,0.5816443562507629,0.0018260031938552856,0.9998395442962646,0.999987006187439,0.43731197714805603,0.5812045335769653,0.0018277853960171342,0.9998697638511658,0.9999854564666748,0.41718214750289917,0.5698729753494263,0.19545787572860718,0.9994582533836365,0.9999940395355225,0.4409056007862091,0.5717624425888062,-0.007502698805183172,0.9999081492424011,0.9999878406524658,0.4121960401535034,0.5747379064559937,0.05848146975040436,0.9996540546417236,0.9999908208847046,0.4250315725803375,0.5754013657569885,-0.0008567089098505676,0.9997353553771973,0.9999874830245972,0.3682076036930084,0.5334762334823608,0.3082590401172638,0.9998981952667236,0.9999940395355225,0.44436806440353394,0.5448936223983765,-0.13795678317546844,0.999980628490448,0.9999797344207764,0.3397270739078522,0.5760506391525269,0.40357932448387146,0.589930534362793,0.999984860420227,0.43879377841949463,0.6063121557235718,-0.19386395812034607,0.9970175623893738,0.9999366998672485,0.3370695114135742,0.6298697590827942,0.39850205183029175,0.7635706067085266,0.9998724460601807,0.44300514459609985,0.636743426322937,-0.11804018914699554,0.9828208088874817,0.9996602535247803,0.3469763994216919,0.6374745965003967,0.40871742367744446,0.700249195098877,0.9997376799583435,0.4518122375011444,0.6437425017356873,-0.15800607204437256,0.960327684879303,0.9993882179260254,0.3501088321208954,0.63868248462677,0.37799933552742004,0.693784236907959,0.9997033476829529,0.45559489727020264,0.6415783166885376,-0.13387945294380188,0.9555985331535339,0.9993916749954224,0.34983745217323303,0.6362236738204956,0.38128361105918884,0.7163190841674805,0.9997920393943787,0.4460970163345337,0.6402323246002197,-0.10856152325868607,0.9484397768974304,0.9995335340499878,0.3286714255809784,0.43414583802223206,0.1367032378911972,0.9999333024024963,0.9999929666519165,0.3780331015586853,0.44446173310279846,-0.13651958107948303,0.9999569058418274,0.9999653100967407,0.19023717939853668,0.3839527368545532,0.03219226002693176,0.8668389916419983,0.9999709129333496,0.3669308125972748,0.40386638045310974,-0.2385995090007782,0.9559978246688843,0.9997629523277283,0.12378351390361786,0.3295155465602875,0.013341518118977547,0.8121240735054016,0.9995406866073608,0.48205798864364624,0.39542993903160095,0.043594878166913986,0.8976827263832092,0.9992290735244751,0.12590381503105164,0.31238850951194763,0.02483970671892166,0.8482600450515747,0.9992353916168213,0.5024095177650452,0.39674410223960876,0.07593713700771332,0.8568922281265259,0.999384880065918,0.06720463186502457,0.3279089331626892,-0.06526439636945724,0.8593958020210266,0.9977418184280396,0.4850688874721527,0.38366371393203735,0.0788349062204361,0.907584547996521,0.9989595413208008
132,4488,True,0.42899516224861145,0.5820053815841675,0.2166048288345337,0.9998264312744141,0.9999997615814209,0.42819327116012573,0.5818250775337219,0.2744984030723572,0.9996886253356934,0.9999997615814209,0.42602699995040894,0.5813937187194824,0.2743920385837555,0.999552309513092,0.9999997615814209,0.4245540499687195,0.5809632539749146,0.2744378447532654,0.9996700882911682,0.9999997615814209,0.4360281527042389,0.5819945931434631,0.22849002480506897,0.9998694062232971,0.9999996423721313,0.43756476044654846,0.5815540552139282,0.22810691595077515,0.9998535513877869,0.9999996423721313,0.43918949365615845,0.5810414552688599,0.22817857563495636,0.9998807907104492,0.9999995231628418,0.42084741592407227,0.5697730779647827,0.42952749133110046,0.9995095729827881,0.9999998807907104,0.44209039211273193,0.5709144473075867,0.22287791967391968,0.9999157786369324,0.9999995231628418,0.4200388491153717,0.5750277638435364,0.26469090580940247,0.9996869564056396,0.9999997615814209,0.42770183086395264,0.575525164604187,0.2026248723268509,0.999758780002594,0.9999996423721313,0.36905601620674133,0.5343809127807617,0.46132680773735046,0.9999080300331116,0.9999997615814209,0.4449506998062134,0.5448732376098633,0.04840046167373657,0.9999821186065674,0.999997615814209,0.33943092823028564,0.5763975977897644,0.5405265092849731,0.5621335506439209,0.9999986886978149,0.4386146664619446,0.6071001887321472,-0.027191320434212685,0.9969273805618286,0.9999908208847046,0.33725684881210327,0.6299146413803101,0.562439501285553,0.7437968254089355,0.9999880790710449,0.44334834814071655,0.6368508338928223,0.0552220493555069,0.9823313355445862,0.9999397993087769,0.3469166159629822,0.6374261975288391,0.5682052373886108,0.6859650611877441,0.9999703168869019,0.45234426856040955,0.6430960297584534,0.021276459097862244,0.9594563245773315,0.9998739957809448,0.35153093934059143,0.638683557510376,0.5447707176208496,0.6795513033866882,0.9999687671661377,0.4550875723361969,0.6414458155632019,0.045346349477767944,0.9544386267662048,0.9998760223388672,0.35009098052978516,0.6362370252609253,0.5464341640472412,0.7026903033256531,0.9999814033508301,0.4478236734867096,0.6402324438095093,0.06448161602020264,0.9465047121047974,0.9999165534973145,0.3249693214893341,0.43431171774864197,0.13551728427410126,0.9999399781227112,0.9999994039535522,0.3769509196281433,0.4430174231529236,-0.134916752576828,0.9999611377716064,0.9999977350234985,0.19724836945533752,0.41025978326797485,-0.07764101773500443,0.8798825740814209,0.9999978542327881,0.37904319167137146,0.40004420280456543,-0.19185182452201843,0.9602603912353516,0.999976396560669,0.09726743400096893,0.3531033396720886,-0.08014856278896332,0.8304211497306824,0.999953031539917,0.48033925890922546,0.3957054615020752,0.10512665659189224,0.9019042253494263,0.999842643737793,0.09143587946891785,0.3388204574584961,-0.0891001895070076,0.8622234463691711,0.999910831451416,0.5013696551322937,0.39672690629959106,0.1326306164264679,0.866649866104126,0.9998562335968018,0.03927038609981537,0.3652280271053314,-0.212818443775177,0.8728026747703552,0.9995386600494385,0.48244938254356384,0.38793009519577026,0.12143627554178238,0.9107574224472046,0.9997320771217346
133,4522,True,0.4236539602279663,0.5827101469039917,0.16024558246135712,0.9998412728309631,0.9999984502792358,0.4263800382614136,0.5831234455108643,0.21212071180343628,0.9997169971466064,0.9999980926513672,0.4247240722179413,0.5827016830444336,0.2120588719844818,0.999593198299408,0.9999982118606567,0.4237309694290161,0.5823937654495239,0.21207775175571442,0.9996999502182007,0.9999983310699463,0.4320174753665924,0.583286702632904,0.16314290463924408,0.9998806118965149,0.9999977350234985,0.4336860179901123,0.5829663872718811,0.16281551122665405,0.9998657703399658,0.999997615814209,0.435444176197052,0.5826374292373657,0.16286566853523254,0.9998900890350342,0.9999972581863403,0.41871732473373413,0.5707563757896423,0.36884334683418274,0.9995547533035278,0.9999988079071045,0.44052955508232117,0.5728749632835388,0.1475967913866043,0.9999223351478577,0.9999972581863403,0.40807560086250305,0.5760862827301025,0.2113463282585144,0.9997146129608154,0.9999982118606567,0.4230138063430786,0.5763299465179443,0.14613720774650574,0.9997777938842773,0.9999974966049194,0.36879798769950867,0.5348860621452332,0.43471577763557434,0.9999162554740906,0.999997615814209,0.44488492608070374,0.5458425879478455,-0.0007788388174958527,0.9999829530715942,0.9999898672103882,0.33925580978393555,0.5791069865226746,0.5383631587028503,0.541695237159729,0.9999933242797852,0.43786782026290894,0.6092585325241089,-0.07225896418094635,0.996794581413269,0.9999799728393555,0.3516198694705963,0.6298602819442749,0.5541539788246155,0.7210879921913147,0.9999673366546631,0.44199231266975403,0.6373050212860107,0.05074680596590042,0.9808230996131897,0.9999102354049683,0.35766875743865967,0.6357337236404419,0.5606346726417542,0.6668870449066162,0.9999293088912964,0.44868004322052,0.6430870890617371,0.013283299282193184,0.9564818739891052,0.9998061060905457,0.36356937885284424,0.638404130935669,0.5417948961257935,0.6603302955627441,0.9999220371246338,0.45003482699394226,0.6414481997489929,0.03464449197053909,0.9511439204216003,0.9998071789741516,0.36173003911972046,0.6360669732093811,0.5385163426399231,0.6831594109535217,0.99994957447052,0.4460361897945404,0.6403077840805054,0.061369918286800385,0.9424038529396057,0.9998712539672852,0.3243929445743561,0.4353352189064026,0.13294102251529694,0.9999459385871887,0.9999953508377075,0.37379467487335205,0.44322413206100464,-0.13243445754051208,0.999964714050293,0.9999812841415405,0.17726199328899384,0.40660905838012695,-0.04092605784535408,0.8912778496742249,0.9999891519546509,0.3772840201854706,0.38911357522010803,-0.18789125978946686,0.96397465467453,0.9998925924301147,0.0823088213801384,0.37573549151420593,-0.04565511643886566,0.8466900587081909,0.9997751116752625,0.4775937497615814,0.390777587890625,0.10420330613851547,0.9061758518218994,0.9996151924133301,0.0684470683336258,0.3655351400375366,-0.053323619067668915,0.8740658164024353,0.9996215105056763,0.4949488639831543,0.39336270093917847,0.13402363657951355,0.8743442893028259,0.9996546506881714,0.031277887523174286,0.3898196220397949,-0.16274183988571167,0.8845024108886719,0.9987357258796692,0.4795456826686859,0.3798818290233612,0.13377341628074646,0.9134645462036133,0.9995014667510986
134,4556,True,0.4236680865287781,0.5829952955245972,0.15855644643306732,0.9998553991317749,0.9999991655349731,0.427120178937912,0.5837794542312622,0.2121492326259613,0.9997434020042419,0.999998927116394,0.4246501922607422,0.5835303068161011,0.21210433542728424,0.9996312856674194,0.9999990463256836,0.42365509271621704,0.5833474397659302,0.2121487706899643,0.9997278451919556,0.9999990463256836,0.4321517050266266,0.5836243033409119,0.16412141919136047,0.9998912811279297,0.9999986886978149,0.4338599443435669,0.5831870436668396,0.16382622718811035,0.9998774528503418,0.9999986886978149,0.4356519877910614,0.5827500820159912,0.16388297080993652,0.9998992085456848,0.9999984502792358,0.42066654562950134,0.5717463493347168,0.37336212396621704,0.9995970129966736,0.9999994039535522,0.4410719871520996,0.5726703405380249,0.15819382667541504,0.9999287128448486,0.9999984502792358,0.41083768010139465,0.5763065814971924,0.21116863191127777,0.9997411370277405,0.9999991655349731,0.42311400175094604,0.576526403427124,0.14721308648586273,0.999796986579895,0.9999988079071045,0.3686714172363281,0.5406292080879211,0.4381259083747864,0.9999235272407532,0.9999977350234985,0.444900244474411,0.5458604097366333,0.0015222462825477123,0.9999837875366211,0.9999896287918091,0.3391045033931732,0.5814188718795776,0.547272264957428,0.5208727717399597,0.9999958276748657,0.4384773373603821,0.609653890132904,-0.10426117479801178,0.996873140335083,0.999984860420227,0.3488357663154602,0.6298915147781372,0.5895204544067383,0.7009086608886719,0.9999760389328003,0.4422737658023834,0.6374653577804565,-0.030163023620843887,0.9807801842689514,0.9999353885650635,0.3583451211452484,0.6349781155586243,0.605741560459137,0.6494325995445251,0.9999449253082275,0.44989317655563354,0.6427954435348511,-0.0666811540722847,0.9561702013015747,0.9998525381088257,0.3616334795951843,0.638012707233429,0.5807909369468689,0.6428768038749695,0.999941349029541,0.4513246715068817,0.6412914991378784,-0.03894031420350075,0.9506961703300476,0.999855637550354,0.36074164509773254,0.6360276937484741,0.5749303102493286,0.665915310382843,0.9999624490737915,0.44504669308662415,0.6402612924575806,-0.019933365285396576,0.9413937926292419,0.9999052286148071,0.3230622410774231,0.4360584318637848,0.13513432443141937,0.9999513030052185,0.9999978542327881,0.3721367418766022,0.44266945123672485,-0.1346404254436493,0.9999679923057556,0.9999909400939941,0.18918541073799133,0.43515604734420776,-0.07757637649774551,0.90138840675354,0.9999856948852539,0.36995312571525574,0.3888980746269226,-0.23688718676567078,0.9673768877983093,0.9998847246170044,0.06706124544143677,0.40010103583335876,-0.09793424606323242,0.860802173614502,0.999816358089447,0.4493255913257599,0.39431649446487427,0.015700796619057655,0.9092668294906616,0.9996036887168884,0.05380907654762268,0.384329229593277,-0.10656238347291946,0.8843981623649597,0.9997184872627258,0.46126097440719604,0.39782899618148804,0.03796866163611412,0.8808978796005249,0.9996364116668701,0.02239685133099556,0.41224512457847595,-0.20616009831428528,0.8946613073348999,0.9990589022636414,0.4513072669506073,0.38591665029525757,0.019757667556405067,0.9156903028488159,0.9994972944259644
135,4590,True,0.4134103059768677,0.5812031626701355,0.2610790431499481,0.9998498558998108,0.9999916553497314,0.4139213562011719,0.582421064376831,0.3197544813156128,0.9997544288635254,0.9999916553497314,0.41164326667785645,0.5820513963699341,0.3196689188480377,0.9996456503868103,0.9999912977218628,0.4101790189743042,0.5819911360740662,0.3197599947452545,0.9997397661209106,0.9999905824661255,0.42525753378868103,0.5835497975349426,0.27864307165145874,0.9998906850814819,0.9999921321868896,0.42764464020729065,0.5829628705978394,0.27827751636505127,0.9998739957809448,0.9999924898147583,0.4301682710647583,0.5824528932571411,0.2782897353172302,0.9998976588249207,0.9999918937683105,0.4086276590824127,0.5716833472251892,0.48498407006263733,0.9996156692504883,0.999991774559021,0.43749621510505676,0.5723879337310791,0.30126887559890747,0.999922513961792,0.9999923706054688,0.40376320481300354,0.5738387107849121,0.3128621280193329,0.9997344017028809,0.9999845027923584,0.4157181680202484,0.5749530792236328,0.257756769657135,0.9997700452804565,0.9999847412109375,0.36493363976478577,0.5350009799003601,0.5168824791908264,0.9999116659164429,0.9999322891235352,0.44380471110343933,0.5458086133003235,0.13642431795597076,0.9999828338623047,0.9999659061431885,0.33681967854499817,0.5808277130126953,0.6297280788421631,0.5096906423568726,0.9999786615371704,0.4384969472885132,0.6108325123786926,0.040812522172927856,0.9965757727622986,0.9999756813049316,0.3436362147331238,0.6298931837081909,0.7129281759262085,0.6892985701560974,0.9998687505722046,0.4400482475757599,0.6381461024284363,0.11473346501588821,0.978874146938324,0.9996951818466187,0.34914305806159973,0.6350144743919373,0.7262593507766724,0.6348485350608826,0.9996888637542725,0.44697779417037964,0.6434476971626282,0.08808545023202896,0.9518775939941406,0.9990922212600708,0.3427083194255829,0.6380063891410828,0.7059403657913208,0.6283829212188721,0.9996844530105591,0.44518160820007324,0.6412990093231201,0.11336253583431244,0.9460816979408264,0.9990952014923096,0.3423789143562317,0.6360417008399963,0.6995839476585388,0.6521487832069397,0.9998030066490173,0.4419785439968109,0.6403102874755859,0.1242387667298317,0.9361650943756104,0.9994493126869202,0.31626614928245544,0.43997788429260254,0.12348207086324692,0.9999539256095886,0.999941349029541,0.3645132780075073,0.4448307454586029,-0.12287930399179459,0.9999679923057556,0.9999573230743408,0.17959633469581604,0.4436396062374115,0.05962124839425087,0.901543140411377,0.9994063377380371,0.3254406452178955,0.41414719820022583,-0.2267923504114151,0.969205915927887,0.9992456436157227,0.08155756443738937,0.4072723388671875,0.06319388002157211,0.8515636324882507,0.9969359636306763,0.34871217608451843,0.4058776795864105,-0.14474798738956451,0.8976128697395325,0.9955137372016907,0.07364974170923233,0.3987417221069336,0.05452585220336914,0.8792813420295715,0.9962582588195801,0.35582220554351807,0.40437278151512146,-0.14325663447380066,0.8753766417503357,0.9949548840522766,0.0294946376234293,0.4102969169616699,-0.008896264247596264,0.8887001872062683,0.9925693869590759,0.3257831037044525,0.39914336800575256,-0.20057561993598938,0.9030548930168152,0.9934834837913513
136,4624,True,0.41495996713638306,0.5818754434585571,0.27823978662490845,0.9998621344566345,0.9999995231628418,0.41575831174850464,0.5832865834236145,0.33908942341804504,0.9997773170471191,0.9999995231628418,0.4124477505683899,0.5821899771690369,0.33910608291625977,0.9996784925460815,0.9999995231628418,0.4110594093799591,0.5821534991264343,0.33925917744636536,0.9997642636299133,0.9999995231628418,0.4257543385028839,0.5838407278060913,0.2983610928058624,0.9999004602432251,0.9999995231628418,0.4296713173389435,0.5831342339515686,0.29804158210754395,0.9998853206634521,0.9999995231628418,0.4323163330554962,0.582636833190918,0.29811620712280273,0.9999068975448608,0.9999995231628418,0.4099160134792328,0.5718724131584167,0.5124454498291016,0.9996514916419983,0.9999996423721313,0.4390023946762085,0.572792649269104,0.3324374556541443,0.9999285340309143,0.9999995231628418,0.40397000312805176,0.574055552482605,0.3340797424316406,0.999754011631012,0.9999992847442627,0.4168410003185272,0.5756317377090454,0.2803959250450134,0.9997848868370056,0.9999991655349731,0.3649285137653351,0.5330931544303894,0.5563119053840637,0.999907910823822,0.9999940395355225,0.4437773525714874,0.5458254218101501,0.1659642606973648,0.9999837279319763,0.999996542930603,0.334303617477417,0.573211669921875,0.647481381893158,0.5211671590805054,0.9999967813491821,0.43860456347465515,0.6101932525634766,0.02609810046851635,0.996441125869751,0.9999914169311523,0.33996185660362244,0.6295894384384155,0.707348108291626,0.701728105545044,0.9999836683273315,0.44094690680503845,0.637669563293457,0.09453826397657394,0.9780814051628113,0.9999409914016724,0.3364850878715515,0.6350624561309814,0.7140932679176331,0.6456327438354492,0.9999582767486572,0.4516969919204712,0.6430427432060242,0.06998806446790695,0.949778139591217,0.9998261332511902,0.3369719088077545,0.6378427743911743,0.6995601654052734,0.6394478678703308,0.9999555349349976,0.4516792297363281,0.6412850022315979,0.096363365650177,0.9437258243560791,0.9998045563697815,0.3424016833305359,0.6358623504638672,0.6948578953742981,0.6627786159515381,0.9999740123748779,0.44336462020874023,0.6402038335800171,0.10511472821235657,0.9336845874786377,0.9998908042907715,0.31541746854782104,0.4399212896823883,0.12540079653263092,0.9999564290046692,0.9999942779541016,0.3595229983329773,0.4470159113407135,-0.12490583956241608,0.9999687075614929,0.9999972581863403,0.26102378964424133,0.39076077938079834,0.09611501544713974,0.9056543707847595,0.9998169541358948,0.20454832911491394,0.4637394845485687,-0.1905968338251114,0.9718812704086304,0.9998643398284912,0.34727996587753296,0.36733394861221313,0.1184835210442543,0.8595611453056335,0.9996724128723145,0.11317619681358337,0.44586181640625,-0.2111799716949463,0.9034251570701599,0.9991924166679382,0.36840569972991943,0.386879026889801,0.11317109316587448,0.8885598182678223,0.9996154308319092,0.1095481887459755,0.4389615058898926,-0.21943776309490204,0.8833739161491394,0.9990631937980652,0.344199001789093,0.3437606394290924,0.04737703129649162,0.8944834470748901,0.9989425539970398,0.05755903571844101,0.4483466148376465,-0.30099451541900635,0.9065984487533569,0.997583270072937
137,4658,True,0.420472115278244,0.5822025537490845,0.25009962916374207,0.999858021736145,0.9999816417694092,0.4216211140155792,0.5836577415466309,0.29363781213760376,0.9997854828834534,0.999975323677063,0.41925469040870667,0.582882285118103,0.29364699125289917,0.9996891617774963,0.9999754428863525,0.41634511947631836,0.5821579694747925,0.2936985492706299,0.999775767326355,0.9999727010726929,0.4301486015319824,0.5839084386825562,0.2559467852115631,0.9999004006385803,0.9999780654907227,0.4337647259235382,0.5832264423370361,0.25564447045326233,0.9998849630355835,0.9999802112579346,0.4382249116897583,0.5825103521347046,0.2555833160877228,0.999908447265625,0.9999794960021973,0.41354501247406006,0.5720610618591309,0.43119630217552185,0.9996649622917175,0.9999737739562988,0.4426737129688263,0.5726678371429443,0.2599503695964813,0.9999251961708069,0.999981164932251,0.4075506031513214,0.5743404030799866,0.2939939796924591,0.9997466802597046,0.999968409538269,0.4217807650566101,0.5759531259536743,0.24508020281791687,0.9997704029083252,0.999970555305481,0.36588600277900696,0.5328109264373779,0.48311954736709595,0.9998847246170044,0.9998316764831543,0.4444688558578491,0.5457988977432251,0.1228545606136322,0.9999793767929077,0.9999454021453857,0.3284653127193451,0.5737473964691162,0.5933992266654968,0.5319109559059143,0.9999339580535889,0.43860653042793274,0.6097264289855957,-0.026109082624316216,0.9960664510726929,0.9999141693115234,0.3316502571105957,0.6292747855186462,0.6107062697410583,0.7046784162521362,0.9997014403343201,0.44073939323425293,0.6376075744628906,0.06993510574102402,0.9759814143180847,0.9994495511054993,0.33341696858406067,0.6350789666175842,0.6216857433319092,0.6459943652153015,0.9994389414787292,0.4507835805416107,0.6430045366287231,0.053577449172735214,0.9450872540473938,0.9986324906349182,0.33656880259513855,0.6375084519386292,0.6003991365432739,0.6402521133422852,0.9994038343429565,0.44965603947639465,0.641154408454895,0.092460036277771,0.9387384653091431,0.9985632300376892,0.33769911527633667,0.6352909207344055,0.5969973802566528,0.6633947491645813,0.999602735042572,0.4432676434516907,0.6400537490844727,0.08574160188436508,0.9283056259155273,0.9991395473480225,0.31147244572639465,0.4398704469203949,0.12034328281879425,0.9999433755874634,0.9997174143791199,0.3548634350299835,0.44610467553138733,-0.12004879862070084,0.9999349117279053,0.9998273849487305,0.25306448340415955,0.39029568433761597,0.13564661145210266,0.8933365941047668,0.9980948567390442,0.22777985036373138,0.44948655366897583,-0.13380983471870422,0.971980631351471,0.9983237385749817,0.2739388644695282,0.35946157574653625,0.18111470341682434,0.8441464304924011,0.9943585991859436,0.17642325162887573,0.44413214921951294,-0.20070797204971313,0.8981858491897583,0.9915342926979065,0.28354698419570923,0.3602907359600067,0.1789548397064209,0.8798957467079163,0.9927329421043396,0.17520131170749664,0.4405609965324402,-0.17870812118053436,0.879227876663208,0.9905686974525452,0.2611469328403473,0.34481626749038696,0.10668353736400604,0.8802198171615601,0.9880132675170898,0.138727068901062,0.4470193386077881,-0.20908069610595703,0.8969112038612366,0.9874985814094543
138,4692,True,0.417766273021698,0.580722451210022,0.3116034269332886,0.9998531341552734,0.9999898672103882,0.41912901401519775,0.5820793509483337,0.36160415410995483,0.9997897148132324,0.999984860420227,0.4166710376739502,0.5813109874725342,0.3616091012954712,0.9996954202651978,0.9999858140945435,0.41410499811172485,0.5807274580001831,0.3616967499256134,0.9997806549072266,0.9999840259552002,0.4293503165245056,0.5832131505012512,0.3254856467247009,0.999897837638855,0.9999856948852539,0.4328586161136627,0.5826559066772461,0.3251361548900604,0.9998822808265686,0.9999865293502808,0.4369852840900421,0.5820858478546143,0.32514721155166626,0.9999069571495056,0.9999855756759644,0.41346126794815063,0.5714672803878784,0.4957626760005951,0.9996540546417236,0.9999841451644897,0.44214388728141785,0.572403609752655,0.3385158181190491,0.9999138116836548,0.9999864101409912,0.40610623359680176,0.5731680393218994,0.3554956912994385,0.9997227787971497,0.9999810457229614,0.42056894302368164,0.574582040309906,0.30835670232772827,0.9997420310974121,0.9999814033508301,0.3666156232357025,0.5359737277030945,0.5345852375030518,0.9998738169670105,0.9999345541000366,0.4437689483165741,0.5458897352218628,0.17337679862976074,0.9999770522117615,0.9999816417694092,0.32705560326576233,0.5742796659469604,0.5972387194633484,0.5296943783760071,0.9999730587005615,0.43614158034324646,0.6048102378845215,0.05844579637050629,0.9956365823745728,0.9999520778656006,0.3218274712562561,0.6291421055793762,0.6089729070663452,0.7079966068267822,0.9997745156288147,0.440778523683548,0.6373845338821411,0.12272398918867111,0.9759573340415955,0.9996281862258911,0.3237992823123932,0.6351362466812134,0.6176391839981079,0.6482593417167664,0.9995778203010559,0.44905683398246765,0.6429581046104431,0.09785893559455872,0.9457818865776062,0.9991689920425415,0.3273943364620209,0.6373648047447205,0.5974829792976379,0.6415349841117859,0.9995837807655334,0.44771596789360046,0.6411515474319458,0.12820783257484436,0.9394603967666626,0.9991576671600342,0.327553927898407,0.6352719068527222,0.5949769616127014,0.6647829413414001,0.9997166991233826,0.442665696144104,0.6400581002235413,0.1359008401632309,0.9287102222442627,0.9994613528251648,0.3121524453163147,0.44352999329566956,0.11685261130332947,0.9999366998672485,0.9997939467430115,0.3539545238018036,0.4533783495426178,-0.1166619062423706,0.999905526638031,0.9999070167541504,0.2699662446975708,0.3896496593952179,0.03574537858366966,0.8936589956283569,0.9996809959411621,0.2348720133304596,0.49477776885032654,-0.22516606748104095,0.9731999039649963,0.9998026490211487,0.27314865589141846,0.3166622221469879,-0.041350461542606354,0.8503043055534363,0.9988625049591064,0.11990582942962646,0.4826691746711731,-0.33914709091186523,0.9028835296630859,0.9990476965904236,0.27881526947021484,0.3025517463684082,-0.05960356444120407,0.8866820931434631,0.9981081485748291,0.10291683673858643,0.4752291738986969,-0.3518933057785034,0.8868391513824463,0.9987738728523254,0.25481903553009033,0.3062621057033539,-0.18736976385116577,0.8839904069900513,0.995449960231781,0.06949827075004578,0.4914012551307678,-0.47455930709838867,0.8999838829040527,0.997051477432251
139,4726,True,0.4169526696205139,0.577835202217102,0.34746313095092773,0.9998623728752136,0.9999988079071045,0.418382465839386,0.5781837701797485,0.4011584520339966,0.9998059272766113,0.9999983310699463,0.4161611795425415,0.5771824717521667,0.40115636587142944,0.9997185468673706,0.9999984502792358,0.4139671325683594,0.5765079259872437,0.4012487232685089,0.9997977614402771,0.9999984502792358,0.42835208773612976,0.5792036056518555,0.36391115188598633,0.999904990196228,0.9999983310699463,0.43187201023101807,0.5788822174072266,0.3635461926460266,0.9998907446861267,0.9999984502792358,0.43592825531959534,0.5786305665969849,0.3636263906955719,0.9999136328697205,0.9999983310699463,0.41341713070869446,0.5671089887619019,0.5423110127449036,0.9996799230575562,0.9999988079071045,0.44201913475990295,0.5707381963729858,0.3800070583820343,0.9999180436134338,0.9999985694885254,0.4062740206718445,0.5701391696929932,0.39284422993659973,0.9997389316558838,0.9999984502792358,0.41993582248687744,0.5714924335479736,0.3440142869949341,0.9997560381889343,0.9999983310699463,0.3681434988975525,0.5360167026519775,0.5772162675857544,0.9998809099197388,0.9999953508377075,0.44168955087661743,0.5441856384277344,0.21601417660713196,0.9999780654907227,0.9999974966049194,0.3259729743003845,0.574853777885437,0.6548261642456055,0.5328144431114197,0.999995231628418,0.4361324608325958,0.6009747385978699,0.12717057764530182,0.9951784610748291,0.9999864101409912,0.32146134972572327,0.6278610825538635,0.6941684484481812,0.7130649089813232,0.9999635219573975,0.44356095790863037,0.6360399723052979,0.2280653417110443,0.9755042791366577,0.9998985528945923,0.3256233334541321,0.6351130604743958,0.7047775983810425,0.6513078212738037,0.9999277591705322,0.4544716775417328,0.6429562568664551,0.21178680658340454,0.9457805752754211,0.9997676014900208,0.33059507608413696,0.636282742023468,0.6877244114875793,0.6436705589294434,0.9999279975891113,0.45675331354141235,0.6408532857894897,0.23939666152000427,0.9393638968467712,0.9997648596763611,0.32897043228149414,0.6349454522132874,0.6807234287261963,0.6675122380256653,0.9999523162841797,0.4517337381839752,0.639464259147644,0.2407865673303604,0.9283542633056641,0.9998518228530884,0.3106270432472229,0.44323498010635376,0.11691073328256607,0.9999395608901978,0.9999672174453735,0.35066574811935425,0.4600345194339752,-0.11678560078144073,0.9999033808708191,0.9999805688858032,0.26678287982940674,0.38023146986961365,0.03753260150551796,0.9019481539726257,0.9999656677246094,0.2556285560131073,0.5129727125167847,-0.16501376032829285,0.9750608801841736,0.9999644756317139,0.26851364970207214,0.29815393686294556,-0.02927163615822792,0.8629390001296997,0.9998979568481445,0.12419722974300385,0.5225139260292053,-0.2517077922821045,0.9090980887413025,0.999873161315918,0.28187286853790283,0.28753751516342163,-0.04743418097496033,0.896859884262085,0.9998239874839783,0.1050572320818901,0.5159515142440796,-0.26602938771247864,0.8957213163375854,0.9998422861099243,0.22814856469631195,0.29289859533309937,-0.17934471368789673,0.8937349915504456,0.9993773102760315,0.0797521248459816,0.5402891635894775,-0.3887994587421417,0.9063330888748169,0.9995336532592773
140,4760,True,0.4171363115310669,0.5765522122383118,0.34791967272758484,0.9998608827590942,0.9999951124191284,0.418578565120697,0.5769190788269043,0.39945656061172485,0.9998103976249695,0.999994158744812,0.41633081436157227,0.5759332776069641,0.3994811475276947,0.9997221827507019,0.999994158744812,0.414139062166214,0.5752241611480713,0.3995940685272217,0.9998022317886353,0.9999938011169434,0.4284117519855499,0.5775325894355774,0.35987359285354614,0.9999043345451355,0.999994158744812,0.4319269359111786,0.5771517157554626,0.3595450818538666,0.9998890161514282,0.9999942779541016,0.435927152633667,0.5768052339553833,0.3596603274345398,0.9999129772186279,0.9999939203262329,0.41341540217399597,0.565253496170044,0.5336387753486633,0.9996947646141052,0.9999943971633911,0.44197481870651245,0.5685363411903381,0.35765841603279114,0.9999128580093384,0.9999938011169434,0.40679413080215454,0.569171130657196,0.3898707628250122,0.9997386932373047,0.9999905824661255,0.4198462963104248,0.5704473257064819,0.33687958121299744,0.9997508525848389,0.9999908208847046,0.3683483600616455,0.5360454320907593,0.5667781829833984,0.9998719692230225,0.9999624490737915,0.43906280398368835,0.5434100031852722,0.19256655871868134,0.9999778866767883,0.9999854564666748,0.32928258180618286,0.5776988863945007,0.6374375224113464,0.5191617012023926,0.999987006187439,0.43618372082710266,0.6012749075889587,0.1012643575668335,0.9943437576293945,0.999976396560669,0.32304269075393677,0.6279146075248718,0.6673320531845093,0.6987656354904175,0.9999065399169922,0.4461912512779236,0.6356920599937439,0.1850740909576416,0.9729350209236145,0.9997274279594421,0.32943496108055115,0.6351253390312195,0.6764894127845764,0.635812520980835,0.9998156428337097,0.457917183637619,0.642964243888855,0.16526882350444794,0.9422882199287415,0.9993645548820496,0.33336150646209717,0.6362707018852234,0.656542181968689,0.6281657814979553,0.999809205532074,0.4618239998817444,0.6404431462287903,0.19098994135856628,0.9355975389480591,0.9993622899055481,0.3316528797149658,0.6349417567253113,0.6523433923721313,0.6527014374732971,0.9998711347579956,0.45366135239601135,0.639367401599884,0.1958848387002945,0.9239101409912109,0.9995911717414856,0.30785685777664185,0.4508267343044281,0.11888370662927628,0.9999355673789978,0.999834418296814,0.34735623002052307,0.4602412283420563,-0.11857771128416061,0.9999003410339355,0.9998970031738281,0.18755537271499634,0.43442124128341675,0.03551975265145302,0.8966658711433411,0.9997994303703308,0.2666265368461609,0.4877944886684418,-0.1941012442111969,0.9743090867996216,0.9998352527618408,0.09560971707105637,0.3932373821735382,-0.040521781891584396,0.8510120511054993,0.9994478821754456,0.21094182133674622,0.4840928614139557,-0.318173885345459,0.9054322242736816,0.9990808963775635,0.09223007410764694,0.38268011808395386,-0.06064356863498688,0.8957744836807251,0.9992004036903381,0.20605477690696716,0.4780304431915283,-0.33851587772369385,0.8978422284126282,0.9987618923187256,0.04564568027853966,0.39495599269866943,-0.1524571031332016,0.8909204006195068,0.9983131885528564,0.18003645539283752,0.49722614884376526,-0.4446397125720978,0.9052176475524902,0.9979801774024963
141,4794,True,0.4112977683544159,0.5740249156951904,0.38590648770332336,0.9998287558555603,0.9999743700027466,0.41569089889526367,0.5741683840751648,0.43514129519462585,0.9997685551643372,0.9999688863754272,0.4138428866863251,0.5732781291007996,0.43520867824554443,0.9996576309204102,0.9999698400497437,0.41223910450935364,0.5726341009140015,0.43532705307006836,0.9997559189796448,0.9999709129333496,0.4248330891132355,0.5759076476097107,0.3919489085674286,0.9998712539672852,0.9999649524688721,0.42793044447898865,0.5756180882453918,0.39163410663604736,0.9998494982719421,0.999964714050293,0.43130844831466675,0.5754254460334778,0.39176636934280396,0.9998809099197388,0.999962329864502,0.4127543568611145,0.5640286207199097,0.5625143051147461,0.9996472001075745,0.9999712705612183,0.4370598793029785,0.5674909353256226,0.3684653043746948,0.9998449087142944,0.9999536275863647,0.4027356803417206,0.5671040415763855,0.42686817049980164,0.9996914267539978,0.9999556541442871,0.41618865728378296,0.5690087080001831,0.3686814606189728,0.9996867775917053,0.9999527931213379,0.3683370351791382,0.5360152125358582,0.6015530824661255,0.9998322129249573,0.999923825263977,0.4357006549835205,0.54298335313797,0.19944286346435547,0.9999724626541138,0.9999507665634155,0.32993701100349426,0.5783571600914001,0.6702919602394104,0.5012962818145752,0.9999903440475464,0.4344087839126587,0.6012303233146667,0.11635614931583405,0.9920198321342468,0.9999711513519287,0.3231235146522522,0.6272345781326294,0.6855705976486206,0.6864808797836304,0.9999605417251587,0.4459570050239563,0.635777473449707,0.1751943677663803,0.9704119563102722,0.9998630285263062,0.3328189253807068,0.6349578499794006,0.6963281631469727,0.6227505207061768,0.9999257326126099,0.45769229531288147,0.6427479982376099,0.15078748762607574,0.940750777721405,0.9997190833091736,0.3389243483543396,0.6362407803535461,0.6700007319450378,0.615002453327179,0.9999221563339233,0.4606746733188629,0.6404191255569458,0.17346008121967316,0.9341105818748474,0.999724805355072,0.334475576877594,0.634485125541687,0.6684715747833252,0.6397122740745544,0.9999470710754395,0.45316970348358154,0.639138400554657,0.1853327453136444,0.9212652444839478,0.9998063445091248,0.2992376983165741,0.45499229431152344,0.12417818605899811,0.999921441078186,0.9998266100883484,0.33273792266845703,0.4610559046268463,-0.12371218204498291,0.9998834729194641,0.9998921155929565,0.1694716364145279,0.43871158361434937,0.036632414907217026,0.8979128003120422,0.9998408555984497,0.2642935812473297,0.5175736546516418,-0.1913491189479828,0.9702271223068237,0.9998610019683838,0.05223919451236725,0.39984193444252014,-0.059768617153167725,0.8455511331558228,0.9996588230133057,0.2038511484861374,0.529084324836731,-0.3140416741371155,0.8962274789810181,0.9995887875556946,0.04208012670278549,0.38936805725097656,-0.08217261731624603,0.897406816482544,0.9995225667953491,0.193852961063385,0.5269614458084106,-0.33750036358833313,0.8974254131317139,0.9994416832923889,0.004309303592890501,0.40187638998031616,-0.17291000485420227,0.8918079733848572,0.9991238713264465,0.1832604706287384,0.5550500750541687,-0.46051594614982605,0.9014362096786499,0.9993379712104797
142,4828,True,0.4165116250514984,0.5723834037780762,0.39479488134384155,0.9998289942741394,0.9999839067459106,0.41912660002708435,0.571606457233429,0.4351942837238312,0.9997469782829285,0.9999829530715942,0.4175201952457428,0.5708792209625244,0.435316264629364,0.9996713995933533,0.9999823570251465,0.4161831736564636,0.5703275203704834,0.435421884059906,0.9997396469116211,0.9999815225601196,0.4276602566242218,0.5730141997337341,0.39828312397003174,0.999864935874939,0.9999856948852539,0.43062037229537964,0.5725592374801636,0.39796143770217896,0.999849796295166,0.9999872446060181,0.43355968594551086,0.5722479224205017,0.3981035351753235,0.9998688101768494,0.9999878406524658,0.4145281910896301,0.5630130171775818,0.541703462600708,0.9996605515480042,0.9999830722808838,0.4379209280014038,0.5644261837005615,0.37440192699432373,0.9998548626899719,0.9999901056289673,0.4035954475402832,0.5657724142074585,0.427327424287796,0.999666154384613,0.999972939491272,0.4176289737224579,0.5673867464065552,0.37763649225234985,0.9996716380119324,0.9999810457229614,0.3683255612850189,0.5358695983886719,0.5828768610954285,0.9997856020927429,0.9999574422836304,0.43436914682388306,0.5430081486701965,0.1871858388185501,0.999974250793457,0.9999951124191284,0.32996946573257446,0.578593909740448,0.6642547845840454,0.4695652723312378,0.9999943971633911,0.43411800265312195,0.6013885736465454,0.12861989438533783,0.9900890588760376,0.9999955892562866,0.32453492283821106,0.6269185543060303,0.712130069732666,0.6526197791099548,0.9999605417251587,0.444951593875885,0.6357877254486084,0.19694703817367554,0.9687222838401794,0.9999403953552246,0.35030829906463623,0.6315417885780334,0.730634331703186,0.5938224196434021,0.9998960494995117,0.4574035108089447,0.6424872875213623,0.17452022433280945,0.9388612508773804,0.999854564666748,0.34422120451927185,0.6359879374504089,0.7061382532119751,0.5856935381889343,0.9998999834060669,0.46059471368789673,0.6403924226760864,0.19123417139053345,0.9320001006126404,0.9998332262039185,0.3380109965801239,0.633834958076477,0.6986098289489746,0.6098142266273499,0.9999368190765381,0.4526829123497009,0.6391278505325317,0.20466795563697815,0.9201993942260742,0.9998974800109863,0.29427337646484375,0.4699169099330902,0.13054287433624268,0.9999281764030457,0.9999909400939941,0.3254505693912506,0.46287569403648376,-0.1306067854166031,0.9998950958251953,0.9999971389770508,0.2295447438955307,0.5438719987869263,0.060673415660858154,0.893444836139679,0.9999551773071289,0.19369854032993317,0.4229312539100647,-0.28883227705955505,0.9729491472244263,0.9999641180038452,0.12414103746414185,0.6024742126464844,-0.08387617766857147,0.8523076176643372,0.9998176693916321,0.07510972023010254,0.3373851478099823,-0.5307769179344177,0.9051434397697449,0.9997063279151917,0.09988497942686081,0.6058310270309448,-0.10995820164680481,0.9046826362609863,0.9995978474617004,0.06911155581474304,0.32422056794166565,-0.5603312849998474,0.9060544371604919,0.9988564252853394,0.14787793159484863,0.6286531090736389,-0.15308324992656708,0.8985124826431274,0.9987659454345703,0.009621836245059967,0.32742175459861755,-0.6887737512588501,0.9098911881446838,0.9958806037902832
143,4862,True,0.4188712239265442,0.5727190375328064,0.3197650611400604,0.9998375177383423,0.9999899864196777,0.4231928586959839,0.5703906416893005,0.34803202748298645,0.9997535347938538,0.9999896287918091,0.4217987358570099,0.5696768760681152,0.34823912382125854,0.9996958374977112,0.9999891519546509,0.42077797651290894,0.569024384021759,0.3483821451663971,0.9997487664222717,0.999988317489624,0.4306977689266205,0.5715023875236511,0.31851860880851746,0.9998679757118225,0.9999912977218628,0.4331414997577667,0.570708155632019,0.31830212473869324,0.9998566508293152,0.9999921321868896,0.4356336295604706,0.5699519515037537,0.31849315762519836,0.9998680353164673,0.9999924898147583,0.41619935631752014,0.5617691874504089,0.43841028213500977,0.9996833205223083,0.9999892711639404,0.4387875497341156,0.5613512992858887,0.3009619116783142,0.9998655319213867,0.9999939203262329,0.40768134593963623,0.5661958456039429,0.342553973197937,0.9996630549430847,0.9999797344207764,0.4187445342540741,0.5673688650131226,0.304462730884552,0.9996697902679443,0.9999849796295166,0.3678780496120453,0.5372092723846436,0.5046409368515015,0.9997655749320984,0.9999619722366333,0.4316701591014862,0.5419284701347351,0.11667801439762115,0.9999757409095764,0.9999959468841553,0.3122750520706177,0.5811516046524048,0.569081723690033,0.44799014925956726,0.9999890327453613,0.43420273065567017,0.6017928719520569,0.0622851625084877,0.9893571138381958,0.999995231628418,0.31827446818351746,0.6252049803733826,0.5665118098258972,0.6261184811592102,0.9999363422393799,0.4459967613220215,0.636452317237854,0.111033134162426,0.9687724113464355,0.9999408721923828,0.32562685012817383,0.6305420994758606,0.5886371731758118,0.5714174509048462,0.9998714923858643,0.45736682415008545,0.642696738243103,0.0871962457895279,0.9391775131225586,0.999866247177124,0.3252103924751282,0.6329647898674011,0.5560293793678284,0.5631363391876221,0.9998737573623657,0.4618769884109497,0.6404349207878113,0.10778983682394028,0.9323133230209351,0.9998459815979004,0.323649525642395,0.6314748525619507,0.5508856177330017,0.5865573287010193,0.9999109506607056,0.4543290436267853,0.639123797416687,0.11941388249397278,0.9213453531265259,0.9999037981033325,0.2866927683353424,0.4804510176181793,0.13446961343288422,0.9999341368675232,0.999988317489624,0.3140694797039032,0.46560773253440857,-0.1346672773361206,0.999905526638031,0.9999977350234985,0.2412201166152954,0.564307689666748,0.07184755802154541,0.8904221653938293,0.9999562501907349,0.1691747009754181,0.4330379366874695,-0.2819075584411621,0.9754531979560852,0.999966025352478,0.21698786318302155,0.6456131935119629,-0.05941537395119667,0.8581451773643494,0.9999134540557861,0.06494186818599701,0.36766132712364197,-0.4698997437953949,0.9134740233421326,0.999724805355072,0.19697120785713196,0.6549797058105469,-0.08045625686645508,0.9110866785049438,0.9998286962509155,0.04908240586519241,0.3575711250305176,-0.49238404631614685,0.9141036868095398,0.9990835189819336,0.24101698398590088,0.6703593730926514,-0.05111963301897049,0.9047020673751831,0.9995576739311218,-0.0062779625877738,0.36041709780693054,-0.6143913865089417,0.9179151654243469,0.9973135590553284
144,4896,True,0.41850340366363525,0.5724274516105652,0.3445213735103607,0.9998471140861511,0.9999927282333374,0.4231445789337158,0.5698971152305603,0.3833501636981964,0.9997667670249939,0.9999908208847046,0.4217575490474701,0.5693027377128601,0.3834525942802429,0.9997192025184631,0.999990701675415,0.420675665140152,0.5687312483787537,0.383531391620636,0.9997647404670715,0.9999902248382568,0.430459588766098,0.5707945823669434,0.3488738238811493,0.9998738169670105,0.9999912977218628,0.43281325697898865,0.5700041055679321,0.34860384464263916,0.9998642206192017,0.999991774559021,0.4352473318576813,0.5692333579063416,0.34876373410224915,0.9998730421066284,0.9999915361404419,0.4157555103302002,0.5617635846138,0.4771265983581543,0.9997061491012573,0.9999908208847046,0.43805766105651855,0.561123251914978,0.32659485936164856,0.999874472618103,0.9999918937683105,0.40749019384384155,0.566311240196228,0.37306034564971924,0.999679446220398,0.9999905824661255,0.4173838198184967,0.566775918006897,0.32742592692375183,0.9996824860572815,0.9999912977218628,0.3630405068397522,0.5377612709999084,0.5240329504013062,0.9997696876525879,0.9999786615371704,0.42549291253089905,0.541949450969696,0.12896305322647095,0.9999769926071167,0.9999943971633911,0.30366310477256775,0.5807479619979858,0.5901857018470764,0.4336988627910614,0.9999922513961792,0.43428128957748413,0.6016284227371216,0.06512053310871124,0.9879988431930542,0.9999903440475464,0.3171965479850769,0.6244349479675293,0.594545841217041,0.6129888892173767,0.9999600648880005,0.4471120536327362,0.636421799659729,0.11462192237377167,0.9675652980804443,0.9999215602874756,0.3208087682723999,0.630121111869812,0.6096176505088806,0.559911847114563,0.9999078512191772,0.45793816447257996,0.6425676941871643,0.09073404967784882,0.9377950429916382,0.9998268485069275,0.32390230894088745,0.6323500871658325,0.5839943289756775,0.5517762303352356,0.999910831451416,0.4615282416343689,0.6404339671134949,0.11384224146604538,0.9308862686157227,0.9998152852058411,0.3209961950778961,0.6305725574493408,0.5797477960586548,0.5744092464447021,0.9999433755874634,0.4541897177696228,0.6390424966812134,0.12427407503128052,0.9202472567558289,0.9998788833618164,0.2761078178882599,0.4786558747291565,0.1337192952632904,0.9999361038208008,0.9999752044677734,0.3047938942909241,0.4711221158504486,-0.1338355839252472,0.9999141693115234,0.999984860420227,0.2418207824230194,0.5624053478240967,0.09192730486392975,0.8778637647628784,0.9999116659164429,0.1837995946407318,0.4841998219490051,-0.2581060230731964,0.9773186445236206,0.9999361038208008,0.21148177981376648,0.6246089339256287,-0.03170711547136307,0.85469651222229,0.9996833801269531,0.07155290991067886,0.4615582525730133,-0.3878750205039978,0.9185874462127686,0.9996887445449829,0.19051285088062286,0.6297516822814941,-0.05723486468195915,0.911762535572052,0.999451220035553,0.061458829790353775,0.45712894201278687,-0.40435904264450073,0.9189368486404419,0.9992270469665527,0.20918649435043335,0.6485509872436523,-0.06471406668424606,0.904917299747467,0.9986346364021301,0.02614927478134632,0.46471554040908813,-0.5053966641426086,0.9228463172912598,0.9979019165039062
145,4930,True,0.4137524962425232,0.5726398229598999,0.2853226959705353,0.9998223781585693,0.9998968839645386,0.42103609442710876,0.570117712020874,0.3156833350658417,0.9996856451034546,0.9998966455459595,0.42020031809806824,0.5694401264190674,0.3158247768878937,0.9996973872184753,0.9998975992202759,0.4183316230773926,0.5691704750061035,0.31593677401542664,0.9996938705444336,0.9998964071273804,0.4270957410335541,0.5713335871696472,0.278461217880249,0.9998204708099365,0.9999134540557861,0.42933762073516846,0.5705733895301819,0.2782781720161438,0.9998227953910828,0.9999228715896606,0.43181151151657104,0.5698462724685669,0.27841824293136597,0.9997984766960144,0.9999295473098755,0.4157213866710663,0.5618201494216919,0.4103122353553772,0.9996742606163025,0.9998952150344849,0.4368721544742584,0.561342716217041,0.24822896718978882,0.9998661875724792,0.9999357461929321,0.4036567807197571,0.5664986371994019,0.31680557131767273,0.9995812177658081,0.999836802482605,0.4104824960231781,0.566989541053772,0.2687155306339264,0.9995976090431213,0.9998828172683716,0.36111342906951904,0.5389105081558228,0.5011411309242249,0.999687135219574,0.9998108744621277,0.4206439256668091,0.5423064231872559,0.06744654476642609,0.9999764561653137,0.9999779462814331,0.30763906240463257,0.5823095440864563,0.5903627872467041,0.4175145626068115,0.9999669790267944,0.43412429094314575,0.6029334664344788,0.013568850234150887,0.9879183173179626,0.9999866485595703,0.31789398193359375,0.6243292689323425,0.5918406844139099,0.5953118205070496,0.9998676776885986,0.4474615454673767,0.6365612745285034,0.09485577791929245,0.9689886569976807,0.999902606010437,0.32079941034317017,0.630362868309021,0.6119934320449829,0.5448723435401917,0.9997254014015198,0.4618636667728424,0.6425870060920715,0.0666244700551033,0.9403643012046814,0.9997630715370178,0.3235456347465515,0.6323536038398743,0.5797019600868225,0.5369893908500671,0.9997192025184631,0.4632129669189453,0.6404257416725159,0.08820091933012009,0.9337695240974426,0.9997240900993347,0.32301267981529236,0.6304482817649841,0.5758137702941895,0.5597560405731201,0.9998175501823425,0.45709356665611267,0.6390681266784668,0.1045389473438263,0.9239048957824707,0.9998351335525513,0.26442259550094604,0.483351469039917,0.15004302561283112,0.999938428401947,0.999930739402771,0.2841610312461853,0.4748862683773041,-0.1503485143184662,0.9999225735664368,0.9999889135360718,0.24610182642936707,0.5777174234390259,0.1368551105260849,0.8762513399124146,0.9997667670249939,0.0973510667681694,0.47601836919784546,-0.25713372230529785,0.9794341921806335,0.9998396635055542,0.2130274921655655,0.6354215741157532,0.08712860941886902,0.8592249155044556,0.9996042847633362,-0.023067638278007507,0.40545040369033813,-0.39763107895851135,0.925700843334198,0.9982075691223145,0.22077053785324097,0.6506434679031372,0.0760272890329361,0.9172431826591492,0.9993278980255127,-0.02867746353149414,0.3931189179420471,-0.4141605794429779,0.9259099364280701,0.9948465824127197,0.2416628748178482,0.6634710431098938,0.08537861704826355,0.9087056517601013,0.9982435703277588,-0.0906878262758255,0.4005458950996399,-0.5206111669540405,0.9293503165245056,0.9868667125701904
146,4964,True,0.41096794605255127,0.5688618421554565,0.3929940462112427,0.9998271465301514,0.9999876022338867,0.4172706604003906,0.5672900080680847,0.43878424167633057,0.9996984004974365,0.9999867677688599,0.41426900029182434,0.5661236047744751,0.4388328492641449,0.9997133016586304,0.9999868869781494,0.413417786359787,0.565790593624115,0.43896782398223877,0.9997097253799438,0.9999866485595703,0.4215267598628998,0.5672028064727783,0.3955129086971283,0.9998253583908081,0.9999876022338867,0.4238208830356598,0.566351592540741,0.39523303508758545,0.999826967716217,0.9999885559082031,0.4294278919696808,0.5640881657600403,0.39538493752479553,0.9998047947883606,0.9999886751174927,0.4078359305858612,0.5589852929115295,0.5576502680778503,0.9996949434280396,0.9999858140945435,0.4311628043651581,0.5574008226394653,0.3655945658683777,0.9998723268508911,0.9999880790710449,0.40016669034957886,0.5647999048233032,0.4298197031021118,0.9996002912521362,0.999982476234436,0.4071864187717438,0.5641387701034546,0.3725798726081848,0.999611496925354,0.9999852180480957,0.35495564341545105,0.5400665402412415,0.6079102158546448,0.9996843338012695,0.9999366998672485,0.4154265820980072,0.5421818494796753,0.1614958941936493,0.9999777674674988,0.9999902248382568,0.3052116632461548,0.5825670957565308,0.689706027507782,0.40812480449676514,0.9999896287918091,0.43239715695381165,0.6008551120758057,0.0661482885479927,0.9882794618606567,0.9999918937683105,0.31919679045677185,0.6244970560073853,0.7004178166389465,0.5910227298736572,0.9999707937240601,0.4457252025604248,0.6362869739532471,0.13303828239440918,0.9701696634292603,0.9999517202377319,0.3243257403373718,0.6304271221160889,0.7175440192222595,0.5406151413917542,0.9999316930770874,0.4622984528541565,0.6425402164459229,0.09887170791625977,0.9425389766693115,0.9998571872711182,0.3278171718120575,0.6324690580368042,0.6882099509239197,0.5332229137420654,0.9999314546585083,0.46397271752357483,0.6405056715011597,0.132439523935318,0.9361749291419983,0.9998493194580078,0.3267456293106079,0.6305447816848755,0.6838943958282471,0.5564543604850769,0.9999605417251587,0.45680707693099976,0.6390615105628967,0.1468883454799652,0.9265604615211487,0.999915361404419,0.24132230877876282,0.48458409309387207,0.1491137444972992,0.9999371767044067,0.9999353885650635,0.2649449110031128,0.4765588641166687,-0.14905990660190582,0.9999293088912964,0.9999836683273315,0.23427774012088776,0.5725428462028503,0.12523993849754333,0.8613423705101013,0.9995656609535217,0.09387295693159103,0.4943367838859558,-0.2566331923007965,0.9812068939208984,0.9998501539230347,0.20531783998012543,0.6043756008148193,0.07585166394710541,0.8382894396781921,0.9991832375526428,0.006745513994246721,0.47000852227211,-0.4003983438014984,0.930174708366394,0.9985320568084717,0.21041959524154663,0.6067540645599365,0.0632842481136322,0.9141070246696472,0.99897301197052,0.0029944824054837227,0.46137648820877075,-0.4171065390110016,0.931108295917511,0.996914267539978,0.22840696573257446,0.6206334829330444,0.054414283484220505,0.899167537689209,0.9974597096443176,-0.042595576494932175,0.4728359580039978,-0.5046220421791077,0.9327821731567383,0.9930610060691833
147,4998,True,0.41073697805404663,0.5627435445785522,0.3632217049598694,0.9998365044593811,0.9999929666519165,0.4186626374721527,0.5582727193832397,0.4074895977973938,0.9997159242630005,0.9999895095825195,0.4158725440502167,0.5570851564407349,0.40755128860473633,0.9997298121452332,0.9999896287918091,0.4144785702228546,0.5561304092407227,0.4076777994632721,0.9997292160987854,0.99998939037323,0.42280417680740356,0.5590020418167114,0.3660522401332855,0.9998319149017334,0.9999885559082031,0.42441612482070923,0.5585840940475464,0.3657996356487274,0.9998302459716797,0.999988317489624,0.4296325147151947,0.557695209980011,0.3659600019454956,0.9998123049736023,0.999987006187439,0.40794655680656433,0.5477020144462585,0.5253339409828186,0.999709963798523,0.9999852180480957,0.4291064441204071,0.549384355545044,0.3618496060371399,0.9998677968978882,0.9999784231185913,0.39773938059806824,0.5610371828079224,0.39986005425453186,0.9996125102043152,0.9999749660491943,0.4041823446750641,0.5590074062347412,0.34522172808647156,0.9996086955070496,0.9999713897705078,0.35572847723960876,0.5381975173950195,0.5777844190597534,0.9996562600135803,0.9998237490653992,0.40758582949638367,0.5399051904678345,0.14080744981765747,0.9999707341194153,0.9999293088912964,0.30644547939300537,0.5810841917991638,0.6489155888557434,0.3978217840194702,0.9999624490737915,0.42743685841560364,0.5959058403968811,0.03539516031742096,0.9857253432273865,0.9999608993530273,0.3216851055622101,0.6235501766204834,0.5981691479682922,0.586654543876648,0.9999372959136963,0.4451577961444855,0.6360561847686768,0.0978904440999031,0.9683833122253418,0.9998947381973267,0.3246086835861206,0.6305081844329834,0.6135908961296082,0.5364964008331299,0.9998832941055298,0.4640098512172699,0.6426021456718445,0.05840529873967171,0.9409857988357544,0.9997935891151428,0.32895275950431824,0.6323199272155762,0.579227864742279,0.5301516056060791,0.999879002571106,0.46604689955711365,0.6406883597373962,0.09152098745107651,0.9347032308578491,0.99978107213974,0.32815706729888916,0.6306518316268921,0.578725278377533,0.5523847341537476,0.9999219179153442,0.45758557319641113,0.6389950513839722,0.11036576330661774,0.924369752407074,0.999855637550354,0.2339732050895691,0.48272934556007385,0.14827516674995422,0.9998782873153687,0.9995937943458557,0.2514247000217438,0.47638964653015137,-0.14804741740226746,0.9999171495437622,0.9997950196266174,0.2348889261484146,0.5717946290969849,0.1107674390077591,0.8199340105056763,0.9994294047355652,0.14292868971824646,0.5393773317337036,-0.2527138888835907,0.9812920689582825,0.9997988343238831,0.20456001162528992,0.6340375542640686,0.0931335836648941,0.7998972535133362,0.9995766282081604,0.0611841194331646,0.5733364224433899,-0.3431520164012909,0.9299052953720093,0.9995146989822388,0.20331928133964539,0.6488450169563293,0.08213711529970169,0.8930973410606384,0.9994972944259644,0.05642593652009964,0.5760420560836792,-0.35936272144317627,0.9317351579666138,0.9991065859794617,0.21335169672966003,0.668596625328064,0.030227847397327423,0.8750234842300415,0.9991078972816467,0.04874890670180321,0.5944870710372925,-0.4862379729747772,0.932213544845581,0.9983453750610352
148,5032,True,0.4078492820262909,0.5560250878334045,0.3272814452648163,0.9998351335525513,0.999966025352478,0.41729381680488586,0.5538690090179443,0.3601091504096985,0.9997181296348572,0.9999488592147827,0.4147510528564453,0.5524367094039917,0.36014536023139954,0.999725878238678,0.9999513626098633,0.4134728014469147,0.5512111783027649,0.3602343201637268,0.9997361302375793,0.9999521970748901,0.41776520013809204,0.5538804531097412,0.31651028990745544,0.9998246431350708,0.9999363422393799,0.41798853874206543,0.5535356402397156,0.31638002395629883,0.9998151659965515,0.999931812286377,0.41947588324546814,0.553228497505188,0.3166157603263855,0.999805748462677,0.9999229907989502,0.40623655915260315,0.5427489876747131,0.44978681206703186,0.999704122543335,0.9999337196350098,0.4160386323928833,0.5457426309585571,0.2604169249534607,0.9998298287391663,0.9998657703399658,0.39306560158729553,0.555025577545166,0.3579521179199219,0.9995883107185364,0.9999008178710938,0.39524200558662415,0.5542412996292114,0.3001512587070465,0.9995579719543457,0.9998722076416016,0.35562893748283386,0.5318406224250793,0.5133348107337952,0.9995877742767334,0.9995642304420471,0.397012323141098,0.5373595356941223,0.08603321015834808,0.9999364018440247,0.9996931552886963,0.310895174741745,0.58039790391922,0.5475413203239441,0.38669002056121826,0.9998530149459839,0.41342684626579285,0.5920127034187317,-0.017940152436494827,0.9809793829917908,0.9998059868812561,0.34582987427711487,0.6228790879249573,0.4851456582546234,0.583371102809906,0.9998586177825928,0.4461643695831299,0.6358586549758911,0.04363906756043434,0.9651228189468384,0.9996905326843262,0.3526234030723572,0.629923939704895,0.49891793727874756,0.5352091193199158,0.9997884631156921,0.469548761844635,0.6426004767417908,0.002172686392441392,0.9387261867523193,0.9995198249816895,0.3546707332134247,0.6313349604606628,0.46917033195495605,0.5299399495124817,0.9997830986976624,0.47222596406936646,0.6406573057174683,0.03645958751440048,0.9325066804885864,0.9995201826095581,0.35828205943107605,0.6300662755966187,0.4675697386264801,0.5502510666847229,0.9998394250869751,0.4624832272529602,0.638984739780426,0.055962979793548584,0.9207093715667725,0.9996540546417236,0.22426122426986694,0.48214682936668396,0.14816616475582123,0.9995359778404236,0.9968020915985107,0.23438610136508942,0.47811636328697205,-0.1478831022977829,0.9996795654296875,0.9976563453674316,0.2350812554359436,0.5678152441978455,0.12094300240278244,0.7674519419670105,0.9985302686691284,0.21199250221252441,0.5609491467475891,-0.1845310777425766,0.9774682521820068,0.9990885257720947,0.18915818631649017,0.6283997297286987,0.1409287005662918,0.7518318891525269,0.998974084854126,0.15430854260921478,0.6249736547470093,-0.2273746132850647,0.9237335324287415,0.9987961053848267,0.17802779376506805,0.6351390480995178,0.1338658332824707,0.8585038781166077,0.998781144618988,0.13154098391532898,0.6337610483169556,-0.24033159017562866,0.9284250736236572,0.9981982111930847,0.2127593606710434,0.6572557687759399,0.07087536156177521,0.8392631411552429,0.9983723759651184,0.17207831144332886,0.6461659669876099,-0.3587992787361145,0.9269930720329285,0.99753737449646
149,5066,True,0.38715431094169617,0.5447903275489807,0.42411425709724426,0.9998483061790466,0.9999983310699463,0.3954247236251831,0.5417495965957642,0.46066147089004517,0.9997426867485046,0.9999970197677612,0.39466243982315063,0.5413316488265991,0.4606436789035797,0.9997488260269165,0.9999973773956299,0.3944967985153198,0.5411058068275452,0.4607745409011841,0.9997596740722656,0.9999974966049194,0.39781156182289124,0.5418180227279663,0.4223073720932007,0.99983811378479,0.9999955892562866,0.3994219899177551,0.5415898561477661,0.422080397605896,0.99982750415802,0.999995231628418,0.40144017338752747,0.5415293574333191,0.4223553538322449,0.9998205304145813,0.9999942779541016,0.38446444272994995,0.5349112749099731,0.5486883521080017,0.999728262424469,0.9999970197677612,0.40554606914520264,0.5357792973518372,0.377871572971344,0.9998341798782349,0.9999899864196777,0.37598490715026855,0.5414310693740845,0.4532760977745056,0.999622642993927,0.999995231628418,0.3794838488101959,0.5415788292884827,0.4020101726055145,0.999588668346405,0.9999923706054688,0.3257746398448944,0.5253673195838928,0.581534206867218,0.9996078014373779,0.999974250793457,0.39008966088294983,0.5300188660621643,0.20597031712532043,0.9999359250068665,0.9999673366546631,0.30281636118888855,0.577032208442688,0.6296303868293762,0.3858375549316406,0.999991774559021,0.4026576280593872,0.582332193851471,0.13997992873191833,0.9782180190086365,0.999969482421875,0.34460246562957764,0.6209834814071655,0.6318566203117371,0.5864436626434326,0.9999923706054688,0.4445958137512207,0.630955696105957,0.21578361093997955,0.9610683917999268,0.9999657869338989,0.3519918620586395,0.6286579370498657,0.6531343460083008,0.5379860997200012,0.9999865293502808,0.4675699472427368,0.6389433145523071,0.18779371678829193,0.9360445141792297,0.9999419450759888,0.3589279055595398,0.6304313540458679,0.6286439895629883,0.5326911807060242,0.9999867677688599,0.4698367118835449,0.637747049331665,0.22357237339019775,0.9296968579292297,0.9999423027038574,0.3563465476036072,0.6283764839172363,0.6183244585990906,0.5505200028419495,0.9999916553497314,0.4611361622810364,0.6363422274589539,0.23061150312423706,0.9157570004463196,0.9999610185623169,0.20203083753585815,0.48060423135757446,0.14628355205059052,0.9994978308677673,0.9997524619102478,0.22255569696426392,0.47801631689071655,-0.14578481018543243,0.9996241331100464,0.999848484992981,0.17929625511169434,0.5645814538002014,0.10560287535190582,0.7423460483551025,0.9998599290847778,0.23221825063228607,0.5633800029754639,-0.16905948519706726,0.9786731600761414,0.9999305009841919,0.16142719984054565,0.6429865956306458,0.09895087033510208,0.7220166325569153,0.9998929500579834,0.17868468165397644,0.6365938186645508,-0.244364395737648,0.9273280501365662,0.9998893737792969,0.1498793214559555,0.642735481262207,0.08818180114030838,0.8424860835075378,0.9998738765716553,0.15747928619384766,0.6614471673965454,-0.26069176197052,0.9329625368118286,0.9998314380645752,0.19072915613651276,0.6707446575164795,0.007102993316948414,0.8233376741409302,0.9997430443763733,0.21882016956806183,0.6730268001556396,-0.38609030842781067,0.9302879571914673,0.9997051358222961
150,5100,True,0.3876788318157196,0.5357474088668823,0.3853587210178375,0.9998587965965271,0.9999953508377075,0.3944094777107239,0.5329691171646118,0.4248582124710083,0.9997633099555969,0.9999905824661255,0.3940192461013794,0.5328100919723511,0.42490509152412415,0.9997678995132446,0.9999914169311523,0.3938705027103424,0.5328723192214966,0.42503485083580017,0.999779999256134,0.9999921321868896,0.3962837755680084,0.5328122973442078,0.3851301968097687,0.9998487830162048,0.9999867677688599,0.39755839109420776,0.5325454473495483,0.3848869204521179,0.9998369216918945,0.9999856948852539,0.39898040890693665,0.5324983596801758,0.3850916028022766,0.9998325109481812,0.9999833106994629,0.38554245233535767,0.5261086225509644,0.5197346806526184,0.999748706817627,0.9999909400939941,0.4028336703777313,0.5274661779403687,0.37306973338127136,0.9998351335525513,0.9999738931655884,0.3741951286792755,0.5349693298339844,0.4178445041179657,0.9996518492698669,0.9999914169311523,0.37745559215545654,0.534716010093689,0.3658832609653473,0.9996153116226196,0.9999866485595703,0.32565930485725403,0.5182349681854248,0.5534672737121582,0.9996317625045776,0.9999752044677734,0.3833307921886444,0.5215052962303162,0.17578431963920593,0.9999361038208008,0.9999737739562988,0.2956637740135193,0.5722514390945435,0.6000699996948242,0.39583835005760193,0.99998939037323,0.39737358689308167,0.5769153833389282,0.10551834106445312,0.9770792126655579,0.9999798536300659,0.34297841787338257,0.6156254410743713,0.5956807136535645,0.5931445360183716,0.9999896287918091,0.4417722523212433,0.625761866569519,0.1868961900472641,0.9579776525497437,0.9999743700027466,0.3532021641731262,0.622521698474884,0.6192187070846558,0.5425613522529602,0.9999822378158569,0.46437352895736694,0.6347609162330627,0.15770719945430756,0.9335347414016724,0.9999523162841797,0.3551006317138672,0.6269620656967163,0.5936599373817444,0.5370808839797974,0.9999823570251465,0.4640202522277832,0.6329792737960815,0.19416554272174835,0.927145779132843,0.9999527931213379,0.3532819449901581,0.6255454421043396,0.5823084712028503,0.5522935390472412,0.999988317489624,0.4570770263671875,0.6317742466926575,0.2011900097131729,0.9114937782287598,0.9999680519104004,0.18710681796073914,0.478365957736969,0.14234371483325958,0.9994895458221436,0.9997617602348328,0.20913009345531464,0.47711604833602905,-0.14183075726032257,0.999596357345581,0.9998373985290527,0.17228738963603973,0.5621522665023804,0.10302876681089401,0.7148243188858032,0.999879002571106,0.22319401800632477,0.5606658458709717,-0.15079426765441895,0.9799759387969971,0.9999411106109619,0.15330173075199127,0.6454535722732544,0.09044373035430908,0.7020595073699951,0.9999072551727295,0.1653854101896286,0.6480401754379272,-0.22391927242279053,0.9326843619346619,0.9998995065689087,0.14385385811328888,0.6428877711296082,0.08017623424530029,0.8292443156242371,0.9998831748962402,0.15103885531425476,0.6489707231521606,-0.2391843944787979,0.9381529092788696,0.9998302459716797,0.1859295517206192,0.672559380531311,0.003340383991599083,0.8130658864974976,0.9997981190681458,0.21560406684875488,0.6574712991714478,-0.3715822994709015,0.9351741075515747,0.9997372031211853
151,5134,True,0.3911422789096832,0.5327306985855103,0.34001919627189636,0.9998634457588196,0.9999847412109375,0.39687275886535645,0.5283023715019226,0.3719460368156433,0.9997773766517639,0.9999691247940063,0.3963911235332489,0.5284018516540527,0.37191951274871826,0.9997807145118713,0.9999717473983765,0.39612677693367004,0.5287114381790161,0.37196803092956543,0.9997947216033936,0.9999737739562988,0.3989180624485016,0.5277625918388367,0.33621901273727417,0.9998533129692078,0.9999586343765259,0.40013763308525085,0.5274852514266968,0.3360116481781006,0.9998396039009094,0.9999552965164185,0.40152037143707275,0.52745521068573,0.3362257778644562,0.9998382925987244,0.9999480247497559,0.3883120119571686,0.5236764550209045,0.461125910282135,0.9997612237930298,0.9999704360961914,0.40425288677215576,0.5237348079681396,0.30779555439949036,0.9998292922973633,0.9999185800552368,0.3784237205982208,0.5303725004196167,0.37059301137924194,0.9996728897094727,0.9999775886535645,0.38301244378089905,0.5277303457260132,0.32374677062034607,0.999632716178894,0.9999663829803467,0.32629406452178955,0.5153235197067261,0.5166473984718323,0.9996424317359924,0.9999305009841919,0.3871392607688904,0.5143841505050659,0.14896196126937866,0.9999342560768127,0.9999120235443115,0.2989708483219147,0.5694288015365601,0.5659011602401733,0.40251630544662476,0.9999725818634033,0.3972645699977875,0.5659418106079102,0.09404895454645157,0.9743787050247192,0.9999207258224487,0.34555870294570923,0.6158839464187622,0.5420551896095276,0.5977018475532532,0.9999724626541138,0.4389149248600006,0.6233252882957458,0.1756420135498047,0.9531343579292297,0.9999303817749023,0.369828999042511,0.621926486492157,0.5557681322097778,0.5459678769111633,0.9999505281448364,0.4602525532245636,0.6324256658554077,0.15635044872760773,0.92921382188797,0.9998669624328613,0.36740314960479736,0.6261324882507324,0.5306891798973083,0.5401071906089783,0.9999501705169678,0.4578096270561218,0.6293763518333435,0.17515741288661957,0.9227953553199768,0.9998712539672852,0.3683989942073822,0.6243973970413208,0.5275201797485352,0.5535570383071899,0.999967098236084,0.45289912819862366,0.6281833052635193,0.198721244931221,0.9051493406295776,0.9999082088470459,0.18526023626327515,0.4769465923309326,0.1370372176170349,0.9994186162948608,0.9993084669113159,0.20924924314022064,0.4767057001590729,-0.13667434453964233,0.999504566192627,0.9994292855262756,0.16845223307609558,0.5640648603439331,0.10227178037166595,0.689079999923706,0.9995777010917664,0.22236448526382446,0.5588311553001404,-0.1416361927986145,0.9784644246101379,0.9997966885566711,0.1439744234085083,0.6438404321670532,0.08224539458751678,0.6879421472549438,0.9995840191841125,0.15551944077014923,0.6398413181304932,-0.21997889876365662,0.9328553676605225,0.999647855758667,0.13764318823814392,0.6414771676063538,0.07153422385454178,0.8203734159469604,0.9995307922363281,0.1420937180519104,0.649277925491333,-0.23394066095352173,0.9376404285430908,0.9994421601295471,0.1663781851530075,0.6750305891036987,-0.004391995258629322,0.8055443167686462,0.9990831613540649,0.1828802525997162,0.6669298410415649,-0.3607010245323181,0.9343584179878235,0.9990339279174805
152,5168,True,0.38666200637817383,0.519024133682251,0.35634875297546387,0.9998704791069031,0.9999723434448242,0.38863271474838257,0.5168973207473755,0.3874762952327728,0.9997918009757996,0.9999333620071411,0.38846108317375183,0.5171958208084106,0.38736698031425476,0.9997940063476562,0.9999399185180664,0.3885078430175781,0.5176827907562256,0.3875140845775604,0.9998086094856262,0.9999420642852783,0.3901841342449188,0.5162400007247925,0.3555707335472107,0.9998593926429749,0.9999163150787354,0.3912152945995331,0.5160423517227173,0.35541626811027527,0.9998451471328735,0.9999114274978638,0.3981954753398895,0.5172632932662964,0.3555469214916229,0.9998458623886108,0.9998984336853027,0.3816661834716797,0.5119830369949341,0.46208474040031433,0.9997740387916565,0.9999356269836426,0.3964114189147949,0.5117655992507935,0.3303438127040863,0.9998305439949036,0.9998459815979004,0.3720528483390808,0.519684374332428,0.38503125309944153,0.9996963739395142,0.9999690055847168,0.3777543306350708,0.5160301327705383,0.3426574170589447,0.9996537566184998,0.9999526739120483,0.31565284729003906,0.505578875541687,0.5211208462715149,0.9996631741523743,0.9999443292617798,0.3853629529476166,0.5020493268966675,0.1639174371957779,0.9999365210533142,0.9999434947967529,0.2908358573913574,0.5589151978492737,0.5378109216690063,0.4147970378398895,0.9999678134918213,0.3755379617214203,0.5458872318267822,0.07435818761587143,0.9725214838981628,0.9999332427978516,0.34443697333335876,0.6079602241516113,0.4761981666088104,0.6156648397445679,0.9999656677246094,0.4061940014362335,0.6072198152542114,0.05961471050977707,0.9544680714607239,0.9999295473098755,0.3662124276161194,0.6151293516159058,0.4797983765602112,0.5627638101577759,0.9999386072158813,0.4154356122016907,0.6208565831184387,0.02783358283340931,0.9312712550163269,0.9998544454574585,0.36258357763290405,0.618706226348877,0.46153753995895386,0.5561659932136536,0.999942421913147,0.42008188366889954,0.6213334202766418,0.06343600153923035,0.9251775741577148,0.9998737573623657,0.3632251024246216,0.6167905330657959,0.4632083475589752,0.5660432577133179,0.9999629259109497,0.41459164023399353,0.6169636845588684,0.0760001540184021,0.9080484509468079,0.9999024868011475,0.16437435150146484,0.470938116312027,0.12583166360855103,0.9993525147438049,0.9988875985145569,0.2001720666885376,0.47402578592300415,-0.12600797414779663,0.9994145035743713,0.9993732571601868,0.16516812145709991,0.5666815042495728,0.09309200942516327,0.6950142979621887,0.9994723200798035,0.22493323683738708,0.5590217709541321,-0.12529519200325012,0.9791303873062134,0.9997730851173401,0.14298313856124878,0.6441408395767212,0.07905588299036026,0.7102398872375488,0.999495267868042,0.17213842272758484,0.6441472768783569,-0.18120227754116058,0.9374549984931946,0.9995297193527222,0.13729557394981384,0.6480451822280884,0.07005640119314194,0.8324085474014282,0.9994333386421204,0.15078821778297424,0.6546266674995422,-0.19028829038143158,0.9388716816902161,0.9993213415145874,0.15307961404323578,0.6739276647567749,-0.01543571799993515,0.8191564083099365,0.9990523457527161,0.19935181736946106,0.6687191128730774,-0.32078975439071655,0.9374801516532898,0.9989663362503052
